agent_subtype_key,node_set_key,node_key,skill_key,skill_level,effect_key,skill_source_path,skill_source_line,ability_key,binding_table,binding_source_path,binding_source_line,bonus_value_id,target_kind,target_key
wh2_main_hef_mage_high,wh2_main_skill_node_set_hef_mage_high,wh2_main_skill_node_hef_mage_high_magic_0,wh2_main_skill_all_magic_high_02_apotheosis,1,wh2_main_effect_ability_cooldown_apotheosis,data/skill_trees/characters/high_elves/Mage_High.csv,9,wh2_main_spell_high_magic_apotheosis,ability_bindings,data/effect_semantics/source_exports/db/effect_bonus_value_unit_ability_junctions_tables/data__.tsv,822,recharge_mod,ability,wh2_main_spell_high_magic_apotheosis
wh2_main_hef_mage_high,wh2_main_skill_node_set_hef_mage_high,wh2_main_skill_node_hef_mage_high_magic_0,wh2_main_skill_all_magic_high_02_apotheosis,1,wh2_main_effect_ability_overcast_apotheosis,data/skill_trees/characters/high_elves/Mage_High.csv,10,wh2_main_spell_high_magic_apotheosis,ability_bindings,data/effect_semantics/source_exports/db/effect_bonus_value_unit_ability_junctions_tables/data__.tsv,1268,enable_overchage,ability,wh2_main_spell_high_magic_apotheosis
wh2_main_hef_mage_high,wh2_main_skill_node_set_hef_mage_high,wh2_main_skill_node_hef_mage_high_magic_0,wh2_main_skill_all_magic_high_02_apotheosis,1,wh2_main_effect_ability_overcast_apotheosis,data/skill_trees/characters/high_elves/Mage_High.csv,10,wh2_main_spell_high_magic_apotheosis,ability_bindings,data/effect_semantics/source_exports/db/effect_bonus_value_unit_ability_junctions_tables/data__.tsv,1269,enable,ability,wh2_main_spell_high_magic_apotheosis
wh2_main_hef_mage_high,wh2_main_skill_node_set_hef_mage_high,wh2_main_skill_node_hef_mage_high_magic_0,wh2_main_skill_all_magic_high_02_apotheosis,2,wh2_main_effect_ability_cooldown_apotheosis,data/skill_trees/characters/high_elves/Mage_High.csv,11,wh2_main_spell_high_magic_apotheosis,ability_bindings,data/effect_semantics/source_exports/db/effect_bonus_value_unit_ability_junctions_tables/data__.tsv,822,recharge_mod,ability,wh2_main_spell_high_magic_apotheosis
wh2_main_hef_mage_high,wh2_main_skill_node_set_hef_mage_high,wh2_main_skill_node_hef_mage_high_magic_0,wh2_main_skill_all_magic_high_02_apotheosis,2,wh2_main_effect_ability_miscast_apotheosis_upgraded,data/skill_trees/characters/high_elves/Mage_High.csv,12,wh2_main_spell_high_magic_apotheosis_upgraded,ability_bindings,data/effect_semantics/source_exports/db/effect_bonus_value_unit_ability_junctions_tables/data__.tsv,1190,miscast_percentage_mod,ability,wh2_main_spell_high_magic_apotheosis_upgraded
wh2_main_hef_mage_high,wh2_main_skill_node_set_hef_mage_high,wh2_main_skill_node_hef_mage_high_magic_0,wh2_main_skill_all_magic_high_02_apotheosis,2,wh2_main_effect_ability_overcast_apotheosis,data/skill_trees/characters/high_elves/Mage_High.csv,13,wh2_main_spell_high_magic_apotheosis,ability_bindings,data/effect_semantics/source_exports/db/effect_bonus_value_unit_ability_junctions_tables/data__.tsv,1268,enable_overchage,ability,wh2_main_spell_high_magic_apotheosis
wh2_main_hef_mage_high,wh2_main_skill_node_set_hef_mage_high,wh2_main_skill_node_hef_mage_high_magic_0,wh2_main_skill_all_magic_high_02_apotheosis,2,wh2_main_effect_ability_overcast_apotheosis,data/skill_trees/characters/high_elves/Mage_High.csv,13,wh2_main_spell_high_magic_apotheosis,ability_bindings,data/effect_semantics/source_exports/db/effect_bonus_value_unit_ability_junctions_tables/data__.tsv,1269,enable,ability,wh2_main_spell_high_magic_apotheosis
wh2_main_hef_mage_high,wh2_main_skill_node_set_hef_mage_high,wh2_main_skill_node_hef_mage_high_magic_0,wh2_main_skill_all_magic_high_02_apotheosis,2,wh2_main_effect_ability_wom_cost_apotheosis,data/skill_trees/characters/high_elves/Mage_High.csv,14,wh2_main_spell_high_magic_apotheosis,ability_bindings,data/effect_semantics/source_exports/db/effect_bonus_value_unit_ability_junctions_tables/data__.tsv,1432,cost_mod,ability,wh2_main_spell_high_magic_apotheosis
wh2_main_hef_mage_high,wh2_main_skill_node_set_hef_mage_high,wh2_main_skill_node_hef_mage_high_magic_0,wh2_main_skill_all_magic_high_02_apotheosis,2,wh2_main_effect_ability_wom_cost_apotheosis_upgraded,data/skill_trees/characters/high_elves/Mage_High.csv,15,wh2_main_spell_high_magic_apotheosis_upgraded,ability_bindings,data/effect_semantics/source_exports/db/effect_bonus_value_unit_ability_junctions_tables/data__.tsv,1431,cost_mod,ability,wh2_main_spell_high_magic_apotheosis_upgraded
wh2_main_hef_mage_high,wh2_main_skill_node_set_hef_mage_high,wh2_main_skill_node_hef_mage_high_magic_1_2,wh2_main_skill_all_magic_high_03_lore_attribute,1,wh2_main_effect_ability_enable_shield_of_saphery,data/skill_trees/characters/high_elves/Mage_High.csv,139,wh2_main_lore_passive_shield_of_saphery,ability_bindings,data/effect_semantics/source_exports/db/effect_bonus_value_unit_ability_junctions_tables/data__.tsv,1145,enable,ability,wh2_main_lore_passive_shield_of_saphery
wh2_main_hef_mage_high,wh2_main_skill_node_set_hef_mage_high,wh2_main_skill_node_hef_mage_high_magic_1_1,wh2_main_skill_all_magic_high_04_hand_of_glory,1,wh2_main_effect_ability_enable_hand_of_glory,data/skill_trees/characters/high_elves/Mage_High.csv,159,wh2_main_spell_high_magic_hand_of_glory,ability_bindings,data/effect_semantics/source_exports/db/effect_bonus_value_unit_ability_junctions_tables/data__.tsv,1109,enable,ability,wh2_main_spell_high_magic_hand_of_glory
wh2_main_hef_mage_high,wh2_main_skill_node_set_hef_mage_high,wh2_main_skill_node_hef_mage_high_magic_1_1,wh2_main_skill_all_magic_high_04_hand_of_glory,2,wh2_main_effect_ability_cooldown_hand_of_glory,data/skill_trees/characters/high_elves/Mage_High.csv,160,wh2_main_spell_high_magic_hand_of_glory,ability_bindings,data/effect_semantics/source_exports/db/effect_bonus_value_unit_ability_junctions_tables/data__.tsv,834,recharge_mod,ability,wh2_main_spell_high_magic_hand_of_glory
wh2_main_hef_mage_high,wh2_main_skill_node_set_hef_mage_high,wh2_main_skill_node_hef_mage_high_magic_1_1,wh2_main_skill_all_magic_high_04_hand_of_glory,2,wh2_main_effect_ability_overcast_hand_of_glory,data/skill_trees/characters/high_elves/Mage_High.csv,161,wh2_main_spell_high_magic_hand_of_glory,ability_bindings,data/effect_semantics/source_exports/db/effect_bonus_value_unit_ability_junctions_tables/data__.tsv,1334,enable_overchage,ability,wh2_main_spell_high_magic_hand_of_glory
wh2_main_hef_mage_high,wh2_main_skill_node_set_hef_mage_high,wh2_main_skill_node_hef_mage_high_magic_1_1,wh2_main_skill_all_magic_high_04_hand_of_glory,2,wh2_main_effect_ability_overcast_hand_of_glory,data/skill_trees/characters/high_elves/Mage_High.csv,161,wh2_main_spell_high_magic_hand_of_glory,ability_bindings,data/effect_semantics/source_exports/db/effect_bonus_value_unit_ability_junctions_tables/data__.tsv,1335,enable,ability,wh2_main_spell_high_magic_hand_of_glory
wh2_main_hef_mage_high,wh2_main_skill_node_set_hef_mage_high,wh2_main_skill_node_hef_mage_high_magic_1_1,wh2_main_skill_all_magic_high_04_hand_of_glory,3,wh2_main_effect_ability_cooldown_hand_of_glory,data/skill_trees/characters/high_elves/Mage_High.csv,162,wh2_main_spell_high_magic_hand_of_glory,ability_bindings,data/effect_semantics/source_exports/db/effect_bonus_value_unit_ability_junctions_tables/data__.tsv,834,recharge_mod,ability,wh2_main_spell_high_magic_hand_of_glory
wh2_main_hef_mage_high,wh2_main_skill_node_set_hef_mage_high,wh2_main_skill_node_hef_mage_high_magic_1_1,wh2_main_skill_all_magic_high_04_hand_of_glory,3,wh2_main_effect_ability_miscast_hand_of_glory_upgraded,data/skill_trees/characters/high_elves/Mage_High.csv,163,wh2_main_spell_high_magic_hand_of_glory_upgraded,ability_bindings,data/effect_semantics/source_exports/db/effect_bonus_value_unit_ability_junctions_tables/data__.tsv,1223,miscast_percentage_mod,ability,wh2_main_spell_high_magic_hand_of_glory_upgraded
wh2_main_hef_mage_high,wh2_main_skill_node_set_hef_mage_high,wh2_main_skill_node_hef_mage_high_magic_1_1,wh2_main_skill_all_magic_high_04_hand_of_glory,3,wh2_main_effect_ability_overcast_hand_of_glory,data/skill_trees/characters/high_elves/Mage_High.csv,164,wh2_main_spell_high_magic_hand_of_glory,ability_bindings,data/effect_semantics/source_exports/db/effect_bonus_value_unit_ability_junctions_tables/data__.tsv,1334,enable_overchage,ability,wh2_main_spell_high_magic_hand_of_glory
wh2_main_hef_mage_high,wh2_main_skill_node_set_hef_mage_high,wh2_main_skill_node_hef_mage_high_magic_1_1,wh2_main_skill_all_magic_high_04_hand_of_glory,3,wh2_main_effect_ability_overcast_hand_of_glory,data/skill_trees/characters/high_elves/Mage_High.csv,164,wh2_main_spell_high_magic_hand_of_glory,ability_bindings,data/effect_semantics/source_exports/db/effect_bonus_value_unit_ability_junctions_tables/data__.tsv,1335,enable,ability,wh2_main_spell_high_magic_hand_of_glory
wh2_main_hef_mage_high,wh2_main_skill_node_set_hef_mage_high,wh2_main_skill_node_hef_mage_high_magic_1_1,wh2_main_skill_all_magic_high_04_hand_of_glory,3,wh2_main_effect_ability_wom_cost_hand_of_glory,data/skill_trees/characters/high_elves/Mage_High.csv,165,wh2_main_spell_high_magic_hand_of_glory,ability_bindings,data/effect_semantics/source_exports/db/effect_bonus_value_unit_ability_junctions_tables/data__.tsv,1508,cost_mod,ability,wh2_main_spell_high_magic_hand_of_glory
wh2_main_hef_mage_high,wh2_main_skill_node_set_hef_mage_high,wh2_main_skill_node_hef_mage_high_magic_1_1,wh2_main_skill_all_magic_high_04_hand_of_glory,3,wh2_main_effect_ability_wom_cost_hand_of_glory_upgraded,data/skill_trees/characters/high_elves/Mage_High.csv,166,wh2_main_spell_high_magic_hand_of_glory_upgraded,ability_bindings,data/effect_semantics/source_exports/db/effect_bonus_value_unit_ability_junctions_tables/data__.tsv,1507,cost_mod,ability,wh2_main_spell_high_magic_hand_of_glory_upgraded
wh2_main_hef_mage_high,wh2_main_skill_node_set_hef_mage_high,wh3_dlc27_skill_node_hef_mage_high_unique_1,wh3_dlc27_skill_hef_mage_student_of_the_white_tower,1,wh2_dlc12_effect_magic_cooldown_all_lores,data/skill_trees/characters/high_elves/Mage_High.csv,181,,ability_group_bindings,data/effect_semantics/source_exports/db/effect_bonus_value_special_ability_group_junctions_tables/data__.tsv,11,recharge_rate_percentage_mod,ability_group,wh2_dlc09_lore_nehekhara
wh2_main_hef_mage_high,wh2_main_skill_node_set_hef_mage_high,wh3_dlc27_skill_node_hef_mage_high_unique_1,wh3_dlc27_skill_hef_mage_student_of_the_white_tower,1,wh2_dlc12_effect_magic_cooldown_all_lores,data/skill_trees/characters/high_elves/Mage_High.csv,181,,ability_group_bindings,data/effect_semantics/source_exports/db/effect_bonus_value_special_ability_group_junctions_tables/data__.tsv,12,recharge_rate_percentage_mod,ability_group,wh2_dlc09_lore_nehekhara_upgraded
wh2_main_hef_mage_high,wh2_main_skill_node_set_hef_mage_high,wh3_dlc27_skill_node_hef_mage_high_unique_1,wh3_dlc27_skill_hef_mage_student_of_the_white_tower,1,wh2_dlc12_effect_magic_cooldown_all_lores,data/skill_trees/characters/high_elves/Mage_High.csv,181,,ability_group_bindings,data/effect_semantics/source_exports/db/effect_bonus_value_special_ability_group_junctions_tables/data__.tsv,13,recharge_rate_percentage_mod,ability_group,wh2_dlc11_lore_deep
wh2_main_hef_mage_high,wh2_main_skill_node_set_hef_mage_high,wh3_dlc27_skill_node_hef_mage_high_unique_1,wh3_dlc27_skill_hef_mage_student_of_the_white_tower,1,wh2_dlc12_effect_magic_cooldown_all_lores,data/skill_trees/characters/high_elves/Mage_High.csv,181,,ability_group_bindings,data/effect_semantics/source_exports/db/effect_bonus_value_special_ability_group_junctions_tables/data__.tsv,14,recharge_rate_percentage_mod,ability_group,wh2_dlc11_lore_deep_upgraded
wh2_main_hef_mage_high,wh2_main_skill_node_set_hef_mage_high,wh3_dlc27_skill_node_hef_mage_high_unique_1,wh3_dlc27_skill_hef_mage_student_of_the_white_tower,1,wh2_dlc12_effect_magic_cooldown_all_lores,data/skill_trees/characters/high_elves/Mage_High.csv,181,,ability_group_bindings,data/effect_semantics/source_exports/db/effect_bonus_value_special_ability_group_junctions_tables/data__.tsv,15,recharge_rate_percentage_mod,ability_group,wh2_dlc12_lore_lord_kroak
wh2_main_hef_mage_high,wh2_main_skill_node_set_hef_mage_high,wh3_dlc27_skill_node_hef_mage_high_unique_1,wh3_dlc27_skill_hef_mage_student_of_the_white_tower,1,wh2_dlc12_effect_magic_cooldown_all_lores,data/skill_trees/characters/high_elves/Mage_High.csv,181,,ability_group_bindings,data/effect_semantics/source_exports/db/effect_bonus_value_special_ability_group_junctions_tables/data__.tsv,16,recharge_rate_percentage_mod,ability_group,wh2_dlc14_lore_stealth
wh2_main_hef_mage_high,wh2_main_skill_node_set_hef_mage_high,wh3_dlc27_skill_node_hef_mage_high_unique_1,wh3_dlc27_skill_hef_mage_student_of_the_white_tower,1,wh2_dlc12_effect_magic_cooldown_all_lores,data/skill_trees/characters/high_elves/Mage_High.csv,181,,ability_group_bindings,data/effect_semantics/source_exports/db/effect_bonus_value_special_ability_group_junctions_tables/data__.tsv,17,recharge_rate_percentage_mod,ability_group,wh2_dlc14_lore_stealth_upgraded
wh2_main_hef_mage_high,wh2_main_skill_node_set_hef_mage_high,wh3_dlc27_skill_node_hef_mage_high_unique_1,wh3_dlc27_skill_hef_mage_student_of_the_white_tower,1,wh2_dlc12_effect_magic_cooldown_all_lores,data/skill_trees/characters/high_elves/Mage_High.csv,181,,ability_group_bindings,data/effect_semantics/source_exports/db/effect_bonus_value_special_ability_group_junctions_tables/data__.tsv,18,recharge_rate_percentage_mod,ability_group,wh2_main_lore_dark_magic
wh2_main_hef_mage_high,wh2_main_skill_node_set_hef_mage_high,wh3_dlc27_skill_node_hef_mage_high_unique_1,wh3_dlc27_skill_hef_mage_student_of_the_white_tower,1,wh2_dlc12_effect_magic_cooldown_all_lores,data/skill_trees/characters/high_elves/Mage_High.csv,181,,ability_group_bindings,data/effect_semantics/source_exports/db/effect_bonus_value_special_ability_group_junctions_tables/data__.tsv,19,recharge_rate_percentage_mod,ability_group,wh2_main_lore_dark_magic_upgraded
wh2_main_hef_mage_high,wh2_main_skill_node_set_hef_mage_high,wh3_dlc27_skill_node_hef_mage_high_unique_1,wh3_dlc27_skill_hef_mage_student_of_the_white_tower,1,wh2_dlc12_effect_magic_cooldown_all_lores,data/skill_trees/characters/high_elves/Mage_High.csv,181,,ability_group_bindings,data/effect_semantics/source_exports/db/effect_bonus_value_special_ability_group_junctions_tables/data__.tsv,20,recharge_rate_percentage_mod,ability_group,wh2_main_lore_high_magic
wh2_main_hef_mage_high,wh2_main_skill_node_set_hef_mage_high,wh3_dlc27_skill_node_hef_mage_high_unique_1,wh3_dlc27_skill_hef_mage_student_of_the_white_tower,1,wh2_dlc12_effect_magic_cooldown_all_lores,data/skill_trees/characters/high_elves/Mage_High.csv,181,,ability_group_bindings,data/effect_semantics/source_exports/db/effect_bonus_value_special_ability_group_junctions_tables/data__.tsv,21,recharge_rate_percentage_mod,ability_group,wh2_main_lore_high_magic_upgraded
wh2_main_hef_mage_high,wh2_main_skill_node_set_hef_mage_high,wh3_dlc27_skill_node_hef_mage_high_unique_1,wh3_dlc27_skill_hef_mage_student_of_the_white_tower,1,wh2_dlc12_effect_magic_cooldown_all_lores,data/skill_trees/characters/high_elves/Mage_High.csv,181,,ability_group_bindings,data/effect_semantics/source_exports/db/effect_bonus_value_special_ability_group_junctions_tables/data__.tsv,22,recharge_rate_percentage_mod,ability_group,wh2_main_lore_plague
wh2_main_hef_mage_high,wh2_main_skill_node_set_hef_mage_high,wh3_dlc27_skill_node_hef_mage_high_unique_1,wh3_dlc27_skill_hef_mage_student_of_the_white_tower,1,wh2_dlc12_effect_magic_cooldown_all_lores,data/skill_trees/characters/high_elves/Mage_High.csv,181,,ability_group_bindings,data/effect_semantics/source_exports/db/effect_bonus_value_special_ability_group_junctions_tables/data__.tsv,23,recharge_rate_percentage_mod,ability_group,wh2_main_lore_plague_upgraded
wh2_main_hef_mage_high,wh2_main_skill_node_set_hef_mage_high,wh3_dlc27_skill_node_hef_mage_high_unique_1,wh3_dlc27_skill_hef_mage_student_of_the_white_tower,1,wh2_dlc12_effect_magic_cooldown_all_lores,data/skill_trees/characters/high_elves/Mage_High.csv,181,,ability_group_bindings,data/effect_semantics/source_exports/db/effect_bonus_value_special_ability_group_junctions_tables/data__.tsv,24,recharge_rate_percentage_mod,ability_group,wh2_main_lore_ruin
wh2_main_hef_mage_high,wh2_main_skill_node_set_hef_mage_high,wh3_dlc27_skill_node_hef_mage_high_unique_1,wh3_dlc27_skill_hef_mage_student_of_the_white_tower,1,wh2_dlc12_effect_magic_cooldown_all_lores,data/skill_trees/characters/high_elves/Mage_High.csv,181,,ability_group_bindings,data/effect_semantics/source_exports/db/effect_bonus_value_special_ability_group_junctions_tables/data__.tsv,25,recharge_rate_percentage_mod,ability_group,wh2_main_lore_ruin_upgraded
wh2_main_hef_mage_high,wh2_main_skill_node_set_hef_mage_high,wh3_dlc27_skill_node_hef_mage_high_unique_1,wh3_dlc27_skill_hef_mage_student_of_the_white_tower,1,wh2_dlc12_effect_magic_cooldown_all_lores,data/skill_trees/characters/high_elves/Mage_High.csv,181,,ability_group_bindings,data/effect_semantics/source_exports/db/effect_bonus_value_special_ability_group_junctions_tables/data__.tsv,26,recharge_rate_percentage_mod,ability_group,wh3_cp1_all_lore_spell_variations
wh2_main_hef_mage_high,wh2_main_skill_node_set_hef_mage_high,wh3_dlc27_skill_node_hef_mage_high_unique_1,wh3_dlc27_skill_hef_mage_student_of_the_white_tower,1,wh2_dlc12_effect_magic_cooldown_all_lores,data/skill_trees/characters/high_elves/Mage_High.csv,181,,ability_group_bindings,data/effect_semantics/source_exports/db/effect_bonus_value_special_ability_group_junctions_tables/data__.tsv,27,recharge_rate_percentage_mod,ability_group,wh3_dlc23_lore_hashut
wh2_main_hef_mage_high,wh2_main_skill_node_set_hef_mage_high,wh3_dlc27_skill_node_hef_mage_high_unique_1,wh3_dlc27_skill_hef_mage_student_of_the_white_tower,1,wh2_dlc12_effect_magic_cooldown_all_lores,data/skill_trees/characters/high_elves/Mage_High.csv,181,,ability_group_bindings,data/effect_semantics/source_exports/db/effect_bonus_value_special_ability_group_junctions_tables/data__.tsv,28,recharge_rate_percentage_mod,ability_group,wh3_dlc23_lore_hashut_upgraded
wh2_main_hef_mage_high,wh2_main_skill_node_set_hef_mage_high,wh3_dlc27_skill_node_hef_mage_high_unique_1,wh3_dlc27_skill_hef_mage_student_of_the_white_tower,1,wh2_dlc12_effect_magic_cooldown_all_lores,data/skill_trees/characters/high_elves/Mage_High.csv,181,,ability_group_bindings,data/effect_semantics/source_exports/db/effect_bonus_value_special_ability_group_junctions_tables/data__.tsv,29,recharge_rate_percentage_mod,ability_group,wh3_dlc24_lore_hag
wh2_main_hef_mage_high,wh2_main_skill_node_set_hef_mage_high,wh3_dlc27_skill_node_hef_mage_high_unique_1,wh3_dlc27_skill_hef_mage_student_of_the_white_tower,1,wh2_dlc12_effect_magic_cooldown_all_lores,data/skill_trees/characters/high_elves/Mage_High.csv,181,,ability_group_bindings,data/effect_semantics/source_exports/db/effect_bonus_value_special_ability_group_junctions_tables/data__.tsv,30,recharge_rate_percentage_mod,ability_group,wh3_dlc24_lore_hag_upgraded
wh2_main_hef_mage_high,wh2_main_skill_node_set_hef_mage_high,wh3_dlc27_skill_node_hef_mage_high_unique_1,wh3_dlc27_skill_hef_mage_student_of_the_white_tower,1,wh2_dlc12_effect_magic_cooldown_all_lores,data/skill_trees/characters/high_elves/Mage_High.csv,181,,ability_group_bindings,data/effect_semantics/source_exports/db/effect_bonus_value_special_ability_group_junctions_tables/data__.tsv,31,recharge_rate_percentage_mod,ability_group,wh3_dlc27_lore_mists
wh2_main_hef_mage_high,wh2_main_skill_node_set_hef_mage_high,wh3_dlc27_skill_node_hef_mage_high_unique_1,wh3_dlc27_skill_hef_mage_student_of_the_white_tower,1,wh2_dlc12_effect_magic_cooldown_all_lores,data/skill_trees/characters/high_elves/Mage_High.csv,181,,ability_group_bindings,data/effect_semantics/source_exports/db/effect_bonus_value_special_ability_group_junctions_tables/data__.tsv,32,recharge_rate_percentage_mod,ability_group,wh3_dlc27_lore_mists_upgraded
wh2_main_hef_mage_high,wh2_main_skill_node_set_hef_mage_high,wh3_dlc27_skill_node_hef_mage_high_unique_1,wh3_dlc27_skill_hef_mage_student_of_the_white_tower,1,wh2_dlc12_effect_magic_cooldown_all_lores,data/skill_trees/characters/high_elves/Mage_High.csv,181,,ability_group_bindings,data/effect_semantics/source_exports/db/effect_bonus_value_special_ability_group_junctions_tables/data__.tsv,33,recharge_rate_percentage_mod,ability_group,wh3_dlc29_lore_undeath
wh2_main_hef_mage_high,wh2_main_skill_node_set_hef_mage_high,wh3_dlc27_skill_node_hef_mage_high_unique_1,wh3_dlc27_skill_hef_mage_student_of_the_white_tower,1,wh2_dlc12_effect_magic_cooldown_all_lores,data/skill_trees/characters/high_elves/Mage_High.csv,181,,ability_group_bindings,data/effect_semantics/source_exports/db/effect_bonus_value_special_ability_group_junctions_tables/data__.tsv,34,recharge_rate_percentage_mod,ability_group,wh3_dlc29_lore_undeath_upgraded
wh2_main_hef_mage_high,wh2_main_skill_node_set_hef_mage_high,wh3_dlc27_skill_node_hef_mage_high_unique_1,wh3_dlc27_skill_hef_mage_student_of_the_white_tower,1,wh2_dlc12_effect_magic_cooldown_all_lores,data/skill_trees/characters/high_elves/Mage_High.csv,181,,ability_group_bindings,data/effect_semantics/source_exports/db/effect_bonus_value_special_ability_group_junctions_tables/data__.tsv,35,recharge_rate_percentage_mod,ability_group,wh3_main_lore_nurgle
wh2_main_hef_mage_high,wh2_main_skill_node_set_hef_mage_high,wh3_dlc27_skill_node_hef_mage_high_unique_1,wh3_dlc27_skill_hef_mage_student_of_the_white_tower,1,wh2_dlc12_effect_magic_cooldown_all_lores,data/skill_trees/characters/high_elves/Mage_High.csv,181,,ability_group_bindings,data/effect_semantics/source_exports/db/effect_bonus_value_special_ability_group_junctions_tables/data__.tsv,36,recharge_rate_percentage_mod,ability_group,wh3_main_lore_nurgle_upgraded
wh2_main_hef_mage_high,wh2_main_skill_node_set_hef_mage_high,wh3_dlc27_skill_node_hef_mage_high_unique_1,wh3_dlc27_skill_hef_mage_student_of_the_white_tower,1,wh2_dlc12_effect_magic_cooldown_all_lores,data/skill_trees/characters/high_elves/Mage_High.csv,181,,ability_group_bindings,data/effect_semantics/source_exports/db/effect_bonus_value_special_ability_group_junctions_tables/data__.tsv,37,recharge_rate_percentage_mod,ability_group,wh3_main_lore_of_great_maw
wh2_main_hef_mage_high,wh2_main_skill_node_set_hef_mage_high,wh3_dlc27_skill_node_hef_mage_high_unique_1,wh3_dlc27_skill_hef_mage_student_of_the_white_tower,1,wh2_dlc12_effect_magic_cooldown_all_lores,data/skill_trees/characters/high_elves/Mage_High.csv,181,,ability_group_bindings,data/effect_semantics/source_exports/db/effect_bonus_value_special_ability_group_junctions_tables/data__.tsv,38,recharge_rate_percentage_mod,ability_group,wh3_main_lore_of_great_maw_upgraded
wh2_main_hef_mage_high,wh2_main_skill_node_set_hef_mage_high,wh3_dlc27_skill_node_hef_mage_high_unique_1,wh3_dlc27_skill_hef_mage_student_of_the_white_tower,1,wh2_dlc12_effect_magic_cooldown_all_lores,data/skill_trees/characters/high_elves/Mage_High.csv,181,,ability_group_bindings,data/effect_semantics/source_exports/db/effect_bonus_value_special_ability_group_junctions_tables/data__.tsv,39,recharge_rate_percentage_mod,ability_group,wh3_main_lore_of_ice
wh2_main_hef_mage_high,wh2_main_skill_node_set_hef_mage_high,wh3_dlc27_skill_node_hef_mage_high_unique_1,wh3_dlc27_skill_hef_mage_student_of_the_white_tower,1,wh2_dlc12_effect_magic_cooldown_all_lores,data/skill_trees/characters/high_elves/Mage_High.csv,181,,ability_group_bindings,data/effect_semantics/source_exports/db/effect_bonus_value_special_ability_group_junctions_tables/data__.tsv,40,recharge_rate_percentage_mod,ability_group,wh3_main_lore_of_ice_upgraded
wh2_main_hef_mage_high,wh2_main_skill_node_set_hef_mage_high,wh3_dlc27_skill_node_hef_mage_high_unique_1,wh3_dlc27_skill_hef_mage_student_of_the_white_tower,1,wh2_dlc12_effect_magic_cooldown_all_lores,data/skill_trees/characters/high_elves/Mage_High.csv,181,,ability_group_bindings,data/effect_semantics/source_exports/db/effect_bonus_value_special_ability_group_junctions_tables/data__.tsv,41,recharge_rate_percentage_mod,ability_group,wh3_main_lore_of_tempest
wh2_main_hef_mage_high,wh2_main_skill_node_set_hef_mage_high,wh3_dlc27_skill_node_hef_mage_high_unique_1,wh3_dlc27_skill_hef_mage_student_of_the_white_tower,1,wh2_dlc12_effect_magic_cooldown_all_lores,data/skill_trees/characters/high_elves/Mage_High.csv,181,,ability_group_bindings,data/effect_semantics/source_exports/db/effect_bonus_value_special_ability_group_junctions_tables/data__.tsv,42,recharge_rate_percentage_mod,ability_group,wh3_main_lore_of_tempest_upgraded
wh2_main_hef_mage_high,wh2_main_skill_node_set_hef_mage_high,wh3_dlc27_skill_node_hef_mage_high_unique_1,wh3_dlc27_skill_hef_mage_student_of_the_white_tower,1,wh2_dlc12_effect_magic_cooldown_all_lores,data/skill_trees/characters/high_elves/Mage_High.csv,181,,ability_group_bindings,data/effect_semantics/source_exports/db/effect_bonus_value_special_ability_group_junctions_tables/data__.tsv,43,recharge_rate_percentage_mod,ability_group,wh3_main_lore_of_yang
wh2_main_hef_mage_high,wh2_main_skill_node_set_hef_mage_high,wh3_dlc27_skill_node_hef_mage_high_unique_1,wh3_dlc27_skill_hef_mage_student_of_the_white_tower,1,wh2_dlc12_effect_magic_cooldown_all_lores,data/skill_trees/characters/high_elves/Mage_High.csv,181,,ability_group_bindings,data/effect_semantics/source_exports/db/effect_bonus_value_special_ability_group_junctions_tables/data__.tsv,44,recharge_rate_percentage_mod,ability_group,wh3_main_lore_of_yang_upgraded
wh2_main_hef_mage_high,wh2_main_skill_node_set_hef_mage_high,wh3_dlc27_skill_node_hef_mage_high_unique_1,wh3_dlc27_skill_hef_mage_student_of_the_white_tower,1,wh2_dlc12_effect_magic_cooldown_all_lores,data/skill_trees/characters/high_elves/Mage_High.csv,181,,ability_group_bindings,data/effect_semantics/source_exports/db/effect_bonus_value_special_ability_group_junctions_tables/data__.tsv,45,recharge_rate_percentage_mod,ability_group,wh3_main_lore_of_yin
wh2_main_hef_mage_high,wh2_main_skill_node_set_hef_mage_high,wh3_dlc27_skill_node_hef_mage_high_unique_1,wh3_dlc27_skill_hef_mage_student_of_the_white_tower,1,wh2_dlc12_effect_magic_cooldown_all_lores,data/skill_trees/characters/high_elves/Mage_High.csv,181,,ability_group_bindings,data/effect_semantics/source_exports/db/effect_bonus_value_special_ability_group_junctions_tables/data__.tsv,46,recharge_rate_percentage_mod,ability_group,wh3_main_lore_of_yin_upgraded
wh2_main_hef_mage_high,wh2_main_skill_node_set_hef_mage_high,wh3_dlc27_skill_node_hef_mage_high_unique_1,wh3_dlc27_skill_hef_mage_student_of_the_white_tower,1,wh2_dlc12_effect_magic_cooldown_all_lores,data/skill_trees/characters/high_elves/Mage_High.csv,181,,ability_group_bindings,data/effect_semantics/source_exports/db/effect_bonus_value_special_ability_group_junctions_tables/data__.tsv,47,recharge_rate_percentage_mod,ability_group,wh3_main_lore_slaanesh
wh2_main_hef_mage_high,wh2_main_skill_node_set_hef_mage_high,wh3_dlc27_skill_node_hef_mage_high_unique_1,wh3_dlc27_skill_hef_mage_student_of_the_white_tower,1,wh2_dlc12_effect_magic_cooldown_all_lores,data/skill_trees/characters/high_elves/Mage_High.csv,181,,ability_group_bindings,data/effect_semantics/source_exports/db/effect_bonus_value_special_ability_group_junctions_tables/data__.tsv,48,recharge_rate_percentage_mod,ability_group,wh3_main_lore_slaanesh_upgraded
wh2_main_hef_mage_high,wh2_main_skill_node_set_hef_mage_high,wh3_dlc27_skill_node_hef_mage_high_unique_1,wh3_dlc27_skill_hef_mage_student_of_the_white_tower,1,wh2_dlc12_effect_magic_cooldown_all_lores,data/skill_trees/characters/high_elves/Mage_High.csv,181,,ability_group_bindings,data/effect_semantics/source_exports/db/effect_bonus_value_special_ability_group_junctions_tables/data__.tsv,49,recharge_rate_percentage_mod,ability_group,wh3_main_lore_tzeentch
wh2_main_hef_mage_high,wh2_main_skill_node_set_hef_mage_high,wh3_dlc27_skill_node_hef_mage_high_unique_1,wh3_dlc27_skill_hef_mage_student_of_the_white_tower,1,wh2_dlc12_effect_magic_cooldown_all_lores,data/skill_trees/characters/high_elves/Mage_High.csv,181,,ability_group_bindings,data/effect_semantics/source_exports/db/effect_bonus_value_special_ability_group_junctions_tables/data__.tsv,50,recharge_rate_percentage_mod,ability_group,wh3_main_lore_tzeentch_upgraded
wh2_main_hef_mage_high,wh2_main_skill_node_set_hef_mage_high,wh3_dlc27_skill_node_hef_mage_high_unique_1,wh3_dlc27_skill_hef_mage_student_of_the_white_tower,1,wh2_dlc12_effect_magic_cooldown_all_lores,data/skill_trees/characters/high_elves/Mage_High.csv,181,,ability_group_bindings,data/effect_semantics/source_exports/db/effect_bonus_value_special_ability_group_junctions_tables/data__.tsv,51,recharge_rate_percentage_mod,ability_group,wh_dlc03_lore_beasts
wh2_main_hef_mage_high,wh2_main_skill_node_set_hef_mage_high,wh3_dlc27_skill_node_hef_mage_high_unique_1,wh3_dlc27_skill_hef_mage_student_of_the_white_tower,1,wh2_dlc12_effect_magic_cooldown_all_lores,data/skill_trees/characters/high_elves/Mage_High.csv,181,,ability_group_bindings,data/effect_semantics/source_exports/db/effect_bonus_value_special_ability_group_junctions_tables/data__.tsv,52,recharge_rate_percentage_mod,ability_group,wh_dlc03_lore_beasts_upgraded
wh2_main_hef_mage_high,wh2_main_skill_node_set_hef_mage_high,wh3_dlc27_skill_node_hef_mage_high_unique_1,wh3_dlc27_skill_hef_mage_student_of_the_white_tower,1,wh2_dlc12_effect_magic_cooldown_all_lores,data/skill_trees/characters/high_elves/Mage_High.csv,181,,ability_group_bindings,data/effect_semantics/source_exports/db/effect_bonus_value_special_ability_group_junctions_tables/data__.tsv,53,recharge_rate_percentage_mod,ability_group,wh_dlc03_lore_wild
wh2_main_hef_mage_high,wh2_main_skill_node_set_hef_mage_high,wh3_dlc27_skill_node_hef_mage_high_unique_1,wh3_dlc27_skill_hef_mage_student_of_the_white_tower,1,wh2_dlc12_effect_magic_cooldown_all_lores,data/skill_trees/characters/high_elves/Mage_High.csv,181,,ability_group_bindings,data/effect_semantics/source_exports/db/effect_bonus_value_special_ability_group_junctions_tables/data__.tsv,54,recharge_rate_percentage_mod,ability_group,wh_dlc03_lore_wild_upgraded
wh2_main_hef_mage_high,wh2_main_skill_node_set_hef_mage_high,wh3_dlc27_skill_node_hef_mage_high_unique_1,wh3_dlc27_skill_hef_mage_student_of_the_white_tower,1,wh2_dlc12_effect_magic_cooldown_all_lores,data/skill_trees/characters/high_elves/Mage_High.csv,181,,ability_group_bindings,data/effect_semantics/source_exports/db/effect_bonus_value_special_ability_group_junctions_tables/data__.tsv,55,recharge_rate_percentage_mod,ability_group,wh_dlc05_lore_life
wh2_main_hef_mage_high,wh2_main_skill_node_set_hef_mage_high,wh3_dlc27_skill_node_hef_mage_high_unique_1,wh3_dlc27_skill_hef_mage_student_of_the_white_tower,1,wh2_dlc12_effect_magic_cooldown_all_lores,data/skill_trees/characters/high_elves/Mage_High.csv,181,,ability_group_bindings,data/effect_semantics/source_exports/db/effect_bonus_value_special_ability_group_junctions_tables/data__.tsv,56,recharge_rate_percentage_mod,ability_group,wh_dlc05_lore_life_upgraded
wh2_main_hef_mage_high,wh2_main_skill_node_set_hef_mage_high,wh3_dlc27_skill_node_hef_mage_high_unique_1,wh3_dlc27_skill_hef_mage_student_of_the_white_tower,1,wh2_dlc12_effect_magic_cooldown_all_lores,data/skill_trees/characters/high_elves/Mage_High.csv,181,,ability_group_bindings,data/effect_semantics/source_exports/db/effect_bonus_value_special_ability_group_junctions_tables/data__.tsv,57,recharge_rate_percentage_mod,ability_group,wh_dlc05_lore_shadows
wh2_main_hef_mage_high,wh2_main_skill_node_set_hef_mage_high,wh3_dlc27_skill_node_hef_mage_high_unique_1,wh3_dlc27_skill_hef_mage_student_of_the_white_tower,1,wh2_dlc12_effect_magic_cooldown_all_lores,data/skill_trees/characters/high_elves/Mage_High.csv,181,,ability_group_bindings,data/effect_semantics/source_exports/db/effect_bonus_value_special_ability_group_junctions_tables/data__.tsv,58,recharge_rate_percentage_mod,ability_group,wh_dlc05_lore_shadows_upgraded
wh2_main_hef_mage_high,wh2_main_skill_node_set_hef_mage_high,wh3_dlc27_skill_node_hef_mage_high_unique_1,wh3_dlc27_skill_hef_mage_student_of_the_white_tower,1,wh2_dlc12_effect_magic_cooldown_all_lores,data/skill_trees/characters/high_elves/Mage_High.csv,181,,ability_group_bindings,data/effect_semantics/source_exports/db/effect_bonus_value_special_ability_group_junctions_tables/data__.tsv,59,recharge_rate_percentage_mod,ability_group,wh_main_lore_big_waaagh
wh2_main_hef_mage_high,wh2_main_skill_node_set_hef_mage_high,wh3_dlc27_skill_node_hef_mage_high_unique_1,wh3_dlc27_skill_hef_mage_student_of_the_white_tower,1,wh2_dlc12_effect_magic_cooldown_all_lores,data/skill_trees/characters/high_elves/Mage_High.csv,181,,ability_group_bindings,data/effect_semantics/source_exports/db/effect_bonus_value_special_ability_group_junctions_tables/data__.tsv,60,recharge_rate_percentage_mod,ability_group,wh_main_lore_big_waaagh_upgraded
wh2_main_hef_mage_high,wh2_main_skill_node_set_hef_mage_high,wh3_dlc27_skill_node_hef_mage_high_unique_1,wh3_dlc27_skill_hef_mage_student_of_the_white_tower,1,wh2_dlc12_effect_magic_cooldown_all_lores,data/skill_trees/characters/high_elves/Mage_High.csv,181,,ability_group_bindings,data/effect_semantics/source_exports/db/effect_bonus_value_special_ability_group_junctions_tables/data__.tsv,61,recharge_rate_percentage_mod,ability_group,wh_main_lore_death
wh2_main_hef_mage_high,wh2_main_skill_node_set_hef_mage_high,wh3_dlc27_skill_node_hef_mage_high_unique_1,wh3_dlc27_skill_hef_mage_student_of_the_white_tower,1,wh2_dlc12_effect_magic_cooldown_all_lores,data/skill_trees/characters/high_elves/Mage_High.csv,181,,ability_group_bindings,data/effect_semantics/source_exports/db/effect_bonus_value_special_ability_group_junctions_tables/data__.tsv,62,recharge_rate_percentage_mod,ability_group,wh_main_lore_death_upgraded
wh2_main_hef_mage_high,wh2_main_skill_node_set_hef_mage_high,wh3_dlc27_skill_node_hef_mage_high_unique_1,wh3_dlc27_skill_hef_mage_student_of_the_white_tower,1,wh2_dlc12_effect_magic_cooldown_all_lores,data/skill_trees/characters/high_elves/Mage_High.csv,181,,ability_group_bindings,data/effect_semantics/source_exports/db/effect_bonus_value_special_ability_group_junctions_tables/data__.tsv,63,recharge_rate_percentage_mod,ability_group,wh_main_lore_fire
wh2_main_hef_mage_high,wh2_main_skill_node_set_hef_mage_high,wh3_dlc27_skill_node_hef_mage_high_unique_1,wh3_dlc27_skill_hef_mage_student_of_the_white_tower,1,wh2_dlc12_effect_magic_cooldown_all_lores,data/skill_trees/characters/high_elves/Mage_High.csv,181,,ability_group_bindings,data/effect_semantics/source_exports/db/effect_bonus_value_special_ability_group_junctions_tables/data__.tsv,64,recharge_rate_percentage_mod,ability_group,wh_main_lore_fire_upgraded
wh2_main_hef_mage_high,wh2_main_skill_node_set_hef_mage_high,wh3_dlc27_skill_node_hef_mage_high_unique_1,wh3_dlc27_skill_hef_mage_student_of_the_white_tower,1,wh2_dlc12_effect_magic_cooldown_all_lores,data/skill_trees/characters/high_elves/Mage_High.csv,181,,ability_group_bindings,data/effect_semantics/source_exports/db/effect_bonus_value_special_ability_group_junctions_tables/data__.tsv,65,recharge_rate_percentage_mod,ability_group,wh_main_lore_heavens
wh2_main_hef_mage_high,wh2_main_skill_node_set_hef_mage_high,wh3_dlc27_skill_node_hef_mage_high_unique_1,wh3_dlc27_skill_hef_mage_student_of_the_white_tower,1,wh2_dlc12_effect_magic_cooldown_all_lores,data/skill_trees/characters/high_elves/Mage_High.csv,181,,ability_group_bindings,data/effect_semantics/source_exports/db/effect_bonus_value_special_ability_group_junctions_tables/data__.tsv,66,recharge_rate_percentage_mod,ability_group,wh_main_lore_heavens_upgraded
wh2_main_hef_mage_high,wh2_main_skill_node_set_hef_mage_high,wh3_dlc27_skill_node_hef_mage_high_unique_1,wh3_dlc27_skill_hef_mage_student_of_the_white_tower,1,wh2_dlc12_effect_magic_cooldown_all_lores,data/skill_trees/characters/high_elves/Mage_High.csv,181,,ability_group_bindings,data/effect_semantics/source_exports/db/effect_bonus_value_special_ability_group_junctions_tables/data__.tsv,67,recharge_rate_percentage_mod,ability_group,wh_main_lore_light
wh2_main_hef_mage_high,wh2_main_skill_node_set_hef_mage_high,wh3_dlc27_skill_node_hef_mage_high_unique_1,wh3_dlc27_skill_hef_mage_student_of_the_white_tower,1,wh2_dlc12_effect_magic_cooldown_all_lores,data/skill_trees/characters/high_elves/Mage_High.csv,181,,ability_group_bindings,data/effect_semantics/source_exports/db/effect_bonus_value_special_ability_group_junctions_tables/data__.tsv,68,recharge_rate_percentage_mod,ability_group,wh_main_lore_light_upgraded
wh2_main_hef_mage_high,wh2_main_skill_node_set_hef_mage_high,wh3_dlc27_skill_node_hef_mage_high_unique_1,wh3_dlc27_skill_hef_mage_student_of_the_white_tower,1,wh2_dlc12_effect_magic_cooldown_all_lores,data/skill_trees/characters/high_elves/Mage_High.csv,181,,ability_group_bindings,data/effect_semantics/source_exports/db/effect_bonus_value_special_ability_group_junctions_tables/data__.tsv,69,recharge_rate_percentage_mod,ability_group,wh_main_lore_lil_waaagh
wh2_main_hef_mage_high,wh2_main_skill_node_set_hef_mage_high,wh3_dlc27_skill_node_hef_mage_high_unique_1,wh3_dlc27_skill_hef_mage_student_of_the_white_tower,1,wh2_dlc12_effect_magic_cooldown_all_lores,data/skill_trees/characters/high_elves/Mage_High.csv,181,,ability_group_bindings,data/effect_semantics/source_exports/db/effect_bonus_value_special_ability_group_junctions_tables/data__.tsv,70,recharge_rate_percentage_mod,ability_group,wh_main_lore_lil_waaagh_upgraded
wh2_main_hef_mage_high,wh2_main_skill_node_set_hef_mage_high,wh3_dlc27_skill_node_hef_mage_high_unique_1,wh3_dlc27_skill_hef_mage_student_of_the_white_tower,1,wh2_dlc12_effect_magic_cooldown_all_lores,data/skill_trees/characters/high_elves/Mage_High.csv,181,,ability_group_bindings,data/effect_semantics/source_exports/db/effect_bonus_value_special_ability_group_junctions_tables/data__.tsv,71,recharge_rate_percentage_mod,ability_group,wh_main_lore_metal
wh2_main_hef_mage_high,wh2_main_skill_node_set_hef_mage_high,wh3_dlc27_skill_node_hef_mage_high_unique_1,wh3_dlc27_skill_hef_mage_student_of_the_white_tower,1,wh2_dlc12_effect_magic_cooldown_all_lores,data/skill_trees/characters/high_elves/Mage_High.csv,181,,ability_group_bindings,data/effect_semantics/source_exports/db/effect_bonus_value_special_ability_group_junctions_tables/data__.tsv,72,recharge_rate_percentage_mod,ability_group,wh_main_lore_metal_upgraded
wh2_main_hef_mage_high,wh2_main_skill_node_set_hef_mage_high,wh3_dlc27_skill_node_hef_mage_high_unique_1,wh3_dlc27_skill_hef_mage_student_of_the_white_tower,1,wh2_dlc12_effect_magic_cooldown_all_lores,data/skill_trees/characters/high_elves/Mage_High.csv,181,,ability_group_bindings,data/effect_semantics/source_exports/db/effect_bonus_value_special_ability_group_junctions_tables/data__.tsv,73,recharge_rate_percentage_mod,ability_group,wh_main_lore_vampires
wh2_main_hef_mage_high,wh2_main_skill_node_set_hef_mage_high,wh3_dlc27_skill_node_hef_mage_high_unique_1,wh3_dlc27_skill_hef_mage_student_of_the_white_tower,1,wh2_dlc12_effect_magic_cooldown_all_lores,data/skill_trees/characters/high_elves/Mage_High.csv,181,,ability_group_bindings,data/effect_semantics/source_exports/db/effect_bonus_value_special_ability_group_junctions_tables/data__.tsv,74,recharge_rate_percentage_mod,ability_group,wh_main_lore_vampires_upgraded
wh2_main_hef_mage_high,wh2_main_skill_node_set_hef_mage_high,wh2_main_skill_node_hef_mage_high_magic_1_3,wh2_main_skill_all_magic_high_01_soul_quench,1,wh2_main_effect_ability_enable_soul_quench,data/skill_trees/characters/high_elves/Mage_High.csv,183,wh2_main_spell_high_magic_soul_quench,ability_bindings,data/effect_semantics/source_exports/db/effect_bonus_value_unit_ability_junctions_tables/data__.tsv,1157,enable,ability,wh2_main_spell_high_magic_soul_quench
wh2_main_hef_mage_high,wh2_main_skill_node_set_hef_mage_high,wh2_main_skill_node_hef_mage_high_magic_1_3,wh2_main_skill_all_magic_high_01_soul_quench,2,wh2_main_effect_ability_cooldown_soul_quench,data/skill_trees/characters/high_elves/Mage_High.csv,184,wh2_main_spell_high_magic_soul_quench,ability_bindings,data/effect_semantics/source_exports/db/effect_bonus_value_unit_ability_junctions_tables/data__.tsv,842,recharge_mod,ability,wh2_main_spell_high_magic_soul_quench
wh2_main_hef_mage_high,wh2_main_skill_node_set_hef_mage_high,wh2_main_skill_node_hef_mage_high_magic_1_3,wh2_main_skill_all_magic_high_01_soul_quench,2,wh2_main_effect_ability_overcast_soul_quench,data/skill_trees/characters/high_elves/Mage_High.csv,185,wh2_main_spell_high_magic_soul_quench,ability_bindings,data/effect_semantics/source_exports/db/effect_bonus_value_unit_ability_junctions_tables/data__.tsv,1384,enable_overchage,ability,wh2_main_spell_high_magic_soul_quench
wh2_main_hef_mage_high,wh2_main_skill_node_set_hef_mage_high,wh2_main_skill_node_hef_mage_high_magic_1_3,wh2_main_skill_all_magic_high_01_soul_quench,2,wh2_main_effect_ability_overcast_soul_quench,data/skill_trees/characters/high_elves/Mage_High.csv,185,wh2_main_spell_high_magic_soul_quench,ability_bindings,data/effect_semantics/source_exports/db/effect_bonus_value_unit_ability_junctions_tables/data__.tsv,1385,enable,ability,wh2_main_spell_high_magic_soul_quench
wh2_main_hef_mage_high,wh2_main_skill_node_set_hef_mage_high,wh2_main_skill_node_hef_mage_high_magic_1_3,wh2_main_skill_all_magic_high_01_soul_quench,3,wh2_main_effect_ability_cooldown_soul_quench,data/skill_trees/characters/high_elves/Mage_High.csv,186,wh2_main_spell_high_magic_soul_quench,ability_bindings,data/effect_semantics/source_exports/db/effect_bonus_value_unit_ability_junctions_tables/data__.tsv,842,recharge_mod,ability,wh2_main_spell_high_magic_soul_quench
wh2_main_hef_mage_high,wh2_main_skill_node_set_hef_mage_high,wh2_main_skill_node_hef_mage_high_magic_1_3,wh2_main_skill_all_magic_high_01_soul_quench,3,wh2_main_effect_ability_miscast_soul_quench_upgraded,data/skill_trees/characters/high_elves/Mage_High.csv,187,wh2_main_spell_high_magic_soul_quench_upgraded,ability_bindings,data/effect_semantics/source_exports/db/effect_bonus_value_unit_ability_junctions_tables/data__.tsv,1249,miscast_percentage_mod,ability,wh2_main_spell_high_magic_soul_quench_upgraded
wh2_main_hef_mage_high,wh2_main_skill_node_set_hef_mage_high,wh2_main_skill_node_hef_mage_high_magic_1_3,wh2_main_skill_all_magic_high_01_soul_quench,3,wh2_main_effect_ability_overcast_soul_quench,data/skill_trees/characters/high_elves/Mage_High.csv,188,wh2_main_spell_high_magic_soul_quench,ability_bindings,data/effect_semantics/source_exports/db/effect_bonus_value_unit_ability_junctions_tables/data__.tsv,1384,enable_overchage,ability,wh2_main_spell_high_magic_soul_quench
wh2_main_hef_mage_high,wh2_main_skill_node_set_hef_mage_high,wh2_main_skill_node_hef_mage_high_magic_1_3,wh2_main_skill_all_magic_high_01_soul_quench,3,wh2_main_effect_ability_overcast_soul_quench,data/skill_trees/characters/high_elves/Mage_High.csv,188,wh2_main_spell_high_magic_soul_quench,ability_bindings,data/effect_semantics/source_exports/db/effect_bonus_value_unit_ability_junctions_tables/data__.tsv,1385,enable,ability,wh2_main_spell_high_magic_soul_quench
wh2_main_hef_mage_high,wh2_main_skill_node_set_hef_mage_high,wh2_main_skill_node_hef_mage_high_magic_1_3,wh2_main_skill_all_magic_high_01_soul_quench,3,wh2_main_effect_ability_wom_cost_soul_quench,data/skill_trees/characters/high_elves/Mage_High.csv,189,wh2_main_spell_high_magic_soul_quench,ability_bindings,data/effect_semantics/source_exports/db/effect_bonus_value_unit_ability_junctions_tables/data__.tsv,1566,cost_mod,ability,wh2_main_spell_high_magic_soul_quench
wh2_main_hef_mage_high,wh2_main_skill_node_set_hef_mage_high,wh2_main_skill_node_hef_mage_high_magic_1_3,wh2_main_skill_all_magic_high_01_soul_quench,3,wh2_main_effect_ability_wom_cost_soul_quench_upgraded,data/skill_trees/characters/high_elves/Mage_High.csv,190,wh2_main_spell_high_magic_soul_quench_upgraded,ability_bindings,data/effect_semantics/source_exports/db/effect_bonus_value_unit_ability_junctions_tables/data__.tsv,1565,cost_mod,ability,wh2_main_spell_high_magic_soul_quench_upgraded
wh2_main_hef_mage_high,wh2_main_skill_node_set_hef_mage_high,wh3_dlc27_skill_node_hef_mage_high_unique_2,wh3_dlc27_skill_hef_mage_excellent_efficiency,1,wh2_dlc14_effect_magic_cost_all_lores_percentage,data/skill_trees/characters/high_elves/Mage_High.csv,202,,ability_group_bindings,data/effect_semantics/source_exports/db/effect_bonus_value_special_ability_group_junctions_tables/data__.tsv,93,cost_percentage_mod,ability_group,wh2_dlc09_lore_nehekhara
wh2_main_hef_mage_high,wh2_main_skill_node_set_hef_mage_high,wh3_dlc27_skill_node_hef_mage_high_unique_2,wh3_dlc27_skill_hef_mage_excellent_efficiency,1,wh2_dlc14_effect_magic_cost_all_lores_percentage,data/skill_trees/characters/high_elves/Mage_High.csv,202,,ability_group_bindings,data/effect_semantics/source_exports/db/effect_bonus_value_special_ability_group_junctions_tables/data__.tsv,94,cost_percentage_mod,ability_group,wh2_dlc09_lore_nehekhara_upgraded
wh2_main_hef_mage_high,wh2_main_skill_node_set_hef_mage_high,wh3_dlc27_skill_node_hef_mage_high_unique_2,wh3_dlc27_skill_hef_mage_excellent_efficiency,1,wh2_dlc14_effect_magic_cost_all_lores_percentage,data/skill_trees/characters/high_elves/Mage_High.csv,202,,ability_group_bindings,data/effect_semantics/source_exports/db/effect_bonus_value_special_ability_group_junctions_tables/data__.tsv,95,cost_percentage_mod,ability_group,wh2_dlc11_lore_deep
wh2_main_hef_mage_high,wh2_main_skill_node_set_hef_mage_high,wh3_dlc27_skill_node_hef_mage_high_unique_2,wh3_dlc27_skill_hef_mage_excellent_efficiency,1,wh2_dlc14_effect_magic_cost_all_lores_percentage,data/skill_trees/characters/high_elves/Mage_High.csv,202,,ability_group_bindings,data/effect_semantics/source_exports/db/effect_bonus_value_special_ability_group_junctions_tables/data__.tsv,96,cost_percentage_mod,ability_group,wh2_dlc11_lore_deep_upgraded
wh2_main_hef_mage_high,wh2_main_skill_node_set_hef_mage_high,wh3_dlc27_skill_node_hef_mage_high_unique_2,wh3_dlc27_skill_hef_mage_excellent_efficiency,1,wh2_dlc14_effect_magic_cost_all_lores_percentage,data/skill_trees/characters/high_elves/Mage_High.csv,202,,ability_group_bindings,data/effect_semantics/source_exports/db/effect_bonus_value_special_ability_group_junctions_tables/data__.tsv,97,cost_percentage_mod,ability_group,wh2_dlc12_lore_lord_kroak
wh2_main_hef_mage_high,wh2_main_skill_node_set_hef_mage_high,wh3_dlc27_skill_node_hef_mage_high_unique_2,wh3_dlc27_skill_hef_mage_excellent_efficiency,1,wh2_dlc14_effect_magic_cost_all_lores_percentage,data/skill_trees/characters/high_elves/Mage_High.csv,202,,ability_group_bindings,data/effect_semantics/source_exports/db/effect_bonus_value_special_ability_group_junctions_tables/data__.tsv,98,cost_percentage_mod,ability_group,wh2_dlc14_lore_stealth
wh2_main_hef_mage_high,wh2_main_skill_node_set_hef_mage_high,wh3_dlc27_skill_node_hef_mage_high_unique_2,wh3_dlc27_skill_hef_mage_excellent_efficiency,1,wh2_dlc14_effect_magic_cost_all_lores_percentage,data/skill_trees/characters/high_elves/Mage_High.csv,202,,ability_group_bindings,data/effect_semantics/source_exports/db/effect_bonus_value_special_ability_group_junctions_tables/data__.tsv,99,cost_percentage_mod,ability_group,wh2_dlc14_lore_stealth_upgraded
wh2_main_hef_mage_high,wh2_main_skill_node_set_hef_mage_high,wh3_dlc27_skill_node_hef_mage_high_unique_2,wh3_dlc27_skill_hef_mage_excellent_efficiency,1,wh2_dlc14_effect_magic_cost_all_lores_percentage,data/skill_trees/characters/high_elves/Mage_High.csv,202,,ability_group_bindings,data/effect_semantics/source_exports/db/effect_bonus_value_special_ability_group_junctions_tables/data__.tsv,100,cost_percentage_mod,ability_group,wh2_main_lore_dark_magic
wh2_main_hef_mage_high,wh2_main_skill_node_set_hef_mage_high,wh3_dlc27_skill_node_hef_mage_high_unique_2,wh3_dlc27_skill_hef_mage_excellent_efficiency,1,wh2_dlc14_effect_magic_cost_all_lores_percentage,data/skill_trees/characters/high_elves/Mage_High.csv,202,,ability_group_bindings,data/effect_semantics/source_exports/db/effect_bonus_value_special_ability_group_junctions_tables/data__.tsv,101,cost_percentage_mod,ability_group,wh2_main_lore_dark_magic_upgraded
wh2_main_hef_mage_high,wh2_main_skill_node_set_hef_mage_high,wh3_dlc27_skill_node_hef_mage_high_unique_2,wh3_dlc27_skill_hef_mage_excellent_efficiency,1,wh2_dlc14_effect_magic_cost_all_lores_percentage,data/skill_trees/characters/high_elves/Mage_High.csv,202,,ability_group_bindings,data/effect_semantics/source_exports/db/effect_bonus_value_special_ability_group_junctions_tables/data__.tsv,102,cost_percentage_mod,ability_group,wh2_main_lore_high_magic
wh2_main_hef_mage_high,wh2_main_skill_node_set_hef_mage_high,wh3_dlc27_skill_node_hef_mage_high_unique_2,wh3_dlc27_skill_hef_mage_excellent_efficiency,1,wh2_dlc14_effect_magic_cost_all_lores_percentage,data/skill_trees/characters/high_elves/Mage_High.csv,202,,ability_group_bindings,data/effect_semantics/source_exports/db/effect_bonus_value_special_ability_group_junctions_tables/data__.tsv,103,cost_percentage_mod,ability_group,wh2_main_lore_high_magic_upgraded
wh2_main_hef_mage_high,wh2_main_skill_node_set_hef_mage_high,wh3_dlc27_skill_node_hef_mage_high_unique_2,wh3_dlc27_skill_hef_mage_excellent_efficiency,1,wh2_dlc14_effect_magic_cost_all_lores_percentage,data/skill_trees/characters/high_elves/Mage_High.csv,202,,ability_group_bindings,data/effect_semantics/source_exports/db/effect_bonus_value_special_ability_group_junctions_tables/data__.tsv,104,cost_percentage_mod,ability_group,wh2_main_lore_plague
wh2_main_hef_mage_high,wh2_main_skill_node_set_hef_mage_high,wh3_dlc27_skill_node_hef_mage_high_unique_2,wh3_dlc27_skill_hef_mage_excellent_efficiency,1,wh2_dlc14_effect_magic_cost_all_lores_percentage,data/skill_trees/characters/high_elves/Mage_High.csv,202,,ability_group_bindings,data/effect_semantics/source_exports/db/effect_bonus_value_special_ability_group_junctions_tables/data__.tsv,105,cost_percentage_mod,ability_group,wh2_main_lore_plague_upgraded
wh2_main_hef_mage_high,wh2_main_skill_node_set_hef_mage_high,wh3_dlc27_skill_node_hef_mage_high_unique_2,wh3_dlc27_skill_hef_mage_excellent_efficiency,1,wh2_dlc14_effect_magic_cost_all_lores_percentage,data/skill_trees/characters/high_elves/Mage_High.csv,202,,ability_group_bindings,data/effect_semantics/source_exports/db/effect_bonus_value_special_ability_group_junctions_tables/data__.tsv,106,cost_percentage_mod,ability_group,wh2_main_lore_ruin
wh2_main_hef_mage_high,wh2_main_skill_node_set_hef_mage_high,wh3_dlc27_skill_node_hef_mage_high_unique_2,wh3_dlc27_skill_hef_mage_excellent_efficiency,1,wh2_dlc14_effect_magic_cost_all_lores_percentage,data/skill_trees/characters/high_elves/Mage_High.csv,202,,ability_group_bindings,data/effect_semantics/source_exports/db/effect_bonus_value_special_ability_group_junctions_tables/data__.tsv,107,cost_percentage_mod,ability_group,wh2_main_lore_ruin_upgraded
wh2_main_hef_mage_high,wh2_main_skill_node_set_hef_mage_high,wh3_dlc27_skill_node_hef_mage_high_unique_2,wh3_dlc27_skill_hef_mage_excellent_efficiency,1,wh2_dlc14_effect_magic_cost_all_lores_percentage,data/skill_trees/characters/high_elves/Mage_High.csv,202,,ability_group_bindings,data/effect_semantics/source_exports/db/effect_bonus_value_special_ability_group_junctions_tables/data__.tsv,108,cost_percentage_mod,ability_group,wh3_dlc23_lore_hashut
wh2_main_hef_mage_high,wh2_main_skill_node_set_hef_mage_high,wh3_dlc27_skill_node_hef_mage_high_unique_2,wh3_dlc27_skill_hef_mage_excellent_efficiency,1,wh2_dlc14_effect_magic_cost_all_lores_percentage,data/skill_trees/characters/high_elves/Mage_High.csv,202,,ability_group_bindings,data/effect_semantics/source_exports/db/effect_bonus_value_special_ability_group_junctions_tables/data__.tsv,109,cost_percentage_mod,ability_group,wh3_dlc23_lore_hashut_upgraded
wh2_main_hef_mage_high,wh2_main_skill_node_set_hef_mage_high,wh3_dlc27_skill_node_hef_mage_high_unique_2,wh3_dlc27_skill_hef_mage_excellent_efficiency,1,wh2_dlc14_effect_magic_cost_all_lores_percentage,data/skill_trees/characters/high_elves/Mage_High.csv,202,,ability_group_bindings,data/effect_semantics/source_exports/db/effect_bonus_value_special_ability_group_junctions_tables/data__.tsv,110,cost_percentage_mod,ability_group,wh3_dlc24_lore_hag
wh2_main_hef_mage_high,wh2_main_skill_node_set_hef_mage_high,wh3_dlc27_skill_node_hef_mage_high_unique_2,wh3_dlc27_skill_hef_mage_excellent_efficiency,1,wh2_dlc14_effect_magic_cost_all_lores_percentage,data/skill_trees/characters/high_elves/Mage_High.csv,202,,ability_group_bindings,data/effect_semantics/source_exports/db/effect_bonus_value_special_ability_group_junctions_tables/data__.tsv,111,cost_percentage_mod,ability_group,wh3_dlc24_lore_hag_upgraded
wh2_main_hef_mage_high,wh2_main_skill_node_set_hef_mage_high,wh3_dlc27_skill_node_hef_mage_high_unique_2,wh3_dlc27_skill_hef_mage_excellent_efficiency,1,wh2_dlc14_effect_magic_cost_all_lores_percentage,data/skill_trees/characters/high_elves/Mage_High.csv,202,,ability_group_bindings,data/effect_semantics/source_exports/db/effect_bonus_value_special_ability_group_junctions_tables/data__.tsv,112,cost_percentage_mod,ability_group,wh3_dlc27_lore_mists
wh2_main_hef_mage_high,wh2_main_skill_node_set_hef_mage_high,wh3_dlc27_skill_node_hef_mage_high_unique_2,wh3_dlc27_skill_hef_mage_excellent_efficiency,1,wh2_dlc14_effect_magic_cost_all_lores_percentage,data/skill_trees/characters/high_elves/Mage_High.csv,202,,ability_group_bindings,data/effect_semantics/source_exports/db/effect_bonus_value_special_ability_group_junctions_tables/data__.tsv,113,cost_percentage_mod,ability_group,wh3_dlc27_lore_mists_upgraded
wh2_main_hef_mage_high,wh2_main_skill_node_set_hef_mage_high,wh3_dlc27_skill_node_hef_mage_high_unique_2,wh3_dlc27_skill_hef_mage_excellent_efficiency,1,wh2_dlc14_effect_magic_cost_all_lores_percentage,data/skill_trees/characters/high_elves/Mage_High.csv,202,,ability_group_bindings,data/effect_semantics/source_exports/db/effect_bonus_value_special_ability_group_junctions_tables/data__.tsv,114,cost_percentage_mod,ability_group,wh3_dlc29_lore_undeath
wh2_main_hef_mage_high,wh2_main_skill_node_set_hef_mage_high,wh3_dlc27_skill_node_hef_mage_high_unique_2,wh3_dlc27_skill_hef_mage_excellent_efficiency,1,wh2_dlc14_effect_magic_cost_all_lores_percentage,data/skill_trees/characters/high_elves/Mage_High.csv,202,,ability_group_bindings,data/effect_semantics/source_exports/db/effect_bonus_value_special_ability_group_junctions_tables/data__.tsv,115,cost_percentage_mod,ability_group,wh3_dlc29_lore_undeath_upgraded
wh2_main_hef_mage_high,wh2_main_skill_node_set_hef_mage_high,wh3_dlc27_skill_node_hef_mage_high_unique_2,wh3_dlc27_skill_hef_mage_excellent_efficiency,1,wh2_dlc14_effect_magic_cost_all_lores_percentage,data/skill_trees/characters/high_elves/Mage_High.csv,202,,ability_group_bindings,data/effect_semantics/source_exports/db/effect_bonus_value_special_ability_group_junctions_tables/data__.tsv,116,cost_percentage_mod,ability_group,wh3_main_lore_nurgle
wh2_main_hef_mage_high,wh2_main_skill_node_set_hef_mage_high,wh3_dlc27_skill_node_hef_mage_high_unique_2,wh3_dlc27_skill_hef_mage_excellent_efficiency,1,wh2_dlc14_effect_magic_cost_all_lores_percentage,data/skill_trees/characters/high_elves/Mage_High.csv,202,,ability_group_bindings,data/effect_semantics/source_exports/db/effect_bonus_value_special_ability_group_junctions_tables/data__.tsv,117,cost_percentage_mod,ability_group,wh3_main_lore_nurgle_upgraded
wh2_main_hef_mage_high,wh2_main_skill_node_set_hef_mage_high,wh3_dlc27_skill_node_hef_mage_high_unique_2,wh3_dlc27_skill_hef_mage_excellent_efficiency,1,wh2_dlc14_effect_magic_cost_all_lores_percentage,data/skill_trees/characters/high_elves/Mage_High.csv,202,,ability_group_bindings,data/effect_semantics/source_exports/db/effect_bonus_value_special_ability_group_junctions_tables/data__.tsv,118,cost_percentage_mod,ability_group,wh3_main_lore_of_great_maw
wh2_main_hef_mage_high,wh2_main_skill_node_set_hef_mage_high,wh3_dlc27_skill_node_hef_mage_high_unique_2,wh3_dlc27_skill_hef_mage_excellent_efficiency,1,wh2_dlc14_effect_magic_cost_all_lores_percentage,data/skill_trees/characters/high_elves/Mage_High.csv,202,,ability_group_bindings,data/effect_semantics/source_exports/db/effect_bonus_value_special_ability_group_junctions_tables/data__.tsv,119,cost_percentage_mod,ability_group,wh3_main_lore_of_great_maw_upgraded
wh2_main_hef_mage_high,wh2_main_skill_node_set_hef_mage_high,wh3_dlc27_skill_node_hef_mage_high_unique_2,wh3_dlc27_skill_hef_mage_excellent_efficiency,1,wh2_dlc14_effect_magic_cost_all_lores_percentage,data/skill_trees/characters/high_elves/Mage_High.csv,202,,ability_group_bindings,data/effect_semantics/source_exports/db/effect_bonus_value_special_ability_group_junctions_tables/data__.tsv,120,cost_percentage_mod,ability_group,wh3_main_lore_of_ice
wh2_main_hef_mage_high,wh2_main_skill_node_set_hef_mage_high,wh3_dlc27_skill_node_hef_mage_high_unique_2,wh3_dlc27_skill_hef_mage_excellent_efficiency,1,wh2_dlc14_effect_magic_cost_all_lores_percentage,data/skill_trees/characters/high_elves/Mage_High.csv,202,,ability_group_bindings,data/effect_semantics/source_exports/db/effect_bonus_value_special_ability_group_junctions_tables/data__.tsv,121,cost_percentage_mod,ability_group,wh3_main_lore_of_ice_upgraded
wh2_main_hef_mage_high,wh2_main_skill_node_set_hef_mage_high,wh3_dlc27_skill_node_hef_mage_high_unique_2,wh3_dlc27_skill_hef_mage_excellent_efficiency,1,wh2_dlc14_effect_magic_cost_all_lores_percentage,data/skill_trees/characters/high_elves/Mage_High.csv,202,,ability_group_bindings,data/effect_semantics/source_exports/db/effect_bonus_value_special_ability_group_junctions_tables/data__.tsv,122,cost_percentage_mod,ability_group,wh3_main_lore_of_tempest
wh2_main_hef_mage_high,wh2_main_skill_node_set_hef_mage_high,wh3_dlc27_skill_node_hef_mage_high_unique_2,wh3_dlc27_skill_hef_mage_excellent_efficiency,1,wh2_dlc14_effect_magic_cost_all_lores_percentage,data/skill_trees/characters/high_elves/Mage_High.csv,202,,ability_group_bindings,data/effect_semantics/source_exports/db/effect_bonus_value_special_ability_group_junctions_tables/data__.tsv,123,cost_percentage_mod,ability_group,wh3_main_lore_of_tempest_upgraded
wh2_main_hef_mage_high,wh2_main_skill_node_set_hef_mage_high,wh3_dlc27_skill_node_hef_mage_high_unique_2,wh3_dlc27_skill_hef_mage_excellent_efficiency,1,wh2_dlc14_effect_magic_cost_all_lores_percentage,data/skill_trees/characters/high_elves/Mage_High.csv,202,,ability_group_bindings,data/effect_semantics/source_exports/db/effect_bonus_value_special_ability_group_junctions_tables/data__.tsv,124,cost_percentage_mod,ability_group,wh3_main_lore_of_yang
wh2_main_hef_mage_high,wh2_main_skill_node_set_hef_mage_high,wh3_dlc27_skill_node_hef_mage_high_unique_2,wh3_dlc27_skill_hef_mage_excellent_efficiency,1,wh2_dlc14_effect_magic_cost_all_lores_percentage,data/skill_trees/characters/high_elves/Mage_High.csv,202,,ability_group_bindings,data/effect_semantics/source_exports/db/effect_bonus_value_special_ability_group_junctions_tables/data__.tsv,125,cost_percentage_mod,ability_group,wh3_main_lore_of_yang_upgraded
wh2_main_hef_mage_high,wh2_main_skill_node_set_hef_mage_high,wh3_dlc27_skill_node_hef_mage_high_unique_2,wh3_dlc27_skill_hef_mage_excellent_efficiency,1,wh2_dlc14_effect_magic_cost_all_lores_percentage,data/skill_trees/characters/high_elves/Mage_High.csv,202,,ability_group_bindings,data/effect_semantics/source_exports/db/effect_bonus_value_special_ability_group_junctions_tables/data__.tsv,126,cost_percentage_mod,ability_group,wh3_main_lore_of_yin
wh2_main_hef_mage_high,wh2_main_skill_node_set_hef_mage_high,wh3_dlc27_skill_node_hef_mage_high_unique_2,wh3_dlc27_skill_hef_mage_excellent_efficiency,1,wh2_dlc14_effect_magic_cost_all_lores_percentage,data/skill_trees/characters/high_elves/Mage_High.csv,202,,ability_group_bindings,data/effect_semantics/source_exports/db/effect_bonus_value_special_ability_group_junctions_tables/data__.tsv,127,cost_percentage_mod,ability_group,wh3_main_lore_of_yin_upgraded
wh2_main_hef_mage_high,wh2_main_skill_node_set_hef_mage_high,wh3_dlc27_skill_node_hef_mage_high_unique_2,wh3_dlc27_skill_hef_mage_excellent_efficiency,1,wh2_dlc14_effect_magic_cost_all_lores_percentage,data/skill_trees/characters/high_elves/Mage_High.csv,202,,ability_group_bindings,data/effect_semantics/source_exports/db/effect_bonus_value_special_ability_group_junctions_tables/data__.tsv,128,cost_percentage_mod,ability_group,wh3_main_lore_slaanesh
wh2_main_hef_mage_high,wh2_main_skill_node_set_hef_mage_high,wh3_dlc27_skill_node_hef_mage_high_unique_2,wh3_dlc27_skill_hef_mage_excellent_efficiency,1,wh2_dlc14_effect_magic_cost_all_lores_percentage,data/skill_trees/characters/high_elves/Mage_High.csv,202,,ability_group_bindings,data/effect_semantics/source_exports/db/effect_bonus_value_special_ability_group_junctions_tables/data__.tsv,129,cost_percentage_mod,ability_group,wh3_main_lore_slaanesh_upgraded
wh2_main_hef_mage_high,wh2_main_skill_node_set_hef_mage_high,wh3_dlc27_skill_node_hef_mage_high_unique_2,wh3_dlc27_skill_hef_mage_excellent_efficiency,1,wh2_dlc14_effect_magic_cost_all_lores_percentage,data/skill_trees/characters/high_elves/Mage_High.csv,202,,ability_group_bindings,data/effect_semantics/source_exports/db/effect_bonus_value_special_ability_group_junctions_tables/data__.tsv,130,cost_percentage_mod,ability_group,wh3_main_lore_tzeentch
wh2_main_hef_mage_high,wh2_main_skill_node_set_hef_mage_high,wh3_dlc27_skill_node_hef_mage_high_unique_2,wh3_dlc27_skill_hef_mage_excellent_efficiency,1,wh2_dlc14_effect_magic_cost_all_lores_percentage,data/skill_trees/characters/high_elves/Mage_High.csv,202,,ability_group_bindings,data/effect_semantics/source_exports/db/effect_bonus_value_special_ability_group_junctions_tables/data__.tsv,131,cost_percentage_mod,ability_group,wh3_main_lore_tzeentch_upgraded
wh2_main_hef_mage_high,wh2_main_skill_node_set_hef_mage_high,wh3_dlc27_skill_node_hef_mage_high_unique_2,wh3_dlc27_skill_hef_mage_excellent_efficiency,1,wh2_dlc14_effect_magic_cost_all_lores_percentage,data/skill_trees/characters/high_elves/Mage_High.csv,202,,ability_group_bindings,data/effect_semantics/source_exports/db/effect_bonus_value_special_ability_group_junctions_tables/data__.tsv,132,cost_percentage_mod,ability_group,wh_dlc03_lore_beasts
wh2_main_hef_mage_high,wh2_main_skill_node_set_hef_mage_high,wh3_dlc27_skill_node_hef_mage_high_unique_2,wh3_dlc27_skill_hef_mage_excellent_efficiency,1,wh2_dlc14_effect_magic_cost_all_lores_percentage,data/skill_trees/characters/high_elves/Mage_High.csv,202,,ability_group_bindings,data/effect_semantics/source_exports/db/effect_bonus_value_special_ability_group_junctions_tables/data__.tsv,133,cost_percentage_mod,ability_group,wh_dlc03_lore_beasts_upgraded
wh2_main_hef_mage_high,wh2_main_skill_node_set_hef_mage_high,wh3_dlc27_skill_node_hef_mage_high_unique_2,wh3_dlc27_skill_hef_mage_excellent_efficiency,1,wh2_dlc14_effect_magic_cost_all_lores_percentage,data/skill_trees/characters/high_elves/Mage_High.csv,202,,ability_group_bindings,data/effect_semantics/source_exports/db/effect_bonus_value_special_ability_group_junctions_tables/data__.tsv,134,cost_percentage_mod,ability_group,wh_dlc03_lore_wild
wh2_main_hef_mage_high,wh2_main_skill_node_set_hef_mage_high,wh3_dlc27_skill_node_hef_mage_high_unique_2,wh3_dlc27_skill_hef_mage_excellent_efficiency,1,wh2_dlc14_effect_magic_cost_all_lores_percentage,data/skill_trees/characters/high_elves/Mage_High.csv,202,,ability_group_bindings,data/effect_semantics/source_exports/db/effect_bonus_value_special_ability_group_junctions_tables/data__.tsv,135,cost_percentage_mod,ability_group,wh_dlc03_lore_wild_upgraded
wh2_main_hef_mage_high,wh2_main_skill_node_set_hef_mage_high,wh3_dlc27_skill_node_hef_mage_high_unique_2,wh3_dlc27_skill_hef_mage_excellent_efficiency,1,wh2_dlc14_effect_magic_cost_all_lores_percentage,data/skill_trees/characters/high_elves/Mage_High.csv,202,,ability_group_bindings,data/effect_semantics/source_exports/db/effect_bonus_value_special_ability_group_junctions_tables/data__.tsv,136,cost_percentage_mod,ability_group,wh_dlc05_lore_life
wh2_main_hef_mage_high,wh2_main_skill_node_set_hef_mage_high,wh3_dlc27_skill_node_hef_mage_high_unique_2,wh3_dlc27_skill_hef_mage_excellent_efficiency,1,wh2_dlc14_effect_magic_cost_all_lores_percentage,data/skill_trees/characters/high_elves/Mage_High.csv,202,,ability_group_bindings,data/effect_semantics/source_exports/db/effect_bonus_value_special_ability_group_junctions_tables/data__.tsv,137,cost_percentage_mod,ability_group,wh_dlc05_lore_life_upgraded
wh2_main_hef_mage_high,wh2_main_skill_node_set_hef_mage_high,wh3_dlc27_skill_node_hef_mage_high_unique_2,wh3_dlc27_skill_hef_mage_excellent_efficiency,1,wh2_dlc14_effect_magic_cost_all_lores_percentage,data/skill_trees/characters/high_elves/Mage_High.csv,202,,ability_group_bindings,data/effect_semantics/source_exports/db/effect_bonus_value_special_ability_group_junctions_tables/data__.tsv,138,cost_percentage_mod,ability_group,wh_dlc05_lore_shadows
wh2_main_hef_mage_high,wh2_main_skill_node_set_hef_mage_high,wh3_dlc27_skill_node_hef_mage_high_unique_2,wh3_dlc27_skill_hef_mage_excellent_efficiency,1,wh2_dlc14_effect_magic_cost_all_lores_percentage,data/skill_trees/characters/high_elves/Mage_High.csv,202,,ability_group_bindings,data/effect_semantics/source_exports/db/effect_bonus_value_special_ability_group_junctions_tables/data__.tsv,139,cost_percentage_mod,ability_group,wh_dlc05_lore_shadows_upgraded
wh2_main_hef_mage_high,wh2_main_skill_node_set_hef_mage_high,wh3_dlc27_skill_node_hef_mage_high_unique_2,wh3_dlc27_skill_hef_mage_excellent_efficiency,1,wh2_dlc14_effect_magic_cost_all_lores_percentage,data/skill_trees/characters/high_elves/Mage_High.csv,202,,ability_group_bindings,data/effect_semantics/source_exports/db/effect_bonus_value_special_ability_group_junctions_tables/data__.tsv,140,cost_percentage_mod,ability_group,wh_main_lore_big_waaagh
wh2_main_hef_mage_high,wh2_main_skill_node_set_hef_mage_high,wh3_dlc27_skill_node_hef_mage_high_unique_2,wh3_dlc27_skill_hef_mage_excellent_efficiency,1,wh2_dlc14_effect_magic_cost_all_lores_percentage,data/skill_trees/characters/high_elves/Mage_High.csv,202,,ability_group_bindings,data/effect_semantics/source_exports/db/effect_bonus_value_special_ability_group_junctions_tables/data__.tsv,141,cost_percentage_mod,ability_group,wh_main_lore_big_waaagh_upgraded
wh2_main_hef_mage_high,wh2_main_skill_node_set_hef_mage_high,wh3_dlc27_skill_node_hef_mage_high_unique_2,wh3_dlc27_skill_hef_mage_excellent_efficiency,1,wh2_dlc14_effect_magic_cost_all_lores_percentage,data/skill_trees/characters/high_elves/Mage_High.csv,202,,ability_group_bindings,data/effect_semantics/source_exports/db/effect_bonus_value_special_ability_group_junctions_tables/data__.tsv,142,cost_percentage_mod,ability_group,wh_main_lore_death
wh2_main_hef_mage_high,wh2_main_skill_node_set_hef_mage_high,wh3_dlc27_skill_node_hef_mage_high_unique_2,wh3_dlc27_skill_hef_mage_excellent_efficiency,1,wh2_dlc14_effect_magic_cost_all_lores_percentage,data/skill_trees/characters/high_elves/Mage_High.csv,202,,ability_group_bindings,data/effect_semantics/source_exports/db/effect_bonus_value_special_ability_group_junctions_tables/data__.tsv,143,cost_percentage_mod,ability_group,wh_main_lore_death_upgraded
wh2_main_hef_mage_high,wh2_main_skill_node_set_hef_mage_high,wh3_dlc27_skill_node_hef_mage_high_unique_2,wh3_dlc27_skill_hef_mage_excellent_efficiency,1,wh2_dlc14_effect_magic_cost_all_lores_percentage,data/skill_trees/characters/high_elves/Mage_High.csv,202,,ability_group_bindings,data/effect_semantics/source_exports/db/effect_bonus_value_special_ability_group_junctions_tables/data__.tsv,144,cost_percentage_mod,ability_group,wh_main_lore_fire
wh2_main_hef_mage_high,wh2_main_skill_node_set_hef_mage_high,wh3_dlc27_skill_node_hef_mage_high_unique_2,wh3_dlc27_skill_hef_mage_excellent_efficiency,1,wh2_dlc14_effect_magic_cost_all_lores_percentage,data/skill_trees/characters/high_elves/Mage_High.csv,202,,ability_group_bindings,data/effect_semantics/source_exports/db/effect_bonus_value_special_ability_group_junctions_tables/data__.tsv,145,cost_percentage_mod,ability_group,wh_main_lore_fire_upgraded
wh2_main_hef_mage_high,wh2_main_skill_node_set_hef_mage_high,wh3_dlc27_skill_node_hef_mage_high_unique_2,wh3_dlc27_skill_hef_mage_excellent_efficiency,1,wh2_dlc14_effect_magic_cost_all_lores_percentage,data/skill_trees/characters/high_elves/Mage_High.csv,202,,ability_group_bindings,data/effect_semantics/source_exports/db/effect_bonus_value_special_ability_group_junctions_tables/data__.tsv,146,cost_percentage_mod,ability_group,wh_main_lore_heavens
wh2_main_hef_mage_high,wh2_main_skill_node_set_hef_mage_high,wh3_dlc27_skill_node_hef_mage_high_unique_2,wh3_dlc27_skill_hef_mage_excellent_efficiency,1,wh2_dlc14_effect_magic_cost_all_lores_percentage,data/skill_trees/characters/high_elves/Mage_High.csv,202,,ability_group_bindings,data/effect_semantics/source_exports/db/effect_bonus_value_special_ability_group_junctions_tables/data__.tsv,147,cost_percentage_mod,ability_group,wh_main_lore_heavens_upgraded
wh2_main_hef_mage_high,wh2_main_skill_node_set_hef_mage_high,wh3_dlc27_skill_node_hef_mage_high_unique_2,wh3_dlc27_skill_hef_mage_excellent_efficiency,1,wh2_dlc14_effect_magic_cost_all_lores_percentage,data/skill_trees/characters/high_elves/Mage_High.csv,202,,ability_group_bindings,data/effect_semantics/source_exports/db/effect_bonus_value_special_ability_group_junctions_tables/data__.tsv,148,cost_percentage_mod,ability_group,wh_main_lore_light
wh2_main_hef_mage_high,wh2_main_skill_node_set_hef_mage_high,wh3_dlc27_skill_node_hef_mage_high_unique_2,wh3_dlc27_skill_hef_mage_excellent_efficiency,1,wh2_dlc14_effect_magic_cost_all_lores_percentage,data/skill_trees/characters/high_elves/Mage_High.csv,202,,ability_group_bindings,data/effect_semantics/source_exports/db/effect_bonus_value_special_ability_group_junctions_tables/data__.tsv,149,cost_percentage_mod,ability_group,wh_main_lore_light_upgraded
wh2_main_hef_mage_high,wh2_main_skill_node_set_hef_mage_high,wh3_dlc27_skill_node_hef_mage_high_unique_2,wh3_dlc27_skill_hef_mage_excellent_efficiency,1,wh2_dlc14_effect_magic_cost_all_lores_percentage,data/skill_trees/characters/high_elves/Mage_High.csv,202,,ability_group_bindings,data/effect_semantics/source_exports/db/effect_bonus_value_special_ability_group_junctions_tables/data__.tsv,150,cost_percentage_mod,ability_group,wh_main_lore_lil_waaagh
wh2_main_hef_mage_high,wh2_main_skill_node_set_hef_mage_high,wh3_dlc27_skill_node_hef_mage_high_unique_2,wh3_dlc27_skill_hef_mage_excellent_efficiency,1,wh2_dlc14_effect_magic_cost_all_lores_percentage,data/skill_trees/characters/high_elves/Mage_High.csv,202,,ability_group_bindings,data/effect_semantics/source_exports/db/effect_bonus_value_special_ability_group_junctions_tables/data__.tsv,151,cost_percentage_mod,ability_group,wh_main_lore_lil_waaagh_upgraded
wh2_main_hef_mage_high,wh2_main_skill_node_set_hef_mage_high,wh3_dlc27_skill_node_hef_mage_high_unique_2,wh3_dlc27_skill_hef_mage_excellent_efficiency,1,wh2_dlc14_effect_magic_cost_all_lores_percentage,data/skill_trees/characters/high_elves/Mage_High.csv,202,,ability_group_bindings,data/effect_semantics/source_exports/db/effect_bonus_value_special_ability_group_junctions_tables/data__.tsv,152,cost_percentage_mod,ability_group,wh_main_lore_metal
wh2_main_hef_mage_high,wh2_main_skill_node_set_hef_mage_high,wh3_dlc27_skill_node_hef_mage_high_unique_2,wh3_dlc27_skill_hef_mage_excellent_efficiency,1,wh2_dlc14_effect_magic_cost_all_lores_percentage,data/skill_trees/characters/high_elves/Mage_High.csv,202,,ability_group_bindings,data/effect_semantics/source_exports/db/effect_bonus_value_special_ability_group_junctions_tables/data__.tsv,153,cost_percentage_mod,ability_group,wh_main_lore_metal_upgraded
wh2_main_hef_mage_high,wh2_main_skill_node_set_hef_mage_high,wh3_dlc27_skill_node_hef_mage_high_unique_2,wh3_dlc27_skill_hef_mage_excellent_efficiency,1,wh2_dlc14_effect_magic_cost_all_lores_percentage,data/skill_trees/characters/high_elves/Mage_High.csv,202,,ability_group_bindings,data/effect_semantics/source_exports/db/effect_bonus_value_special_ability_group_junctions_tables/data__.tsv,154,cost_percentage_mod,ability_group,wh_main_lore_vampires
wh2_main_hef_mage_high,wh2_main_skill_node_set_hef_mage_high,wh3_dlc27_skill_node_hef_mage_high_unique_2,wh3_dlc27_skill_hef_mage_excellent_efficiency,1,wh2_dlc14_effect_magic_cost_all_lores_percentage,data/skill_trees/characters/high_elves/Mage_High.csv,202,,ability_group_bindings,data/effect_semantics/source_exports/db/effect_bonus_value_special_ability_group_junctions_tables/data__.tsv,155,cost_percentage_mod,ability_group,wh_main_lore_vampires_upgraded
wh2_main_hef_mage_high,wh2_main_skill_node_set_hef_mage_high,wh2_main_skill_node_hef_mage_high_magic_1_4,wh2_main_skill_all_magic_high_05_tempest,1,wh2_main_effect_ability_enable_tempest,data/skill_trees/characters/high_elves/Mage_High.csv,204,wh2_main_spell_high_magic_tempest,ability_bindings,data/effect_semantics/source_exports/db/effect_bonus_value_unit_ability_junctions_tables/data__.tsv,1169,enable,ability,wh2_main_spell_high_magic_tempest
wh2_main_hef_mage_high,wh2_main_skill_node_set_hef_mage_high,wh2_main_skill_node_hef_mage_high_magic_1_4,wh2_main_skill_all_magic_high_05_tempest,2,wh2_main_effect_ability_cooldown_tempest,data/skill_trees/characters/high_elves/Mage_High.csv,205,wh2_main_spell_high_magic_tempest,ability_bindings,data/effect_semantics/source_exports/db/effect_bonus_value_unit_ability_junctions_tables/data__.tsv,1044,recharge_mod,ability,wh2_main_spell_high_magic_tempest
wh2_main_hef_mage_high,wh2_main_skill_node_set_hef_mage_high,wh2_main_skill_node_hef_mage_high_magic_1_4,wh2_main_skill_all_magic_high_05_tempest,2,wh2_main_effect_ability_overcast_tempest,data/skill_trees/characters/high_elves/Mage_High.csv,206,wh2_main_spell_high_magic_tempest,ability_bindings,data/effect_semantics/source_exports/db/effect_bonus_value_unit_ability_junctions_tables/data__.tsv,1390,enable_overchage,ability,wh2_main_spell_high_magic_tempest
wh2_main_hef_mage_high,wh2_main_skill_node_set_hef_mage_high,wh2_main_skill_node_hef_mage_high_magic_1_4,wh2_main_skill_all_magic_high_05_tempest,2,wh2_main_effect_ability_overcast_tempest,data/skill_trees/characters/high_elves/Mage_High.csv,206,wh2_main_spell_high_magic_tempest,ability_bindings,data/effect_semantics/source_exports/db/effect_bonus_value_unit_ability_junctions_tables/data__.tsv,1391,enable,ability,wh2_main_spell_high_magic_tempest
wh2_main_hef_mage_high,wh2_main_skill_node_set_hef_mage_high,wh2_main_skill_node_hef_mage_high_magic_1_4,wh2_main_skill_all_magic_high_05_tempest,3,wh2_main_effect_ability_cooldown_tempest,data/skill_trees/characters/high_elves/Mage_High.csv,207,wh2_main_spell_high_magic_tempest,ability_bindings,data/effect_semantics/source_exports/db/effect_bonus_value_unit_ability_junctions_tables/data__.tsv,1044,recharge_mod,ability,wh2_main_spell_high_magic_tempest
wh2_main_hef_mage_high,wh2_main_skill_node_set_hef_mage_high,wh2_main_skill_node_hef_mage_high_magic_1_4,wh2_main_skill_all_magic_high_05_tempest,3,wh2_main_effect_ability_miscast_tempest_upgraded,data/skill_trees/characters/high_elves/Mage_High.csv,208,wh2_main_spell_high_magic_tempest_upgraded,ability_bindings,data/effect_semantics/source_exports/db/effect_bonus_value_unit_ability_junctions_tables/data__.tsv,1252,miscast_percentage_mod,ability,wh2_main_spell_high_magic_tempest_upgraded
wh2_main_hef_mage_high,wh2_main_skill_node_set_hef_mage_high,wh2_main_skill_node_hef_mage_high_magic_1_4,wh2_main_skill_all_magic_high_05_tempest,3,wh2_main_effect_ability_overcast_tempest,data/skill_trees/characters/high_elves/Mage_High.csv,209,wh2_main_spell_high_magic_tempest,ability_bindings,data/effect_semantics/source_exports/db/effect_bonus_value_unit_ability_junctions_tables/data__.tsv,1390,enable_overchage,ability,wh2_main_spell_high_magic_tempest
wh2_main_hef_mage_high,wh2_main_skill_node_set_hef_mage_high,wh2_main_skill_node_hef_mage_high_magic_1_4,wh2_main_skill_all_magic_high_05_tempest,3,wh2_main_effect_ability_overcast_tempest,data/skill_trees/characters/high_elves/Mage_High.csv,209,wh2_main_spell_high_magic_tempest,ability_bindings,data/effect_semantics/source_exports/db/effect_bonus_value_unit_ability_junctions_tables/data__.tsv,1391,enable,ability,wh2_main_spell_high_magic_tempest
wh2_main_hef_mage_high,wh2_main_skill_node_set_hef_mage_high,wh2_main_skill_node_hef_mage_high_magic_1_4,wh2_main_skill_all_magic_high_05_tempest,3,wh2_main_effect_ability_wom_cost_tempest,data/skill_trees/characters/high_elves/Mage_High.csv,210,wh2_main_spell_high_magic_tempest,ability_bindings,data/effect_semantics/source_exports/db/effect_bonus_value_unit_ability_junctions_tables/data__.tsv,1573,cost_mod,ability,wh2_main_spell_high_magic_tempest
wh2_main_hef_mage_high,wh2_main_skill_node_set_hef_mage_high,wh2_main_skill_node_hef_mage_high_magic_1_4,wh2_main_skill_all_magic_high_05_tempest,3,wh2_main_effect_ability_wom_cost_tempest_upgraded,data/skill_trees/characters/high_elves/Mage_High.csv,211,wh2_main_spell_high_magic_tempest_upgraded,ability_bindings,data/effect_semantics/source_exports/db/effect_bonus_value_unit_ability_junctions_tables/data__.tsv,1572,cost_mod,ability,wh2_main_spell_high_magic_tempest_upgraded
wh2_main_hef_mage_high,wh2_main_skill_node_set_hef_mage_high,wh2_main_skill_node_hef_mage_high_magic_3_3,wh2_main_skill_all_magic_high_09_arcane_unforging,1,wh2_main_effect_ability_enable_arcane_unforging,data/skill_trees/characters/high_elves/Mage_High.csv,233,wh2_main_spell_high_magic_arcane_unforging,ability_bindings,data/effect_semantics/source_exports/db/effect_bonus_value_unit_ability_junctions_tables/data__.tsv,1055,enable,ability,wh2_main_spell_high_magic_arcane_unforging
wh2_main_hef_mage_high,wh2_main_skill_node_set_hef_mage_high,wh2_main_skill_node_hef_mage_high_magic_3_3,wh2_main_skill_all_magic_high_09_arcane_unforging,2,wh2_main_effect_ability_cooldown_arcane_unforging,data/skill_trees/characters/high_elves/Mage_High.csv,234,wh2_main_spell_high_magic_arcane_unforging,ability_bindings,data/effect_semantics/source_exports/db/effect_bonus_value_unit_ability_junctions_tables/data__.tsv,823,recharge_mod,ability,wh2_main_spell_high_magic_arcane_unforging
wh2_main_hef_mage_high,wh2_main_skill_node_set_hef_mage_high,wh2_main_skill_node_hef_mage_high_magic_3_3,wh2_main_skill_all_magic_high_09_arcane_unforging,2,wh2_main_effect_ability_overcast_arcane_unforging,data/skill_trees/characters/high_elves/Mage_High.csv,235,wh2_main_spell_high_magic_arcane_unforging,ability_bindings,data/effect_semantics/source_exports/db/effect_bonus_value_unit_ability_junctions_tables/data__.tsv,1270,enable_overchage,ability,wh2_main_spell_high_magic_arcane_unforging
wh2_main_hef_mage_high,wh2_main_skill_node_set_hef_mage_high,wh2_main_skill_node_hef_mage_high_magic_3_3,wh2_main_skill_all_magic_high_09_arcane_unforging,2,wh2_main_effect_ability_overcast_arcane_unforging,data/skill_trees/characters/high_elves/Mage_High.csv,235,wh2_main_spell_high_magic_arcane_unforging,ability_bindings,data/effect_semantics/source_exports/db/effect_bonus_value_unit_ability_junctions_tables/data__.tsv,1271,enable,ability,wh2_main_spell_high_magic_arcane_unforging
wh2_main_hef_mage_high,wh2_main_skill_node_set_hef_mage_high,wh2_main_skill_node_hef_mage_high_magic_3_3,wh2_main_skill_all_magic_high_09_arcane_unforging,3,wh2_main_effect_ability_cooldown_arcane_unforging,data/skill_trees/characters/high_elves/Mage_High.csv,236,wh2_main_spell_high_magic_arcane_unforging,ability_bindings,data/effect_semantics/source_exports/db/effect_bonus_value_unit_ability_junctions_tables/data__.tsv,823,recharge_mod,ability,wh2_main_spell_high_magic_arcane_unforging
wh2_main_hef_mage_high,wh2_main_skill_node_set_hef_mage_high,wh2_main_skill_node_hef_mage_high_magic_3_3,wh2_main_skill_all_magic_high_09_arcane_unforging,3,wh2_main_effect_ability_miscast_arcane_unforging_upgraded,data/skill_trees/characters/high_elves/Mage_High.csv,237,wh2_main_spell_high_magic_arcane_unforging_upgraded,ability_bindings,data/effect_semantics/source_exports/db/effect_bonus_value_unit_ability_junctions_tables/data__.tsv,1191,miscast_percentage_mod,ability,wh2_main_spell_high_magic_arcane_unforging_upgraded
wh2_main_hef_mage_high,wh2_main_skill_node_set_hef_mage_high,wh2_main_skill_node_hef_mage_high_magic_3_3,wh2_main_skill_all_magic_high_09_arcane_unforging,3,wh2_main_effect_ability_overcast_arcane_unforging,data/skill_trees/characters/high_elves/Mage_High.csv,238,wh2_main_spell_high_magic_arcane_unforging,ability_bindings,data/effect_semantics/source_exports/db/effect_bonus_value_unit_ability_junctions_tables/data__.tsv,1270,enable_overchage,ability,wh2_main_spell_high_magic_arcane_unforging
wh2_main_hef_mage_high,wh2_main_skill_node_set_hef_mage_high,wh2_main_skill_node_hef_mage_high_magic_3_3,wh2_main_skill_all_magic_high_09_arcane_unforging,3,wh2_main_effect_ability_overcast_arcane_unforging,data/skill_trees/characters/high_elves/Mage_High.csv,238,wh2_main_spell_high_magic_arcane_unforging,ability_bindings,data/effect_semantics/source_exports/db/effect_bonus_value_unit_ability_junctions_tables/data__.tsv,1271,enable,ability,wh2_main_spell_high_magic_arcane_unforging
wh2_main_hef_mage_high,wh2_main_skill_node_set_hef_mage_high,wh2_main_skill_node_hef_mage_high_magic_3_3,wh2_main_skill_all_magic_high_09_arcane_unforging,3,wh2_main_effect_ability_wom_cost_arcane_unforging,data/skill_trees/characters/high_elves/Mage_High.csv,239,wh2_main_spell_high_magic_arcane_unforging,ability_bindings,data/effect_semantics/source_exports/db/effect_bonus_value_unit_ability_junctions_tables/data__.tsv,1434,cost_mod,ability,wh2_main_spell_high_magic_arcane_unforging
wh2_main_hef_mage_high,wh2_main_skill_node_set_hef_mage_high,wh2_main_skill_node_hef_mage_high_magic_3_3,wh2_main_skill_all_magic_high_09_arcane_unforging,3,wh2_main_effect_ability_wom_cost_arcane_unforging_upgraded,data/skill_trees/characters/high_elves/Mage_High.csv,240,wh2_main_spell_high_magic_arcane_unforging_upgraded,ability_bindings,data/effect_semantics/source_exports/db/effect_bonus_value_unit_ability_junctions_tables/data__.tsv,1433,cost_mod,ability,wh2_main_spell_high_magic_arcane_unforging_upgraded
wh2_main_hef_mage_high,wh2_main_skill_node_set_hef_mage_high,wh2_main_skill_node_hef_mage_high_magic_3_4,wh2_main_skill_all_magic_high_10_fiery_convocation,1,wh2_main_effect_ability_enable_fiery_convocation,data/skill_trees/characters/high_elves/Mage_High.csv,244,wh2_main_spell_high_magic_fiery_convocation,ability_bindings,data/effect_semantics/source_exports/db/effect_bonus_value_unit_ability_junctions_tables/data__.tsv,1105,enable,ability,wh2_main_spell_high_magic_fiery_convocation
wh2_main_hef_mage_high,wh2_main_skill_node_set_hef_mage_high,wh2_main_skill_node_hef_mage_high_magic_3_4,wh2_main_skill_all_magic_high_10_fiery_convocation,2,wh2_main_effect_ability_cooldown_fiery_convocation,data/skill_trees/characters/high_elves/Mage_High.csv,245,wh2_main_spell_high_magic_fiery_convocation,ability_bindings,data/effect_semantics/source_exports/db/effect_bonus_value_unit_ability_junctions_tables/data__.tsv,832,recharge_mod,ability,wh2_main_spell_high_magic_fiery_convocation
wh2_main_hef_mage_high,wh2_main_skill_node_set_hef_mage_high,wh2_main_skill_node_hef_mage_high_magic_3_4,wh2_main_skill_all_magic_high_10_fiery_convocation,2,wh2_main_effect_ability_overcast_fiery_convocation,data/skill_trees/characters/high_elves/Mage_High.csv,246,wh2_main_spell_high_magic_fiery_convocation,ability_bindings,data/effect_semantics/source_exports/db/effect_bonus_value_unit_ability_junctions_tables/data__.tsv,1310,enable_overchage,ability,wh2_main_spell_high_magic_fiery_convocation
wh2_main_hef_mage_high,wh2_main_skill_node_set_hef_mage_high,wh2_main_skill_node_hef_mage_high_magic_3_4,wh2_main_skill_all_magic_high_10_fiery_convocation,2,wh2_main_effect_ability_overcast_fiery_convocation,data/skill_trees/characters/high_elves/Mage_High.csv,246,wh2_main_spell_high_magic_fiery_convocation,ability_bindings,data/effect_semantics/source_exports/db/effect_bonus_value_unit_ability_junctions_tables/data__.tsv,1311,enable,ability,wh2_main_spell_high_magic_fiery_convocation
wh2_main_hef_mage_high,wh2_main_skill_node_set_hef_mage_high,wh2_main_skill_node_hef_mage_high_magic_3_4,wh2_main_skill_all_magic_high_10_fiery_convocation,3,wh2_main_effect_ability_cooldown_fiery_convocation,data/skill_trees/characters/high_elves/Mage_High.csv,247,wh2_main_spell_high_magic_fiery_convocation,ability_bindings,data/effect_semantics/source_exports/db/effect_bonus_value_unit_ability_junctions_tables/data__.tsv,832,recharge_mod,ability,wh2_main_spell_high_magic_fiery_convocation
wh2_main_hef_mage_high,wh2_main_skill_node_set_hef_mage_high,wh2_main_skill_node_hef_mage_high_magic_3_4,wh2_main_skill_all_magic_high_10_fiery_convocation,3,wh2_main_effect_ability_miscast_fiery_convocation_upgraded,data/skill_trees/characters/high_elves/Mage_High.csv,248,wh2_main_spell_high_magic_fiery_convocation_upgraded,ability_bindings,data/effect_semantics/source_exports/db/effect_bonus_value_unit_ability_junctions_tables/data__.tsv,1211,miscast_percentage_mod,ability,wh2_main_spell_high_magic_fiery_convocation_upgraded
wh2_main_hef_mage_high,wh2_main_skill_node_set_hef_mage_high,wh2_main_skill_node_hef_mage_high_magic_3_4,wh2_main_skill_all_magic_high_10_fiery_convocation,3,wh2_main_effect_ability_overcast_fiery_convocation,data/skill_trees/characters/high_elves/Mage_High.csv,249,wh2_main_spell_high_magic_fiery_convocation,ability_bindings,data/effect_semantics/source_exports/db/effect_bonus_value_unit_ability_junctions_tables/data__.tsv,1310,enable_overchage,ability,wh2_main_spell_high_magic_fiery_convocation
wh2_main_hef_mage_high,wh2_main_skill_node_set_hef_mage_high,wh2_main_skill_node_hef_mage_high_magic_3_4,wh2_main_skill_all_magic_high_10_fiery_convocation,3,wh2_main_effect_ability_overcast_fiery_convocation,data/skill_trees/characters/high_elves/Mage_High.csv,249,wh2_main_spell_high_magic_fiery_convocation,ability_bindings,data/effect_semantics/source_exports/db/effect_bonus_value_unit_ability_junctions_tables/data__.tsv,1311,enable,ability,wh2_main_spell_high_magic_fiery_convocation
wh2_main_hef_mage_high,wh2_main_skill_node_set_hef_mage_high,wh2_main_skill_node_hef_mage_high_magic_3_4,wh2_main_skill_all_magic_high_10_fiery_convocation,3,wh2_main_effect_ability_wom_cost_fiery_convocation,data/skill_trees/characters/high_elves/Mage_High.csv,250,wh2_main_spell_high_magic_fiery_convocation,ability_bindings,data/effect_semantics/source_exports/db/effect_bonus_value_unit_ability_junctions_tables/data__.tsv,1482,cost_mod,ability,wh2_main_spell_high_magic_fiery_convocation
wh2_main_hef_mage_high,wh2_main_skill_node_set_hef_mage_high,wh2_main_skill_node_hef_mage_high_magic_3_4,wh2_main_skill_all_magic_high_10_fiery_convocation,3,wh2_main_effect_ability_wom_cost_fiery_convocation_upgraded,data/skill_trees/characters/high_elves/Mage_High.csv,251,wh2_main_spell_high_magic_fiery_convocation_upgraded,ability_bindings,data/effect_semantics/source_exports/db/effect_bonus_value_unit_ability_junctions_tables/data__.tsv,1481,cost_mod,ability,wh2_main_spell_high_magic_fiery_convocation_upgraded
wh2_main_hef_mage_high,wh2_main_skill_node_set_hef_mage_high,wh2_main_skill_node_hef_mage_high_magic_dummy,wh2_main_skill_all_magic_high_dummy_apotheosis,1,wh2_main_effect_ability_enable_apotheosis,data/skill_trees/characters/high_elves/Mage_High.csv,270,wh2_main_spell_high_magic_apotheosis,ability_bindings,data/effect_semantics/source_exports/db/effect_bonus_value_unit_ability_junctions_tables/data__.tsv,1054,enable,ability,wh2_main_spell_high_magic_apotheosis
wh2_main_hef_mage_high,wh2_main_skill_node_set_hef_mage_high,wh2_main_skill_node_set_hef_mage_high_innate_17,wh2_main_skill_innate_hef_mage_battle_3_primed,1,wh3_main_effect_spell_targeting_range_all,data/skill_trees/characters/high_elves/Mage_High.csv,285,,ability_group_bindings,data/effect_semantics/source_exports/db/effect_bonus_value_special_ability_group_junctions_tables/data__.tsv,318,target_intercept_range_mod,ability_group,wh2_dlc09_lore_nehekhara
wh2_main_hef_mage_high,wh2_main_skill_node_set_hef_mage_high,wh2_main_skill_node_set_hef_mage_high_innate_17,wh2_main_skill_innate_hef_mage_battle_3_primed,1,wh3_main_effect_spell_targeting_range_all,data/skill_trees/characters/high_elves/Mage_High.csv,285,,ability_group_bindings,data/effect_semantics/source_exports/db/effect_bonus_value_special_ability_group_junctions_tables/data__.tsv,319,target_intercept_range_mod,ability_group,wh2_dlc09_lore_nehekhara_upgraded
wh2_main_hef_mage_high,wh2_main_skill_node_set_hef_mage_high,wh2_main_skill_node_set_hef_mage_high_innate_17,wh2_main_skill_innate_hef_mage_battle_3_primed,1,wh3_main_effect_spell_targeting_range_all,data/skill_trees/characters/high_elves/Mage_High.csv,285,,ability_group_bindings,data/effect_semantics/source_exports/db/effect_bonus_value_special_ability_group_junctions_tables/data__.tsv,320,target_intercept_range_mod,ability_group,wh2_dlc11_lore_deep
wh2_main_hef_mage_high,wh2_main_skill_node_set_hef_mage_high,wh2_main_skill_node_set_hef_mage_high_innate_17,wh2_main_skill_innate_hef_mage_battle_3_primed,1,wh3_main_effect_spell_targeting_range_all,data/skill_trees/characters/high_elves/Mage_High.csv,285,,ability_group_bindings,data/effect_semantics/source_exports/db/effect_bonus_value_special_ability_group_junctions_tables/data__.tsv,321,target_intercept_range_mod,ability_group,wh2_dlc11_lore_deep_upgraded
wh2_main_hef_mage_high,wh2_main_skill_node_set_hef_mage_high,wh2_main_skill_node_set_hef_mage_high_innate_17,wh2_main_skill_innate_hef_mage_battle_3_primed,1,wh3_main_effect_spell_targeting_range_all,data/skill_trees/characters/high_elves/Mage_High.csv,285,,ability_group_bindings,data/effect_semantics/source_exports/db/effect_bonus_value_special_ability_group_junctions_tables/data__.tsv,322,target_intercept_range_mod,ability_group,wh2_dlc12_lore_lord_kroak
wh2_main_hef_mage_high,wh2_main_skill_node_set_hef_mage_high,wh2_main_skill_node_set_hef_mage_high_innate_17,wh2_main_skill_innate_hef_mage_battle_3_primed,1,wh3_main_effect_spell_targeting_range_all,data/skill_trees/characters/high_elves/Mage_High.csv,285,,ability_group_bindings,data/effect_semantics/source_exports/db/effect_bonus_value_special_ability_group_junctions_tables/data__.tsv,323,target_intercept_range_mod,ability_group,wh2_dlc14_lore_stealth
wh2_main_hef_mage_high,wh2_main_skill_node_set_hef_mage_high,wh2_main_skill_node_set_hef_mage_high_innate_17,wh2_main_skill_innate_hef_mage_battle_3_primed,1,wh3_main_effect_spell_targeting_range_all,data/skill_trees/characters/high_elves/Mage_High.csv,285,,ability_group_bindings,data/effect_semantics/source_exports/db/effect_bonus_value_special_ability_group_junctions_tables/data__.tsv,324,target_intercept_range_mod,ability_group,wh2_dlc14_lore_stealth_upgraded
wh2_main_hef_mage_high,wh2_main_skill_node_set_hef_mage_high,wh2_main_skill_node_set_hef_mage_high_innate_17,wh2_main_skill_innate_hef_mage_battle_3_primed,1,wh3_main_effect_spell_targeting_range_all,data/skill_trees/characters/high_elves/Mage_High.csv,285,,ability_group_bindings,data/effect_semantics/source_exports/db/effect_bonus_value_special_ability_group_junctions_tables/data__.tsv,325,target_intercept_range_mod,ability_group,wh2_main_lore_dark_magic
wh2_main_hef_mage_high,wh2_main_skill_node_set_hef_mage_high,wh2_main_skill_node_set_hef_mage_high_innate_17,wh2_main_skill_innate_hef_mage_battle_3_primed,1,wh3_main_effect_spell_targeting_range_all,data/skill_trees/characters/high_elves/Mage_High.csv,285,,ability_group_bindings,data/effect_semantics/source_exports/db/effect_bonus_value_special_ability_group_junctions_tables/data__.tsv,326,target_intercept_range_mod,ability_group,wh2_main_lore_dark_magic_upgraded
wh2_main_hef_mage_high,wh2_main_skill_node_set_hef_mage_high,wh2_main_skill_node_set_hef_mage_high_innate_17,wh2_main_skill_innate_hef_mage_battle_3_primed,1,wh3_main_effect_spell_targeting_range_all,data/skill_trees/characters/high_elves/Mage_High.csv,285,,ability_group_bindings,data/effect_semantics/source_exports/db/effect_bonus_value_special_ability_group_junctions_tables/data__.tsv,327,target_intercept_range_mod,ability_group,wh2_main_lore_high_magic
wh2_main_hef_mage_high,wh2_main_skill_node_set_hef_mage_high,wh2_main_skill_node_set_hef_mage_high_innate_17,wh2_main_skill_innate_hef_mage_battle_3_primed,1,wh3_main_effect_spell_targeting_range_all,data/skill_trees/characters/high_elves/Mage_High.csv,285,,ability_group_bindings,data/effect_semantics/source_exports/db/effect_bonus_value_special_ability_group_junctions_tables/data__.tsv,328,target_intercept_range_mod,ability_group,wh2_main_lore_high_magic_upgraded
wh2_main_hef_mage_high,wh2_main_skill_node_set_hef_mage_high,wh2_main_skill_node_set_hef_mage_high_innate_17,wh2_main_skill_innate_hef_mage_battle_3_primed,1,wh3_main_effect_spell_targeting_range_all,data/skill_trees/characters/high_elves/Mage_High.csv,285,,ability_group_bindings,data/effect_semantics/source_exports/db/effect_bonus_value_special_ability_group_junctions_tables/data__.tsv,329,target_intercept_range_mod,ability_group,wh2_main_lore_plague
wh2_main_hef_mage_high,wh2_main_skill_node_set_hef_mage_high,wh2_main_skill_node_set_hef_mage_high_innate_17,wh2_main_skill_innate_hef_mage_battle_3_primed,1,wh3_main_effect_spell_targeting_range_all,data/skill_trees/characters/high_elves/Mage_High.csv,285,,ability_group_bindings,data/effect_semantics/source_exports/db/effect_bonus_value_special_ability_group_junctions_tables/data__.tsv,330,target_intercept_range_mod,ability_group,wh2_main_lore_plague_upgraded
wh2_main_hef_mage_high,wh2_main_skill_node_set_hef_mage_high,wh2_main_skill_node_set_hef_mage_high_innate_17,wh2_main_skill_innate_hef_mage_battle_3_primed,1,wh3_main_effect_spell_targeting_range_all,data/skill_trees/characters/high_elves/Mage_High.csv,285,,ability_group_bindings,data/effect_semantics/source_exports/db/effect_bonus_value_special_ability_group_junctions_tables/data__.tsv,331,target_intercept_range_mod,ability_group,wh2_main_lore_ruin
wh2_main_hef_mage_high,wh2_main_skill_node_set_hef_mage_high,wh2_main_skill_node_set_hef_mage_high_innate_17,wh2_main_skill_innate_hef_mage_battle_3_primed,1,wh3_main_effect_spell_targeting_range_all,data/skill_trees/characters/high_elves/Mage_High.csv,285,,ability_group_bindings,data/effect_semantics/source_exports/db/effect_bonus_value_special_ability_group_junctions_tables/data__.tsv,332,target_intercept_range_mod,ability_group,wh2_main_lore_ruin_upgraded
wh2_main_hef_mage_high,wh2_main_skill_node_set_hef_mage_high,wh2_main_skill_node_set_hef_mage_high_innate_17,wh2_main_skill_innate_hef_mage_battle_3_primed,1,wh3_main_effect_spell_targeting_range_all,data/skill_trees/characters/high_elves/Mage_High.csv,285,,ability_group_bindings,data/effect_semantics/source_exports/db/effect_bonus_value_special_ability_group_junctions_tables/data__.tsv,333,target_intercept_range_mod,ability_group,wh3_dlc23_lore_hashut
wh2_main_hef_mage_high,wh2_main_skill_node_set_hef_mage_high,wh2_main_skill_node_set_hef_mage_high_innate_17,wh2_main_skill_innate_hef_mage_battle_3_primed,1,wh3_main_effect_spell_targeting_range_all,data/skill_trees/characters/high_elves/Mage_High.csv,285,,ability_group_bindings,data/effect_semantics/source_exports/db/effect_bonus_value_special_ability_group_junctions_tables/data__.tsv,334,target_intercept_range_mod,ability_group,wh3_dlc23_lore_hashut_upgraded
wh2_main_hef_mage_high,wh2_main_skill_node_set_hef_mage_high,wh2_main_skill_node_set_hef_mage_high_innate_17,wh2_main_skill_innate_hef_mage_battle_3_primed,1,wh3_main_effect_spell_targeting_range_all,data/skill_trees/characters/high_elves/Mage_High.csv,285,,ability_group_bindings,data/effect_semantics/source_exports/db/effect_bonus_value_special_ability_group_junctions_tables/data__.tsv,335,target_intercept_range_mod,ability_group,wh3_dlc24_lore_hag
wh2_main_hef_mage_high,wh2_main_skill_node_set_hef_mage_high,wh2_main_skill_node_set_hef_mage_high_innate_17,wh2_main_skill_innate_hef_mage_battle_3_primed,1,wh3_main_effect_spell_targeting_range_all,data/skill_trees/characters/high_elves/Mage_High.csv,285,,ability_group_bindings,data/effect_semantics/source_exports/db/effect_bonus_value_special_ability_group_junctions_tables/data__.tsv,336,target_intercept_range_mod,ability_group,wh3_dlc24_lore_hag_upgraded
wh2_main_hef_mage_high,wh2_main_skill_node_set_hef_mage_high,wh2_main_skill_node_set_hef_mage_high_innate_17,wh2_main_skill_innate_hef_mage_battle_3_primed,1,wh3_main_effect_spell_targeting_range_all,data/skill_trees/characters/high_elves/Mage_High.csv,285,,ability_group_bindings,data/effect_semantics/source_exports/db/effect_bonus_value_special_ability_group_junctions_tables/data__.tsv,337,target_intercept_range_mod,ability_group,wh3_dlc27_lore_mists
wh2_main_hef_mage_high,wh2_main_skill_node_set_hef_mage_high,wh2_main_skill_node_set_hef_mage_high_innate_17,wh2_main_skill_innate_hef_mage_battle_3_primed,1,wh3_main_effect_spell_targeting_range_all,data/skill_trees/characters/high_elves/Mage_High.csv,285,,ability_group_bindings,data/effect_semantics/source_exports/db/effect_bonus_value_special_ability_group_junctions_tables/data__.tsv,338,target_intercept_range_mod,ability_group,wh3_dlc27_lore_mists_upgraded
wh2_main_hef_mage_high,wh2_main_skill_node_set_hef_mage_high,wh2_main_skill_node_set_hef_mage_high_innate_17,wh2_main_skill_innate_hef_mage_battle_3_primed,1,wh3_main_effect_spell_targeting_range_all,data/skill_trees/characters/high_elves/Mage_High.csv,285,,ability_group_bindings,data/effect_semantics/source_exports/db/effect_bonus_value_special_ability_group_junctions_tables/data__.tsv,339,target_intercept_range_mod,ability_group,wh3_main_lore_nurgle
wh2_main_hef_mage_high,wh2_main_skill_node_set_hef_mage_high,wh2_main_skill_node_set_hef_mage_high_innate_17,wh2_main_skill_innate_hef_mage_battle_3_primed,1,wh3_main_effect_spell_targeting_range_all,data/skill_trees/characters/high_elves/Mage_High.csv,285,,ability_group_bindings,data/effect_semantics/source_exports/db/effect_bonus_value_special_ability_group_junctions_tables/data__.tsv,340,target_intercept_range_mod,ability_group,wh3_main_lore_nurgle_upgraded
wh2_main_hef_mage_high,wh2_main_skill_node_set_hef_mage_high,wh2_main_skill_node_set_hef_mage_high_innate_17,wh2_main_skill_innate_hef_mage_battle_3_primed,1,wh3_main_effect_spell_targeting_range_all,data/skill_trees/characters/high_elves/Mage_High.csv,285,,ability_group_bindings,data/effect_semantics/source_exports/db/effect_bonus_value_special_ability_group_junctions_tables/data__.tsv,341,target_intercept_range_mod,ability_group,wh3_main_lore_of_great_maw
wh2_main_hef_mage_high,wh2_main_skill_node_set_hef_mage_high,wh2_main_skill_node_set_hef_mage_high_innate_17,wh2_main_skill_innate_hef_mage_battle_3_primed,1,wh3_main_effect_spell_targeting_range_all,data/skill_trees/characters/high_elves/Mage_High.csv,285,,ability_group_bindings,data/effect_semantics/source_exports/db/effect_bonus_value_special_ability_group_junctions_tables/data__.tsv,342,target_intercept_range_mod,ability_group,wh3_main_lore_of_great_maw_upgraded
wh2_main_hef_mage_high,wh2_main_skill_node_set_hef_mage_high,wh2_main_skill_node_set_hef_mage_high_innate_17,wh2_main_skill_innate_hef_mage_battle_3_primed,1,wh3_main_effect_spell_targeting_range_all,data/skill_trees/characters/high_elves/Mage_High.csv,285,,ability_group_bindings,data/effect_semantics/source_exports/db/effect_bonus_value_special_ability_group_junctions_tables/data__.tsv,343,target_intercept_range_mod,ability_group,wh3_main_lore_of_ice
wh2_main_hef_mage_high,wh2_main_skill_node_set_hef_mage_high,wh2_main_skill_node_set_hef_mage_high_innate_17,wh2_main_skill_innate_hef_mage_battle_3_primed,1,wh3_main_effect_spell_targeting_range_all,data/skill_trees/characters/high_elves/Mage_High.csv,285,,ability_group_bindings,data/effect_semantics/source_exports/db/effect_bonus_value_special_ability_group_junctions_tables/data__.tsv,344,target_intercept_range_mod,ability_group,wh3_main_lore_of_ice_upgraded
wh2_main_hef_mage_high,wh2_main_skill_node_set_hef_mage_high,wh2_main_skill_node_set_hef_mage_high_innate_17,wh2_main_skill_innate_hef_mage_battle_3_primed,1,wh3_main_effect_spell_targeting_range_all,data/skill_trees/characters/high_elves/Mage_High.csv,285,,ability_group_bindings,data/effect_semantics/source_exports/db/effect_bonus_value_special_ability_group_junctions_tables/data__.tsv,345,target_intercept_range_mod,ability_group,wh3_main_lore_of_tempest
wh2_main_hef_mage_high,wh2_main_skill_node_set_hef_mage_high,wh2_main_skill_node_set_hef_mage_high_innate_17,wh2_main_skill_innate_hef_mage_battle_3_primed,1,wh3_main_effect_spell_targeting_range_all,data/skill_trees/characters/high_elves/Mage_High.csv,285,,ability_group_bindings,data/effect_semantics/source_exports/db/effect_bonus_value_special_ability_group_junctions_tables/data__.tsv,346,target_intercept_range_mod,ability_group,wh3_main_lore_of_tempest_upgraded
wh2_main_hef_mage_high,wh2_main_skill_node_set_hef_mage_high,wh2_main_skill_node_set_hef_mage_high_innate_17,wh2_main_skill_innate_hef_mage_battle_3_primed,1,wh3_main_effect_spell_targeting_range_all,data/skill_trees/characters/high_elves/Mage_High.csv,285,,ability_group_bindings,data/effect_semantics/source_exports/db/effect_bonus_value_special_ability_group_junctions_tables/data__.tsv,347,target_intercept_range_mod,ability_group,wh3_main_lore_of_yang
wh2_main_hef_mage_high,wh2_main_skill_node_set_hef_mage_high,wh2_main_skill_node_set_hef_mage_high_innate_17,wh2_main_skill_innate_hef_mage_battle_3_primed,1,wh3_main_effect_spell_targeting_range_all,data/skill_trees/characters/high_elves/Mage_High.csv,285,,ability_group_bindings,data/effect_semantics/source_exports/db/effect_bonus_value_special_ability_group_junctions_tables/data__.tsv,348,target_intercept_range_mod,ability_group,wh3_main_lore_of_yang_upgraded
wh2_main_hef_mage_high,wh2_main_skill_node_set_hef_mage_high,wh2_main_skill_node_set_hef_mage_high_innate_17,wh2_main_skill_innate_hef_mage_battle_3_primed,1,wh3_main_effect_spell_targeting_range_all,data/skill_trees/characters/high_elves/Mage_High.csv,285,,ability_group_bindings,data/effect_semantics/source_exports/db/effect_bonus_value_special_ability_group_junctions_tables/data__.tsv,349,target_intercept_range_mod,ability_group,wh3_main_lore_of_yin
wh2_main_hef_mage_high,wh2_main_skill_node_set_hef_mage_high,wh2_main_skill_node_set_hef_mage_high_innate_17,wh2_main_skill_innate_hef_mage_battle_3_primed,1,wh3_main_effect_spell_targeting_range_all,data/skill_trees/characters/high_elves/Mage_High.csv,285,,ability_group_bindings,data/effect_semantics/source_exports/db/effect_bonus_value_special_ability_group_junctions_tables/data__.tsv,350,target_intercept_range_mod,ability_group,wh3_main_lore_of_yin_upgraded
wh2_main_hef_mage_high,wh2_main_skill_node_set_hef_mage_high,wh2_main_skill_node_set_hef_mage_high_innate_17,wh2_main_skill_innate_hef_mage_battle_3_primed,1,wh3_main_effect_spell_targeting_range_all,data/skill_trees/characters/high_elves/Mage_High.csv,285,,ability_group_bindings,data/effect_semantics/source_exports/db/effect_bonus_value_special_ability_group_junctions_tables/data__.tsv,351,target_intercept_range_mod,ability_group,wh3_main_lore_slaanesh
wh2_main_hef_mage_high,wh2_main_skill_node_set_hef_mage_high,wh2_main_skill_node_set_hef_mage_high_innate_17,wh2_main_skill_innate_hef_mage_battle_3_primed,1,wh3_main_effect_spell_targeting_range_all,data/skill_trees/characters/high_elves/Mage_High.csv,285,,ability_group_bindings,data/effect_semantics/source_exports/db/effect_bonus_value_special_ability_group_junctions_tables/data__.tsv,352,target_intercept_range_mod,ability_group,wh3_main_lore_slaanesh_upgraded
wh2_main_hef_mage_high,wh2_main_skill_node_set_hef_mage_high,wh2_main_skill_node_set_hef_mage_high_innate_17,wh2_main_skill_innate_hef_mage_battle_3_primed,1,wh3_main_effect_spell_targeting_range_all,data/skill_trees/characters/high_elves/Mage_High.csv,285,,ability_group_bindings,data/effect_semantics/source_exports/db/effect_bonus_value_special_ability_group_junctions_tables/data__.tsv,353,target_intercept_range_mod,ability_group,wh3_main_lore_tzeentch
wh2_main_hef_mage_high,wh2_main_skill_node_set_hef_mage_high,wh2_main_skill_node_set_hef_mage_high_innate_17,wh2_main_skill_innate_hef_mage_battle_3_primed,1,wh3_main_effect_spell_targeting_range_all,data/skill_trees/characters/high_elves/Mage_High.csv,285,,ability_group_bindings,data/effect_semantics/source_exports/db/effect_bonus_value_special_ability_group_junctions_tables/data__.tsv,354,target_intercept_range_mod,ability_group,wh3_main_lore_tzeentch_upgraded
wh2_main_hef_mage_high,wh2_main_skill_node_set_hef_mage_high,wh2_main_skill_node_set_hef_mage_high_innate_17,wh2_main_skill_innate_hef_mage_battle_3_primed,1,wh3_main_effect_spell_targeting_range_all,data/skill_trees/characters/high_elves/Mage_High.csv,285,,ability_group_bindings,data/effect_semantics/source_exports/db/effect_bonus_value_special_ability_group_junctions_tables/data__.tsv,355,target_intercept_range_mod,ability_group,wh_dlc03_lore_beasts
wh2_main_hef_mage_high,wh2_main_skill_node_set_hef_mage_high,wh2_main_skill_node_set_hef_mage_high_innate_17,wh2_main_skill_innate_hef_mage_battle_3_primed,1,wh3_main_effect_spell_targeting_range_all,data/skill_trees/characters/high_elves/Mage_High.csv,285,,ability_group_bindings,data/effect_semantics/source_exports/db/effect_bonus_value_special_ability_group_junctions_tables/data__.tsv,356,target_intercept_range_mod,ability_group,wh_dlc03_lore_beasts_upgraded
wh2_main_hef_mage_high,wh2_main_skill_node_set_hef_mage_high,wh2_main_skill_node_set_hef_mage_high_innate_17,wh2_main_skill_innate_hef_mage_battle_3_primed,1,wh3_main_effect_spell_targeting_range_all,data/skill_trees/characters/high_elves/Mage_High.csv,285,,ability_group_bindings,data/effect_semantics/source_exports/db/effect_bonus_value_special_ability_group_junctions_tables/data__.tsv,357,target_intercept_range_mod,ability_group,wh_dlc03_lore_wild
wh2_main_hef_mage_high,wh2_main_skill_node_set_hef_mage_high,wh2_main_skill_node_set_hef_mage_high_innate_17,wh2_main_skill_innate_hef_mage_battle_3_primed,1,wh3_main_effect_spell_targeting_range_all,data/skill_trees/characters/high_elves/Mage_High.csv,285,,ability_group_bindings,data/effect_semantics/source_exports/db/effect_bonus_value_special_ability_group_junctions_tables/data__.tsv,358,target_intercept_range_mod,ability_group,wh_dlc03_lore_wild_upgraded
wh2_main_hef_mage_high,wh2_main_skill_node_set_hef_mage_high,wh2_main_skill_node_set_hef_mage_high_innate_17,wh2_main_skill_innate_hef_mage_battle_3_primed,1,wh3_main_effect_spell_targeting_range_all,data/skill_trees/characters/high_elves/Mage_High.csv,285,,ability_group_bindings,data/effect_semantics/source_exports/db/effect_bonus_value_special_ability_group_junctions_tables/data__.tsv,359,target_intercept_range_mod,ability_group,wh_dlc05_lore_life
wh2_main_hef_mage_high,wh2_main_skill_node_set_hef_mage_high,wh2_main_skill_node_set_hef_mage_high_innate_17,wh2_main_skill_innate_hef_mage_battle_3_primed,1,wh3_main_effect_spell_targeting_range_all,data/skill_trees/characters/high_elves/Mage_High.csv,285,,ability_group_bindings,data/effect_semantics/source_exports/db/effect_bonus_value_special_ability_group_junctions_tables/data__.tsv,360,target_intercept_range_mod,ability_group,wh_dlc05_lore_life_upgraded
wh2_main_hef_mage_high,wh2_main_skill_node_set_hef_mage_high,wh2_main_skill_node_set_hef_mage_high_innate_17,wh2_main_skill_innate_hef_mage_battle_3_primed,1,wh3_main_effect_spell_targeting_range_all,data/skill_trees/characters/high_elves/Mage_High.csv,285,,ability_group_bindings,data/effect_semantics/source_exports/db/effect_bonus_value_special_ability_group_junctions_tables/data__.tsv,361,target_intercept_range_mod,ability_group,wh_dlc05_lore_shadows
wh2_main_hef_mage_high,wh2_main_skill_node_set_hef_mage_high,wh2_main_skill_node_set_hef_mage_high_innate_17,wh2_main_skill_innate_hef_mage_battle_3_primed,1,wh3_main_effect_spell_targeting_range_all,data/skill_trees/characters/high_elves/Mage_High.csv,285,,ability_group_bindings,data/effect_semantics/source_exports/db/effect_bonus_value_special_ability_group_junctions_tables/data__.tsv,362,target_intercept_range_mod,ability_group,wh_dlc05_lore_shadows_upgraded
wh2_main_hef_mage_high,wh2_main_skill_node_set_hef_mage_high,wh2_main_skill_node_set_hef_mage_high_innate_17,wh2_main_skill_innate_hef_mage_battle_3_primed,1,wh3_main_effect_spell_targeting_range_all,data/skill_trees/characters/high_elves/Mage_High.csv,285,,ability_group_bindings,data/effect_semantics/source_exports/db/effect_bonus_value_special_ability_group_junctions_tables/data__.tsv,363,target_intercept_range_mod,ability_group,wh_main_lore_big_waaagh
wh2_main_hef_mage_high,wh2_main_skill_node_set_hef_mage_high,wh2_main_skill_node_set_hef_mage_high_innate_17,wh2_main_skill_innate_hef_mage_battle_3_primed,1,wh3_main_effect_spell_targeting_range_all,data/skill_trees/characters/high_elves/Mage_High.csv,285,,ability_group_bindings,data/effect_semantics/source_exports/db/effect_bonus_value_special_ability_group_junctions_tables/data__.tsv,364,target_intercept_range_mod,ability_group,wh_main_lore_big_waaagh_upgraded
wh2_main_hef_mage_high,wh2_main_skill_node_set_hef_mage_high,wh2_main_skill_node_set_hef_mage_high_innate_17,wh2_main_skill_innate_hef_mage_battle_3_primed,1,wh3_main_effect_spell_targeting_range_all,data/skill_trees/characters/high_elves/Mage_High.csv,285,,ability_group_bindings,data/effect_semantics/source_exports/db/effect_bonus_value_special_ability_group_junctions_tables/data__.tsv,365,target_intercept_range_mod,ability_group,wh_main_lore_death
wh2_main_hef_mage_high,wh2_main_skill_node_set_hef_mage_high,wh2_main_skill_node_set_hef_mage_high_innate_17,wh2_main_skill_innate_hef_mage_battle_3_primed,1,wh3_main_effect_spell_targeting_range_all,data/skill_trees/characters/high_elves/Mage_High.csv,285,,ability_group_bindings,data/effect_semantics/source_exports/db/effect_bonus_value_special_ability_group_junctions_tables/data__.tsv,366,target_intercept_range_mod,ability_group,wh_main_lore_death_upgraded
wh2_main_hef_mage_high,wh2_main_skill_node_set_hef_mage_high,wh2_main_skill_node_set_hef_mage_high_innate_17,wh2_main_skill_innate_hef_mage_battle_3_primed,1,wh3_main_effect_spell_targeting_range_all,data/skill_trees/characters/high_elves/Mage_High.csv,285,,ability_group_bindings,data/effect_semantics/source_exports/db/effect_bonus_value_special_ability_group_junctions_tables/data__.tsv,367,target_intercept_range_mod,ability_group,wh_main_lore_fire
wh2_main_hef_mage_high,wh2_main_skill_node_set_hef_mage_high,wh2_main_skill_node_set_hef_mage_high_innate_17,wh2_main_skill_innate_hef_mage_battle_3_primed,1,wh3_main_effect_spell_targeting_range_all,data/skill_trees/characters/high_elves/Mage_High.csv,285,,ability_group_bindings,data/effect_semantics/source_exports/db/effect_bonus_value_special_ability_group_junctions_tables/data__.tsv,368,target_intercept_range_mod,ability_group,wh_main_lore_fire_upgraded
wh2_main_hef_mage_high,wh2_main_skill_node_set_hef_mage_high,wh2_main_skill_node_set_hef_mage_high_innate_17,wh2_main_skill_innate_hef_mage_battle_3_primed,1,wh3_main_effect_spell_targeting_range_all,data/skill_trees/characters/high_elves/Mage_High.csv,285,,ability_group_bindings,data/effect_semantics/source_exports/db/effect_bonus_value_special_ability_group_junctions_tables/data__.tsv,369,target_intercept_range_mod,ability_group,wh_main_lore_heavens
wh2_main_hef_mage_high,wh2_main_skill_node_set_hef_mage_high,wh2_main_skill_node_set_hef_mage_high_innate_17,wh2_main_skill_innate_hef_mage_battle_3_primed,1,wh3_main_effect_spell_targeting_range_all,data/skill_trees/characters/high_elves/Mage_High.csv,285,,ability_group_bindings,data/effect_semantics/source_exports/db/effect_bonus_value_special_ability_group_junctions_tables/data__.tsv,370,target_intercept_range_mod,ability_group,wh_main_lore_heavens_upgraded
wh2_main_hef_mage_high,wh2_main_skill_node_set_hef_mage_high,wh2_main_skill_node_set_hef_mage_high_innate_17,wh2_main_skill_innate_hef_mage_battle_3_primed,1,wh3_main_effect_spell_targeting_range_all,data/skill_trees/characters/high_elves/Mage_High.csv,285,,ability_group_bindings,data/effect_semantics/source_exports/db/effect_bonus_value_special_ability_group_junctions_tables/data__.tsv,371,target_intercept_range_mod,ability_group,wh_main_lore_light
wh2_main_hef_mage_high,wh2_main_skill_node_set_hef_mage_high,wh2_main_skill_node_set_hef_mage_high_innate_17,wh2_main_skill_innate_hef_mage_battle_3_primed,1,wh3_main_effect_spell_targeting_range_all,data/skill_trees/characters/high_elves/Mage_High.csv,285,,ability_group_bindings,data/effect_semantics/source_exports/db/effect_bonus_value_special_ability_group_junctions_tables/data__.tsv,372,target_intercept_range_mod,ability_group,wh_main_lore_light_upgraded
wh2_main_hef_mage_high,wh2_main_skill_node_set_hef_mage_high,wh2_main_skill_node_set_hef_mage_high_innate_17,wh2_main_skill_innate_hef_mage_battle_3_primed,1,wh3_main_effect_spell_targeting_range_all,data/skill_trees/characters/high_elves/Mage_High.csv,285,,ability_group_bindings,data/effect_semantics/source_exports/db/effect_bonus_value_special_ability_group_junctions_tables/data__.tsv,373,target_intercept_range_mod,ability_group,wh_main_lore_lil_waaagh
wh2_main_hef_mage_high,wh2_main_skill_node_set_hef_mage_high,wh2_main_skill_node_set_hef_mage_high_innate_17,wh2_main_skill_innate_hef_mage_battle_3_primed,1,wh3_main_effect_spell_targeting_range_all,data/skill_trees/characters/high_elves/Mage_High.csv,285,,ability_group_bindings,data/effect_semantics/source_exports/db/effect_bonus_value_special_ability_group_junctions_tables/data__.tsv,374,target_intercept_range_mod,ability_group,wh_main_lore_lil_waaagh_upgraded
wh2_main_hef_mage_high,wh2_main_skill_node_set_hef_mage_high,wh2_main_skill_node_set_hef_mage_high_innate_17,wh2_main_skill_innate_hef_mage_battle_3_primed,1,wh3_main_effect_spell_targeting_range_all,data/skill_trees/characters/high_elves/Mage_High.csv,285,,ability_group_bindings,data/effect_semantics/source_exports/db/effect_bonus_value_special_ability_group_junctions_tables/data__.tsv,375,target_intercept_range_mod,ability_group,wh_main_lore_metal
wh2_main_hef_mage_high,wh2_main_skill_node_set_hef_mage_high,wh2_main_skill_node_set_hef_mage_high_innate_17,wh2_main_skill_innate_hef_mage_battle_3_primed,1,wh3_main_effect_spell_targeting_range_all,data/skill_trees/characters/high_elves/Mage_High.csv,285,,ability_group_bindings,data/effect_semantics/source_exports/db/effect_bonus_value_special_ability_group_junctions_tables/data__.tsv,376,target_intercept_range_mod,ability_group,wh_main_lore_metal_upgraded
wh2_main_hef_mage_high,wh2_main_skill_node_set_hef_mage_high,wh2_main_skill_node_set_hef_mage_high_innate_17,wh2_main_skill_innate_hef_mage_battle_3_primed,1,wh3_main_effect_spell_targeting_range_all,data/skill_trees/characters/high_elves/Mage_High.csv,285,,ability_group_bindings,data/effect_semantics/source_exports/db/effect_bonus_value_special_ability_group_junctions_tables/data__.tsv,377,target_intercept_range_mod,ability_group,wh_main_lore_vampires
wh2_main_hef_mage_high,wh2_main_skill_node_set_hef_mage_high,wh2_main_skill_node_set_hef_mage_high_innate_17,wh2_main_skill_innate_hef_mage_battle_3_primed,1,wh3_main_effect_spell_targeting_range_all,data/skill_trees/characters/high_elves/Mage_High.csv,285,,ability_group_bindings,data/effect_semantics/source_exports/db/effect_bonus_value_special_ability_group_junctions_tables/data__.tsv,378,target_intercept_range_mod,ability_group,wh_main_lore_vampires_upgraded
wh2_main_hef_mage_high,wh2_main_skill_node_set_hef_mage_high,wh2_main_skill_node_set_hef_mage_high_innate_18,wh2_main_skill_innate_hef_mage_battle_7_conductor,1,wh2_main_effect_ability_overcast_urannons_thunderbolt,data/skill_trees/characters/high_elves/Mage_High.csv,288,wh_main_spell_heavens_urannons_thunderbolt,ability_bindings,data/effect_semantics/source_exports/db/effect_bonus_value_unit_ability_junctions_tables/data__.tsv,1406,enable_overchage,ability,wh_main_spell_heavens_urannons_thunderbolt
wh2_main_hef_mage_high,wh2_main_skill_node_set_hef_mage_high,wh2_main_skill_node_set_hef_mage_high_innate_18,wh2_main_skill_innate_hef_mage_battle_7_conductor,1,wh2_main_effect_ability_overcast_urannons_thunderbolt,data/skill_trees/characters/high_elves/Mage_High.csv,288,wh_main_spell_heavens_urannons_thunderbolt,ability_bindings,data/effect_semantics/source_exports/db/effect_bonus_value_unit_ability_junctions_tables/data__.tsv,1407,enable,ability,wh_main_spell_heavens_urannons_thunderbolt
wh2_main_hef_mage_high,wh2_main_skill_node_set_hef_mage_high,wh2_main_skill_node_set_hef_mage_high_innate_18,wh2_main_skill_innate_hef_mage_battle_7_conductor,1,wh3_main_effect_spell_targeting_range_all,data/skill_trees/characters/high_elves/Mage_High.csv,289,,ability_group_bindings,data/effect_semantics/source_exports/db/effect_bonus_value_special_ability_group_junctions_tables/data__.tsv,318,target_intercept_range_mod,ability_group,wh2_dlc09_lore_nehekhara
wh2_main_hef_mage_high,wh2_main_skill_node_set_hef_mage_high,wh2_main_skill_node_set_hef_mage_high_innate_18,wh2_main_skill_innate_hef_mage_battle_7_conductor,1,wh3_main_effect_spell_targeting_range_all,data/skill_trees/characters/high_elves/Mage_High.csv,289,,ability_group_bindings,data/effect_semantics/source_exports/db/effect_bonus_value_special_ability_group_junctions_tables/data__.tsv,319,target_intercept_range_mod,ability_group,wh2_dlc09_lore_nehekhara_upgraded
wh2_main_hef_mage_high,wh2_main_skill_node_set_hef_mage_high,wh2_main_skill_node_set_hef_mage_high_innate_18,wh2_main_skill_innate_hef_mage_battle_7_conductor,1,wh3_main_effect_spell_targeting_range_all,data/skill_trees/characters/high_elves/Mage_High.csv,289,,ability_group_bindings,data/effect_semantics/source_exports/db/effect_bonus_value_special_ability_group_junctions_tables/data__.tsv,320,target_intercept_range_mod,ability_group,wh2_dlc11_lore_deep
wh2_main_hef_mage_high,wh2_main_skill_node_set_hef_mage_high,wh2_main_skill_node_set_hef_mage_high_innate_18,wh2_main_skill_innate_hef_mage_battle_7_conductor,1,wh3_main_effect_spell_targeting_range_all,data/skill_trees/characters/high_elves/Mage_High.csv,289,,ability_group_bindings,data/effect_semantics/source_exports/db/effect_bonus_value_special_ability_group_junctions_tables/data__.tsv,321,target_intercept_range_mod,ability_group,wh2_dlc11_lore_deep_upgraded
wh2_main_hef_mage_high,wh2_main_skill_node_set_hef_mage_high,wh2_main_skill_node_set_hef_mage_high_innate_18,wh2_main_skill_innate_hef_mage_battle_7_conductor,1,wh3_main_effect_spell_targeting_range_all,data/skill_trees/characters/high_elves/Mage_High.csv,289,,ability_group_bindings,data/effect_semantics/source_exports/db/effect_bonus_value_special_ability_group_junctions_tables/data__.tsv,322,target_intercept_range_mod,ability_group,wh2_dlc12_lore_lord_kroak
wh2_main_hef_mage_high,wh2_main_skill_node_set_hef_mage_high,wh2_main_skill_node_set_hef_mage_high_innate_18,wh2_main_skill_innate_hef_mage_battle_7_conductor,1,wh3_main_effect_spell_targeting_range_all,data/skill_trees/characters/high_elves/Mage_High.csv,289,,ability_group_bindings,data/effect_semantics/source_exports/db/effect_bonus_value_special_ability_group_junctions_tables/data__.tsv,323,target_intercept_range_mod,ability_group,wh2_dlc14_lore_stealth
wh2_main_hef_mage_high,wh2_main_skill_node_set_hef_mage_high,wh2_main_skill_node_set_hef_mage_high_innate_18,wh2_main_skill_innate_hef_mage_battle_7_conductor,1,wh3_main_effect_spell_targeting_range_all,data/skill_trees/characters/high_elves/Mage_High.csv,289,,ability_group_bindings,data/effect_semantics/source_exports/db/effect_bonus_value_special_ability_group_junctions_tables/data__.tsv,324,target_intercept_range_mod,ability_group,wh2_dlc14_lore_stealth_upgraded
wh2_main_hef_mage_high,wh2_main_skill_node_set_hef_mage_high,wh2_main_skill_node_set_hef_mage_high_innate_18,wh2_main_skill_innate_hef_mage_battle_7_conductor,1,wh3_main_effect_spell_targeting_range_all,data/skill_trees/characters/high_elves/Mage_High.csv,289,,ability_group_bindings,data/effect_semantics/source_exports/db/effect_bonus_value_special_ability_group_junctions_tables/data__.tsv,325,target_intercept_range_mod,ability_group,wh2_main_lore_dark_magic
wh2_main_hef_mage_high,wh2_main_skill_node_set_hef_mage_high,wh2_main_skill_node_set_hef_mage_high_innate_18,wh2_main_skill_innate_hef_mage_battle_7_conductor,1,wh3_main_effect_spell_targeting_range_all,data/skill_trees/characters/high_elves/Mage_High.csv,289,,ability_group_bindings,data/effect_semantics/source_exports/db/effect_bonus_value_special_ability_group_junctions_tables/data__.tsv,326,target_intercept_range_mod,ability_group,wh2_main_lore_dark_magic_upgraded
wh2_main_hef_mage_high,wh2_main_skill_node_set_hef_mage_high,wh2_main_skill_node_set_hef_mage_high_innate_18,wh2_main_skill_innate_hef_mage_battle_7_conductor,1,wh3_main_effect_spell_targeting_range_all,data/skill_trees/characters/high_elves/Mage_High.csv,289,,ability_group_bindings,data/effect_semantics/source_exports/db/effect_bonus_value_special_ability_group_junctions_tables/data__.tsv,327,target_intercept_range_mod,ability_group,wh2_main_lore_high_magic
wh2_main_hef_mage_high,wh2_main_skill_node_set_hef_mage_high,wh2_main_skill_node_set_hef_mage_high_innate_18,wh2_main_skill_innate_hef_mage_battle_7_conductor,1,wh3_main_effect_spell_targeting_range_all,data/skill_trees/characters/high_elves/Mage_High.csv,289,,ability_group_bindings,data/effect_semantics/source_exports/db/effect_bonus_value_special_ability_group_junctions_tables/data__.tsv,328,target_intercept_range_mod,ability_group,wh2_main_lore_high_magic_upgraded
wh2_main_hef_mage_high,wh2_main_skill_node_set_hef_mage_high,wh2_main_skill_node_set_hef_mage_high_innate_18,wh2_main_skill_innate_hef_mage_battle_7_conductor,1,wh3_main_effect_spell_targeting_range_all,data/skill_trees/characters/high_elves/Mage_High.csv,289,,ability_group_bindings,data/effect_semantics/source_exports/db/effect_bonus_value_special_ability_group_junctions_tables/data__.tsv,329,target_intercept_range_mod,ability_group,wh2_main_lore_plague
wh2_main_hef_mage_high,wh2_main_skill_node_set_hef_mage_high,wh2_main_skill_node_set_hef_mage_high_innate_18,wh2_main_skill_innate_hef_mage_battle_7_conductor,1,wh3_main_effect_spell_targeting_range_all,data/skill_trees/characters/high_elves/Mage_High.csv,289,,ability_group_bindings,data/effect_semantics/source_exports/db/effect_bonus_value_special_ability_group_junctions_tables/data__.tsv,330,target_intercept_range_mod,ability_group,wh2_main_lore_plague_upgraded
wh2_main_hef_mage_high,wh2_main_skill_node_set_hef_mage_high,wh2_main_skill_node_set_hef_mage_high_innate_18,wh2_main_skill_innate_hef_mage_battle_7_conductor,1,wh3_main_effect_spell_targeting_range_all,data/skill_trees/characters/high_elves/Mage_High.csv,289,,ability_group_bindings,data/effect_semantics/source_exports/db/effect_bonus_value_special_ability_group_junctions_tables/data__.tsv,331,target_intercept_range_mod,ability_group,wh2_main_lore_ruin
wh2_main_hef_mage_high,wh2_main_skill_node_set_hef_mage_high,wh2_main_skill_node_set_hef_mage_high_innate_18,wh2_main_skill_innate_hef_mage_battle_7_conductor,1,wh3_main_effect_spell_targeting_range_all,data/skill_trees/characters/high_elves/Mage_High.csv,289,,ability_group_bindings,data/effect_semantics/source_exports/db/effect_bonus_value_special_ability_group_junctions_tables/data__.tsv,332,target_intercept_range_mod,ability_group,wh2_main_lore_ruin_upgraded
wh2_main_hef_mage_high,wh2_main_skill_node_set_hef_mage_high,wh2_main_skill_node_set_hef_mage_high_innate_18,wh2_main_skill_innate_hef_mage_battle_7_conductor,1,wh3_main_effect_spell_targeting_range_all,data/skill_trees/characters/high_elves/Mage_High.csv,289,,ability_group_bindings,data/effect_semantics/source_exports/db/effect_bonus_value_special_ability_group_junctions_tables/data__.tsv,333,target_intercept_range_mod,ability_group,wh3_dlc23_lore_hashut
wh2_main_hef_mage_high,wh2_main_skill_node_set_hef_mage_high,wh2_main_skill_node_set_hef_mage_high_innate_18,wh2_main_skill_innate_hef_mage_battle_7_conductor,1,wh3_main_effect_spell_targeting_range_all,data/skill_trees/characters/high_elves/Mage_High.csv,289,,ability_group_bindings,data/effect_semantics/source_exports/db/effect_bonus_value_special_ability_group_junctions_tables/data__.tsv,334,target_intercept_range_mod,ability_group,wh3_dlc23_lore_hashut_upgraded
wh2_main_hef_mage_high,wh2_main_skill_node_set_hef_mage_high,wh2_main_skill_node_set_hef_mage_high_innate_18,wh2_main_skill_innate_hef_mage_battle_7_conductor,1,wh3_main_effect_spell_targeting_range_all,data/skill_trees/characters/high_elves/Mage_High.csv,289,,ability_group_bindings,data/effect_semantics/source_exports/db/effect_bonus_value_special_ability_group_junctions_tables/data__.tsv,335,target_intercept_range_mod,ability_group,wh3_dlc24_lore_hag
wh2_main_hef_mage_high,wh2_main_skill_node_set_hef_mage_high,wh2_main_skill_node_set_hef_mage_high_innate_18,wh2_main_skill_innate_hef_mage_battle_7_conductor,1,wh3_main_effect_spell_targeting_range_all,data/skill_trees/characters/high_elves/Mage_High.csv,289,,ability_group_bindings,data/effect_semantics/source_exports/db/effect_bonus_value_special_ability_group_junctions_tables/data__.tsv,336,target_intercept_range_mod,ability_group,wh3_dlc24_lore_hag_upgraded
wh2_main_hef_mage_high,wh2_main_skill_node_set_hef_mage_high,wh2_main_skill_node_set_hef_mage_high_innate_18,wh2_main_skill_innate_hef_mage_battle_7_conductor,1,wh3_main_effect_spell_targeting_range_all,data/skill_trees/characters/high_elves/Mage_High.csv,289,,ability_group_bindings,data/effect_semantics/source_exports/db/effect_bonus_value_special_ability_group_junctions_tables/data__.tsv,337,target_intercept_range_mod,ability_group,wh3_dlc27_lore_mists
wh2_main_hef_mage_high,wh2_main_skill_node_set_hef_mage_high,wh2_main_skill_node_set_hef_mage_high_innate_18,wh2_main_skill_innate_hef_mage_battle_7_conductor,1,wh3_main_effect_spell_targeting_range_all,data/skill_trees/characters/high_elves/Mage_High.csv,289,,ability_group_bindings,data/effect_semantics/source_exports/db/effect_bonus_value_special_ability_group_junctions_tables/data__.tsv,338,target_intercept_range_mod,ability_group,wh3_dlc27_lore_mists_upgraded
wh2_main_hef_mage_high,wh2_main_skill_node_set_hef_mage_high,wh2_main_skill_node_set_hef_mage_high_innate_18,wh2_main_skill_innate_hef_mage_battle_7_conductor,1,wh3_main_effect_spell_targeting_range_all,data/skill_trees/characters/high_elves/Mage_High.csv,289,,ability_group_bindings,data/effect_semantics/source_exports/db/effect_bonus_value_special_ability_group_junctions_tables/data__.tsv,339,target_intercept_range_mod,ability_group,wh3_main_lore_nurgle
wh2_main_hef_mage_high,wh2_main_skill_node_set_hef_mage_high,wh2_main_skill_node_set_hef_mage_high_innate_18,wh2_main_skill_innate_hef_mage_battle_7_conductor,1,wh3_main_effect_spell_targeting_range_all,data/skill_trees/characters/high_elves/Mage_High.csv,289,,ability_group_bindings,data/effect_semantics/source_exports/db/effect_bonus_value_special_ability_group_junctions_tables/data__.tsv,340,target_intercept_range_mod,ability_group,wh3_main_lore_nurgle_upgraded
wh2_main_hef_mage_high,wh2_main_skill_node_set_hef_mage_high,wh2_main_skill_node_set_hef_mage_high_innate_18,wh2_main_skill_innate_hef_mage_battle_7_conductor,1,wh3_main_effect_spell_targeting_range_all,data/skill_trees/characters/high_elves/Mage_High.csv,289,,ability_group_bindings,data/effect_semantics/source_exports/db/effect_bonus_value_special_ability_group_junctions_tables/data__.tsv,341,target_intercept_range_mod,ability_group,wh3_main_lore_of_great_maw
wh2_main_hef_mage_high,wh2_main_skill_node_set_hef_mage_high,wh2_main_skill_node_set_hef_mage_high_innate_18,wh2_main_skill_innate_hef_mage_battle_7_conductor,1,wh3_main_effect_spell_targeting_range_all,data/skill_trees/characters/high_elves/Mage_High.csv,289,,ability_group_bindings,data/effect_semantics/source_exports/db/effect_bonus_value_special_ability_group_junctions_tables/data__.tsv,342,target_intercept_range_mod,ability_group,wh3_main_lore_of_great_maw_upgraded
wh2_main_hef_mage_high,wh2_main_skill_node_set_hef_mage_high,wh2_main_skill_node_set_hef_mage_high_innate_18,wh2_main_skill_innate_hef_mage_battle_7_conductor,1,wh3_main_effect_spell_targeting_range_all,data/skill_trees/characters/high_elves/Mage_High.csv,289,,ability_group_bindings,data/effect_semantics/source_exports/db/effect_bonus_value_special_ability_group_junctions_tables/data__.tsv,343,target_intercept_range_mod,ability_group,wh3_main_lore_of_ice
wh2_main_hef_mage_high,wh2_main_skill_node_set_hef_mage_high,wh2_main_skill_node_set_hef_mage_high_innate_18,wh2_main_skill_innate_hef_mage_battle_7_conductor,1,wh3_main_effect_spell_targeting_range_all,data/skill_trees/characters/high_elves/Mage_High.csv,289,,ability_group_bindings,data/effect_semantics/source_exports/db/effect_bonus_value_special_ability_group_junctions_tables/data__.tsv,344,target_intercept_range_mod,ability_group,wh3_main_lore_of_ice_upgraded
wh2_main_hef_mage_high,wh2_main_skill_node_set_hef_mage_high,wh2_main_skill_node_set_hef_mage_high_innate_18,wh2_main_skill_innate_hef_mage_battle_7_conductor,1,wh3_main_effect_spell_targeting_range_all,data/skill_trees/characters/high_elves/Mage_High.csv,289,,ability_group_bindings,data/effect_semantics/source_exports/db/effect_bonus_value_special_ability_group_junctions_tables/data__.tsv,345,target_intercept_range_mod,ability_group,wh3_main_lore_of_tempest
wh2_main_hef_mage_high,wh2_main_skill_node_set_hef_mage_high,wh2_main_skill_node_set_hef_mage_high_innate_18,wh2_main_skill_innate_hef_mage_battle_7_conductor,1,wh3_main_effect_spell_targeting_range_all,data/skill_trees/characters/high_elves/Mage_High.csv,289,,ability_group_bindings,data/effect_semantics/source_exports/db/effect_bonus_value_special_ability_group_junctions_tables/data__.tsv,346,target_intercept_range_mod,ability_group,wh3_main_lore_of_tempest_upgraded
wh2_main_hef_mage_high,wh2_main_skill_node_set_hef_mage_high,wh2_main_skill_node_set_hef_mage_high_innate_18,wh2_main_skill_innate_hef_mage_battle_7_conductor,1,wh3_main_effect_spell_targeting_range_all,data/skill_trees/characters/high_elves/Mage_High.csv,289,,ability_group_bindings,data/effect_semantics/source_exports/db/effect_bonus_value_special_ability_group_junctions_tables/data__.tsv,347,target_intercept_range_mod,ability_group,wh3_main_lore_of_yang
wh2_main_hef_mage_high,wh2_main_skill_node_set_hef_mage_high,wh2_main_skill_node_set_hef_mage_high_innate_18,wh2_main_skill_innate_hef_mage_battle_7_conductor,1,wh3_main_effect_spell_targeting_range_all,data/skill_trees/characters/high_elves/Mage_High.csv,289,,ability_group_bindings,data/effect_semantics/source_exports/db/effect_bonus_value_special_ability_group_junctions_tables/data__.tsv,348,target_intercept_range_mod,ability_group,wh3_main_lore_of_yang_upgraded
wh2_main_hef_mage_high,wh2_main_skill_node_set_hef_mage_high,wh2_main_skill_node_set_hef_mage_high_innate_18,wh2_main_skill_innate_hef_mage_battle_7_conductor,1,wh3_main_effect_spell_targeting_range_all,data/skill_trees/characters/high_elves/Mage_High.csv,289,,ability_group_bindings,data/effect_semantics/source_exports/db/effect_bonus_value_special_ability_group_junctions_tables/data__.tsv,349,target_intercept_range_mod,ability_group,wh3_main_lore_of_yin
wh2_main_hef_mage_high,wh2_main_skill_node_set_hef_mage_high,wh2_main_skill_node_set_hef_mage_high_innate_18,wh2_main_skill_innate_hef_mage_battle_7_conductor,1,wh3_main_effect_spell_targeting_range_all,data/skill_trees/characters/high_elves/Mage_High.csv,289,,ability_group_bindings,data/effect_semantics/source_exports/db/effect_bonus_value_special_ability_group_junctions_tables/data__.tsv,350,target_intercept_range_mod,ability_group,wh3_main_lore_of_yin_upgraded
wh2_main_hef_mage_high,wh2_main_skill_node_set_hef_mage_high,wh2_main_skill_node_set_hef_mage_high_innate_18,wh2_main_skill_innate_hef_mage_battle_7_conductor,1,wh3_main_effect_spell_targeting_range_all,data/skill_trees/characters/high_elves/Mage_High.csv,289,,ability_group_bindings,data/effect_semantics/source_exports/db/effect_bonus_value_special_ability_group_junctions_tables/data__.tsv,351,target_intercept_range_mod,ability_group,wh3_main_lore_slaanesh
wh2_main_hef_mage_high,wh2_main_skill_node_set_hef_mage_high,wh2_main_skill_node_set_hef_mage_high_innate_18,wh2_main_skill_innate_hef_mage_battle_7_conductor,1,wh3_main_effect_spell_targeting_range_all,data/skill_trees/characters/high_elves/Mage_High.csv,289,,ability_group_bindings,data/effect_semantics/source_exports/db/effect_bonus_value_special_ability_group_junctions_tables/data__.tsv,352,target_intercept_range_mod,ability_group,wh3_main_lore_slaanesh_upgraded
wh2_main_hef_mage_high,wh2_main_skill_node_set_hef_mage_high,wh2_main_skill_node_set_hef_mage_high_innate_18,wh2_main_skill_innate_hef_mage_battle_7_conductor,1,wh3_main_effect_spell_targeting_range_all,data/skill_trees/characters/high_elves/Mage_High.csv,289,,ability_group_bindings,data/effect_semantics/source_exports/db/effect_bonus_value_special_ability_group_junctions_tables/data__.tsv,353,target_intercept_range_mod,ability_group,wh3_main_lore_tzeentch
wh2_main_hef_mage_high,wh2_main_skill_node_set_hef_mage_high,wh2_main_skill_node_set_hef_mage_high_innate_18,wh2_main_skill_innate_hef_mage_battle_7_conductor,1,wh3_main_effect_spell_targeting_range_all,data/skill_trees/characters/high_elves/Mage_High.csv,289,,ability_group_bindings,data/effect_semantics/source_exports/db/effect_bonus_value_special_ability_group_junctions_tables/data__.tsv,354,target_intercept_range_mod,ability_group,wh3_main_lore_tzeentch_upgraded
wh2_main_hef_mage_high,wh2_main_skill_node_set_hef_mage_high,wh2_main_skill_node_set_hef_mage_high_innate_18,wh2_main_skill_innate_hef_mage_battle_7_conductor,1,wh3_main_effect_spell_targeting_range_all,data/skill_trees/characters/high_elves/Mage_High.csv,289,,ability_group_bindings,data/effect_semantics/source_exports/db/effect_bonus_value_special_ability_group_junctions_tables/data__.tsv,355,target_intercept_range_mod,ability_group,wh_dlc03_lore_beasts
wh2_main_hef_mage_high,wh2_main_skill_node_set_hef_mage_high,wh2_main_skill_node_set_hef_mage_high_innate_18,wh2_main_skill_innate_hef_mage_battle_7_conductor,1,wh3_main_effect_spell_targeting_range_all,data/skill_trees/characters/high_elves/Mage_High.csv,289,,ability_group_bindings,data/effect_semantics/source_exports/db/effect_bonus_value_special_ability_group_junctions_tables/data__.tsv,356,target_intercept_range_mod,ability_group,wh_dlc03_lore_beasts_upgraded
wh2_main_hef_mage_high,wh2_main_skill_node_set_hef_mage_high,wh2_main_skill_node_set_hef_mage_high_innate_18,wh2_main_skill_innate_hef_mage_battle_7_conductor,1,wh3_main_effect_spell_targeting_range_all,data/skill_trees/characters/high_elves/Mage_High.csv,289,,ability_group_bindings,data/effect_semantics/source_exports/db/effect_bonus_value_special_ability_group_junctions_tables/data__.tsv,357,target_intercept_range_mod,ability_group,wh_dlc03_lore_wild
wh2_main_hef_mage_high,wh2_main_skill_node_set_hef_mage_high,wh2_main_skill_node_set_hef_mage_high_innate_18,wh2_main_skill_innate_hef_mage_battle_7_conductor,1,wh3_main_effect_spell_targeting_range_all,data/skill_trees/characters/high_elves/Mage_High.csv,289,,ability_group_bindings,data/effect_semantics/source_exports/db/effect_bonus_value_special_ability_group_junctions_tables/data__.tsv,358,target_intercept_range_mod,ability_group,wh_dlc03_lore_wild_upgraded
wh2_main_hef_mage_high,wh2_main_skill_node_set_hef_mage_high,wh2_main_skill_node_set_hef_mage_high_innate_18,wh2_main_skill_innate_hef_mage_battle_7_conductor,1,wh3_main_effect_spell_targeting_range_all,data/skill_trees/characters/high_elves/Mage_High.csv,289,,ability_group_bindings,data/effect_semantics/source_exports/db/effect_bonus_value_special_ability_group_junctions_tables/data__.tsv,359,target_intercept_range_mod,ability_group,wh_dlc05_lore_life
wh2_main_hef_mage_high,wh2_main_skill_node_set_hef_mage_high,wh2_main_skill_node_set_hef_mage_high_innate_18,wh2_main_skill_innate_hef_mage_battle_7_conductor,1,wh3_main_effect_spell_targeting_range_all,data/skill_trees/characters/high_elves/Mage_High.csv,289,,ability_group_bindings,data/effect_semantics/source_exports/db/effect_bonus_value_special_ability_group_junctions_tables/data__.tsv,360,target_intercept_range_mod,ability_group,wh_dlc05_lore_life_upgraded
wh2_main_hef_mage_high,wh2_main_skill_node_set_hef_mage_high,wh2_main_skill_node_set_hef_mage_high_innate_18,wh2_main_skill_innate_hef_mage_battle_7_conductor,1,wh3_main_effect_spell_targeting_range_all,data/skill_trees/characters/high_elves/Mage_High.csv,289,,ability_group_bindings,data/effect_semantics/source_exports/db/effect_bonus_value_special_ability_group_junctions_tables/data__.tsv,361,target_intercept_range_mod,ability_group,wh_dlc05_lore_shadows
wh2_main_hef_mage_high,wh2_main_skill_node_set_hef_mage_high,wh2_main_skill_node_set_hef_mage_high_innate_18,wh2_main_skill_innate_hef_mage_battle_7_conductor,1,wh3_main_effect_spell_targeting_range_all,data/skill_trees/characters/high_elves/Mage_High.csv,289,,ability_group_bindings,data/effect_semantics/source_exports/db/effect_bonus_value_special_ability_group_junctions_tables/data__.tsv,362,target_intercept_range_mod,ability_group,wh_dlc05_lore_shadows_upgraded
wh2_main_hef_mage_high,wh2_main_skill_node_set_hef_mage_high,wh2_main_skill_node_set_hef_mage_high_innate_18,wh2_main_skill_innate_hef_mage_battle_7_conductor,1,wh3_main_effect_spell_targeting_range_all,data/skill_trees/characters/high_elves/Mage_High.csv,289,,ability_group_bindings,data/effect_semantics/source_exports/db/effect_bonus_value_special_ability_group_junctions_tables/data__.tsv,363,target_intercept_range_mod,ability_group,wh_main_lore_big_waaagh
wh2_main_hef_mage_high,wh2_main_skill_node_set_hef_mage_high,wh2_main_skill_node_set_hef_mage_high_innate_18,wh2_main_skill_innate_hef_mage_battle_7_conductor,1,wh3_main_effect_spell_targeting_range_all,data/skill_trees/characters/high_elves/Mage_High.csv,289,,ability_group_bindings,data/effect_semantics/source_exports/db/effect_bonus_value_special_ability_group_junctions_tables/data__.tsv,364,target_intercept_range_mod,ability_group,wh_main_lore_big_waaagh_upgraded
wh2_main_hef_mage_high,wh2_main_skill_node_set_hef_mage_high,wh2_main_skill_node_set_hef_mage_high_innate_18,wh2_main_skill_innate_hef_mage_battle_7_conductor,1,wh3_main_effect_spell_targeting_range_all,data/skill_trees/characters/high_elves/Mage_High.csv,289,,ability_group_bindings,data/effect_semantics/source_exports/db/effect_bonus_value_special_ability_group_junctions_tables/data__.tsv,365,target_intercept_range_mod,ability_group,wh_main_lore_death
wh2_main_hef_mage_high,wh2_main_skill_node_set_hef_mage_high,wh2_main_skill_node_set_hef_mage_high_innate_18,wh2_main_skill_innate_hef_mage_battle_7_conductor,1,wh3_main_effect_spell_targeting_range_all,data/skill_trees/characters/high_elves/Mage_High.csv,289,,ability_group_bindings,data/effect_semantics/source_exports/db/effect_bonus_value_special_ability_group_junctions_tables/data__.tsv,366,target_intercept_range_mod,ability_group,wh_main_lore_death_upgraded
wh2_main_hef_mage_high,wh2_main_skill_node_set_hef_mage_high,wh2_main_skill_node_set_hef_mage_high_innate_18,wh2_main_skill_innate_hef_mage_battle_7_conductor,1,wh3_main_effect_spell_targeting_range_all,data/skill_trees/characters/high_elves/Mage_High.csv,289,,ability_group_bindings,data/effect_semantics/source_exports/db/effect_bonus_value_special_ability_group_junctions_tables/data__.tsv,367,target_intercept_range_mod,ability_group,wh_main_lore_fire
wh2_main_hef_mage_high,wh2_main_skill_node_set_hef_mage_high,wh2_main_skill_node_set_hef_mage_high_innate_18,wh2_main_skill_innate_hef_mage_battle_7_conductor,1,wh3_main_effect_spell_targeting_range_all,data/skill_trees/characters/high_elves/Mage_High.csv,289,,ability_group_bindings,data/effect_semantics/source_exports/db/effect_bonus_value_special_ability_group_junctions_tables/data__.tsv,368,target_intercept_range_mod,ability_group,wh_main_lore_fire_upgraded
wh2_main_hef_mage_high,wh2_main_skill_node_set_hef_mage_high,wh2_main_skill_node_set_hef_mage_high_innate_18,wh2_main_skill_innate_hef_mage_battle_7_conductor,1,wh3_main_effect_spell_targeting_range_all,data/skill_trees/characters/high_elves/Mage_High.csv,289,,ability_group_bindings,data/effect_semantics/source_exports/db/effect_bonus_value_special_ability_group_junctions_tables/data__.tsv,369,target_intercept_range_mod,ability_group,wh_main_lore_heavens
wh2_main_hef_mage_high,wh2_main_skill_node_set_hef_mage_high,wh2_main_skill_node_set_hef_mage_high_innate_18,wh2_main_skill_innate_hef_mage_battle_7_conductor,1,wh3_main_effect_spell_targeting_range_all,data/skill_trees/characters/high_elves/Mage_High.csv,289,,ability_group_bindings,data/effect_semantics/source_exports/db/effect_bonus_value_special_ability_group_junctions_tables/data__.tsv,370,target_intercept_range_mod,ability_group,wh_main_lore_heavens_upgraded
wh2_main_hef_mage_high,wh2_main_skill_node_set_hef_mage_high,wh2_main_skill_node_set_hef_mage_high_innate_18,wh2_main_skill_innate_hef_mage_battle_7_conductor,1,wh3_main_effect_spell_targeting_range_all,data/skill_trees/characters/high_elves/Mage_High.csv,289,,ability_group_bindings,data/effect_semantics/source_exports/db/effect_bonus_value_special_ability_group_junctions_tables/data__.tsv,371,target_intercept_range_mod,ability_group,wh_main_lore_light
wh2_main_hef_mage_high,wh2_main_skill_node_set_hef_mage_high,wh2_main_skill_node_set_hef_mage_high_innate_18,wh2_main_skill_innate_hef_mage_battle_7_conductor,1,wh3_main_effect_spell_targeting_range_all,data/skill_trees/characters/high_elves/Mage_High.csv,289,,ability_group_bindings,data/effect_semantics/source_exports/db/effect_bonus_value_special_ability_group_junctions_tables/data__.tsv,372,target_intercept_range_mod,ability_group,wh_main_lore_light_upgraded
wh2_main_hef_mage_high,wh2_main_skill_node_set_hef_mage_high,wh2_main_skill_node_set_hef_mage_high_innate_18,wh2_main_skill_innate_hef_mage_battle_7_conductor,1,wh3_main_effect_spell_targeting_range_all,data/skill_trees/characters/high_elves/Mage_High.csv,289,,ability_group_bindings,data/effect_semantics/source_exports/db/effect_bonus_value_special_ability_group_junctions_tables/data__.tsv,373,target_intercept_range_mod,ability_group,wh_main_lore_lil_waaagh
wh2_main_hef_mage_high,wh2_main_skill_node_set_hef_mage_high,wh2_main_skill_node_set_hef_mage_high_innate_18,wh2_main_skill_innate_hef_mage_battle_7_conductor,1,wh3_main_effect_spell_targeting_range_all,data/skill_trees/characters/high_elves/Mage_High.csv,289,,ability_group_bindings,data/effect_semantics/source_exports/db/effect_bonus_value_special_ability_group_junctions_tables/data__.tsv,374,target_intercept_range_mod,ability_group,wh_main_lore_lil_waaagh_upgraded
wh2_main_hef_mage_high,wh2_main_skill_node_set_hef_mage_high,wh2_main_skill_node_set_hef_mage_high_innate_18,wh2_main_skill_innate_hef_mage_battle_7_conductor,1,wh3_main_effect_spell_targeting_range_all,data/skill_trees/characters/high_elves/Mage_High.csv,289,,ability_group_bindings,data/effect_semantics/source_exports/db/effect_bonus_value_special_ability_group_junctions_tables/data__.tsv,375,target_intercept_range_mod,ability_group,wh_main_lore_metal
wh2_main_hef_mage_high,wh2_main_skill_node_set_hef_mage_high,wh2_main_skill_node_set_hef_mage_high_innate_18,wh2_main_skill_innate_hef_mage_battle_7_conductor,1,wh3_main_effect_spell_targeting_range_all,data/skill_trees/characters/high_elves/Mage_High.csv,289,,ability_group_bindings,data/effect_semantics/source_exports/db/effect_bonus_value_special_ability_group_junctions_tables/data__.tsv,376,target_intercept_range_mod,ability_group,wh_main_lore_metal_upgraded
wh2_main_hef_mage_high,wh2_main_skill_node_set_hef_mage_high,wh2_main_skill_node_set_hef_mage_high_innate_18,wh2_main_skill_innate_hef_mage_battle_7_conductor,1,wh3_main_effect_spell_targeting_range_all,data/skill_trees/characters/high_elves/Mage_High.csv,289,,ability_group_bindings,data/effect_semantics/source_exports/db/effect_bonus_value_special_ability_group_junctions_tables/data__.tsv,377,target_intercept_range_mod,ability_group,wh_main_lore_vampires
wh2_main_hef_mage_high,wh2_main_skill_node_set_hef_mage_high,wh2_main_skill_node_set_hef_mage_high_innate_18,wh2_main_skill_innate_hef_mage_battle_7_conductor,1,wh3_main_effect_spell_targeting_range_all,data/skill_trees/characters/high_elves/Mage_High.csv,289,,ability_group_bindings,data/effect_semantics/source_exports/db/effect_bonus_value_special_ability_group_junctions_tables/data__.tsv,378,target_intercept_range_mod,ability_group,wh_main_lore_vampires_upgraded
wh2_main_hef_mage_high,wh2_main_skill_node_set_hef_mage_high,wh2_main_skill_node_set_hef_mage_high_innate_21,wh2_main_skill_innate_hef_mage_army_7_negator,1,wh2_main_effect_ability_overcast_melkoths_enfeebling_foe,data/skill_trees/characters/high_elves/Mage_High.csv,295,wh_dlc05_spell_shadow_the_enfeebling_foe,ability_bindings,data/effect_semantics/source_exports/db/effect_bonus_value_unit_ability_junctions_tables/data__.tsv,1344,enable_overchage,ability,wh_dlc05_spell_shadow_the_enfeebling_foe
wh2_main_hef_mage_high,wh2_main_skill_node_set_hef_mage_high,wh2_main_skill_node_set_hef_mage_high_innate_21,wh2_main_skill_innate_hef_mage_army_7_negator,1,wh2_main_effect_ability_overcast_melkoths_enfeebling_foe,data/skill_trees/characters/high_elves/Mage_High.csv,295,wh_dlc05_spell_shadow_the_enfeebling_foe,ability_bindings,data/effect_semantics/source_exports/db/effect_bonus_value_unit_ability_junctions_tables/data__.tsv,1345,enable,ability,wh_dlc05_spell_shadow_the_enfeebling_foe
wh2_main_hef_mage_high,wh2_main_skill_node_set_hef_mage_high,wh2_main_skill_node_set_hef_mage_high_innate_21,wh2_main_skill_innate_hef_mage_army_7_negator,1,wh2_main_effect_ability_overcast_melkoths_mystifying_miasma,data/skill_trees/characters/high_elves/Mage_High.csv,296,wh_dlc05_spell_shadow_melkoths_mystifying_miasma,ability_bindings,data/effect_semantics/source_exports/db/effect_bonus_value_unit_ability_junctions_tables/data__.tsv,1346,enable_overchage,ability,wh_dlc05_spell_shadow_melkoths_mystifying_miasma
wh2_main_hef_mage_high,wh2_main_skill_node_set_hef_mage_high,wh2_main_skill_node_set_hef_mage_high_innate_21,wh2_main_skill_innate_hef_mage_army_7_negator,1,wh2_main_effect_ability_overcast_melkoths_mystifying_miasma,data/skill_trees/characters/high_elves/Mage_High.csv,296,wh_dlc05_spell_shadow_melkoths_mystifying_miasma,ability_bindings,data/effect_semantics/source_exports/db/effect_bonus_value_unit_ability_junctions_tables/data__.tsv,1347,enable,ability,wh_dlc05_spell_shadow_melkoths_mystifying_miasma
wh2_main_hef_mage_high,wh2_main_skill_node_set_hef_mage_high,wh2_main_skill_node_set_hef_mage_high_innate_24,wh2_main_skill_innate_hef_mage_army_7_protective,1,wh2_main_effect_ability_overcast_glittering_robe,data/skill_trees/characters/high_elves/Mage_High.csv,302,wh_main_spell_metal_glittering_robe,ability_bindings,data/effect_semantics/source_exports/db/effect_bonus_value_unit_ability_junctions_tables/data__.tsv,1332,enable_overchage,ability,wh_main_spell_metal_glittering_robe
wh2_main_hef_mage_high,wh2_main_skill_node_set_hef_mage_high,wh2_main_skill_node_set_hef_mage_high_innate_24,wh2_main_skill_innate_hef_mage_army_7_protective,1,wh2_main_effect_ability_overcast_glittering_robe,data/skill_trees/characters/high_elves/Mage_High.csv,302,wh_main_spell_metal_glittering_robe,ability_bindings,data/effect_semantics/source_exports/db/effect_bonus_value_unit_ability_junctions_tables/data__.tsv,1333,enable,ability,wh_main_spell_metal_glittering_robe
wh2_main_hef_mage_high,wh2_main_skill_node_set_hef_mage_high,wh2_main_skill_node_set_hef_mage_high_innate_24,wh2_main_skill_innate_hef_mage_army_7_protective,1,wh2_main_effect_ability_overcast_transmutation_of_lead,data/skill_trees/characters/high_elves/Mage_High.csv,303,wh_main_spell_metal_transmutation_of_lead,ability_bindings,data/effect_semantics/source_exports/db/effect_bonus_value_unit_ability_junctions_tables/data__.tsv,1404,enable_overchage,ability,wh_main_spell_metal_transmutation_of_lead
wh2_main_hef_mage_high,wh2_main_skill_node_set_hef_mage_high,wh2_main_skill_node_set_hef_mage_high_innate_24,wh2_main_skill_innate_hef_mage_army_7_protective,1,wh2_main_effect_ability_overcast_transmutation_of_lead,data/skill_trees/characters/high_elves/Mage_High.csv,303,wh_main_spell_metal_transmutation_of_lead,ability_bindings,data/effect_semantics/source_exports/db/effect_bonus_value_unit_ability_junctions_tables/data__.tsv,1405,enable,ability,wh_main_spell_metal_transmutation_of_lead
