agent_subtype_key,node_set_key,node_key,skill_key,skill_level,effect_key,skill_source_path,skill_source_line,ability_key,binding_table,binding_source_path,binding_source_line,bonus_value_id,target_kind,target_key
wh2_dlc15_hef_mage_death,wh2_dlc15_skill_node_set_hef_mage_death,wh2_dlc15_skill_node_hef_mage_death_magic_0,wh_main_skill_all_magic_death_01_spirit_leech,1,wh_main_effect_ability_cooldown_spirit_leech,data/skill_trees/characters/high_elves/Mage_Death.csv,9,wh_main_spell_death_spirit_leech,ability_bindings,data/effect_semantics/source_exports/db/effect_bonus_value_unit_ability_junctions_tables/data__.tsv,5392,recharge_mod,ability,wh_main_spell_death_spirit_leech
wh2_dlc15_hef_mage_death,wh2_dlc15_skill_node_set_hef_mage_death,wh2_dlc15_skill_node_hef_mage_death_magic_0,wh_main_skill_all_magic_death_01_spirit_leech,1,wh2_main_effect_ability_overcast_spirit_leech,data/skill_trees/characters/high_elves/Mage_Death.csv,10,wh_main_spell_death_spirit_leech,ability_bindings,data/effect_semantics/source_exports/db/effect_bonus_value_unit_ability_junctions_tables/data__.tsv,1388,enable_overchage,ability,wh_main_spell_death_spirit_leech
wh2_dlc15_hef_mage_death,wh2_dlc15_skill_node_set_hef_mage_death,wh2_dlc15_skill_node_hef_mage_death_magic_0,wh_main_skill_all_magic_death_01_spirit_leech,1,wh2_main_effect_ability_overcast_spirit_leech,data/skill_trees/characters/high_elves/Mage_Death.csv,10,wh_main_spell_death_spirit_leech,ability_bindings,data/effect_semantics/source_exports/db/effect_bonus_value_unit_ability_junctions_tables/data__.tsv,1389,enable,ability,wh_main_spell_death_spirit_leech
wh2_dlc15_hef_mage_death,wh2_dlc15_skill_node_set_hef_mage_death,wh2_dlc15_skill_node_hef_mage_death_magic_0,wh_main_skill_all_magic_death_01_spirit_leech,2,wh_main_effect_ability_cooldown_spirit_leech,data/skill_trees/characters/high_elves/Mage_Death.csv,11,wh_main_spell_death_spirit_leech,ability_bindings,data/effect_semantics/source_exports/db/effect_bonus_value_unit_ability_junctions_tables/data__.tsv,5392,recharge_mod,ability,wh_main_spell_death_spirit_leech
wh2_dlc15_hef_mage_death,wh2_dlc15_skill_node_set_hef_mage_death,wh2_dlc15_skill_node_hef_mage_death_magic_0,wh_main_skill_all_magic_death_01_spirit_leech,2,wh2_main_effect_ability_miscast_spirit_leech_upgraded,data/skill_trees/characters/high_elves/Mage_Death.csv,12,wh_main_spell_death_spirit_leech_upgraded,ability_bindings,data/effect_semantics/source_exports/db/effect_bonus_value_unit_ability_junctions_tables/data__.tsv,1251,miscast_percentage_mod,ability,wh_main_spell_death_spirit_leech_upgraded
wh2_dlc15_hef_mage_death,wh2_dlc15_skill_node_set_hef_mage_death,wh2_dlc15_skill_node_hef_mage_death_magic_0,wh_main_skill_all_magic_death_01_spirit_leech,2,wh2_main_effect_ability_overcast_spirit_leech,data/skill_trees/characters/high_elves/Mage_Death.csv,13,wh_main_spell_death_spirit_leech,ability_bindings,data/effect_semantics/source_exports/db/effect_bonus_value_unit_ability_junctions_tables/data__.tsv,1388,enable_overchage,ability,wh_main_spell_death_spirit_leech
wh2_dlc15_hef_mage_death,wh2_dlc15_skill_node_set_hef_mage_death,wh2_dlc15_skill_node_hef_mage_death_magic_0,wh_main_skill_all_magic_death_01_spirit_leech,2,wh2_main_effect_ability_overcast_spirit_leech,data/skill_trees/characters/high_elves/Mage_Death.csv,13,wh_main_spell_death_spirit_leech,ability_bindings,data/effect_semantics/source_exports/db/effect_bonus_value_unit_ability_junctions_tables/data__.tsv,1389,enable,ability,wh_main_spell_death_spirit_leech
wh2_dlc15_hef_mage_death,wh2_dlc15_skill_node_set_hef_mage_death,wh2_dlc15_skill_node_hef_mage_death_magic_0,wh_main_skill_all_magic_death_01_spirit_leech,2,wh2_main_effect_ability_wom_cost_spirit_leech,data/skill_trees/characters/high_elves/Mage_Death.csv,14,wh_main_spell_death_spirit_leech,ability_bindings,data/effect_semantics/source_exports/db/effect_bonus_value_unit_ability_junctions_tables/data__.tsv,1571,cost_mod,ability,wh_main_spell_death_spirit_leech
wh2_dlc15_hef_mage_death,wh2_dlc15_skill_node_set_hef_mage_death,wh2_dlc15_skill_node_hef_mage_death_magic_0,wh_main_skill_all_magic_death_01_spirit_leech,2,wh2_main_effect_ability_wom_cost_spirit_leech_upgraded,data/skill_trees/characters/high_elves/Mage_Death.csv,15,wh_main_spell_death_spirit_leech_upgraded,ability_bindings,data/effect_semantics/source_exports/db/effect_bonus_value_unit_ability_junctions_tables/data__.tsv,1570,cost_mod,ability,wh_main_spell_death_spirit_leech_upgraded
wh2_dlc15_hef_mage_death,wh2_dlc15_skill_node_set_hef_mage_death,wh2_dlc15_skill_node_hef_mage_death_magic_1_2,wh_main_skill_all_magic_death_03_life_leeching,1,wh_main_effect_ability_enable_life-leeching,data/skill_trees/characters/high_elves/Mage_Death.csv,139,wh_main_lore_passive_life_leeching,ability_bindings,data/effect_semantics/source_exports/db/effect_bonus_value_unit_ability_junctions_tables/data__.tsv,5497,enable,ability,wh_main_lore_passive_life_leeching
wh2_dlc15_hef_mage_death,wh2_dlc15_skill_node_set_hef_mage_death,wh2_dlc15_skill_node_hef_mage_death_magic_1_1,wh_main_skill_all_magic_death_02_aspect_of_the_dreadknight,1,wh_main_effect_ability_enable_aspect_of_the_dreadknight,data/skill_trees/characters/high_elves/Mage_Death.csv,159,wh_main_spell_death_aspect_of_the_dreadknight,ability_bindings,data/effect_semantics/source_exports/db/effect_bonus_value_unit_ability_junctions_tables/data__.tsv,5409,enable,ability,wh_main_spell_death_aspect_of_the_dreadknight
wh2_dlc15_hef_mage_death,wh2_dlc15_skill_node_set_hef_mage_death,wh2_dlc15_skill_node_hef_mage_death_magic_1_1,wh_main_skill_all_magic_death_02_aspect_of_the_dreadknight,2,wh_main_effect_ability_cooldown_aspect_of_the_dreadknight,data/skill_trees/characters/high_elves/Mage_Death.csv,160,wh_main_spell_death_aspect_of_the_dreadknight,ability_bindings,data/effect_semantics/source_exports/db/effect_bonus_value_unit_ability_junctions_tables/data__.tsv,5290,recharge_mod,ability,wh_main_spell_death_aspect_of_the_dreadknight
wh2_dlc15_hef_mage_death,wh2_dlc15_skill_node_set_hef_mage_death,wh2_dlc15_skill_node_hef_mage_death_magic_1_1,wh_main_skill_all_magic_death_02_aspect_of_the_dreadknight,2,wh2_main_effect_ability_overcast_aspect_of_the_dreadknight,data/skill_trees/characters/high_elves/Mage_Death.csv,161,wh_main_spell_death_aspect_of_the_dreadknight,ability_bindings,data/effect_semantics/source_exports/db/effect_bonus_value_unit_ability_junctions_tables/data__.tsv,1272,enable_overchage,ability,wh_main_spell_death_aspect_of_the_dreadknight
wh2_dlc15_hef_mage_death,wh2_dlc15_skill_node_set_hef_mage_death,wh2_dlc15_skill_node_hef_mage_death_magic_1_1,wh_main_skill_all_magic_death_02_aspect_of_the_dreadknight,2,wh2_main_effect_ability_overcast_aspect_of_the_dreadknight,data/skill_trees/characters/high_elves/Mage_Death.csv,161,wh_main_spell_death_aspect_of_the_dreadknight,ability_bindings,data/effect_semantics/source_exports/db/effect_bonus_value_unit_ability_junctions_tables/data__.tsv,1273,enable,ability,wh_main_spell_death_aspect_of_the_dreadknight
wh2_dlc15_hef_mage_death,wh2_dlc15_skill_node_set_hef_mage_death,wh2_dlc15_skill_node_hef_mage_death_magic_1_1,wh_main_skill_all_magic_death_02_aspect_of_the_dreadknight,3,wh_main_effect_ability_cooldown_aspect_of_the_dreadknight,data/skill_trees/characters/high_elves/Mage_Death.csv,162,wh_main_spell_death_aspect_of_the_dreadknight,ability_bindings,data/effect_semantics/source_exports/db/effect_bonus_value_unit_ability_junctions_tables/data__.tsv,5290,recharge_mod,ability,wh_main_spell_death_aspect_of_the_dreadknight
wh2_dlc15_hef_mage_death,wh2_dlc15_skill_node_set_hef_mage_death,wh2_dlc15_skill_node_hef_mage_death_magic_1_1,wh_main_skill_all_magic_death_02_aspect_of_the_dreadknight,3,wh2_main_effect_ability_miscast_aspect_of_the_dreadknight_upgraded,data/skill_trees/characters/high_elves/Mage_Death.csv,163,wh_main_spell_death_aspect_of_the_dreadknight_upgraded,ability_bindings,data/effect_semantics/source_exports/db/effect_bonus_value_unit_ability_junctions_tables/data__.tsv,1192,miscast_percentage_mod,ability,wh_main_spell_death_aspect_of_the_dreadknight_upgraded
wh2_dlc15_hef_mage_death,wh2_dlc15_skill_node_set_hef_mage_death,wh2_dlc15_skill_node_hef_mage_death_magic_1_1,wh_main_skill_all_magic_death_02_aspect_of_the_dreadknight,3,wh2_main_effect_ability_overcast_aspect_of_the_dreadknight,data/skill_trees/characters/high_elves/Mage_Death.csv,164,wh_main_spell_death_aspect_of_the_dreadknight,ability_bindings,data/effect_semantics/source_exports/db/effect_bonus_value_unit_ability_junctions_tables/data__.tsv,1272,enable_overchage,ability,wh_main_spell_death_aspect_of_the_dreadknight
wh2_dlc15_hef_mage_death,wh2_dlc15_skill_node_set_hef_mage_death,wh2_dlc15_skill_node_hef_mage_death_magic_1_1,wh_main_skill_all_magic_death_02_aspect_of_the_dreadknight,3,wh2_main_effect_ability_overcast_aspect_of_the_dreadknight,data/skill_trees/characters/high_elves/Mage_Death.csv,164,wh_main_spell_death_aspect_of_the_dreadknight,ability_bindings,data/effect_semantics/source_exports/db/effect_bonus_value_unit_ability_junctions_tables/data__.tsv,1273,enable,ability,wh_main_spell_death_aspect_of_the_dreadknight
wh2_dlc15_hef_mage_death,wh2_dlc15_skill_node_set_hef_mage_death,wh2_dlc15_skill_node_hef_mage_death_magic_1_1,wh_main_skill_all_magic_death_02_aspect_of_the_dreadknight,3,wh2_main_effect_ability_wom_cost_aspect_of_the_dreadknight,data/skill_trees/characters/high_elves/Mage_Death.csv,165,wh_main_spell_death_aspect_of_the_dreadknight,ability_bindings,data/effect_semantics/source_exports/db/effect_bonus_value_unit_ability_junctions_tables/data__.tsv,1436,cost_mod,ability,wh_main_spell_death_aspect_of_the_dreadknight
wh2_dlc15_hef_mage_death,wh2_dlc15_skill_node_set_hef_mage_death,wh2_dlc15_skill_node_hef_mage_death_magic_1_1,wh_main_skill_all_magic_death_02_aspect_of_the_dreadknight,3,wh2_main_effect_ability_wom_cost_aspect_of_the_dreadknight_upgraded,data/skill_trees/characters/high_elves/Mage_Death.csv,166,wh_main_spell_death_aspect_of_the_dreadknight_upgraded,ability_bindings,data/effect_semantics/source_exports/db/effect_bonus_value_unit_ability_junctions_tables/data__.tsv,1435,cost_mod,ability,wh_main_spell_death_aspect_of_the_dreadknight_upgraded
wh2_dlc15_hef_mage_death,wh2_dlc15_skill_node_set_hef_mage_death,wh3_dlc27_skill_node_hef_mage_death_unique_1,wh3_dlc27_skill_hef_mage_student_of_the_white_tower,1,wh2_dlc12_effect_magic_cooldown_all_lores,data/skill_trees/characters/high_elves/Mage_Death.csv,181,,ability_group_bindings,data/effect_semantics/source_exports/db/effect_bonus_value_special_ability_group_junctions_tables/data__.tsv,11,recharge_rate_percentage_mod,ability_group,wh2_dlc09_lore_nehekhara
wh2_dlc15_hef_mage_death,wh2_dlc15_skill_node_set_hef_mage_death,wh3_dlc27_skill_node_hef_mage_death_unique_1,wh3_dlc27_skill_hef_mage_student_of_the_white_tower,1,wh2_dlc12_effect_magic_cooldown_all_lores,data/skill_trees/characters/high_elves/Mage_Death.csv,181,,ability_group_bindings,data/effect_semantics/source_exports/db/effect_bonus_value_special_ability_group_junctions_tables/data__.tsv,12,recharge_rate_percentage_mod,ability_group,wh2_dlc09_lore_nehekhara_upgraded
wh2_dlc15_hef_mage_death,wh2_dlc15_skill_node_set_hef_mage_death,wh3_dlc27_skill_node_hef_mage_death_unique_1,wh3_dlc27_skill_hef_mage_student_of_the_white_tower,1,wh2_dlc12_effect_magic_cooldown_all_lores,data/skill_trees/characters/high_elves/Mage_Death.csv,181,,ability_group_bindings,data/effect_semantics/source_exports/db/effect_bonus_value_special_ability_group_junctions_tables/data__.tsv,13,recharge_rate_percentage_mod,ability_group,wh2_dlc11_lore_deep
wh2_dlc15_hef_mage_death,wh2_dlc15_skill_node_set_hef_mage_death,wh3_dlc27_skill_node_hef_mage_death_unique_1,wh3_dlc27_skill_hef_mage_student_of_the_white_tower,1,wh2_dlc12_effect_magic_cooldown_all_lores,data/skill_trees/characters/high_elves/Mage_Death.csv,181,,ability_group_bindings,data/effect_semantics/source_exports/db/effect_bonus_value_special_ability_group_junctions_tables/data__.tsv,14,recharge_rate_percentage_mod,ability_group,wh2_dlc11_lore_deep_upgraded
wh2_dlc15_hef_mage_death,wh2_dlc15_skill_node_set_hef_mage_death,wh3_dlc27_skill_node_hef_mage_death_unique_1,wh3_dlc27_skill_hef_mage_student_of_the_white_tower,1,wh2_dlc12_effect_magic_cooldown_all_lores,data/skill_trees/characters/high_elves/Mage_Death.csv,181,,ability_group_bindings,data/effect_semantics/source_exports/db/effect_bonus_value_special_ability_group_junctions_tables/data__.tsv,15,recharge_rate_percentage_mod,ability_group,wh2_dlc12_lore_lord_kroak
wh2_dlc15_hef_mage_death,wh2_dlc15_skill_node_set_hef_mage_death,wh3_dlc27_skill_node_hef_mage_death_unique_1,wh3_dlc27_skill_hef_mage_student_of_the_white_tower,1,wh2_dlc12_effect_magic_cooldown_all_lores,data/skill_trees/characters/high_elves/Mage_Death.csv,181,,ability_group_bindings,data/effect_semantics/source_exports/db/effect_bonus_value_special_ability_group_junctions_tables/data__.tsv,16,recharge_rate_percentage_mod,ability_group,wh2_dlc14_lore_stealth
wh2_dlc15_hef_mage_death,wh2_dlc15_skill_node_set_hef_mage_death,wh3_dlc27_skill_node_hef_mage_death_unique_1,wh3_dlc27_skill_hef_mage_student_of_the_white_tower,1,wh2_dlc12_effect_magic_cooldown_all_lores,data/skill_trees/characters/high_elves/Mage_Death.csv,181,,ability_group_bindings,data/effect_semantics/source_exports/db/effect_bonus_value_special_ability_group_junctions_tables/data__.tsv,17,recharge_rate_percentage_mod,ability_group,wh2_dlc14_lore_stealth_upgraded
wh2_dlc15_hef_mage_death,wh2_dlc15_skill_node_set_hef_mage_death,wh3_dlc27_skill_node_hef_mage_death_unique_1,wh3_dlc27_skill_hef_mage_student_of_the_white_tower,1,wh2_dlc12_effect_magic_cooldown_all_lores,data/skill_trees/characters/high_elves/Mage_Death.csv,181,,ability_group_bindings,data/effect_semantics/source_exports/db/effect_bonus_value_special_ability_group_junctions_tables/data__.tsv,18,recharge_rate_percentage_mod,ability_group,wh2_main_lore_dark_magic
wh2_dlc15_hef_mage_death,wh2_dlc15_skill_node_set_hef_mage_death,wh3_dlc27_skill_node_hef_mage_death_unique_1,wh3_dlc27_skill_hef_mage_student_of_the_white_tower,1,wh2_dlc12_effect_magic_cooldown_all_lores,data/skill_trees/characters/high_elves/Mage_Death.csv,181,,ability_group_bindings,data/effect_semantics/source_exports/db/effect_bonus_value_special_ability_group_junctions_tables/data__.tsv,19,recharge_rate_percentage_mod,ability_group,wh2_main_lore_dark_magic_upgraded
wh2_dlc15_hef_mage_death,wh2_dlc15_skill_node_set_hef_mage_death,wh3_dlc27_skill_node_hef_mage_death_unique_1,wh3_dlc27_skill_hef_mage_student_of_the_white_tower,1,wh2_dlc12_effect_magic_cooldown_all_lores,data/skill_trees/characters/high_elves/Mage_Death.csv,181,,ability_group_bindings,data/effect_semantics/source_exports/db/effect_bonus_value_special_ability_group_junctions_tables/data__.tsv,20,recharge_rate_percentage_mod,ability_group,wh2_main_lore_high_magic
wh2_dlc15_hef_mage_death,wh2_dlc15_skill_node_set_hef_mage_death,wh3_dlc27_skill_node_hef_mage_death_unique_1,wh3_dlc27_skill_hef_mage_student_of_the_white_tower,1,wh2_dlc12_effect_magic_cooldown_all_lores,data/skill_trees/characters/high_elves/Mage_Death.csv,181,,ability_group_bindings,data/effect_semantics/source_exports/db/effect_bonus_value_special_ability_group_junctions_tables/data__.tsv,21,recharge_rate_percentage_mod,ability_group,wh2_main_lore_high_magic_upgraded
wh2_dlc15_hef_mage_death,wh2_dlc15_skill_node_set_hef_mage_death,wh3_dlc27_skill_node_hef_mage_death_unique_1,wh3_dlc27_skill_hef_mage_student_of_the_white_tower,1,wh2_dlc12_effect_magic_cooldown_all_lores,data/skill_trees/characters/high_elves/Mage_Death.csv,181,,ability_group_bindings,data/effect_semantics/source_exports/db/effect_bonus_value_special_ability_group_junctions_tables/data__.tsv,22,recharge_rate_percentage_mod,ability_group,wh2_main_lore_plague
wh2_dlc15_hef_mage_death,wh2_dlc15_skill_node_set_hef_mage_death,wh3_dlc27_skill_node_hef_mage_death_unique_1,wh3_dlc27_skill_hef_mage_student_of_the_white_tower,1,wh2_dlc12_effect_magic_cooldown_all_lores,data/skill_trees/characters/high_elves/Mage_Death.csv,181,,ability_group_bindings,data/effect_semantics/source_exports/db/effect_bonus_value_special_ability_group_junctions_tables/data__.tsv,23,recharge_rate_percentage_mod,ability_group,wh2_main_lore_plague_upgraded
wh2_dlc15_hef_mage_death,wh2_dlc15_skill_node_set_hef_mage_death,wh3_dlc27_skill_node_hef_mage_death_unique_1,wh3_dlc27_skill_hef_mage_student_of_the_white_tower,1,wh2_dlc12_effect_magic_cooldown_all_lores,data/skill_trees/characters/high_elves/Mage_Death.csv,181,,ability_group_bindings,data/effect_semantics/source_exports/db/effect_bonus_value_special_ability_group_junctions_tables/data__.tsv,24,recharge_rate_percentage_mod,ability_group,wh2_main_lore_ruin
wh2_dlc15_hef_mage_death,wh2_dlc15_skill_node_set_hef_mage_death,wh3_dlc27_skill_node_hef_mage_death_unique_1,wh3_dlc27_skill_hef_mage_student_of_the_white_tower,1,wh2_dlc12_effect_magic_cooldown_all_lores,data/skill_trees/characters/high_elves/Mage_Death.csv,181,,ability_group_bindings,data/effect_semantics/source_exports/db/effect_bonus_value_special_ability_group_junctions_tables/data__.tsv,25,recharge_rate_percentage_mod,ability_group,wh2_main_lore_ruin_upgraded
wh2_dlc15_hef_mage_death,wh2_dlc15_skill_node_set_hef_mage_death,wh3_dlc27_skill_node_hef_mage_death_unique_1,wh3_dlc27_skill_hef_mage_student_of_the_white_tower,1,wh2_dlc12_effect_magic_cooldown_all_lores,data/skill_trees/characters/high_elves/Mage_Death.csv,181,,ability_group_bindings,data/effect_semantics/source_exports/db/effect_bonus_value_special_ability_group_junctions_tables/data__.tsv,26,recharge_rate_percentage_mod,ability_group,wh3_cp1_all_lore_spell_variations
wh2_dlc15_hef_mage_death,wh2_dlc15_skill_node_set_hef_mage_death,wh3_dlc27_skill_node_hef_mage_death_unique_1,wh3_dlc27_skill_hef_mage_student_of_the_white_tower,1,wh2_dlc12_effect_magic_cooldown_all_lores,data/skill_trees/characters/high_elves/Mage_Death.csv,181,,ability_group_bindings,data/effect_semantics/source_exports/db/effect_bonus_value_special_ability_group_junctions_tables/data__.tsv,27,recharge_rate_percentage_mod,ability_group,wh3_dlc23_lore_hashut
wh2_dlc15_hef_mage_death,wh2_dlc15_skill_node_set_hef_mage_death,wh3_dlc27_skill_node_hef_mage_death_unique_1,wh3_dlc27_skill_hef_mage_student_of_the_white_tower,1,wh2_dlc12_effect_magic_cooldown_all_lores,data/skill_trees/characters/high_elves/Mage_Death.csv,181,,ability_group_bindings,data/effect_semantics/source_exports/db/effect_bonus_value_special_ability_group_junctions_tables/data__.tsv,28,recharge_rate_percentage_mod,ability_group,wh3_dlc23_lore_hashut_upgraded
wh2_dlc15_hef_mage_death,wh2_dlc15_skill_node_set_hef_mage_death,wh3_dlc27_skill_node_hef_mage_death_unique_1,wh3_dlc27_skill_hef_mage_student_of_the_white_tower,1,wh2_dlc12_effect_magic_cooldown_all_lores,data/skill_trees/characters/high_elves/Mage_Death.csv,181,,ability_group_bindings,data/effect_semantics/source_exports/db/effect_bonus_value_special_ability_group_junctions_tables/data__.tsv,29,recharge_rate_percentage_mod,ability_group,wh3_dlc24_lore_hag
wh2_dlc15_hef_mage_death,wh2_dlc15_skill_node_set_hef_mage_death,wh3_dlc27_skill_node_hef_mage_death_unique_1,wh3_dlc27_skill_hef_mage_student_of_the_white_tower,1,wh2_dlc12_effect_magic_cooldown_all_lores,data/skill_trees/characters/high_elves/Mage_Death.csv,181,,ability_group_bindings,data/effect_semantics/source_exports/db/effect_bonus_value_special_ability_group_junctions_tables/data__.tsv,30,recharge_rate_percentage_mod,ability_group,wh3_dlc24_lore_hag_upgraded
wh2_dlc15_hef_mage_death,wh2_dlc15_skill_node_set_hef_mage_death,wh3_dlc27_skill_node_hef_mage_death_unique_1,wh3_dlc27_skill_hef_mage_student_of_the_white_tower,1,wh2_dlc12_effect_magic_cooldown_all_lores,data/skill_trees/characters/high_elves/Mage_Death.csv,181,,ability_group_bindings,data/effect_semantics/source_exports/db/effect_bonus_value_special_ability_group_junctions_tables/data__.tsv,31,recharge_rate_percentage_mod,ability_group,wh3_dlc27_lore_mists
wh2_dlc15_hef_mage_death,wh2_dlc15_skill_node_set_hef_mage_death,wh3_dlc27_skill_node_hef_mage_death_unique_1,wh3_dlc27_skill_hef_mage_student_of_the_white_tower,1,wh2_dlc12_effect_magic_cooldown_all_lores,data/skill_trees/characters/high_elves/Mage_Death.csv,181,,ability_group_bindings,data/effect_semantics/source_exports/db/effect_bonus_value_special_ability_group_junctions_tables/data__.tsv,32,recharge_rate_percentage_mod,ability_group,wh3_dlc27_lore_mists_upgraded
wh2_dlc15_hef_mage_death,wh2_dlc15_skill_node_set_hef_mage_death,wh3_dlc27_skill_node_hef_mage_death_unique_1,wh3_dlc27_skill_hef_mage_student_of_the_white_tower,1,wh2_dlc12_effect_magic_cooldown_all_lores,data/skill_trees/characters/high_elves/Mage_Death.csv,181,,ability_group_bindings,data/effect_semantics/source_exports/db/effect_bonus_value_special_ability_group_junctions_tables/data__.tsv,33,recharge_rate_percentage_mod,ability_group,wh3_dlc29_lore_undeath
wh2_dlc15_hef_mage_death,wh2_dlc15_skill_node_set_hef_mage_death,wh3_dlc27_skill_node_hef_mage_death_unique_1,wh3_dlc27_skill_hef_mage_student_of_the_white_tower,1,wh2_dlc12_effect_magic_cooldown_all_lores,data/skill_trees/characters/high_elves/Mage_Death.csv,181,,ability_group_bindings,data/effect_semantics/source_exports/db/effect_bonus_value_special_ability_group_junctions_tables/data__.tsv,34,recharge_rate_percentage_mod,ability_group,wh3_dlc29_lore_undeath_upgraded
wh2_dlc15_hef_mage_death,wh2_dlc15_skill_node_set_hef_mage_death,wh3_dlc27_skill_node_hef_mage_death_unique_1,wh3_dlc27_skill_hef_mage_student_of_the_white_tower,1,wh2_dlc12_effect_magic_cooldown_all_lores,data/skill_trees/characters/high_elves/Mage_Death.csv,181,,ability_group_bindings,data/effect_semantics/source_exports/db/effect_bonus_value_special_ability_group_junctions_tables/data__.tsv,35,recharge_rate_percentage_mod,ability_group,wh3_main_lore_nurgle
wh2_dlc15_hef_mage_death,wh2_dlc15_skill_node_set_hef_mage_death,wh3_dlc27_skill_node_hef_mage_death_unique_1,wh3_dlc27_skill_hef_mage_student_of_the_white_tower,1,wh2_dlc12_effect_magic_cooldown_all_lores,data/skill_trees/characters/high_elves/Mage_Death.csv,181,,ability_group_bindings,data/effect_semantics/source_exports/db/effect_bonus_value_special_ability_group_junctions_tables/data__.tsv,36,recharge_rate_percentage_mod,ability_group,wh3_main_lore_nurgle_upgraded
wh2_dlc15_hef_mage_death,wh2_dlc15_skill_node_set_hef_mage_death,wh3_dlc27_skill_node_hef_mage_death_unique_1,wh3_dlc27_skill_hef_mage_student_of_the_white_tower,1,wh2_dlc12_effect_magic_cooldown_all_lores,data/skill_trees/characters/high_elves/Mage_Death.csv,181,,ability_group_bindings,data/effect_semantics/source_exports/db/effect_bonus_value_special_ability_group_junctions_tables/data__.tsv,37,recharge_rate_percentage_mod,ability_group,wh3_main_lore_of_great_maw
wh2_dlc15_hef_mage_death,wh2_dlc15_skill_node_set_hef_mage_death,wh3_dlc27_skill_node_hef_mage_death_unique_1,wh3_dlc27_skill_hef_mage_student_of_the_white_tower,1,wh2_dlc12_effect_magic_cooldown_all_lores,data/skill_trees/characters/high_elves/Mage_Death.csv,181,,ability_group_bindings,data/effect_semantics/source_exports/db/effect_bonus_value_special_ability_group_junctions_tables/data__.tsv,38,recharge_rate_percentage_mod,ability_group,wh3_main_lore_of_great_maw_upgraded
wh2_dlc15_hef_mage_death,wh2_dlc15_skill_node_set_hef_mage_death,wh3_dlc27_skill_node_hef_mage_death_unique_1,wh3_dlc27_skill_hef_mage_student_of_the_white_tower,1,wh2_dlc12_effect_magic_cooldown_all_lores,data/skill_trees/characters/high_elves/Mage_Death.csv,181,,ability_group_bindings,data/effect_semantics/source_exports/db/effect_bonus_value_special_ability_group_junctions_tables/data__.tsv,39,recharge_rate_percentage_mod,ability_group,wh3_main_lore_of_ice
wh2_dlc15_hef_mage_death,wh2_dlc15_skill_node_set_hef_mage_death,wh3_dlc27_skill_node_hef_mage_death_unique_1,wh3_dlc27_skill_hef_mage_student_of_the_white_tower,1,wh2_dlc12_effect_magic_cooldown_all_lores,data/skill_trees/characters/high_elves/Mage_Death.csv,181,,ability_group_bindings,data/effect_semantics/source_exports/db/effect_bonus_value_special_ability_group_junctions_tables/data__.tsv,40,recharge_rate_percentage_mod,ability_group,wh3_main_lore_of_ice_upgraded
wh2_dlc15_hef_mage_death,wh2_dlc15_skill_node_set_hef_mage_death,wh3_dlc27_skill_node_hef_mage_death_unique_1,wh3_dlc27_skill_hef_mage_student_of_the_white_tower,1,wh2_dlc12_effect_magic_cooldown_all_lores,data/skill_trees/characters/high_elves/Mage_Death.csv,181,,ability_group_bindings,data/effect_semantics/source_exports/db/effect_bonus_value_special_ability_group_junctions_tables/data__.tsv,41,recharge_rate_percentage_mod,ability_group,wh3_main_lore_of_tempest
wh2_dlc15_hef_mage_death,wh2_dlc15_skill_node_set_hef_mage_death,wh3_dlc27_skill_node_hef_mage_death_unique_1,wh3_dlc27_skill_hef_mage_student_of_the_white_tower,1,wh2_dlc12_effect_magic_cooldown_all_lores,data/skill_trees/characters/high_elves/Mage_Death.csv,181,,ability_group_bindings,data/effect_semantics/source_exports/db/effect_bonus_value_special_ability_group_junctions_tables/data__.tsv,42,recharge_rate_percentage_mod,ability_group,wh3_main_lore_of_tempest_upgraded
wh2_dlc15_hef_mage_death,wh2_dlc15_skill_node_set_hef_mage_death,wh3_dlc27_skill_node_hef_mage_death_unique_1,wh3_dlc27_skill_hef_mage_student_of_the_white_tower,1,wh2_dlc12_effect_magic_cooldown_all_lores,data/skill_trees/characters/high_elves/Mage_Death.csv,181,,ability_group_bindings,data/effect_semantics/source_exports/db/effect_bonus_value_special_ability_group_junctions_tables/data__.tsv,43,recharge_rate_percentage_mod,ability_group,wh3_main_lore_of_yang
wh2_dlc15_hef_mage_death,wh2_dlc15_skill_node_set_hef_mage_death,wh3_dlc27_skill_node_hef_mage_death_unique_1,wh3_dlc27_skill_hef_mage_student_of_the_white_tower,1,wh2_dlc12_effect_magic_cooldown_all_lores,data/skill_trees/characters/high_elves/Mage_Death.csv,181,,ability_group_bindings,data/effect_semantics/source_exports/db/effect_bonus_value_special_ability_group_junctions_tables/data__.tsv,44,recharge_rate_percentage_mod,ability_group,wh3_main_lore_of_yang_upgraded
wh2_dlc15_hef_mage_death,wh2_dlc15_skill_node_set_hef_mage_death,wh3_dlc27_skill_node_hef_mage_death_unique_1,wh3_dlc27_skill_hef_mage_student_of_the_white_tower,1,wh2_dlc12_effect_magic_cooldown_all_lores,data/skill_trees/characters/high_elves/Mage_Death.csv,181,,ability_group_bindings,data/effect_semantics/source_exports/db/effect_bonus_value_special_ability_group_junctions_tables/data__.tsv,45,recharge_rate_percentage_mod,ability_group,wh3_main_lore_of_yin
wh2_dlc15_hef_mage_death,wh2_dlc15_skill_node_set_hef_mage_death,wh3_dlc27_skill_node_hef_mage_death_unique_1,wh3_dlc27_skill_hef_mage_student_of_the_white_tower,1,wh2_dlc12_effect_magic_cooldown_all_lores,data/skill_trees/characters/high_elves/Mage_Death.csv,181,,ability_group_bindings,data/effect_semantics/source_exports/db/effect_bonus_value_special_ability_group_junctions_tables/data__.tsv,46,recharge_rate_percentage_mod,ability_group,wh3_main_lore_of_yin_upgraded
wh2_dlc15_hef_mage_death,wh2_dlc15_skill_node_set_hef_mage_death,wh3_dlc27_skill_node_hef_mage_death_unique_1,wh3_dlc27_skill_hef_mage_student_of_the_white_tower,1,wh2_dlc12_effect_magic_cooldown_all_lores,data/skill_trees/characters/high_elves/Mage_Death.csv,181,,ability_group_bindings,data/effect_semantics/source_exports/db/effect_bonus_value_special_ability_group_junctions_tables/data__.tsv,47,recharge_rate_percentage_mod,ability_group,wh3_main_lore_slaanesh
wh2_dlc15_hef_mage_death,wh2_dlc15_skill_node_set_hef_mage_death,wh3_dlc27_skill_node_hef_mage_death_unique_1,wh3_dlc27_skill_hef_mage_student_of_the_white_tower,1,wh2_dlc12_effect_magic_cooldown_all_lores,data/skill_trees/characters/high_elves/Mage_Death.csv,181,,ability_group_bindings,data/effect_semantics/source_exports/db/effect_bonus_value_special_ability_group_junctions_tables/data__.tsv,48,recharge_rate_percentage_mod,ability_group,wh3_main_lore_slaanesh_upgraded
wh2_dlc15_hef_mage_death,wh2_dlc15_skill_node_set_hef_mage_death,wh3_dlc27_skill_node_hef_mage_death_unique_1,wh3_dlc27_skill_hef_mage_student_of_the_white_tower,1,wh2_dlc12_effect_magic_cooldown_all_lores,data/skill_trees/characters/high_elves/Mage_Death.csv,181,,ability_group_bindings,data/effect_semantics/source_exports/db/effect_bonus_value_special_ability_group_junctions_tables/data__.tsv,49,recharge_rate_percentage_mod,ability_group,wh3_main_lore_tzeentch
wh2_dlc15_hef_mage_death,wh2_dlc15_skill_node_set_hef_mage_death,wh3_dlc27_skill_node_hef_mage_death_unique_1,wh3_dlc27_skill_hef_mage_student_of_the_white_tower,1,wh2_dlc12_effect_magic_cooldown_all_lores,data/skill_trees/characters/high_elves/Mage_Death.csv,181,,ability_group_bindings,data/effect_semantics/source_exports/db/effect_bonus_value_special_ability_group_junctions_tables/data__.tsv,50,recharge_rate_percentage_mod,ability_group,wh3_main_lore_tzeentch_upgraded
wh2_dlc15_hef_mage_death,wh2_dlc15_skill_node_set_hef_mage_death,wh3_dlc27_skill_node_hef_mage_death_unique_1,wh3_dlc27_skill_hef_mage_student_of_the_white_tower,1,wh2_dlc12_effect_magic_cooldown_all_lores,data/skill_trees/characters/high_elves/Mage_Death.csv,181,,ability_group_bindings,data/effect_semantics/source_exports/db/effect_bonus_value_special_ability_group_junctions_tables/data__.tsv,51,recharge_rate_percentage_mod,ability_group,wh_dlc03_lore_beasts
wh2_dlc15_hef_mage_death,wh2_dlc15_skill_node_set_hef_mage_death,wh3_dlc27_skill_node_hef_mage_death_unique_1,wh3_dlc27_skill_hef_mage_student_of_the_white_tower,1,wh2_dlc12_effect_magic_cooldown_all_lores,data/skill_trees/characters/high_elves/Mage_Death.csv,181,,ability_group_bindings,data/effect_semantics/source_exports/db/effect_bonus_value_special_ability_group_junctions_tables/data__.tsv,52,recharge_rate_percentage_mod,ability_group,wh_dlc03_lore_beasts_upgraded
wh2_dlc15_hef_mage_death,wh2_dlc15_skill_node_set_hef_mage_death,wh3_dlc27_skill_node_hef_mage_death_unique_1,wh3_dlc27_skill_hef_mage_student_of_the_white_tower,1,wh2_dlc12_effect_magic_cooldown_all_lores,data/skill_trees/characters/high_elves/Mage_Death.csv,181,,ability_group_bindings,data/effect_semantics/source_exports/db/effect_bonus_value_special_ability_group_junctions_tables/data__.tsv,53,recharge_rate_percentage_mod,ability_group,wh_dlc03_lore_wild
wh2_dlc15_hef_mage_death,wh2_dlc15_skill_node_set_hef_mage_death,wh3_dlc27_skill_node_hef_mage_death_unique_1,wh3_dlc27_skill_hef_mage_student_of_the_white_tower,1,wh2_dlc12_effect_magic_cooldown_all_lores,data/skill_trees/characters/high_elves/Mage_Death.csv,181,,ability_group_bindings,data/effect_semantics/source_exports/db/effect_bonus_value_special_ability_group_junctions_tables/data__.tsv,54,recharge_rate_percentage_mod,ability_group,wh_dlc03_lore_wild_upgraded
wh2_dlc15_hef_mage_death,wh2_dlc15_skill_node_set_hef_mage_death,wh3_dlc27_skill_node_hef_mage_death_unique_1,wh3_dlc27_skill_hef_mage_student_of_the_white_tower,1,wh2_dlc12_effect_magic_cooldown_all_lores,data/skill_trees/characters/high_elves/Mage_Death.csv,181,,ability_group_bindings,data/effect_semantics/source_exports/db/effect_bonus_value_special_ability_group_junctions_tables/data__.tsv,55,recharge_rate_percentage_mod,ability_group,wh_dlc05_lore_life
wh2_dlc15_hef_mage_death,wh2_dlc15_skill_node_set_hef_mage_death,wh3_dlc27_skill_node_hef_mage_death_unique_1,wh3_dlc27_skill_hef_mage_student_of_the_white_tower,1,wh2_dlc12_effect_magic_cooldown_all_lores,data/skill_trees/characters/high_elves/Mage_Death.csv,181,,ability_group_bindings,data/effect_semantics/source_exports/db/effect_bonus_value_special_ability_group_junctions_tables/data__.tsv,56,recharge_rate_percentage_mod,ability_group,wh_dlc05_lore_life_upgraded
wh2_dlc15_hef_mage_death,wh2_dlc15_skill_node_set_hef_mage_death,wh3_dlc27_skill_node_hef_mage_death_unique_1,wh3_dlc27_skill_hef_mage_student_of_the_white_tower,1,wh2_dlc12_effect_magic_cooldown_all_lores,data/skill_trees/characters/high_elves/Mage_Death.csv,181,,ability_group_bindings,data/effect_semantics/source_exports/db/effect_bonus_value_special_ability_group_junctions_tables/data__.tsv,57,recharge_rate_percentage_mod,ability_group,wh_dlc05_lore_shadows
wh2_dlc15_hef_mage_death,wh2_dlc15_skill_node_set_hef_mage_death,wh3_dlc27_skill_node_hef_mage_death_unique_1,wh3_dlc27_skill_hef_mage_student_of_the_white_tower,1,wh2_dlc12_effect_magic_cooldown_all_lores,data/skill_trees/characters/high_elves/Mage_Death.csv,181,,ability_group_bindings,data/effect_semantics/source_exports/db/effect_bonus_value_special_ability_group_junctions_tables/data__.tsv,58,recharge_rate_percentage_mod,ability_group,wh_dlc05_lore_shadows_upgraded
wh2_dlc15_hef_mage_death,wh2_dlc15_skill_node_set_hef_mage_death,wh3_dlc27_skill_node_hef_mage_death_unique_1,wh3_dlc27_skill_hef_mage_student_of_the_white_tower,1,wh2_dlc12_effect_magic_cooldown_all_lores,data/skill_trees/characters/high_elves/Mage_Death.csv,181,,ability_group_bindings,data/effect_semantics/source_exports/db/effect_bonus_value_special_ability_group_junctions_tables/data__.tsv,59,recharge_rate_percentage_mod,ability_group,wh_main_lore_big_waaagh
wh2_dlc15_hef_mage_death,wh2_dlc15_skill_node_set_hef_mage_death,wh3_dlc27_skill_node_hef_mage_death_unique_1,wh3_dlc27_skill_hef_mage_student_of_the_white_tower,1,wh2_dlc12_effect_magic_cooldown_all_lores,data/skill_trees/characters/high_elves/Mage_Death.csv,181,,ability_group_bindings,data/effect_semantics/source_exports/db/effect_bonus_value_special_ability_group_junctions_tables/data__.tsv,60,recharge_rate_percentage_mod,ability_group,wh_main_lore_big_waaagh_upgraded
wh2_dlc15_hef_mage_death,wh2_dlc15_skill_node_set_hef_mage_death,wh3_dlc27_skill_node_hef_mage_death_unique_1,wh3_dlc27_skill_hef_mage_student_of_the_white_tower,1,wh2_dlc12_effect_magic_cooldown_all_lores,data/skill_trees/characters/high_elves/Mage_Death.csv,181,,ability_group_bindings,data/effect_semantics/source_exports/db/effect_bonus_value_special_ability_group_junctions_tables/data__.tsv,61,recharge_rate_percentage_mod,ability_group,wh_main_lore_death
wh2_dlc15_hef_mage_death,wh2_dlc15_skill_node_set_hef_mage_death,wh3_dlc27_skill_node_hef_mage_death_unique_1,wh3_dlc27_skill_hef_mage_student_of_the_white_tower,1,wh2_dlc12_effect_magic_cooldown_all_lores,data/skill_trees/characters/high_elves/Mage_Death.csv,181,,ability_group_bindings,data/effect_semantics/source_exports/db/effect_bonus_value_special_ability_group_junctions_tables/data__.tsv,62,recharge_rate_percentage_mod,ability_group,wh_main_lore_death_upgraded
wh2_dlc15_hef_mage_death,wh2_dlc15_skill_node_set_hef_mage_death,wh3_dlc27_skill_node_hef_mage_death_unique_1,wh3_dlc27_skill_hef_mage_student_of_the_white_tower,1,wh2_dlc12_effect_magic_cooldown_all_lores,data/skill_trees/characters/high_elves/Mage_Death.csv,181,,ability_group_bindings,data/effect_semantics/source_exports/db/effect_bonus_value_special_ability_group_junctions_tables/data__.tsv,63,recharge_rate_percentage_mod,ability_group,wh_main_lore_fire
wh2_dlc15_hef_mage_death,wh2_dlc15_skill_node_set_hef_mage_death,wh3_dlc27_skill_node_hef_mage_death_unique_1,wh3_dlc27_skill_hef_mage_student_of_the_white_tower,1,wh2_dlc12_effect_magic_cooldown_all_lores,data/skill_trees/characters/high_elves/Mage_Death.csv,181,,ability_group_bindings,data/effect_semantics/source_exports/db/effect_bonus_value_special_ability_group_junctions_tables/data__.tsv,64,recharge_rate_percentage_mod,ability_group,wh_main_lore_fire_upgraded
wh2_dlc15_hef_mage_death,wh2_dlc15_skill_node_set_hef_mage_death,wh3_dlc27_skill_node_hef_mage_death_unique_1,wh3_dlc27_skill_hef_mage_student_of_the_white_tower,1,wh2_dlc12_effect_magic_cooldown_all_lores,data/skill_trees/characters/high_elves/Mage_Death.csv,181,,ability_group_bindings,data/effect_semantics/source_exports/db/effect_bonus_value_special_ability_group_junctions_tables/data__.tsv,65,recharge_rate_percentage_mod,ability_group,wh_main_lore_heavens
wh2_dlc15_hef_mage_death,wh2_dlc15_skill_node_set_hef_mage_death,wh3_dlc27_skill_node_hef_mage_death_unique_1,wh3_dlc27_skill_hef_mage_student_of_the_white_tower,1,wh2_dlc12_effect_magic_cooldown_all_lores,data/skill_trees/characters/high_elves/Mage_Death.csv,181,,ability_group_bindings,data/effect_semantics/source_exports/db/effect_bonus_value_special_ability_group_junctions_tables/data__.tsv,66,recharge_rate_percentage_mod,ability_group,wh_main_lore_heavens_upgraded
wh2_dlc15_hef_mage_death,wh2_dlc15_skill_node_set_hef_mage_death,wh3_dlc27_skill_node_hef_mage_death_unique_1,wh3_dlc27_skill_hef_mage_student_of_the_white_tower,1,wh2_dlc12_effect_magic_cooldown_all_lores,data/skill_trees/characters/high_elves/Mage_Death.csv,181,,ability_group_bindings,data/effect_semantics/source_exports/db/effect_bonus_value_special_ability_group_junctions_tables/data__.tsv,67,recharge_rate_percentage_mod,ability_group,wh_main_lore_light
wh2_dlc15_hef_mage_death,wh2_dlc15_skill_node_set_hef_mage_death,wh3_dlc27_skill_node_hef_mage_death_unique_1,wh3_dlc27_skill_hef_mage_student_of_the_white_tower,1,wh2_dlc12_effect_magic_cooldown_all_lores,data/skill_trees/characters/high_elves/Mage_Death.csv,181,,ability_group_bindings,data/effect_semantics/source_exports/db/effect_bonus_value_special_ability_group_junctions_tables/data__.tsv,68,recharge_rate_percentage_mod,ability_group,wh_main_lore_light_upgraded
wh2_dlc15_hef_mage_death,wh2_dlc15_skill_node_set_hef_mage_death,wh3_dlc27_skill_node_hef_mage_death_unique_1,wh3_dlc27_skill_hef_mage_student_of_the_white_tower,1,wh2_dlc12_effect_magic_cooldown_all_lores,data/skill_trees/characters/high_elves/Mage_Death.csv,181,,ability_group_bindings,data/effect_semantics/source_exports/db/effect_bonus_value_special_ability_group_junctions_tables/data__.tsv,69,recharge_rate_percentage_mod,ability_group,wh_main_lore_lil_waaagh
wh2_dlc15_hef_mage_death,wh2_dlc15_skill_node_set_hef_mage_death,wh3_dlc27_skill_node_hef_mage_death_unique_1,wh3_dlc27_skill_hef_mage_student_of_the_white_tower,1,wh2_dlc12_effect_magic_cooldown_all_lores,data/skill_trees/characters/high_elves/Mage_Death.csv,181,,ability_group_bindings,data/effect_semantics/source_exports/db/effect_bonus_value_special_ability_group_junctions_tables/data__.tsv,70,recharge_rate_percentage_mod,ability_group,wh_main_lore_lil_waaagh_upgraded
wh2_dlc15_hef_mage_death,wh2_dlc15_skill_node_set_hef_mage_death,wh3_dlc27_skill_node_hef_mage_death_unique_1,wh3_dlc27_skill_hef_mage_student_of_the_white_tower,1,wh2_dlc12_effect_magic_cooldown_all_lores,data/skill_trees/characters/high_elves/Mage_Death.csv,181,,ability_group_bindings,data/effect_semantics/source_exports/db/effect_bonus_value_special_ability_group_junctions_tables/data__.tsv,71,recharge_rate_percentage_mod,ability_group,wh_main_lore_metal
wh2_dlc15_hef_mage_death,wh2_dlc15_skill_node_set_hef_mage_death,wh3_dlc27_skill_node_hef_mage_death_unique_1,wh3_dlc27_skill_hef_mage_student_of_the_white_tower,1,wh2_dlc12_effect_magic_cooldown_all_lores,data/skill_trees/characters/high_elves/Mage_Death.csv,181,,ability_group_bindings,data/effect_semantics/source_exports/db/effect_bonus_value_special_ability_group_junctions_tables/data__.tsv,72,recharge_rate_percentage_mod,ability_group,wh_main_lore_metal_upgraded
wh2_dlc15_hef_mage_death,wh2_dlc15_skill_node_set_hef_mage_death,wh3_dlc27_skill_node_hef_mage_death_unique_1,wh3_dlc27_skill_hef_mage_student_of_the_white_tower,1,wh2_dlc12_effect_magic_cooldown_all_lores,data/skill_trees/characters/high_elves/Mage_Death.csv,181,,ability_group_bindings,data/effect_semantics/source_exports/db/effect_bonus_value_special_ability_group_junctions_tables/data__.tsv,73,recharge_rate_percentage_mod,ability_group,wh_main_lore_vampires
wh2_dlc15_hef_mage_death,wh2_dlc15_skill_node_set_hef_mage_death,wh3_dlc27_skill_node_hef_mage_death_unique_1,wh3_dlc27_skill_hef_mage_student_of_the_white_tower,1,wh2_dlc12_effect_magic_cooldown_all_lores,data/skill_trees/characters/high_elves/Mage_Death.csv,181,,ability_group_bindings,data/effect_semantics/source_exports/db/effect_bonus_value_special_ability_group_junctions_tables/data__.tsv,74,recharge_rate_percentage_mod,ability_group,wh_main_lore_vampires_upgraded
wh2_dlc15_hef_mage_death,wh2_dlc15_skill_node_set_hef_mage_death,wh2_dlc15_skill_node_hef_mage_death_magic_1_3,wh_main_skill_all_magic_death_04_soulblight,1,wh_main_effect_ability_enable_soulblight,data/skill_trees/characters/high_elves/Mage_Death.csv,183,wh_main_spell_death_soulblight,ability_bindings,data/effect_semantics/source_exports/db/effect_bonus_value_unit_ability_junctions_tables/data__.tsv,5553,enable,ability,wh_main_spell_death_soulblight
wh2_dlc15_hef_mage_death,wh2_dlc15_skill_node_set_hef_mage_death,wh2_dlc15_skill_node_hef_mage_death_magic_1_3,wh_main_skill_all_magic_death_04_soulblight,2,wh_main_effect_ability_cooldown_soulblight,data/skill_trees/characters/high_elves/Mage_Death.csv,184,wh_main_spell_death_soulblight,ability_bindings,data/effect_semantics/source_exports/db/effect_bonus_value_unit_ability_junctions_tables/data__.tsv,5391,recharge_mod,ability,wh_main_spell_death_soulblight
wh2_dlc15_hef_mage_death,wh2_dlc15_skill_node_set_hef_mage_death,wh2_dlc15_skill_node_hef_mage_death_magic_1_3,wh_main_skill_all_magic_death_04_soulblight,2,wh2_main_effect_ability_overcast_soulblight,data/skill_trees/characters/high_elves/Mage_Death.csv,185,wh_main_spell_death_soulblight,ability_bindings,data/effect_semantics/source_exports/db/effect_bonus_value_unit_ability_junctions_tables/data__.tsv,1386,enable_overchage,ability,wh_main_spell_death_soulblight
wh2_dlc15_hef_mage_death,wh2_dlc15_skill_node_set_hef_mage_death,wh2_dlc15_skill_node_hef_mage_death_magic_1_3,wh_main_skill_all_magic_death_04_soulblight,2,wh2_main_effect_ability_overcast_soulblight,data/skill_trees/characters/high_elves/Mage_Death.csv,185,wh_main_spell_death_soulblight,ability_bindings,data/effect_semantics/source_exports/db/effect_bonus_value_unit_ability_junctions_tables/data__.tsv,1387,enable,ability,wh_main_spell_death_soulblight
wh2_dlc15_hef_mage_death,wh2_dlc15_skill_node_set_hef_mage_death,wh2_dlc15_skill_node_hef_mage_death_magic_1_3,wh_main_skill_all_magic_death_04_soulblight,3,wh_main_effect_ability_cooldown_soulblight,data/skill_trees/characters/high_elves/Mage_Death.csv,186,wh_main_spell_death_soulblight,ability_bindings,data/effect_semantics/source_exports/db/effect_bonus_value_unit_ability_junctions_tables/data__.tsv,5391,recharge_mod,ability,wh_main_spell_death_soulblight
wh2_dlc15_hef_mage_death,wh2_dlc15_skill_node_set_hef_mage_death,wh2_dlc15_skill_node_hef_mage_death_magic_1_3,wh_main_skill_all_magic_death_04_soulblight,3,wh2_main_effect_ability_miscast_soulblight_upgraded,data/skill_trees/characters/high_elves/Mage_Death.csv,187,wh_main_spell_death_soulblight_upgraded,ability_bindings,data/effect_semantics/source_exports/db/effect_bonus_value_unit_ability_junctions_tables/data__.tsv,1250,miscast_percentage_mod,ability,wh_main_spell_death_soulblight_upgraded
wh2_dlc15_hef_mage_death,wh2_dlc15_skill_node_set_hef_mage_death,wh2_dlc15_skill_node_hef_mage_death_magic_1_3,wh_main_skill_all_magic_death_04_soulblight,3,wh2_main_effect_ability_overcast_soulblight,data/skill_trees/characters/high_elves/Mage_Death.csv,188,wh_main_spell_death_soulblight,ability_bindings,data/effect_semantics/source_exports/db/effect_bonus_value_unit_ability_junctions_tables/data__.tsv,1386,enable_overchage,ability,wh_main_spell_death_soulblight
wh2_dlc15_hef_mage_death,wh2_dlc15_skill_node_set_hef_mage_death,wh2_dlc15_skill_node_hef_mage_death_magic_1_3,wh_main_skill_all_magic_death_04_soulblight,3,wh2_main_effect_ability_overcast_soulblight,data/skill_trees/characters/high_elves/Mage_Death.csv,188,wh_main_spell_death_soulblight,ability_bindings,data/effect_semantics/source_exports/db/effect_bonus_value_unit_ability_junctions_tables/data__.tsv,1387,enable,ability,wh_main_spell_death_soulblight
wh2_dlc15_hef_mage_death,wh2_dlc15_skill_node_set_hef_mage_death,wh2_dlc15_skill_node_hef_mage_death_magic_1_3,wh_main_skill_all_magic_death_04_soulblight,3,wh2_main_effect_ability_wom_cost_soulblight,data/skill_trees/characters/high_elves/Mage_Death.csv,189,wh_main_spell_death_soulblight,ability_bindings,data/effect_semantics/source_exports/db/effect_bonus_value_unit_ability_junctions_tables/data__.tsv,1568,cost_mod,ability,wh_main_spell_death_soulblight
wh2_dlc15_hef_mage_death,wh2_dlc15_skill_node_set_hef_mage_death,wh2_dlc15_skill_node_hef_mage_death_magic_1_3,wh_main_skill_all_magic_death_04_soulblight,3,wh2_main_effect_ability_wom_cost_soulblight_upgraded,data/skill_trees/characters/high_elves/Mage_Death.csv,190,wh_main_spell_death_soulblight_upgraded,ability_bindings,data/effect_semantics/source_exports/db/effect_bonus_value_unit_ability_junctions_tables/data__.tsv,1567,cost_mod,ability,wh_main_spell_death_soulblight_upgraded
wh2_dlc15_hef_mage_death,wh2_dlc15_skill_node_set_hef_mage_death,wh3_dlc27_skill_node_hef_mage_death_unique_2,wh3_dlc27_skill_hef_mage_excellent_efficiency,1,wh2_dlc14_effect_magic_cost_all_lores_percentage,data/skill_trees/characters/high_elves/Mage_Death.csv,202,,ability_group_bindings,data/effect_semantics/source_exports/db/effect_bonus_value_special_ability_group_junctions_tables/data__.tsv,93,cost_percentage_mod,ability_group,wh2_dlc09_lore_nehekhara
wh2_dlc15_hef_mage_death,wh2_dlc15_skill_node_set_hef_mage_death,wh3_dlc27_skill_node_hef_mage_death_unique_2,wh3_dlc27_skill_hef_mage_excellent_efficiency,1,wh2_dlc14_effect_magic_cost_all_lores_percentage,data/skill_trees/characters/high_elves/Mage_Death.csv,202,,ability_group_bindings,data/effect_semantics/source_exports/db/effect_bonus_value_special_ability_group_junctions_tables/data__.tsv,94,cost_percentage_mod,ability_group,wh2_dlc09_lore_nehekhara_upgraded
wh2_dlc15_hef_mage_death,wh2_dlc15_skill_node_set_hef_mage_death,wh3_dlc27_skill_node_hef_mage_death_unique_2,wh3_dlc27_skill_hef_mage_excellent_efficiency,1,wh2_dlc14_effect_magic_cost_all_lores_percentage,data/skill_trees/characters/high_elves/Mage_Death.csv,202,,ability_group_bindings,data/effect_semantics/source_exports/db/effect_bonus_value_special_ability_group_junctions_tables/data__.tsv,95,cost_percentage_mod,ability_group,wh2_dlc11_lore_deep
wh2_dlc15_hef_mage_death,wh2_dlc15_skill_node_set_hef_mage_death,wh3_dlc27_skill_node_hef_mage_death_unique_2,wh3_dlc27_skill_hef_mage_excellent_efficiency,1,wh2_dlc14_effect_magic_cost_all_lores_percentage,data/skill_trees/characters/high_elves/Mage_Death.csv,202,,ability_group_bindings,data/effect_semantics/source_exports/db/effect_bonus_value_special_ability_group_junctions_tables/data__.tsv,96,cost_percentage_mod,ability_group,wh2_dlc11_lore_deep_upgraded
wh2_dlc15_hef_mage_death,wh2_dlc15_skill_node_set_hef_mage_death,wh3_dlc27_skill_node_hef_mage_death_unique_2,wh3_dlc27_skill_hef_mage_excellent_efficiency,1,wh2_dlc14_effect_magic_cost_all_lores_percentage,data/skill_trees/characters/high_elves/Mage_Death.csv,202,,ability_group_bindings,data/effect_semantics/source_exports/db/effect_bonus_value_special_ability_group_junctions_tables/data__.tsv,97,cost_percentage_mod,ability_group,wh2_dlc12_lore_lord_kroak
wh2_dlc15_hef_mage_death,wh2_dlc15_skill_node_set_hef_mage_death,wh3_dlc27_skill_node_hef_mage_death_unique_2,wh3_dlc27_skill_hef_mage_excellent_efficiency,1,wh2_dlc14_effect_magic_cost_all_lores_percentage,data/skill_trees/characters/high_elves/Mage_Death.csv,202,,ability_group_bindings,data/effect_semantics/source_exports/db/effect_bonus_value_special_ability_group_junctions_tables/data__.tsv,98,cost_percentage_mod,ability_group,wh2_dlc14_lore_stealth
wh2_dlc15_hef_mage_death,wh2_dlc15_skill_node_set_hef_mage_death,wh3_dlc27_skill_node_hef_mage_death_unique_2,wh3_dlc27_skill_hef_mage_excellent_efficiency,1,wh2_dlc14_effect_magic_cost_all_lores_percentage,data/skill_trees/characters/high_elves/Mage_Death.csv,202,,ability_group_bindings,data/effect_semantics/source_exports/db/effect_bonus_value_special_ability_group_junctions_tables/data__.tsv,99,cost_percentage_mod,ability_group,wh2_dlc14_lore_stealth_upgraded
wh2_dlc15_hef_mage_death,wh2_dlc15_skill_node_set_hef_mage_death,wh3_dlc27_skill_node_hef_mage_death_unique_2,wh3_dlc27_skill_hef_mage_excellent_efficiency,1,wh2_dlc14_effect_magic_cost_all_lores_percentage,data/skill_trees/characters/high_elves/Mage_Death.csv,202,,ability_group_bindings,data/effect_semantics/source_exports/db/effect_bonus_value_special_ability_group_junctions_tables/data__.tsv,100,cost_percentage_mod,ability_group,wh2_main_lore_dark_magic
wh2_dlc15_hef_mage_death,wh2_dlc15_skill_node_set_hef_mage_death,wh3_dlc27_skill_node_hef_mage_death_unique_2,wh3_dlc27_skill_hef_mage_excellent_efficiency,1,wh2_dlc14_effect_magic_cost_all_lores_percentage,data/skill_trees/characters/high_elves/Mage_Death.csv,202,,ability_group_bindings,data/effect_semantics/source_exports/db/effect_bonus_value_special_ability_group_junctions_tables/data__.tsv,101,cost_percentage_mod,ability_group,wh2_main_lore_dark_magic_upgraded
wh2_dlc15_hef_mage_death,wh2_dlc15_skill_node_set_hef_mage_death,wh3_dlc27_skill_node_hef_mage_death_unique_2,wh3_dlc27_skill_hef_mage_excellent_efficiency,1,wh2_dlc14_effect_magic_cost_all_lores_percentage,data/skill_trees/characters/high_elves/Mage_Death.csv,202,,ability_group_bindings,data/effect_semantics/source_exports/db/effect_bonus_value_special_ability_group_junctions_tables/data__.tsv,102,cost_percentage_mod,ability_group,wh2_main_lore_high_magic
wh2_dlc15_hef_mage_death,wh2_dlc15_skill_node_set_hef_mage_death,wh3_dlc27_skill_node_hef_mage_death_unique_2,wh3_dlc27_skill_hef_mage_excellent_efficiency,1,wh2_dlc14_effect_magic_cost_all_lores_percentage,data/skill_trees/characters/high_elves/Mage_Death.csv,202,,ability_group_bindings,data/effect_semantics/source_exports/db/effect_bonus_value_special_ability_group_junctions_tables/data__.tsv,103,cost_percentage_mod,ability_group,wh2_main_lore_high_magic_upgraded
wh2_dlc15_hef_mage_death,wh2_dlc15_skill_node_set_hef_mage_death,wh3_dlc27_skill_node_hef_mage_death_unique_2,wh3_dlc27_skill_hef_mage_excellent_efficiency,1,wh2_dlc14_effect_magic_cost_all_lores_percentage,data/skill_trees/characters/high_elves/Mage_Death.csv,202,,ability_group_bindings,data/effect_semantics/source_exports/db/effect_bonus_value_special_ability_group_junctions_tables/data__.tsv,104,cost_percentage_mod,ability_group,wh2_main_lore_plague
wh2_dlc15_hef_mage_death,wh2_dlc15_skill_node_set_hef_mage_death,wh3_dlc27_skill_node_hef_mage_death_unique_2,wh3_dlc27_skill_hef_mage_excellent_efficiency,1,wh2_dlc14_effect_magic_cost_all_lores_percentage,data/skill_trees/characters/high_elves/Mage_Death.csv,202,,ability_group_bindings,data/effect_semantics/source_exports/db/effect_bonus_value_special_ability_group_junctions_tables/data__.tsv,105,cost_percentage_mod,ability_group,wh2_main_lore_plague_upgraded
wh2_dlc15_hef_mage_death,wh2_dlc15_skill_node_set_hef_mage_death,wh3_dlc27_skill_node_hef_mage_death_unique_2,wh3_dlc27_skill_hef_mage_excellent_efficiency,1,wh2_dlc14_effect_magic_cost_all_lores_percentage,data/skill_trees/characters/high_elves/Mage_Death.csv,202,,ability_group_bindings,data/effect_semantics/source_exports/db/effect_bonus_value_special_ability_group_junctions_tables/data__.tsv,106,cost_percentage_mod,ability_group,wh2_main_lore_ruin
wh2_dlc15_hef_mage_death,wh2_dlc15_skill_node_set_hef_mage_death,wh3_dlc27_skill_node_hef_mage_death_unique_2,wh3_dlc27_skill_hef_mage_excellent_efficiency,1,wh2_dlc14_effect_magic_cost_all_lores_percentage,data/skill_trees/characters/high_elves/Mage_Death.csv,202,,ability_group_bindings,data/effect_semantics/source_exports/db/effect_bonus_value_special_ability_group_junctions_tables/data__.tsv,107,cost_percentage_mod,ability_group,wh2_main_lore_ruin_upgraded
wh2_dlc15_hef_mage_death,wh2_dlc15_skill_node_set_hef_mage_death,wh3_dlc27_skill_node_hef_mage_death_unique_2,wh3_dlc27_skill_hef_mage_excellent_efficiency,1,wh2_dlc14_effect_magic_cost_all_lores_percentage,data/skill_trees/characters/high_elves/Mage_Death.csv,202,,ability_group_bindings,data/effect_semantics/source_exports/db/effect_bonus_value_special_ability_group_junctions_tables/data__.tsv,108,cost_percentage_mod,ability_group,wh3_dlc23_lore_hashut
wh2_dlc15_hef_mage_death,wh2_dlc15_skill_node_set_hef_mage_death,wh3_dlc27_skill_node_hef_mage_death_unique_2,wh3_dlc27_skill_hef_mage_excellent_efficiency,1,wh2_dlc14_effect_magic_cost_all_lores_percentage,data/skill_trees/characters/high_elves/Mage_Death.csv,202,,ability_group_bindings,data/effect_semantics/source_exports/db/effect_bonus_value_special_ability_group_junctions_tables/data__.tsv,109,cost_percentage_mod,ability_group,wh3_dlc23_lore_hashut_upgraded
wh2_dlc15_hef_mage_death,wh2_dlc15_skill_node_set_hef_mage_death,wh3_dlc27_skill_node_hef_mage_death_unique_2,wh3_dlc27_skill_hef_mage_excellent_efficiency,1,wh2_dlc14_effect_magic_cost_all_lores_percentage,data/skill_trees/characters/high_elves/Mage_Death.csv,202,,ability_group_bindings,data/effect_semantics/source_exports/db/effect_bonus_value_special_ability_group_junctions_tables/data__.tsv,110,cost_percentage_mod,ability_group,wh3_dlc24_lore_hag
wh2_dlc15_hef_mage_death,wh2_dlc15_skill_node_set_hef_mage_death,wh3_dlc27_skill_node_hef_mage_death_unique_2,wh3_dlc27_skill_hef_mage_excellent_efficiency,1,wh2_dlc14_effect_magic_cost_all_lores_percentage,data/skill_trees/characters/high_elves/Mage_Death.csv,202,,ability_group_bindings,data/effect_semantics/source_exports/db/effect_bonus_value_special_ability_group_junctions_tables/data__.tsv,111,cost_percentage_mod,ability_group,wh3_dlc24_lore_hag_upgraded
wh2_dlc15_hef_mage_death,wh2_dlc15_skill_node_set_hef_mage_death,wh3_dlc27_skill_node_hef_mage_death_unique_2,wh3_dlc27_skill_hef_mage_excellent_efficiency,1,wh2_dlc14_effect_magic_cost_all_lores_percentage,data/skill_trees/characters/high_elves/Mage_Death.csv,202,,ability_group_bindings,data/effect_semantics/source_exports/db/effect_bonus_value_special_ability_group_junctions_tables/data__.tsv,112,cost_percentage_mod,ability_group,wh3_dlc27_lore_mists
wh2_dlc15_hef_mage_death,wh2_dlc15_skill_node_set_hef_mage_death,wh3_dlc27_skill_node_hef_mage_death_unique_2,wh3_dlc27_skill_hef_mage_excellent_efficiency,1,wh2_dlc14_effect_magic_cost_all_lores_percentage,data/skill_trees/characters/high_elves/Mage_Death.csv,202,,ability_group_bindings,data/effect_semantics/source_exports/db/effect_bonus_value_special_ability_group_junctions_tables/data__.tsv,113,cost_percentage_mod,ability_group,wh3_dlc27_lore_mists_upgraded
wh2_dlc15_hef_mage_death,wh2_dlc15_skill_node_set_hef_mage_death,wh3_dlc27_skill_node_hef_mage_death_unique_2,wh3_dlc27_skill_hef_mage_excellent_efficiency,1,wh2_dlc14_effect_magic_cost_all_lores_percentage,data/skill_trees/characters/high_elves/Mage_Death.csv,202,,ability_group_bindings,data/effect_semantics/source_exports/db/effect_bonus_value_special_ability_group_junctions_tables/data__.tsv,114,cost_percentage_mod,ability_group,wh3_dlc29_lore_undeath
wh2_dlc15_hef_mage_death,wh2_dlc15_skill_node_set_hef_mage_death,wh3_dlc27_skill_node_hef_mage_death_unique_2,wh3_dlc27_skill_hef_mage_excellent_efficiency,1,wh2_dlc14_effect_magic_cost_all_lores_percentage,data/skill_trees/characters/high_elves/Mage_Death.csv,202,,ability_group_bindings,data/effect_semantics/source_exports/db/effect_bonus_value_special_ability_group_junctions_tables/data__.tsv,115,cost_percentage_mod,ability_group,wh3_dlc29_lore_undeath_upgraded
wh2_dlc15_hef_mage_death,wh2_dlc15_skill_node_set_hef_mage_death,wh3_dlc27_skill_node_hef_mage_death_unique_2,wh3_dlc27_skill_hef_mage_excellent_efficiency,1,wh2_dlc14_effect_magic_cost_all_lores_percentage,data/skill_trees/characters/high_elves/Mage_Death.csv,202,,ability_group_bindings,data/effect_semantics/source_exports/db/effect_bonus_value_special_ability_group_junctions_tables/data__.tsv,116,cost_percentage_mod,ability_group,wh3_main_lore_nurgle
wh2_dlc15_hef_mage_death,wh2_dlc15_skill_node_set_hef_mage_death,wh3_dlc27_skill_node_hef_mage_death_unique_2,wh3_dlc27_skill_hef_mage_excellent_efficiency,1,wh2_dlc14_effect_magic_cost_all_lores_percentage,data/skill_trees/characters/high_elves/Mage_Death.csv,202,,ability_group_bindings,data/effect_semantics/source_exports/db/effect_bonus_value_special_ability_group_junctions_tables/data__.tsv,117,cost_percentage_mod,ability_group,wh3_main_lore_nurgle_upgraded
wh2_dlc15_hef_mage_death,wh2_dlc15_skill_node_set_hef_mage_death,wh3_dlc27_skill_node_hef_mage_death_unique_2,wh3_dlc27_skill_hef_mage_excellent_efficiency,1,wh2_dlc14_effect_magic_cost_all_lores_percentage,data/skill_trees/characters/high_elves/Mage_Death.csv,202,,ability_group_bindings,data/effect_semantics/source_exports/db/effect_bonus_value_special_ability_group_junctions_tables/data__.tsv,118,cost_percentage_mod,ability_group,wh3_main_lore_of_great_maw
wh2_dlc15_hef_mage_death,wh2_dlc15_skill_node_set_hef_mage_death,wh3_dlc27_skill_node_hef_mage_death_unique_2,wh3_dlc27_skill_hef_mage_excellent_efficiency,1,wh2_dlc14_effect_magic_cost_all_lores_percentage,data/skill_trees/characters/high_elves/Mage_Death.csv,202,,ability_group_bindings,data/effect_semantics/source_exports/db/effect_bonus_value_special_ability_group_junctions_tables/data__.tsv,119,cost_percentage_mod,ability_group,wh3_main_lore_of_great_maw_upgraded
wh2_dlc15_hef_mage_death,wh2_dlc15_skill_node_set_hef_mage_death,wh3_dlc27_skill_node_hef_mage_death_unique_2,wh3_dlc27_skill_hef_mage_excellent_efficiency,1,wh2_dlc14_effect_magic_cost_all_lores_percentage,data/skill_trees/characters/high_elves/Mage_Death.csv,202,,ability_group_bindings,data/effect_semantics/source_exports/db/effect_bonus_value_special_ability_group_junctions_tables/data__.tsv,120,cost_percentage_mod,ability_group,wh3_main_lore_of_ice
wh2_dlc15_hef_mage_death,wh2_dlc15_skill_node_set_hef_mage_death,wh3_dlc27_skill_node_hef_mage_death_unique_2,wh3_dlc27_skill_hef_mage_excellent_efficiency,1,wh2_dlc14_effect_magic_cost_all_lores_percentage,data/skill_trees/characters/high_elves/Mage_Death.csv,202,,ability_group_bindings,data/effect_semantics/source_exports/db/effect_bonus_value_special_ability_group_junctions_tables/data__.tsv,121,cost_percentage_mod,ability_group,wh3_main_lore_of_ice_upgraded
wh2_dlc15_hef_mage_death,wh2_dlc15_skill_node_set_hef_mage_death,wh3_dlc27_skill_node_hef_mage_death_unique_2,wh3_dlc27_skill_hef_mage_excellent_efficiency,1,wh2_dlc14_effect_magic_cost_all_lores_percentage,data/skill_trees/characters/high_elves/Mage_Death.csv,202,,ability_group_bindings,data/effect_semantics/source_exports/db/effect_bonus_value_special_ability_group_junctions_tables/data__.tsv,122,cost_percentage_mod,ability_group,wh3_main_lore_of_tempest
wh2_dlc15_hef_mage_death,wh2_dlc15_skill_node_set_hef_mage_death,wh3_dlc27_skill_node_hef_mage_death_unique_2,wh3_dlc27_skill_hef_mage_excellent_efficiency,1,wh2_dlc14_effect_magic_cost_all_lores_percentage,data/skill_trees/characters/high_elves/Mage_Death.csv,202,,ability_group_bindings,data/effect_semantics/source_exports/db/effect_bonus_value_special_ability_group_junctions_tables/data__.tsv,123,cost_percentage_mod,ability_group,wh3_main_lore_of_tempest_upgraded
wh2_dlc15_hef_mage_death,wh2_dlc15_skill_node_set_hef_mage_death,wh3_dlc27_skill_node_hef_mage_death_unique_2,wh3_dlc27_skill_hef_mage_excellent_efficiency,1,wh2_dlc14_effect_magic_cost_all_lores_percentage,data/skill_trees/characters/high_elves/Mage_Death.csv,202,,ability_group_bindings,data/effect_semantics/source_exports/db/effect_bonus_value_special_ability_group_junctions_tables/data__.tsv,124,cost_percentage_mod,ability_group,wh3_main_lore_of_yang
wh2_dlc15_hef_mage_death,wh2_dlc15_skill_node_set_hef_mage_death,wh3_dlc27_skill_node_hef_mage_death_unique_2,wh3_dlc27_skill_hef_mage_excellent_efficiency,1,wh2_dlc14_effect_magic_cost_all_lores_percentage,data/skill_trees/characters/high_elves/Mage_Death.csv,202,,ability_group_bindings,data/effect_semantics/source_exports/db/effect_bonus_value_special_ability_group_junctions_tables/data__.tsv,125,cost_percentage_mod,ability_group,wh3_main_lore_of_yang_upgraded
wh2_dlc15_hef_mage_death,wh2_dlc15_skill_node_set_hef_mage_death,wh3_dlc27_skill_node_hef_mage_death_unique_2,wh3_dlc27_skill_hef_mage_excellent_efficiency,1,wh2_dlc14_effect_magic_cost_all_lores_percentage,data/skill_trees/characters/high_elves/Mage_Death.csv,202,,ability_group_bindings,data/effect_semantics/source_exports/db/effect_bonus_value_special_ability_group_junctions_tables/data__.tsv,126,cost_percentage_mod,ability_group,wh3_main_lore_of_yin
wh2_dlc15_hef_mage_death,wh2_dlc15_skill_node_set_hef_mage_death,wh3_dlc27_skill_node_hef_mage_death_unique_2,wh3_dlc27_skill_hef_mage_excellent_efficiency,1,wh2_dlc14_effect_magic_cost_all_lores_percentage,data/skill_trees/characters/high_elves/Mage_Death.csv,202,,ability_group_bindings,data/effect_semantics/source_exports/db/effect_bonus_value_special_ability_group_junctions_tables/data__.tsv,127,cost_percentage_mod,ability_group,wh3_main_lore_of_yin_upgraded
wh2_dlc15_hef_mage_death,wh2_dlc15_skill_node_set_hef_mage_death,wh3_dlc27_skill_node_hef_mage_death_unique_2,wh3_dlc27_skill_hef_mage_excellent_efficiency,1,wh2_dlc14_effect_magic_cost_all_lores_percentage,data/skill_trees/characters/high_elves/Mage_Death.csv,202,,ability_group_bindings,data/effect_semantics/source_exports/db/effect_bonus_value_special_ability_group_junctions_tables/data__.tsv,128,cost_percentage_mod,ability_group,wh3_main_lore_slaanesh
wh2_dlc15_hef_mage_death,wh2_dlc15_skill_node_set_hef_mage_death,wh3_dlc27_skill_node_hef_mage_death_unique_2,wh3_dlc27_skill_hef_mage_excellent_efficiency,1,wh2_dlc14_effect_magic_cost_all_lores_percentage,data/skill_trees/characters/high_elves/Mage_Death.csv,202,,ability_group_bindings,data/effect_semantics/source_exports/db/effect_bonus_value_special_ability_group_junctions_tables/data__.tsv,129,cost_percentage_mod,ability_group,wh3_main_lore_slaanesh_upgraded
wh2_dlc15_hef_mage_death,wh2_dlc15_skill_node_set_hef_mage_death,wh3_dlc27_skill_node_hef_mage_death_unique_2,wh3_dlc27_skill_hef_mage_excellent_efficiency,1,wh2_dlc14_effect_magic_cost_all_lores_percentage,data/skill_trees/characters/high_elves/Mage_Death.csv,202,,ability_group_bindings,data/effect_semantics/source_exports/db/effect_bonus_value_special_ability_group_junctions_tables/data__.tsv,130,cost_percentage_mod,ability_group,wh3_main_lore_tzeentch
wh2_dlc15_hef_mage_death,wh2_dlc15_skill_node_set_hef_mage_death,wh3_dlc27_skill_node_hef_mage_death_unique_2,wh3_dlc27_skill_hef_mage_excellent_efficiency,1,wh2_dlc14_effect_magic_cost_all_lores_percentage,data/skill_trees/characters/high_elves/Mage_Death.csv,202,,ability_group_bindings,data/effect_semantics/source_exports/db/effect_bonus_value_special_ability_group_junctions_tables/data__.tsv,131,cost_percentage_mod,ability_group,wh3_main_lore_tzeentch_upgraded
wh2_dlc15_hef_mage_death,wh2_dlc15_skill_node_set_hef_mage_death,wh3_dlc27_skill_node_hef_mage_death_unique_2,wh3_dlc27_skill_hef_mage_excellent_efficiency,1,wh2_dlc14_effect_magic_cost_all_lores_percentage,data/skill_trees/characters/high_elves/Mage_Death.csv,202,,ability_group_bindings,data/effect_semantics/source_exports/db/effect_bonus_value_special_ability_group_junctions_tables/data__.tsv,132,cost_percentage_mod,ability_group,wh_dlc03_lore_beasts
wh2_dlc15_hef_mage_death,wh2_dlc15_skill_node_set_hef_mage_death,wh3_dlc27_skill_node_hef_mage_death_unique_2,wh3_dlc27_skill_hef_mage_excellent_efficiency,1,wh2_dlc14_effect_magic_cost_all_lores_percentage,data/skill_trees/characters/high_elves/Mage_Death.csv,202,,ability_group_bindings,data/effect_semantics/source_exports/db/effect_bonus_value_special_ability_group_junctions_tables/data__.tsv,133,cost_percentage_mod,ability_group,wh_dlc03_lore_beasts_upgraded
wh2_dlc15_hef_mage_death,wh2_dlc15_skill_node_set_hef_mage_death,wh3_dlc27_skill_node_hef_mage_death_unique_2,wh3_dlc27_skill_hef_mage_excellent_efficiency,1,wh2_dlc14_effect_magic_cost_all_lores_percentage,data/skill_trees/characters/high_elves/Mage_Death.csv,202,,ability_group_bindings,data/effect_semantics/source_exports/db/effect_bonus_value_special_ability_group_junctions_tables/data__.tsv,134,cost_percentage_mod,ability_group,wh_dlc03_lore_wild
wh2_dlc15_hef_mage_death,wh2_dlc15_skill_node_set_hef_mage_death,wh3_dlc27_skill_node_hef_mage_death_unique_2,wh3_dlc27_skill_hef_mage_excellent_efficiency,1,wh2_dlc14_effect_magic_cost_all_lores_percentage,data/skill_trees/characters/high_elves/Mage_Death.csv,202,,ability_group_bindings,data/effect_semantics/source_exports/db/effect_bonus_value_special_ability_group_junctions_tables/data__.tsv,135,cost_percentage_mod,ability_group,wh_dlc03_lore_wild_upgraded
wh2_dlc15_hef_mage_death,wh2_dlc15_skill_node_set_hef_mage_death,wh3_dlc27_skill_node_hef_mage_death_unique_2,wh3_dlc27_skill_hef_mage_excellent_efficiency,1,wh2_dlc14_effect_magic_cost_all_lores_percentage,data/skill_trees/characters/high_elves/Mage_Death.csv,202,,ability_group_bindings,data/effect_semantics/source_exports/db/effect_bonus_value_special_ability_group_junctions_tables/data__.tsv,136,cost_percentage_mod,ability_group,wh_dlc05_lore_life
wh2_dlc15_hef_mage_death,wh2_dlc15_skill_node_set_hef_mage_death,wh3_dlc27_skill_node_hef_mage_death_unique_2,wh3_dlc27_skill_hef_mage_excellent_efficiency,1,wh2_dlc14_effect_magic_cost_all_lores_percentage,data/skill_trees/characters/high_elves/Mage_Death.csv,202,,ability_group_bindings,data/effect_semantics/source_exports/db/effect_bonus_value_special_ability_group_junctions_tables/data__.tsv,137,cost_percentage_mod,ability_group,wh_dlc05_lore_life_upgraded
wh2_dlc15_hef_mage_death,wh2_dlc15_skill_node_set_hef_mage_death,wh3_dlc27_skill_node_hef_mage_death_unique_2,wh3_dlc27_skill_hef_mage_excellent_efficiency,1,wh2_dlc14_effect_magic_cost_all_lores_percentage,data/skill_trees/characters/high_elves/Mage_Death.csv,202,,ability_group_bindings,data/effect_semantics/source_exports/db/effect_bonus_value_special_ability_group_junctions_tables/data__.tsv,138,cost_percentage_mod,ability_group,wh_dlc05_lore_shadows
wh2_dlc15_hef_mage_death,wh2_dlc15_skill_node_set_hef_mage_death,wh3_dlc27_skill_node_hef_mage_death_unique_2,wh3_dlc27_skill_hef_mage_excellent_efficiency,1,wh2_dlc14_effect_magic_cost_all_lores_percentage,data/skill_trees/characters/high_elves/Mage_Death.csv,202,,ability_group_bindings,data/effect_semantics/source_exports/db/effect_bonus_value_special_ability_group_junctions_tables/data__.tsv,139,cost_percentage_mod,ability_group,wh_dlc05_lore_shadows_upgraded
wh2_dlc15_hef_mage_death,wh2_dlc15_skill_node_set_hef_mage_death,wh3_dlc27_skill_node_hef_mage_death_unique_2,wh3_dlc27_skill_hef_mage_excellent_efficiency,1,wh2_dlc14_effect_magic_cost_all_lores_percentage,data/skill_trees/characters/high_elves/Mage_Death.csv,202,,ability_group_bindings,data/effect_semantics/source_exports/db/effect_bonus_value_special_ability_group_junctions_tables/data__.tsv,140,cost_percentage_mod,ability_group,wh_main_lore_big_waaagh
wh2_dlc15_hef_mage_death,wh2_dlc15_skill_node_set_hef_mage_death,wh3_dlc27_skill_node_hef_mage_death_unique_2,wh3_dlc27_skill_hef_mage_excellent_efficiency,1,wh2_dlc14_effect_magic_cost_all_lores_percentage,data/skill_trees/characters/high_elves/Mage_Death.csv,202,,ability_group_bindings,data/effect_semantics/source_exports/db/effect_bonus_value_special_ability_group_junctions_tables/data__.tsv,141,cost_percentage_mod,ability_group,wh_main_lore_big_waaagh_upgraded
wh2_dlc15_hef_mage_death,wh2_dlc15_skill_node_set_hef_mage_death,wh3_dlc27_skill_node_hef_mage_death_unique_2,wh3_dlc27_skill_hef_mage_excellent_efficiency,1,wh2_dlc14_effect_magic_cost_all_lores_percentage,data/skill_trees/characters/high_elves/Mage_Death.csv,202,,ability_group_bindings,data/effect_semantics/source_exports/db/effect_bonus_value_special_ability_group_junctions_tables/data__.tsv,142,cost_percentage_mod,ability_group,wh_main_lore_death
wh2_dlc15_hef_mage_death,wh2_dlc15_skill_node_set_hef_mage_death,wh3_dlc27_skill_node_hef_mage_death_unique_2,wh3_dlc27_skill_hef_mage_excellent_efficiency,1,wh2_dlc14_effect_magic_cost_all_lores_percentage,data/skill_trees/characters/high_elves/Mage_Death.csv,202,,ability_group_bindings,data/effect_semantics/source_exports/db/effect_bonus_value_special_ability_group_junctions_tables/data__.tsv,143,cost_percentage_mod,ability_group,wh_main_lore_death_upgraded
wh2_dlc15_hef_mage_death,wh2_dlc15_skill_node_set_hef_mage_death,wh3_dlc27_skill_node_hef_mage_death_unique_2,wh3_dlc27_skill_hef_mage_excellent_efficiency,1,wh2_dlc14_effect_magic_cost_all_lores_percentage,data/skill_trees/characters/high_elves/Mage_Death.csv,202,,ability_group_bindings,data/effect_semantics/source_exports/db/effect_bonus_value_special_ability_group_junctions_tables/data__.tsv,144,cost_percentage_mod,ability_group,wh_main_lore_fire
wh2_dlc15_hef_mage_death,wh2_dlc15_skill_node_set_hef_mage_death,wh3_dlc27_skill_node_hef_mage_death_unique_2,wh3_dlc27_skill_hef_mage_excellent_efficiency,1,wh2_dlc14_effect_magic_cost_all_lores_percentage,data/skill_trees/characters/high_elves/Mage_Death.csv,202,,ability_group_bindings,data/effect_semantics/source_exports/db/effect_bonus_value_special_ability_group_junctions_tables/data__.tsv,145,cost_percentage_mod,ability_group,wh_main_lore_fire_upgraded
wh2_dlc15_hef_mage_death,wh2_dlc15_skill_node_set_hef_mage_death,wh3_dlc27_skill_node_hef_mage_death_unique_2,wh3_dlc27_skill_hef_mage_excellent_efficiency,1,wh2_dlc14_effect_magic_cost_all_lores_percentage,data/skill_trees/characters/high_elves/Mage_Death.csv,202,,ability_group_bindings,data/effect_semantics/source_exports/db/effect_bonus_value_special_ability_group_junctions_tables/data__.tsv,146,cost_percentage_mod,ability_group,wh_main_lore_heavens
wh2_dlc15_hef_mage_death,wh2_dlc15_skill_node_set_hef_mage_death,wh3_dlc27_skill_node_hef_mage_death_unique_2,wh3_dlc27_skill_hef_mage_excellent_efficiency,1,wh2_dlc14_effect_magic_cost_all_lores_percentage,data/skill_trees/characters/high_elves/Mage_Death.csv,202,,ability_group_bindings,data/effect_semantics/source_exports/db/effect_bonus_value_special_ability_group_junctions_tables/data__.tsv,147,cost_percentage_mod,ability_group,wh_main_lore_heavens_upgraded
wh2_dlc15_hef_mage_death,wh2_dlc15_skill_node_set_hef_mage_death,wh3_dlc27_skill_node_hef_mage_death_unique_2,wh3_dlc27_skill_hef_mage_excellent_efficiency,1,wh2_dlc14_effect_magic_cost_all_lores_percentage,data/skill_trees/characters/high_elves/Mage_Death.csv,202,,ability_group_bindings,data/effect_semantics/source_exports/db/effect_bonus_value_special_ability_group_junctions_tables/data__.tsv,148,cost_percentage_mod,ability_group,wh_main_lore_light
wh2_dlc15_hef_mage_death,wh2_dlc15_skill_node_set_hef_mage_death,wh3_dlc27_skill_node_hef_mage_death_unique_2,wh3_dlc27_skill_hef_mage_excellent_efficiency,1,wh2_dlc14_effect_magic_cost_all_lores_percentage,data/skill_trees/characters/high_elves/Mage_Death.csv,202,,ability_group_bindings,data/effect_semantics/source_exports/db/effect_bonus_value_special_ability_group_junctions_tables/data__.tsv,149,cost_percentage_mod,ability_group,wh_main_lore_light_upgraded
wh2_dlc15_hef_mage_death,wh2_dlc15_skill_node_set_hef_mage_death,wh3_dlc27_skill_node_hef_mage_death_unique_2,wh3_dlc27_skill_hef_mage_excellent_efficiency,1,wh2_dlc14_effect_magic_cost_all_lores_percentage,data/skill_trees/characters/high_elves/Mage_Death.csv,202,,ability_group_bindings,data/effect_semantics/source_exports/db/effect_bonus_value_special_ability_group_junctions_tables/data__.tsv,150,cost_percentage_mod,ability_group,wh_main_lore_lil_waaagh
wh2_dlc15_hef_mage_death,wh2_dlc15_skill_node_set_hef_mage_death,wh3_dlc27_skill_node_hef_mage_death_unique_2,wh3_dlc27_skill_hef_mage_excellent_efficiency,1,wh2_dlc14_effect_magic_cost_all_lores_percentage,data/skill_trees/characters/high_elves/Mage_Death.csv,202,,ability_group_bindings,data/effect_semantics/source_exports/db/effect_bonus_value_special_ability_group_junctions_tables/data__.tsv,151,cost_percentage_mod,ability_group,wh_main_lore_lil_waaagh_upgraded
wh2_dlc15_hef_mage_death,wh2_dlc15_skill_node_set_hef_mage_death,wh3_dlc27_skill_node_hef_mage_death_unique_2,wh3_dlc27_skill_hef_mage_excellent_efficiency,1,wh2_dlc14_effect_magic_cost_all_lores_percentage,data/skill_trees/characters/high_elves/Mage_Death.csv,202,,ability_group_bindings,data/effect_semantics/source_exports/db/effect_bonus_value_special_ability_group_junctions_tables/data__.tsv,152,cost_percentage_mod,ability_group,wh_main_lore_metal
wh2_dlc15_hef_mage_death,wh2_dlc15_skill_node_set_hef_mage_death,wh3_dlc27_skill_node_hef_mage_death_unique_2,wh3_dlc27_skill_hef_mage_excellent_efficiency,1,wh2_dlc14_effect_magic_cost_all_lores_percentage,data/skill_trees/characters/high_elves/Mage_Death.csv,202,,ability_group_bindings,data/effect_semantics/source_exports/db/effect_bonus_value_special_ability_group_junctions_tables/data__.tsv,153,cost_percentage_mod,ability_group,wh_main_lore_metal_upgraded
wh2_dlc15_hef_mage_death,wh2_dlc15_skill_node_set_hef_mage_death,wh3_dlc27_skill_node_hef_mage_death_unique_2,wh3_dlc27_skill_hef_mage_excellent_efficiency,1,wh2_dlc14_effect_magic_cost_all_lores_percentage,data/skill_trees/characters/high_elves/Mage_Death.csv,202,,ability_group_bindings,data/effect_semantics/source_exports/db/effect_bonus_value_special_ability_group_junctions_tables/data__.tsv,154,cost_percentage_mod,ability_group,wh_main_lore_vampires
wh2_dlc15_hef_mage_death,wh2_dlc15_skill_node_set_hef_mage_death,wh3_dlc27_skill_node_hef_mage_death_unique_2,wh3_dlc27_skill_hef_mage_excellent_efficiency,1,wh2_dlc14_effect_magic_cost_all_lores_percentage,data/skill_trees/characters/high_elves/Mage_Death.csv,202,,ability_group_bindings,data/effect_semantics/source_exports/db/effect_bonus_value_special_ability_group_junctions_tables/data__.tsv,155,cost_percentage_mod,ability_group,wh_main_lore_vampires_upgraded
wh2_dlc15_hef_mage_death,wh2_dlc15_skill_node_set_hef_mage_death,wh2_dlc15_skill_node_hef_mage_death_magic_1_4,wh_main_skill_all_magic_death_05_doom_and_darkness,1,wh_main_effect_ability_enable_doom_and_darkness,data/skill_trees/characters/high_elves/Mage_Death.csv,204,wh_main_spell_death_doom_and_darkness,ability_bindings,data/effect_semantics/source_exports/db/effect_bonus_value_unit_ability_junctions_tables/data__.tsv,5449,enable,ability,wh_main_spell_death_doom_and_darkness
wh2_dlc15_hef_mage_death,wh2_dlc15_skill_node_set_hef_mage_death,wh2_dlc15_skill_node_hef_mage_death_magic_1_4,wh_main_skill_all_magic_death_05_doom_and_darkness,2,wh_main_effect_ability_cooldown_doom_and_darkness,data/skill_trees/characters/high_elves/Mage_Death.csv,205,wh_main_spell_death_doom_and_darkness,ability_bindings,data/effect_semantics/source_exports/db/effect_bonus_value_unit_ability_junctions_tables/data__.tsv,5300,recharge_mod,ability,wh_main_spell_death_doom_and_darkness
wh2_dlc15_hef_mage_death,wh2_dlc15_skill_node_set_hef_mage_death,wh2_dlc15_skill_node_hef_mage_death_magic_1_4,wh_main_skill_all_magic_death_05_doom_and_darkness,2,wh2_main_effect_ability_overcast_doom_and_darkness,data/skill_trees/characters/high_elves/Mage_Death.csv,206,wh_main_spell_death_doom_and_darkness,ability_bindings,data/effect_semantics/source_exports/db/effect_bonus_value_unit_ability_junctions_tables/data__.tsv,1300,enable_overchage,ability,wh_main_spell_death_doom_and_darkness
wh2_dlc15_hef_mage_death,wh2_dlc15_skill_node_set_hef_mage_death,wh2_dlc15_skill_node_hef_mage_death_magic_1_4,wh_main_skill_all_magic_death_05_doom_and_darkness,2,wh2_main_effect_ability_overcast_doom_and_darkness,data/skill_trees/characters/high_elves/Mage_Death.csv,206,wh_main_spell_death_doom_and_darkness,ability_bindings,data/effect_semantics/source_exports/db/effect_bonus_value_unit_ability_junctions_tables/data__.tsv,1301,enable,ability,wh_main_spell_death_doom_and_darkness
wh2_dlc15_hef_mage_death,wh2_dlc15_skill_node_set_hef_mage_death,wh2_dlc15_skill_node_hef_mage_death_magic_1_4,wh_main_skill_all_magic_death_05_doom_and_darkness,3,wh_main_effect_ability_cooldown_doom_and_darkness,data/skill_trees/characters/high_elves/Mage_Death.csv,207,wh_main_spell_death_doom_and_darkness,ability_bindings,data/effect_semantics/source_exports/db/effect_bonus_value_unit_ability_junctions_tables/data__.tsv,5300,recharge_mod,ability,wh_main_spell_death_doom_and_darkness
wh2_dlc15_hef_mage_death,wh2_dlc15_skill_node_set_hef_mage_death,wh2_dlc15_skill_node_hef_mage_death_magic_1_4,wh_main_skill_all_magic_death_05_doom_and_darkness,3,wh2_main_effect_ability_miscast_doom_and_darkness_upgraded,data/skill_trees/characters/high_elves/Mage_Death.csv,208,wh_main_spell_death_doom_and_darkness_upgraded,ability_bindings,data/effect_semantics/source_exports/db/effect_bonus_value_unit_ability_junctions_tables/data__.tsv,1206,miscast_percentage_mod,ability,wh_main_spell_death_doom_and_darkness_upgraded
wh2_dlc15_hef_mage_death,wh2_dlc15_skill_node_set_hef_mage_death,wh2_dlc15_skill_node_hef_mage_death_magic_1_4,wh_main_skill_all_magic_death_05_doom_and_darkness,3,wh2_main_effect_ability_overcast_doom_and_darkness,data/skill_trees/characters/high_elves/Mage_Death.csv,209,wh_main_spell_death_doom_and_darkness,ability_bindings,data/effect_semantics/source_exports/db/effect_bonus_value_unit_ability_junctions_tables/data__.tsv,1300,enable_overchage,ability,wh_main_spell_death_doom_and_darkness
wh2_dlc15_hef_mage_death,wh2_dlc15_skill_node_set_hef_mage_death,wh2_dlc15_skill_node_hef_mage_death_magic_1_4,wh_main_skill_all_magic_death_05_doom_and_darkness,3,wh2_main_effect_ability_overcast_doom_and_darkness,data/skill_trees/characters/high_elves/Mage_Death.csv,209,wh_main_spell_death_doom_and_darkness,ability_bindings,data/effect_semantics/source_exports/db/effect_bonus_value_unit_ability_junctions_tables/data__.tsv,1301,enable,ability,wh_main_spell_death_doom_and_darkness
wh2_dlc15_hef_mage_death,wh2_dlc15_skill_node_set_hef_mage_death,wh2_dlc15_skill_node_hef_mage_death_magic_1_4,wh_main_skill_all_magic_death_05_doom_and_darkness,3,wh2_main_effect_ability_wom_cost_doom_and_darkness,data/skill_trees/characters/high_elves/Mage_Death.csv,210,wh_main_spell_death_doom_and_darkness,ability_bindings,data/effect_semantics/source_exports/db/effect_bonus_value_unit_ability_junctions_tables/data__.tsv,1470,cost_mod,ability,wh_main_spell_death_doom_and_darkness
wh2_dlc15_hef_mage_death,wh2_dlc15_skill_node_set_hef_mage_death,wh2_dlc15_skill_node_hef_mage_death_magic_1_4,wh_main_skill_all_magic_death_05_doom_and_darkness,3,wh2_main_effect_ability_wom_cost_doom_and_darkness_upgraded,data/skill_trees/characters/high_elves/Mage_Death.csv,211,wh_main_spell_death_doom_and_darkness_upgraded,ability_bindings,data/effect_semantics/source_exports/db/effect_bonus_value_unit_ability_junctions_tables/data__.tsv,1469,cost_mod,ability,wh_main_spell_death_doom_and_darkness_upgraded
wh2_dlc15_hef_mage_death,wh2_dlc15_skill_node_set_hef_mage_death,wh2_dlc15_skill_node_hef_mage_death_magic_2,wh_main_skill_all_magic_all_06_evasion,1,wh_main_effect_ability_enable_evasion,data/skill_trees/characters/high_elves/Mage_Death.csv,221,wh_main_character_passive_evasion,ability_bindings,data/effect_semantics/source_exports/db/effect_bonus_value_unit_ability_junctions_tables/data__.tsv,5453,enable,ability,wh_main_character_passive_evasion
wh2_dlc15_hef_mage_death,wh2_dlc15_skill_node_set_hef_mage_death,wh2_dlc15_skill_node_hef_mage_death_magic_3_3,wh_main_skill_all_magic_death_09_the_fate_of_bjuna,1,wh_main_effect_ability_enable_the_fate_of_bjuna,data/skill_trees/characters/high_elves/Mage_Death.csv,233,wh_main_spell_death_the_fate_of_bjuna,ability_bindings,data/effect_semantics/source_exports/db/effect_bonus_value_unit_ability_junctions_tables/data__.tsv,5567,enable,ability,wh_main_spell_death_the_fate_of_bjuna
wh2_dlc15_hef_mage_death,wh2_dlc15_skill_node_set_hef_mage_death,wh2_dlc15_skill_node_hef_mage_death_magic_3_3,wh_main_skill_all_magic_death_09_the_fate_of_bjuna,2,wh_main_effect_ability_cooldown_the_fate_of_bjuna,data/skill_trees/characters/high_elves/Mage_Death.csv,234,wh_main_spell_death_the_fate_of_bjuna,ability_bindings,data/effect_semantics/source_exports/db/effect_bonus_value_unit_ability_junctions_tables/data__.tsv,5394,recharge_mod,ability,wh_main_spell_death_the_fate_of_bjuna
wh2_dlc15_hef_mage_death,wh2_dlc15_skill_node_set_hef_mage_death,wh2_dlc15_skill_node_hef_mage_death_magic_3_3,wh_main_skill_all_magic_death_09_the_fate_of_bjuna,2,wh_main_effect_ability_enable_the_fate_of_bjuna,data/skill_trees/characters/high_elves/Mage_Death.csv,235,wh_main_spell_death_the_fate_of_bjuna,ability_bindings,data/effect_semantics/source_exports/db/effect_bonus_value_unit_ability_junctions_tables/data__.tsv,5567,enable,ability,wh_main_spell_death_the_fate_of_bjuna
wh2_dlc15_hef_mage_death,wh2_dlc15_skill_node_set_hef_mage_death,wh2_dlc15_skill_node_hef_mage_death_magic_3_3,wh_main_skill_all_magic_death_09_the_fate_of_bjuna,2,wh2_main_effect_ability_wom_cost_the_fate_of_bjuna,data/skill_trees/characters/high_elves/Mage_Death.csv,236,wh_main_spell_death_the_fate_of_bjuna,ability_bindings,data/effect_semantics/source_exports/db/effect_bonus_value_unit_ability_junctions_tables/data__.tsv,1578,cost_mod,ability,wh_main_spell_death_the_fate_of_bjuna
wh2_dlc15_hef_mage_death,wh2_dlc15_skill_node_set_hef_mage_death,wh2_dlc15_skill_node_hef_mage_death_magic_3_4,wh_main_skill_all_magic_death_10_the_purple_sun_of_xereus,1,wh_main_effect_ability_enable_the_purple_sun_of_xereus,data/skill_trees/characters/high_elves/Mage_Death.csv,240,wh_main_spell_death_the_purple_sun_of_xereus,ability_bindings,data/effect_semantics/source_exports/db/effect_bonus_value_unit_ability_junctions_tables/data__.tsv,5578,enable,ability,wh_main_spell_death_the_purple_sun_of_xereus
wh2_dlc15_hef_mage_death,wh2_dlc15_skill_node_set_hef_mage_death,wh2_dlc15_skill_node_hef_mage_death_magic_3_4,wh_main_skill_all_magic_death_10_the_purple_sun_of_xereus,2,wh_main_effect_ability_cooldown_the_purple_sun_of_xereus,data/skill_trees/characters/high_elves/Mage_Death.csv,241,wh_main_spell_death_the_purple_sun_of_xereus,ability_bindings,data/effect_semantics/source_exports/db/effect_bonus_value_unit_ability_junctions_tables/data__.tsv,5395,recharge_mod,ability,wh_main_spell_death_the_purple_sun_of_xereus
wh2_dlc15_hef_mage_death,wh2_dlc15_skill_node_set_hef_mage_death,wh2_dlc15_skill_node_hef_mage_death_magic_3_4,wh_main_skill_all_magic_death_10_the_purple_sun_of_xereus,2,wh2_main_effect_ability_overcast_the_purple_sun_of_xereus,data/skill_trees/characters/high_elves/Mage_Death.csv,242,wh_main_spell_death_the_purple_sun_of_xereus,ability_bindings,data/effect_semantics/source_exports/db/effect_bonus_value_unit_ability_junctions_tables/data__.tsv,1398,enable_overchage,ability,wh_main_spell_death_the_purple_sun_of_xereus
wh2_dlc15_hef_mage_death,wh2_dlc15_skill_node_set_hef_mage_death,wh2_dlc15_skill_node_hef_mage_death_magic_3_4,wh_main_skill_all_magic_death_10_the_purple_sun_of_xereus,2,wh2_main_effect_ability_overcast_the_purple_sun_of_xereus,data/skill_trees/characters/high_elves/Mage_Death.csv,242,wh_main_spell_death_the_purple_sun_of_xereus,ability_bindings,data/effect_semantics/source_exports/db/effect_bonus_value_unit_ability_junctions_tables/data__.tsv,1399,enable,ability,wh_main_spell_death_the_purple_sun_of_xereus
wh2_dlc15_hef_mage_death,wh2_dlc15_skill_node_set_hef_mage_death,wh2_dlc15_skill_node_hef_mage_death_magic_3_4,wh_main_skill_all_magic_death_10_the_purple_sun_of_xereus,3,wh_main_effect_ability_cooldown_the_purple_sun_of_xereus,data/skill_trees/characters/high_elves/Mage_Death.csv,243,wh_main_spell_death_the_purple_sun_of_xereus,ability_bindings,data/effect_semantics/source_exports/db/effect_bonus_value_unit_ability_junctions_tables/data__.tsv,5395,recharge_mod,ability,wh_main_spell_death_the_purple_sun_of_xereus
wh2_dlc15_hef_mage_death,wh2_dlc15_skill_node_set_hef_mage_death,wh2_dlc15_skill_node_hef_mage_death_magic_3_4,wh_main_skill_all_magic_death_10_the_purple_sun_of_xereus,3,wh2_main_effect_ability_miscast_the_purple_sun_of_xereus_upgraded,data/skill_trees/characters/high_elves/Mage_Death.csv,244,wh_main_spell_death_the_purple_sun_of_xereus_upgraded,ability_bindings,data/effect_semantics/source_exports/db/effect_bonus_value_unit_ability_junctions_tables/data__.tsv,1255,miscast_percentage_mod,ability,wh_main_spell_death_the_purple_sun_of_xereus_upgraded
wh2_dlc15_hef_mage_death,wh2_dlc15_skill_node_set_hef_mage_death,wh2_dlc15_skill_node_hef_mage_death_magic_3_4,wh_main_skill_all_magic_death_10_the_purple_sun_of_xereus,3,wh2_main_effect_ability_overcast_the_purple_sun_of_xereus,data/skill_trees/characters/high_elves/Mage_Death.csv,245,wh_main_spell_death_the_purple_sun_of_xereus,ability_bindings,data/effect_semantics/source_exports/db/effect_bonus_value_unit_ability_junctions_tables/data__.tsv,1398,enable_overchage,ability,wh_main_spell_death_the_purple_sun_of_xereus
wh2_dlc15_hef_mage_death,wh2_dlc15_skill_node_set_hef_mage_death,wh2_dlc15_skill_node_hef_mage_death_magic_3_4,wh_main_skill_all_magic_death_10_the_purple_sun_of_xereus,3,wh2_main_effect_ability_overcast_the_purple_sun_of_xereus,data/skill_trees/characters/high_elves/Mage_Death.csv,245,wh_main_spell_death_the_purple_sun_of_xereus,ability_bindings,data/effect_semantics/source_exports/db/effect_bonus_value_unit_ability_junctions_tables/data__.tsv,1399,enable,ability,wh_main_spell_death_the_purple_sun_of_xereus
wh2_dlc15_hef_mage_death,wh2_dlc15_skill_node_set_hef_mage_death,wh2_dlc15_skill_node_hef_mage_death_magic_3_4,wh_main_skill_all_magic_death_10_the_purple_sun_of_xereus,3,wh2_main_effect_ability_wom_cost_the_purple_sun_of_xereus,data/skill_trees/characters/high_elves/Mage_Death.csv,246,wh_main_spell_death_the_purple_sun_of_xereus,ability_bindings,data/effect_semantics/source_exports/db/effect_bonus_value_unit_ability_junctions_tables/data__.tsv,1580,cost_mod,ability,wh_main_spell_death_the_purple_sun_of_xereus
wh2_dlc15_hef_mage_death,wh2_dlc15_skill_node_set_hef_mage_death,wh2_dlc15_skill_node_hef_mage_death_magic_3_4,wh_main_skill_all_magic_death_10_the_purple_sun_of_xereus,3,wh2_main_effect_ability_wom_cost_the_purple_sun_of_xereus_upgraded,data/skill_trees/characters/high_elves/Mage_Death.csv,247,wh_main_spell_death_the_purple_sun_of_xereus_upgraded,ability_bindings,data/effect_semantics/source_exports/db/effect_bonus_value_unit_ability_junctions_tables/data__.tsv,1579,cost_mod,ability,wh_main_spell_death_the_purple_sun_of_xereus_upgraded
wh2_dlc15_hef_mage_death,wh2_dlc15_skill_node_set_hef_mage_death,wh2_dlc15_skill_node_hef_mage_death_magic_4,wh_main_skill_all_magic_all_11_arcane_conduit,1,wh_main_effect_ability_enable_arcane_conduit,data/skill_trees/characters/high_elves/Mage_Death.csv,262,wh_main_character_abilities_arcane_conduit,ability_bindings,data/effect_semantics/source_exports/db/effect_bonus_value_unit_ability_junctions_tables/data__.tsv,5408,enable,ability,wh_main_character_abilities_arcane_conduit
wh2_dlc15_hef_mage_death,wh2_dlc15_skill_node_set_hef_mage_death,wh2_dlc15_skill_node_hef_mage_death_magic_dummy,wh_main_skill_all_magic_death_dummy_spirit_leech,1,wh_main_effect_ability_enable_spirit_leech,data/skill_trees/characters/high_elves/Mage_Death.csv,266,wh_main_spell_death_spirit_leech,ability_bindings,data/effect_semantics/source_exports/db/effect_bonus_value_unit_ability_junctions_tables/data__.tsv,5556,enable,ability,wh_main_spell_death_spirit_leech
wh2_dlc15_hef_mage_death,wh2_dlc15_skill_node_set_hef_mage_death,wh2_dlc15_skill_node_set_hef_mage_death_innate_12,wh2_main_skill_innate_hef_mage_battle_7_limber,1,wh_main_effect_ability_enable_slippery,data/skill_trees/characters/high_elves/Mage_Death.csv,268,wh_main_hero_abilities_slippery,ability_bindings,data/effect_semantics/source_exports/db/effect_bonus_value_unit_ability_junctions_tables/data__.tsv,5549,enable,ability,wh_main_hero_abilities_slippery
wh2_dlc15_hef_mage_death,wh2_dlc15_skill_node_set_hef_mage_death,wh2_dlc15_skill_node_set_hef_mage_death_innate_17,wh2_main_skill_innate_hef_mage_battle_3_primed,1,wh3_main_effect_spell_targeting_range_all,data/skill_trees/characters/high_elves/Mage_Death.csv,281,,ability_group_bindings,data/effect_semantics/source_exports/db/effect_bonus_value_special_ability_group_junctions_tables/data__.tsv,318,target_intercept_range_mod,ability_group,wh2_dlc09_lore_nehekhara
wh2_dlc15_hef_mage_death,wh2_dlc15_skill_node_set_hef_mage_death,wh2_dlc15_skill_node_set_hef_mage_death_innate_17,wh2_main_skill_innate_hef_mage_battle_3_primed,1,wh3_main_effect_spell_targeting_range_all,data/skill_trees/characters/high_elves/Mage_Death.csv,281,,ability_group_bindings,data/effect_semantics/source_exports/db/effect_bonus_value_special_ability_group_junctions_tables/data__.tsv,319,target_intercept_range_mod,ability_group,wh2_dlc09_lore_nehekhara_upgraded
wh2_dlc15_hef_mage_death,wh2_dlc15_skill_node_set_hef_mage_death,wh2_dlc15_skill_node_set_hef_mage_death_innate_17,wh2_main_skill_innate_hef_mage_battle_3_primed,1,wh3_main_effect_spell_targeting_range_all,data/skill_trees/characters/high_elves/Mage_Death.csv,281,,ability_group_bindings,data/effect_semantics/source_exports/db/effect_bonus_value_special_ability_group_junctions_tables/data__.tsv,320,target_intercept_range_mod,ability_group,wh2_dlc11_lore_deep
wh2_dlc15_hef_mage_death,wh2_dlc15_skill_node_set_hef_mage_death,wh2_dlc15_skill_node_set_hef_mage_death_innate_17,wh2_main_skill_innate_hef_mage_battle_3_primed,1,wh3_main_effect_spell_targeting_range_all,data/skill_trees/characters/high_elves/Mage_Death.csv,281,,ability_group_bindings,data/effect_semantics/source_exports/db/effect_bonus_value_special_ability_group_junctions_tables/data__.tsv,321,target_intercept_range_mod,ability_group,wh2_dlc11_lore_deep_upgraded
wh2_dlc15_hef_mage_death,wh2_dlc15_skill_node_set_hef_mage_death,wh2_dlc15_skill_node_set_hef_mage_death_innate_17,wh2_main_skill_innate_hef_mage_battle_3_primed,1,wh3_main_effect_spell_targeting_range_all,data/skill_trees/characters/high_elves/Mage_Death.csv,281,,ability_group_bindings,data/effect_semantics/source_exports/db/effect_bonus_value_special_ability_group_junctions_tables/data__.tsv,322,target_intercept_range_mod,ability_group,wh2_dlc12_lore_lord_kroak
wh2_dlc15_hef_mage_death,wh2_dlc15_skill_node_set_hef_mage_death,wh2_dlc15_skill_node_set_hef_mage_death_innate_17,wh2_main_skill_innate_hef_mage_battle_3_primed,1,wh3_main_effect_spell_targeting_range_all,data/skill_trees/characters/high_elves/Mage_Death.csv,281,,ability_group_bindings,data/effect_semantics/source_exports/db/effect_bonus_value_special_ability_group_junctions_tables/data__.tsv,323,target_intercept_range_mod,ability_group,wh2_dlc14_lore_stealth
wh2_dlc15_hef_mage_death,wh2_dlc15_skill_node_set_hef_mage_death,wh2_dlc15_skill_node_set_hef_mage_death_innate_17,wh2_main_skill_innate_hef_mage_battle_3_primed,1,wh3_main_effect_spell_targeting_range_all,data/skill_trees/characters/high_elves/Mage_Death.csv,281,,ability_group_bindings,data/effect_semantics/source_exports/db/effect_bonus_value_special_ability_group_junctions_tables/data__.tsv,324,target_intercept_range_mod,ability_group,wh2_dlc14_lore_stealth_upgraded
wh2_dlc15_hef_mage_death,wh2_dlc15_skill_node_set_hef_mage_death,wh2_dlc15_skill_node_set_hef_mage_death_innate_17,wh2_main_skill_innate_hef_mage_battle_3_primed,1,wh3_main_effect_spell_targeting_range_all,data/skill_trees/characters/high_elves/Mage_Death.csv,281,,ability_group_bindings,data/effect_semantics/source_exports/db/effect_bonus_value_special_ability_group_junctions_tables/data__.tsv,325,target_intercept_range_mod,ability_group,wh2_main_lore_dark_magic
wh2_dlc15_hef_mage_death,wh2_dlc15_skill_node_set_hef_mage_death,wh2_dlc15_skill_node_set_hef_mage_death_innate_17,wh2_main_skill_innate_hef_mage_battle_3_primed,1,wh3_main_effect_spell_targeting_range_all,data/skill_trees/characters/high_elves/Mage_Death.csv,281,,ability_group_bindings,data/effect_semantics/source_exports/db/effect_bonus_value_special_ability_group_junctions_tables/data__.tsv,326,target_intercept_range_mod,ability_group,wh2_main_lore_dark_magic_upgraded
wh2_dlc15_hef_mage_death,wh2_dlc15_skill_node_set_hef_mage_death,wh2_dlc15_skill_node_set_hef_mage_death_innate_17,wh2_main_skill_innate_hef_mage_battle_3_primed,1,wh3_main_effect_spell_targeting_range_all,data/skill_trees/characters/high_elves/Mage_Death.csv,281,,ability_group_bindings,data/effect_semantics/source_exports/db/effect_bonus_value_special_ability_group_junctions_tables/data__.tsv,327,target_intercept_range_mod,ability_group,wh2_main_lore_high_magic
wh2_dlc15_hef_mage_death,wh2_dlc15_skill_node_set_hef_mage_death,wh2_dlc15_skill_node_set_hef_mage_death_innate_17,wh2_main_skill_innate_hef_mage_battle_3_primed,1,wh3_main_effect_spell_targeting_range_all,data/skill_trees/characters/high_elves/Mage_Death.csv,281,,ability_group_bindings,data/effect_semantics/source_exports/db/effect_bonus_value_special_ability_group_junctions_tables/data__.tsv,328,target_intercept_range_mod,ability_group,wh2_main_lore_high_magic_upgraded
wh2_dlc15_hef_mage_death,wh2_dlc15_skill_node_set_hef_mage_death,wh2_dlc15_skill_node_set_hef_mage_death_innate_17,wh2_main_skill_innate_hef_mage_battle_3_primed,1,wh3_main_effect_spell_targeting_range_all,data/skill_trees/characters/high_elves/Mage_Death.csv,281,,ability_group_bindings,data/effect_semantics/source_exports/db/effect_bonus_value_special_ability_group_junctions_tables/data__.tsv,329,target_intercept_range_mod,ability_group,wh2_main_lore_plague
wh2_dlc15_hef_mage_death,wh2_dlc15_skill_node_set_hef_mage_death,wh2_dlc15_skill_node_set_hef_mage_death_innate_17,wh2_main_skill_innate_hef_mage_battle_3_primed,1,wh3_main_effect_spell_targeting_range_all,data/skill_trees/characters/high_elves/Mage_Death.csv,281,,ability_group_bindings,data/effect_semantics/source_exports/db/effect_bonus_value_special_ability_group_junctions_tables/data__.tsv,330,target_intercept_range_mod,ability_group,wh2_main_lore_plague_upgraded
wh2_dlc15_hef_mage_death,wh2_dlc15_skill_node_set_hef_mage_death,wh2_dlc15_skill_node_set_hef_mage_death_innate_17,wh2_main_skill_innate_hef_mage_battle_3_primed,1,wh3_main_effect_spell_targeting_range_all,data/skill_trees/characters/high_elves/Mage_Death.csv,281,,ability_group_bindings,data/effect_semantics/source_exports/db/effect_bonus_value_special_ability_group_junctions_tables/data__.tsv,331,target_intercept_range_mod,ability_group,wh2_main_lore_ruin
wh2_dlc15_hef_mage_death,wh2_dlc15_skill_node_set_hef_mage_death,wh2_dlc15_skill_node_set_hef_mage_death_innate_17,wh2_main_skill_innate_hef_mage_battle_3_primed,1,wh3_main_effect_spell_targeting_range_all,data/skill_trees/characters/high_elves/Mage_Death.csv,281,,ability_group_bindings,data/effect_semantics/source_exports/db/effect_bonus_value_special_ability_group_junctions_tables/data__.tsv,332,target_intercept_range_mod,ability_group,wh2_main_lore_ruin_upgraded
wh2_dlc15_hef_mage_death,wh2_dlc15_skill_node_set_hef_mage_death,wh2_dlc15_skill_node_set_hef_mage_death_innate_17,wh2_main_skill_innate_hef_mage_battle_3_primed,1,wh3_main_effect_spell_targeting_range_all,data/skill_trees/characters/high_elves/Mage_Death.csv,281,,ability_group_bindings,data/effect_semantics/source_exports/db/effect_bonus_value_special_ability_group_junctions_tables/data__.tsv,333,target_intercept_range_mod,ability_group,wh3_dlc23_lore_hashut
wh2_dlc15_hef_mage_death,wh2_dlc15_skill_node_set_hef_mage_death,wh2_dlc15_skill_node_set_hef_mage_death_innate_17,wh2_main_skill_innate_hef_mage_battle_3_primed,1,wh3_main_effect_spell_targeting_range_all,data/skill_trees/characters/high_elves/Mage_Death.csv,281,,ability_group_bindings,data/effect_semantics/source_exports/db/effect_bonus_value_special_ability_group_junctions_tables/data__.tsv,334,target_intercept_range_mod,ability_group,wh3_dlc23_lore_hashut_upgraded
wh2_dlc15_hef_mage_death,wh2_dlc15_skill_node_set_hef_mage_death,wh2_dlc15_skill_node_set_hef_mage_death_innate_17,wh2_main_skill_innate_hef_mage_battle_3_primed,1,wh3_main_effect_spell_targeting_range_all,data/skill_trees/characters/high_elves/Mage_Death.csv,281,,ability_group_bindings,data/effect_semantics/source_exports/db/effect_bonus_value_special_ability_group_junctions_tables/data__.tsv,335,target_intercept_range_mod,ability_group,wh3_dlc24_lore_hag
wh2_dlc15_hef_mage_death,wh2_dlc15_skill_node_set_hef_mage_death,wh2_dlc15_skill_node_set_hef_mage_death_innate_17,wh2_main_skill_innate_hef_mage_battle_3_primed,1,wh3_main_effect_spell_targeting_range_all,data/skill_trees/characters/high_elves/Mage_Death.csv,281,,ability_group_bindings,data/effect_semantics/source_exports/db/effect_bonus_value_special_ability_group_junctions_tables/data__.tsv,336,target_intercept_range_mod,ability_group,wh3_dlc24_lore_hag_upgraded
wh2_dlc15_hef_mage_death,wh2_dlc15_skill_node_set_hef_mage_death,wh2_dlc15_skill_node_set_hef_mage_death_innate_17,wh2_main_skill_innate_hef_mage_battle_3_primed,1,wh3_main_effect_spell_targeting_range_all,data/skill_trees/characters/high_elves/Mage_Death.csv,281,,ability_group_bindings,data/effect_semantics/source_exports/db/effect_bonus_value_special_ability_group_junctions_tables/data__.tsv,337,target_intercept_range_mod,ability_group,wh3_dlc27_lore_mists
wh2_dlc15_hef_mage_death,wh2_dlc15_skill_node_set_hef_mage_death,wh2_dlc15_skill_node_set_hef_mage_death_innate_17,wh2_main_skill_innate_hef_mage_battle_3_primed,1,wh3_main_effect_spell_targeting_range_all,data/skill_trees/characters/high_elves/Mage_Death.csv,281,,ability_group_bindings,data/effect_semantics/source_exports/db/effect_bonus_value_special_ability_group_junctions_tables/data__.tsv,338,target_intercept_range_mod,ability_group,wh3_dlc27_lore_mists_upgraded
wh2_dlc15_hef_mage_death,wh2_dlc15_skill_node_set_hef_mage_death,wh2_dlc15_skill_node_set_hef_mage_death_innate_17,wh2_main_skill_innate_hef_mage_battle_3_primed,1,wh3_main_effect_spell_targeting_range_all,data/skill_trees/characters/high_elves/Mage_Death.csv,281,,ability_group_bindings,data/effect_semantics/source_exports/db/effect_bonus_value_special_ability_group_junctions_tables/data__.tsv,339,target_intercept_range_mod,ability_group,wh3_main_lore_nurgle
wh2_dlc15_hef_mage_death,wh2_dlc15_skill_node_set_hef_mage_death,wh2_dlc15_skill_node_set_hef_mage_death_innate_17,wh2_main_skill_innate_hef_mage_battle_3_primed,1,wh3_main_effect_spell_targeting_range_all,data/skill_trees/characters/high_elves/Mage_Death.csv,281,,ability_group_bindings,data/effect_semantics/source_exports/db/effect_bonus_value_special_ability_group_junctions_tables/data__.tsv,340,target_intercept_range_mod,ability_group,wh3_main_lore_nurgle_upgraded
wh2_dlc15_hef_mage_death,wh2_dlc15_skill_node_set_hef_mage_death,wh2_dlc15_skill_node_set_hef_mage_death_innate_17,wh2_main_skill_innate_hef_mage_battle_3_primed,1,wh3_main_effect_spell_targeting_range_all,data/skill_trees/characters/high_elves/Mage_Death.csv,281,,ability_group_bindings,data/effect_semantics/source_exports/db/effect_bonus_value_special_ability_group_junctions_tables/data__.tsv,341,target_intercept_range_mod,ability_group,wh3_main_lore_of_great_maw
wh2_dlc15_hef_mage_death,wh2_dlc15_skill_node_set_hef_mage_death,wh2_dlc15_skill_node_set_hef_mage_death_innate_17,wh2_main_skill_innate_hef_mage_battle_3_primed,1,wh3_main_effect_spell_targeting_range_all,data/skill_trees/characters/high_elves/Mage_Death.csv,281,,ability_group_bindings,data/effect_semantics/source_exports/db/effect_bonus_value_special_ability_group_junctions_tables/data__.tsv,342,target_intercept_range_mod,ability_group,wh3_main_lore_of_great_maw_upgraded
wh2_dlc15_hef_mage_death,wh2_dlc15_skill_node_set_hef_mage_death,wh2_dlc15_skill_node_set_hef_mage_death_innate_17,wh2_main_skill_innate_hef_mage_battle_3_primed,1,wh3_main_effect_spell_targeting_range_all,data/skill_trees/characters/high_elves/Mage_Death.csv,281,,ability_group_bindings,data/effect_semantics/source_exports/db/effect_bonus_value_special_ability_group_junctions_tables/data__.tsv,343,target_intercept_range_mod,ability_group,wh3_main_lore_of_ice
wh2_dlc15_hef_mage_death,wh2_dlc15_skill_node_set_hef_mage_death,wh2_dlc15_skill_node_set_hef_mage_death_innate_17,wh2_main_skill_innate_hef_mage_battle_3_primed,1,wh3_main_effect_spell_targeting_range_all,data/skill_trees/characters/high_elves/Mage_Death.csv,281,,ability_group_bindings,data/effect_semantics/source_exports/db/effect_bonus_value_special_ability_group_junctions_tables/data__.tsv,344,target_intercept_range_mod,ability_group,wh3_main_lore_of_ice_upgraded
wh2_dlc15_hef_mage_death,wh2_dlc15_skill_node_set_hef_mage_death,wh2_dlc15_skill_node_set_hef_mage_death_innate_17,wh2_main_skill_innate_hef_mage_battle_3_primed,1,wh3_main_effect_spell_targeting_range_all,data/skill_trees/characters/high_elves/Mage_Death.csv,281,,ability_group_bindings,data/effect_semantics/source_exports/db/effect_bonus_value_special_ability_group_junctions_tables/data__.tsv,345,target_intercept_range_mod,ability_group,wh3_main_lore_of_tempest
wh2_dlc15_hef_mage_death,wh2_dlc15_skill_node_set_hef_mage_death,wh2_dlc15_skill_node_set_hef_mage_death_innate_17,wh2_main_skill_innate_hef_mage_battle_3_primed,1,wh3_main_effect_spell_targeting_range_all,data/skill_trees/characters/high_elves/Mage_Death.csv,281,,ability_group_bindings,data/effect_semantics/source_exports/db/effect_bonus_value_special_ability_group_junctions_tables/data__.tsv,346,target_intercept_range_mod,ability_group,wh3_main_lore_of_tempest_upgraded
wh2_dlc15_hef_mage_death,wh2_dlc15_skill_node_set_hef_mage_death,wh2_dlc15_skill_node_set_hef_mage_death_innate_17,wh2_main_skill_innate_hef_mage_battle_3_primed,1,wh3_main_effect_spell_targeting_range_all,data/skill_trees/characters/high_elves/Mage_Death.csv,281,,ability_group_bindings,data/effect_semantics/source_exports/db/effect_bonus_value_special_ability_group_junctions_tables/data__.tsv,347,target_intercept_range_mod,ability_group,wh3_main_lore_of_yang
wh2_dlc15_hef_mage_death,wh2_dlc15_skill_node_set_hef_mage_death,wh2_dlc15_skill_node_set_hef_mage_death_innate_17,wh2_main_skill_innate_hef_mage_battle_3_primed,1,wh3_main_effect_spell_targeting_range_all,data/skill_trees/characters/high_elves/Mage_Death.csv,281,,ability_group_bindings,data/effect_semantics/source_exports/db/effect_bonus_value_special_ability_group_junctions_tables/data__.tsv,348,target_intercept_range_mod,ability_group,wh3_main_lore_of_yang_upgraded
wh2_dlc15_hef_mage_death,wh2_dlc15_skill_node_set_hef_mage_death,wh2_dlc15_skill_node_set_hef_mage_death_innate_17,wh2_main_skill_innate_hef_mage_battle_3_primed,1,wh3_main_effect_spell_targeting_range_all,data/skill_trees/characters/high_elves/Mage_Death.csv,281,,ability_group_bindings,data/effect_semantics/source_exports/db/effect_bonus_value_special_ability_group_junctions_tables/data__.tsv,349,target_intercept_range_mod,ability_group,wh3_main_lore_of_yin
wh2_dlc15_hef_mage_death,wh2_dlc15_skill_node_set_hef_mage_death,wh2_dlc15_skill_node_set_hef_mage_death_innate_17,wh2_main_skill_innate_hef_mage_battle_3_primed,1,wh3_main_effect_spell_targeting_range_all,data/skill_trees/characters/high_elves/Mage_Death.csv,281,,ability_group_bindings,data/effect_semantics/source_exports/db/effect_bonus_value_special_ability_group_junctions_tables/data__.tsv,350,target_intercept_range_mod,ability_group,wh3_main_lore_of_yin_upgraded
wh2_dlc15_hef_mage_death,wh2_dlc15_skill_node_set_hef_mage_death,wh2_dlc15_skill_node_set_hef_mage_death_innate_17,wh2_main_skill_innate_hef_mage_battle_3_primed,1,wh3_main_effect_spell_targeting_range_all,data/skill_trees/characters/high_elves/Mage_Death.csv,281,,ability_group_bindings,data/effect_semantics/source_exports/db/effect_bonus_value_special_ability_group_junctions_tables/data__.tsv,351,target_intercept_range_mod,ability_group,wh3_main_lore_slaanesh
wh2_dlc15_hef_mage_death,wh2_dlc15_skill_node_set_hef_mage_death,wh2_dlc15_skill_node_set_hef_mage_death_innate_17,wh2_main_skill_innate_hef_mage_battle_3_primed,1,wh3_main_effect_spell_targeting_range_all,data/skill_trees/characters/high_elves/Mage_Death.csv,281,,ability_group_bindings,data/effect_semantics/source_exports/db/effect_bonus_value_special_ability_group_junctions_tables/data__.tsv,352,target_intercept_range_mod,ability_group,wh3_main_lore_slaanesh_upgraded
wh2_dlc15_hef_mage_death,wh2_dlc15_skill_node_set_hef_mage_death,wh2_dlc15_skill_node_set_hef_mage_death_innate_17,wh2_main_skill_innate_hef_mage_battle_3_primed,1,wh3_main_effect_spell_targeting_range_all,data/skill_trees/characters/high_elves/Mage_Death.csv,281,,ability_group_bindings,data/effect_semantics/source_exports/db/effect_bonus_value_special_ability_group_junctions_tables/data__.tsv,353,target_intercept_range_mod,ability_group,wh3_main_lore_tzeentch
wh2_dlc15_hef_mage_death,wh2_dlc15_skill_node_set_hef_mage_death,wh2_dlc15_skill_node_set_hef_mage_death_innate_17,wh2_main_skill_innate_hef_mage_battle_3_primed,1,wh3_main_effect_spell_targeting_range_all,data/skill_trees/characters/high_elves/Mage_Death.csv,281,,ability_group_bindings,data/effect_semantics/source_exports/db/effect_bonus_value_special_ability_group_junctions_tables/data__.tsv,354,target_intercept_range_mod,ability_group,wh3_main_lore_tzeentch_upgraded
wh2_dlc15_hef_mage_death,wh2_dlc15_skill_node_set_hef_mage_death,wh2_dlc15_skill_node_set_hef_mage_death_innate_17,wh2_main_skill_innate_hef_mage_battle_3_primed,1,wh3_main_effect_spell_targeting_range_all,data/skill_trees/characters/high_elves/Mage_Death.csv,281,,ability_group_bindings,data/effect_semantics/source_exports/db/effect_bonus_value_special_ability_group_junctions_tables/data__.tsv,355,target_intercept_range_mod,ability_group,wh_dlc03_lore_beasts
wh2_dlc15_hef_mage_death,wh2_dlc15_skill_node_set_hef_mage_death,wh2_dlc15_skill_node_set_hef_mage_death_innate_17,wh2_main_skill_innate_hef_mage_battle_3_primed,1,wh3_main_effect_spell_targeting_range_all,data/skill_trees/characters/high_elves/Mage_Death.csv,281,,ability_group_bindings,data/effect_semantics/source_exports/db/effect_bonus_value_special_ability_group_junctions_tables/data__.tsv,356,target_intercept_range_mod,ability_group,wh_dlc03_lore_beasts_upgraded
wh2_dlc15_hef_mage_death,wh2_dlc15_skill_node_set_hef_mage_death,wh2_dlc15_skill_node_set_hef_mage_death_innate_17,wh2_main_skill_innate_hef_mage_battle_3_primed,1,wh3_main_effect_spell_targeting_range_all,data/skill_trees/characters/high_elves/Mage_Death.csv,281,,ability_group_bindings,data/effect_semantics/source_exports/db/effect_bonus_value_special_ability_group_junctions_tables/data__.tsv,357,target_intercept_range_mod,ability_group,wh_dlc03_lore_wild
wh2_dlc15_hef_mage_death,wh2_dlc15_skill_node_set_hef_mage_death,wh2_dlc15_skill_node_set_hef_mage_death_innate_17,wh2_main_skill_innate_hef_mage_battle_3_primed,1,wh3_main_effect_spell_targeting_range_all,data/skill_trees/characters/high_elves/Mage_Death.csv,281,,ability_group_bindings,data/effect_semantics/source_exports/db/effect_bonus_value_special_ability_group_junctions_tables/data__.tsv,358,target_intercept_range_mod,ability_group,wh_dlc03_lore_wild_upgraded
wh2_dlc15_hef_mage_death,wh2_dlc15_skill_node_set_hef_mage_death,wh2_dlc15_skill_node_set_hef_mage_death_innate_17,wh2_main_skill_innate_hef_mage_battle_3_primed,1,wh3_main_effect_spell_targeting_range_all,data/skill_trees/characters/high_elves/Mage_Death.csv,281,,ability_group_bindings,data/effect_semantics/source_exports/db/effect_bonus_value_special_ability_group_junctions_tables/data__.tsv,359,target_intercept_range_mod,ability_group,wh_dlc05_lore_life
wh2_dlc15_hef_mage_death,wh2_dlc15_skill_node_set_hef_mage_death,wh2_dlc15_skill_node_set_hef_mage_death_innate_17,wh2_main_skill_innate_hef_mage_battle_3_primed,1,wh3_main_effect_spell_targeting_range_all,data/skill_trees/characters/high_elves/Mage_Death.csv,281,,ability_group_bindings,data/effect_semantics/source_exports/db/effect_bonus_value_special_ability_group_junctions_tables/data__.tsv,360,target_intercept_range_mod,ability_group,wh_dlc05_lore_life_upgraded
wh2_dlc15_hef_mage_death,wh2_dlc15_skill_node_set_hef_mage_death,wh2_dlc15_skill_node_set_hef_mage_death_innate_17,wh2_main_skill_innate_hef_mage_battle_3_primed,1,wh3_main_effect_spell_targeting_range_all,data/skill_trees/characters/high_elves/Mage_Death.csv,281,,ability_group_bindings,data/effect_semantics/source_exports/db/effect_bonus_value_special_ability_group_junctions_tables/data__.tsv,361,target_intercept_range_mod,ability_group,wh_dlc05_lore_shadows
wh2_dlc15_hef_mage_death,wh2_dlc15_skill_node_set_hef_mage_death,wh2_dlc15_skill_node_set_hef_mage_death_innate_17,wh2_main_skill_innate_hef_mage_battle_3_primed,1,wh3_main_effect_spell_targeting_range_all,data/skill_trees/characters/high_elves/Mage_Death.csv,281,,ability_group_bindings,data/effect_semantics/source_exports/db/effect_bonus_value_special_ability_group_junctions_tables/data__.tsv,362,target_intercept_range_mod,ability_group,wh_dlc05_lore_shadows_upgraded
wh2_dlc15_hef_mage_death,wh2_dlc15_skill_node_set_hef_mage_death,wh2_dlc15_skill_node_set_hef_mage_death_innate_17,wh2_main_skill_innate_hef_mage_battle_3_primed,1,wh3_main_effect_spell_targeting_range_all,data/skill_trees/characters/high_elves/Mage_Death.csv,281,,ability_group_bindings,data/effect_semantics/source_exports/db/effect_bonus_value_special_ability_group_junctions_tables/data__.tsv,363,target_intercept_range_mod,ability_group,wh_main_lore_big_waaagh
wh2_dlc15_hef_mage_death,wh2_dlc15_skill_node_set_hef_mage_death,wh2_dlc15_skill_node_set_hef_mage_death_innate_17,wh2_main_skill_innate_hef_mage_battle_3_primed,1,wh3_main_effect_spell_targeting_range_all,data/skill_trees/characters/high_elves/Mage_Death.csv,281,,ability_group_bindings,data/effect_semantics/source_exports/db/effect_bonus_value_special_ability_group_junctions_tables/data__.tsv,364,target_intercept_range_mod,ability_group,wh_main_lore_big_waaagh_upgraded
wh2_dlc15_hef_mage_death,wh2_dlc15_skill_node_set_hef_mage_death,wh2_dlc15_skill_node_set_hef_mage_death_innate_17,wh2_main_skill_innate_hef_mage_battle_3_primed,1,wh3_main_effect_spell_targeting_range_all,data/skill_trees/characters/high_elves/Mage_Death.csv,281,,ability_group_bindings,data/effect_semantics/source_exports/db/effect_bonus_value_special_ability_group_junctions_tables/data__.tsv,365,target_intercept_range_mod,ability_group,wh_main_lore_death
wh2_dlc15_hef_mage_death,wh2_dlc15_skill_node_set_hef_mage_death,wh2_dlc15_skill_node_set_hef_mage_death_innate_17,wh2_main_skill_innate_hef_mage_battle_3_primed,1,wh3_main_effect_spell_targeting_range_all,data/skill_trees/characters/high_elves/Mage_Death.csv,281,,ability_group_bindings,data/effect_semantics/source_exports/db/effect_bonus_value_special_ability_group_junctions_tables/data__.tsv,366,target_intercept_range_mod,ability_group,wh_main_lore_death_upgraded
wh2_dlc15_hef_mage_death,wh2_dlc15_skill_node_set_hef_mage_death,wh2_dlc15_skill_node_set_hef_mage_death_innate_17,wh2_main_skill_innate_hef_mage_battle_3_primed,1,wh3_main_effect_spell_targeting_range_all,data/skill_trees/characters/high_elves/Mage_Death.csv,281,,ability_group_bindings,data/effect_semantics/source_exports/db/effect_bonus_value_special_ability_group_junctions_tables/data__.tsv,367,target_intercept_range_mod,ability_group,wh_main_lore_fire
wh2_dlc15_hef_mage_death,wh2_dlc15_skill_node_set_hef_mage_death,wh2_dlc15_skill_node_set_hef_mage_death_innate_17,wh2_main_skill_innate_hef_mage_battle_3_primed,1,wh3_main_effect_spell_targeting_range_all,data/skill_trees/characters/high_elves/Mage_Death.csv,281,,ability_group_bindings,data/effect_semantics/source_exports/db/effect_bonus_value_special_ability_group_junctions_tables/data__.tsv,368,target_intercept_range_mod,ability_group,wh_main_lore_fire_upgraded
wh2_dlc15_hef_mage_death,wh2_dlc15_skill_node_set_hef_mage_death,wh2_dlc15_skill_node_set_hef_mage_death_innate_17,wh2_main_skill_innate_hef_mage_battle_3_primed,1,wh3_main_effect_spell_targeting_range_all,data/skill_trees/characters/high_elves/Mage_Death.csv,281,,ability_group_bindings,data/effect_semantics/source_exports/db/effect_bonus_value_special_ability_group_junctions_tables/data__.tsv,369,target_intercept_range_mod,ability_group,wh_main_lore_heavens
wh2_dlc15_hef_mage_death,wh2_dlc15_skill_node_set_hef_mage_death,wh2_dlc15_skill_node_set_hef_mage_death_innate_17,wh2_main_skill_innate_hef_mage_battle_3_primed,1,wh3_main_effect_spell_targeting_range_all,data/skill_trees/characters/high_elves/Mage_Death.csv,281,,ability_group_bindings,data/effect_semantics/source_exports/db/effect_bonus_value_special_ability_group_junctions_tables/data__.tsv,370,target_intercept_range_mod,ability_group,wh_main_lore_heavens_upgraded
wh2_dlc15_hef_mage_death,wh2_dlc15_skill_node_set_hef_mage_death,wh2_dlc15_skill_node_set_hef_mage_death_innate_17,wh2_main_skill_innate_hef_mage_battle_3_primed,1,wh3_main_effect_spell_targeting_range_all,data/skill_trees/characters/high_elves/Mage_Death.csv,281,,ability_group_bindings,data/effect_semantics/source_exports/db/effect_bonus_value_special_ability_group_junctions_tables/data__.tsv,371,target_intercept_range_mod,ability_group,wh_main_lore_light
wh2_dlc15_hef_mage_death,wh2_dlc15_skill_node_set_hef_mage_death,wh2_dlc15_skill_node_set_hef_mage_death_innate_17,wh2_main_skill_innate_hef_mage_battle_3_primed,1,wh3_main_effect_spell_targeting_range_all,data/skill_trees/characters/high_elves/Mage_Death.csv,281,,ability_group_bindings,data/effect_semantics/source_exports/db/effect_bonus_value_special_ability_group_junctions_tables/data__.tsv,372,target_intercept_range_mod,ability_group,wh_main_lore_light_upgraded
wh2_dlc15_hef_mage_death,wh2_dlc15_skill_node_set_hef_mage_death,wh2_dlc15_skill_node_set_hef_mage_death_innate_17,wh2_main_skill_innate_hef_mage_battle_3_primed,1,wh3_main_effect_spell_targeting_range_all,data/skill_trees/characters/high_elves/Mage_Death.csv,281,,ability_group_bindings,data/effect_semantics/source_exports/db/effect_bonus_value_special_ability_group_junctions_tables/data__.tsv,373,target_intercept_range_mod,ability_group,wh_main_lore_lil_waaagh
wh2_dlc15_hef_mage_death,wh2_dlc15_skill_node_set_hef_mage_death,wh2_dlc15_skill_node_set_hef_mage_death_innate_17,wh2_main_skill_innate_hef_mage_battle_3_primed,1,wh3_main_effect_spell_targeting_range_all,data/skill_trees/characters/high_elves/Mage_Death.csv,281,,ability_group_bindings,data/effect_semantics/source_exports/db/effect_bonus_value_special_ability_group_junctions_tables/data__.tsv,374,target_intercept_range_mod,ability_group,wh_main_lore_lil_waaagh_upgraded
wh2_dlc15_hef_mage_death,wh2_dlc15_skill_node_set_hef_mage_death,wh2_dlc15_skill_node_set_hef_mage_death_innate_17,wh2_main_skill_innate_hef_mage_battle_3_primed,1,wh3_main_effect_spell_targeting_range_all,data/skill_trees/characters/high_elves/Mage_Death.csv,281,,ability_group_bindings,data/effect_semantics/source_exports/db/effect_bonus_value_special_ability_group_junctions_tables/data__.tsv,375,target_intercept_range_mod,ability_group,wh_main_lore_metal
wh2_dlc15_hef_mage_death,wh2_dlc15_skill_node_set_hef_mage_death,wh2_dlc15_skill_node_set_hef_mage_death_innate_17,wh2_main_skill_innate_hef_mage_battle_3_primed,1,wh3_main_effect_spell_targeting_range_all,data/skill_trees/characters/high_elves/Mage_Death.csv,281,,ability_group_bindings,data/effect_semantics/source_exports/db/effect_bonus_value_special_ability_group_junctions_tables/data__.tsv,376,target_intercept_range_mod,ability_group,wh_main_lore_metal_upgraded
wh2_dlc15_hef_mage_death,wh2_dlc15_skill_node_set_hef_mage_death,wh2_dlc15_skill_node_set_hef_mage_death_innate_17,wh2_main_skill_innate_hef_mage_battle_3_primed,1,wh3_main_effect_spell_targeting_range_all,data/skill_trees/characters/high_elves/Mage_Death.csv,281,,ability_group_bindings,data/effect_semantics/source_exports/db/effect_bonus_value_special_ability_group_junctions_tables/data__.tsv,377,target_intercept_range_mod,ability_group,wh_main_lore_vampires
wh2_dlc15_hef_mage_death,wh2_dlc15_skill_node_set_hef_mage_death,wh2_dlc15_skill_node_set_hef_mage_death_innate_17,wh2_main_skill_innate_hef_mage_battle_3_primed,1,wh3_main_effect_spell_targeting_range_all,data/skill_trees/characters/high_elves/Mage_Death.csv,281,,ability_group_bindings,data/effect_semantics/source_exports/db/effect_bonus_value_special_ability_group_junctions_tables/data__.tsv,378,target_intercept_range_mod,ability_group,wh_main_lore_vampires_upgraded
wh2_dlc15_hef_mage_death,wh2_dlc15_skill_node_set_hef_mage_death,wh2_dlc15_skill_node_set_hef_mage_death_innate_18,wh2_main_skill_innate_hef_mage_battle_7_conductor,1,wh2_main_effect_ability_overcast_urannons_thunderbolt,data/skill_trees/characters/high_elves/Mage_Death.csv,284,wh_main_spell_heavens_urannons_thunderbolt,ability_bindings,data/effect_semantics/source_exports/db/effect_bonus_value_unit_ability_junctions_tables/data__.tsv,1406,enable_overchage,ability,wh_main_spell_heavens_urannons_thunderbolt
wh2_dlc15_hef_mage_death,wh2_dlc15_skill_node_set_hef_mage_death,wh2_dlc15_skill_node_set_hef_mage_death_innate_18,wh2_main_skill_innate_hef_mage_battle_7_conductor,1,wh2_main_effect_ability_overcast_urannons_thunderbolt,data/skill_trees/characters/high_elves/Mage_Death.csv,284,wh_main_spell_heavens_urannons_thunderbolt,ability_bindings,data/effect_semantics/source_exports/db/effect_bonus_value_unit_ability_junctions_tables/data__.tsv,1407,enable,ability,wh_main_spell_heavens_urannons_thunderbolt
wh2_dlc15_hef_mage_death,wh2_dlc15_skill_node_set_hef_mage_death,wh2_dlc15_skill_node_set_hef_mage_death_innate_18,wh2_main_skill_innate_hef_mage_battle_7_conductor,1,wh3_main_effect_spell_targeting_range_all,data/skill_trees/characters/high_elves/Mage_Death.csv,285,,ability_group_bindings,data/effect_semantics/source_exports/db/effect_bonus_value_special_ability_group_junctions_tables/data__.tsv,318,target_intercept_range_mod,ability_group,wh2_dlc09_lore_nehekhara
wh2_dlc15_hef_mage_death,wh2_dlc15_skill_node_set_hef_mage_death,wh2_dlc15_skill_node_set_hef_mage_death_innate_18,wh2_main_skill_innate_hef_mage_battle_7_conductor,1,wh3_main_effect_spell_targeting_range_all,data/skill_trees/characters/high_elves/Mage_Death.csv,285,,ability_group_bindings,data/effect_semantics/source_exports/db/effect_bonus_value_special_ability_group_junctions_tables/data__.tsv,319,target_intercept_range_mod,ability_group,wh2_dlc09_lore_nehekhara_upgraded
wh2_dlc15_hef_mage_death,wh2_dlc15_skill_node_set_hef_mage_death,wh2_dlc15_skill_node_set_hef_mage_death_innate_18,wh2_main_skill_innate_hef_mage_battle_7_conductor,1,wh3_main_effect_spell_targeting_range_all,data/skill_trees/characters/high_elves/Mage_Death.csv,285,,ability_group_bindings,data/effect_semantics/source_exports/db/effect_bonus_value_special_ability_group_junctions_tables/data__.tsv,320,target_intercept_range_mod,ability_group,wh2_dlc11_lore_deep
wh2_dlc15_hef_mage_death,wh2_dlc15_skill_node_set_hef_mage_death,wh2_dlc15_skill_node_set_hef_mage_death_innate_18,wh2_main_skill_innate_hef_mage_battle_7_conductor,1,wh3_main_effect_spell_targeting_range_all,data/skill_trees/characters/high_elves/Mage_Death.csv,285,,ability_group_bindings,data/effect_semantics/source_exports/db/effect_bonus_value_special_ability_group_junctions_tables/data__.tsv,321,target_intercept_range_mod,ability_group,wh2_dlc11_lore_deep_upgraded
wh2_dlc15_hef_mage_death,wh2_dlc15_skill_node_set_hef_mage_death,wh2_dlc15_skill_node_set_hef_mage_death_innate_18,wh2_main_skill_innate_hef_mage_battle_7_conductor,1,wh3_main_effect_spell_targeting_range_all,data/skill_trees/characters/high_elves/Mage_Death.csv,285,,ability_group_bindings,data/effect_semantics/source_exports/db/effect_bonus_value_special_ability_group_junctions_tables/data__.tsv,322,target_intercept_range_mod,ability_group,wh2_dlc12_lore_lord_kroak
wh2_dlc15_hef_mage_death,wh2_dlc15_skill_node_set_hef_mage_death,wh2_dlc15_skill_node_set_hef_mage_death_innate_18,wh2_main_skill_innate_hef_mage_battle_7_conductor,1,wh3_main_effect_spell_targeting_range_all,data/skill_trees/characters/high_elves/Mage_Death.csv,285,,ability_group_bindings,data/effect_semantics/source_exports/db/effect_bonus_value_special_ability_group_junctions_tables/data__.tsv,323,target_intercept_range_mod,ability_group,wh2_dlc14_lore_stealth
wh2_dlc15_hef_mage_death,wh2_dlc15_skill_node_set_hef_mage_death,wh2_dlc15_skill_node_set_hef_mage_death_innate_18,wh2_main_skill_innate_hef_mage_battle_7_conductor,1,wh3_main_effect_spell_targeting_range_all,data/skill_trees/characters/high_elves/Mage_Death.csv,285,,ability_group_bindings,data/effect_semantics/source_exports/db/effect_bonus_value_special_ability_group_junctions_tables/data__.tsv,324,target_intercept_range_mod,ability_group,wh2_dlc14_lore_stealth_upgraded
wh2_dlc15_hef_mage_death,wh2_dlc15_skill_node_set_hef_mage_death,wh2_dlc15_skill_node_set_hef_mage_death_innate_18,wh2_main_skill_innate_hef_mage_battle_7_conductor,1,wh3_main_effect_spell_targeting_range_all,data/skill_trees/characters/high_elves/Mage_Death.csv,285,,ability_group_bindings,data/effect_semantics/source_exports/db/effect_bonus_value_special_ability_group_junctions_tables/data__.tsv,325,target_intercept_range_mod,ability_group,wh2_main_lore_dark_magic
wh2_dlc15_hef_mage_death,wh2_dlc15_skill_node_set_hef_mage_death,wh2_dlc15_skill_node_set_hef_mage_death_innate_18,wh2_main_skill_innate_hef_mage_battle_7_conductor,1,wh3_main_effect_spell_targeting_range_all,data/skill_trees/characters/high_elves/Mage_Death.csv,285,,ability_group_bindings,data/effect_semantics/source_exports/db/effect_bonus_value_special_ability_group_junctions_tables/data__.tsv,326,target_intercept_range_mod,ability_group,wh2_main_lore_dark_magic_upgraded
wh2_dlc15_hef_mage_death,wh2_dlc15_skill_node_set_hef_mage_death,wh2_dlc15_skill_node_set_hef_mage_death_innate_18,wh2_main_skill_innate_hef_mage_battle_7_conductor,1,wh3_main_effect_spell_targeting_range_all,data/skill_trees/characters/high_elves/Mage_Death.csv,285,,ability_group_bindings,data/effect_semantics/source_exports/db/effect_bonus_value_special_ability_group_junctions_tables/data__.tsv,327,target_intercept_range_mod,ability_group,wh2_main_lore_high_magic
wh2_dlc15_hef_mage_death,wh2_dlc15_skill_node_set_hef_mage_death,wh2_dlc15_skill_node_set_hef_mage_death_innate_18,wh2_main_skill_innate_hef_mage_battle_7_conductor,1,wh3_main_effect_spell_targeting_range_all,data/skill_trees/characters/high_elves/Mage_Death.csv,285,,ability_group_bindings,data/effect_semantics/source_exports/db/effect_bonus_value_special_ability_group_junctions_tables/data__.tsv,328,target_intercept_range_mod,ability_group,wh2_main_lore_high_magic_upgraded
wh2_dlc15_hef_mage_death,wh2_dlc15_skill_node_set_hef_mage_death,wh2_dlc15_skill_node_set_hef_mage_death_innate_18,wh2_main_skill_innate_hef_mage_battle_7_conductor,1,wh3_main_effect_spell_targeting_range_all,data/skill_trees/characters/high_elves/Mage_Death.csv,285,,ability_group_bindings,data/effect_semantics/source_exports/db/effect_bonus_value_special_ability_group_junctions_tables/data__.tsv,329,target_intercept_range_mod,ability_group,wh2_main_lore_plague
wh2_dlc15_hef_mage_death,wh2_dlc15_skill_node_set_hef_mage_death,wh2_dlc15_skill_node_set_hef_mage_death_innate_18,wh2_main_skill_innate_hef_mage_battle_7_conductor,1,wh3_main_effect_spell_targeting_range_all,data/skill_trees/characters/high_elves/Mage_Death.csv,285,,ability_group_bindings,data/effect_semantics/source_exports/db/effect_bonus_value_special_ability_group_junctions_tables/data__.tsv,330,target_intercept_range_mod,ability_group,wh2_main_lore_plague_upgraded
wh2_dlc15_hef_mage_death,wh2_dlc15_skill_node_set_hef_mage_death,wh2_dlc15_skill_node_set_hef_mage_death_innate_18,wh2_main_skill_innate_hef_mage_battle_7_conductor,1,wh3_main_effect_spell_targeting_range_all,data/skill_trees/characters/high_elves/Mage_Death.csv,285,,ability_group_bindings,data/effect_semantics/source_exports/db/effect_bonus_value_special_ability_group_junctions_tables/data__.tsv,331,target_intercept_range_mod,ability_group,wh2_main_lore_ruin
wh2_dlc15_hef_mage_death,wh2_dlc15_skill_node_set_hef_mage_death,wh2_dlc15_skill_node_set_hef_mage_death_innate_18,wh2_main_skill_innate_hef_mage_battle_7_conductor,1,wh3_main_effect_spell_targeting_range_all,data/skill_trees/characters/high_elves/Mage_Death.csv,285,,ability_group_bindings,data/effect_semantics/source_exports/db/effect_bonus_value_special_ability_group_junctions_tables/data__.tsv,332,target_intercept_range_mod,ability_group,wh2_main_lore_ruin_upgraded
wh2_dlc15_hef_mage_death,wh2_dlc15_skill_node_set_hef_mage_death,wh2_dlc15_skill_node_set_hef_mage_death_innate_18,wh2_main_skill_innate_hef_mage_battle_7_conductor,1,wh3_main_effect_spell_targeting_range_all,data/skill_trees/characters/high_elves/Mage_Death.csv,285,,ability_group_bindings,data/effect_semantics/source_exports/db/effect_bonus_value_special_ability_group_junctions_tables/data__.tsv,333,target_intercept_range_mod,ability_group,wh3_dlc23_lore_hashut
wh2_dlc15_hef_mage_death,wh2_dlc15_skill_node_set_hef_mage_death,wh2_dlc15_skill_node_set_hef_mage_death_innate_18,wh2_main_skill_innate_hef_mage_battle_7_conductor,1,wh3_main_effect_spell_targeting_range_all,data/skill_trees/characters/high_elves/Mage_Death.csv,285,,ability_group_bindings,data/effect_semantics/source_exports/db/effect_bonus_value_special_ability_group_junctions_tables/data__.tsv,334,target_intercept_range_mod,ability_group,wh3_dlc23_lore_hashut_upgraded
wh2_dlc15_hef_mage_death,wh2_dlc15_skill_node_set_hef_mage_death,wh2_dlc15_skill_node_set_hef_mage_death_innate_18,wh2_main_skill_innate_hef_mage_battle_7_conductor,1,wh3_main_effect_spell_targeting_range_all,data/skill_trees/characters/high_elves/Mage_Death.csv,285,,ability_group_bindings,data/effect_semantics/source_exports/db/effect_bonus_value_special_ability_group_junctions_tables/data__.tsv,335,target_intercept_range_mod,ability_group,wh3_dlc24_lore_hag
wh2_dlc15_hef_mage_death,wh2_dlc15_skill_node_set_hef_mage_death,wh2_dlc15_skill_node_set_hef_mage_death_innate_18,wh2_main_skill_innate_hef_mage_battle_7_conductor,1,wh3_main_effect_spell_targeting_range_all,data/skill_trees/characters/high_elves/Mage_Death.csv,285,,ability_group_bindings,data/effect_semantics/source_exports/db/effect_bonus_value_special_ability_group_junctions_tables/data__.tsv,336,target_intercept_range_mod,ability_group,wh3_dlc24_lore_hag_upgraded
wh2_dlc15_hef_mage_death,wh2_dlc15_skill_node_set_hef_mage_death,wh2_dlc15_skill_node_set_hef_mage_death_innate_18,wh2_main_skill_innate_hef_mage_battle_7_conductor,1,wh3_main_effect_spell_targeting_range_all,data/skill_trees/characters/high_elves/Mage_Death.csv,285,,ability_group_bindings,data/effect_semantics/source_exports/db/effect_bonus_value_special_ability_group_junctions_tables/data__.tsv,337,target_intercept_range_mod,ability_group,wh3_dlc27_lore_mists
wh2_dlc15_hef_mage_death,wh2_dlc15_skill_node_set_hef_mage_death,wh2_dlc15_skill_node_set_hef_mage_death_innate_18,wh2_main_skill_innate_hef_mage_battle_7_conductor,1,wh3_main_effect_spell_targeting_range_all,data/skill_trees/characters/high_elves/Mage_Death.csv,285,,ability_group_bindings,data/effect_semantics/source_exports/db/effect_bonus_value_special_ability_group_junctions_tables/data__.tsv,338,target_intercept_range_mod,ability_group,wh3_dlc27_lore_mists_upgraded
wh2_dlc15_hef_mage_death,wh2_dlc15_skill_node_set_hef_mage_death,wh2_dlc15_skill_node_set_hef_mage_death_innate_18,wh2_main_skill_innate_hef_mage_battle_7_conductor,1,wh3_main_effect_spell_targeting_range_all,data/skill_trees/characters/high_elves/Mage_Death.csv,285,,ability_group_bindings,data/effect_semantics/source_exports/db/effect_bonus_value_special_ability_group_junctions_tables/data__.tsv,339,target_intercept_range_mod,ability_group,wh3_main_lore_nurgle
wh2_dlc15_hef_mage_death,wh2_dlc15_skill_node_set_hef_mage_death,wh2_dlc15_skill_node_set_hef_mage_death_innate_18,wh2_main_skill_innate_hef_mage_battle_7_conductor,1,wh3_main_effect_spell_targeting_range_all,data/skill_trees/characters/high_elves/Mage_Death.csv,285,,ability_group_bindings,data/effect_semantics/source_exports/db/effect_bonus_value_special_ability_group_junctions_tables/data__.tsv,340,target_intercept_range_mod,ability_group,wh3_main_lore_nurgle_upgraded
wh2_dlc15_hef_mage_death,wh2_dlc15_skill_node_set_hef_mage_death,wh2_dlc15_skill_node_set_hef_mage_death_innate_18,wh2_main_skill_innate_hef_mage_battle_7_conductor,1,wh3_main_effect_spell_targeting_range_all,data/skill_trees/characters/high_elves/Mage_Death.csv,285,,ability_group_bindings,data/effect_semantics/source_exports/db/effect_bonus_value_special_ability_group_junctions_tables/data__.tsv,341,target_intercept_range_mod,ability_group,wh3_main_lore_of_great_maw
wh2_dlc15_hef_mage_death,wh2_dlc15_skill_node_set_hef_mage_death,wh2_dlc15_skill_node_set_hef_mage_death_innate_18,wh2_main_skill_innate_hef_mage_battle_7_conductor,1,wh3_main_effect_spell_targeting_range_all,data/skill_trees/characters/high_elves/Mage_Death.csv,285,,ability_group_bindings,data/effect_semantics/source_exports/db/effect_bonus_value_special_ability_group_junctions_tables/data__.tsv,342,target_intercept_range_mod,ability_group,wh3_main_lore_of_great_maw_upgraded
wh2_dlc15_hef_mage_death,wh2_dlc15_skill_node_set_hef_mage_death,wh2_dlc15_skill_node_set_hef_mage_death_innate_18,wh2_main_skill_innate_hef_mage_battle_7_conductor,1,wh3_main_effect_spell_targeting_range_all,data/skill_trees/characters/high_elves/Mage_Death.csv,285,,ability_group_bindings,data/effect_semantics/source_exports/db/effect_bonus_value_special_ability_group_junctions_tables/data__.tsv,343,target_intercept_range_mod,ability_group,wh3_main_lore_of_ice
wh2_dlc15_hef_mage_death,wh2_dlc15_skill_node_set_hef_mage_death,wh2_dlc15_skill_node_set_hef_mage_death_innate_18,wh2_main_skill_innate_hef_mage_battle_7_conductor,1,wh3_main_effect_spell_targeting_range_all,data/skill_trees/characters/high_elves/Mage_Death.csv,285,,ability_group_bindings,data/effect_semantics/source_exports/db/effect_bonus_value_special_ability_group_junctions_tables/data__.tsv,344,target_intercept_range_mod,ability_group,wh3_main_lore_of_ice_upgraded
wh2_dlc15_hef_mage_death,wh2_dlc15_skill_node_set_hef_mage_death,wh2_dlc15_skill_node_set_hef_mage_death_innate_18,wh2_main_skill_innate_hef_mage_battle_7_conductor,1,wh3_main_effect_spell_targeting_range_all,data/skill_trees/characters/high_elves/Mage_Death.csv,285,,ability_group_bindings,data/effect_semantics/source_exports/db/effect_bonus_value_special_ability_group_junctions_tables/data__.tsv,345,target_intercept_range_mod,ability_group,wh3_main_lore_of_tempest
wh2_dlc15_hef_mage_death,wh2_dlc15_skill_node_set_hef_mage_death,wh2_dlc15_skill_node_set_hef_mage_death_innate_18,wh2_main_skill_innate_hef_mage_battle_7_conductor,1,wh3_main_effect_spell_targeting_range_all,data/skill_trees/characters/high_elves/Mage_Death.csv,285,,ability_group_bindings,data/effect_semantics/source_exports/db/effect_bonus_value_special_ability_group_junctions_tables/data__.tsv,346,target_intercept_range_mod,ability_group,wh3_main_lore_of_tempest_upgraded
wh2_dlc15_hef_mage_death,wh2_dlc15_skill_node_set_hef_mage_death,wh2_dlc15_skill_node_set_hef_mage_death_innate_18,wh2_main_skill_innate_hef_mage_battle_7_conductor,1,wh3_main_effect_spell_targeting_range_all,data/skill_trees/characters/high_elves/Mage_Death.csv,285,,ability_group_bindings,data/effect_semantics/source_exports/db/effect_bonus_value_special_ability_group_junctions_tables/data__.tsv,347,target_intercept_range_mod,ability_group,wh3_main_lore_of_yang
wh2_dlc15_hef_mage_death,wh2_dlc15_skill_node_set_hef_mage_death,wh2_dlc15_skill_node_set_hef_mage_death_innate_18,wh2_main_skill_innate_hef_mage_battle_7_conductor,1,wh3_main_effect_spell_targeting_range_all,data/skill_trees/characters/high_elves/Mage_Death.csv,285,,ability_group_bindings,data/effect_semantics/source_exports/db/effect_bonus_value_special_ability_group_junctions_tables/data__.tsv,348,target_intercept_range_mod,ability_group,wh3_main_lore_of_yang_upgraded
wh2_dlc15_hef_mage_death,wh2_dlc15_skill_node_set_hef_mage_death,wh2_dlc15_skill_node_set_hef_mage_death_innate_18,wh2_main_skill_innate_hef_mage_battle_7_conductor,1,wh3_main_effect_spell_targeting_range_all,data/skill_trees/characters/high_elves/Mage_Death.csv,285,,ability_group_bindings,data/effect_semantics/source_exports/db/effect_bonus_value_special_ability_group_junctions_tables/data__.tsv,349,target_intercept_range_mod,ability_group,wh3_main_lore_of_yin
wh2_dlc15_hef_mage_death,wh2_dlc15_skill_node_set_hef_mage_death,wh2_dlc15_skill_node_set_hef_mage_death_innate_18,wh2_main_skill_innate_hef_mage_battle_7_conductor,1,wh3_main_effect_spell_targeting_range_all,data/skill_trees/characters/high_elves/Mage_Death.csv,285,,ability_group_bindings,data/effect_semantics/source_exports/db/effect_bonus_value_special_ability_group_junctions_tables/data__.tsv,350,target_intercept_range_mod,ability_group,wh3_main_lore_of_yin_upgraded
wh2_dlc15_hef_mage_death,wh2_dlc15_skill_node_set_hef_mage_death,wh2_dlc15_skill_node_set_hef_mage_death_innate_18,wh2_main_skill_innate_hef_mage_battle_7_conductor,1,wh3_main_effect_spell_targeting_range_all,data/skill_trees/characters/high_elves/Mage_Death.csv,285,,ability_group_bindings,data/effect_semantics/source_exports/db/effect_bonus_value_special_ability_group_junctions_tables/data__.tsv,351,target_intercept_range_mod,ability_group,wh3_main_lore_slaanesh
wh2_dlc15_hef_mage_death,wh2_dlc15_skill_node_set_hef_mage_death,wh2_dlc15_skill_node_set_hef_mage_death_innate_18,wh2_main_skill_innate_hef_mage_battle_7_conductor,1,wh3_main_effect_spell_targeting_range_all,data/skill_trees/characters/high_elves/Mage_Death.csv,285,,ability_group_bindings,data/effect_semantics/source_exports/db/effect_bonus_value_special_ability_group_junctions_tables/data__.tsv,352,target_intercept_range_mod,ability_group,wh3_main_lore_slaanesh_upgraded
wh2_dlc15_hef_mage_death,wh2_dlc15_skill_node_set_hef_mage_death,wh2_dlc15_skill_node_set_hef_mage_death_innate_18,wh2_main_skill_innate_hef_mage_battle_7_conductor,1,wh3_main_effect_spell_targeting_range_all,data/skill_trees/characters/high_elves/Mage_Death.csv,285,,ability_group_bindings,data/effect_semantics/source_exports/db/effect_bonus_value_special_ability_group_junctions_tables/data__.tsv,353,target_intercept_range_mod,ability_group,wh3_main_lore_tzeentch
wh2_dlc15_hef_mage_death,wh2_dlc15_skill_node_set_hef_mage_death,wh2_dlc15_skill_node_set_hef_mage_death_innate_18,wh2_main_skill_innate_hef_mage_battle_7_conductor,1,wh3_main_effect_spell_targeting_range_all,data/skill_trees/characters/high_elves/Mage_Death.csv,285,,ability_group_bindings,data/effect_semantics/source_exports/db/effect_bonus_value_special_ability_group_junctions_tables/data__.tsv,354,target_intercept_range_mod,ability_group,wh3_main_lore_tzeentch_upgraded
wh2_dlc15_hef_mage_death,wh2_dlc15_skill_node_set_hef_mage_death,wh2_dlc15_skill_node_set_hef_mage_death_innate_18,wh2_main_skill_innate_hef_mage_battle_7_conductor,1,wh3_main_effect_spell_targeting_range_all,data/skill_trees/characters/high_elves/Mage_Death.csv,285,,ability_group_bindings,data/effect_semantics/source_exports/db/effect_bonus_value_special_ability_group_junctions_tables/data__.tsv,355,target_intercept_range_mod,ability_group,wh_dlc03_lore_beasts
wh2_dlc15_hef_mage_death,wh2_dlc15_skill_node_set_hef_mage_death,wh2_dlc15_skill_node_set_hef_mage_death_innate_18,wh2_main_skill_innate_hef_mage_battle_7_conductor,1,wh3_main_effect_spell_targeting_range_all,data/skill_trees/characters/high_elves/Mage_Death.csv,285,,ability_group_bindings,data/effect_semantics/source_exports/db/effect_bonus_value_special_ability_group_junctions_tables/data__.tsv,356,target_intercept_range_mod,ability_group,wh_dlc03_lore_beasts_upgraded
wh2_dlc15_hef_mage_death,wh2_dlc15_skill_node_set_hef_mage_death,wh2_dlc15_skill_node_set_hef_mage_death_innate_18,wh2_main_skill_innate_hef_mage_battle_7_conductor,1,wh3_main_effect_spell_targeting_range_all,data/skill_trees/characters/high_elves/Mage_Death.csv,285,,ability_group_bindings,data/effect_semantics/source_exports/db/effect_bonus_value_special_ability_group_junctions_tables/data__.tsv,357,target_intercept_range_mod,ability_group,wh_dlc03_lore_wild
wh2_dlc15_hef_mage_death,wh2_dlc15_skill_node_set_hef_mage_death,wh2_dlc15_skill_node_set_hef_mage_death_innate_18,wh2_main_skill_innate_hef_mage_battle_7_conductor,1,wh3_main_effect_spell_targeting_range_all,data/skill_trees/characters/high_elves/Mage_Death.csv,285,,ability_group_bindings,data/effect_semantics/source_exports/db/effect_bonus_value_special_ability_group_junctions_tables/data__.tsv,358,target_intercept_range_mod,ability_group,wh_dlc03_lore_wild_upgraded
wh2_dlc15_hef_mage_death,wh2_dlc15_skill_node_set_hef_mage_death,wh2_dlc15_skill_node_set_hef_mage_death_innate_18,wh2_main_skill_innate_hef_mage_battle_7_conductor,1,wh3_main_effect_spell_targeting_range_all,data/skill_trees/characters/high_elves/Mage_Death.csv,285,,ability_group_bindings,data/effect_semantics/source_exports/db/effect_bonus_value_special_ability_group_junctions_tables/data__.tsv,359,target_intercept_range_mod,ability_group,wh_dlc05_lore_life
wh2_dlc15_hef_mage_death,wh2_dlc15_skill_node_set_hef_mage_death,wh2_dlc15_skill_node_set_hef_mage_death_innate_18,wh2_main_skill_innate_hef_mage_battle_7_conductor,1,wh3_main_effect_spell_targeting_range_all,data/skill_trees/characters/high_elves/Mage_Death.csv,285,,ability_group_bindings,data/effect_semantics/source_exports/db/effect_bonus_value_special_ability_group_junctions_tables/data__.tsv,360,target_intercept_range_mod,ability_group,wh_dlc05_lore_life_upgraded
wh2_dlc15_hef_mage_death,wh2_dlc15_skill_node_set_hef_mage_death,wh2_dlc15_skill_node_set_hef_mage_death_innate_18,wh2_main_skill_innate_hef_mage_battle_7_conductor,1,wh3_main_effect_spell_targeting_range_all,data/skill_trees/characters/high_elves/Mage_Death.csv,285,,ability_group_bindings,data/effect_semantics/source_exports/db/effect_bonus_value_special_ability_group_junctions_tables/data__.tsv,361,target_intercept_range_mod,ability_group,wh_dlc05_lore_shadows
wh2_dlc15_hef_mage_death,wh2_dlc15_skill_node_set_hef_mage_death,wh2_dlc15_skill_node_set_hef_mage_death_innate_18,wh2_main_skill_innate_hef_mage_battle_7_conductor,1,wh3_main_effect_spell_targeting_range_all,data/skill_trees/characters/high_elves/Mage_Death.csv,285,,ability_group_bindings,data/effect_semantics/source_exports/db/effect_bonus_value_special_ability_group_junctions_tables/data__.tsv,362,target_intercept_range_mod,ability_group,wh_dlc05_lore_shadows_upgraded
wh2_dlc15_hef_mage_death,wh2_dlc15_skill_node_set_hef_mage_death,wh2_dlc15_skill_node_set_hef_mage_death_innate_18,wh2_main_skill_innate_hef_mage_battle_7_conductor,1,wh3_main_effect_spell_targeting_range_all,data/skill_trees/characters/high_elves/Mage_Death.csv,285,,ability_group_bindings,data/effect_semantics/source_exports/db/effect_bonus_value_special_ability_group_junctions_tables/data__.tsv,363,target_intercept_range_mod,ability_group,wh_main_lore_big_waaagh
wh2_dlc15_hef_mage_death,wh2_dlc15_skill_node_set_hef_mage_death,wh2_dlc15_skill_node_set_hef_mage_death_innate_18,wh2_main_skill_innate_hef_mage_battle_7_conductor,1,wh3_main_effect_spell_targeting_range_all,data/skill_trees/characters/high_elves/Mage_Death.csv,285,,ability_group_bindings,data/effect_semantics/source_exports/db/effect_bonus_value_special_ability_group_junctions_tables/data__.tsv,364,target_intercept_range_mod,ability_group,wh_main_lore_big_waaagh_upgraded
wh2_dlc15_hef_mage_death,wh2_dlc15_skill_node_set_hef_mage_death,wh2_dlc15_skill_node_set_hef_mage_death_innate_18,wh2_main_skill_innate_hef_mage_battle_7_conductor,1,wh3_main_effect_spell_targeting_range_all,data/skill_trees/characters/high_elves/Mage_Death.csv,285,,ability_group_bindings,data/effect_semantics/source_exports/db/effect_bonus_value_special_ability_group_junctions_tables/data__.tsv,365,target_intercept_range_mod,ability_group,wh_main_lore_death
wh2_dlc15_hef_mage_death,wh2_dlc15_skill_node_set_hef_mage_death,wh2_dlc15_skill_node_set_hef_mage_death_innate_18,wh2_main_skill_innate_hef_mage_battle_7_conductor,1,wh3_main_effect_spell_targeting_range_all,data/skill_trees/characters/high_elves/Mage_Death.csv,285,,ability_group_bindings,data/effect_semantics/source_exports/db/effect_bonus_value_special_ability_group_junctions_tables/data__.tsv,366,target_intercept_range_mod,ability_group,wh_main_lore_death_upgraded
wh2_dlc15_hef_mage_death,wh2_dlc15_skill_node_set_hef_mage_death,wh2_dlc15_skill_node_set_hef_mage_death_innate_18,wh2_main_skill_innate_hef_mage_battle_7_conductor,1,wh3_main_effect_spell_targeting_range_all,data/skill_trees/characters/high_elves/Mage_Death.csv,285,,ability_group_bindings,data/effect_semantics/source_exports/db/effect_bonus_value_special_ability_group_junctions_tables/data__.tsv,367,target_intercept_range_mod,ability_group,wh_main_lore_fire
wh2_dlc15_hef_mage_death,wh2_dlc15_skill_node_set_hef_mage_death,wh2_dlc15_skill_node_set_hef_mage_death_innate_18,wh2_main_skill_innate_hef_mage_battle_7_conductor,1,wh3_main_effect_spell_targeting_range_all,data/skill_trees/characters/high_elves/Mage_Death.csv,285,,ability_group_bindings,data/effect_semantics/source_exports/db/effect_bonus_value_special_ability_group_junctions_tables/data__.tsv,368,target_intercept_range_mod,ability_group,wh_main_lore_fire_upgraded
wh2_dlc15_hef_mage_death,wh2_dlc15_skill_node_set_hef_mage_death,wh2_dlc15_skill_node_set_hef_mage_death_innate_18,wh2_main_skill_innate_hef_mage_battle_7_conductor,1,wh3_main_effect_spell_targeting_range_all,data/skill_trees/characters/high_elves/Mage_Death.csv,285,,ability_group_bindings,data/effect_semantics/source_exports/db/effect_bonus_value_special_ability_group_junctions_tables/data__.tsv,369,target_intercept_range_mod,ability_group,wh_main_lore_heavens
wh2_dlc15_hef_mage_death,wh2_dlc15_skill_node_set_hef_mage_death,wh2_dlc15_skill_node_set_hef_mage_death_innate_18,wh2_main_skill_innate_hef_mage_battle_7_conductor,1,wh3_main_effect_spell_targeting_range_all,data/skill_trees/characters/high_elves/Mage_Death.csv,285,,ability_group_bindings,data/effect_semantics/source_exports/db/effect_bonus_value_special_ability_group_junctions_tables/data__.tsv,370,target_intercept_range_mod,ability_group,wh_main_lore_heavens_upgraded
wh2_dlc15_hef_mage_death,wh2_dlc15_skill_node_set_hef_mage_death,wh2_dlc15_skill_node_set_hef_mage_death_innate_18,wh2_main_skill_innate_hef_mage_battle_7_conductor,1,wh3_main_effect_spell_targeting_range_all,data/skill_trees/characters/high_elves/Mage_Death.csv,285,,ability_group_bindings,data/effect_semantics/source_exports/db/effect_bonus_value_special_ability_group_junctions_tables/data__.tsv,371,target_intercept_range_mod,ability_group,wh_main_lore_light
wh2_dlc15_hef_mage_death,wh2_dlc15_skill_node_set_hef_mage_death,wh2_dlc15_skill_node_set_hef_mage_death_innate_18,wh2_main_skill_innate_hef_mage_battle_7_conductor,1,wh3_main_effect_spell_targeting_range_all,data/skill_trees/characters/high_elves/Mage_Death.csv,285,,ability_group_bindings,data/effect_semantics/source_exports/db/effect_bonus_value_special_ability_group_junctions_tables/data__.tsv,372,target_intercept_range_mod,ability_group,wh_main_lore_light_upgraded
wh2_dlc15_hef_mage_death,wh2_dlc15_skill_node_set_hef_mage_death,wh2_dlc15_skill_node_set_hef_mage_death_innate_18,wh2_main_skill_innate_hef_mage_battle_7_conductor,1,wh3_main_effect_spell_targeting_range_all,data/skill_trees/characters/high_elves/Mage_Death.csv,285,,ability_group_bindings,data/effect_semantics/source_exports/db/effect_bonus_value_special_ability_group_junctions_tables/data__.tsv,373,target_intercept_range_mod,ability_group,wh_main_lore_lil_waaagh
wh2_dlc15_hef_mage_death,wh2_dlc15_skill_node_set_hef_mage_death,wh2_dlc15_skill_node_set_hef_mage_death_innate_18,wh2_main_skill_innate_hef_mage_battle_7_conductor,1,wh3_main_effect_spell_targeting_range_all,data/skill_trees/characters/high_elves/Mage_Death.csv,285,,ability_group_bindings,data/effect_semantics/source_exports/db/effect_bonus_value_special_ability_group_junctions_tables/data__.tsv,374,target_intercept_range_mod,ability_group,wh_main_lore_lil_waaagh_upgraded
wh2_dlc15_hef_mage_death,wh2_dlc15_skill_node_set_hef_mage_death,wh2_dlc15_skill_node_set_hef_mage_death_innate_18,wh2_main_skill_innate_hef_mage_battle_7_conductor,1,wh3_main_effect_spell_targeting_range_all,data/skill_trees/characters/high_elves/Mage_Death.csv,285,,ability_group_bindings,data/effect_semantics/source_exports/db/effect_bonus_value_special_ability_group_junctions_tables/data__.tsv,375,target_intercept_range_mod,ability_group,wh_main_lore_metal
wh2_dlc15_hef_mage_death,wh2_dlc15_skill_node_set_hef_mage_death,wh2_dlc15_skill_node_set_hef_mage_death_innate_18,wh2_main_skill_innate_hef_mage_battle_7_conductor,1,wh3_main_effect_spell_targeting_range_all,data/skill_trees/characters/high_elves/Mage_Death.csv,285,,ability_group_bindings,data/effect_semantics/source_exports/db/effect_bonus_value_special_ability_group_junctions_tables/data__.tsv,376,target_intercept_range_mod,ability_group,wh_main_lore_metal_upgraded
wh2_dlc15_hef_mage_death,wh2_dlc15_skill_node_set_hef_mage_death,wh2_dlc15_skill_node_set_hef_mage_death_innate_18,wh2_main_skill_innate_hef_mage_battle_7_conductor,1,wh3_main_effect_spell_targeting_range_all,data/skill_trees/characters/high_elves/Mage_Death.csv,285,,ability_group_bindings,data/effect_semantics/source_exports/db/effect_bonus_value_special_ability_group_junctions_tables/data__.tsv,377,target_intercept_range_mod,ability_group,wh_main_lore_vampires
wh2_dlc15_hef_mage_death,wh2_dlc15_skill_node_set_hef_mage_death,wh2_dlc15_skill_node_set_hef_mage_death_innate_18,wh2_main_skill_innate_hef_mage_battle_7_conductor,1,wh3_main_effect_spell_targeting_range_all,data/skill_trees/characters/high_elves/Mage_Death.csv,285,,ability_group_bindings,data/effect_semantics/source_exports/db/effect_bonus_value_special_ability_group_junctions_tables/data__.tsv,378,target_intercept_range_mod,ability_group,wh_main_lore_vampires_upgraded
wh2_dlc15_hef_mage_death,wh2_dlc15_skill_node_set_hef_mage_death,wh2_dlc15_skill_node_set_hef_mage_death_innate_21,wh2_main_skill_innate_hef_mage_army_7_negator,1,wh2_main_effect_ability_overcast_melkoths_enfeebling_foe,data/skill_trees/characters/high_elves/Mage_Death.csv,291,wh_dlc05_spell_shadow_the_enfeebling_foe,ability_bindings,data/effect_semantics/source_exports/db/effect_bonus_value_unit_ability_junctions_tables/data__.tsv,1344,enable_overchage,ability,wh_dlc05_spell_shadow_the_enfeebling_foe
wh2_dlc15_hef_mage_death,wh2_dlc15_skill_node_set_hef_mage_death,wh2_dlc15_skill_node_set_hef_mage_death_innate_21,wh2_main_skill_innate_hef_mage_army_7_negator,1,wh2_main_effect_ability_overcast_melkoths_enfeebling_foe,data/skill_trees/characters/high_elves/Mage_Death.csv,291,wh_dlc05_spell_shadow_the_enfeebling_foe,ability_bindings,data/effect_semantics/source_exports/db/effect_bonus_value_unit_ability_junctions_tables/data__.tsv,1345,enable,ability,wh_dlc05_spell_shadow_the_enfeebling_foe
wh2_dlc15_hef_mage_death,wh2_dlc15_skill_node_set_hef_mage_death,wh2_dlc15_skill_node_set_hef_mage_death_innate_21,wh2_main_skill_innate_hef_mage_army_7_negator,1,wh2_main_effect_ability_overcast_melkoths_mystifying_miasma,data/skill_trees/characters/high_elves/Mage_Death.csv,292,wh_dlc05_spell_shadow_melkoths_mystifying_miasma,ability_bindings,data/effect_semantics/source_exports/db/effect_bonus_value_unit_ability_junctions_tables/data__.tsv,1346,enable_overchage,ability,wh_dlc05_spell_shadow_melkoths_mystifying_miasma
wh2_dlc15_hef_mage_death,wh2_dlc15_skill_node_set_hef_mage_death,wh2_dlc15_skill_node_set_hef_mage_death_innate_21,wh2_main_skill_innate_hef_mage_army_7_negator,1,wh2_main_effect_ability_overcast_melkoths_mystifying_miasma,data/skill_trees/characters/high_elves/Mage_Death.csv,292,wh_dlc05_spell_shadow_melkoths_mystifying_miasma,ability_bindings,data/effect_semantics/source_exports/db/effect_bonus_value_unit_ability_junctions_tables/data__.tsv,1347,enable,ability,wh_dlc05_spell_shadow_melkoths_mystifying_miasma
wh2_dlc15_hef_mage_death,wh2_dlc15_skill_node_set_hef_mage_death,wh2_dlc15_skill_node_set_hef_mage_death_innate_24,wh2_main_skill_innate_hef_mage_army_7_protective,1,wh2_main_effect_ability_overcast_glittering_robe,data/skill_trees/characters/high_elves/Mage_Death.csv,298,wh_main_spell_metal_glittering_robe,ability_bindings,data/effect_semantics/source_exports/db/effect_bonus_value_unit_ability_junctions_tables/data__.tsv,1332,enable_overchage,ability,wh_main_spell_metal_glittering_robe
wh2_dlc15_hef_mage_death,wh2_dlc15_skill_node_set_hef_mage_death,wh2_dlc15_skill_node_set_hef_mage_death_innate_24,wh2_main_skill_innate_hef_mage_army_7_protective,1,wh2_main_effect_ability_overcast_glittering_robe,data/skill_trees/characters/high_elves/Mage_Death.csv,298,wh_main_spell_metal_glittering_robe,ability_bindings,data/effect_semantics/source_exports/db/effect_bonus_value_unit_ability_junctions_tables/data__.tsv,1333,enable,ability,wh_main_spell_metal_glittering_robe
wh2_dlc15_hef_mage_death,wh2_dlc15_skill_node_set_hef_mage_death,wh2_dlc15_skill_node_set_hef_mage_death_innate_24,wh2_main_skill_innate_hef_mage_army_7_protective,1,wh2_main_effect_ability_overcast_transmutation_of_lead,data/skill_trees/characters/high_elves/Mage_Death.csv,299,wh_main_spell_metal_transmutation_of_lead,ability_bindings,data/effect_semantics/source_exports/db/effect_bonus_value_unit_ability_junctions_tables/data__.tsv,1404,enable_overchage,ability,wh_main_spell_metal_transmutation_of_lead
wh2_dlc15_hef_mage_death,wh2_dlc15_skill_node_set_hef_mage_death,wh2_dlc15_skill_node_set_hef_mage_death_innate_24,wh2_main_skill_innate_hef_mage_army_7_protective,1,wh2_main_effect_ability_overcast_transmutation_of_lead,data/skill_trees/characters/high_elves/Mage_Death.csv,299,wh_main_spell_metal_transmutation_of_lead,ability_bindings,data/effect_semantics/source_exports/db/effect_bonus_value_unit_ability_junctions_tables/data__.tsv,1405,enable,ability,wh_main_spell_metal_transmutation_of_lead
wh2_dlc15_hef_mage_death,wh3_dlc27_skill_node_set_hef_yvresse_mage_death_affinity,wh2_dlc15_skill_node_hef_mage_death_magic_0,wh_main_skill_all_magic_death_01_spirit_leech,1,wh_main_effect_ability_cooldown_spirit_leech,data/skill_trees/characters/high_elves/Mage_Death.csv,340,wh_main_spell_death_spirit_leech,ability_bindings,data/effect_semantics/source_exports/db/effect_bonus_value_unit_ability_junctions_tables/data__.tsv,5392,recharge_mod,ability,wh_main_spell_death_spirit_leech
wh2_dlc15_hef_mage_death,wh3_dlc27_skill_node_set_hef_yvresse_mage_death_affinity,wh2_dlc15_skill_node_hef_mage_death_magic_0,wh_main_skill_all_magic_death_01_spirit_leech,1,wh2_main_effect_ability_overcast_spirit_leech,data/skill_trees/characters/high_elves/Mage_Death.csv,341,wh_main_spell_death_spirit_leech,ability_bindings,data/effect_semantics/source_exports/db/effect_bonus_value_unit_ability_junctions_tables/data__.tsv,1388,enable_overchage,ability,wh_main_spell_death_spirit_leech
wh2_dlc15_hef_mage_death,wh3_dlc27_skill_node_set_hef_yvresse_mage_death_affinity,wh2_dlc15_skill_node_hef_mage_death_magic_0,wh_main_skill_all_magic_death_01_spirit_leech,1,wh2_main_effect_ability_overcast_spirit_leech,data/skill_trees/characters/high_elves/Mage_Death.csv,341,wh_main_spell_death_spirit_leech,ability_bindings,data/effect_semantics/source_exports/db/effect_bonus_value_unit_ability_junctions_tables/data__.tsv,1389,enable,ability,wh_main_spell_death_spirit_leech
wh2_dlc15_hef_mage_death,wh3_dlc27_skill_node_set_hef_yvresse_mage_death_affinity,wh2_dlc15_skill_node_hef_mage_death_magic_0,wh_main_skill_all_magic_death_01_spirit_leech,2,wh_main_effect_ability_cooldown_spirit_leech,data/skill_trees/characters/high_elves/Mage_Death.csv,342,wh_main_spell_death_spirit_leech,ability_bindings,data/effect_semantics/source_exports/db/effect_bonus_value_unit_ability_junctions_tables/data__.tsv,5392,recharge_mod,ability,wh_main_spell_death_spirit_leech
wh2_dlc15_hef_mage_death,wh3_dlc27_skill_node_set_hef_yvresse_mage_death_affinity,wh2_dlc15_skill_node_hef_mage_death_magic_0,wh_main_skill_all_magic_death_01_spirit_leech,2,wh2_main_effect_ability_miscast_spirit_leech_upgraded,data/skill_trees/characters/high_elves/Mage_Death.csv,343,wh_main_spell_death_spirit_leech_upgraded,ability_bindings,data/effect_semantics/source_exports/db/effect_bonus_value_unit_ability_junctions_tables/data__.tsv,1251,miscast_percentage_mod,ability,wh_main_spell_death_spirit_leech_upgraded
wh2_dlc15_hef_mage_death,wh3_dlc27_skill_node_set_hef_yvresse_mage_death_affinity,wh2_dlc15_skill_node_hef_mage_death_magic_0,wh_main_skill_all_magic_death_01_spirit_leech,2,wh2_main_effect_ability_overcast_spirit_leech,data/skill_trees/characters/high_elves/Mage_Death.csv,344,wh_main_spell_death_spirit_leech,ability_bindings,data/effect_semantics/source_exports/db/effect_bonus_value_unit_ability_junctions_tables/data__.tsv,1388,enable_overchage,ability,wh_main_spell_death_spirit_leech
wh2_dlc15_hef_mage_death,wh3_dlc27_skill_node_set_hef_yvresse_mage_death_affinity,wh2_dlc15_skill_node_hef_mage_death_magic_0,wh_main_skill_all_magic_death_01_spirit_leech,2,wh2_main_effect_ability_overcast_spirit_leech,data/skill_trees/characters/high_elves/Mage_Death.csv,344,wh_main_spell_death_spirit_leech,ability_bindings,data/effect_semantics/source_exports/db/effect_bonus_value_unit_ability_junctions_tables/data__.tsv,1389,enable,ability,wh_main_spell_death_spirit_leech
wh2_dlc15_hef_mage_death,wh3_dlc27_skill_node_set_hef_yvresse_mage_death_affinity,wh2_dlc15_skill_node_hef_mage_death_magic_0,wh_main_skill_all_magic_death_01_spirit_leech,2,wh2_main_effect_ability_wom_cost_spirit_leech,data/skill_trees/characters/high_elves/Mage_Death.csv,345,wh_main_spell_death_spirit_leech,ability_bindings,data/effect_semantics/source_exports/db/effect_bonus_value_unit_ability_junctions_tables/data__.tsv,1571,cost_mod,ability,wh_main_spell_death_spirit_leech
wh2_dlc15_hef_mage_death,wh3_dlc27_skill_node_set_hef_yvresse_mage_death_affinity,wh2_dlc15_skill_node_hef_mage_death_magic_0,wh_main_skill_all_magic_death_01_spirit_leech,2,wh2_main_effect_ability_wom_cost_spirit_leech_upgraded,data/skill_trees/characters/high_elves/Mage_Death.csv,346,wh_main_spell_death_spirit_leech_upgraded,ability_bindings,data/effect_semantics/source_exports/db/effect_bonus_value_unit_ability_junctions_tables/data__.tsv,1570,cost_mod,ability,wh_main_spell_death_spirit_leech_upgraded
wh2_dlc15_hef_mage_death,wh3_dlc27_skill_node_set_hef_yvresse_mage_death_affinity,wh2_dlc15_skill_node_hef_mage_death_magic_1_2,wh_main_skill_all_magic_death_03_life_leeching,1,wh_main_effect_ability_enable_life-leeching,data/skill_trees/characters/high_elves/Mage_Death.csv,465,wh_main_lore_passive_life_leeching,ability_bindings,data/effect_semantics/source_exports/db/effect_bonus_value_unit_ability_junctions_tables/data__.tsv,5497,enable,ability,wh_main_lore_passive_life_leeching
wh2_dlc15_hef_mage_death,wh3_dlc27_skill_node_set_hef_yvresse_mage_death_affinity,wh2_dlc15_skill_node_hef_mage_death_magic_1_1,wh_main_skill_all_magic_death_02_aspect_of_the_dreadknight,1,wh_main_effect_ability_enable_aspect_of_the_dreadknight,data/skill_trees/characters/high_elves/Mage_Death.csv,483,wh_main_spell_death_aspect_of_the_dreadknight,ability_bindings,data/effect_semantics/source_exports/db/effect_bonus_value_unit_ability_junctions_tables/data__.tsv,5409,enable,ability,wh_main_spell_death_aspect_of_the_dreadknight
wh2_dlc15_hef_mage_death,wh3_dlc27_skill_node_set_hef_yvresse_mage_death_affinity,wh2_dlc15_skill_node_hef_mage_death_magic_1_1,wh_main_skill_all_magic_death_02_aspect_of_the_dreadknight,2,wh_main_effect_ability_cooldown_aspect_of_the_dreadknight,data/skill_trees/characters/high_elves/Mage_Death.csv,484,wh_main_spell_death_aspect_of_the_dreadknight,ability_bindings,data/effect_semantics/source_exports/db/effect_bonus_value_unit_ability_junctions_tables/data__.tsv,5290,recharge_mod,ability,wh_main_spell_death_aspect_of_the_dreadknight
wh2_dlc15_hef_mage_death,wh3_dlc27_skill_node_set_hef_yvresse_mage_death_affinity,wh2_dlc15_skill_node_hef_mage_death_magic_1_1,wh_main_skill_all_magic_death_02_aspect_of_the_dreadknight,2,wh2_main_effect_ability_overcast_aspect_of_the_dreadknight,data/skill_trees/characters/high_elves/Mage_Death.csv,485,wh_main_spell_death_aspect_of_the_dreadknight,ability_bindings,data/effect_semantics/source_exports/db/effect_bonus_value_unit_ability_junctions_tables/data__.tsv,1272,enable_overchage,ability,wh_main_spell_death_aspect_of_the_dreadknight
wh2_dlc15_hef_mage_death,wh3_dlc27_skill_node_set_hef_yvresse_mage_death_affinity,wh2_dlc15_skill_node_hef_mage_death_magic_1_1,wh_main_skill_all_magic_death_02_aspect_of_the_dreadknight,2,wh2_main_effect_ability_overcast_aspect_of_the_dreadknight,data/skill_trees/characters/high_elves/Mage_Death.csv,485,wh_main_spell_death_aspect_of_the_dreadknight,ability_bindings,data/effect_semantics/source_exports/db/effect_bonus_value_unit_ability_junctions_tables/data__.tsv,1273,enable,ability,wh_main_spell_death_aspect_of_the_dreadknight
wh2_dlc15_hef_mage_death,wh3_dlc27_skill_node_set_hef_yvresse_mage_death_affinity,wh2_dlc15_skill_node_hef_mage_death_magic_1_1,wh_main_skill_all_magic_death_02_aspect_of_the_dreadknight,3,wh_main_effect_ability_cooldown_aspect_of_the_dreadknight,data/skill_trees/characters/high_elves/Mage_Death.csv,486,wh_main_spell_death_aspect_of_the_dreadknight,ability_bindings,data/effect_semantics/source_exports/db/effect_bonus_value_unit_ability_junctions_tables/data__.tsv,5290,recharge_mod,ability,wh_main_spell_death_aspect_of_the_dreadknight
wh2_dlc15_hef_mage_death,wh3_dlc27_skill_node_set_hef_yvresse_mage_death_affinity,wh2_dlc15_skill_node_hef_mage_death_magic_1_1,wh_main_skill_all_magic_death_02_aspect_of_the_dreadknight,3,wh2_main_effect_ability_miscast_aspect_of_the_dreadknight_upgraded,data/skill_trees/characters/high_elves/Mage_Death.csv,487,wh_main_spell_death_aspect_of_the_dreadknight_upgraded,ability_bindings,data/effect_semantics/source_exports/db/effect_bonus_value_unit_ability_junctions_tables/data__.tsv,1192,miscast_percentage_mod,ability,wh_main_spell_death_aspect_of_the_dreadknight_upgraded
wh2_dlc15_hef_mage_death,wh3_dlc27_skill_node_set_hef_yvresse_mage_death_affinity,wh2_dlc15_skill_node_hef_mage_death_magic_1_1,wh_main_skill_all_magic_death_02_aspect_of_the_dreadknight,3,wh2_main_effect_ability_overcast_aspect_of_the_dreadknight,data/skill_trees/characters/high_elves/Mage_Death.csv,488,wh_main_spell_death_aspect_of_the_dreadknight,ability_bindings,data/effect_semantics/source_exports/db/effect_bonus_value_unit_ability_junctions_tables/data__.tsv,1272,enable_overchage,ability,wh_main_spell_death_aspect_of_the_dreadknight
wh2_dlc15_hef_mage_death,wh3_dlc27_skill_node_set_hef_yvresse_mage_death_affinity,wh2_dlc15_skill_node_hef_mage_death_magic_1_1,wh_main_skill_all_magic_death_02_aspect_of_the_dreadknight,3,wh2_main_effect_ability_overcast_aspect_of_the_dreadknight,data/skill_trees/characters/high_elves/Mage_Death.csv,488,wh_main_spell_death_aspect_of_the_dreadknight,ability_bindings,data/effect_semantics/source_exports/db/effect_bonus_value_unit_ability_junctions_tables/data__.tsv,1273,enable,ability,wh_main_spell_death_aspect_of_the_dreadknight
wh2_dlc15_hef_mage_death,wh3_dlc27_skill_node_set_hef_yvresse_mage_death_affinity,wh2_dlc15_skill_node_hef_mage_death_magic_1_1,wh_main_skill_all_magic_death_02_aspect_of_the_dreadknight,3,wh2_main_effect_ability_wom_cost_aspect_of_the_dreadknight,data/skill_trees/characters/high_elves/Mage_Death.csv,489,wh_main_spell_death_aspect_of_the_dreadknight,ability_bindings,data/effect_semantics/source_exports/db/effect_bonus_value_unit_ability_junctions_tables/data__.tsv,1436,cost_mod,ability,wh_main_spell_death_aspect_of_the_dreadknight
wh2_dlc15_hef_mage_death,wh3_dlc27_skill_node_set_hef_yvresse_mage_death_affinity,wh2_dlc15_skill_node_hef_mage_death_magic_1_1,wh_main_skill_all_magic_death_02_aspect_of_the_dreadknight,3,wh2_main_effect_ability_wom_cost_aspect_of_the_dreadknight_upgraded,data/skill_trees/characters/high_elves/Mage_Death.csv,490,wh_main_spell_death_aspect_of_the_dreadknight_upgraded,ability_bindings,data/effect_semantics/source_exports/db/effect_bonus_value_unit_ability_junctions_tables/data__.tsv,1435,cost_mod,ability,wh_main_spell_death_aspect_of_the_dreadknight_upgraded
wh2_dlc15_hef_mage_death,wh3_dlc27_skill_node_set_hef_yvresse_mage_death_affinity,wh3_dlc27_skill_node_hef_mage_death_unique_1,wh3_dlc27_skill_hef_mage_student_of_the_white_tower,1,wh2_dlc12_effect_magic_cooldown_all_lores,data/skill_trees/characters/high_elves/Mage_Death.csv,502,,ability_group_bindings,data/effect_semantics/source_exports/db/effect_bonus_value_special_ability_group_junctions_tables/data__.tsv,11,recharge_rate_percentage_mod,ability_group,wh2_dlc09_lore_nehekhara
wh2_dlc15_hef_mage_death,wh3_dlc27_skill_node_set_hef_yvresse_mage_death_affinity,wh3_dlc27_skill_node_hef_mage_death_unique_1,wh3_dlc27_skill_hef_mage_student_of_the_white_tower,1,wh2_dlc12_effect_magic_cooldown_all_lores,data/skill_trees/characters/high_elves/Mage_Death.csv,502,,ability_group_bindings,data/effect_semantics/source_exports/db/effect_bonus_value_special_ability_group_junctions_tables/data__.tsv,12,recharge_rate_percentage_mod,ability_group,wh2_dlc09_lore_nehekhara_upgraded
wh2_dlc15_hef_mage_death,wh3_dlc27_skill_node_set_hef_yvresse_mage_death_affinity,wh3_dlc27_skill_node_hef_mage_death_unique_1,wh3_dlc27_skill_hef_mage_student_of_the_white_tower,1,wh2_dlc12_effect_magic_cooldown_all_lores,data/skill_trees/characters/high_elves/Mage_Death.csv,502,,ability_group_bindings,data/effect_semantics/source_exports/db/effect_bonus_value_special_ability_group_junctions_tables/data__.tsv,13,recharge_rate_percentage_mod,ability_group,wh2_dlc11_lore_deep
wh2_dlc15_hef_mage_death,wh3_dlc27_skill_node_set_hef_yvresse_mage_death_affinity,wh3_dlc27_skill_node_hef_mage_death_unique_1,wh3_dlc27_skill_hef_mage_student_of_the_white_tower,1,wh2_dlc12_effect_magic_cooldown_all_lores,data/skill_trees/characters/high_elves/Mage_Death.csv,502,,ability_group_bindings,data/effect_semantics/source_exports/db/effect_bonus_value_special_ability_group_junctions_tables/data__.tsv,14,recharge_rate_percentage_mod,ability_group,wh2_dlc11_lore_deep_upgraded
wh2_dlc15_hef_mage_death,wh3_dlc27_skill_node_set_hef_yvresse_mage_death_affinity,wh3_dlc27_skill_node_hef_mage_death_unique_1,wh3_dlc27_skill_hef_mage_student_of_the_white_tower,1,wh2_dlc12_effect_magic_cooldown_all_lores,data/skill_trees/characters/high_elves/Mage_Death.csv,502,,ability_group_bindings,data/effect_semantics/source_exports/db/effect_bonus_value_special_ability_group_junctions_tables/data__.tsv,15,recharge_rate_percentage_mod,ability_group,wh2_dlc12_lore_lord_kroak
wh2_dlc15_hef_mage_death,wh3_dlc27_skill_node_set_hef_yvresse_mage_death_affinity,wh3_dlc27_skill_node_hef_mage_death_unique_1,wh3_dlc27_skill_hef_mage_student_of_the_white_tower,1,wh2_dlc12_effect_magic_cooldown_all_lores,data/skill_trees/characters/high_elves/Mage_Death.csv,502,,ability_group_bindings,data/effect_semantics/source_exports/db/effect_bonus_value_special_ability_group_junctions_tables/data__.tsv,16,recharge_rate_percentage_mod,ability_group,wh2_dlc14_lore_stealth
wh2_dlc15_hef_mage_death,wh3_dlc27_skill_node_set_hef_yvresse_mage_death_affinity,wh3_dlc27_skill_node_hef_mage_death_unique_1,wh3_dlc27_skill_hef_mage_student_of_the_white_tower,1,wh2_dlc12_effect_magic_cooldown_all_lores,data/skill_trees/characters/high_elves/Mage_Death.csv,502,,ability_group_bindings,data/effect_semantics/source_exports/db/effect_bonus_value_special_ability_group_junctions_tables/data__.tsv,17,recharge_rate_percentage_mod,ability_group,wh2_dlc14_lore_stealth_upgraded
wh2_dlc15_hef_mage_death,wh3_dlc27_skill_node_set_hef_yvresse_mage_death_affinity,wh3_dlc27_skill_node_hef_mage_death_unique_1,wh3_dlc27_skill_hef_mage_student_of_the_white_tower,1,wh2_dlc12_effect_magic_cooldown_all_lores,data/skill_trees/characters/high_elves/Mage_Death.csv,502,,ability_group_bindings,data/effect_semantics/source_exports/db/effect_bonus_value_special_ability_group_junctions_tables/data__.tsv,18,recharge_rate_percentage_mod,ability_group,wh2_main_lore_dark_magic
wh2_dlc15_hef_mage_death,wh3_dlc27_skill_node_set_hef_yvresse_mage_death_affinity,wh3_dlc27_skill_node_hef_mage_death_unique_1,wh3_dlc27_skill_hef_mage_student_of_the_white_tower,1,wh2_dlc12_effect_magic_cooldown_all_lores,data/skill_trees/characters/high_elves/Mage_Death.csv,502,,ability_group_bindings,data/effect_semantics/source_exports/db/effect_bonus_value_special_ability_group_junctions_tables/data__.tsv,19,recharge_rate_percentage_mod,ability_group,wh2_main_lore_dark_magic_upgraded
wh2_dlc15_hef_mage_death,wh3_dlc27_skill_node_set_hef_yvresse_mage_death_affinity,wh3_dlc27_skill_node_hef_mage_death_unique_1,wh3_dlc27_skill_hef_mage_student_of_the_white_tower,1,wh2_dlc12_effect_magic_cooldown_all_lores,data/skill_trees/characters/high_elves/Mage_Death.csv,502,,ability_group_bindings,data/effect_semantics/source_exports/db/effect_bonus_value_special_ability_group_junctions_tables/data__.tsv,20,recharge_rate_percentage_mod,ability_group,wh2_main_lore_high_magic
wh2_dlc15_hef_mage_death,wh3_dlc27_skill_node_set_hef_yvresse_mage_death_affinity,wh3_dlc27_skill_node_hef_mage_death_unique_1,wh3_dlc27_skill_hef_mage_student_of_the_white_tower,1,wh2_dlc12_effect_magic_cooldown_all_lores,data/skill_trees/characters/high_elves/Mage_Death.csv,502,,ability_group_bindings,data/effect_semantics/source_exports/db/effect_bonus_value_special_ability_group_junctions_tables/data__.tsv,21,recharge_rate_percentage_mod,ability_group,wh2_main_lore_high_magic_upgraded
wh2_dlc15_hef_mage_death,wh3_dlc27_skill_node_set_hef_yvresse_mage_death_affinity,wh3_dlc27_skill_node_hef_mage_death_unique_1,wh3_dlc27_skill_hef_mage_student_of_the_white_tower,1,wh2_dlc12_effect_magic_cooldown_all_lores,data/skill_trees/characters/high_elves/Mage_Death.csv,502,,ability_group_bindings,data/effect_semantics/source_exports/db/effect_bonus_value_special_ability_group_junctions_tables/data__.tsv,22,recharge_rate_percentage_mod,ability_group,wh2_main_lore_plague
wh2_dlc15_hef_mage_death,wh3_dlc27_skill_node_set_hef_yvresse_mage_death_affinity,wh3_dlc27_skill_node_hef_mage_death_unique_1,wh3_dlc27_skill_hef_mage_student_of_the_white_tower,1,wh2_dlc12_effect_magic_cooldown_all_lores,data/skill_trees/characters/high_elves/Mage_Death.csv,502,,ability_group_bindings,data/effect_semantics/source_exports/db/effect_bonus_value_special_ability_group_junctions_tables/data__.tsv,23,recharge_rate_percentage_mod,ability_group,wh2_main_lore_plague_upgraded
wh2_dlc15_hef_mage_death,wh3_dlc27_skill_node_set_hef_yvresse_mage_death_affinity,wh3_dlc27_skill_node_hef_mage_death_unique_1,wh3_dlc27_skill_hef_mage_student_of_the_white_tower,1,wh2_dlc12_effect_magic_cooldown_all_lores,data/skill_trees/characters/high_elves/Mage_Death.csv,502,,ability_group_bindings,data/effect_semantics/source_exports/db/effect_bonus_value_special_ability_group_junctions_tables/data__.tsv,24,recharge_rate_percentage_mod,ability_group,wh2_main_lore_ruin
wh2_dlc15_hef_mage_death,wh3_dlc27_skill_node_set_hef_yvresse_mage_death_affinity,wh3_dlc27_skill_node_hef_mage_death_unique_1,wh3_dlc27_skill_hef_mage_student_of_the_white_tower,1,wh2_dlc12_effect_magic_cooldown_all_lores,data/skill_trees/characters/high_elves/Mage_Death.csv,502,,ability_group_bindings,data/effect_semantics/source_exports/db/effect_bonus_value_special_ability_group_junctions_tables/data__.tsv,25,recharge_rate_percentage_mod,ability_group,wh2_main_lore_ruin_upgraded
wh2_dlc15_hef_mage_death,wh3_dlc27_skill_node_set_hef_yvresse_mage_death_affinity,wh3_dlc27_skill_node_hef_mage_death_unique_1,wh3_dlc27_skill_hef_mage_student_of_the_white_tower,1,wh2_dlc12_effect_magic_cooldown_all_lores,data/skill_trees/characters/high_elves/Mage_Death.csv,502,,ability_group_bindings,data/effect_semantics/source_exports/db/effect_bonus_value_special_ability_group_junctions_tables/data__.tsv,26,recharge_rate_percentage_mod,ability_group,wh3_cp1_all_lore_spell_variations
wh2_dlc15_hef_mage_death,wh3_dlc27_skill_node_set_hef_yvresse_mage_death_affinity,wh3_dlc27_skill_node_hef_mage_death_unique_1,wh3_dlc27_skill_hef_mage_student_of_the_white_tower,1,wh2_dlc12_effect_magic_cooldown_all_lores,data/skill_trees/characters/high_elves/Mage_Death.csv,502,,ability_group_bindings,data/effect_semantics/source_exports/db/effect_bonus_value_special_ability_group_junctions_tables/data__.tsv,27,recharge_rate_percentage_mod,ability_group,wh3_dlc23_lore_hashut
wh2_dlc15_hef_mage_death,wh3_dlc27_skill_node_set_hef_yvresse_mage_death_affinity,wh3_dlc27_skill_node_hef_mage_death_unique_1,wh3_dlc27_skill_hef_mage_student_of_the_white_tower,1,wh2_dlc12_effect_magic_cooldown_all_lores,data/skill_trees/characters/high_elves/Mage_Death.csv,502,,ability_group_bindings,data/effect_semantics/source_exports/db/effect_bonus_value_special_ability_group_junctions_tables/data__.tsv,28,recharge_rate_percentage_mod,ability_group,wh3_dlc23_lore_hashut_upgraded
wh2_dlc15_hef_mage_death,wh3_dlc27_skill_node_set_hef_yvresse_mage_death_affinity,wh3_dlc27_skill_node_hef_mage_death_unique_1,wh3_dlc27_skill_hef_mage_student_of_the_white_tower,1,wh2_dlc12_effect_magic_cooldown_all_lores,data/skill_trees/characters/high_elves/Mage_Death.csv,502,,ability_group_bindings,data/effect_semantics/source_exports/db/effect_bonus_value_special_ability_group_junctions_tables/data__.tsv,29,recharge_rate_percentage_mod,ability_group,wh3_dlc24_lore_hag
wh2_dlc15_hef_mage_death,wh3_dlc27_skill_node_set_hef_yvresse_mage_death_affinity,wh3_dlc27_skill_node_hef_mage_death_unique_1,wh3_dlc27_skill_hef_mage_student_of_the_white_tower,1,wh2_dlc12_effect_magic_cooldown_all_lores,data/skill_trees/characters/high_elves/Mage_Death.csv,502,,ability_group_bindings,data/effect_semantics/source_exports/db/effect_bonus_value_special_ability_group_junctions_tables/data__.tsv,30,recharge_rate_percentage_mod,ability_group,wh3_dlc24_lore_hag_upgraded
wh2_dlc15_hef_mage_death,wh3_dlc27_skill_node_set_hef_yvresse_mage_death_affinity,wh3_dlc27_skill_node_hef_mage_death_unique_1,wh3_dlc27_skill_hef_mage_student_of_the_white_tower,1,wh2_dlc12_effect_magic_cooldown_all_lores,data/skill_trees/characters/high_elves/Mage_Death.csv,502,,ability_group_bindings,data/effect_semantics/source_exports/db/effect_bonus_value_special_ability_group_junctions_tables/data__.tsv,31,recharge_rate_percentage_mod,ability_group,wh3_dlc27_lore_mists
wh2_dlc15_hef_mage_death,wh3_dlc27_skill_node_set_hef_yvresse_mage_death_affinity,wh3_dlc27_skill_node_hef_mage_death_unique_1,wh3_dlc27_skill_hef_mage_student_of_the_white_tower,1,wh2_dlc12_effect_magic_cooldown_all_lores,data/skill_trees/characters/high_elves/Mage_Death.csv,502,,ability_group_bindings,data/effect_semantics/source_exports/db/effect_bonus_value_special_ability_group_junctions_tables/data__.tsv,32,recharge_rate_percentage_mod,ability_group,wh3_dlc27_lore_mists_upgraded
wh2_dlc15_hef_mage_death,wh3_dlc27_skill_node_set_hef_yvresse_mage_death_affinity,wh3_dlc27_skill_node_hef_mage_death_unique_1,wh3_dlc27_skill_hef_mage_student_of_the_white_tower,1,wh2_dlc12_effect_magic_cooldown_all_lores,data/skill_trees/characters/high_elves/Mage_Death.csv,502,,ability_group_bindings,data/effect_semantics/source_exports/db/effect_bonus_value_special_ability_group_junctions_tables/data__.tsv,33,recharge_rate_percentage_mod,ability_group,wh3_dlc29_lore_undeath
wh2_dlc15_hef_mage_death,wh3_dlc27_skill_node_set_hef_yvresse_mage_death_affinity,wh3_dlc27_skill_node_hef_mage_death_unique_1,wh3_dlc27_skill_hef_mage_student_of_the_white_tower,1,wh2_dlc12_effect_magic_cooldown_all_lores,data/skill_trees/characters/high_elves/Mage_Death.csv,502,,ability_group_bindings,data/effect_semantics/source_exports/db/effect_bonus_value_special_ability_group_junctions_tables/data__.tsv,34,recharge_rate_percentage_mod,ability_group,wh3_dlc29_lore_undeath_upgraded
wh2_dlc15_hef_mage_death,wh3_dlc27_skill_node_set_hef_yvresse_mage_death_affinity,wh3_dlc27_skill_node_hef_mage_death_unique_1,wh3_dlc27_skill_hef_mage_student_of_the_white_tower,1,wh2_dlc12_effect_magic_cooldown_all_lores,data/skill_trees/characters/high_elves/Mage_Death.csv,502,,ability_group_bindings,data/effect_semantics/source_exports/db/effect_bonus_value_special_ability_group_junctions_tables/data__.tsv,35,recharge_rate_percentage_mod,ability_group,wh3_main_lore_nurgle
wh2_dlc15_hef_mage_death,wh3_dlc27_skill_node_set_hef_yvresse_mage_death_affinity,wh3_dlc27_skill_node_hef_mage_death_unique_1,wh3_dlc27_skill_hef_mage_student_of_the_white_tower,1,wh2_dlc12_effect_magic_cooldown_all_lores,data/skill_trees/characters/high_elves/Mage_Death.csv,502,,ability_group_bindings,data/effect_semantics/source_exports/db/effect_bonus_value_special_ability_group_junctions_tables/data__.tsv,36,recharge_rate_percentage_mod,ability_group,wh3_main_lore_nurgle_upgraded
wh2_dlc15_hef_mage_death,wh3_dlc27_skill_node_set_hef_yvresse_mage_death_affinity,wh3_dlc27_skill_node_hef_mage_death_unique_1,wh3_dlc27_skill_hef_mage_student_of_the_white_tower,1,wh2_dlc12_effect_magic_cooldown_all_lores,data/skill_trees/characters/high_elves/Mage_Death.csv,502,,ability_group_bindings,data/effect_semantics/source_exports/db/effect_bonus_value_special_ability_group_junctions_tables/data__.tsv,37,recharge_rate_percentage_mod,ability_group,wh3_main_lore_of_great_maw
wh2_dlc15_hef_mage_death,wh3_dlc27_skill_node_set_hef_yvresse_mage_death_affinity,wh3_dlc27_skill_node_hef_mage_death_unique_1,wh3_dlc27_skill_hef_mage_student_of_the_white_tower,1,wh2_dlc12_effect_magic_cooldown_all_lores,data/skill_trees/characters/high_elves/Mage_Death.csv,502,,ability_group_bindings,data/effect_semantics/source_exports/db/effect_bonus_value_special_ability_group_junctions_tables/data__.tsv,38,recharge_rate_percentage_mod,ability_group,wh3_main_lore_of_great_maw_upgraded
wh2_dlc15_hef_mage_death,wh3_dlc27_skill_node_set_hef_yvresse_mage_death_affinity,wh3_dlc27_skill_node_hef_mage_death_unique_1,wh3_dlc27_skill_hef_mage_student_of_the_white_tower,1,wh2_dlc12_effect_magic_cooldown_all_lores,data/skill_trees/characters/high_elves/Mage_Death.csv,502,,ability_group_bindings,data/effect_semantics/source_exports/db/effect_bonus_value_special_ability_group_junctions_tables/data__.tsv,39,recharge_rate_percentage_mod,ability_group,wh3_main_lore_of_ice
wh2_dlc15_hef_mage_death,wh3_dlc27_skill_node_set_hef_yvresse_mage_death_affinity,wh3_dlc27_skill_node_hef_mage_death_unique_1,wh3_dlc27_skill_hef_mage_student_of_the_white_tower,1,wh2_dlc12_effect_magic_cooldown_all_lores,data/skill_trees/characters/high_elves/Mage_Death.csv,502,,ability_group_bindings,data/effect_semantics/source_exports/db/effect_bonus_value_special_ability_group_junctions_tables/data__.tsv,40,recharge_rate_percentage_mod,ability_group,wh3_main_lore_of_ice_upgraded
wh2_dlc15_hef_mage_death,wh3_dlc27_skill_node_set_hef_yvresse_mage_death_affinity,wh3_dlc27_skill_node_hef_mage_death_unique_1,wh3_dlc27_skill_hef_mage_student_of_the_white_tower,1,wh2_dlc12_effect_magic_cooldown_all_lores,data/skill_trees/characters/high_elves/Mage_Death.csv,502,,ability_group_bindings,data/effect_semantics/source_exports/db/effect_bonus_value_special_ability_group_junctions_tables/data__.tsv,41,recharge_rate_percentage_mod,ability_group,wh3_main_lore_of_tempest
wh2_dlc15_hef_mage_death,wh3_dlc27_skill_node_set_hef_yvresse_mage_death_affinity,wh3_dlc27_skill_node_hef_mage_death_unique_1,wh3_dlc27_skill_hef_mage_student_of_the_white_tower,1,wh2_dlc12_effect_magic_cooldown_all_lores,data/skill_trees/characters/high_elves/Mage_Death.csv,502,,ability_group_bindings,data/effect_semantics/source_exports/db/effect_bonus_value_special_ability_group_junctions_tables/data__.tsv,42,recharge_rate_percentage_mod,ability_group,wh3_main_lore_of_tempest_upgraded
wh2_dlc15_hef_mage_death,wh3_dlc27_skill_node_set_hef_yvresse_mage_death_affinity,wh3_dlc27_skill_node_hef_mage_death_unique_1,wh3_dlc27_skill_hef_mage_student_of_the_white_tower,1,wh2_dlc12_effect_magic_cooldown_all_lores,data/skill_trees/characters/high_elves/Mage_Death.csv,502,,ability_group_bindings,data/effect_semantics/source_exports/db/effect_bonus_value_special_ability_group_junctions_tables/data__.tsv,43,recharge_rate_percentage_mod,ability_group,wh3_main_lore_of_yang
wh2_dlc15_hef_mage_death,wh3_dlc27_skill_node_set_hef_yvresse_mage_death_affinity,wh3_dlc27_skill_node_hef_mage_death_unique_1,wh3_dlc27_skill_hef_mage_student_of_the_white_tower,1,wh2_dlc12_effect_magic_cooldown_all_lores,data/skill_trees/characters/high_elves/Mage_Death.csv,502,,ability_group_bindings,data/effect_semantics/source_exports/db/effect_bonus_value_special_ability_group_junctions_tables/data__.tsv,44,recharge_rate_percentage_mod,ability_group,wh3_main_lore_of_yang_upgraded
wh2_dlc15_hef_mage_death,wh3_dlc27_skill_node_set_hef_yvresse_mage_death_affinity,wh3_dlc27_skill_node_hef_mage_death_unique_1,wh3_dlc27_skill_hef_mage_student_of_the_white_tower,1,wh2_dlc12_effect_magic_cooldown_all_lores,data/skill_trees/characters/high_elves/Mage_Death.csv,502,,ability_group_bindings,data/effect_semantics/source_exports/db/effect_bonus_value_special_ability_group_junctions_tables/data__.tsv,45,recharge_rate_percentage_mod,ability_group,wh3_main_lore_of_yin
wh2_dlc15_hef_mage_death,wh3_dlc27_skill_node_set_hef_yvresse_mage_death_affinity,wh3_dlc27_skill_node_hef_mage_death_unique_1,wh3_dlc27_skill_hef_mage_student_of_the_white_tower,1,wh2_dlc12_effect_magic_cooldown_all_lores,data/skill_trees/characters/high_elves/Mage_Death.csv,502,,ability_group_bindings,data/effect_semantics/source_exports/db/effect_bonus_value_special_ability_group_junctions_tables/data__.tsv,46,recharge_rate_percentage_mod,ability_group,wh3_main_lore_of_yin_upgraded
wh2_dlc15_hef_mage_death,wh3_dlc27_skill_node_set_hef_yvresse_mage_death_affinity,wh3_dlc27_skill_node_hef_mage_death_unique_1,wh3_dlc27_skill_hef_mage_student_of_the_white_tower,1,wh2_dlc12_effect_magic_cooldown_all_lores,data/skill_trees/characters/high_elves/Mage_Death.csv,502,,ability_group_bindings,data/effect_semantics/source_exports/db/effect_bonus_value_special_ability_group_junctions_tables/data__.tsv,47,recharge_rate_percentage_mod,ability_group,wh3_main_lore_slaanesh
wh2_dlc15_hef_mage_death,wh3_dlc27_skill_node_set_hef_yvresse_mage_death_affinity,wh3_dlc27_skill_node_hef_mage_death_unique_1,wh3_dlc27_skill_hef_mage_student_of_the_white_tower,1,wh2_dlc12_effect_magic_cooldown_all_lores,data/skill_trees/characters/high_elves/Mage_Death.csv,502,,ability_group_bindings,data/effect_semantics/source_exports/db/effect_bonus_value_special_ability_group_junctions_tables/data__.tsv,48,recharge_rate_percentage_mod,ability_group,wh3_main_lore_slaanesh_upgraded
wh2_dlc15_hef_mage_death,wh3_dlc27_skill_node_set_hef_yvresse_mage_death_affinity,wh3_dlc27_skill_node_hef_mage_death_unique_1,wh3_dlc27_skill_hef_mage_student_of_the_white_tower,1,wh2_dlc12_effect_magic_cooldown_all_lores,data/skill_trees/characters/high_elves/Mage_Death.csv,502,,ability_group_bindings,data/effect_semantics/source_exports/db/effect_bonus_value_special_ability_group_junctions_tables/data__.tsv,49,recharge_rate_percentage_mod,ability_group,wh3_main_lore_tzeentch
wh2_dlc15_hef_mage_death,wh3_dlc27_skill_node_set_hef_yvresse_mage_death_affinity,wh3_dlc27_skill_node_hef_mage_death_unique_1,wh3_dlc27_skill_hef_mage_student_of_the_white_tower,1,wh2_dlc12_effect_magic_cooldown_all_lores,data/skill_trees/characters/high_elves/Mage_Death.csv,502,,ability_group_bindings,data/effect_semantics/source_exports/db/effect_bonus_value_special_ability_group_junctions_tables/data__.tsv,50,recharge_rate_percentage_mod,ability_group,wh3_main_lore_tzeentch_upgraded
wh2_dlc15_hef_mage_death,wh3_dlc27_skill_node_set_hef_yvresse_mage_death_affinity,wh3_dlc27_skill_node_hef_mage_death_unique_1,wh3_dlc27_skill_hef_mage_student_of_the_white_tower,1,wh2_dlc12_effect_magic_cooldown_all_lores,data/skill_trees/characters/high_elves/Mage_Death.csv,502,,ability_group_bindings,data/effect_semantics/source_exports/db/effect_bonus_value_special_ability_group_junctions_tables/data__.tsv,51,recharge_rate_percentage_mod,ability_group,wh_dlc03_lore_beasts
wh2_dlc15_hef_mage_death,wh3_dlc27_skill_node_set_hef_yvresse_mage_death_affinity,wh3_dlc27_skill_node_hef_mage_death_unique_1,wh3_dlc27_skill_hef_mage_student_of_the_white_tower,1,wh2_dlc12_effect_magic_cooldown_all_lores,data/skill_trees/characters/high_elves/Mage_Death.csv,502,,ability_group_bindings,data/effect_semantics/source_exports/db/effect_bonus_value_special_ability_group_junctions_tables/data__.tsv,52,recharge_rate_percentage_mod,ability_group,wh_dlc03_lore_beasts_upgraded
wh2_dlc15_hef_mage_death,wh3_dlc27_skill_node_set_hef_yvresse_mage_death_affinity,wh3_dlc27_skill_node_hef_mage_death_unique_1,wh3_dlc27_skill_hef_mage_student_of_the_white_tower,1,wh2_dlc12_effect_magic_cooldown_all_lores,data/skill_trees/characters/high_elves/Mage_Death.csv,502,,ability_group_bindings,data/effect_semantics/source_exports/db/effect_bonus_value_special_ability_group_junctions_tables/data__.tsv,53,recharge_rate_percentage_mod,ability_group,wh_dlc03_lore_wild
wh2_dlc15_hef_mage_death,wh3_dlc27_skill_node_set_hef_yvresse_mage_death_affinity,wh3_dlc27_skill_node_hef_mage_death_unique_1,wh3_dlc27_skill_hef_mage_student_of_the_white_tower,1,wh2_dlc12_effect_magic_cooldown_all_lores,data/skill_trees/characters/high_elves/Mage_Death.csv,502,,ability_group_bindings,data/effect_semantics/source_exports/db/effect_bonus_value_special_ability_group_junctions_tables/data__.tsv,54,recharge_rate_percentage_mod,ability_group,wh_dlc03_lore_wild_upgraded
wh2_dlc15_hef_mage_death,wh3_dlc27_skill_node_set_hef_yvresse_mage_death_affinity,wh3_dlc27_skill_node_hef_mage_death_unique_1,wh3_dlc27_skill_hef_mage_student_of_the_white_tower,1,wh2_dlc12_effect_magic_cooldown_all_lores,data/skill_trees/characters/high_elves/Mage_Death.csv,502,,ability_group_bindings,data/effect_semantics/source_exports/db/effect_bonus_value_special_ability_group_junctions_tables/data__.tsv,55,recharge_rate_percentage_mod,ability_group,wh_dlc05_lore_life
wh2_dlc15_hef_mage_death,wh3_dlc27_skill_node_set_hef_yvresse_mage_death_affinity,wh3_dlc27_skill_node_hef_mage_death_unique_1,wh3_dlc27_skill_hef_mage_student_of_the_white_tower,1,wh2_dlc12_effect_magic_cooldown_all_lores,data/skill_trees/characters/high_elves/Mage_Death.csv,502,,ability_group_bindings,data/effect_semantics/source_exports/db/effect_bonus_value_special_ability_group_junctions_tables/data__.tsv,56,recharge_rate_percentage_mod,ability_group,wh_dlc05_lore_life_upgraded
wh2_dlc15_hef_mage_death,wh3_dlc27_skill_node_set_hef_yvresse_mage_death_affinity,wh3_dlc27_skill_node_hef_mage_death_unique_1,wh3_dlc27_skill_hef_mage_student_of_the_white_tower,1,wh2_dlc12_effect_magic_cooldown_all_lores,data/skill_trees/characters/high_elves/Mage_Death.csv,502,,ability_group_bindings,data/effect_semantics/source_exports/db/effect_bonus_value_special_ability_group_junctions_tables/data__.tsv,57,recharge_rate_percentage_mod,ability_group,wh_dlc05_lore_shadows
wh2_dlc15_hef_mage_death,wh3_dlc27_skill_node_set_hef_yvresse_mage_death_affinity,wh3_dlc27_skill_node_hef_mage_death_unique_1,wh3_dlc27_skill_hef_mage_student_of_the_white_tower,1,wh2_dlc12_effect_magic_cooldown_all_lores,data/skill_trees/characters/high_elves/Mage_Death.csv,502,,ability_group_bindings,data/effect_semantics/source_exports/db/effect_bonus_value_special_ability_group_junctions_tables/data__.tsv,58,recharge_rate_percentage_mod,ability_group,wh_dlc05_lore_shadows_upgraded
wh2_dlc15_hef_mage_death,wh3_dlc27_skill_node_set_hef_yvresse_mage_death_affinity,wh3_dlc27_skill_node_hef_mage_death_unique_1,wh3_dlc27_skill_hef_mage_student_of_the_white_tower,1,wh2_dlc12_effect_magic_cooldown_all_lores,data/skill_trees/characters/high_elves/Mage_Death.csv,502,,ability_group_bindings,data/effect_semantics/source_exports/db/effect_bonus_value_special_ability_group_junctions_tables/data__.tsv,59,recharge_rate_percentage_mod,ability_group,wh_main_lore_big_waaagh
wh2_dlc15_hef_mage_death,wh3_dlc27_skill_node_set_hef_yvresse_mage_death_affinity,wh3_dlc27_skill_node_hef_mage_death_unique_1,wh3_dlc27_skill_hef_mage_student_of_the_white_tower,1,wh2_dlc12_effect_magic_cooldown_all_lores,data/skill_trees/characters/high_elves/Mage_Death.csv,502,,ability_group_bindings,data/effect_semantics/source_exports/db/effect_bonus_value_special_ability_group_junctions_tables/data__.tsv,60,recharge_rate_percentage_mod,ability_group,wh_main_lore_big_waaagh_upgraded
wh2_dlc15_hef_mage_death,wh3_dlc27_skill_node_set_hef_yvresse_mage_death_affinity,wh3_dlc27_skill_node_hef_mage_death_unique_1,wh3_dlc27_skill_hef_mage_student_of_the_white_tower,1,wh2_dlc12_effect_magic_cooldown_all_lores,data/skill_trees/characters/high_elves/Mage_Death.csv,502,,ability_group_bindings,data/effect_semantics/source_exports/db/effect_bonus_value_special_ability_group_junctions_tables/data__.tsv,61,recharge_rate_percentage_mod,ability_group,wh_main_lore_death
wh2_dlc15_hef_mage_death,wh3_dlc27_skill_node_set_hef_yvresse_mage_death_affinity,wh3_dlc27_skill_node_hef_mage_death_unique_1,wh3_dlc27_skill_hef_mage_student_of_the_white_tower,1,wh2_dlc12_effect_magic_cooldown_all_lores,data/skill_trees/characters/high_elves/Mage_Death.csv,502,,ability_group_bindings,data/effect_semantics/source_exports/db/effect_bonus_value_special_ability_group_junctions_tables/data__.tsv,62,recharge_rate_percentage_mod,ability_group,wh_main_lore_death_upgraded
wh2_dlc15_hef_mage_death,wh3_dlc27_skill_node_set_hef_yvresse_mage_death_affinity,wh3_dlc27_skill_node_hef_mage_death_unique_1,wh3_dlc27_skill_hef_mage_student_of_the_white_tower,1,wh2_dlc12_effect_magic_cooldown_all_lores,data/skill_trees/characters/high_elves/Mage_Death.csv,502,,ability_group_bindings,data/effect_semantics/source_exports/db/effect_bonus_value_special_ability_group_junctions_tables/data__.tsv,63,recharge_rate_percentage_mod,ability_group,wh_main_lore_fire
wh2_dlc15_hef_mage_death,wh3_dlc27_skill_node_set_hef_yvresse_mage_death_affinity,wh3_dlc27_skill_node_hef_mage_death_unique_1,wh3_dlc27_skill_hef_mage_student_of_the_white_tower,1,wh2_dlc12_effect_magic_cooldown_all_lores,data/skill_trees/characters/high_elves/Mage_Death.csv,502,,ability_group_bindings,data/effect_semantics/source_exports/db/effect_bonus_value_special_ability_group_junctions_tables/data__.tsv,64,recharge_rate_percentage_mod,ability_group,wh_main_lore_fire_upgraded
wh2_dlc15_hef_mage_death,wh3_dlc27_skill_node_set_hef_yvresse_mage_death_affinity,wh3_dlc27_skill_node_hef_mage_death_unique_1,wh3_dlc27_skill_hef_mage_student_of_the_white_tower,1,wh2_dlc12_effect_magic_cooldown_all_lores,data/skill_trees/characters/high_elves/Mage_Death.csv,502,,ability_group_bindings,data/effect_semantics/source_exports/db/effect_bonus_value_special_ability_group_junctions_tables/data__.tsv,65,recharge_rate_percentage_mod,ability_group,wh_main_lore_heavens
wh2_dlc15_hef_mage_death,wh3_dlc27_skill_node_set_hef_yvresse_mage_death_affinity,wh3_dlc27_skill_node_hef_mage_death_unique_1,wh3_dlc27_skill_hef_mage_student_of_the_white_tower,1,wh2_dlc12_effect_magic_cooldown_all_lores,data/skill_trees/characters/high_elves/Mage_Death.csv,502,,ability_group_bindings,data/effect_semantics/source_exports/db/effect_bonus_value_special_ability_group_junctions_tables/data__.tsv,66,recharge_rate_percentage_mod,ability_group,wh_main_lore_heavens_upgraded
wh2_dlc15_hef_mage_death,wh3_dlc27_skill_node_set_hef_yvresse_mage_death_affinity,wh3_dlc27_skill_node_hef_mage_death_unique_1,wh3_dlc27_skill_hef_mage_student_of_the_white_tower,1,wh2_dlc12_effect_magic_cooldown_all_lores,data/skill_trees/characters/high_elves/Mage_Death.csv,502,,ability_group_bindings,data/effect_semantics/source_exports/db/effect_bonus_value_special_ability_group_junctions_tables/data__.tsv,67,recharge_rate_percentage_mod,ability_group,wh_main_lore_light
wh2_dlc15_hef_mage_death,wh3_dlc27_skill_node_set_hef_yvresse_mage_death_affinity,wh3_dlc27_skill_node_hef_mage_death_unique_1,wh3_dlc27_skill_hef_mage_student_of_the_white_tower,1,wh2_dlc12_effect_magic_cooldown_all_lores,data/skill_trees/characters/high_elves/Mage_Death.csv,502,,ability_group_bindings,data/effect_semantics/source_exports/db/effect_bonus_value_special_ability_group_junctions_tables/data__.tsv,68,recharge_rate_percentage_mod,ability_group,wh_main_lore_light_upgraded
wh2_dlc15_hef_mage_death,wh3_dlc27_skill_node_set_hef_yvresse_mage_death_affinity,wh3_dlc27_skill_node_hef_mage_death_unique_1,wh3_dlc27_skill_hef_mage_student_of_the_white_tower,1,wh2_dlc12_effect_magic_cooldown_all_lores,data/skill_trees/characters/high_elves/Mage_Death.csv,502,,ability_group_bindings,data/effect_semantics/source_exports/db/effect_bonus_value_special_ability_group_junctions_tables/data__.tsv,69,recharge_rate_percentage_mod,ability_group,wh_main_lore_lil_waaagh
wh2_dlc15_hef_mage_death,wh3_dlc27_skill_node_set_hef_yvresse_mage_death_affinity,wh3_dlc27_skill_node_hef_mage_death_unique_1,wh3_dlc27_skill_hef_mage_student_of_the_white_tower,1,wh2_dlc12_effect_magic_cooldown_all_lores,data/skill_trees/characters/high_elves/Mage_Death.csv,502,,ability_group_bindings,data/effect_semantics/source_exports/db/effect_bonus_value_special_ability_group_junctions_tables/data__.tsv,70,recharge_rate_percentage_mod,ability_group,wh_main_lore_lil_waaagh_upgraded
wh2_dlc15_hef_mage_death,wh3_dlc27_skill_node_set_hef_yvresse_mage_death_affinity,wh3_dlc27_skill_node_hef_mage_death_unique_1,wh3_dlc27_skill_hef_mage_student_of_the_white_tower,1,wh2_dlc12_effect_magic_cooldown_all_lores,data/skill_trees/characters/high_elves/Mage_Death.csv,502,,ability_group_bindings,data/effect_semantics/source_exports/db/effect_bonus_value_special_ability_group_junctions_tables/data__.tsv,71,recharge_rate_percentage_mod,ability_group,wh_main_lore_metal
wh2_dlc15_hef_mage_death,wh3_dlc27_skill_node_set_hef_yvresse_mage_death_affinity,wh3_dlc27_skill_node_hef_mage_death_unique_1,wh3_dlc27_skill_hef_mage_student_of_the_white_tower,1,wh2_dlc12_effect_magic_cooldown_all_lores,data/skill_trees/characters/high_elves/Mage_Death.csv,502,,ability_group_bindings,data/effect_semantics/source_exports/db/effect_bonus_value_special_ability_group_junctions_tables/data__.tsv,72,recharge_rate_percentage_mod,ability_group,wh_main_lore_metal_upgraded
wh2_dlc15_hef_mage_death,wh3_dlc27_skill_node_set_hef_yvresse_mage_death_affinity,wh3_dlc27_skill_node_hef_mage_death_unique_1,wh3_dlc27_skill_hef_mage_student_of_the_white_tower,1,wh2_dlc12_effect_magic_cooldown_all_lores,data/skill_trees/characters/high_elves/Mage_Death.csv,502,,ability_group_bindings,data/effect_semantics/source_exports/db/effect_bonus_value_special_ability_group_junctions_tables/data__.tsv,73,recharge_rate_percentage_mod,ability_group,wh_main_lore_vampires
wh2_dlc15_hef_mage_death,wh3_dlc27_skill_node_set_hef_yvresse_mage_death_affinity,wh3_dlc27_skill_node_hef_mage_death_unique_1,wh3_dlc27_skill_hef_mage_student_of_the_white_tower,1,wh2_dlc12_effect_magic_cooldown_all_lores,data/skill_trees/characters/high_elves/Mage_Death.csv,502,,ability_group_bindings,data/effect_semantics/source_exports/db/effect_bonus_value_special_ability_group_junctions_tables/data__.tsv,74,recharge_rate_percentage_mod,ability_group,wh_main_lore_vampires_upgraded
wh2_dlc15_hef_mage_death,wh3_dlc27_skill_node_set_hef_yvresse_mage_death_affinity,wh2_dlc15_skill_node_hef_mage_death_magic_1_3,wh_main_skill_all_magic_death_04_soulblight,1,wh_main_effect_ability_enable_soulblight,data/skill_trees/characters/high_elves/Mage_Death.csv,504,wh_main_spell_death_soulblight,ability_bindings,data/effect_semantics/source_exports/db/effect_bonus_value_unit_ability_junctions_tables/data__.tsv,5553,enable,ability,wh_main_spell_death_soulblight
wh2_dlc15_hef_mage_death,wh3_dlc27_skill_node_set_hef_yvresse_mage_death_affinity,wh2_dlc15_skill_node_hef_mage_death_magic_1_3,wh_main_skill_all_magic_death_04_soulblight,2,wh_main_effect_ability_cooldown_soulblight,data/skill_trees/characters/high_elves/Mage_Death.csv,505,wh_main_spell_death_soulblight,ability_bindings,data/effect_semantics/source_exports/db/effect_bonus_value_unit_ability_junctions_tables/data__.tsv,5391,recharge_mod,ability,wh_main_spell_death_soulblight
wh2_dlc15_hef_mage_death,wh3_dlc27_skill_node_set_hef_yvresse_mage_death_affinity,wh2_dlc15_skill_node_hef_mage_death_magic_1_3,wh_main_skill_all_magic_death_04_soulblight,2,wh2_main_effect_ability_overcast_soulblight,data/skill_trees/characters/high_elves/Mage_Death.csv,506,wh_main_spell_death_soulblight,ability_bindings,data/effect_semantics/source_exports/db/effect_bonus_value_unit_ability_junctions_tables/data__.tsv,1386,enable_overchage,ability,wh_main_spell_death_soulblight
wh2_dlc15_hef_mage_death,wh3_dlc27_skill_node_set_hef_yvresse_mage_death_affinity,wh2_dlc15_skill_node_hef_mage_death_magic_1_3,wh_main_skill_all_magic_death_04_soulblight,2,wh2_main_effect_ability_overcast_soulblight,data/skill_trees/characters/high_elves/Mage_Death.csv,506,wh_main_spell_death_soulblight,ability_bindings,data/effect_semantics/source_exports/db/effect_bonus_value_unit_ability_junctions_tables/data__.tsv,1387,enable,ability,wh_main_spell_death_soulblight
wh2_dlc15_hef_mage_death,wh3_dlc27_skill_node_set_hef_yvresse_mage_death_affinity,wh2_dlc15_skill_node_hef_mage_death_magic_1_3,wh_main_skill_all_magic_death_04_soulblight,3,wh_main_effect_ability_cooldown_soulblight,data/skill_trees/characters/high_elves/Mage_Death.csv,507,wh_main_spell_death_soulblight,ability_bindings,data/effect_semantics/source_exports/db/effect_bonus_value_unit_ability_junctions_tables/data__.tsv,5391,recharge_mod,ability,wh_main_spell_death_soulblight
wh2_dlc15_hef_mage_death,wh3_dlc27_skill_node_set_hef_yvresse_mage_death_affinity,wh2_dlc15_skill_node_hef_mage_death_magic_1_3,wh_main_skill_all_magic_death_04_soulblight,3,wh2_main_effect_ability_miscast_soulblight_upgraded,data/skill_trees/characters/high_elves/Mage_Death.csv,508,wh_main_spell_death_soulblight_upgraded,ability_bindings,data/effect_semantics/source_exports/db/effect_bonus_value_unit_ability_junctions_tables/data__.tsv,1250,miscast_percentage_mod,ability,wh_main_spell_death_soulblight_upgraded
wh2_dlc15_hef_mage_death,wh3_dlc27_skill_node_set_hef_yvresse_mage_death_affinity,wh2_dlc15_skill_node_hef_mage_death_magic_1_3,wh_main_skill_all_magic_death_04_soulblight,3,wh2_main_effect_ability_overcast_soulblight,data/skill_trees/characters/high_elves/Mage_Death.csv,509,wh_main_spell_death_soulblight,ability_bindings,data/effect_semantics/source_exports/db/effect_bonus_value_unit_ability_junctions_tables/data__.tsv,1386,enable_overchage,ability,wh_main_spell_death_soulblight
wh2_dlc15_hef_mage_death,wh3_dlc27_skill_node_set_hef_yvresse_mage_death_affinity,wh2_dlc15_skill_node_hef_mage_death_magic_1_3,wh_main_skill_all_magic_death_04_soulblight,3,wh2_main_effect_ability_overcast_soulblight,data/skill_trees/characters/high_elves/Mage_Death.csv,509,wh_main_spell_death_soulblight,ability_bindings,data/effect_semantics/source_exports/db/effect_bonus_value_unit_ability_junctions_tables/data__.tsv,1387,enable,ability,wh_main_spell_death_soulblight
wh2_dlc15_hef_mage_death,wh3_dlc27_skill_node_set_hef_yvresse_mage_death_affinity,wh2_dlc15_skill_node_hef_mage_death_magic_1_3,wh_main_skill_all_magic_death_04_soulblight,3,wh2_main_effect_ability_wom_cost_soulblight,data/skill_trees/characters/high_elves/Mage_Death.csv,510,wh_main_spell_death_soulblight,ability_bindings,data/effect_semantics/source_exports/db/effect_bonus_value_unit_ability_junctions_tables/data__.tsv,1568,cost_mod,ability,wh_main_spell_death_soulblight
wh2_dlc15_hef_mage_death,wh3_dlc27_skill_node_set_hef_yvresse_mage_death_affinity,wh2_dlc15_skill_node_hef_mage_death_magic_1_3,wh_main_skill_all_magic_death_04_soulblight,3,wh2_main_effect_ability_wom_cost_soulblight_upgraded,data/skill_trees/characters/high_elves/Mage_Death.csv,511,wh_main_spell_death_soulblight_upgraded,ability_bindings,data/effect_semantics/source_exports/db/effect_bonus_value_unit_ability_junctions_tables/data__.tsv,1567,cost_mod,ability,wh_main_spell_death_soulblight_upgraded
wh2_dlc15_hef_mage_death,wh3_dlc27_skill_node_set_hef_yvresse_mage_death_affinity,wh3_dlc27_skill_node_hef_mage_death_unique_2,wh3_dlc27_skill_hef_mage_excellent_efficiency,1,wh2_dlc14_effect_magic_cost_all_lores_percentage,data/skill_trees/characters/high_elves/Mage_Death.csv,523,,ability_group_bindings,data/effect_semantics/source_exports/db/effect_bonus_value_special_ability_group_junctions_tables/data__.tsv,93,cost_percentage_mod,ability_group,wh2_dlc09_lore_nehekhara
wh2_dlc15_hef_mage_death,wh3_dlc27_skill_node_set_hef_yvresse_mage_death_affinity,wh3_dlc27_skill_node_hef_mage_death_unique_2,wh3_dlc27_skill_hef_mage_excellent_efficiency,1,wh2_dlc14_effect_magic_cost_all_lores_percentage,data/skill_trees/characters/high_elves/Mage_Death.csv,523,,ability_group_bindings,data/effect_semantics/source_exports/db/effect_bonus_value_special_ability_group_junctions_tables/data__.tsv,94,cost_percentage_mod,ability_group,wh2_dlc09_lore_nehekhara_upgraded
wh2_dlc15_hef_mage_death,wh3_dlc27_skill_node_set_hef_yvresse_mage_death_affinity,wh3_dlc27_skill_node_hef_mage_death_unique_2,wh3_dlc27_skill_hef_mage_excellent_efficiency,1,wh2_dlc14_effect_magic_cost_all_lores_percentage,data/skill_trees/characters/high_elves/Mage_Death.csv,523,,ability_group_bindings,data/effect_semantics/source_exports/db/effect_bonus_value_special_ability_group_junctions_tables/data__.tsv,95,cost_percentage_mod,ability_group,wh2_dlc11_lore_deep
wh2_dlc15_hef_mage_death,wh3_dlc27_skill_node_set_hef_yvresse_mage_death_affinity,wh3_dlc27_skill_node_hef_mage_death_unique_2,wh3_dlc27_skill_hef_mage_excellent_efficiency,1,wh2_dlc14_effect_magic_cost_all_lores_percentage,data/skill_trees/characters/high_elves/Mage_Death.csv,523,,ability_group_bindings,data/effect_semantics/source_exports/db/effect_bonus_value_special_ability_group_junctions_tables/data__.tsv,96,cost_percentage_mod,ability_group,wh2_dlc11_lore_deep_upgraded
wh2_dlc15_hef_mage_death,wh3_dlc27_skill_node_set_hef_yvresse_mage_death_affinity,wh3_dlc27_skill_node_hef_mage_death_unique_2,wh3_dlc27_skill_hef_mage_excellent_efficiency,1,wh2_dlc14_effect_magic_cost_all_lores_percentage,data/skill_trees/characters/high_elves/Mage_Death.csv,523,,ability_group_bindings,data/effect_semantics/source_exports/db/effect_bonus_value_special_ability_group_junctions_tables/data__.tsv,97,cost_percentage_mod,ability_group,wh2_dlc12_lore_lord_kroak
wh2_dlc15_hef_mage_death,wh3_dlc27_skill_node_set_hef_yvresse_mage_death_affinity,wh3_dlc27_skill_node_hef_mage_death_unique_2,wh3_dlc27_skill_hef_mage_excellent_efficiency,1,wh2_dlc14_effect_magic_cost_all_lores_percentage,data/skill_trees/characters/high_elves/Mage_Death.csv,523,,ability_group_bindings,data/effect_semantics/source_exports/db/effect_bonus_value_special_ability_group_junctions_tables/data__.tsv,98,cost_percentage_mod,ability_group,wh2_dlc14_lore_stealth
wh2_dlc15_hef_mage_death,wh3_dlc27_skill_node_set_hef_yvresse_mage_death_affinity,wh3_dlc27_skill_node_hef_mage_death_unique_2,wh3_dlc27_skill_hef_mage_excellent_efficiency,1,wh2_dlc14_effect_magic_cost_all_lores_percentage,data/skill_trees/characters/high_elves/Mage_Death.csv,523,,ability_group_bindings,data/effect_semantics/source_exports/db/effect_bonus_value_special_ability_group_junctions_tables/data__.tsv,99,cost_percentage_mod,ability_group,wh2_dlc14_lore_stealth_upgraded
wh2_dlc15_hef_mage_death,wh3_dlc27_skill_node_set_hef_yvresse_mage_death_affinity,wh3_dlc27_skill_node_hef_mage_death_unique_2,wh3_dlc27_skill_hef_mage_excellent_efficiency,1,wh2_dlc14_effect_magic_cost_all_lores_percentage,data/skill_trees/characters/high_elves/Mage_Death.csv,523,,ability_group_bindings,data/effect_semantics/source_exports/db/effect_bonus_value_special_ability_group_junctions_tables/data__.tsv,100,cost_percentage_mod,ability_group,wh2_main_lore_dark_magic
wh2_dlc15_hef_mage_death,wh3_dlc27_skill_node_set_hef_yvresse_mage_death_affinity,wh3_dlc27_skill_node_hef_mage_death_unique_2,wh3_dlc27_skill_hef_mage_excellent_efficiency,1,wh2_dlc14_effect_magic_cost_all_lores_percentage,data/skill_trees/characters/high_elves/Mage_Death.csv,523,,ability_group_bindings,data/effect_semantics/source_exports/db/effect_bonus_value_special_ability_group_junctions_tables/data__.tsv,101,cost_percentage_mod,ability_group,wh2_main_lore_dark_magic_upgraded
wh2_dlc15_hef_mage_death,wh3_dlc27_skill_node_set_hef_yvresse_mage_death_affinity,wh3_dlc27_skill_node_hef_mage_death_unique_2,wh3_dlc27_skill_hef_mage_excellent_efficiency,1,wh2_dlc14_effect_magic_cost_all_lores_percentage,data/skill_trees/characters/high_elves/Mage_Death.csv,523,,ability_group_bindings,data/effect_semantics/source_exports/db/effect_bonus_value_special_ability_group_junctions_tables/data__.tsv,102,cost_percentage_mod,ability_group,wh2_main_lore_high_magic
wh2_dlc15_hef_mage_death,wh3_dlc27_skill_node_set_hef_yvresse_mage_death_affinity,wh3_dlc27_skill_node_hef_mage_death_unique_2,wh3_dlc27_skill_hef_mage_excellent_efficiency,1,wh2_dlc14_effect_magic_cost_all_lores_percentage,data/skill_trees/characters/high_elves/Mage_Death.csv,523,,ability_group_bindings,data/effect_semantics/source_exports/db/effect_bonus_value_special_ability_group_junctions_tables/data__.tsv,103,cost_percentage_mod,ability_group,wh2_main_lore_high_magic_upgraded
wh2_dlc15_hef_mage_death,wh3_dlc27_skill_node_set_hef_yvresse_mage_death_affinity,wh3_dlc27_skill_node_hef_mage_death_unique_2,wh3_dlc27_skill_hef_mage_excellent_efficiency,1,wh2_dlc14_effect_magic_cost_all_lores_percentage,data/skill_trees/characters/high_elves/Mage_Death.csv,523,,ability_group_bindings,data/effect_semantics/source_exports/db/effect_bonus_value_special_ability_group_junctions_tables/data__.tsv,104,cost_percentage_mod,ability_group,wh2_main_lore_plague
wh2_dlc15_hef_mage_death,wh3_dlc27_skill_node_set_hef_yvresse_mage_death_affinity,wh3_dlc27_skill_node_hef_mage_death_unique_2,wh3_dlc27_skill_hef_mage_excellent_efficiency,1,wh2_dlc14_effect_magic_cost_all_lores_percentage,data/skill_trees/characters/high_elves/Mage_Death.csv,523,,ability_group_bindings,data/effect_semantics/source_exports/db/effect_bonus_value_special_ability_group_junctions_tables/data__.tsv,105,cost_percentage_mod,ability_group,wh2_main_lore_plague_upgraded
wh2_dlc15_hef_mage_death,wh3_dlc27_skill_node_set_hef_yvresse_mage_death_affinity,wh3_dlc27_skill_node_hef_mage_death_unique_2,wh3_dlc27_skill_hef_mage_excellent_efficiency,1,wh2_dlc14_effect_magic_cost_all_lores_percentage,data/skill_trees/characters/high_elves/Mage_Death.csv,523,,ability_group_bindings,data/effect_semantics/source_exports/db/effect_bonus_value_special_ability_group_junctions_tables/data__.tsv,106,cost_percentage_mod,ability_group,wh2_main_lore_ruin
wh2_dlc15_hef_mage_death,wh3_dlc27_skill_node_set_hef_yvresse_mage_death_affinity,wh3_dlc27_skill_node_hef_mage_death_unique_2,wh3_dlc27_skill_hef_mage_excellent_efficiency,1,wh2_dlc14_effect_magic_cost_all_lores_percentage,data/skill_trees/characters/high_elves/Mage_Death.csv,523,,ability_group_bindings,data/effect_semantics/source_exports/db/effect_bonus_value_special_ability_group_junctions_tables/data__.tsv,107,cost_percentage_mod,ability_group,wh2_main_lore_ruin_upgraded
wh2_dlc15_hef_mage_death,wh3_dlc27_skill_node_set_hef_yvresse_mage_death_affinity,wh3_dlc27_skill_node_hef_mage_death_unique_2,wh3_dlc27_skill_hef_mage_excellent_efficiency,1,wh2_dlc14_effect_magic_cost_all_lores_percentage,data/skill_trees/characters/high_elves/Mage_Death.csv,523,,ability_group_bindings,data/effect_semantics/source_exports/db/effect_bonus_value_special_ability_group_junctions_tables/data__.tsv,108,cost_percentage_mod,ability_group,wh3_dlc23_lore_hashut
wh2_dlc15_hef_mage_death,wh3_dlc27_skill_node_set_hef_yvresse_mage_death_affinity,wh3_dlc27_skill_node_hef_mage_death_unique_2,wh3_dlc27_skill_hef_mage_excellent_efficiency,1,wh2_dlc14_effect_magic_cost_all_lores_percentage,data/skill_trees/characters/high_elves/Mage_Death.csv,523,,ability_group_bindings,data/effect_semantics/source_exports/db/effect_bonus_value_special_ability_group_junctions_tables/data__.tsv,109,cost_percentage_mod,ability_group,wh3_dlc23_lore_hashut_upgraded
wh2_dlc15_hef_mage_death,wh3_dlc27_skill_node_set_hef_yvresse_mage_death_affinity,wh3_dlc27_skill_node_hef_mage_death_unique_2,wh3_dlc27_skill_hef_mage_excellent_efficiency,1,wh2_dlc14_effect_magic_cost_all_lores_percentage,data/skill_trees/characters/high_elves/Mage_Death.csv,523,,ability_group_bindings,data/effect_semantics/source_exports/db/effect_bonus_value_special_ability_group_junctions_tables/data__.tsv,110,cost_percentage_mod,ability_group,wh3_dlc24_lore_hag
wh2_dlc15_hef_mage_death,wh3_dlc27_skill_node_set_hef_yvresse_mage_death_affinity,wh3_dlc27_skill_node_hef_mage_death_unique_2,wh3_dlc27_skill_hef_mage_excellent_efficiency,1,wh2_dlc14_effect_magic_cost_all_lores_percentage,data/skill_trees/characters/high_elves/Mage_Death.csv,523,,ability_group_bindings,data/effect_semantics/source_exports/db/effect_bonus_value_special_ability_group_junctions_tables/data__.tsv,111,cost_percentage_mod,ability_group,wh3_dlc24_lore_hag_upgraded
wh2_dlc15_hef_mage_death,wh3_dlc27_skill_node_set_hef_yvresse_mage_death_affinity,wh3_dlc27_skill_node_hef_mage_death_unique_2,wh3_dlc27_skill_hef_mage_excellent_efficiency,1,wh2_dlc14_effect_magic_cost_all_lores_percentage,data/skill_trees/characters/high_elves/Mage_Death.csv,523,,ability_group_bindings,data/effect_semantics/source_exports/db/effect_bonus_value_special_ability_group_junctions_tables/data__.tsv,112,cost_percentage_mod,ability_group,wh3_dlc27_lore_mists
wh2_dlc15_hef_mage_death,wh3_dlc27_skill_node_set_hef_yvresse_mage_death_affinity,wh3_dlc27_skill_node_hef_mage_death_unique_2,wh3_dlc27_skill_hef_mage_excellent_efficiency,1,wh2_dlc14_effect_magic_cost_all_lores_percentage,data/skill_trees/characters/high_elves/Mage_Death.csv,523,,ability_group_bindings,data/effect_semantics/source_exports/db/effect_bonus_value_special_ability_group_junctions_tables/data__.tsv,113,cost_percentage_mod,ability_group,wh3_dlc27_lore_mists_upgraded
wh2_dlc15_hef_mage_death,wh3_dlc27_skill_node_set_hef_yvresse_mage_death_affinity,wh3_dlc27_skill_node_hef_mage_death_unique_2,wh3_dlc27_skill_hef_mage_excellent_efficiency,1,wh2_dlc14_effect_magic_cost_all_lores_percentage,data/skill_trees/characters/high_elves/Mage_Death.csv,523,,ability_group_bindings,data/effect_semantics/source_exports/db/effect_bonus_value_special_ability_group_junctions_tables/data__.tsv,114,cost_percentage_mod,ability_group,wh3_dlc29_lore_undeath
wh2_dlc15_hef_mage_death,wh3_dlc27_skill_node_set_hef_yvresse_mage_death_affinity,wh3_dlc27_skill_node_hef_mage_death_unique_2,wh3_dlc27_skill_hef_mage_excellent_efficiency,1,wh2_dlc14_effect_magic_cost_all_lores_percentage,data/skill_trees/characters/high_elves/Mage_Death.csv,523,,ability_group_bindings,data/effect_semantics/source_exports/db/effect_bonus_value_special_ability_group_junctions_tables/data__.tsv,115,cost_percentage_mod,ability_group,wh3_dlc29_lore_undeath_upgraded
wh2_dlc15_hef_mage_death,wh3_dlc27_skill_node_set_hef_yvresse_mage_death_affinity,wh3_dlc27_skill_node_hef_mage_death_unique_2,wh3_dlc27_skill_hef_mage_excellent_efficiency,1,wh2_dlc14_effect_magic_cost_all_lores_percentage,data/skill_trees/characters/high_elves/Mage_Death.csv,523,,ability_group_bindings,data/effect_semantics/source_exports/db/effect_bonus_value_special_ability_group_junctions_tables/data__.tsv,116,cost_percentage_mod,ability_group,wh3_main_lore_nurgle
wh2_dlc15_hef_mage_death,wh3_dlc27_skill_node_set_hef_yvresse_mage_death_affinity,wh3_dlc27_skill_node_hef_mage_death_unique_2,wh3_dlc27_skill_hef_mage_excellent_efficiency,1,wh2_dlc14_effect_magic_cost_all_lores_percentage,data/skill_trees/characters/high_elves/Mage_Death.csv,523,,ability_group_bindings,data/effect_semantics/source_exports/db/effect_bonus_value_special_ability_group_junctions_tables/data__.tsv,117,cost_percentage_mod,ability_group,wh3_main_lore_nurgle_upgraded
wh2_dlc15_hef_mage_death,wh3_dlc27_skill_node_set_hef_yvresse_mage_death_affinity,wh3_dlc27_skill_node_hef_mage_death_unique_2,wh3_dlc27_skill_hef_mage_excellent_efficiency,1,wh2_dlc14_effect_magic_cost_all_lores_percentage,data/skill_trees/characters/high_elves/Mage_Death.csv,523,,ability_group_bindings,data/effect_semantics/source_exports/db/effect_bonus_value_special_ability_group_junctions_tables/data__.tsv,118,cost_percentage_mod,ability_group,wh3_main_lore_of_great_maw
wh2_dlc15_hef_mage_death,wh3_dlc27_skill_node_set_hef_yvresse_mage_death_affinity,wh3_dlc27_skill_node_hef_mage_death_unique_2,wh3_dlc27_skill_hef_mage_excellent_efficiency,1,wh2_dlc14_effect_magic_cost_all_lores_percentage,data/skill_trees/characters/high_elves/Mage_Death.csv,523,,ability_group_bindings,data/effect_semantics/source_exports/db/effect_bonus_value_special_ability_group_junctions_tables/data__.tsv,119,cost_percentage_mod,ability_group,wh3_main_lore_of_great_maw_upgraded
wh2_dlc15_hef_mage_death,wh3_dlc27_skill_node_set_hef_yvresse_mage_death_affinity,wh3_dlc27_skill_node_hef_mage_death_unique_2,wh3_dlc27_skill_hef_mage_excellent_efficiency,1,wh2_dlc14_effect_magic_cost_all_lores_percentage,data/skill_trees/characters/high_elves/Mage_Death.csv,523,,ability_group_bindings,data/effect_semantics/source_exports/db/effect_bonus_value_special_ability_group_junctions_tables/data__.tsv,120,cost_percentage_mod,ability_group,wh3_main_lore_of_ice
wh2_dlc15_hef_mage_death,wh3_dlc27_skill_node_set_hef_yvresse_mage_death_affinity,wh3_dlc27_skill_node_hef_mage_death_unique_2,wh3_dlc27_skill_hef_mage_excellent_efficiency,1,wh2_dlc14_effect_magic_cost_all_lores_percentage,data/skill_trees/characters/high_elves/Mage_Death.csv,523,,ability_group_bindings,data/effect_semantics/source_exports/db/effect_bonus_value_special_ability_group_junctions_tables/data__.tsv,121,cost_percentage_mod,ability_group,wh3_main_lore_of_ice_upgraded
wh2_dlc15_hef_mage_death,wh3_dlc27_skill_node_set_hef_yvresse_mage_death_affinity,wh3_dlc27_skill_node_hef_mage_death_unique_2,wh3_dlc27_skill_hef_mage_excellent_efficiency,1,wh2_dlc14_effect_magic_cost_all_lores_percentage,data/skill_trees/characters/high_elves/Mage_Death.csv,523,,ability_group_bindings,data/effect_semantics/source_exports/db/effect_bonus_value_special_ability_group_junctions_tables/data__.tsv,122,cost_percentage_mod,ability_group,wh3_main_lore_of_tempest
wh2_dlc15_hef_mage_death,wh3_dlc27_skill_node_set_hef_yvresse_mage_death_affinity,wh3_dlc27_skill_node_hef_mage_death_unique_2,wh3_dlc27_skill_hef_mage_excellent_efficiency,1,wh2_dlc14_effect_magic_cost_all_lores_percentage,data/skill_trees/characters/high_elves/Mage_Death.csv,523,,ability_group_bindings,data/effect_semantics/source_exports/db/effect_bonus_value_special_ability_group_junctions_tables/data__.tsv,123,cost_percentage_mod,ability_group,wh3_main_lore_of_tempest_upgraded
wh2_dlc15_hef_mage_death,wh3_dlc27_skill_node_set_hef_yvresse_mage_death_affinity,wh3_dlc27_skill_node_hef_mage_death_unique_2,wh3_dlc27_skill_hef_mage_excellent_efficiency,1,wh2_dlc14_effect_magic_cost_all_lores_percentage,data/skill_trees/characters/high_elves/Mage_Death.csv,523,,ability_group_bindings,data/effect_semantics/source_exports/db/effect_bonus_value_special_ability_group_junctions_tables/data__.tsv,124,cost_percentage_mod,ability_group,wh3_main_lore_of_yang
wh2_dlc15_hef_mage_death,wh3_dlc27_skill_node_set_hef_yvresse_mage_death_affinity,wh3_dlc27_skill_node_hef_mage_death_unique_2,wh3_dlc27_skill_hef_mage_excellent_efficiency,1,wh2_dlc14_effect_magic_cost_all_lores_percentage,data/skill_trees/characters/high_elves/Mage_Death.csv,523,,ability_group_bindings,data/effect_semantics/source_exports/db/effect_bonus_value_special_ability_group_junctions_tables/data__.tsv,125,cost_percentage_mod,ability_group,wh3_main_lore_of_yang_upgraded
wh2_dlc15_hef_mage_death,wh3_dlc27_skill_node_set_hef_yvresse_mage_death_affinity,wh3_dlc27_skill_node_hef_mage_death_unique_2,wh3_dlc27_skill_hef_mage_excellent_efficiency,1,wh2_dlc14_effect_magic_cost_all_lores_percentage,data/skill_trees/characters/high_elves/Mage_Death.csv,523,,ability_group_bindings,data/effect_semantics/source_exports/db/effect_bonus_value_special_ability_group_junctions_tables/data__.tsv,126,cost_percentage_mod,ability_group,wh3_main_lore_of_yin
wh2_dlc15_hef_mage_death,wh3_dlc27_skill_node_set_hef_yvresse_mage_death_affinity,wh3_dlc27_skill_node_hef_mage_death_unique_2,wh3_dlc27_skill_hef_mage_excellent_efficiency,1,wh2_dlc14_effect_magic_cost_all_lores_percentage,data/skill_trees/characters/high_elves/Mage_Death.csv,523,,ability_group_bindings,data/effect_semantics/source_exports/db/effect_bonus_value_special_ability_group_junctions_tables/data__.tsv,127,cost_percentage_mod,ability_group,wh3_main_lore_of_yin_upgraded
wh2_dlc15_hef_mage_death,wh3_dlc27_skill_node_set_hef_yvresse_mage_death_affinity,wh3_dlc27_skill_node_hef_mage_death_unique_2,wh3_dlc27_skill_hef_mage_excellent_efficiency,1,wh2_dlc14_effect_magic_cost_all_lores_percentage,data/skill_trees/characters/high_elves/Mage_Death.csv,523,,ability_group_bindings,data/effect_semantics/source_exports/db/effect_bonus_value_special_ability_group_junctions_tables/data__.tsv,128,cost_percentage_mod,ability_group,wh3_main_lore_slaanesh
wh2_dlc15_hef_mage_death,wh3_dlc27_skill_node_set_hef_yvresse_mage_death_affinity,wh3_dlc27_skill_node_hef_mage_death_unique_2,wh3_dlc27_skill_hef_mage_excellent_efficiency,1,wh2_dlc14_effect_magic_cost_all_lores_percentage,data/skill_trees/characters/high_elves/Mage_Death.csv,523,,ability_group_bindings,data/effect_semantics/source_exports/db/effect_bonus_value_special_ability_group_junctions_tables/data__.tsv,129,cost_percentage_mod,ability_group,wh3_main_lore_slaanesh_upgraded
wh2_dlc15_hef_mage_death,wh3_dlc27_skill_node_set_hef_yvresse_mage_death_affinity,wh3_dlc27_skill_node_hef_mage_death_unique_2,wh3_dlc27_skill_hef_mage_excellent_efficiency,1,wh2_dlc14_effect_magic_cost_all_lores_percentage,data/skill_trees/characters/high_elves/Mage_Death.csv,523,,ability_group_bindings,data/effect_semantics/source_exports/db/effect_bonus_value_special_ability_group_junctions_tables/data__.tsv,130,cost_percentage_mod,ability_group,wh3_main_lore_tzeentch
wh2_dlc15_hef_mage_death,wh3_dlc27_skill_node_set_hef_yvresse_mage_death_affinity,wh3_dlc27_skill_node_hef_mage_death_unique_2,wh3_dlc27_skill_hef_mage_excellent_efficiency,1,wh2_dlc14_effect_magic_cost_all_lores_percentage,data/skill_trees/characters/high_elves/Mage_Death.csv,523,,ability_group_bindings,data/effect_semantics/source_exports/db/effect_bonus_value_special_ability_group_junctions_tables/data__.tsv,131,cost_percentage_mod,ability_group,wh3_main_lore_tzeentch_upgraded
wh2_dlc15_hef_mage_death,wh3_dlc27_skill_node_set_hef_yvresse_mage_death_affinity,wh3_dlc27_skill_node_hef_mage_death_unique_2,wh3_dlc27_skill_hef_mage_excellent_efficiency,1,wh2_dlc14_effect_magic_cost_all_lores_percentage,data/skill_trees/characters/high_elves/Mage_Death.csv,523,,ability_group_bindings,data/effect_semantics/source_exports/db/effect_bonus_value_special_ability_group_junctions_tables/data__.tsv,132,cost_percentage_mod,ability_group,wh_dlc03_lore_beasts
wh2_dlc15_hef_mage_death,wh3_dlc27_skill_node_set_hef_yvresse_mage_death_affinity,wh3_dlc27_skill_node_hef_mage_death_unique_2,wh3_dlc27_skill_hef_mage_excellent_efficiency,1,wh2_dlc14_effect_magic_cost_all_lores_percentage,data/skill_trees/characters/high_elves/Mage_Death.csv,523,,ability_group_bindings,data/effect_semantics/source_exports/db/effect_bonus_value_special_ability_group_junctions_tables/data__.tsv,133,cost_percentage_mod,ability_group,wh_dlc03_lore_beasts_upgraded
wh2_dlc15_hef_mage_death,wh3_dlc27_skill_node_set_hef_yvresse_mage_death_affinity,wh3_dlc27_skill_node_hef_mage_death_unique_2,wh3_dlc27_skill_hef_mage_excellent_efficiency,1,wh2_dlc14_effect_magic_cost_all_lores_percentage,data/skill_trees/characters/high_elves/Mage_Death.csv,523,,ability_group_bindings,data/effect_semantics/source_exports/db/effect_bonus_value_special_ability_group_junctions_tables/data__.tsv,134,cost_percentage_mod,ability_group,wh_dlc03_lore_wild
wh2_dlc15_hef_mage_death,wh3_dlc27_skill_node_set_hef_yvresse_mage_death_affinity,wh3_dlc27_skill_node_hef_mage_death_unique_2,wh3_dlc27_skill_hef_mage_excellent_efficiency,1,wh2_dlc14_effect_magic_cost_all_lores_percentage,data/skill_trees/characters/high_elves/Mage_Death.csv,523,,ability_group_bindings,data/effect_semantics/source_exports/db/effect_bonus_value_special_ability_group_junctions_tables/data__.tsv,135,cost_percentage_mod,ability_group,wh_dlc03_lore_wild_upgraded
wh2_dlc15_hef_mage_death,wh3_dlc27_skill_node_set_hef_yvresse_mage_death_affinity,wh3_dlc27_skill_node_hef_mage_death_unique_2,wh3_dlc27_skill_hef_mage_excellent_efficiency,1,wh2_dlc14_effect_magic_cost_all_lores_percentage,data/skill_trees/characters/high_elves/Mage_Death.csv,523,,ability_group_bindings,data/effect_semantics/source_exports/db/effect_bonus_value_special_ability_group_junctions_tables/data__.tsv,136,cost_percentage_mod,ability_group,wh_dlc05_lore_life
wh2_dlc15_hef_mage_death,wh3_dlc27_skill_node_set_hef_yvresse_mage_death_affinity,wh3_dlc27_skill_node_hef_mage_death_unique_2,wh3_dlc27_skill_hef_mage_excellent_efficiency,1,wh2_dlc14_effect_magic_cost_all_lores_percentage,data/skill_trees/characters/high_elves/Mage_Death.csv,523,,ability_group_bindings,data/effect_semantics/source_exports/db/effect_bonus_value_special_ability_group_junctions_tables/data__.tsv,137,cost_percentage_mod,ability_group,wh_dlc05_lore_life_upgraded
wh2_dlc15_hef_mage_death,wh3_dlc27_skill_node_set_hef_yvresse_mage_death_affinity,wh3_dlc27_skill_node_hef_mage_death_unique_2,wh3_dlc27_skill_hef_mage_excellent_efficiency,1,wh2_dlc14_effect_magic_cost_all_lores_percentage,data/skill_trees/characters/high_elves/Mage_Death.csv,523,,ability_group_bindings,data/effect_semantics/source_exports/db/effect_bonus_value_special_ability_group_junctions_tables/data__.tsv,138,cost_percentage_mod,ability_group,wh_dlc05_lore_shadows
wh2_dlc15_hef_mage_death,wh3_dlc27_skill_node_set_hef_yvresse_mage_death_affinity,wh3_dlc27_skill_node_hef_mage_death_unique_2,wh3_dlc27_skill_hef_mage_excellent_efficiency,1,wh2_dlc14_effect_magic_cost_all_lores_percentage,data/skill_trees/characters/high_elves/Mage_Death.csv,523,,ability_group_bindings,data/effect_semantics/source_exports/db/effect_bonus_value_special_ability_group_junctions_tables/data__.tsv,139,cost_percentage_mod,ability_group,wh_dlc05_lore_shadows_upgraded
wh2_dlc15_hef_mage_death,wh3_dlc27_skill_node_set_hef_yvresse_mage_death_affinity,wh3_dlc27_skill_node_hef_mage_death_unique_2,wh3_dlc27_skill_hef_mage_excellent_efficiency,1,wh2_dlc14_effect_magic_cost_all_lores_percentage,data/skill_trees/characters/high_elves/Mage_Death.csv,523,,ability_group_bindings,data/effect_semantics/source_exports/db/effect_bonus_value_special_ability_group_junctions_tables/data__.tsv,140,cost_percentage_mod,ability_group,wh_main_lore_big_waaagh
wh2_dlc15_hef_mage_death,wh3_dlc27_skill_node_set_hef_yvresse_mage_death_affinity,wh3_dlc27_skill_node_hef_mage_death_unique_2,wh3_dlc27_skill_hef_mage_excellent_efficiency,1,wh2_dlc14_effect_magic_cost_all_lores_percentage,data/skill_trees/characters/high_elves/Mage_Death.csv,523,,ability_group_bindings,data/effect_semantics/source_exports/db/effect_bonus_value_special_ability_group_junctions_tables/data__.tsv,141,cost_percentage_mod,ability_group,wh_main_lore_big_waaagh_upgraded
wh2_dlc15_hef_mage_death,wh3_dlc27_skill_node_set_hef_yvresse_mage_death_affinity,wh3_dlc27_skill_node_hef_mage_death_unique_2,wh3_dlc27_skill_hef_mage_excellent_efficiency,1,wh2_dlc14_effect_magic_cost_all_lores_percentage,data/skill_trees/characters/high_elves/Mage_Death.csv,523,,ability_group_bindings,data/effect_semantics/source_exports/db/effect_bonus_value_special_ability_group_junctions_tables/data__.tsv,142,cost_percentage_mod,ability_group,wh_main_lore_death
wh2_dlc15_hef_mage_death,wh3_dlc27_skill_node_set_hef_yvresse_mage_death_affinity,wh3_dlc27_skill_node_hef_mage_death_unique_2,wh3_dlc27_skill_hef_mage_excellent_efficiency,1,wh2_dlc14_effect_magic_cost_all_lores_percentage,data/skill_trees/characters/high_elves/Mage_Death.csv,523,,ability_group_bindings,data/effect_semantics/source_exports/db/effect_bonus_value_special_ability_group_junctions_tables/data__.tsv,143,cost_percentage_mod,ability_group,wh_main_lore_death_upgraded
wh2_dlc15_hef_mage_death,wh3_dlc27_skill_node_set_hef_yvresse_mage_death_affinity,wh3_dlc27_skill_node_hef_mage_death_unique_2,wh3_dlc27_skill_hef_mage_excellent_efficiency,1,wh2_dlc14_effect_magic_cost_all_lores_percentage,data/skill_trees/characters/high_elves/Mage_Death.csv,523,,ability_group_bindings,data/effect_semantics/source_exports/db/effect_bonus_value_special_ability_group_junctions_tables/data__.tsv,144,cost_percentage_mod,ability_group,wh_main_lore_fire
wh2_dlc15_hef_mage_death,wh3_dlc27_skill_node_set_hef_yvresse_mage_death_affinity,wh3_dlc27_skill_node_hef_mage_death_unique_2,wh3_dlc27_skill_hef_mage_excellent_efficiency,1,wh2_dlc14_effect_magic_cost_all_lores_percentage,data/skill_trees/characters/high_elves/Mage_Death.csv,523,,ability_group_bindings,data/effect_semantics/source_exports/db/effect_bonus_value_special_ability_group_junctions_tables/data__.tsv,145,cost_percentage_mod,ability_group,wh_main_lore_fire_upgraded
wh2_dlc15_hef_mage_death,wh3_dlc27_skill_node_set_hef_yvresse_mage_death_affinity,wh3_dlc27_skill_node_hef_mage_death_unique_2,wh3_dlc27_skill_hef_mage_excellent_efficiency,1,wh2_dlc14_effect_magic_cost_all_lores_percentage,data/skill_trees/characters/high_elves/Mage_Death.csv,523,,ability_group_bindings,data/effect_semantics/source_exports/db/effect_bonus_value_special_ability_group_junctions_tables/data__.tsv,146,cost_percentage_mod,ability_group,wh_main_lore_heavens
wh2_dlc15_hef_mage_death,wh3_dlc27_skill_node_set_hef_yvresse_mage_death_affinity,wh3_dlc27_skill_node_hef_mage_death_unique_2,wh3_dlc27_skill_hef_mage_excellent_efficiency,1,wh2_dlc14_effect_magic_cost_all_lores_percentage,data/skill_trees/characters/high_elves/Mage_Death.csv,523,,ability_group_bindings,data/effect_semantics/source_exports/db/effect_bonus_value_special_ability_group_junctions_tables/data__.tsv,147,cost_percentage_mod,ability_group,wh_main_lore_heavens_upgraded
wh2_dlc15_hef_mage_death,wh3_dlc27_skill_node_set_hef_yvresse_mage_death_affinity,wh3_dlc27_skill_node_hef_mage_death_unique_2,wh3_dlc27_skill_hef_mage_excellent_efficiency,1,wh2_dlc14_effect_magic_cost_all_lores_percentage,data/skill_trees/characters/high_elves/Mage_Death.csv,523,,ability_group_bindings,data/effect_semantics/source_exports/db/effect_bonus_value_special_ability_group_junctions_tables/data__.tsv,148,cost_percentage_mod,ability_group,wh_main_lore_light
wh2_dlc15_hef_mage_death,wh3_dlc27_skill_node_set_hef_yvresse_mage_death_affinity,wh3_dlc27_skill_node_hef_mage_death_unique_2,wh3_dlc27_skill_hef_mage_excellent_efficiency,1,wh2_dlc14_effect_magic_cost_all_lores_percentage,data/skill_trees/characters/high_elves/Mage_Death.csv,523,,ability_group_bindings,data/effect_semantics/source_exports/db/effect_bonus_value_special_ability_group_junctions_tables/data__.tsv,149,cost_percentage_mod,ability_group,wh_main_lore_light_upgraded
wh2_dlc15_hef_mage_death,wh3_dlc27_skill_node_set_hef_yvresse_mage_death_affinity,wh3_dlc27_skill_node_hef_mage_death_unique_2,wh3_dlc27_skill_hef_mage_excellent_efficiency,1,wh2_dlc14_effect_magic_cost_all_lores_percentage,data/skill_trees/characters/high_elves/Mage_Death.csv,523,,ability_group_bindings,data/effect_semantics/source_exports/db/effect_bonus_value_special_ability_group_junctions_tables/data__.tsv,150,cost_percentage_mod,ability_group,wh_main_lore_lil_waaagh
wh2_dlc15_hef_mage_death,wh3_dlc27_skill_node_set_hef_yvresse_mage_death_affinity,wh3_dlc27_skill_node_hef_mage_death_unique_2,wh3_dlc27_skill_hef_mage_excellent_efficiency,1,wh2_dlc14_effect_magic_cost_all_lores_percentage,data/skill_trees/characters/high_elves/Mage_Death.csv,523,,ability_group_bindings,data/effect_semantics/source_exports/db/effect_bonus_value_special_ability_group_junctions_tables/data__.tsv,151,cost_percentage_mod,ability_group,wh_main_lore_lil_waaagh_upgraded
wh2_dlc15_hef_mage_death,wh3_dlc27_skill_node_set_hef_yvresse_mage_death_affinity,wh3_dlc27_skill_node_hef_mage_death_unique_2,wh3_dlc27_skill_hef_mage_excellent_efficiency,1,wh2_dlc14_effect_magic_cost_all_lores_percentage,data/skill_trees/characters/high_elves/Mage_Death.csv,523,,ability_group_bindings,data/effect_semantics/source_exports/db/effect_bonus_value_special_ability_group_junctions_tables/data__.tsv,152,cost_percentage_mod,ability_group,wh_main_lore_metal
wh2_dlc15_hef_mage_death,wh3_dlc27_skill_node_set_hef_yvresse_mage_death_affinity,wh3_dlc27_skill_node_hef_mage_death_unique_2,wh3_dlc27_skill_hef_mage_excellent_efficiency,1,wh2_dlc14_effect_magic_cost_all_lores_percentage,data/skill_trees/characters/high_elves/Mage_Death.csv,523,,ability_group_bindings,data/effect_semantics/source_exports/db/effect_bonus_value_special_ability_group_junctions_tables/data__.tsv,153,cost_percentage_mod,ability_group,wh_main_lore_metal_upgraded
wh2_dlc15_hef_mage_death,wh3_dlc27_skill_node_set_hef_yvresse_mage_death_affinity,wh3_dlc27_skill_node_hef_mage_death_unique_2,wh3_dlc27_skill_hef_mage_excellent_efficiency,1,wh2_dlc14_effect_magic_cost_all_lores_percentage,data/skill_trees/characters/high_elves/Mage_Death.csv,523,,ability_group_bindings,data/effect_semantics/source_exports/db/effect_bonus_value_special_ability_group_junctions_tables/data__.tsv,154,cost_percentage_mod,ability_group,wh_main_lore_vampires
wh2_dlc15_hef_mage_death,wh3_dlc27_skill_node_set_hef_yvresse_mage_death_affinity,wh3_dlc27_skill_node_hef_mage_death_unique_2,wh3_dlc27_skill_hef_mage_excellent_efficiency,1,wh2_dlc14_effect_magic_cost_all_lores_percentage,data/skill_trees/characters/high_elves/Mage_Death.csv,523,,ability_group_bindings,data/effect_semantics/source_exports/db/effect_bonus_value_special_ability_group_junctions_tables/data__.tsv,155,cost_percentage_mod,ability_group,wh_main_lore_vampires_upgraded
wh2_dlc15_hef_mage_death,wh3_dlc27_skill_node_set_hef_yvresse_mage_death_affinity,wh2_dlc15_skill_node_hef_mage_death_magic_1_4,wh_main_skill_all_magic_death_05_doom_and_darkness,1,wh_main_effect_ability_enable_doom_and_darkness,data/skill_trees/characters/high_elves/Mage_Death.csv,525,wh_main_spell_death_doom_and_darkness,ability_bindings,data/effect_semantics/source_exports/db/effect_bonus_value_unit_ability_junctions_tables/data__.tsv,5449,enable,ability,wh_main_spell_death_doom_and_darkness
wh2_dlc15_hef_mage_death,wh3_dlc27_skill_node_set_hef_yvresse_mage_death_affinity,wh2_dlc15_skill_node_hef_mage_death_magic_1_4,wh_main_skill_all_magic_death_05_doom_and_darkness,2,wh_main_effect_ability_cooldown_doom_and_darkness,data/skill_trees/characters/high_elves/Mage_Death.csv,526,wh_main_spell_death_doom_and_darkness,ability_bindings,data/effect_semantics/source_exports/db/effect_bonus_value_unit_ability_junctions_tables/data__.tsv,5300,recharge_mod,ability,wh_main_spell_death_doom_and_darkness
wh2_dlc15_hef_mage_death,wh3_dlc27_skill_node_set_hef_yvresse_mage_death_affinity,wh2_dlc15_skill_node_hef_mage_death_magic_1_4,wh_main_skill_all_magic_death_05_doom_and_darkness,2,wh2_main_effect_ability_overcast_doom_and_darkness,data/skill_trees/characters/high_elves/Mage_Death.csv,527,wh_main_spell_death_doom_and_darkness,ability_bindings,data/effect_semantics/source_exports/db/effect_bonus_value_unit_ability_junctions_tables/data__.tsv,1300,enable_overchage,ability,wh_main_spell_death_doom_and_darkness
wh2_dlc15_hef_mage_death,wh3_dlc27_skill_node_set_hef_yvresse_mage_death_affinity,wh2_dlc15_skill_node_hef_mage_death_magic_1_4,wh_main_skill_all_magic_death_05_doom_and_darkness,2,wh2_main_effect_ability_overcast_doom_and_darkness,data/skill_trees/characters/high_elves/Mage_Death.csv,527,wh_main_spell_death_doom_and_darkness,ability_bindings,data/effect_semantics/source_exports/db/effect_bonus_value_unit_ability_junctions_tables/data__.tsv,1301,enable,ability,wh_main_spell_death_doom_and_darkness
wh2_dlc15_hef_mage_death,wh3_dlc27_skill_node_set_hef_yvresse_mage_death_affinity,wh2_dlc15_skill_node_hef_mage_death_magic_1_4,wh_main_skill_all_magic_death_05_doom_and_darkness,3,wh_main_effect_ability_cooldown_doom_and_darkness,data/skill_trees/characters/high_elves/Mage_Death.csv,528,wh_main_spell_death_doom_and_darkness,ability_bindings,data/effect_semantics/source_exports/db/effect_bonus_value_unit_ability_junctions_tables/data__.tsv,5300,recharge_mod,ability,wh_main_spell_death_doom_and_darkness
wh2_dlc15_hef_mage_death,wh3_dlc27_skill_node_set_hef_yvresse_mage_death_affinity,wh2_dlc15_skill_node_hef_mage_death_magic_1_4,wh_main_skill_all_magic_death_05_doom_and_darkness,3,wh2_main_effect_ability_miscast_doom_and_darkness_upgraded,data/skill_trees/characters/high_elves/Mage_Death.csv,529,wh_main_spell_death_doom_and_darkness_upgraded,ability_bindings,data/effect_semantics/source_exports/db/effect_bonus_value_unit_ability_junctions_tables/data__.tsv,1206,miscast_percentage_mod,ability,wh_main_spell_death_doom_and_darkness_upgraded
wh2_dlc15_hef_mage_death,wh3_dlc27_skill_node_set_hef_yvresse_mage_death_affinity,wh2_dlc15_skill_node_hef_mage_death_magic_1_4,wh_main_skill_all_magic_death_05_doom_and_darkness,3,wh2_main_effect_ability_overcast_doom_and_darkness,data/skill_trees/characters/high_elves/Mage_Death.csv,530,wh_main_spell_death_doom_and_darkness,ability_bindings,data/effect_semantics/source_exports/db/effect_bonus_value_unit_ability_junctions_tables/data__.tsv,1300,enable_overchage,ability,wh_main_spell_death_doom_and_darkness
wh2_dlc15_hef_mage_death,wh3_dlc27_skill_node_set_hef_yvresse_mage_death_affinity,wh2_dlc15_skill_node_hef_mage_death_magic_1_4,wh_main_skill_all_magic_death_05_doom_and_darkness,3,wh2_main_effect_ability_overcast_doom_and_darkness,data/skill_trees/characters/high_elves/Mage_Death.csv,530,wh_main_spell_death_doom_and_darkness,ability_bindings,data/effect_semantics/source_exports/db/effect_bonus_value_unit_ability_junctions_tables/data__.tsv,1301,enable,ability,wh_main_spell_death_doom_and_darkness
wh2_dlc15_hef_mage_death,wh3_dlc27_skill_node_set_hef_yvresse_mage_death_affinity,wh2_dlc15_skill_node_hef_mage_death_magic_1_4,wh_main_skill_all_magic_death_05_doom_and_darkness,3,wh2_main_effect_ability_wom_cost_doom_and_darkness,data/skill_trees/characters/high_elves/Mage_Death.csv,531,wh_main_spell_death_doom_and_darkness,ability_bindings,data/effect_semantics/source_exports/db/effect_bonus_value_unit_ability_junctions_tables/data__.tsv,1470,cost_mod,ability,wh_main_spell_death_doom_and_darkness
wh2_dlc15_hef_mage_death,wh3_dlc27_skill_node_set_hef_yvresse_mage_death_affinity,wh2_dlc15_skill_node_hef_mage_death_magic_1_4,wh_main_skill_all_magic_death_05_doom_and_darkness,3,wh2_main_effect_ability_wom_cost_doom_and_darkness_upgraded,data/skill_trees/characters/high_elves/Mage_Death.csv,532,wh_main_spell_death_doom_and_darkness_upgraded,ability_bindings,data/effect_semantics/source_exports/db/effect_bonus_value_unit_ability_junctions_tables/data__.tsv,1469,cost_mod,ability,wh_main_spell_death_doom_and_darkness_upgraded
wh2_dlc15_hef_mage_death,wh3_dlc27_skill_node_set_hef_yvresse_mage_death_affinity,wh2_dlc15_skill_node_hef_mage_death_magic_2,wh_main_skill_all_magic_all_06_evasion,1,wh_main_effect_ability_enable_evasion,data/skill_trees/characters/high_elves/Mage_Death.csv,540,wh_main_character_passive_evasion,ability_bindings,data/effect_semantics/source_exports/db/effect_bonus_value_unit_ability_junctions_tables/data__.tsv,5453,enable,ability,wh_main_character_passive_evasion
wh2_dlc15_hef_mage_death,wh3_dlc27_skill_node_set_hef_yvresse_mage_death_affinity,wh2_dlc15_skill_node_hef_mage_death_magic_3_3,wh_main_skill_all_magic_death_09_the_fate_of_bjuna,1,wh_main_effect_ability_enable_the_fate_of_bjuna,data/skill_trees/characters/high_elves/Mage_Death.csv,549,wh_main_spell_death_the_fate_of_bjuna,ability_bindings,data/effect_semantics/source_exports/db/effect_bonus_value_unit_ability_junctions_tables/data__.tsv,5567,enable,ability,wh_main_spell_death_the_fate_of_bjuna
wh2_dlc15_hef_mage_death,wh3_dlc27_skill_node_set_hef_yvresse_mage_death_affinity,wh2_dlc15_skill_node_hef_mage_death_magic_3_3,wh_main_skill_all_magic_death_09_the_fate_of_bjuna,2,wh_main_effect_ability_cooldown_the_fate_of_bjuna,data/skill_trees/characters/high_elves/Mage_Death.csv,550,wh_main_spell_death_the_fate_of_bjuna,ability_bindings,data/effect_semantics/source_exports/db/effect_bonus_value_unit_ability_junctions_tables/data__.tsv,5394,recharge_mod,ability,wh_main_spell_death_the_fate_of_bjuna
wh2_dlc15_hef_mage_death,wh3_dlc27_skill_node_set_hef_yvresse_mage_death_affinity,wh2_dlc15_skill_node_hef_mage_death_magic_3_3,wh_main_skill_all_magic_death_09_the_fate_of_bjuna,2,wh_main_effect_ability_enable_the_fate_of_bjuna,data/skill_trees/characters/high_elves/Mage_Death.csv,551,wh_main_spell_death_the_fate_of_bjuna,ability_bindings,data/effect_semantics/source_exports/db/effect_bonus_value_unit_ability_junctions_tables/data__.tsv,5567,enable,ability,wh_main_spell_death_the_fate_of_bjuna
wh2_dlc15_hef_mage_death,wh3_dlc27_skill_node_set_hef_yvresse_mage_death_affinity,wh2_dlc15_skill_node_hef_mage_death_magic_3_3,wh_main_skill_all_magic_death_09_the_fate_of_bjuna,2,wh2_main_effect_ability_wom_cost_the_fate_of_bjuna,data/skill_trees/characters/high_elves/Mage_Death.csv,552,wh_main_spell_death_the_fate_of_bjuna,ability_bindings,data/effect_semantics/source_exports/db/effect_bonus_value_unit_ability_junctions_tables/data__.tsv,1578,cost_mod,ability,wh_main_spell_death_the_fate_of_bjuna
wh2_dlc15_hef_mage_death,wh3_dlc27_skill_node_set_hef_yvresse_mage_death_affinity,wh2_dlc15_skill_node_hef_mage_death_magic_3_4,wh_main_skill_all_magic_death_10_the_purple_sun_of_xereus,1,wh_main_effect_ability_enable_the_purple_sun_of_xereus,data/skill_trees/characters/high_elves/Mage_Death.csv,554,wh_main_spell_death_the_purple_sun_of_xereus,ability_bindings,data/effect_semantics/source_exports/db/effect_bonus_value_unit_ability_junctions_tables/data__.tsv,5578,enable,ability,wh_main_spell_death_the_purple_sun_of_xereus
wh2_dlc15_hef_mage_death,wh3_dlc27_skill_node_set_hef_yvresse_mage_death_affinity,wh2_dlc15_skill_node_hef_mage_death_magic_3_4,wh_main_skill_all_magic_death_10_the_purple_sun_of_xereus,2,wh_main_effect_ability_cooldown_the_purple_sun_of_xereus,data/skill_trees/characters/high_elves/Mage_Death.csv,555,wh_main_spell_death_the_purple_sun_of_xereus,ability_bindings,data/effect_semantics/source_exports/db/effect_bonus_value_unit_ability_junctions_tables/data__.tsv,5395,recharge_mod,ability,wh_main_spell_death_the_purple_sun_of_xereus
wh2_dlc15_hef_mage_death,wh3_dlc27_skill_node_set_hef_yvresse_mage_death_affinity,wh2_dlc15_skill_node_hef_mage_death_magic_3_4,wh_main_skill_all_magic_death_10_the_purple_sun_of_xereus,2,wh2_main_effect_ability_overcast_the_purple_sun_of_xereus,data/skill_trees/characters/high_elves/Mage_Death.csv,556,wh_main_spell_death_the_purple_sun_of_xereus,ability_bindings,data/effect_semantics/source_exports/db/effect_bonus_value_unit_ability_junctions_tables/data__.tsv,1398,enable_overchage,ability,wh_main_spell_death_the_purple_sun_of_xereus
wh2_dlc15_hef_mage_death,wh3_dlc27_skill_node_set_hef_yvresse_mage_death_affinity,wh2_dlc15_skill_node_hef_mage_death_magic_3_4,wh_main_skill_all_magic_death_10_the_purple_sun_of_xereus,2,wh2_main_effect_ability_overcast_the_purple_sun_of_xereus,data/skill_trees/characters/high_elves/Mage_Death.csv,556,wh_main_spell_death_the_purple_sun_of_xereus,ability_bindings,data/effect_semantics/source_exports/db/effect_bonus_value_unit_ability_junctions_tables/data__.tsv,1399,enable,ability,wh_main_spell_death_the_purple_sun_of_xereus
wh2_dlc15_hef_mage_death,wh3_dlc27_skill_node_set_hef_yvresse_mage_death_affinity,wh2_dlc15_skill_node_hef_mage_death_magic_3_4,wh_main_skill_all_magic_death_10_the_purple_sun_of_xereus,3,wh_main_effect_ability_cooldown_the_purple_sun_of_xereus,data/skill_trees/characters/high_elves/Mage_Death.csv,557,wh_main_spell_death_the_purple_sun_of_xereus,ability_bindings,data/effect_semantics/source_exports/db/effect_bonus_value_unit_ability_junctions_tables/data__.tsv,5395,recharge_mod,ability,wh_main_spell_death_the_purple_sun_of_xereus
wh2_dlc15_hef_mage_death,wh3_dlc27_skill_node_set_hef_yvresse_mage_death_affinity,wh2_dlc15_skill_node_hef_mage_death_magic_3_4,wh_main_skill_all_magic_death_10_the_purple_sun_of_xereus,3,wh2_main_effect_ability_miscast_the_purple_sun_of_xereus_upgraded,data/skill_trees/characters/high_elves/Mage_Death.csv,558,wh_main_spell_death_the_purple_sun_of_xereus_upgraded,ability_bindings,data/effect_semantics/source_exports/db/effect_bonus_value_unit_ability_junctions_tables/data__.tsv,1255,miscast_percentage_mod,ability,wh_main_spell_death_the_purple_sun_of_xereus_upgraded
wh2_dlc15_hef_mage_death,wh3_dlc27_skill_node_set_hef_yvresse_mage_death_affinity,wh2_dlc15_skill_node_hef_mage_death_magic_3_4,wh_main_skill_all_magic_death_10_the_purple_sun_of_xereus,3,wh2_main_effect_ability_overcast_the_purple_sun_of_xereus,data/skill_trees/characters/high_elves/Mage_Death.csv,559,wh_main_spell_death_the_purple_sun_of_xereus,ability_bindings,data/effect_semantics/source_exports/db/effect_bonus_value_unit_ability_junctions_tables/data__.tsv,1398,enable_overchage,ability,wh_main_spell_death_the_purple_sun_of_xereus
wh2_dlc15_hef_mage_death,wh3_dlc27_skill_node_set_hef_yvresse_mage_death_affinity,wh2_dlc15_skill_node_hef_mage_death_magic_3_4,wh_main_skill_all_magic_death_10_the_purple_sun_of_xereus,3,wh2_main_effect_ability_overcast_the_purple_sun_of_xereus,data/skill_trees/characters/high_elves/Mage_Death.csv,559,wh_main_spell_death_the_purple_sun_of_xereus,ability_bindings,data/effect_semantics/source_exports/db/effect_bonus_value_unit_ability_junctions_tables/data__.tsv,1399,enable,ability,wh_main_spell_death_the_purple_sun_of_xereus
wh2_dlc15_hef_mage_death,wh3_dlc27_skill_node_set_hef_yvresse_mage_death_affinity,wh2_dlc15_skill_node_hef_mage_death_magic_3_4,wh_main_skill_all_magic_death_10_the_purple_sun_of_xereus,3,wh2_main_effect_ability_wom_cost_the_purple_sun_of_xereus,data/skill_trees/characters/high_elves/Mage_Death.csv,560,wh_main_spell_death_the_purple_sun_of_xereus,ability_bindings,data/effect_semantics/source_exports/db/effect_bonus_value_unit_ability_junctions_tables/data__.tsv,1580,cost_mod,ability,wh_main_spell_death_the_purple_sun_of_xereus
wh2_dlc15_hef_mage_death,wh3_dlc27_skill_node_set_hef_yvresse_mage_death_affinity,wh2_dlc15_skill_node_hef_mage_death_magic_3_4,wh_main_skill_all_magic_death_10_the_purple_sun_of_xereus,3,wh2_main_effect_ability_wom_cost_the_purple_sun_of_xereus_upgraded,data/skill_trees/characters/high_elves/Mage_Death.csv,561,wh_main_spell_death_the_purple_sun_of_xereus_upgraded,ability_bindings,data/effect_semantics/source_exports/db/effect_bonus_value_unit_ability_junctions_tables/data__.tsv,1579,cost_mod,ability,wh_main_spell_death_the_purple_sun_of_xereus_upgraded
wh2_dlc15_hef_mage_death,wh3_dlc27_skill_node_set_hef_yvresse_mage_death_affinity,wh2_dlc15_skill_node_hef_mage_death_magic_4,wh_main_skill_all_magic_all_11_arcane_conduit,1,wh_main_effect_ability_enable_arcane_conduit,data/skill_trees/characters/high_elves/Mage_Death.csv,567,wh_main_character_abilities_arcane_conduit,ability_bindings,data/effect_semantics/source_exports/db/effect_bonus_value_unit_ability_junctions_tables/data__.tsv,5408,enable,ability,wh_main_character_abilities_arcane_conduit
wh2_dlc15_hef_mage_death,wh3_dlc27_skill_node_set_hef_yvresse_mage_death_affinity,wh2_dlc15_skill_node_hef_mage_death_magic_dummy,wh_main_skill_all_magic_death_dummy_spirit_leech,1,wh_main_effect_ability_enable_spirit_leech,data/skill_trees/characters/high_elves/Mage_Death.csv,569,wh_main_spell_death_spirit_leech,ability_bindings,data/effect_semantics/source_exports/db/effect_bonus_value_unit_ability_junctions_tables/data__.tsv,5556,enable,ability,wh_main_spell_death_spirit_leech
wh2_dlc15_hef_mage_death,wh3_dlc27_skill_node_set_hef_yvresse_mage_death_affinity,wh3_dlc27_skill_node_set_hef_mage_death_innate_32,wh3_dlc27_skill_innate_hef_mage_army_7_negator_affinity,1,wh2_main_effect_ability_overcast_melkoths_enfeebling_foe,data/skill_trees/characters/high_elves/Mage_Death.csv,593,wh_dlc05_spell_shadow_the_enfeebling_foe,ability_bindings,data/effect_semantics/source_exports/db/effect_bonus_value_unit_ability_junctions_tables/data__.tsv,1344,enable_overchage,ability,wh_dlc05_spell_shadow_the_enfeebling_foe
wh2_dlc15_hef_mage_death,wh3_dlc27_skill_node_set_hef_yvresse_mage_death_affinity,wh3_dlc27_skill_node_set_hef_mage_death_innate_32,wh3_dlc27_skill_innate_hef_mage_army_7_negator_affinity,1,wh2_main_effect_ability_overcast_melkoths_enfeebling_foe,data/skill_trees/characters/high_elves/Mage_Death.csv,593,wh_dlc05_spell_shadow_the_enfeebling_foe,ability_bindings,data/effect_semantics/source_exports/db/effect_bonus_value_unit_ability_junctions_tables/data__.tsv,1345,enable,ability,wh_dlc05_spell_shadow_the_enfeebling_foe
wh2_dlc15_hef_mage_death,wh3_dlc27_skill_node_set_hef_yvresse_mage_death_affinity,wh3_dlc27_skill_node_set_hef_mage_death_innate_32,wh3_dlc27_skill_innate_hef_mage_army_7_negator_affinity,1,wh2_main_effect_ability_overcast_melkoths_mystifying_miasma,data/skill_trees/characters/high_elves/Mage_Death.csv,594,wh_dlc05_spell_shadow_melkoths_mystifying_miasma,ability_bindings,data/effect_semantics/source_exports/db/effect_bonus_value_unit_ability_junctions_tables/data__.tsv,1346,enable_overchage,ability,wh_dlc05_spell_shadow_melkoths_mystifying_miasma
wh2_dlc15_hef_mage_death,wh3_dlc27_skill_node_set_hef_yvresse_mage_death_affinity,wh3_dlc27_skill_node_set_hef_mage_death_innate_32,wh3_dlc27_skill_innate_hef_mage_army_7_negator_affinity,1,wh2_main_effect_ability_overcast_melkoths_mystifying_miasma,data/skill_trees/characters/high_elves/Mage_Death.csv,594,wh_dlc05_spell_shadow_melkoths_mystifying_miasma,ability_bindings,data/effect_semantics/source_exports/db/effect_bonus_value_unit_ability_junctions_tables/data__.tsv,1347,enable,ability,wh_dlc05_spell_shadow_melkoths_mystifying_miasma
wh2_dlc15_hef_mage_death,wh3_dlc27_skill_node_set_hef_yvresse_mage_death_affinity,wh3_dlc27_skill_node_set_hef_mage_death_innate_33,wh3_dlc27_skill_innate_hef_mage_army_7_protective_affinity,1,wh2_main_effect_ability_overcast_glittering_robe,data/skill_trees/characters/high_elves/Mage_Death.csv,596,wh_main_spell_metal_glittering_robe,ability_bindings,data/effect_semantics/source_exports/db/effect_bonus_value_unit_ability_junctions_tables/data__.tsv,1332,enable_overchage,ability,wh_main_spell_metal_glittering_robe
wh2_dlc15_hef_mage_death,wh3_dlc27_skill_node_set_hef_yvresse_mage_death_affinity,wh3_dlc27_skill_node_set_hef_mage_death_innate_33,wh3_dlc27_skill_innate_hef_mage_army_7_protective_affinity,1,wh2_main_effect_ability_overcast_glittering_robe,data/skill_trees/characters/high_elves/Mage_Death.csv,596,wh_main_spell_metal_glittering_robe,ability_bindings,data/effect_semantics/source_exports/db/effect_bonus_value_unit_ability_junctions_tables/data__.tsv,1333,enable,ability,wh_main_spell_metal_glittering_robe
wh2_dlc15_hef_mage_death,wh3_dlc27_skill_node_set_hef_yvresse_mage_death_affinity,wh3_dlc27_skill_node_set_hef_mage_death_innate_33,wh3_dlc27_skill_innate_hef_mage_army_7_protective_affinity,1,wh2_main_effect_ability_overcast_transmutation_of_lead,data/skill_trees/characters/high_elves/Mage_Death.csv,597,wh_main_spell_metal_transmutation_of_lead,ability_bindings,data/effect_semantics/source_exports/db/effect_bonus_value_unit_ability_junctions_tables/data__.tsv,1404,enable_overchage,ability,wh_main_spell_metal_transmutation_of_lead
wh2_dlc15_hef_mage_death,wh3_dlc27_skill_node_set_hef_yvresse_mage_death_affinity,wh3_dlc27_skill_node_set_hef_mage_death_innate_33,wh3_dlc27_skill_innate_hef_mage_army_7_protective_affinity,1,wh2_main_effect_ability_overcast_transmutation_of_lead,data/skill_trees/characters/high_elves/Mage_Death.csv,597,wh_main_spell_metal_transmutation_of_lead,ability_bindings,data/effect_semantics/source_exports/db/effect_bonus_value_unit_ability_junctions_tables/data__.tsv,1405,enable,ability,wh_main_spell_metal_transmutation_of_lead
wh2_dlc15_hef_mage_death,wh3_dlc27_skill_node_set_hef_yvresse_mage_death_affinity,wh3_dlc27_skill_node_set_hef_mage_death_innate_35,wh3_dlc27_skill_innate_hef_mage_battle_3_primed_affinity,1,wh3_main_effect_spell_targeting_range_all,data/skill_trees/characters/high_elves/Mage_Death.csv,602,,ability_group_bindings,data/effect_semantics/source_exports/db/effect_bonus_value_special_ability_group_junctions_tables/data__.tsv,318,target_intercept_range_mod,ability_group,wh2_dlc09_lore_nehekhara
wh2_dlc15_hef_mage_death,wh3_dlc27_skill_node_set_hef_yvresse_mage_death_affinity,wh3_dlc27_skill_node_set_hef_mage_death_innate_35,wh3_dlc27_skill_innate_hef_mage_battle_3_primed_affinity,1,wh3_main_effect_spell_targeting_range_all,data/skill_trees/characters/high_elves/Mage_Death.csv,602,,ability_group_bindings,data/effect_semantics/source_exports/db/effect_bonus_value_special_ability_group_junctions_tables/data__.tsv,319,target_intercept_range_mod,ability_group,wh2_dlc09_lore_nehekhara_upgraded
wh2_dlc15_hef_mage_death,wh3_dlc27_skill_node_set_hef_yvresse_mage_death_affinity,wh3_dlc27_skill_node_set_hef_mage_death_innate_35,wh3_dlc27_skill_innate_hef_mage_battle_3_primed_affinity,1,wh3_main_effect_spell_targeting_range_all,data/skill_trees/characters/high_elves/Mage_Death.csv,602,,ability_group_bindings,data/effect_semantics/source_exports/db/effect_bonus_value_special_ability_group_junctions_tables/data__.tsv,320,target_intercept_range_mod,ability_group,wh2_dlc11_lore_deep
wh2_dlc15_hef_mage_death,wh3_dlc27_skill_node_set_hef_yvresse_mage_death_affinity,wh3_dlc27_skill_node_set_hef_mage_death_innate_35,wh3_dlc27_skill_innate_hef_mage_battle_3_primed_affinity,1,wh3_main_effect_spell_targeting_range_all,data/skill_trees/characters/high_elves/Mage_Death.csv,602,,ability_group_bindings,data/effect_semantics/source_exports/db/effect_bonus_value_special_ability_group_junctions_tables/data__.tsv,321,target_intercept_range_mod,ability_group,wh2_dlc11_lore_deep_upgraded
wh2_dlc15_hef_mage_death,wh3_dlc27_skill_node_set_hef_yvresse_mage_death_affinity,wh3_dlc27_skill_node_set_hef_mage_death_innate_35,wh3_dlc27_skill_innate_hef_mage_battle_3_primed_affinity,1,wh3_main_effect_spell_targeting_range_all,data/skill_trees/characters/high_elves/Mage_Death.csv,602,,ability_group_bindings,data/effect_semantics/source_exports/db/effect_bonus_value_special_ability_group_junctions_tables/data__.tsv,322,target_intercept_range_mod,ability_group,wh2_dlc12_lore_lord_kroak
wh2_dlc15_hef_mage_death,wh3_dlc27_skill_node_set_hef_yvresse_mage_death_affinity,wh3_dlc27_skill_node_set_hef_mage_death_innate_35,wh3_dlc27_skill_innate_hef_mage_battle_3_primed_affinity,1,wh3_main_effect_spell_targeting_range_all,data/skill_trees/characters/high_elves/Mage_Death.csv,602,,ability_group_bindings,data/effect_semantics/source_exports/db/effect_bonus_value_special_ability_group_junctions_tables/data__.tsv,323,target_intercept_range_mod,ability_group,wh2_dlc14_lore_stealth
wh2_dlc15_hef_mage_death,wh3_dlc27_skill_node_set_hef_yvresse_mage_death_affinity,wh3_dlc27_skill_node_set_hef_mage_death_innate_35,wh3_dlc27_skill_innate_hef_mage_battle_3_primed_affinity,1,wh3_main_effect_spell_targeting_range_all,data/skill_trees/characters/high_elves/Mage_Death.csv,602,,ability_group_bindings,data/effect_semantics/source_exports/db/effect_bonus_value_special_ability_group_junctions_tables/data__.tsv,324,target_intercept_range_mod,ability_group,wh2_dlc14_lore_stealth_upgraded
wh2_dlc15_hef_mage_death,wh3_dlc27_skill_node_set_hef_yvresse_mage_death_affinity,wh3_dlc27_skill_node_set_hef_mage_death_innate_35,wh3_dlc27_skill_innate_hef_mage_battle_3_primed_affinity,1,wh3_main_effect_spell_targeting_range_all,data/skill_trees/characters/high_elves/Mage_Death.csv,602,,ability_group_bindings,data/effect_semantics/source_exports/db/effect_bonus_value_special_ability_group_junctions_tables/data__.tsv,325,target_intercept_range_mod,ability_group,wh2_main_lore_dark_magic
wh2_dlc15_hef_mage_death,wh3_dlc27_skill_node_set_hef_yvresse_mage_death_affinity,wh3_dlc27_skill_node_set_hef_mage_death_innate_35,wh3_dlc27_skill_innate_hef_mage_battle_3_primed_affinity,1,wh3_main_effect_spell_targeting_range_all,data/skill_trees/characters/high_elves/Mage_Death.csv,602,,ability_group_bindings,data/effect_semantics/source_exports/db/effect_bonus_value_special_ability_group_junctions_tables/data__.tsv,326,target_intercept_range_mod,ability_group,wh2_main_lore_dark_magic_upgraded
wh2_dlc15_hef_mage_death,wh3_dlc27_skill_node_set_hef_yvresse_mage_death_affinity,wh3_dlc27_skill_node_set_hef_mage_death_innate_35,wh3_dlc27_skill_innate_hef_mage_battle_3_primed_affinity,1,wh3_main_effect_spell_targeting_range_all,data/skill_trees/characters/high_elves/Mage_Death.csv,602,,ability_group_bindings,data/effect_semantics/source_exports/db/effect_bonus_value_special_ability_group_junctions_tables/data__.tsv,327,target_intercept_range_mod,ability_group,wh2_main_lore_high_magic
wh2_dlc15_hef_mage_death,wh3_dlc27_skill_node_set_hef_yvresse_mage_death_affinity,wh3_dlc27_skill_node_set_hef_mage_death_innate_35,wh3_dlc27_skill_innate_hef_mage_battle_3_primed_affinity,1,wh3_main_effect_spell_targeting_range_all,data/skill_trees/characters/high_elves/Mage_Death.csv,602,,ability_group_bindings,data/effect_semantics/source_exports/db/effect_bonus_value_special_ability_group_junctions_tables/data__.tsv,328,target_intercept_range_mod,ability_group,wh2_main_lore_high_magic_upgraded
wh2_dlc15_hef_mage_death,wh3_dlc27_skill_node_set_hef_yvresse_mage_death_affinity,wh3_dlc27_skill_node_set_hef_mage_death_innate_35,wh3_dlc27_skill_innate_hef_mage_battle_3_primed_affinity,1,wh3_main_effect_spell_targeting_range_all,data/skill_trees/characters/high_elves/Mage_Death.csv,602,,ability_group_bindings,data/effect_semantics/source_exports/db/effect_bonus_value_special_ability_group_junctions_tables/data__.tsv,329,target_intercept_range_mod,ability_group,wh2_main_lore_plague
wh2_dlc15_hef_mage_death,wh3_dlc27_skill_node_set_hef_yvresse_mage_death_affinity,wh3_dlc27_skill_node_set_hef_mage_death_innate_35,wh3_dlc27_skill_innate_hef_mage_battle_3_primed_affinity,1,wh3_main_effect_spell_targeting_range_all,data/skill_trees/characters/high_elves/Mage_Death.csv,602,,ability_group_bindings,data/effect_semantics/source_exports/db/effect_bonus_value_special_ability_group_junctions_tables/data__.tsv,330,target_intercept_range_mod,ability_group,wh2_main_lore_plague_upgraded
wh2_dlc15_hef_mage_death,wh3_dlc27_skill_node_set_hef_yvresse_mage_death_affinity,wh3_dlc27_skill_node_set_hef_mage_death_innate_35,wh3_dlc27_skill_innate_hef_mage_battle_3_primed_affinity,1,wh3_main_effect_spell_targeting_range_all,data/skill_trees/characters/high_elves/Mage_Death.csv,602,,ability_group_bindings,data/effect_semantics/source_exports/db/effect_bonus_value_special_ability_group_junctions_tables/data__.tsv,331,target_intercept_range_mod,ability_group,wh2_main_lore_ruin
wh2_dlc15_hef_mage_death,wh3_dlc27_skill_node_set_hef_yvresse_mage_death_affinity,wh3_dlc27_skill_node_set_hef_mage_death_innate_35,wh3_dlc27_skill_innate_hef_mage_battle_3_primed_affinity,1,wh3_main_effect_spell_targeting_range_all,data/skill_trees/characters/high_elves/Mage_Death.csv,602,,ability_group_bindings,data/effect_semantics/source_exports/db/effect_bonus_value_special_ability_group_junctions_tables/data__.tsv,332,target_intercept_range_mod,ability_group,wh2_main_lore_ruin_upgraded
wh2_dlc15_hef_mage_death,wh3_dlc27_skill_node_set_hef_yvresse_mage_death_affinity,wh3_dlc27_skill_node_set_hef_mage_death_innate_35,wh3_dlc27_skill_innate_hef_mage_battle_3_primed_affinity,1,wh3_main_effect_spell_targeting_range_all,data/skill_trees/characters/high_elves/Mage_Death.csv,602,,ability_group_bindings,data/effect_semantics/source_exports/db/effect_bonus_value_special_ability_group_junctions_tables/data__.tsv,333,target_intercept_range_mod,ability_group,wh3_dlc23_lore_hashut
wh2_dlc15_hef_mage_death,wh3_dlc27_skill_node_set_hef_yvresse_mage_death_affinity,wh3_dlc27_skill_node_set_hef_mage_death_innate_35,wh3_dlc27_skill_innate_hef_mage_battle_3_primed_affinity,1,wh3_main_effect_spell_targeting_range_all,data/skill_trees/characters/high_elves/Mage_Death.csv,602,,ability_group_bindings,data/effect_semantics/source_exports/db/effect_bonus_value_special_ability_group_junctions_tables/data__.tsv,334,target_intercept_range_mod,ability_group,wh3_dlc23_lore_hashut_upgraded
wh2_dlc15_hef_mage_death,wh3_dlc27_skill_node_set_hef_yvresse_mage_death_affinity,wh3_dlc27_skill_node_set_hef_mage_death_innate_35,wh3_dlc27_skill_innate_hef_mage_battle_3_primed_affinity,1,wh3_main_effect_spell_targeting_range_all,data/skill_trees/characters/high_elves/Mage_Death.csv,602,,ability_group_bindings,data/effect_semantics/source_exports/db/effect_bonus_value_special_ability_group_junctions_tables/data__.tsv,335,target_intercept_range_mod,ability_group,wh3_dlc24_lore_hag
wh2_dlc15_hef_mage_death,wh3_dlc27_skill_node_set_hef_yvresse_mage_death_affinity,wh3_dlc27_skill_node_set_hef_mage_death_innate_35,wh3_dlc27_skill_innate_hef_mage_battle_3_primed_affinity,1,wh3_main_effect_spell_targeting_range_all,data/skill_trees/characters/high_elves/Mage_Death.csv,602,,ability_group_bindings,data/effect_semantics/source_exports/db/effect_bonus_value_special_ability_group_junctions_tables/data__.tsv,336,target_intercept_range_mod,ability_group,wh3_dlc24_lore_hag_upgraded
wh2_dlc15_hef_mage_death,wh3_dlc27_skill_node_set_hef_yvresse_mage_death_affinity,wh3_dlc27_skill_node_set_hef_mage_death_innate_35,wh3_dlc27_skill_innate_hef_mage_battle_3_primed_affinity,1,wh3_main_effect_spell_targeting_range_all,data/skill_trees/characters/high_elves/Mage_Death.csv,602,,ability_group_bindings,data/effect_semantics/source_exports/db/effect_bonus_value_special_ability_group_junctions_tables/data__.tsv,337,target_intercept_range_mod,ability_group,wh3_dlc27_lore_mists
wh2_dlc15_hef_mage_death,wh3_dlc27_skill_node_set_hef_yvresse_mage_death_affinity,wh3_dlc27_skill_node_set_hef_mage_death_innate_35,wh3_dlc27_skill_innate_hef_mage_battle_3_primed_affinity,1,wh3_main_effect_spell_targeting_range_all,data/skill_trees/characters/high_elves/Mage_Death.csv,602,,ability_group_bindings,data/effect_semantics/source_exports/db/effect_bonus_value_special_ability_group_junctions_tables/data__.tsv,338,target_intercept_range_mod,ability_group,wh3_dlc27_lore_mists_upgraded
wh2_dlc15_hef_mage_death,wh3_dlc27_skill_node_set_hef_yvresse_mage_death_affinity,wh3_dlc27_skill_node_set_hef_mage_death_innate_35,wh3_dlc27_skill_innate_hef_mage_battle_3_primed_affinity,1,wh3_main_effect_spell_targeting_range_all,data/skill_trees/characters/high_elves/Mage_Death.csv,602,,ability_group_bindings,data/effect_semantics/source_exports/db/effect_bonus_value_special_ability_group_junctions_tables/data__.tsv,339,target_intercept_range_mod,ability_group,wh3_main_lore_nurgle
wh2_dlc15_hef_mage_death,wh3_dlc27_skill_node_set_hef_yvresse_mage_death_affinity,wh3_dlc27_skill_node_set_hef_mage_death_innate_35,wh3_dlc27_skill_innate_hef_mage_battle_3_primed_affinity,1,wh3_main_effect_spell_targeting_range_all,data/skill_trees/characters/high_elves/Mage_Death.csv,602,,ability_group_bindings,data/effect_semantics/source_exports/db/effect_bonus_value_special_ability_group_junctions_tables/data__.tsv,340,target_intercept_range_mod,ability_group,wh3_main_lore_nurgle_upgraded
wh2_dlc15_hef_mage_death,wh3_dlc27_skill_node_set_hef_yvresse_mage_death_affinity,wh3_dlc27_skill_node_set_hef_mage_death_innate_35,wh3_dlc27_skill_innate_hef_mage_battle_3_primed_affinity,1,wh3_main_effect_spell_targeting_range_all,data/skill_trees/characters/high_elves/Mage_Death.csv,602,,ability_group_bindings,data/effect_semantics/source_exports/db/effect_bonus_value_special_ability_group_junctions_tables/data__.tsv,341,target_intercept_range_mod,ability_group,wh3_main_lore_of_great_maw
wh2_dlc15_hef_mage_death,wh3_dlc27_skill_node_set_hef_yvresse_mage_death_affinity,wh3_dlc27_skill_node_set_hef_mage_death_innate_35,wh3_dlc27_skill_innate_hef_mage_battle_3_primed_affinity,1,wh3_main_effect_spell_targeting_range_all,data/skill_trees/characters/high_elves/Mage_Death.csv,602,,ability_group_bindings,data/effect_semantics/source_exports/db/effect_bonus_value_special_ability_group_junctions_tables/data__.tsv,342,target_intercept_range_mod,ability_group,wh3_main_lore_of_great_maw_upgraded
wh2_dlc15_hef_mage_death,wh3_dlc27_skill_node_set_hef_yvresse_mage_death_affinity,wh3_dlc27_skill_node_set_hef_mage_death_innate_35,wh3_dlc27_skill_innate_hef_mage_battle_3_primed_affinity,1,wh3_main_effect_spell_targeting_range_all,data/skill_trees/characters/high_elves/Mage_Death.csv,602,,ability_group_bindings,data/effect_semantics/source_exports/db/effect_bonus_value_special_ability_group_junctions_tables/data__.tsv,343,target_intercept_range_mod,ability_group,wh3_main_lore_of_ice
wh2_dlc15_hef_mage_death,wh3_dlc27_skill_node_set_hef_yvresse_mage_death_affinity,wh3_dlc27_skill_node_set_hef_mage_death_innate_35,wh3_dlc27_skill_innate_hef_mage_battle_3_primed_affinity,1,wh3_main_effect_spell_targeting_range_all,data/skill_trees/characters/high_elves/Mage_Death.csv,602,,ability_group_bindings,data/effect_semantics/source_exports/db/effect_bonus_value_special_ability_group_junctions_tables/data__.tsv,344,target_intercept_range_mod,ability_group,wh3_main_lore_of_ice_upgraded
wh2_dlc15_hef_mage_death,wh3_dlc27_skill_node_set_hef_yvresse_mage_death_affinity,wh3_dlc27_skill_node_set_hef_mage_death_innate_35,wh3_dlc27_skill_innate_hef_mage_battle_3_primed_affinity,1,wh3_main_effect_spell_targeting_range_all,data/skill_trees/characters/high_elves/Mage_Death.csv,602,,ability_group_bindings,data/effect_semantics/source_exports/db/effect_bonus_value_special_ability_group_junctions_tables/data__.tsv,345,target_intercept_range_mod,ability_group,wh3_main_lore_of_tempest
wh2_dlc15_hef_mage_death,wh3_dlc27_skill_node_set_hef_yvresse_mage_death_affinity,wh3_dlc27_skill_node_set_hef_mage_death_innate_35,wh3_dlc27_skill_innate_hef_mage_battle_3_primed_affinity,1,wh3_main_effect_spell_targeting_range_all,data/skill_trees/characters/high_elves/Mage_Death.csv,602,,ability_group_bindings,data/effect_semantics/source_exports/db/effect_bonus_value_special_ability_group_junctions_tables/data__.tsv,346,target_intercept_range_mod,ability_group,wh3_main_lore_of_tempest_upgraded
wh2_dlc15_hef_mage_death,wh3_dlc27_skill_node_set_hef_yvresse_mage_death_affinity,wh3_dlc27_skill_node_set_hef_mage_death_innate_35,wh3_dlc27_skill_innate_hef_mage_battle_3_primed_affinity,1,wh3_main_effect_spell_targeting_range_all,data/skill_trees/characters/high_elves/Mage_Death.csv,602,,ability_group_bindings,data/effect_semantics/source_exports/db/effect_bonus_value_special_ability_group_junctions_tables/data__.tsv,347,target_intercept_range_mod,ability_group,wh3_main_lore_of_yang
wh2_dlc15_hef_mage_death,wh3_dlc27_skill_node_set_hef_yvresse_mage_death_affinity,wh3_dlc27_skill_node_set_hef_mage_death_innate_35,wh3_dlc27_skill_innate_hef_mage_battle_3_primed_affinity,1,wh3_main_effect_spell_targeting_range_all,data/skill_trees/characters/high_elves/Mage_Death.csv,602,,ability_group_bindings,data/effect_semantics/source_exports/db/effect_bonus_value_special_ability_group_junctions_tables/data__.tsv,348,target_intercept_range_mod,ability_group,wh3_main_lore_of_yang_upgraded
wh2_dlc15_hef_mage_death,wh3_dlc27_skill_node_set_hef_yvresse_mage_death_affinity,wh3_dlc27_skill_node_set_hef_mage_death_innate_35,wh3_dlc27_skill_innate_hef_mage_battle_3_primed_affinity,1,wh3_main_effect_spell_targeting_range_all,data/skill_trees/characters/high_elves/Mage_Death.csv,602,,ability_group_bindings,data/effect_semantics/source_exports/db/effect_bonus_value_special_ability_group_junctions_tables/data__.tsv,349,target_intercept_range_mod,ability_group,wh3_main_lore_of_yin
wh2_dlc15_hef_mage_death,wh3_dlc27_skill_node_set_hef_yvresse_mage_death_affinity,wh3_dlc27_skill_node_set_hef_mage_death_innate_35,wh3_dlc27_skill_innate_hef_mage_battle_3_primed_affinity,1,wh3_main_effect_spell_targeting_range_all,data/skill_trees/characters/high_elves/Mage_Death.csv,602,,ability_group_bindings,data/effect_semantics/source_exports/db/effect_bonus_value_special_ability_group_junctions_tables/data__.tsv,350,target_intercept_range_mod,ability_group,wh3_main_lore_of_yin_upgraded
wh2_dlc15_hef_mage_death,wh3_dlc27_skill_node_set_hef_yvresse_mage_death_affinity,wh3_dlc27_skill_node_set_hef_mage_death_innate_35,wh3_dlc27_skill_innate_hef_mage_battle_3_primed_affinity,1,wh3_main_effect_spell_targeting_range_all,data/skill_trees/characters/high_elves/Mage_Death.csv,602,,ability_group_bindings,data/effect_semantics/source_exports/db/effect_bonus_value_special_ability_group_junctions_tables/data__.tsv,351,target_intercept_range_mod,ability_group,wh3_main_lore_slaanesh
wh2_dlc15_hef_mage_death,wh3_dlc27_skill_node_set_hef_yvresse_mage_death_affinity,wh3_dlc27_skill_node_set_hef_mage_death_innate_35,wh3_dlc27_skill_innate_hef_mage_battle_3_primed_affinity,1,wh3_main_effect_spell_targeting_range_all,data/skill_trees/characters/high_elves/Mage_Death.csv,602,,ability_group_bindings,data/effect_semantics/source_exports/db/effect_bonus_value_special_ability_group_junctions_tables/data__.tsv,352,target_intercept_range_mod,ability_group,wh3_main_lore_slaanesh_upgraded
wh2_dlc15_hef_mage_death,wh3_dlc27_skill_node_set_hef_yvresse_mage_death_affinity,wh3_dlc27_skill_node_set_hef_mage_death_innate_35,wh3_dlc27_skill_innate_hef_mage_battle_3_primed_affinity,1,wh3_main_effect_spell_targeting_range_all,data/skill_trees/characters/high_elves/Mage_Death.csv,602,,ability_group_bindings,data/effect_semantics/source_exports/db/effect_bonus_value_special_ability_group_junctions_tables/data__.tsv,353,target_intercept_range_mod,ability_group,wh3_main_lore_tzeentch
wh2_dlc15_hef_mage_death,wh3_dlc27_skill_node_set_hef_yvresse_mage_death_affinity,wh3_dlc27_skill_node_set_hef_mage_death_innate_35,wh3_dlc27_skill_innate_hef_mage_battle_3_primed_affinity,1,wh3_main_effect_spell_targeting_range_all,data/skill_trees/characters/high_elves/Mage_Death.csv,602,,ability_group_bindings,data/effect_semantics/source_exports/db/effect_bonus_value_special_ability_group_junctions_tables/data__.tsv,354,target_intercept_range_mod,ability_group,wh3_main_lore_tzeentch_upgraded
wh2_dlc15_hef_mage_death,wh3_dlc27_skill_node_set_hef_yvresse_mage_death_affinity,wh3_dlc27_skill_node_set_hef_mage_death_innate_35,wh3_dlc27_skill_innate_hef_mage_battle_3_primed_affinity,1,wh3_main_effect_spell_targeting_range_all,data/skill_trees/characters/high_elves/Mage_Death.csv,602,,ability_group_bindings,data/effect_semantics/source_exports/db/effect_bonus_value_special_ability_group_junctions_tables/data__.tsv,355,target_intercept_range_mod,ability_group,wh_dlc03_lore_beasts
wh2_dlc15_hef_mage_death,wh3_dlc27_skill_node_set_hef_yvresse_mage_death_affinity,wh3_dlc27_skill_node_set_hef_mage_death_innate_35,wh3_dlc27_skill_innate_hef_mage_battle_3_primed_affinity,1,wh3_main_effect_spell_targeting_range_all,data/skill_trees/characters/high_elves/Mage_Death.csv,602,,ability_group_bindings,data/effect_semantics/source_exports/db/effect_bonus_value_special_ability_group_junctions_tables/data__.tsv,356,target_intercept_range_mod,ability_group,wh_dlc03_lore_beasts_upgraded
wh2_dlc15_hef_mage_death,wh3_dlc27_skill_node_set_hef_yvresse_mage_death_affinity,wh3_dlc27_skill_node_set_hef_mage_death_innate_35,wh3_dlc27_skill_innate_hef_mage_battle_3_primed_affinity,1,wh3_main_effect_spell_targeting_range_all,data/skill_trees/characters/high_elves/Mage_Death.csv,602,,ability_group_bindings,data/effect_semantics/source_exports/db/effect_bonus_value_special_ability_group_junctions_tables/data__.tsv,357,target_intercept_range_mod,ability_group,wh_dlc03_lore_wild
wh2_dlc15_hef_mage_death,wh3_dlc27_skill_node_set_hef_yvresse_mage_death_affinity,wh3_dlc27_skill_node_set_hef_mage_death_innate_35,wh3_dlc27_skill_innate_hef_mage_battle_3_primed_affinity,1,wh3_main_effect_spell_targeting_range_all,data/skill_trees/characters/high_elves/Mage_Death.csv,602,,ability_group_bindings,data/effect_semantics/source_exports/db/effect_bonus_value_special_ability_group_junctions_tables/data__.tsv,358,target_intercept_range_mod,ability_group,wh_dlc03_lore_wild_upgraded
wh2_dlc15_hef_mage_death,wh3_dlc27_skill_node_set_hef_yvresse_mage_death_affinity,wh3_dlc27_skill_node_set_hef_mage_death_innate_35,wh3_dlc27_skill_innate_hef_mage_battle_3_primed_affinity,1,wh3_main_effect_spell_targeting_range_all,data/skill_trees/characters/high_elves/Mage_Death.csv,602,,ability_group_bindings,data/effect_semantics/source_exports/db/effect_bonus_value_special_ability_group_junctions_tables/data__.tsv,359,target_intercept_range_mod,ability_group,wh_dlc05_lore_life
wh2_dlc15_hef_mage_death,wh3_dlc27_skill_node_set_hef_yvresse_mage_death_affinity,wh3_dlc27_skill_node_set_hef_mage_death_innate_35,wh3_dlc27_skill_innate_hef_mage_battle_3_primed_affinity,1,wh3_main_effect_spell_targeting_range_all,data/skill_trees/characters/high_elves/Mage_Death.csv,602,,ability_group_bindings,data/effect_semantics/source_exports/db/effect_bonus_value_special_ability_group_junctions_tables/data__.tsv,360,target_intercept_range_mod,ability_group,wh_dlc05_lore_life_upgraded
wh2_dlc15_hef_mage_death,wh3_dlc27_skill_node_set_hef_yvresse_mage_death_affinity,wh3_dlc27_skill_node_set_hef_mage_death_innate_35,wh3_dlc27_skill_innate_hef_mage_battle_3_primed_affinity,1,wh3_main_effect_spell_targeting_range_all,data/skill_trees/characters/high_elves/Mage_Death.csv,602,,ability_group_bindings,data/effect_semantics/source_exports/db/effect_bonus_value_special_ability_group_junctions_tables/data__.tsv,361,target_intercept_range_mod,ability_group,wh_dlc05_lore_shadows
wh2_dlc15_hef_mage_death,wh3_dlc27_skill_node_set_hef_yvresse_mage_death_affinity,wh3_dlc27_skill_node_set_hef_mage_death_innate_35,wh3_dlc27_skill_innate_hef_mage_battle_3_primed_affinity,1,wh3_main_effect_spell_targeting_range_all,data/skill_trees/characters/high_elves/Mage_Death.csv,602,,ability_group_bindings,data/effect_semantics/source_exports/db/effect_bonus_value_special_ability_group_junctions_tables/data__.tsv,362,target_intercept_range_mod,ability_group,wh_dlc05_lore_shadows_upgraded
wh2_dlc15_hef_mage_death,wh3_dlc27_skill_node_set_hef_yvresse_mage_death_affinity,wh3_dlc27_skill_node_set_hef_mage_death_innate_35,wh3_dlc27_skill_innate_hef_mage_battle_3_primed_affinity,1,wh3_main_effect_spell_targeting_range_all,data/skill_trees/characters/high_elves/Mage_Death.csv,602,,ability_group_bindings,data/effect_semantics/source_exports/db/effect_bonus_value_special_ability_group_junctions_tables/data__.tsv,363,target_intercept_range_mod,ability_group,wh_main_lore_big_waaagh
wh2_dlc15_hef_mage_death,wh3_dlc27_skill_node_set_hef_yvresse_mage_death_affinity,wh3_dlc27_skill_node_set_hef_mage_death_innate_35,wh3_dlc27_skill_innate_hef_mage_battle_3_primed_affinity,1,wh3_main_effect_spell_targeting_range_all,data/skill_trees/characters/high_elves/Mage_Death.csv,602,,ability_group_bindings,data/effect_semantics/source_exports/db/effect_bonus_value_special_ability_group_junctions_tables/data__.tsv,364,target_intercept_range_mod,ability_group,wh_main_lore_big_waaagh_upgraded
wh2_dlc15_hef_mage_death,wh3_dlc27_skill_node_set_hef_yvresse_mage_death_affinity,wh3_dlc27_skill_node_set_hef_mage_death_innate_35,wh3_dlc27_skill_innate_hef_mage_battle_3_primed_affinity,1,wh3_main_effect_spell_targeting_range_all,data/skill_trees/characters/high_elves/Mage_Death.csv,602,,ability_group_bindings,data/effect_semantics/source_exports/db/effect_bonus_value_special_ability_group_junctions_tables/data__.tsv,365,target_intercept_range_mod,ability_group,wh_main_lore_death
wh2_dlc15_hef_mage_death,wh3_dlc27_skill_node_set_hef_yvresse_mage_death_affinity,wh3_dlc27_skill_node_set_hef_mage_death_innate_35,wh3_dlc27_skill_innate_hef_mage_battle_3_primed_affinity,1,wh3_main_effect_spell_targeting_range_all,data/skill_trees/characters/high_elves/Mage_Death.csv,602,,ability_group_bindings,data/effect_semantics/source_exports/db/effect_bonus_value_special_ability_group_junctions_tables/data__.tsv,366,target_intercept_range_mod,ability_group,wh_main_lore_death_upgraded
wh2_dlc15_hef_mage_death,wh3_dlc27_skill_node_set_hef_yvresse_mage_death_affinity,wh3_dlc27_skill_node_set_hef_mage_death_innate_35,wh3_dlc27_skill_innate_hef_mage_battle_3_primed_affinity,1,wh3_main_effect_spell_targeting_range_all,data/skill_trees/characters/high_elves/Mage_Death.csv,602,,ability_group_bindings,data/effect_semantics/source_exports/db/effect_bonus_value_special_ability_group_junctions_tables/data__.tsv,367,target_intercept_range_mod,ability_group,wh_main_lore_fire
wh2_dlc15_hef_mage_death,wh3_dlc27_skill_node_set_hef_yvresse_mage_death_affinity,wh3_dlc27_skill_node_set_hef_mage_death_innate_35,wh3_dlc27_skill_innate_hef_mage_battle_3_primed_affinity,1,wh3_main_effect_spell_targeting_range_all,data/skill_trees/characters/high_elves/Mage_Death.csv,602,,ability_group_bindings,data/effect_semantics/source_exports/db/effect_bonus_value_special_ability_group_junctions_tables/data__.tsv,368,target_intercept_range_mod,ability_group,wh_main_lore_fire_upgraded
wh2_dlc15_hef_mage_death,wh3_dlc27_skill_node_set_hef_yvresse_mage_death_affinity,wh3_dlc27_skill_node_set_hef_mage_death_innate_35,wh3_dlc27_skill_innate_hef_mage_battle_3_primed_affinity,1,wh3_main_effect_spell_targeting_range_all,data/skill_trees/characters/high_elves/Mage_Death.csv,602,,ability_group_bindings,data/effect_semantics/source_exports/db/effect_bonus_value_special_ability_group_junctions_tables/data__.tsv,369,target_intercept_range_mod,ability_group,wh_main_lore_heavens
wh2_dlc15_hef_mage_death,wh3_dlc27_skill_node_set_hef_yvresse_mage_death_affinity,wh3_dlc27_skill_node_set_hef_mage_death_innate_35,wh3_dlc27_skill_innate_hef_mage_battle_3_primed_affinity,1,wh3_main_effect_spell_targeting_range_all,data/skill_trees/characters/high_elves/Mage_Death.csv,602,,ability_group_bindings,data/effect_semantics/source_exports/db/effect_bonus_value_special_ability_group_junctions_tables/data__.tsv,370,target_intercept_range_mod,ability_group,wh_main_lore_heavens_upgraded
wh2_dlc15_hef_mage_death,wh3_dlc27_skill_node_set_hef_yvresse_mage_death_affinity,wh3_dlc27_skill_node_set_hef_mage_death_innate_35,wh3_dlc27_skill_innate_hef_mage_battle_3_primed_affinity,1,wh3_main_effect_spell_targeting_range_all,data/skill_trees/characters/high_elves/Mage_Death.csv,602,,ability_group_bindings,data/effect_semantics/source_exports/db/effect_bonus_value_special_ability_group_junctions_tables/data__.tsv,371,target_intercept_range_mod,ability_group,wh_main_lore_light
wh2_dlc15_hef_mage_death,wh3_dlc27_skill_node_set_hef_yvresse_mage_death_affinity,wh3_dlc27_skill_node_set_hef_mage_death_innate_35,wh3_dlc27_skill_innate_hef_mage_battle_3_primed_affinity,1,wh3_main_effect_spell_targeting_range_all,data/skill_trees/characters/high_elves/Mage_Death.csv,602,,ability_group_bindings,data/effect_semantics/source_exports/db/effect_bonus_value_special_ability_group_junctions_tables/data__.tsv,372,target_intercept_range_mod,ability_group,wh_main_lore_light_upgraded
wh2_dlc15_hef_mage_death,wh3_dlc27_skill_node_set_hef_yvresse_mage_death_affinity,wh3_dlc27_skill_node_set_hef_mage_death_innate_35,wh3_dlc27_skill_innate_hef_mage_battle_3_primed_affinity,1,wh3_main_effect_spell_targeting_range_all,data/skill_trees/characters/high_elves/Mage_Death.csv,602,,ability_group_bindings,data/effect_semantics/source_exports/db/effect_bonus_value_special_ability_group_junctions_tables/data__.tsv,373,target_intercept_range_mod,ability_group,wh_main_lore_lil_waaagh
wh2_dlc15_hef_mage_death,wh3_dlc27_skill_node_set_hef_yvresse_mage_death_affinity,wh3_dlc27_skill_node_set_hef_mage_death_innate_35,wh3_dlc27_skill_innate_hef_mage_battle_3_primed_affinity,1,wh3_main_effect_spell_targeting_range_all,data/skill_trees/characters/high_elves/Mage_Death.csv,602,,ability_group_bindings,data/effect_semantics/source_exports/db/effect_bonus_value_special_ability_group_junctions_tables/data__.tsv,374,target_intercept_range_mod,ability_group,wh_main_lore_lil_waaagh_upgraded
wh2_dlc15_hef_mage_death,wh3_dlc27_skill_node_set_hef_yvresse_mage_death_affinity,wh3_dlc27_skill_node_set_hef_mage_death_innate_35,wh3_dlc27_skill_innate_hef_mage_battle_3_primed_affinity,1,wh3_main_effect_spell_targeting_range_all,data/skill_trees/characters/high_elves/Mage_Death.csv,602,,ability_group_bindings,data/effect_semantics/source_exports/db/effect_bonus_value_special_ability_group_junctions_tables/data__.tsv,375,target_intercept_range_mod,ability_group,wh_main_lore_metal
wh2_dlc15_hef_mage_death,wh3_dlc27_skill_node_set_hef_yvresse_mage_death_affinity,wh3_dlc27_skill_node_set_hef_mage_death_innate_35,wh3_dlc27_skill_innate_hef_mage_battle_3_primed_affinity,1,wh3_main_effect_spell_targeting_range_all,data/skill_trees/characters/high_elves/Mage_Death.csv,602,,ability_group_bindings,data/effect_semantics/source_exports/db/effect_bonus_value_special_ability_group_junctions_tables/data__.tsv,376,target_intercept_range_mod,ability_group,wh_main_lore_metal_upgraded
wh2_dlc15_hef_mage_death,wh3_dlc27_skill_node_set_hef_yvresse_mage_death_affinity,wh3_dlc27_skill_node_set_hef_mage_death_innate_35,wh3_dlc27_skill_innate_hef_mage_battle_3_primed_affinity,1,wh3_main_effect_spell_targeting_range_all,data/skill_trees/characters/high_elves/Mage_Death.csv,602,,ability_group_bindings,data/effect_semantics/source_exports/db/effect_bonus_value_special_ability_group_junctions_tables/data__.tsv,377,target_intercept_range_mod,ability_group,wh_main_lore_vampires
wh2_dlc15_hef_mage_death,wh3_dlc27_skill_node_set_hef_yvresse_mage_death_affinity,wh3_dlc27_skill_node_set_hef_mage_death_innate_35,wh3_dlc27_skill_innate_hef_mage_battle_3_primed_affinity,1,wh3_main_effect_spell_targeting_range_all,data/skill_trees/characters/high_elves/Mage_Death.csv,602,,ability_group_bindings,data/effect_semantics/source_exports/db/effect_bonus_value_special_ability_group_junctions_tables/data__.tsv,378,target_intercept_range_mod,ability_group,wh_main_lore_vampires_upgraded
wh2_dlc15_hef_mage_death,wh3_dlc27_skill_node_set_hef_yvresse_mage_death_affinity,wh3_dlc27_skill_node_set_hef_mage_death_innate_37,wh3_dlc27_skill_innate_hef_mage_battle_7_conductor_affinity,1,wh2_main_effect_ability_overcast_urannons_thunderbolt,data/skill_trees/characters/high_elves/Mage_Death.csv,607,wh_main_spell_heavens_urannons_thunderbolt,ability_bindings,data/effect_semantics/source_exports/db/effect_bonus_value_unit_ability_junctions_tables/data__.tsv,1406,enable_overchage,ability,wh_main_spell_heavens_urannons_thunderbolt
wh2_dlc15_hef_mage_death,wh3_dlc27_skill_node_set_hef_yvresse_mage_death_affinity,wh3_dlc27_skill_node_set_hef_mage_death_innate_37,wh3_dlc27_skill_innate_hef_mage_battle_7_conductor_affinity,1,wh2_main_effect_ability_overcast_urannons_thunderbolt,data/skill_trees/characters/high_elves/Mage_Death.csv,607,wh_main_spell_heavens_urannons_thunderbolt,ability_bindings,data/effect_semantics/source_exports/db/effect_bonus_value_unit_ability_junctions_tables/data__.tsv,1407,enable,ability,wh_main_spell_heavens_urannons_thunderbolt
wh2_dlc15_hef_mage_death,wh3_dlc27_skill_node_set_hef_yvresse_mage_death_affinity,wh3_dlc27_skill_node_set_hef_mage_death_innate_37,wh3_dlc27_skill_innate_hef_mage_battle_7_conductor_affinity,1,wh3_main_effect_spell_targeting_range_all,data/skill_trees/characters/high_elves/Mage_Death.csv,608,,ability_group_bindings,data/effect_semantics/source_exports/db/effect_bonus_value_special_ability_group_junctions_tables/data__.tsv,318,target_intercept_range_mod,ability_group,wh2_dlc09_lore_nehekhara
wh2_dlc15_hef_mage_death,wh3_dlc27_skill_node_set_hef_yvresse_mage_death_affinity,wh3_dlc27_skill_node_set_hef_mage_death_innate_37,wh3_dlc27_skill_innate_hef_mage_battle_7_conductor_affinity,1,wh3_main_effect_spell_targeting_range_all,data/skill_trees/characters/high_elves/Mage_Death.csv,608,,ability_group_bindings,data/effect_semantics/source_exports/db/effect_bonus_value_special_ability_group_junctions_tables/data__.tsv,319,target_intercept_range_mod,ability_group,wh2_dlc09_lore_nehekhara_upgraded
wh2_dlc15_hef_mage_death,wh3_dlc27_skill_node_set_hef_yvresse_mage_death_affinity,wh3_dlc27_skill_node_set_hef_mage_death_innate_37,wh3_dlc27_skill_innate_hef_mage_battle_7_conductor_affinity,1,wh3_main_effect_spell_targeting_range_all,data/skill_trees/characters/high_elves/Mage_Death.csv,608,,ability_group_bindings,data/effect_semantics/source_exports/db/effect_bonus_value_special_ability_group_junctions_tables/data__.tsv,320,target_intercept_range_mod,ability_group,wh2_dlc11_lore_deep
wh2_dlc15_hef_mage_death,wh3_dlc27_skill_node_set_hef_yvresse_mage_death_affinity,wh3_dlc27_skill_node_set_hef_mage_death_innate_37,wh3_dlc27_skill_innate_hef_mage_battle_7_conductor_affinity,1,wh3_main_effect_spell_targeting_range_all,data/skill_trees/characters/high_elves/Mage_Death.csv,608,,ability_group_bindings,data/effect_semantics/source_exports/db/effect_bonus_value_special_ability_group_junctions_tables/data__.tsv,321,target_intercept_range_mod,ability_group,wh2_dlc11_lore_deep_upgraded
wh2_dlc15_hef_mage_death,wh3_dlc27_skill_node_set_hef_yvresse_mage_death_affinity,wh3_dlc27_skill_node_set_hef_mage_death_innate_37,wh3_dlc27_skill_innate_hef_mage_battle_7_conductor_affinity,1,wh3_main_effect_spell_targeting_range_all,data/skill_trees/characters/high_elves/Mage_Death.csv,608,,ability_group_bindings,data/effect_semantics/source_exports/db/effect_bonus_value_special_ability_group_junctions_tables/data__.tsv,322,target_intercept_range_mod,ability_group,wh2_dlc12_lore_lord_kroak
wh2_dlc15_hef_mage_death,wh3_dlc27_skill_node_set_hef_yvresse_mage_death_affinity,wh3_dlc27_skill_node_set_hef_mage_death_innate_37,wh3_dlc27_skill_innate_hef_mage_battle_7_conductor_affinity,1,wh3_main_effect_spell_targeting_range_all,data/skill_trees/characters/high_elves/Mage_Death.csv,608,,ability_group_bindings,data/effect_semantics/source_exports/db/effect_bonus_value_special_ability_group_junctions_tables/data__.tsv,323,target_intercept_range_mod,ability_group,wh2_dlc14_lore_stealth
wh2_dlc15_hef_mage_death,wh3_dlc27_skill_node_set_hef_yvresse_mage_death_affinity,wh3_dlc27_skill_node_set_hef_mage_death_innate_37,wh3_dlc27_skill_innate_hef_mage_battle_7_conductor_affinity,1,wh3_main_effect_spell_targeting_range_all,data/skill_trees/characters/high_elves/Mage_Death.csv,608,,ability_group_bindings,data/effect_semantics/source_exports/db/effect_bonus_value_special_ability_group_junctions_tables/data__.tsv,324,target_intercept_range_mod,ability_group,wh2_dlc14_lore_stealth_upgraded
wh2_dlc15_hef_mage_death,wh3_dlc27_skill_node_set_hef_yvresse_mage_death_affinity,wh3_dlc27_skill_node_set_hef_mage_death_innate_37,wh3_dlc27_skill_innate_hef_mage_battle_7_conductor_affinity,1,wh3_main_effect_spell_targeting_range_all,data/skill_trees/characters/high_elves/Mage_Death.csv,608,,ability_group_bindings,data/effect_semantics/source_exports/db/effect_bonus_value_special_ability_group_junctions_tables/data__.tsv,325,target_intercept_range_mod,ability_group,wh2_main_lore_dark_magic
wh2_dlc15_hef_mage_death,wh3_dlc27_skill_node_set_hef_yvresse_mage_death_affinity,wh3_dlc27_skill_node_set_hef_mage_death_innate_37,wh3_dlc27_skill_innate_hef_mage_battle_7_conductor_affinity,1,wh3_main_effect_spell_targeting_range_all,data/skill_trees/characters/high_elves/Mage_Death.csv,608,,ability_group_bindings,data/effect_semantics/source_exports/db/effect_bonus_value_special_ability_group_junctions_tables/data__.tsv,326,target_intercept_range_mod,ability_group,wh2_main_lore_dark_magic_upgraded
wh2_dlc15_hef_mage_death,wh3_dlc27_skill_node_set_hef_yvresse_mage_death_affinity,wh3_dlc27_skill_node_set_hef_mage_death_innate_37,wh3_dlc27_skill_innate_hef_mage_battle_7_conductor_affinity,1,wh3_main_effect_spell_targeting_range_all,data/skill_trees/characters/high_elves/Mage_Death.csv,608,,ability_group_bindings,data/effect_semantics/source_exports/db/effect_bonus_value_special_ability_group_junctions_tables/data__.tsv,327,target_intercept_range_mod,ability_group,wh2_main_lore_high_magic
wh2_dlc15_hef_mage_death,wh3_dlc27_skill_node_set_hef_yvresse_mage_death_affinity,wh3_dlc27_skill_node_set_hef_mage_death_innate_37,wh3_dlc27_skill_innate_hef_mage_battle_7_conductor_affinity,1,wh3_main_effect_spell_targeting_range_all,data/skill_trees/characters/high_elves/Mage_Death.csv,608,,ability_group_bindings,data/effect_semantics/source_exports/db/effect_bonus_value_special_ability_group_junctions_tables/data__.tsv,328,target_intercept_range_mod,ability_group,wh2_main_lore_high_magic_upgraded
wh2_dlc15_hef_mage_death,wh3_dlc27_skill_node_set_hef_yvresse_mage_death_affinity,wh3_dlc27_skill_node_set_hef_mage_death_innate_37,wh3_dlc27_skill_innate_hef_mage_battle_7_conductor_affinity,1,wh3_main_effect_spell_targeting_range_all,data/skill_trees/characters/high_elves/Mage_Death.csv,608,,ability_group_bindings,data/effect_semantics/source_exports/db/effect_bonus_value_special_ability_group_junctions_tables/data__.tsv,329,target_intercept_range_mod,ability_group,wh2_main_lore_plague
wh2_dlc15_hef_mage_death,wh3_dlc27_skill_node_set_hef_yvresse_mage_death_affinity,wh3_dlc27_skill_node_set_hef_mage_death_innate_37,wh3_dlc27_skill_innate_hef_mage_battle_7_conductor_affinity,1,wh3_main_effect_spell_targeting_range_all,data/skill_trees/characters/high_elves/Mage_Death.csv,608,,ability_group_bindings,data/effect_semantics/source_exports/db/effect_bonus_value_special_ability_group_junctions_tables/data__.tsv,330,target_intercept_range_mod,ability_group,wh2_main_lore_plague_upgraded
wh2_dlc15_hef_mage_death,wh3_dlc27_skill_node_set_hef_yvresse_mage_death_affinity,wh3_dlc27_skill_node_set_hef_mage_death_innate_37,wh3_dlc27_skill_innate_hef_mage_battle_7_conductor_affinity,1,wh3_main_effect_spell_targeting_range_all,data/skill_trees/characters/high_elves/Mage_Death.csv,608,,ability_group_bindings,data/effect_semantics/source_exports/db/effect_bonus_value_special_ability_group_junctions_tables/data__.tsv,331,target_intercept_range_mod,ability_group,wh2_main_lore_ruin
wh2_dlc15_hef_mage_death,wh3_dlc27_skill_node_set_hef_yvresse_mage_death_affinity,wh3_dlc27_skill_node_set_hef_mage_death_innate_37,wh3_dlc27_skill_innate_hef_mage_battle_7_conductor_affinity,1,wh3_main_effect_spell_targeting_range_all,data/skill_trees/characters/high_elves/Mage_Death.csv,608,,ability_group_bindings,data/effect_semantics/source_exports/db/effect_bonus_value_special_ability_group_junctions_tables/data__.tsv,332,target_intercept_range_mod,ability_group,wh2_main_lore_ruin_upgraded
wh2_dlc15_hef_mage_death,wh3_dlc27_skill_node_set_hef_yvresse_mage_death_affinity,wh3_dlc27_skill_node_set_hef_mage_death_innate_37,wh3_dlc27_skill_innate_hef_mage_battle_7_conductor_affinity,1,wh3_main_effect_spell_targeting_range_all,data/skill_trees/characters/high_elves/Mage_Death.csv,608,,ability_group_bindings,data/effect_semantics/source_exports/db/effect_bonus_value_special_ability_group_junctions_tables/data__.tsv,333,target_intercept_range_mod,ability_group,wh3_dlc23_lore_hashut
wh2_dlc15_hef_mage_death,wh3_dlc27_skill_node_set_hef_yvresse_mage_death_affinity,wh3_dlc27_skill_node_set_hef_mage_death_innate_37,wh3_dlc27_skill_innate_hef_mage_battle_7_conductor_affinity,1,wh3_main_effect_spell_targeting_range_all,data/skill_trees/characters/high_elves/Mage_Death.csv,608,,ability_group_bindings,data/effect_semantics/source_exports/db/effect_bonus_value_special_ability_group_junctions_tables/data__.tsv,334,target_intercept_range_mod,ability_group,wh3_dlc23_lore_hashut_upgraded
wh2_dlc15_hef_mage_death,wh3_dlc27_skill_node_set_hef_yvresse_mage_death_affinity,wh3_dlc27_skill_node_set_hef_mage_death_innate_37,wh3_dlc27_skill_innate_hef_mage_battle_7_conductor_affinity,1,wh3_main_effect_spell_targeting_range_all,data/skill_trees/characters/high_elves/Mage_Death.csv,608,,ability_group_bindings,data/effect_semantics/source_exports/db/effect_bonus_value_special_ability_group_junctions_tables/data__.tsv,335,target_intercept_range_mod,ability_group,wh3_dlc24_lore_hag
wh2_dlc15_hef_mage_death,wh3_dlc27_skill_node_set_hef_yvresse_mage_death_affinity,wh3_dlc27_skill_node_set_hef_mage_death_innate_37,wh3_dlc27_skill_innate_hef_mage_battle_7_conductor_affinity,1,wh3_main_effect_spell_targeting_range_all,data/skill_trees/characters/high_elves/Mage_Death.csv,608,,ability_group_bindings,data/effect_semantics/source_exports/db/effect_bonus_value_special_ability_group_junctions_tables/data__.tsv,336,target_intercept_range_mod,ability_group,wh3_dlc24_lore_hag_upgraded
wh2_dlc15_hef_mage_death,wh3_dlc27_skill_node_set_hef_yvresse_mage_death_affinity,wh3_dlc27_skill_node_set_hef_mage_death_innate_37,wh3_dlc27_skill_innate_hef_mage_battle_7_conductor_affinity,1,wh3_main_effect_spell_targeting_range_all,data/skill_trees/characters/high_elves/Mage_Death.csv,608,,ability_group_bindings,data/effect_semantics/source_exports/db/effect_bonus_value_special_ability_group_junctions_tables/data__.tsv,337,target_intercept_range_mod,ability_group,wh3_dlc27_lore_mists
wh2_dlc15_hef_mage_death,wh3_dlc27_skill_node_set_hef_yvresse_mage_death_affinity,wh3_dlc27_skill_node_set_hef_mage_death_innate_37,wh3_dlc27_skill_innate_hef_mage_battle_7_conductor_affinity,1,wh3_main_effect_spell_targeting_range_all,data/skill_trees/characters/high_elves/Mage_Death.csv,608,,ability_group_bindings,data/effect_semantics/source_exports/db/effect_bonus_value_special_ability_group_junctions_tables/data__.tsv,338,target_intercept_range_mod,ability_group,wh3_dlc27_lore_mists_upgraded
wh2_dlc15_hef_mage_death,wh3_dlc27_skill_node_set_hef_yvresse_mage_death_affinity,wh3_dlc27_skill_node_set_hef_mage_death_innate_37,wh3_dlc27_skill_innate_hef_mage_battle_7_conductor_affinity,1,wh3_main_effect_spell_targeting_range_all,data/skill_trees/characters/high_elves/Mage_Death.csv,608,,ability_group_bindings,data/effect_semantics/source_exports/db/effect_bonus_value_special_ability_group_junctions_tables/data__.tsv,339,target_intercept_range_mod,ability_group,wh3_main_lore_nurgle
wh2_dlc15_hef_mage_death,wh3_dlc27_skill_node_set_hef_yvresse_mage_death_affinity,wh3_dlc27_skill_node_set_hef_mage_death_innate_37,wh3_dlc27_skill_innate_hef_mage_battle_7_conductor_affinity,1,wh3_main_effect_spell_targeting_range_all,data/skill_trees/characters/high_elves/Mage_Death.csv,608,,ability_group_bindings,data/effect_semantics/source_exports/db/effect_bonus_value_special_ability_group_junctions_tables/data__.tsv,340,target_intercept_range_mod,ability_group,wh3_main_lore_nurgle_upgraded
wh2_dlc15_hef_mage_death,wh3_dlc27_skill_node_set_hef_yvresse_mage_death_affinity,wh3_dlc27_skill_node_set_hef_mage_death_innate_37,wh3_dlc27_skill_innate_hef_mage_battle_7_conductor_affinity,1,wh3_main_effect_spell_targeting_range_all,data/skill_trees/characters/high_elves/Mage_Death.csv,608,,ability_group_bindings,data/effect_semantics/source_exports/db/effect_bonus_value_special_ability_group_junctions_tables/data__.tsv,341,target_intercept_range_mod,ability_group,wh3_main_lore_of_great_maw
wh2_dlc15_hef_mage_death,wh3_dlc27_skill_node_set_hef_yvresse_mage_death_affinity,wh3_dlc27_skill_node_set_hef_mage_death_innate_37,wh3_dlc27_skill_innate_hef_mage_battle_7_conductor_affinity,1,wh3_main_effect_spell_targeting_range_all,data/skill_trees/characters/high_elves/Mage_Death.csv,608,,ability_group_bindings,data/effect_semantics/source_exports/db/effect_bonus_value_special_ability_group_junctions_tables/data__.tsv,342,target_intercept_range_mod,ability_group,wh3_main_lore_of_great_maw_upgraded
wh2_dlc15_hef_mage_death,wh3_dlc27_skill_node_set_hef_yvresse_mage_death_affinity,wh3_dlc27_skill_node_set_hef_mage_death_innate_37,wh3_dlc27_skill_innate_hef_mage_battle_7_conductor_affinity,1,wh3_main_effect_spell_targeting_range_all,data/skill_trees/characters/high_elves/Mage_Death.csv,608,,ability_group_bindings,data/effect_semantics/source_exports/db/effect_bonus_value_special_ability_group_junctions_tables/data__.tsv,343,target_intercept_range_mod,ability_group,wh3_main_lore_of_ice
wh2_dlc15_hef_mage_death,wh3_dlc27_skill_node_set_hef_yvresse_mage_death_affinity,wh3_dlc27_skill_node_set_hef_mage_death_innate_37,wh3_dlc27_skill_innate_hef_mage_battle_7_conductor_affinity,1,wh3_main_effect_spell_targeting_range_all,data/skill_trees/characters/high_elves/Mage_Death.csv,608,,ability_group_bindings,data/effect_semantics/source_exports/db/effect_bonus_value_special_ability_group_junctions_tables/data__.tsv,344,target_intercept_range_mod,ability_group,wh3_main_lore_of_ice_upgraded
wh2_dlc15_hef_mage_death,wh3_dlc27_skill_node_set_hef_yvresse_mage_death_affinity,wh3_dlc27_skill_node_set_hef_mage_death_innate_37,wh3_dlc27_skill_innate_hef_mage_battle_7_conductor_affinity,1,wh3_main_effect_spell_targeting_range_all,data/skill_trees/characters/high_elves/Mage_Death.csv,608,,ability_group_bindings,data/effect_semantics/source_exports/db/effect_bonus_value_special_ability_group_junctions_tables/data__.tsv,345,target_intercept_range_mod,ability_group,wh3_main_lore_of_tempest
wh2_dlc15_hef_mage_death,wh3_dlc27_skill_node_set_hef_yvresse_mage_death_affinity,wh3_dlc27_skill_node_set_hef_mage_death_innate_37,wh3_dlc27_skill_innate_hef_mage_battle_7_conductor_affinity,1,wh3_main_effect_spell_targeting_range_all,data/skill_trees/characters/high_elves/Mage_Death.csv,608,,ability_group_bindings,data/effect_semantics/source_exports/db/effect_bonus_value_special_ability_group_junctions_tables/data__.tsv,346,target_intercept_range_mod,ability_group,wh3_main_lore_of_tempest_upgraded
wh2_dlc15_hef_mage_death,wh3_dlc27_skill_node_set_hef_yvresse_mage_death_affinity,wh3_dlc27_skill_node_set_hef_mage_death_innate_37,wh3_dlc27_skill_innate_hef_mage_battle_7_conductor_affinity,1,wh3_main_effect_spell_targeting_range_all,data/skill_trees/characters/high_elves/Mage_Death.csv,608,,ability_group_bindings,data/effect_semantics/source_exports/db/effect_bonus_value_special_ability_group_junctions_tables/data__.tsv,347,target_intercept_range_mod,ability_group,wh3_main_lore_of_yang
wh2_dlc15_hef_mage_death,wh3_dlc27_skill_node_set_hef_yvresse_mage_death_affinity,wh3_dlc27_skill_node_set_hef_mage_death_innate_37,wh3_dlc27_skill_innate_hef_mage_battle_7_conductor_affinity,1,wh3_main_effect_spell_targeting_range_all,data/skill_trees/characters/high_elves/Mage_Death.csv,608,,ability_group_bindings,data/effect_semantics/source_exports/db/effect_bonus_value_special_ability_group_junctions_tables/data__.tsv,348,target_intercept_range_mod,ability_group,wh3_main_lore_of_yang_upgraded
wh2_dlc15_hef_mage_death,wh3_dlc27_skill_node_set_hef_yvresse_mage_death_affinity,wh3_dlc27_skill_node_set_hef_mage_death_innate_37,wh3_dlc27_skill_innate_hef_mage_battle_7_conductor_affinity,1,wh3_main_effect_spell_targeting_range_all,data/skill_trees/characters/high_elves/Mage_Death.csv,608,,ability_group_bindings,data/effect_semantics/source_exports/db/effect_bonus_value_special_ability_group_junctions_tables/data__.tsv,349,target_intercept_range_mod,ability_group,wh3_main_lore_of_yin
wh2_dlc15_hef_mage_death,wh3_dlc27_skill_node_set_hef_yvresse_mage_death_affinity,wh3_dlc27_skill_node_set_hef_mage_death_innate_37,wh3_dlc27_skill_innate_hef_mage_battle_7_conductor_affinity,1,wh3_main_effect_spell_targeting_range_all,data/skill_trees/characters/high_elves/Mage_Death.csv,608,,ability_group_bindings,data/effect_semantics/source_exports/db/effect_bonus_value_special_ability_group_junctions_tables/data__.tsv,350,target_intercept_range_mod,ability_group,wh3_main_lore_of_yin_upgraded
wh2_dlc15_hef_mage_death,wh3_dlc27_skill_node_set_hef_yvresse_mage_death_affinity,wh3_dlc27_skill_node_set_hef_mage_death_innate_37,wh3_dlc27_skill_innate_hef_mage_battle_7_conductor_affinity,1,wh3_main_effect_spell_targeting_range_all,data/skill_trees/characters/high_elves/Mage_Death.csv,608,,ability_group_bindings,data/effect_semantics/source_exports/db/effect_bonus_value_special_ability_group_junctions_tables/data__.tsv,351,target_intercept_range_mod,ability_group,wh3_main_lore_slaanesh
wh2_dlc15_hef_mage_death,wh3_dlc27_skill_node_set_hef_yvresse_mage_death_affinity,wh3_dlc27_skill_node_set_hef_mage_death_innate_37,wh3_dlc27_skill_innate_hef_mage_battle_7_conductor_affinity,1,wh3_main_effect_spell_targeting_range_all,data/skill_trees/characters/high_elves/Mage_Death.csv,608,,ability_group_bindings,data/effect_semantics/source_exports/db/effect_bonus_value_special_ability_group_junctions_tables/data__.tsv,352,target_intercept_range_mod,ability_group,wh3_main_lore_slaanesh_upgraded
wh2_dlc15_hef_mage_death,wh3_dlc27_skill_node_set_hef_yvresse_mage_death_affinity,wh3_dlc27_skill_node_set_hef_mage_death_innate_37,wh3_dlc27_skill_innate_hef_mage_battle_7_conductor_affinity,1,wh3_main_effect_spell_targeting_range_all,data/skill_trees/characters/high_elves/Mage_Death.csv,608,,ability_group_bindings,data/effect_semantics/source_exports/db/effect_bonus_value_special_ability_group_junctions_tables/data__.tsv,353,target_intercept_range_mod,ability_group,wh3_main_lore_tzeentch
wh2_dlc15_hef_mage_death,wh3_dlc27_skill_node_set_hef_yvresse_mage_death_affinity,wh3_dlc27_skill_node_set_hef_mage_death_innate_37,wh3_dlc27_skill_innate_hef_mage_battle_7_conductor_affinity,1,wh3_main_effect_spell_targeting_range_all,data/skill_trees/characters/high_elves/Mage_Death.csv,608,,ability_group_bindings,data/effect_semantics/source_exports/db/effect_bonus_value_special_ability_group_junctions_tables/data__.tsv,354,target_intercept_range_mod,ability_group,wh3_main_lore_tzeentch_upgraded
wh2_dlc15_hef_mage_death,wh3_dlc27_skill_node_set_hef_yvresse_mage_death_affinity,wh3_dlc27_skill_node_set_hef_mage_death_innate_37,wh3_dlc27_skill_innate_hef_mage_battle_7_conductor_affinity,1,wh3_main_effect_spell_targeting_range_all,data/skill_trees/characters/high_elves/Mage_Death.csv,608,,ability_group_bindings,data/effect_semantics/source_exports/db/effect_bonus_value_special_ability_group_junctions_tables/data__.tsv,355,target_intercept_range_mod,ability_group,wh_dlc03_lore_beasts
wh2_dlc15_hef_mage_death,wh3_dlc27_skill_node_set_hef_yvresse_mage_death_affinity,wh3_dlc27_skill_node_set_hef_mage_death_innate_37,wh3_dlc27_skill_innate_hef_mage_battle_7_conductor_affinity,1,wh3_main_effect_spell_targeting_range_all,data/skill_trees/characters/high_elves/Mage_Death.csv,608,,ability_group_bindings,data/effect_semantics/source_exports/db/effect_bonus_value_special_ability_group_junctions_tables/data__.tsv,356,target_intercept_range_mod,ability_group,wh_dlc03_lore_beasts_upgraded
wh2_dlc15_hef_mage_death,wh3_dlc27_skill_node_set_hef_yvresse_mage_death_affinity,wh3_dlc27_skill_node_set_hef_mage_death_innate_37,wh3_dlc27_skill_innate_hef_mage_battle_7_conductor_affinity,1,wh3_main_effect_spell_targeting_range_all,data/skill_trees/characters/high_elves/Mage_Death.csv,608,,ability_group_bindings,data/effect_semantics/source_exports/db/effect_bonus_value_special_ability_group_junctions_tables/data__.tsv,357,target_intercept_range_mod,ability_group,wh_dlc03_lore_wild
wh2_dlc15_hef_mage_death,wh3_dlc27_skill_node_set_hef_yvresse_mage_death_affinity,wh3_dlc27_skill_node_set_hef_mage_death_innate_37,wh3_dlc27_skill_innate_hef_mage_battle_7_conductor_affinity,1,wh3_main_effect_spell_targeting_range_all,data/skill_trees/characters/high_elves/Mage_Death.csv,608,,ability_group_bindings,data/effect_semantics/source_exports/db/effect_bonus_value_special_ability_group_junctions_tables/data__.tsv,358,target_intercept_range_mod,ability_group,wh_dlc03_lore_wild_upgraded
wh2_dlc15_hef_mage_death,wh3_dlc27_skill_node_set_hef_yvresse_mage_death_affinity,wh3_dlc27_skill_node_set_hef_mage_death_innate_37,wh3_dlc27_skill_innate_hef_mage_battle_7_conductor_affinity,1,wh3_main_effect_spell_targeting_range_all,data/skill_trees/characters/high_elves/Mage_Death.csv,608,,ability_group_bindings,data/effect_semantics/source_exports/db/effect_bonus_value_special_ability_group_junctions_tables/data__.tsv,359,target_intercept_range_mod,ability_group,wh_dlc05_lore_life
wh2_dlc15_hef_mage_death,wh3_dlc27_skill_node_set_hef_yvresse_mage_death_affinity,wh3_dlc27_skill_node_set_hef_mage_death_innate_37,wh3_dlc27_skill_innate_hef_mage_battle_7_conductor_affinity,1,wh3_main_effect_spell_targeting_range_all,data/skill_trees/characters/high_elves/Mage_Death.csv,608,,ability_group_bindings,data/effect_semantics/source_exports/db/effect_bonus_value_special_ability_group_junctions_tables/data__.tsv,360,target_intercept_range_mod,ability_group,wh_dlc05_lore_life_upgraded
wh2_dlc15_hef_mage_death,wh3_dlc27_skill_node_set_hef_yvresse_mage_death_affinity,wh3_dlc27_skill_node_set_hef_mage_death_innate_37,wh3_dlc27_skill_innate_hef_mage_battle_7_conductor_affinity,1,wh3_main_effect_spell_targeting_range_all,data/skill_trees/characters/high_elves/Mage_Death.csv,608,,ability_group_bindings,data/effect_semantics/source_exports/db/effect_bonus_value_special_ability_group_junctions_tables/data__.tsv,361,target_intercept_range_mod,ability_group,wh_dlc05_lore_shadows
wh2_dlc15_hef_mage_death,wh3_dlc27_skill_node_set_hef_yvresse_mage_death_affinity,wh3_dlc27_skill_node_set_hef_mage_death_innate_37,wh3_dlc27_skill_innate_hef_mage_battle_7_conductor_affinity,1,wh3_main_effect_spell_targeting_range_all,data/skill_trees/characters/high_elves/Mage_Death.csv,608,,ability_group_bindings,data/effect_semantics/source_exports/db/effect_bonus_value_special_ability_group_junctions_tables/data__.tsv,362,target_intercept_range_mod,ability_group,wh_dlc05_lore_shadows_upgraded
wh2_dlc15_hef_mage_death,wh3_dlc27_skill_node_set_hef_yvresse_mage_death_affinity,wh3_dlc27_skill_node_set_hef_mage_death_innate_37,wh3_dlc27_skill_innate_hef_mage_battle_7_conductor_affinity,1,wh3_main_effect_spell_targeting_range_all,data/skill_trees/characters/high_elves/Mage_Death.csv,608,,ability_group_bindings,data/effect_semantics/source_exports/db/effect_bonus_value_special_ability_group_junctions_tables/data__.tsv,363,target_intercept_range_mod,ability_group,wh_main_lore_big_waaagh
wh2_dlc15_hef_mage_death,wh3_dlc27_skill_node_set_hef_yvresse_mage_death_affinity,wh3_dlc27_skill_node_set_hef_mage_death_innate_37,wh3_dlc27_skill_innate_hef_mage_battle_7_conductor_affinity,1,wh3_main_effect_spell_targeting_range_all,data/skill_trees/characters/high_elves/Mage_Death.csv,608,,ability_group_bindings,data/effect_semantics/source_exports/db/effect_bonus_value_special_ability_group_junctions_tables/data__.tsv,364,target_intercept_range_mod,ability_group,wh_main_lore_big_waaagh_upgraded
wh2_dlc15_hef_mage_death,wh3_dlc27_skill_node_set_hef_yvresse_mage_death_affinity,wh3_dlc27_skill_node_set_hef_mage_death_innate_37,wh3_dlc27_skill_innate_hef_mage_battle_7_conductor_affinity,1,wh3_main_effect_spell_targeting_range_all,data/skill_trees/characters/high_elves/Mage_Death.csv,608,,ability_group_bindings,data/effect_semantics/source_exports/db/effect_bonus_value_special_ability_group_junctions_tables/data__.tsv,365,target_intercept_range_mod,ability_group,wh_main_lore_death
wh2_dlc15_hef_mage_death,wh3_dlc27_skill_node_set_hef_yvresse_mage_death_affinity,wh3_dlc27_skill_node_set_hef_mage_death_innate_37,wh3_dlc27_skill_innate_hef_mage_battle_7_conductor_affinity,1,wh3_main_effect_spell_targeting_range_all,data/skill_trees/characters/high_elves/Mage_Death.csv,608,,ability_group_bindings,data/effect_semantics/source_exports/db/effect_bonus_value_special_ability_group_junctions_tables/data__.tsv,366,target_intercept_range_mod,ability_group,wh_main_lore_death_upgraded
wh2_dlc15_hef_mage_death,wh3_dlc27_skill_node_set_hef_yvresse_mage_death_affinity,wh3_dlc27_skill_node_set_hef_mage_death_innate_37,wh3_dlc27_skill_innate_hef_mage_battle_7_conductor_affinity,1,wh3_main_effect_spell_targeting_range_all,data/skill_trees/characters/high_elves/Mage_Death.csv,608,,ability_group_bindings,data/effect_semantics/source_exports/db/effect_bonus_value_special_ability_group_junctions_tables/data__.tsv,367,target_intercept_range_mod,ability_group,wh_main_lore_fire
wh2_dlc15_hef_mage_death,wh3_dlc27_skill_node_set_hef_yvresse_mage_death_affinity,wh3_dlc27_skill_node_set_hef_mage_death_innate_37,wh3_dlc27_skill_innate_hef_mage_battle_7_conductor_affinity,1,wh3_main_effect_spell_targeting_range_all,data/skill_trees/characters/high_elves/Mage_Death.csv,608,,ability_group_bindings,data/effect_semantics/source_exports/db/effect_bonus_value_special_ability_group_junctions_tables/data__.tsv,368,target_intercept_range_mod,ability_group,wh_main_lore_fire_upgraded
wh2_dlc15_hef_mage_death,wh3_dlc27_skill_node_set_hef_yvresse_mage_death_affinity,wh3_dlc27_skill_node_set_hef_mage_death_innate_37,wh3_dlc27_skill_innate_hef_mage_battle_7_conductor_affinity,1,wh3_main_effect_spell_targeting_range_all,data/skill_trees/characters/high_elves/Mage_Death.csv,608,,ability_group_bindings,data/effect_semantics/source_exports/db/effect_bonus_value_special_ability_group_junctions_tables/data__.tsv,369,target_intercept_range_mod,ability_group,wh_main_lore_heavens
wh2_dlc15_hef_mage_death,wh3_dlc27_skill_node_set_hef_yvresse_mage_death_affinity,wh3_dlc27_skill_node_set_hef_mage_death_innate_37,wh3_dlc27_skill_innate_hef_mage_battle_7_conductor_affinity,1,wh3_main_effect_spell_targeting_range_all,data/skill_trees/characters/high_elves/Mage_Death.csv,608,,ability_group_bindings,data/effect_semantics/source_exports/db/effect_bonus_value_special_ability_group_junctions_tables/data__.tsv,370,target_intercept_range_mod,ability_group,wh_main_lore_heavens_upgraded
wh2_dlc15_hef_mage_death,wh3_dlc27_skill_node_set_hef_yvresse_mage_death_affinity,wh3_dlc27_skill_node_set_hef_mage_death_innate_37,wh3_dlc27_skill_innate_hef_mage_battle_7_conductor_affinity,1,wh3_main_effect_spell_targeting_range_all,data/skill_trees/characters/high_elves/Mage_Death.csv,608,,ability_group_bindings,data/effect_semantics/source_exports/db/effect_bonus_value_special_ability_group_junctions_tables/data__.tsv,371,target_intercept_range_mod,ability_group,wh_main_lore_light
wh2_dlc15_hef_mage_death,wh3_dlc27_skill_node_set_hef_yvresse_mage_death_affinity,wh3_dlc27_skill_node_set_hef_mage_death_innate_37,wh3_dlc27_skill_innate_hef_mage_battle_7_conductor_affinity,1,wh3_main_effect_spell_targeting_range_all,data/skill_trees/characters/high_elves/Mage_Death.csv,608,,ability_group_bindings,data/effect_semantics/source_exports/db/effect_bonus_value_special_ability_group_junctions_tables/data__.tsv,372,target_intercept_range_mod,ability_group,wh_main_lore_light_upgraded
wh2_dlc15_hef_mage_death,wh3_dlc27_skill_node_set_hef_yvresse_mage_death_affinity,wh3_dlc27_skill_node_set_hef_mage_death_innate_37,wh3_dlc27_skill_innate_hef_mage_battle_7_conductor_affinity,1,wh3_main_effect_spell_targeting_range_all,data/skill_trees/characters/high_elves/Mage_Death.csv,608,,ability_group_bindings,data/effect_semantics/source_exports/db/effect_bonus_value_special_ability_group_junctions_tables/data__.tsv,373,target_intercept_range_mod,ability_group,wh_main_lore_lil_waaagh
wh2_dlc15_hef_mage_death,wh3_dlc27_skill_node_set_hef_yvresse_mage_death_affinity,wh3_dlc27_skill_node_set_hef_mage_death_innate_37,wh3_dlc27_skill_innate_hef_mage_battle_7_conductor_affinity,1,wh3_main_effect_spell_targeting_range_all,data/skill_trees/characters/high_elves/Mage_Death.csv,608,,ability_group_bindings,data/effect_semantics/source_exports/db/effect_bonus_value_special_ability_group_junctions_tables/data__.tsv,374,target_intercept_range_mod,ability_group,wh_main_lore_lil_waaagh_upgraded
wh2_dlc15_hef_mage_death,wh3_dlc27_skill_node_set_hef_yvresse_mage_death_affinity,wh3_dlc27_skill_node_set_hef_mage_death_innate_37,wh3_dlc27_skill_innate_hef_mage_battle_7_conductor_affinity,1,wh3_main_effect_spell_targeting_range_all,data/skill_trees/characters/high_elves/Mage_Death.csv,608,,ability_group_bindings,data/effect_semantics/source_exports/db/effect_bonus_value_special_ability_group_junctions_tables/data__.tsv,375,target_intercept_range_mod,ability_group,wh_main_lore_metal
wh2_dlc15_hef_mage_death,wh3_dlc27_skill_node_set_hef_yvresse_mage_death_affinity,wh3_dlc27_skill_node_set_hef_mage_death_innate_37,wh3_dlc27_skill_innate_hef_mage_battle_7_conductor_affinity,1,wh3_main_effect_spell_targeting_range_all,data/skill_trees/characters/high_elves/Mage_Death.csv,608,,ability_group_bindings,data/effect_semantics/source_exports/db/effect_bonus_value_special_ability_group_junctions_tables/data__.tsv,376,target_intercept_range_mod,ability_group,wh_main_lore_metal_upgraded
wh2_dlc15_hef_mage_death,wh3_dlc27_skill_node_set_hef_yvresse_mage_death_affinity,wh3_dlc27_skill_node_set_hef_mage_death_innate_37,wh3_dlc27_skill_innate_hef_mage_battle_7_conductor_affinity,1,wh3_main_effect_spell_targeting_range_all,data/skill_trees/characters/high_elves/Mage_Death.csv,608,,ability_group_bindings,data/effect_semantics/source_exports/db/effect_bonus_value_special_ability_group_junctions_tables/data__.tsv,377,target_intercept_range_mod,ability_group,wh_main_lore_vampires
wh2_dlc15_hef_mage_death,wh3_dlc27_skill_node_set_hef_yvresse_mage_death_affinity,wh3_dlc27_skill_node_set_hef_mage_death_innate_37,wh3_dlc27_skill_innate_hef_mage_battle_7_conductor_affinity,1,wh3_main_effect_spell_targeting_range_all,data/skill_trees/characters/high_elves/Mage_Death.csv,608,,ability_group_bindings,data/effect_semantics/source_exports/db/effect_bonus_value_special_ability_group_junctions_tables/data__.tsv,378,target_intercept_range_mod,ability_group,wh_main_lore_vampires_upgraded
wh2_dlc15_hef_mage_death,wh3_dlc27_skill_node_set_hef_yvresse_mage_death_affinity,wh3_dlc27_skill_node_set_hef_mage_death_innate_38,wh3_dlc27_skill_innate_hef_mage_battle_7_limber_affinity,1,wh_main_effect_ability_enable_slippery,data/skill_trees/characters/high_elves/Mage_Death.csv,610,wh_main_hero_abilities_slippery,ability_bindings,data/effect_semantics/source_exports/db/effect_bonus_value_unit_ability_junctions_tables/data__.tsv,5549,enable,ability,wh_main_hero_abilities_slippery
