agent_subtype_key,node_set_key,node_key,skill_key,skill_level,effect_key,skill_source_path,skill_source_line,ability_key,binding_table,binding_source_path,binding_source_line,bonus_value_id,target_kind,target_key
wh2_dlc15_hef_archmage_metal,wh2_dlc15_skill_node_set_hef_archmage_metal,wh2_dlc15_skill_node_hef_archmage_metal_generic_3,wh2_dlc15_skill_hef_archmage_crackling_potency,1,wh2_dlc15_effect_magic_heavens_enable_bound_chain_lightning,data/skill_trees/characters/high_elves/Archmage_Metal.csv,11,wh2_dlc15_spell_bound_chain_lightning,ability_bindings,data/effect_semantics/source_exports/db/effect_bonus_value_unit_ability_junctions_tables/data__.tsv,427,enable,ability,wh2_dlc15_spell_bound_chain_lightning
wh2_dlc15_hef_archmage_metal,wh2_dlc15_skill_node_set_hef_archmage_metal,wh2_dlc15_skill_node_hef_archmage_metal_magic_0,wh_main_skill_all_magic_metal_01_searing_doom,1,wh_main_effect_ability_cooldown_searing_doom,data/skill_trees/characters/high_elves/Archmage_Metal.csv,13,wh_main_spell_metal_searing_doom,ability_bindings,data/effect_semantics/source_exports/db/effect_bonus_value_unit_ability_junctions_tables/data__.tsv,5388,recharge_mod,ability,wh_main_spell_metal_searing_doom
wh2_dlc15_hef_archmage_metal,wh2_dlc15_skill_node_set_hef_archmage_metal,wh2_dlc15_skill_node_hef_archmage_metal_magic_0,wh_main_skill_all_magic_metal_01_searing_doom,1,wh2_main_effect_ability_overcast_searing_doom,data/skill_trees/characters/high_elves/Archmage_Metal.csv,14,wh_main_spell_metal_searing_doom,ability_bindings,data/effect_semantics/source_exports/db/effect_bonus_value_unit_ability_junctions_tables/data__.tsv,1374,enable_overchage,ability,wh_main_spell_metal_searing_doom
wh2_dlc15_hef_archmage_metal,wh2_dlc15_skill_node_set_hef_archmage_metal,wh2_dlc15_skill_node_hef_archmage_metal_magic_0,wh_main_skill_all_magic_metal_01_searing_doom,1,wh2_main_effect_ability_overcast_searing_doom,data/skill_trees/characters/high_elves/Archmage_Metal.csv,14,wh_main_spell_metal_searing_doom,ability_bindings,data/effect_semantics/source_exports/db/effect_bonus_value_unit_ability_junctions_tables/data__.tsv,1375,enable,ability,wh_main_spell_metal_searing_doom
wh2_dlc15_hef_archmage_metal,wh2_dlc15_skill_node_set_hef_archmage_metal,wh2_dlc15_skill_node_hef_archmage_metal_magic_0,wh_main_skill_all_magic_metal_01_searing_doom,2,wh_main_effect_ability_cooldown_searing_doom,data/skill_trees/characters/high_elves/Archmage_Metal.csv,15,wh_main_spell_metal_searing_doom,ability_bindings,data/effect_semantics/source_exports/db/effect_bonus_value_unit_ability_junctions_tables/data__.tsv,5388,recharge_mod,ability,wh_main_spell_metal_searing_doom
wh2_dlc15_hef_archmage_metal,wh2_dlc15_skill_node_set_hef_archmage_metal,wh2_dlc15_skill_node_hef_archmage_metal_magic_0,wh_main_skill_all_magic_metal_01_searing_doom,2,wh2_main_effect_ability_miscast_searing_doom_upgraded,data/skill_trees/characters/high_elves/Archmage_Metal.csv,16,wh_main_spell_metal_searing_doom_upgraded,ability_bindings,data/effect_semantics/source_exports/db/effect_bonus_value_unit_ability_junctions_tables/data__.tsv,1245,miscast_percentage_mod,ability,wh_main_spell_metal_searing_doom_upgraded
wh2_dlc15_hef_archmage_metal,wh2_dlc15_skill_node_set_hef_archmage_metal,wh2_dlc15_skill_node_hef_archmage_metal_magic_0,wh_main_skill_all_magic_metal_01_searing_doom,2,wh2_main_effect_ability_overcast_searing_doom,data/skill_trees/characters/high_elves/Archmage_Metal.csv,17,wh_main_spell_metal_searing_doom,ability_bindings,data/effect_semantics/source_exports/db/effect_bonus_value_unit_ability_junctions_tables/data__.tsv,1374,enable_overchage,ability,wh_main_spell_metal_searing_doom
wh2_dlc15_hef_archmage_metal,wh2_dlc15_skill_node_set_hef_archmage_metal,wh2_dlc15_skill_node_hef_archmage_metal_magic_0,wh_main_skill_all_magic_metal_01_searing_doom,2,wh2_main_effect_ability_overcast_searing_doom,data/skill_trees/characters/high_elves/Archmage_Metal.csv,17,wh_main_spell_metal_searing_doom,ability_bindings,data/effect_semantics/source_exports/db/effect_bonus_value_unit_ability_junctions_tables/data__.tsv,1375,enable,ability,wh_main_spell_metal_searing_doom
wh2_dlc15_hef_archmage_metal,wh2_dlc15_skill_node_set_hef_archmage_metal,wh2_dlc15_skill_node_hef_archmage_metal_magic_0,wh_main_skill_all_magic_metal_01_searing_doom,2,wh2_main_effect_ability_wom_cost_searing_doom,data/skill_trees/characters/high_elves/Archmage_Metal.csv,18,wh_main_spell_metal_searing_doom,ability_bindings,data/effect_semantics/source_exports/db/effect_bonus_value_unit_ability_junctions_tables/data__.tsv,1555,cost_mod,ability,wh_main_spell_metal_searing_doom
wh2_dlc15_hef_archmage_metal,wh2_dlc15_skill_node_set_hef_archmage_metal,wh2_dlc15_skill_node_hef_archmage_metal_magic_0,wh_main_skill_all_magic_metal_01_searing_doom,2,wh2_main_effect_ability_wom_cost_searing_doom_upgraded,data/skill_trees/characters/high_elves/Archmage_Metal.csv,19,wh_main_spell_metal_searing_doom_upgraded,ability_bindings,data/effect_semantics/source_exports/db/effect_bonus_value_unit_ability_junctions_tables/data__.tsv,1554,cost_mod,ability,wh_main_spell_metal_searing_doom_upgraded
wh2_dlc15_hef_archmage_metal,wh2_dlc15_skill_node_set_hef_archmage_metal,wh2_dlc15_skill_node_hef_archmage_metal_generic_4,wh2_dlc15_skill_hef_archmage_absolute_control,1,wh2_dlc12_effect_magic_cooldown_all_lores,data/skill_trees/characters/high_elves/Archmage_Metal.csv,135,,ability_group_bindings,data/effect_semantics/source_exports/db/effect_bonus_value_special_ability_group_junctions_tables/data__.tsv,11,recharge_rate_percentage_mod,ability_group,wh2_dlc09_lore_nehekhara
wh2_dlc15_hef_archmage_metal,wh2_dlc15_skill_node_set_hef_archmage_metal,wh2_dlc15_skill_node_hef_archmage_metal_generic_4,wh2_dlc15_skill_hef_archmage_absolute_control,1,wh2_dlc12_effect_magic_cooldown_all_lores,data/skill_trees/characters/high_elves/Archmage_Metal.csv,135,,ability_group_bindings,data/effect_semantics/source_exports/db/effect_bonus_value_special_ability_group_junctions_tables/data__.tsv,12,recharge_rate_percentage_mod,ability_group,wh2_dlc09_lore_nehekhara_upgraded
wh2_dlc15_hef_archmage_metal,wh2_dlc15_skill_node_set_hef_archmage_metal,wh2_dlc15_skill_node_hef_archmage_metal_generic_4,wh2_dlc15_skill_hef_archmage_absolute_control,1,wh2_dlc12_effect_magic_cooldown_all_lores,data/skill_trees/characters/high_elves/Archmage_Metal.csv,135,,ability_group_bindings,data/effect_semantics/source_exports/db/effect_bonus_value_special_ability_group_junctions_tables/data__.tsv,13,recharge_rate_percentage_mod,ability_group,wh2_dlc11_lore_deep
wh2_dlc15_hef_archmage_metal,wh2_dlc15_skill_node_set_hef_archmage_metal,wh2_dlc15_skill_node_hef_archmage_metal_generic_4,wh2_dlc15_skill_hef_archmage_absolute_control,1,wh2_dlc12_effect_magic_cooldown_all_lores,data/skill_trees/characters/high_elves/Archmage_Metal.csv,135,,ability_group_bindings,data/effect_semantics/source_exports/db/effect_bonus_value_special_ability_group_junctions_tables/data__.tsv,14,recharge_rate_percentage_mod,ability_group,wh2_dlc11_lore_deep_upgraded
wh2_dlc15_hef_archmage_metal,wh2_dlc15_skill_node_set_hef_archmage_metal,wh2_dlc15_skill_node_hef_archmage_metal_generic_4,wh2_dlc15_skill_hef_archmage_absolute_control,1,wh2_dlc12_effect_magic_cooldown_all_lores,data/skill_trees/characters/high_elves/Archmage_Metal.csv,135,,ability_group_bindings,data/effect_semantics/source_exports/db/effect_bonus_value_special_ability_group_junctions_tables/data__.tsv,15,recharge_rate_percentage_mod,ability_group,wh2_dlc12_lore_lord_kroak
wh2_dlc15_hef_archmage_metal,wh2_dlc15_skill_node_set_hef_archmage_metal,wh2_dlc15_skill_node_hef_archmage_metal_generic_4,wh2_dlc15_skill_hef_archmage_absolute_control,1,wh2_dlc12_effect_magic_cooldown_all_lores,data/skill_trees/characters/high_elves/Archmage_Metal.csv,135,,ability_group_bindings,data/effect_semantics/source_exports/db/effect_bonus_value_special_ability_group_junctions_tables/data__.tsv,16,recharge_rate_percentage_mod,ability_group,wh2_dlc14_lore_stealth
wh2_dlc15_hef_archmage_metal,wh2_dlc15_skill_node_set_hef_archmage_metal,wh2_dlc15_skill_node_hef_archmage_metal_generic_4,wh2_dlc15_skill_hef_archmage_absolute_control,1,wh2_dlc12_effect_magic_cooldown_all_lores,data/skill_trees/characters/high_elves/Archmage_Metal.csv,135,,ability_group_bindings,data/effect_semantics/source_exports/db/effect_bonus_value_special_ability_group_junctions_tables/data__.tsv,17,recharge_rate_percentage_mod,ability_group,wh2_dlc14_lore_stealth_upgraded
wh2_dlc15_hef_archmage_metal,wh2_dlc15_skill_node_set_hef_archmage_metal,wh2_dlc15_skill_node_hef_archmage_metal_generic_4,wh2_dlc15_skill_hef_archmage_absolute_control,1,wh2_dlc12_effect_magic_cooldown_all_lores,data/skill_trees/characters/high_elves/Archmage_Metal.csv,135,,ability_group_bindings,data/effect_semantics/source_exports/db/effect_bonus_value_special_ability_group_junctions_tables/data__.tsv,18,recharge_rate_percentage_mod,ability_group,wh2_main_lore_dark_magic
wh2_dlc15_hef_archmage_metal,wh2_dlc15_skill_node_set_hef_archmage_metal,wh2_dlc15_skill_node_hef_archmage_metal_generic_4,wh2_dlc15_skill_hef_archmage_absolute_control,1,wh2_dlc12_effect_magic_cooldown_all_lores,data/skill_trees/characters/high_elves/Archmage_Metal.csv,135,,ability_group_bindings,data/effect_semantics/source_exports/db/effect_bonus_value_special_ability_group_junctions_tables/data__.tsv,19,recharge_rate_percentage_mod,ability_group,wh2_main_lore_dark_magic_upgraded
wh2_dlc15_hef_archmage_metal,wh2_dlc15_skill_node_set_hef_archmage_metal,wh2_dlc15_skill_node_hef_archmage_metal_generic_4,wh2_dlc15_skill_hef_archmage_absolute_control,1,wh2_dlc12_effect_magic_cooldown_all_lores,data/skill_trees/characters/high_elves/Archmage_Metal.csv,135,,ability_group_bindings,data/effect_semantics/source_exports/db/effect_bonus_value_special_ability_group_junctions_tables/data__.tsv,20,recharge_rate_percentage_mod,ability_group,wh2_main_lore_high_magic
wh2_dlc15_hef_archmage_metal,wh2_dlc15_skill_node_set_hef_archmage_metal,wh2_dlc15_skill_node_hef_archmage_metal_generic_4,wh2_dlc15_skill_hef_archmage_absolute_control,1,wh2_dlc12_effect_magic_cooldown_all_lores,data/skill_trees/characters/high_elves/Archmage_Metal.csv,135,,ability_group_bindings,data/effect_semantics/source_exports/db/effect_bonus_value_special_ability_group_junctions_tables/data__.tsv,21,recharge_rate_percentage_mod,ability_group,wh2_main_lore_high_magic_upgraded
wh2_dlc15_hef_archmage_metal,wh2_dlc15_skill_node_set_hef_archmage_metal,wh2_dlc15_skill_node_hef_archmage_metal_generic_4,wh2_dlc15_skill_hef_archmage_absolute_control,1,wh2_dlc12_effect_magic_cooldown_all_lores,data/skill_trees/characters/high_elves/Archmage_Metal.csv,135,,ability_group_bindings,data/effect_semantics/source_exports/db/effect_bonus_value_special_ability_group_junctions_tables/data__.tsv,22,recharge_rate_percentage_mod,ability_group,wh2_main_lore_plague
wh2_dlc15_hef_archmage_metal,wh2_dlc15_skill_node_set_hef_archmage_metal,wh2_dlc15_skill_node_hef_archmage_metal_generic_4,wh2_dlc15_skill_hef_archmage_absolute_control,1,wh2_dlc12_effect_magic_cooldown_all_lores,data/skill_trees/characters/high_elves/Archmage_Metal.csv,135,,ability_group_bindings,data/effect_semantics/source_exports/db/effect_bonus_value_special_ability_group_junctions_tables/data__.tsv,23,recharge_rate_percentage_mod,ability_group,wh2_main_lore_plague_upgraded
wh2_dlc15_hef_archmage_metal,wh2_dlc15_skill_node_set_hef_archmage_metal,wh2_dlc15_skill_node_hef_archmage_metal_generic_4,wh2_dlc15_skill_hef_archmage_absolute_control,1,wh2_dlc12_effect_magic_cooldown_all_lores,data/skill_trees/characters/high_elves/Archmage_Metal.csv,135,,ability_group_bindings,data/effect_semantics/source_exports/db/effect_bonus_value_special_ability_group_junctions_tables/data__.tsv,24,recharge_rate_percentage_mod,ability_group,wh2_main_lore_ruin
wh2_dlc15_hef_archmage_metal,wh2_dlc15_skill_node_set_hef_archmage_metal,wh2_dlc15_skill_node_hef_archmage_metal_generic_4,wh2_dlc15_skill_hef_archmage_absolute_control,1,wh2_dlc12_effect_magic_cooldown_all_lores,data/skill_trees/characters/high_elves/Archmage_Metal.csv,135,,ability_group_bindings,data/effect_semantics/source_exports/db/effect_bonus_value_special_ability_group_junctions_tables/data__.tsv,25,recharge_rate_percentage_mod,ability_group,wh2_main_lore_ruin_upgraded
wh2_dlc15_hef_archmage_metal,wh2_dlc15_skill_node_set_hef_archmage_metal,wh2_dlc15_skill_node_hef_archmage_metal_generic_4,wh2_dlc15_skill_hef_archmage_absolute_control,1,wh2_dlc12_effect_magic_cooldown_all_lores,data/skill_trees/characters/high_elves/Archmage_Metal.csv,135,,ability_group_bindings,data/effect_semantics/source_exports/db/effect_bonus_value_special_ability_group_junctions_tables/data__.tsv,26,recharge_rate_percentage_mod,ability_group,wh3_cp1_all_lore_spell_variations
wh2_dlc15_hef_archmage_metal,wh2_dlc15_skill_node_set_hef_archmage_metal,wh2_dlc15_skill_node_hef_archmage_metal_generic_4,wh2_dlc15_skill_hef_archmage_absolute_control,1,wh2_dlc12_effect_magic_cooldown_all_lores,data/skill_trees/characters/high_elves/Archmage_Metal.csv,135,,ability_group_bindings,data/effect_semantics/source_exports/db/effect_bonus_value_special_ability_group_junctions_tables/data__.tsv,27,recharge_rate_percentage_mod,ability_group,wh3_dlc23_lore_hashut
wh2_dlc15_hef_archmage_metal,wh2_dlc15_skill_node_set_hef_archmage_metal,wh2_dlc15_skill_node_hef_archmage_metal_generic_4,wh2_dlc15_skill_hef_archmage_absolute_control,1,wh2_dlc12_effect_magic_cooldown_all_lores,data/skill_trees/characters/high_elves/Archmage_Metal.csv,135,,ability_group_bindings,data/effect_semantics/source_exports/db/effect_bonus_value_special_ability_group_junctions_tables/data__.tsv,28,recharge_rate_percentage_mod,ability_group,wh3_dlc23_lore_hashut_upgraded
wh2_dlc15_hef_archmage_metal,wh2_dlc15_skill_node_set_hef_archmage_metal,wh2_dlc15_skill_node_hef_archmage_metal_generic_4,wh2_dlc15_skill_hef_archmage_absolute_control,1,wh2_dlc12_effect_magic_cooldown_all_lores,data/skill_trees/characters/high_elves/Archmage_Metal.csv,135,,ability_group_bindings,data/effect_semantics/source_exports/db/effect_bonus_value_special_ability_group_junctions_tables/data__.tsv,29,recharge_rate_percentage_mod,ability_group,wh3_dlc24_lore_hag
wh2_dlc15_hef_archmage_metal,wh2_dlc15_skill_node_set_hef_archmage_metal,wh2_dlc15_skill_node_hef_archmage_metal_generic_4,wh2_dlc15_skill_hef_archmage_absolute_control,1,wh2_dlc12_effect_magic_cooldown_all_lores,data/skill_trees/characters/high_elves/Archmage_Metal.csv,135,,ability_group_bindings,data/effect_semantics/source_exports/db/effect_bonus_value_special_ability_group_junctions_tables/data__.tsv,30,recharge_rate_percentage_mod,ability_group,wh3_dlc24_lore_hag_upgraded
wh2_dlc15_hef_archmage_metal,wh2_dlc15_skill_node_set_hef_archmage_metal,wh2_dlc15_skill_node_hef_archmage_metal_generic_4,wh2_dlc15_skill_hef_archmage_absolute_control,1,wh2_dlc12_effect_magic_cooldown_all_lores,data/skill_trees/characters/high_elves/Archmage_Metal.csv,135,,ability_group_bindings,data/effect_semantics/source_exports/db/effect_bonus_value_special_ability_group_junctions_tables/data__.tsv,31,recharge_rate_percentage_mod,ability_group,wh3_dlc27_lore_mists
wh2_dlc15_hef_archmage_metal,wh2_dlc15_skill_node_set_hef_archmage_metal,wh2_dlc15_skill_node_hef_archmage_metal_generic_4,wh2_dlc15_skill_hef_archmage_absolute_control,1,wh2_dlc12_effect_magic_cooldown_all_lores,data/skill_trees/characters/high_elves/Archmage_Metal.csv,135,,ability_group_bindings,data/effect_semantics/source_exports/db/effect_bonus_value_special_ability_group_junctions_tables/data__.tsv,32,recharge_rate_percentage_mod,ability_group,wh3_dlc27_lore_mists_upgraded
wh2_dlc15_hef_archmage_metal,wh2_dlc15_skill_node_set_hef_archmage_metal,wh2_dlc15_skill_node_hef_archmage_metal_generic_4,wh2_dlc15_skill_hef_archmage_absolute_control,1,wh2_dlc12_effect_magic_cooldown_all_lores,data/skill_trees/characters/high_elves/Archmage_Metal.csv,135,,ability_group_bindings,data/effect_semantics/source_exports/db/effect_bonus_value_special_ability_group_junctions_tables/data__.tsv,33,recharge_rate_percentage_mod,ability_group,wh3_dlc29_lore_undeath
wh2_dlc15_hef_archmage_metal,wh2_dlc15_skill_node_set_hef_archmage_metal,wh2_dlc15_skill_node_hef_archmage_metal_generic_4,wh2_dlc15_skill_hef_archmage_absolute_control,1,wh2_dlc12_effect_magic_cooldown_all_lores,data/skill_trees/characters/high_elves/Archmage_Metal.csv,135,,ability_group_bindings,data/effect_semantics/source_exports/db/effect_bonus_value_special_ability_group_junctions_tables/data__.tsv,34,recharge_rate_percentage_mod,ability_group,wh3_dlc29_lore_undeath_upgraded
wh2_dlc15_hef_archmage_metal,wh2_dlc15_skill_node_set_hef_archmage_metal,wh2_dlc15_skill_node_hef_archmage_metal_generic_4,wh2_dlc15_skill_hef_archmage_absolute_control,1,wh2_dlc12_effect_magic_cooldown_all_lores,data/skill_trees/characters/high_elves/Archmage_Metal.csv,135,,ability_group_bindings,data/effect_semantics/source_exports/db/effect_bonus_value_special_ability_group_junctions_tables/data__.tsv,35,recharge_rate_percentage_mod,ability_group,wh3_main_lore_nurgle
wh2_dlc15_hef_archmage_metal,wh2_dlc15_skill_node_set_hef_archmage_metal,wh2_dlc15_skill_node_hef_archmage_metal_generic_4,wh2_dlc15_skill_hef_archmage_absolute_control,1,wh2_dlc12_effect_magic_cooldown_all_lores,data/skill_trees/characters/high_elves/Archmage_Metal.csv,135,,ability_group_bindings,data/effect_semantics/source_exports/db/effect_bonus_value_special_ability_group_junctions_tables/data__.tsv,36,recharge_rate_percentage_mod,ability_group,wh3_main_lore_nurgle_upgraded
wh2_dlc15_hef_archmage_metal,wh2_dlc15_skill_node_set_hef_archmage_metal,wh2_dlc15_skill_node_hef_archmage_metal_generic_4,wh2_dlc15_skill_hef_archmage_absolute_control,1,wh2_dlc12_effect_magic_cooldown_all_lores,data/skill_trees/characters/high_elves/Archmage_Metal.csv,135,,ability_group_bindings,data/effect_semantics/source_exports/db/effect_bonus_value_special_ability_group_junctions_tables/data__.tsv,37,recharge_rate_percentage_mod,ability_group,wh3_main_lore_of_great_maw
wh2_dlc15_hef_archmage_metal,wh2_dlc15_skill_node_set_hef_archmage_metal,wh2_dlc15_skill_node_hef_archmage_metal_generic_4,wh2_dlc15_skill_hef_archmage_absolute_control,1,wh2_dlc12_effect_magic_cooldown_all_lores,data/skill_trees/characters/high_elves/Archmage_Metal.csv,135,,ability_group_bindings,data/effect_semantics/source_exports/db/effect_bonus_value_special_ability_group_junctions_tables/data__.tsv,38,recharge_rate_percentage_mod,ability_group,wh3_main_lore_of_great_maw_upgraded
wh2_dlc15_hef_archmage_metal,wh2_dlc15_skill_node_set_hef_archmage_metal,wh2_dlc15_skill_node_hef_archmage_metal_generic_4,wh2_dlc15_skill_hef_archmage_absolute_control,1,wh2_dlc12_effect_magic_cooldown_all_lores,data/skill_trees/characters/high_elves/Archmage_Metal.csv,135,,ability_group_bindings,data/effect_semantics/source_exports/db/effect_bonus_value_special_ability_group_junctions_tables/data__.tsv,39,recharge_rate_percentage_mod,ability_group,wh3_main_lore_of_ice
wh2_dlc15_hef_archmage_metal,wh2_dlc15_skill_node_set_hef_archmage_metal,wh2_dlc15_skill_node_hef_archmage_metal_generic_4,wh2_dlc15_skill_hef_archmage_absolute_control,1,wh2_dlc12_effect_magic_cooldown_all_lores,data/skill_trees/characters/high_elves/Archmage_Metal.csv,135,,ability_group_bindings,data/effect_semantics/source_exports/db/effect_bonus_value_special_ability_group_junctions_tables/data__.tsv,40,recharge_rate_percentage_mod,ability_group,wh3_main_lore_of_ice_upgraded
wh2_dlc15_hef_archmage_metal,wh2_dlc15_skill_node_set_hef_archmage_metal,wh2_dlc15_skill_node_hef_archmage_metal_generic_4,wh2_dlc15_skill_hef_archmage_absolute_control,1,wh2_dlc12_effect_magic_cooldown_all_lores,data/skill_trees/characters/high_elves/Archmage_Metal.csv,135,,ability_group_bindings,data/effect_semantics/source_exports/db/effect_bonus_value_special_ability_group_junctions_tables/data__.tsv,41,recharge_rate_percentage_mod,ability_group,wh3_main_lore_of_tempest
wh2_dlc15_hef_archmage_metal,wh2_dlc15_skill_node_set_hef_archmage_metal,wh2_dlc15_skill_node_hef_archmage_metal_generic_4,wh2_dlc15_skill_hef_archmage_absolute_control,1,wh2_dlc12_effect_magic_cooldown_all_lores,data/skill_trees/characters/high_elves/Archmage_Metal.csv,135,,ability_group_bindings,data/effect_semantics/source_exports/db/effect_bonus_value_special_ability_group_junctions_tables/data__.tsv,42,recharge_rate_percentage_mod,ability_group,wh3_main_lore_of_tempest_upgraded
wh2_dlc15_hef_archmage_metal,wh2_dlc15_skill_node_set_hef_archmage_metal,wh2_dlc15_skill_node_hef_archmage_metal_generic_4,wh2_dlc15_skill_hef_archmage_absolute_control,1,wh2_dlc12_effect_magic_cooldown_all_lores,data/skill_trees/characters/high_elves/Archmage_Metal.csv,135,,ability_group_bindings,data/effect_semantics/source_exports/db/effect_bonus_value_special_ability_group_junctions_tables/data__.tsv,43,recharge_rate_percentage_mod,ability_group,wh3_main_lore_of_yang
wh2_dlc15_hef_archmage_metal,wh2_dlc15_skill_node_set_hef_archmage_metal,wh2_dlc15_skill_node_hef_archmage_metal_generic_4,wh2_dlc15_skill_hef_archmage_absolute_control,1,wh2_dlc12_effect_magic_cooldown_all_lores,data/skill_trees/characters/high_elves/Archmage_Metal.csv,135,,ability_group_bindings,data/effect_semantics/source_exports/db/effect_bonus_value_special_ability_group_junctions_tables/data__.tsv,44,recharge_rate_percentage_mod,ability_group,wh3_main_lore_of_yang_upgraded
wh2_dlc15_hef_archmage_metal,wh2_dlc15_skill_node_set_hef_archmage_metal,wh2_dlc15_skill_node_hef_archmage_metal_generic_4,wh2_dlc15_skill_hef_archmage_absolute_control,1,wh2_dlc12_effect_magic_cooldown_all_lores,data/skill_trees/characters/high_elves/Archmage_Metal.csv,135,,ability_group_bindings,data/effect_semantics/source_exports/db/effect_bonus_value_special_ability_group_junctions_tables/data__.tsv,45,recharge_rate_percentage_mod,ability_group,wh3_main_lore_of_yin
wh2_dlc15_hef_archmage_metal,wh2_dlc15_skill_node_set_hef_archmage_metal,wh2_dlc15_skill_node_hef_archmage_metal_generic_4,wh2_dlc15_skill_hef_archmage_absolute_control,1,wh2_dlc12_effect_magic_cooldown_all_lores,data/skill_trees/characters/high_elves/Archmage_Metal.csv,135,,ability_group_bindings,data/effect_semantics/source_exports/db/effect_bonus_value_special_ability_group_junctions_tables/data__.tsv,46,recharge_rate_percentage_mod,ability_group,wh3_main_lore_of_yin_upgraded
wh2_dlc15_hef_archmage_metal,wh2_dlc15_skill_node_set_hef_archmage_metal,wh2_dlc15_skill_node_hef_archmage_metal_generic_4,wh2_dlc15_skill_hef_archmage_absolute_control,1,wh2_dlc12_effect_magic_cooldown_all_lores,data/skill_trees/characters/high_elves/Archmage_Metal.csv,135,,ability_group_bindings,data/effect_semantics/source_exports/db/effect_bonus_value_special_ability_group_junctions_tables/data__.tsv,47,recharge_rate_percentage_mod,ability_group,wh3_main_lore_slaanesh
wh2_dlc15_hef_archmage_metal,wh2_dlc15_skill_node_set_hef_archmage_metal,wh2_dlc15_skill_node_hef_archmage_metal_generic_4,wh2_dlc15_skill_hef_archmage_absolute_control,1,wh2_dlc12_effect_magic_cooldown_all_lores,data/skill_trees/characters/high_elves/Archmage_Metal.csv,135,,ability_group_bindings,data/effect_semantics/source_exports/db/effect_bonus_value_special_ability_group_junctions_tables/data__.tsv,48,recharge_rate_percentage_mod,ability_group,wh3_main_lore_slaanesh_upgraded
wh2_dlc15_hef_archmage_metal,wh2_dlc15_skill_node_set_hef_archmage_metal,wh2_dlc15_skill_node_hef_archmage_metal_generic_4,wh2_dlc15_skill_hef_archmage_absolute_control,1,wh2_dlc12_effect_magic_cooldown_all_lores,data/skill_trees/characters/high_elves/Archmage_Metal.csv,135,,ability_group_bindings,data/effect_semantics/source_exports/db/effect_bonus_value_special_ability_group_junctions_tables/data__.tsv,49,recharge_rate_percentage_mod,ability_group,wh3_main_lore_tzeentch
wh2_dlc15_hef_archmage_metal,wh2_dlc15_skill_node_set_hef_archmage_metal,wh2_dlc15_skill_node_hef_archmage_metal_generic_4,wh2_dlc15_skill_hef_archmage_absolute_control,1,wh2_dlc12_effect_magic_cooldown_all_lores,data/skill_trees/characters/high_elves/Archmage_Metal.csv,135,,ability_group_bindings,data/effect_semantics/source_exports/db/effect_bonus_value_special_ability_group_junctions_tables/data__.tsv,50,recharge_rate_percentage_mod,ability_group,wh3_main_lore_tzeentch_upgraded
wh2_dlc15_hef_archmage_metal,wh2_dlc15_skill_node_set_hef_archmage_metal,wh2_dlc15_skill_node_hef_archmage_metal_generic_4,wh2_dlc15_skill_hef_archmage_absolute_control,1,wh2_dlc12_effect_magic_cooldown_all_lores,data/skill_trees/characters/high_elves/Archmage_Metal.csv,135,,ability_group_bindings,data/effect_semantics/source_exports/db/effect_bonus_value_special_ability_group_junctions_tables/data__.tsv,51,recharge_rate_percentage_mod,ability_group,wh_dlc03_lore_beasts
wh2_dlc15_hef_archmage_metal,wh2_dlc15_skill_node_set_hef_archmage_metal,wh2_dlc15_skill_node_hef_archmage_metal_generic_4,wh2_dlc15_skill_hef_archmage_absolute_control,1,wh2_dlc12_effect_magic_cooldown_all_lores,data/skill_trees/characters/high_elves/Archmage_Metal.csv,135,,ability_group_bindings,data/effect_semantics/source_exports/db/effect_bonus_value_special_ability_group_junctions_tables/data__.tsv,52,recharge_rate_percentage_mod,ability_group,wh_dlc03_lore_beasts_upgraded
wh2_dlc15_hef_archmage_metal,wh2_dlc15_skill_node_set_hef_archmage_metal,wh2_dlc15_skill_node_hef_archmage_metal_generic_4,wh2_dlc15_skill_hef_archmage_absolute_control,1,wh2_dlc12_effect_magic_cooldown_all_lores,data/skill_trees/characters/high_elves/Archmage_Metal.csv,135,,ability_group_bindings,data/effect_semantics/source_exports/db/effect_bonus_value_special_ability_group_junctions_tables/data__.tsv,53,recharge_rate_percentage_mod,ability_group,wh_dlc03_lore_wild
wh2_dlc15_hef_archmage_metal,wh2_dlc15_skill_node_set_hef_archmage_metal,wh2_dlc15_skill_node_hef_archmage_metal_generic_4,wh2_dlc15_skill_hef_archmage_absolute_control,1,wh2_dlc12_effect_magic_cooldown_all_lores,data/skill_trees/characters/high_elves/Archmage_Metal.csv,135,,ability_group_bindings,data/effect_semantics/source_exports/db/effect_bonus_value_special_ability_group_junctions_tables/data__.tsv,54,recharge_rate_percentage_mod,ability_group,wh_dlc03_lore_wild_upgraded
wh2_dlc15_hef_archmage_metal,wh2_dlc15_skill_node_set_hef_archmage_metal,wh2_dlc15_skill_node_hef_archmage_metal_generic_4,wh2_dlc15_skill_hef_archmage_absolute_control,1,wh2_dlc12_effect_magic_cooldown_all_lores,data/skill_trees/characters/high_elves/Archmage_Metal.csv,135,,ability_group_bindings,data/effect_semantics/source_exports/db/effect_bonus_value_special_ability_group_junctions_tables/data__.tsv,55,recharge_rate_percentage_mod,ability_group,wh_dlc05_lore_life
wh2_dlc15_hef_archmage_metal,wh2_dlc15_skill_node_set_hef_archmage_metal,wh2_dlc15_skill_node_hef_archmage_metal_generic_4,wh2_dlc15_skill_hef_archmage_absolute_control,1,wh2_dlc12_effect_magic_cooldown_all_lores,data/skill_trees/characters/high_elves/Archmage_Metal.csv,135,,ability_group_bindings,data/effect_semantics/source_exports/db/effect_bonus_value_special_ability_group_junctions_tables/data__.tsv,56,recharge_rate_percentage_mod,ability_group,wh_dlc05_lore_life_upgraded
wh2_dlc15_hef_archmage_metal,wh2_dlc15_skill_node_set_hef_archmage_metal,wh2_dlc15_skill_node_hef_archmage_metal_generic_4,wh2_dlc15_skill_hef_archmage_absolute_control,1,wh2_dlc12_effect_magic_cooldown_all_lores,data/skill_trees/characters/high_elves/Archmage_Metal.csv,135,,ability_group_bindings,data/effect_semantics/source_exports/db/effect_bonus_value_special_ability_group_junctions_tables/data__.tsv,57,recharge_rate_percentage_mod,ability_group,wh_dlc05_lore_shadows
wh2_dlc15_hef_archmage_metal,wh2_dlc15_skill_node_set_hef_archmage_metal,wh2_dlc15_skill_node_hef_archmage_metal_generic_4,wh2_dlc15_skill_hef_archmage_absolute_control,1,wh2_dlc12_effect_magic_cooldown_all_lores,data/skill_trees/characters/high_elves/Archmage_Metal.csv,135,,ability_group_bindings,data/effect_semantics/source_exports/db/effect_bonus_value_special_ability_group_junctions_tables/data__.tsv,58,recharge_rate_percentage_mod,ability_group,wh_dlc05_lore_shadows_upgraded
wh2_dlc15_hef_archmage_metal,wh2_dlc15_skill_node_set_hef_archmage_metal,wh2_dlc15_skill_node_hef_archmage_metal_generic_4,wh2_dlc15_skill_hef_archmage_absolute_control,1,wh2_dlc12_effect_magic_cooldown_all_lores,data/skill_trees/characters/high_elves/Archmage_Metal.csv,135,,ability_group_bindings,data/effect_semantics/source_exports/db/effect_bonus_value_special_ability_group_junctions_tables/data__.tsv,59,recharge_rate_percentage_mod,ability_group,wh_main_lore_big_waaagh
wh2_dlc15_hef_archmage_metal,wh2_dlc15_skill_node_set_hef_archmage_metal,wh2_dlc15_skill_node_hef_archmage_metal_generic_4,wh2_dlc15_skill_hef_archmage_absolute_control,1,wh2_dlc12_effect_magic_cooldown_all_lores,data/skill_trees/characters/high_elves/Archmage_Metal.csv,135,,ability_group_bindings,data/effect_semantics/source_exports/db/effect_bonus_value_special_ability_group_junctions_tables/data__.tsv,60,recharge_rate_percentage_mod,ability_group,wh_main_lore_big_waaagh_upgraded
wh2_dlc15_hef_archmage_metal,wh2_dlc15_skill_node_set_hef_archmage_metal,wh2_dlc15_skill_node_hef_archmage_metal_generic_4,wh2_dlc15_skill_hef_archmage_absolute_control,1,wh2_dlc12_effect_magic_cooldown_all_lores,data/skill_trees/characters/high_elves/Archmage_Metal.csv,135,,ability_group_bindings,data/effect_semantics/source_exports/db/effect_bonus_value_special_ability_group_junctions_tables/data__.tsv,61,recharge_rate_percentage_mod,ability_group,wh_main_lore_death
wh2_dlc15_hef_archmage_metal,wh2_dlc15_skill_node_set_hef_archmage_metal,wh2_dlc15_skill_node_hef_archmage_metal_generic_4,wh2_dlc15_skill_hef_archmage_absolute_control,1,wh2_dlc12_effect_magic_cooldown_all_lores,data/skill_trees/characters/high_elves/Archmage_Metal.csv,135,,ability_group_bindings,data/effect_semantics/source_exports/db/effect_bonus_value_special_ability_group_junctions_tables/data__.tsv,62,recharge_rate_percentage_mod,ability_group,wh_main_lore_death_upgraded
wh2_dlc15_hef_archmage_metal,wh2_dlc15_skill_node_set_hef_archmage_metal,wh2_dlc15_skill_node_hef_archmage_metal_generic_4,wh2_dlc15_skill_hef_archmage_absolute_control,1,wh2_dlc12_effect_magic_cooldown_all_lores,data/skill_trees/characters/high_elves/Archmage_Metal.csv,135,,ability_group_bindings,data/effect_semantics/source_exports/db/effect_bonus_value_special_ability_group_junctions_tables/data__.tsv,63,recharge_rate_percentage_mod,ability_group,wh_main_lore_fire
wh2_dlc15_hef_archmage_metal,wh2_dlc15_skill_node_set_hef_archmage_metal,wh2_dlc15_skill_node_hef_archmage_metal_generic_4,wh2_dlc15_skill_hef_archmage_absolute_control,1,wh2_dlc12_effect_magic_cooldown_all_lores,data/skill_trees/characters/high_elves/Archmage_Metal.csv,135,,ability_group_bindings,data/effect_semantics/source_exports/db/effect_bonus_value_special_ability_group_junctions_tables/data__.tsv,64,recharge_rate_percentage_mod,ability_group,wh_main_lore_fire_upgraded
wh2_dlc15_hef_archmage_metal,wh2_dlc15_skill_node_set_hef_archmage_metal,wh2_dlc15_skill_node_hef_archmage_metal_generic_4,wh2_dlc15_skill_hef_archmage_absolute_control,1,wh2_dlc12_effect_magic_cooldown_all_lores,data/skill_trees/characters/high_elves/Archmage_Metal.csv,135,,ability_group_bindings,data/effect_semantics/source_exports/db/effect_bonus_value_special_ability_group_junctions_tables/data__.tsv,65,recharge_rate_percentage_mod,ability_group,wh_main_lore_heavens
wh2_dlc15_hef_archmage_metal,wh2_dlc15_skill_node_set_hef_archmage_metal,wh2_dlc15_skill_node_hef_archmage_metal_generic_4,wh2_dlc15_skill_hef_archmage_absolute_control,1,wh2_dlc12_effect_magic_cooldown_all_lores,data/skill_trees/characters/high_elves/Archmage_Metal.csv,135,,ability_group_bindings,data/effect_semantics/source_exports/db/effect_bonus_value_special_ability_group_junctions_tables/data__.tsv,66,recharge_rate_percentage_mod,ability_group,wh_main_lore_heavens_upgraded
wh2_dlc15_hef_archmage_metal,wh2_dlc15_skill_node_set_hef_archmage_metal,wh2_dlc15_skill_node_hef_archmage_metal_generic_4,wh2_dlc15_skill_hef_archmage_absolute_control,1,wh2_dlc12_effect_magic_cooldown_all_lores,data/skill_trees/characters/high_elves/Archmage_Metal.csv,135,,ability_group_bindings,data/effect_semantics/source_exports/db/effect_bonus_value_special_ability_group_junctions_tables/data__.tsv,67,recharge_rate_percentage_mod,ability_group,wh_main_lore_light
wh2_dlc15_hef_archmage_metal,wh2_dlc15_skill_node_set_hef_archmage_metal,wh2_dlc15_skill_node_hef_archmage_metal_generic_4,wh2_dlc15_skill_hef_archmage_absolute_control,1,wh2_dlc12_effect_magic_cooldown_all_lores,data/skill_trees/characters/high_elves/Archmage_Metal.csv,135,,ability_group_bindings,data/effect_semantics/source_exports/db/effect_bonus_value_special_ability_group_junctions_tables/data__.tsv,68,recharge_rate_percentage_mod,ability_group,wh_main_lore_light_upgraded
wh2_dlc15_hef_archmage_metal,wh2_dlc15_skill_node_set_hef_archmage_metal,wh2_dlc15_skill_node_hef_archmage_metal_generic_4,wh2_dlc15_skill_hef_archmage_absolute_control,1,wh2_dlc12_effect_magic_cooldown_all_lores,data/skill_trees/characters/high_elves/Archmage_Metal.csv,135,,ability_group_bindings,data/effect_semantics/source_exports/db/effect_bonus_value_special_ability_group_junctions_tables/data__.tsv,69,recharge_rate_percentage_mod,ability_group,wh_main_lore_lil_waaagh
wh2_dlc15_hef_archmage_metal,wh2_dlc15_skill_node_set_hef_archmage_metal,wh2_dlc15_skill_node_hef_archmage_metal_generic_4,wh2_dlc15_skill_hef_archmage_absolute_control,1,wh2_dlc12_effect_magic_cooldown_all_lores,data/skill_trees/characters/high_elves/Archmage_Metal.csv,135,,ability_group_bindings,data/effect_semantics/source_exports/db/effect_bonus_value_special_ability_group_junctions_tables/data__.tsv,70,recharge_rate_percentage_mod,ability_group,wh_main_lore_lil_waaagh_upgraded
wh2_dlc15_hef_archmage_metal,wh2_dlc15_skill_node_set_hef_archmage_metal,wh2_dlc15_skill_node_hef_archmage_metal_generic_4,wh2_dlc15_skill_hef_archmage_absolute_control,1,wh2_dlc12_effect_magic_cooldown_all_lores,data/skill_trees/characters/high_elves/Archmage_Metal.csv,135,,ability_group_bindings,data/effect_semantics/source_exports/db/effect_bonus_value_special_ability_group_junctions_tables/data__.tsv,71,recharge_rate_percentage_mod,ability_group,wh_main_lore_metal
wh2_dlc15_hef_archmage_metal,wh2_dlc15_skill_node_set_hef_archmage_metal,wh2_dlc15_skill_node_hef_archmage_metal_generic_4,wh2_dlc15_skill_hef_archmage_absolute_control,1,wh2_dlc12_effect_magic_cooldown_all_lores,data/skill_trees/characters/high_elves/Archmage_Metal.csv,135,,ability_group_bindings,data/effect_semantics/source_exports/db/effect_bonus_value_special_ability_group_junctions_tables/data__.tsv,72,recharge_rate_percentage_mod,ability_group,wh_main_lore_metal_upgraded
wh2_dlc15_hef_archmage_metal,wh2_dlc15_skill_node_set_hef_archmage_metal,wh2_dlc15_skill_node_hef_archmage_metal_generic_4,wh2_dlc15_skill_hef_archmage_absolute_control,1,wh2_dlc12_effect_magic_cooldown_all_lores,data/skill_trees/characters/high_elves/Archmage_Metal.csv,135,,ability_group_bindings,data/effect_semantics/source_exports/db/effect_bonus_value_special_ability_group_junctions_tables/data__.tsv,73,recharge_rate_percentage_mod,ability_group,wh_main_lore_vampires
wh2_dlc15_hef_archmage_metal,wh2_dlc15_skill_node_set_hef_archmage_metal,wh2_dlc15_skill_node_hef_archmage_metal_generic_4,wh2_dlc15_skill_hef_archmage_absolute_control,1,wh2_dlc12_effect_magic_cooldown_all_lores,data/skill_trees/characters/high_elves/Archmage_Metal.csv,135,,ability_group_bindings,data/effect_semantics/source_exports/db/effect_bonus_value_special_ability_group_junctions_tables/data__.tsv,74,recharge_rate_percentage_mod,ability_group,wh_main_lore_vampires_upgraded
wh2_dlc15_hef_archmage_metal,wh2_dlc15_skill_node_set_hef_archmage_metal,wh2_dlc15_skill_node_hef_archmage_metal_generic_4,wh2_dlc15_skill_hef_archmage_absolute_control,1,wh2_dlc14_effect_magic_cost_all_lores_percentage,data/skill_trees/characters/high_elves/Archmage_Metal.csv,136,,ability_group_bindings,data/effect_semantics/source_exports/db/effect_bonus_value_special_ability_group_junctions_tables/data__.tsv,93,cost_percentage_mod,ability_group,wh2_dlc09_lore_nehekhara
wh2_dlc15_hef_archmage_metal,wh2_dlc15_skill_node_set_hef_archmage_metal,wh2_dlc15_skill_node_hef_archmage_metal_generic_4,wh2_dlc15_skill_hef_archmage_absolute_control,1,wh2_dlc14_effect_magic_cost_all_lores_percentage,data/skill_trees/characters/high_elves/Archmage_Metal.csv,136,,ability_group_bindings,data/effect_semantics/source_exports/db/effect_bonus_value_special_ability_group_junctions_tables/data__.tsv,94,cost_percentage_mod,ability_group,wh2_dlc09_lore_nehekhara_upgraded
wh2_dlc15_hef_archmage_metal,wh2_dlc15_skill_node_set_hef_archmage_metal,wh2_dlc15_skill_node_hef_archmage_metal_generic_4,wh2_dlc15_skill_hef_archmage_absolute_control,1,wh2_dlc14_effect_magic_cost_all_lores_percentage,data/skill_trees/characters/high_elves/Archmage_Metal.csv,136,,ability_group_bindings,data/effect_semantics/source_exports/db/effect_bonus_value_special_ability_group_junctions_tables/data__.tsv,95,cost_percentage_mod,ability_group,wh2_dlc11_lore_deep
wh2_dlc15_hef_archmage_metal,wh2_dlc15_skill_node_set_hef_archmage_metal,wh2_dlc15_skill_node_hef_archmage_metal_generic_4,wh2_dlc15_skill_hef_archmage_absolute_control,1,wh2_dlc14_effect_magic_cost_all_lores_percentage,data/skill_trees/characters/high_elves/Archmage_Metal.csv,136,,ability_group_bindings,data/effect_semantics/source_exports/db/effect_bonus_value_special_ability_group_junctions_tables/data__.tsv,96,cost_percentage_mod,ability_group,wh2_dlc11_lore_deep_upgraded
wh2_dlc15_hef_archmage_metal,wh2_dlc15_skill_node_set_hef_archmage_metal,wh2_dlc15_skill_node_hef_archmage_metal_generic_4,wh2_dlc15_skill_hef_archmage_absolute_control,1,wh2_dlc14_effect_magic_cost_all_lores_percentage,data/skill_trees/characters/high_elves/Archmage_Metal.csv,136,,ability_group_bindings,data/effect_semantics/source_exports/db/effect_bonus_value_special_ability_group_junctions_tables/data__.tsv,97,cost_percentage_mod,ability_group,wh2_dlc12_lore_lord_kroak
wh2_dlc15_hef_archmage_metal,wh2_dlc15_skill_node_set_hef_archmage_metal,wh2_dlc15_skill_node_hef_archmage_metal_generic_4,wh2_dlc15_skill_hef_archmage_absolute_control,1,wh2_dlc14_effect_magic_cost_all_lores_percentage,data/skill_trees/characters/high_elves/Archmage_Metal.csv,136,,ability_group_bindings,data/effect_semantics/source_exports/db/effect_bonus_value_special_ability_group_junctions_tables/data__.tsv,98,cost_percentage_mod,ability_group,wh2_dlc14_lore_stealth
wh2_dlc15_hef_archmage_metal,wh2_dlc15_skill_node_set_hef_archmage_metal,wh2_dlc15_skill_node_hef_archmage_metal_generic_4,wh2_dlc15_skill_hef_archmage_absolute_control,1,wh2_dlc14_effect_magic_cost_all_lores_percentage,data/skill_trees/characters/high_elves/Archmage_Metal.csv,136,,ability_group_bindings,data/effect_semantics/source_exports/db/effect_bonus_value_special_ability_group_junctions_tables/data__.tsv,99,cost_percentage_mod,ability_group,wh2_dlc14_lore_stealth_upgraded
wh2_dlc15_hef_archmage_metal,wh2_dlc15_skill_node_set_hef_archmage_metal,wh2_dlc15_skill_node_hef_archmage_metal_generic_4,wh2_dlc15_skill_hef_archmage_absolute_control,1,wh2_dlc14_effect_magic_cost_all_lores_percentage,data/skill_trees/characters/high_elves/Archmage_Metal.csv,136,,ability_group_bindings,data/effect_semantics/source_exports/db/effect_bonus_value_special_ability_group_junctions_tables/data__.tsv,100,cost_percentage_mod,ability_group,wh2_main_lore_dark_magic
wh2_dlc15_hef_archmage_metal,wh2_dlc15_skill_node_set_hef_archmage_metal,wh2_dlc15_skill_node_hef_archmage_metal_generic_4,wh2_dlc15_skill_hef_archmage_absolute_control,1,wh2_dlc14_effect_magic_cost_all_lores_percentage,data/skill_trees/characters/high_elves/Archmage_Metal.csv,136,,ability_group_bindings,data/effect_semantics/source_exports/db/effect_bonus_value_special_ability_group_junctions_tables/data__.tsv,101,cost_percentage_mod,ability_group,wh2_main_lore_dark_magic_upgraded
wh2_dlc15_hef_archmage_metal,wh2_dlc15_skill_node_set_hef_archmage_metal,wh2_dlc15_skill_node_hef_archmage_metal_generic_4,wh2_dlc15_skill_hef_archmage_absolute_control,1,wh2_dlc14_effect_magic_cost_all_lores_percentage,data/skill_trees/characters/high_elves/Archmage_Metal.csv,136,,ability_group_bindings,data/effect_semantics/source_exports/db/effect_bonus_value_special_ability_group_junctions_tables/data__.tsv,102,cost_percentage_mod,ability_group,wh2_main_lore_high_magic
wh2_dlc15_hef_archmage_metal,wh2_dlc15_skill_node_set_hef_archmage_metal,wh2_dlc15_skill_node_hef_archmage_metal_generic_4,wh2_dlc15_skill_hef_archmage_absolute_control,1,wh2_dlc14_effect_magic_cost_all_lores_percentage,data/skill_trees/characters/high_elves/Archmage_Metal.csv,136,,ability_group_bindings,data/effect_semantics/source_exports/db/effect_bonus_value_special_ability_group_junctions_tables/data__.tsv,103,cost_percentage_mod,ability_group,wh2_main_lore_high_magic_upgraded
wh2_dlc15_hef_archmage_metal,wh2_dlc15_skill_node_set_hef_archmage_metal,wh2_dlc15_skill_node_hef_archmage_metal_generic_4,wh2_dlc15_skill_hef_archmage_absolute_control,1,wh2_dlc14_effect_magic_cost_all_lores_percentage,data/skill_trees/characters/high_elves/Archmage_Metal.csv,136,,ability_group_bindings,data/effect_semantics/source_exports/db/effect_bonus_value_special_ability_group_junctions_tables/data__.tsv,104,cost_percentage_mod,ability_group,wh2_main_lore_plague
wh2_dlc15_hef_archmage_metal,wh2_dlc15_skill_node_set_hef_archmage_metal,wh2_dlc15_skill_node_hef_archmage_metal_generic_4,wh2_dlc15_skill_hef_archmage_absolute_control,1,wh2_dlc14_effect_magic_cost_all_lores_percentage,data/skill_trees/characters/high_elves/Archmage_Metal.csv,136,,ability_group_bindings,data/effect_semantics/source_exports/db/effect_bonus_value_special_ability_group_junctions_tables/data__.tsv,105,cost_percentage_mod,ability_group,wh2_main_lore_plague_upgraded
wh2_dlc15_hef_archmage_metal,wh2_dlc15_skill_node_set_hef_archmage_metal,wh2_dlc15_skill_node_hef_archmage_metal_generic_4,wh2_dlc15_skill_hef_archmage_absolute_control,1,wh2_dlc14_effect_magic_cost_all_lores_percentage,data/skill_trees/characters/high_elves/Archmage_Metal.csv,136,,ability_group_bindings,data/effect_semantics/source_exports/db/effect_bonus_value_special_ability_group_junctions_tables/data__.tsv,106,cost_percentage_mod,ability_group,wh2_main_lore_ruin
wh2_dlc15_hef_archmage_metal,wh2_dlc15_skill_node_set_hef_archmage_metal,wh2_dlc15_skill_node_hef_archmage_metal_generic_4,wh2_dlc15_skill_hef_archmage_absolute_control,1,wh2_dlc14_effect_magic_cost_all_lores_percentage,data/skill_trees/characters/high_elves/Archmage_Metal.csv,136,,ability_group_bindings,data/effect_semantics/source_exports/db/effect_bonus_value_special_ability_group_junctions_tables/data__.tsv,107,cost_percentage_mod,ability_group,wh2_main_lore_ruin_upgraded
wh2_dlc15_hef_archmage_metal,wh2_dlc15_skill_node_set_hef_archmage_metal,wh2_dlc15_skill_node_hef_archmage_metal_generic_4,wh2_dlc15_skill_hef_archmage_absolute_control,1,wh2_dlc14_effect_magic_cost_all_lores_percentage,data/skill_trees/characters/high_elves/Archmage_Metal.csv,136,,ability_group_bindings,data/effect_semantics/source_exports/db/effect_bonus_value_special_ability_group_junctions_tables/data__.tsv,108,cost_percentage_mod,ability_group,wh3_dlc23_lore_hashut
wh2_dlc15_hef_archmage_metal,wh2_dlc15_skill_node_set_hef_archmage_metal,wh2_dlc15_skill_node_hef_archmage_metal_generic_4,wh2_dlc15_skill_hef_archmage_absolute_control,1,wh2_dlc14_effect_magic_cost_all_lores_percentage,data/skill_trees/characters/high_elves/Archmage_Metal.csv,136,,ability_group_bindings,data/effect_semantics/source_exports/db/effect_bonus_value_special_ability_group_junctions_tables/data__.tsv,109,cost_percentage_mod,ability_group,wh3_dlc23_lore_hashut_upgraded
wh2_dlc15_hef_archmage_metal,wh2_dlc15_skill_node_set_hef_archmage_metal,wh2_dlc15_skill_node_hef_archmage_metal_generic_4,wh2_dlc15_skill_hef_archmage_absolute_control,1,wh2_dlc14_effect_magic_cost_all_lores_percentage,data/skill_trees/characters/high_elves/Archmage_Metal.csv,136,,ability_group_bindings,data/effect_semantics/source_exports/db/effect_bonus_value_special_ability_group_junctions_tables/data__.tsv,110,cost_percentage_mod,ability_group,wh3_dlc24_lore_hag
wh2_dlc15_hef_archmage_metal,wh2_dlc15_skill_node_set_hef_archmage_metal,wh2_dlc15_skill_node_hef_archmage_metal_generic_4,wh2_dlc15_skill_hef_archmage_absolute_control,1,wh2_dlc14_effect_magic_cost_all_lores_percentage,data/skill_trees/characters/high_elves/Archmage_Metal.csv,136,,ability_group_bindings,data/effect_semantics/source_exports/db/effect_bonus_value_special_ability_group_junctions_tables/data__.tsv,111,cost_percentage_mod,ability_group,wh3_dlc24_lore_hag_upgraded
wh2_dlc15_hef_archmage_metal,wh2_dlc15_skill_node_set_hef_archmage_metal,wh2_dlc15_skill_node_hef_archmage_metal_generic_4,wh2_dlc15_skill_hef_archmage_absolute_control,1,wh2_dlc14_effect_magic_cost_all_lores_percentage,data/skill_trees/characters/high_elves/Archmage_Metal.csv,136,,ability_group_bindings,data/effect_semantics/source_exports/db/effect_bonus_value_special_ability_group_junctions_tables/data__.tsv,112,cost_percentage_mod,ability_group,wh3_dlc27_lore_mists
wh2_dlc15_hef_archmage_metal,wh2_dlc15_skill_node_set_hef_archmage_metal,wh2_dlc15_skill_node_hef_archmage_metal_generic_4,wh2_dlc15_skill_hef_archmage_absolute_control,1,wh2_dlc14_effect_magic_cost_all_lores_percentage,data/skill_trees/characters/high_elves/Archmage_Metal.csv,136,,ability_group_bindings,data/effect_semantics/source_exports/db/effect_bonus_value_special_ability_group_junctions_tables/data__.tsv,113,cost_percentage_mod,ability_group,wh3_dlc27_lore_mists_upgraded
wh2_dlc15_hef_archmage_metal,wh2_dlc15_skill_node_set_hef_archmage_metal,wh2_dlc15_skill_node_hef_archmage_metal_generic_4,wh2_dlc15_skill_hef_archmage_absolute_control,1,wh2_dlc14_effect_magic_cost_all_lores_percentage,data/skill_trees/characters/high_elves/Archmage_Metal.csv,136,,ability_group_bindings,data/effect_semantics/source_exports/db/effect_bonus_value_special_ability_group_junctions_tables/data__.tsv,114,cost_percentage_mod,ability_group,wh3_dlc29_lore_undeath
wh2_dlc15_hef_archmage_metal,wh2_dlc15_skill_node_set_hef_archmage_metal,wh2_dlc15_skill_node_hef_archmage_metal_generic_4,wh2_dlc15_skill_hef_archmage_absolute_control,1,wh2_dlc14_effect_magic_cost_all_lores_percentage,data/skill_trees/characters/high_elves/Archmage_Metal.csv,136,,ability_group_bindings,data/effect_semantics/source_exports/db/effect_bonus_value_special_ability_group_junctions_tables/data__.tsv,115,cost_percentage_mod,ability_group,wh3_dlc29_lore_undeath_upgraded
wh2_dlc15_hef_archmage_metal,wh2_dlc15_skill_node_set_hef_archmage_metal,wh2_dlc15_skill_node_hef_archmage_metal_generic_4,wh2_dlc15_skill_hef_archmage_absolute_control,1,wh2_dlc14_effect_magic_cost_all_lores_percentage,data/skill_trees/characters/high_elves/Archmage_Metal.csv,136,,ability_group_bindings,data/effect_semantics/source_exports/db/effect_bonus_value_special_ability_group_junctions_tables/data__.tsv,116,cost_percentage_mod,ability_group,wh3_main_lore_nurgle
wh2_dlc15_hef_archmage_metal,wh2_dlc15_skill_node_set_hef_archmage_metal,wh2_dlc15_skill_node_hef_archmage_metal_generic_4,wh2_dlc15_skill_hef_archmage_absolute_control,1,wh2_dlc14_effect_magic_cost_all_lores_percentage,data/skill_trees/characters/high_elves/Archmage_Metal.csv,136,,ability_group_bindings,data/effect_semantics/source_exports/db/effect_bonus_value_special_ability_group_junctions_tables/data__.tsv,117,cost_percentage_mod,ability_group,wh3_main_lore_nurgle_upgraded
wh2_dlc15_hef_archmage_metal,wh2_dlc15_skill_node_set_hef_archmage_metal,wh2_dlc15_skill_node_hef_archmage_metal_generic_4,wh2_dlc15_skill_hef_archmage_absolute_control,1,wh2_dlc14_effect_magic_cost_all_lores_percentage,data/skill_trees/characters/high_elves/Archmage_Metal.csv,136,,ability_group_bindings,data/effect_semantics/source_exports/db/effect_bonus_value_special_ability_group_junctions_tables/data__.tsv,118,cost_percentage_mod,ability_group,wh3_main_lore_of_great_maw
wh2_dlc15_hef_archmage_metal,wh2_dlc15_skill_node_set_hef_archmage_metal,wh2_dlc15_skill_node_hef_archmage_metal_generic_4,wh2_dlc15_skill_hef_archmage_absolute_control,1,wh2_dlc14_effect_magic_cost_all_lores_percentage,data/skill_trees/characters/high_elves/Archmage_Metal.csv,136,,ability_group_bindings,data/effect_semantics/source_exports/db/effect_bonus_value_special_ability_group_junctions_tables/data__.tsv,119,cost_percentage_mod,ability_group,wh3_main_lore_of_great_maw_upgraded
wh2_dlc15_hef_archmage_metal,wh2_dlc15_skill_node_set_hef_archmage_metal,wh2_dlc15_skill_node_hef_archmage_metal_generic_4,wh2_dlc15_skill_hef_archmage_absolute_control,1,wh2_dlc14_effect_magic_cost_all_lores_percentage,data/skill_trees/characters/high_elves/Archmage_Metal.csv,136,,ability_group_bindings,data/effect_semantics/source_exports/db/effect_bonus_value_special_ability_group_junctions_tables/data__.tsv,120,cost_percentage_mod,ability_group,wh3_main_lore_of_ice
wh2_dlc15_hef_archmage_metal,wh2_dlc15_skill_node_set_hef_archmage_metal,wh2_dlc15_skill_node_hef_archmage_metal_generic_4,wh2_dlc15_skill_hef_archmage_absolute_control,1,wh2_dlc14_effect_magic_cost_all_lores_percentage,data/skill_trees/characters/high_elves/Archmage_Metal.csv,136,,ability_group_bindings,data/effect_semantics/source_exports/db/effect_bonus_value_special_ability_group_junctions_tables/data__.tsv,121,cost_percentage_mod,ability_group,wh3_main_lore_of_ice_upgraded
wh2_dlc15_hef_archmage_metal,wh2_dlc15_skill_node_set_hef_archmage_metal,wh2_dlc15_skill_node_hef_archmage_metal_generic_4,wh2_dlc15_skill_hef_archmage_absolute_control,1,wh2_dlc14_effect_magic_cost_all_lores_percentage,data/skill_trees/characters/high_elves/Archmage_Metal.csv,136,,ability_group_bindings,data/effect_semantics/source_exports/db/effect_bonus_value_special_ability_group_junctions_tables/data__.tsv,122,cost_percentage_mod,ability_group,wh3_main_lore_of_tempest
wh2_dlc15_hef_archmage_metal,wh2_dlc15_skill_node_set_hef_archmage_metal,wh2_dlc15_skill_node_hef_archmage_metal_generic_4,wh2_dlc15_skill_hef_archmage_absolute_control,1,wh2_dlc14_effect_magic_cost_all_lores_percentage,data/skill_trees/characters/high_elves/Archmage_Metal.csv,136,,ability_group_bindings,data/effect_semantics/source_exports/db/effect_bonus_value_special_ability_group_junctions_tables/data__.tsv,123,cost_percentage_mod,ability_group,wh3_main_lore_of_tempest_upgraded
wh2_dlc15_hef_archmage_metal,wh2_dlc15_skill_node_set_hef_archmage_metal,wh2_dlc15_skill_node_hef_archmage_metal_generic_4,wh2_dlc15_skill_hef_archmage_absolute_control,1,wh2_dlc14_effect_magic_cost_all_lores_percentage,data/skill_trees/characters/high_elves/Archmage_Metal.csv,136,,ability_group_bindings,data/effect_semantics/source_exports/db/effect_bonus_value_special_ability_group_junctions_tables/data__.tsv,124,cost_percentage_mod,ability_group,wh3_main_lore_of_yang
wh2_dlc15_hef_archmage_metal,wh2_dlc15_skill_node_set_hef_archmage_metal,wh2_dlc15_skill_node_hef_archmage_metal_generic_4,wh2_dlc15_skill_hef_archmage_absolute_control,1,wh2_dlc14_effect_magic_cost_all_lores_percentage,data/skill_trees/characters/high_elves/Archmage_Metal.csv,136,,ability_group_bindings,data/effect_semantics/source_exports/db/effect_bonus_value_special_ability_group_junctions_tables/data__.tsv,125,cost_percentage_mod,ability_group,wh3_main_lore_of_yang_upgraded
wh2_dlc15_hef_archmage_metal,wh2_dlc15_skill_node_set_hef_archmage_metal,wh2_dlc15_skill_node_hef_archmage_metal_generic_4,wh2_dlc15_skill_hef_archmage_absolute_control,1,wh2_dlc14_effect_magic_cost_all_lores_percentage,data/skill_trees/characters/high_elves/Archmage_Metal.csv,136,,ability_group_bindings,data/effect_semantics/source_exports/db/effect_bonus_value_special_ability_group_junctions_tables/data__.tsv,126,cost_percentage_mod,ability_group,wh3_main_lore_of_yin
wh2_dlc15_hef_archmage_metal,wh2_dlc15_skill_node_set_hef_archmage_metal,wh2_dlc15_skill_node_hef_archmage_metal_generic_4,wh2_dlc15_skill_hef_archmage_absolute_control,1,wh2_dlc14_effect_magic_cost_all_lores_percentage,data/skill_trees/characters/high_elves/Archmage_Metal.csv,136,,ability_group_bindings,data/effect_semantics/source_exports/db/effect_bonus_value_special_ability_group_junctions_tables/data__.tsv,127,cost_percentage_mod,ability_group,wh3_main_lore_of_yin_upgraded
wh2_dlc15_hef_archmage_metal,wh2_dlc15_skill_node_set_hef_archmage_metal,wh2_dlc15_skill_node_hef_archmage_metal_generic_4,wh2_dlc15_skill_hef_archmage_absolute_control,1,wh2_dlc14_effect_magic_cost_all_lores_percentage,data/skill_trees/characters/high_elves/Archmage_Metal.csv,136,,ability_group_bindings,data/effect_semantics/source_exports/db/effect_bonus_value_special_ability_group_junctions_tables/data__.tsv,128,cost_percentage_mod,ability_group,wh3_main_lore_slaanesh
wh2_dlc15_hef_archmage_metal,wh2_dlc15_skill_node_set_hef_archmage_metal,wh2_dlc15_skill_node_hef_archmage_metal_generic_4,wh2_dlc15_skill_hef_archmage_absolute_control,1,wh2_dlc14_effect_magic_cost_all_lores_percentage,data/skill_trees/characters/high_elves/Archmage_Metal.csv,136,,ability_group_bindings,data/effect_semantics/source_exports/db/effect_bonus_value_special_ability_group_junctions_tables/data__.tsv,129,cost_percentage_mod,ability_group,wh3_main_lore_slaanesh_upgraded
wh2_dlc15_hef_archmage_metal,wh2_dlc15_skill_node_set_hef_archmage_metal,wh2_dlc15_skill_node_hef_archmage_metal_generic_4,wh2_dlc15_skill_hef_archmage_absolute_control,1,wh2_dlc14_effect_magic_cost_all_lores_percentage,data/skill_trees/characters/high_elves/Archmage_Metal.csv,136,,ability_group_bindings,data/effect_semantics/source_exports/db/effect_bonus_value_special_ability_group_junctions_tables/data__.tsv,130,cost_percentage_mod,ability_group,wh3_main_lore_tzeentch
wh2_dlc15_hef_archmage_metal,wh2_dlc15_skill_node_set_hef_archmage_metal,wh2_dlc15_skill_node_hef_archmage_metal_generic_4,wh2_dlc15_skill_hef_archmage_absolute_control,1,wh2_dlc14_effect_magic_cost_all_lores_percentage,data/skill_trees/characters/high_elves/Archmage_Metal.csv,136,,ability_group_bindings,data/effect_semantics/source_exports/db/effect_bonus_value_special_ability_group_junctions_tables/data__.tsv,131,cost_percentage_mod,ability_group,wh3_main_lore_tzeentch_upgraded
wh2_dlc15_hef_archmage_metal,wh2_dlc15_skill_node_set_hef_archmage_metal,wh2_dlc15_skill_node_hef_archmage_metal_generic_4,wh2_dlc15_skill_hef_archmage_absolute_control,1,wh2_dlc14_effect_magic_cost_all_lores_percentage,data/skill_trees/characters/high_elves/Archmage_Metal.csv,136,,ability_group_bindings,data/effect_semantics/source_exports/db/effect_bonus_value_special_ability_group_junctions_tables/data__.tsv,132,cost_percentage_mod,ability_group,wh_dlc03_lore_beasts
wh2_dlc15_hef_archmage_metal,wh2_dlc15_skill_node_set_hef_archmage_metal,wh2_dlc15_skill_node_hef_archmage_metal_generic_4,wh2_dlc15_skill_hef_archmage_absolute_control,1,wh2_dlc14_effect_magic_cost_all_lores_percentage,data/skill_trees/characters/high_elves/Archmage_Metal.csv,136,,ability_group_bindings,data/effect_semantics/source_exports/db/effect_bonus_value_special_ability_group_junctions_tables/data__.tsv,133,cost_percentage_mod,ability_group,wh_dlc03_lore_beasts_upgraded
wh2_dlc15_hef_archmage_metal,wh2_dlc15_skill_node_set_hef_archmage_metal,wh2_dlc15_skill_node_hef_archmage_metal_generic_4,wh2_dlc15_skill_hef_archmage_absolute_control,1,wh2_dlc14_effect_magic_cost_all_lores_percentage,data/skill_trees/characters/high_elves/Archmage_Metal.csv,136,,ability_group_bindings,data/effect_semantics/source_exports/db/effect_bonus_value_special_ability_group_junctions_tables/data__.tsv,134,cost_percentage_mod,ability_group,wh_dlc03_lore_wild
wh2_dlc15_hef_archmage_metal,wh2_dlc15_skill_node_set_hef_archmage_metal,wh2_dlc15_skill_node_hef_archmage_metal_generic_4,wh2_dlc15_skill_hef_archmage_absolute_control,1,wh2_dlc14_effect_magic_cost_all_lores_percentage,data/skill_trees/characters/high_elves/Archmage_Metal.csv,136,,ability_group_bindings,data/effect_semantics/source_exports/db/effect_bonus_value_special_ability_group_junctions_tables/data__.tsv,135,cost_percentage_mod,ability_group,wh_dlc03_lore_wild_upgraded
wh2_dlc15_hef_archmage_metal,wh2_dlc15_skill_node_set_hef_archmage_metal,wh2_dlc15_skill_node_hef_archmage_metal_generic_4,wh2_dlc15_skill_hef_archmage_absolute_control,1,wh2_dlc14_effect_magic_cost_all_lores_percentage,data/skill_trees/characters/high_elves/Archmage_Metal.csv,136,,ability_group_bindings,data/effect_semantics/source_exports/db/effect_bonus_value_special_ability_group_junctions_tables/data__.tsv,136,cost_percentage_mod,ability_group,wh_dlc05_lore_life
wh2_dlc15_hef_archmage_metal,wh2_dlc15_skill_node_set_hef_archmage_metal,wh2_dlc15_skill_node_hef_archmage_metal_generic_4,wh2_dlc15_skill_hef_archmage_absolute_control,1,wh2_dlc14_effect_magic_cost_all_lores_percentage,data/skill_trees/characters/high_elves/Archmage_Metal.csv,136,,ability_group_bindings,data/effect_semantics/source_exports/db/effect_bonus_value_special_ability_group_junctions_tables/data__.tsv,137,cost_percentage_mod,ability_group,wh_dlc05_lore_life_upgraded
wh2_dlc15_hef_archmage_metal,wh2_dlc15_skill_node_set_hef_archmage_metal,wh2_dlc15_skill_node_hef_archmage_metal_generic_4,wh2_dlc15_skill_hef_archmage_absolute_control,1,wh2_dlc14_effect_magic_cost_all_lores_percentage,data/skill_trees/characters/high_elves/Archmage_Metal.csv,136,,ability_group_bindings,data/effect_semantics/source_exports/db/effect_bonus_value_special_ability_group_junctions_tables/data__.tsv,138,cost_percentage_mod,ability_group,wh_dlc05_lore_shadows
wh2_dlc15_hef_archmage_metal,wh2_dlc15_skill_node_set_hef_archmage_metal,wh2_dlc15_skill_node_hef_archmage_metal_generic_4,wh2_dlc15_skill_hef_archmage_absolute_control,1,wh2_dlc14_effect_magic_cost_all_lores_percentage,data/skill_trees/characters/high_elves/Archmage_Metal.csv,136,,ability_group_bindings,data/effect_semantics/source_exports/db/effect_bonus_value_special_ability_group_junctions_tables/data__.tsv,139,cost_percentage_mod,ability_group,wh_dlc05_lore_shadows_upgraded
wh2_dlc15_hef_archmage_metal,wh2_dlc15_skill_node_set_hef_archmage_metal,wh2_dlc15_skill_node_hef_archmage_metal_generic_4,wh2_dlc15_skill_hef_archmage_absolute_control,1,wh2_dlc14_effect_magic_cost_all_lores_percentage,data/skill_trees/characters/high_elves/Archmage_Metal.csv,136,,ability_group_bindings,data/effect_semantics/source_exports/db/effect_bonus_value_special_ability_group_junctions_tables/data__.tsv,140,cost_percentage_mod,ability_group,wh_main_lore_big_waaagh
wh2_dlc15_hef_archmage_metal,wh2_dlc15_skill_node_set_hef_archmage_metal,wh2_dlc15_skill_node_hef_archmage_metal_generic_4,wh2_dlc15_skill_hef_archmage_absolute_control,1,wh2_dlc14_effect_magic_cost_all_lores_percentage,data/skill_trees/characters/high_elves/Archmage_Metal.csv,136,,ability_group_bindings,data/effect_semantics/source_exports/db/effect_bonus_value_special_ability_group_junctions_tables/data__.tsv,141,cost_percentage_mod,ability_group,wh_main_lore_big_waaagh_upgraded
wh2_dlc15_hef_archmage_metal,wh2_dlc15_skill_node_set_hef_archmage_metal,wh2_dlc15_skill_node_hef_archmage_metal_generic_4,wh2_dlc15_skill_hef_archmage_absolute_control,1,wh2_dlc14_effect_magic_cost_all_lores_percentage,data/skill_trees/characters/high_elves/Archmage_Metal.csv,136,,ability_group_bindings,data/effect_semantics/source_exports/db/effect_bonus_value_special_ability_group_junctions_tables/data__.tsv,142,cost_percentage_mod,ability_group,wh_main_lore_death
wh2_dlc15_hef_archmage_metal,wh2_dlc15_skill_node_set_hef_archmage_metal,wh2_dlc15_skill_node_hef_archmage_metal_generic_4,wh2_dlc15_skill_hef_archmage_absolute_control,1,wh2_dlc14_effect_magic_cost_all_lores_percentage,data/skill_trees/characters/high_elves/Archmage_Metal.csv,136,,ability_group_bindings,data/effect_semantics/source_exports/db/effect_bonus_value_special_ability_group_junctions_tables/data__.tsv,143,cost_percentage_mod,ability_group,wh_main_lore_death_upgraded
wh2_dlc15_hef_archmage_metal,wh2_dlc15_skill_node_set_hef_archmage_metal,wh2_dlc15_skill_node_hef_archmage_metal_generic_4,wh2_dlc15_skill_hef_archmage_absolute_control,1,wh2_dlc14_effect_magic_cost_all_lores_percentage,data/skill_trees/characters/high_elves/Archmage_Metal.csv,136,,ability_group_bindings,data/effect_semantics/source_exports/db/effect_bonus_value_special_ability_group_junctions_tables/data__.tsv,144,cost_percentage_mod,ability_group,wh_main_lore_fire
wh2_dlc15_hef_archmage_metal,wh2_dlc15_skill_node_set_hef_archmage_metal,wh2_dlc15_skill_node_hef_archmage_metal_generic_4,wh2_dlc15_skill_hef_archmage_absolute_control,1,wh2_dlc14_effect_magic_cost_all_lores_percentage,data/skill_trees/characters/high_elves/Archmage_Metal.csv,136,,ability_group_bindings,data/effect_semantics/source_exports/db/effect_bonus_value_special_ability_group_junctions_tables/data__.tsv,145,cost_percentage_mod,ability_group,wh_main_lore_fire_upgraded
wh2_dlc15_hef_archmage_metal,wh2_dlc15_skill_node_set_hef_archmage_metal,wh2_dlc15_skill_node_hef_archmage_metal_generic_4,wh2_dlc15_skill_hef_archmage_absolute_control,1,wh2_dlc14_effect_magic_cost_all_lores_percentage,data/skill_trees/characters/high_elves/Archmage_Metal.csv,136,,ability_group_bindings,data/effect_semantics/source_exports/db/effect_bonus_value_special_ability_group_junctions_tables/data__.tsv,146,cost_percentage_mod,ability_group,wh_main_lore_heavens
wh2_dlc15_hef_archmage_metal,wh2_dlc15_skill_node_set_hef_archmage_metal,wh2_dlc15_skill_node_hef_archmage_metal_generic_4,wh2_dlc15_skill_hef_archmage_absolute_control,1,wh2_dlc14_effect_magic_cost_all_lores_percentage,data/skill_trees/characters/high_elves/Archmage_Metal.csv,136,,ability_group_bindings,data/effect_semantics/source_exports/db/effect_bonus_value_special_ability_group_junctions_tables/data__.tsv,147,cost_percentage_mod,ability_group,wh_main_lore_heavens_upgraded
wh2_dlc15_hef_archmage_metal,wh2_dlc15_skill_node_set_hef_archmage_metal,wh2_dlc15_skill_node_hef_archmage_metal_generic_4,wh2_dlc15_skill_hef_archmage_absolute_control,1,wh2_dlc14_effect_magic_cost_all_lores_percentage,data/skill_trees/characters/high_elves/Archmage_Metal.csv,136,,ability_group_bindings,data/effect_semantics/source_exports/db/effect_bonus_value_special_ability_group_junctions_tables/data__.tsv,148,cost_percentage_mod,ability_group,wh_main_lore_light
wh2_dlc15_hef_archmage_metal,wh2_dlc15_skill_node_set_hef_archmage_metal,wh2_dlc15_skill_node_hef_archmage_metal_generic_4,wh2_dlc15_skill_hef_archmage_absolute_control,1,wh2_dlc14_effect_magic_cost_all_lores_percentage,data/skill_trees/characters/high_elves/Archmage_Metal.csv,136,,ability_group_bindings,data/effect_semantics/source_exports/db/effect_bonus_value_special_ability_group_junctions_tables/data__.tsv,149,cost_percentage_mod,ability_group,wh_main_lore_light_upgraded
wh2_dlc15_hef_archmage_metal,wh2_dlc15_skill_node_set_hef_archmage_metal,wh2_dlc15_skill_node_hef_archmage_metal_generic_4,wh2_dlc15_skill_hef_archmage_absolute_control,1,wh2_dlc14_effect_magic_cost_all_lores_percentage,data/skill_trees/characters/high_elves/Archmage_Metal.csv,136,,ability_group_bindings,data/effect_semantics/source_exports/db/effect_bonus_value_special_ability_group_junctions_tables/data__.tsv,150,cost_percentage_mod,ability_group,wh_main_lore_lil_waaagh
wh2_dlc15_hef_archmage_metal,wh2_dlc15_skill_node_set_hef_archmage_metal,wh2_dlc15_skill_node_hef_archmage_metal_generic_4,wh2_dlc15_skill_hef_archmage_absolute_control,1,wh2_dlc14_effect_magic_cost_all_lores_percentage,data/skill_trees/characters/high_elves/Archmage_Metal.csv,136,,ability_group_bindings,data/effect_semantics/source_exports/db/effect_bonus_value_special_ability_group_junctions_tables/data__.tsv,151,cost_percentage_mod,ability_group,wh_main_lore_lil_waaagh_upgraded
wh2_dlc15_hef_archmage_metal,wh2_dlc15_skill_node_set_hef_archmage_metal,wh2_dlc15_skill_node_hef_archmage_metal_generic_4,wh2_dlc15_skill_hef_archmage_absolute_control,1,wh2_dlc14_effect_magic_cost_all_lores_percentage,data/skill_trees/characters/high_elves/Archmage_Metal.csv,136,,ability_group_bindings,data/effect_semantics/source_exports/db/effect_bonus_value_special_ability_group_junctions_tables/data__.tsv,152,cost_percentage_mod,ability_group,wh_main_lore_metal
wh2_dlc15_hef_archmage_metal,wh2_dlc15_skill_node_set_hef_archmage_metal,wh2_dlc15_skill_node_hef_archmage_metal_generic_4,wh2_dlc15_skill_hef_archmage_absolute_control,1,wh2_dlc14_effect_magic_cost_all_lores_percentage,data/skill_trees/characters/high_elves/Archmage_Metal.csv,136,,ability_group_bindings,data/effect_semantics/source_exports/db/effect_bonus_value_special_ability_group_junctions_tables/data__.tsv,153,cost_percentage_mod,ability_group,wh_main_lore_metal_upgraded
wh2_dlc15_hef_archmage_metal,wh2_dlc15_skill_node_set_hef_archmage_metal,wh2_dlc15_skill_node_hef_archmage_metal_generic_4,wh2_dlc15_skill_hef_archmage_absolute_control,1,wh2_dlc14_effect_magic_cost_all_lores_percentage,data/skill_trees/characters/high_elves/Archmage_Metal.csv,136,,ability_group_bindings,data/effect_semantics/source_exports/db/effect_bonus_value_special_ability_group_junctions_tables/data__.tsv,154,cost_percentage_mod,ability_group,wh_main_lore_vampires
wh2_dlc15_hef_archmage_metal,wh2_dlc15_skill_node_set_hef_archmage_metal,wh2_dlc15_skill_node_hef_archmage_metal_generic_4,wh2_dlc15_skill_hef_archmage_absolute_control,1,wh2_dlc14_effect_magic_cost_all_lores_percentage,data/skill_trees/characters/high_elves/Archmage_Metal.csv,136,,ability_group_bindings,data/effect_semantics/source_exports/db/effect_bonus_value_special_ability_group_junctions_tables/data__.tsv,155,cost_percentage_mod,ability_group,wh_main_lore_vampires_upgraded
wh2_dlc15_hef_archmage_metal,wh2_dlc15_skill_node_set_hef_archmage_metal,wh2_dlc15_skill_node_hef_archmage_metal_magic_1_2,wh2_main_skill_all_magic_metal_02_plague_of_rust_lord,1,wh_main_effect_ability_cooldown_plague_of_rust,data/skill_trees/characters/high_elves/Archmage_Metal.csv,151,wh_main_spell_metal_plague_of_rust,ability_bindings,data/effect_semantics/source_exports/db/effect_bonus_value_unit_ability_junctions_tables/data__.tsv,5365,recharge_mod,ability,wh_main_spell_metal_plague_of_rust
wh2_dlc15_hef_archmage_metal,wh2_dlc15_skill_node_set_hef_archmage_metal,wh2_dlc15_skill_node_hef_archmage_metal_magic_1_2,wh2_main_skill_all_magic_metal_02_plague_of_rust_lord,1,wh2_main_effect_ability_overcast_plague_of_rust,data/skill_trees/characters/high_elves/Archmage_Metal.csv,152,wh_main_spell_metal_plague_of_rust,ability_bindings,data/effect_semantics/source_exports/db/effect_bonus_value_unit_ability_junctions_tables/data__.tsv,1366,enable_overchage,ability,wh_main_spell_metal_plague_of_rust
wh2_dlc15_hef_archmage_metal,wh2_dlc15_skill_node_set_hef_archmage_metal,wh2_dlc15_skill_node_hef_archmage_metal_magic_1_2,wh2_main_skill_all_magic_metal_02_plague_of_rust_lord,1,wh2_main_effect_ability_overcast_plague_of_rust,data/skill_trees/characters/high_elves/Archmage_Metal.csv,152,wh_main_spell_metal_plague_of_rust,ability_bindings,data/effect_semantics/source_exports/db/effect_bonus_value_unit_ability_junctions_tables/data__.tsv,1367,enable,ability,wh_main_spell_metal_plague_of_rust
wh2_dlc15_hef_archmage_metal,wh2_dlc15_skill_node_set_hef_archmage_metal,wh2_dlc15_skill_node_hef_archmage_metal_magic_1_2,wh2_main_skill_all_magic_metal_02_plague_of_rust_lord,2,wh_main_effect_ability_cooldown_plague_of_rust,data/skill_trees/characters/high_elves/Archmage_Metal.csv,153,wh_main_spell_metal_plague_of_rust,ability_bindings,data/effect_semantics/source_exports/db/effect_bonus_value_unit_ability_junctions_tables/data__.tsv,5365,recharge_mod,ability,wh_main_spell_metal_plague_of_rust
wh2_dlc15_hef_archmage_metal,wh2_dlc15_skill_node_set_hef_archmage_metal,wh2_dlc15_skill_node_hef_archmage_metal_magic_1_2,wh2_main_skill_all_magic_metal_02_plague_of_rust_lord,2,wh2_main_effect_ability_miscast_plague_of_rust_upgraded,data/skill_trees/characters/high_elves/Archmage_Metal.csv,154,wh_main_spell_metal_plague_of_rust_upgraded,ability_bindings,data/effect_semantics/source_exports/db/effect_bonus_value_unit_ability_junctions_tables/data__.tsv,1241,miscast_percentage_mod,ability,wh_main_spell_metal_plague_of_rust_upgraded
wh2_dlc15_hef_archmage_metal,wh2_dlc15_skill_node_set_hef_archmage_metal,wh2_dlc15_skill_node_hef_archmage_metal_magic_1_2,wh2_main_skill_all_magic_metal_02_plague_of_rust_lord,2,wh2_main_effect_ability_overcast_plague_of_rust,data/skill_trees/characters/high_elves/Archmage_Metal.csv,155,wh_main_spell_metal_plague_of_rust,ability_bindings,data/effect_semantics/source_exports/db/effect_bonus_value_unit_ability_junctions_tables/data__.tsv,1366,enable_overchage,ability,wh_main_spell_metal_plague_of_rust
wh2_dlc15_hef_archmage_metal,wh2_dlc15_skill_node_set_hef_archmage_metal,wh2_dlc15_skill_node_hef_archmage_metal_magic_1_2,wh2_main_skill_all_magic_metal_02_plague_of_rust_lord,2,wh2_main_effect_ability_overcast_plague_of_rust,data/skill_trees/characters/high_elves/Archmage_Metal.csv,155,wh_main_spell_metal_plague_of_rust,ability_bindings,data/effect_semantics/source_exports/db/effect_bonus_value_unit_ability_junctions_tables/data__.tsv,1367,enable,ability,wh_main_spell_metal_plague_of_rust
wh2_dlc15_hef_archmage_metal,wh2_dlc15_skill_node_set_hef_archmage_metal,wh2_dlc15_skill_node_hef_archmage_metal_magic_1_2,wh2_main_skill_all_magic_metal_02_plague_of_rust_lord,2,wh2_main_effect_ability_wom_cost_plague_of_rust,data/skill_trees/characters/high_elves/Archmage_Metal.csv,156,wh_main_spell_metal_plague_of_rust,ability_bindings,data/effect_semantics/source_exports/db/effect_bonus_value_unit_ability_junctions_tables/data__.tsv,1543,cost_mod,ability,wh_main_spell_metal_plague_of_rust
wh2_dlc15_hef_archmage_metal,wh2_dlc15_skill_node_set_hef_archmage_metal,wh2_dlc15_skill_node_hef_archmage_metal_magic_1_2,wh2_main_skill_all_magic_metal_02_plague_of_rust_lord,2,wh2_main_effect_ability_wom_cost_plague_of_rust_upgraded,data/skill_trees/characters/high_elves/Archmage_Metal.csv,157,wh_main_spell_metal_plague_of_rust_upgraded,ability_bindings,data/effect_semantics/source_exports/db/effect_bonus_value_unit_ability_junctions_tables/data__.tsv,1542,cost_mod,ability,wh_main_spell_metal_plague_of_rust_upgraded
wh2_dlc15_hef_archmage_metal,wh2_dlc15_skill_node_set_hef_archmage_metal,wh2_dlc15_skill_node_hef_archmage_metal_magic_1_1,wh_main_skill_all_magic_metal_03_metalshifting,1,wh_main_effect_ability_enable_metalshifting,data/skill_trees/characters/high_elves/Archmage_Metal.csv,192,wh_main_lore_passive_metalshifting,ability_bindings,data/effect_semantics/source_exports/db/effect_bonus_value_unit_ability_junctions_tables/data__.tsv,5513,enable,ability,wh_main_lore_passive_metalshifting
wh2_dlc15_hef_archmage_metal,wh2_dlc15_skill_node_set_hef_archmage_metal,wh2_dlc15_skill_node_hef_archmage_metal_magic_1_3,wh2_main_skill_all_magic_metal_04_glittering_robe_lord,1,wh_main_effect_ability_cooldown_glittering_robe,data/skill_trees/characters/high_elves/Archmage_Metal.csv,228,wh_main_spell_metal_glittering_robe,ability_bindings,data/effect_semantics/source_exports/db/effect_bonus_value_unit_ability_junctions_tables/data__.tsv,5313,recharge_mod,ability,wh_main_spell_metal_glittering_robe
wh2_dlc15_hef_archmage_metal,wh2_dlc15_skill_node_set_hef_archmage_metal,wh2_dlc15_skill_node_hef_archmage_metal_magic_1_3,wh2_main_skill_all_magic_metal_04_glittering_robe_lord,1,wh_main_effect_ability_enable_glittering_robe,data/skill_trees/characters/high_elves/Archmage_Metal.csv,229,wh_main_spell_metal_glittering_robe,ability_bindings,data/effect_semantics/source_exports/db/effect_bonus_value_unit_ability_junctions_tables/data__.tsv,5478,enable,ability,wh_main_spell_metal_glittering_robe
wh2_dlc15_hef_archmage_metal,wh2_dlc15_skill_node_set_hef_archmage_metal,wh2_dlc15_skill_node_hef_archmage_metal_magic_1_3,wh2_main_skill_all_magic_metal_04_glittering_robe_lord,1,wh2_main_effect_ability_overcast_glittering_robe,data/skill_trees/characters/high_elves/Archmage_Metal.csv,230,wh_main_spell_metal_glittering_robe,ability_bindings,data/effect_semantics/source_exports/db/effect_bonus_value_unit_ability_junctions_tables/data__.tsv,1332,enable_overchage,ability,wh_main_spell_metal_glittering_robe
wh2_dlc15_hef_archmage_metal,wh2_dlc15_skill_node_set_hef_archmage_metal,wh2_dlc15_skill_node_hef_archmage_metal_magic_1_3,wh2_main_skill_all_magic_metal_04_glittering_robe_lord,1,wh2_main_effect_ability_overcast_glittering_robe,data/skill_trees/characters/high_elves/Archmage_Metal.csv,230,wh_main_spell_metal_glittering_robe,ability_bindings,data/effect_semantics/source_exports/db/effect_bonus_value_unit_ability_junctions_tables/data__.tsv,1333,enable,ability,wh_main_spell_metal_glittering_robe
wh2_dlc15_hef_archmage_metal,wh2_dlc15_skill_node_set_hef_archmage_metal,wh2_dlc15_skill_node_hef_archmage_metal_magic_1_3,wh2_main_skill_all_magic_metal_04_glittering_robe_lord,2,wh_main_effect_ability_cooldown_glittering_robe,data/skill_trees/characters/high_elves/Archmage_Metal.csv,231,wh_main_spell_metal_glittering_robe,ability_bindings,data/effect_semantics/source_exports/db/effect_bonus_value_unit_ability_junctions_tables/data__.tsv,5313,recharge_mod,ability,wh_main_spell_metal_glittering_robe
wh2_dlc15_hef_archmage_metal,wh2_dlc15_skill_node_set_hef_archmage_metal,wh2_dlc15_skill_node_hef_archmage_metal_magic_1_3,wh2_main_skill_all_magic_metal_04_glittering_robe_lord,2,wh2_main_effect_ability_miscast_glittering_robe_upgraded,data/skill_trees/characters/high_elves/Archmage_Metal.csv,232,wh_main_spell_metal_glittering_robe_upgraded,ability_bindings,data/effect_semantics/source_exports/db/effect_bonus_value_unit_ability_junctions_tables/data__.tsv,1222,miscast_percentage_mod,ability,wh_main_spell_metal_glittering_robe_upgraded
wh2_dlc15_hef_archmage_metal,wh2_dlc15_skill_node_set_hef_archmage_metal,wh2_dlc15_skill_node_hef_archmage_metal_magic_1_3,wh2_main_skill_all_magic_metal_04_glittering_robe_lord,2,wh2_main_effect_ability_overcast_glittering_robe,data/skill_trees/characters/high_elves/Archmage_Metal.csv,233,wh_main_spell_metal_glittering_robe,ability_bindings,data/effect_semantics/source_exports/db/effect_bonus_value_unit_ability_junctions_tables/data__.tsv,1332,enable_overchage,ability,wh_main_spell_metal_glittering_robe
wh2_dlc15_hef_archmage_metal,wh2_dlc15_skill_node_set_hef_archmage_metal,wh2_dlc15_skill_node_hef_archmage_metal_magic_1_3,wh2_main_skill_all_magic_metal_04_glittering_robe_lord,2,wh2_main_effect_ability_overcast_glittering_robe,data/skill_trees/characters/high_elves/Archmage_Metal.csv,233,wh_main_spell_metal_glittering_robe,ability_bindings,data/effect_semantics/source_exports/db/effect_bonus_value_unit_ability_junctions_tables/data__.tsv,1333,enable,ability,wh_main_spell_metal_glittering_robe
wh2_dlc15_hef_archmage_metal,wh2_dlc15_skill_node_set_hef_archmage_metal,wh2_dlc15_skill_node_hef_archmage_metal_magic_1_3,wh2_main_skill_all_magic_metal_04_glittering_robe_lord,2,wh2_main_effect_ability_wom_cost_glittering_robe,data/skill_trees/characters/high_elves/Archmage_Metal.csv,234,wh_main_spell_metal_glittering_robe,ability_bindings,data/effect_semantics/source_exports/db/effect_bonus_value_unit_ability_junctions_tables/data__.tsv,1505,cost_mod,ability,wh_main_spell_metal_glittering_robe
wh2_dlc15_hef_archmage_metal,wh2_dlc15_skill_node_set_hef_archmage_metal,wh2_dlc15_skill_node_hef_archmage_metal_magic_1_3,wh2_main_skill_all_magic_metal_04_glittering_robe_lord,2,wh2_main_effect_ability_wom_cost_glittering_robe_upgraded,data/skill_trees/characters/high_elves/Archmage_Metal.csv,235,wh_main_spell_metal_glittering_robe_upgraded,ability_bindings,data/effect_semantics/source_exports/db/effect_bonus_value_unit_ability_junctions_tables/data__.tsv,1504,cost_mod,ability,wh_main_spell_metal_glittering_robe_upgraded
wh2_dlc15_hef_archmage_metal,wh2_dlc15_skill_node_set_hef_archmage_metal,wh2_dlc15_skill_node_hef_archmage_metal_magic_1_4,wh2_main_skill_all_magic_metal_05_gehennas_golden_hounds_lord,1,wh_main_effect_ability_cooldown_gehennas_golden_hounds,data/skill_trees/characters/high_elves/Archmage_Metal.csv,270,wh_main_spell_metal_gehennas_golden_hounds,ability_bindings,data/effect_semantics/source_exports/db/effect_bonus_value_unit_ability_junctions_tables/data__.tsv,5311,recharge_mod,ability,wh_main_spell_metal_gehennas_golden_hounds
wh2_dlc15_hef_archmage_metal,wh2_dlc15_skill_node_set_hef_archmage_metal,wh2_dlc15_skill_node_hef_archmage_metal_magic_1_4,wh2_main_skill_all_magic_metal_05_gehennas_golden_hounds_lord,1,wh_main_effect_ability_enable_gehennas_golden_hounds,data/skill_trees/characters/high_elves/Archmage_Metal.csv,271,wh_main_spell_metal_gehennas_golden_hounds,ability_bindings,data/effect_semantics/source_exports/db/effect_bonus_value_unit_ability_junctions_tables/data__.tsv,5472,enable,ability,wh_main_spell_metal_gehennas_golden_hounds
wh2_dlc15_hef_archmage_metal,wh2_dlc15_skill_node_set_hef_archmage_metal,wh2_dlc15_skill_node_hef_archmage_metal_magic_1_4,wh2_main_skill_all_magic_metal_05_gehennas_golden_hounds_lord,1,wh2_main_effect_ability_overcast_gehennas_golden_hounds,data/skill_trees/characters/high_elves/Archmage_Metal.csv,272,wh_main_spell_metal_gehennas_golden_hounds,ability_bindings,data/effect_semantics/source_exports/db/effect_bonus_value_unit_ability_junctions_tables/data__.tsv,1330,enable_overchage,ability,wh_main_spell_metal_gehennas_golden_hounds
wh2_dlc15_hef_archmage_metal,wh2_dlc15_skill_node_set_hef_archmage_metal,wh2_dlc15_skill_node_hef_archmage_metal_magic_1_4,wh2_main_skill_all_magic_metal_05_gehennas_golden_hounds_lord,1,wh2_main_effect_ability_overcast_gehennas_golden_hounds,data/skill_trees/characters/high_elves/Archmage_Metal.csv,272,wh_main_spell_metal_gehennas_golden_hounds,ability_bindings,data/effect_semantics/source_exports/db/effect_bonus_value_unit_ability_junctions_tables/data__.tsv,1331,enable,ability,wh_main_spell_metal_gehennas_golden_hounds
wh2_dlc15_hef_archmage_metal,wh2_dlc15_skill_node_set_hef_archmage_metal,wh2_dlc15_skill_node_hef_archmage_metal_magic_1_4,wh2_main_skill_all_magic_metal_05_gehennas_golden_hounds_lord,2,wh_main_effect_ability_cooldown_gehennas_golden_hounds,data/skill_trees/characters/high_elves/Archmage_Metal.csv,273,wh_main_spell_metal_gehennas_golden_hounds,ability_bindings,data/effect_semantics/source_exports/db/effect_bonus_value_unit_ability_junctions_tables/data__.tsv,5311,recharge_mod,ability,wh_main_spell_metal_gehennas_golden_hounds
wh2_dlc15_hef_archmage_metal,wh2_dlc15_skill_node_set_hef_archmage_metal,wh2_dlc15_skill_node_hef_archmage_metal_magic_1_4,wh2_main_skill_all_magic_metal_05_gehennas_golden_hounds_lord,2,wh2_main_effect_ability_miscast_gehennas_golden_hounds_upgraded,data/skill_trees/characters/high_elves/Archmage_Metal.csv,274,wh_main_spell_metal_gehennas_golden_hounds_upgraded,ability_bindings,data/effect_semantics/source_exports/db/effect_bonus_value_unit_ability_junctions_tables/data__.tsv,1221,miscast_percentage_mod,ability,wh_main_spell_metal_gehennas_golden_hounds_upgraded
wh2_dlc15_hef_archmage_metal,wh2_dlc15_skill_node_set_hef_archmage_metal,wh2_dlc15_skill_node_hef_archmage_metal_magic_1_4,wh2_main_skill_all_magic_metal_05_gehennas_golden_hounds_lord,2,wh2_main_effect_ability_overcast_gehennas_golden_hounds,data/skill_trees/characters/high_elves/Archmage_Metal.csv,275,wh_main_spell_metal_gehennas_golden_hounds,ability_bindings,data/effect_semantics/source_exports/db/effect_bonus_value_unit_ability_junctions_tables/data__.tsv,1330,enable_overchage,ability,wh_main_spell_metal_gehennas_golden_hounds
wh2_dlc15_hef_archmage_metal,wh2_dlc15_skill_node_set_hef_archmage_metal,wh2_dlc15_skill_node_hef_archmage_metal_magic_1_4,wh2_main_skill_all_magic_metal_05_gehennas_golden_hounds_lord,2,wh2_main_effect_ability_overcast_gehennas_golden_hounds,data/skill_trees/characters/high_elves/Archmage_Metal.csv,275,wh_main_spell_metal_gehennas_golden_hounds,ability_bindings,data/effect_semantics/source_exports/db/effect_bonus_value_unit_ability_junctions_tables/data__.tsv,1331,enable,ability,wh_main_spell_metal_gehennas_golden_hounds
wh2_dlc15_hef_archmage_metal,wh2_dlc15_skill_node_set_hef_archmage_metal,wh2_dlc15_skill_node_hef_archmage_metal_magic_1_4,wh2_main_skill_all_magic_metal_05_gehennas_golden_hounds_lord,2,wh2_main_effect_ability_wom_cost_gehennas_golden_hounds,data/skill_trees/characters/high_elves/Archmage_Metal.csv,276,wh_main_spell_metal_gehennas_golden_hounds,ability_bindings,data/effect_semantics/source_exports/db/effect_bonus_value_unit_ability_junctions_tables/data__.tsv,1503,cost_mod,ability,wh_main_spell_metal_gehennas_golden_hounds
wh2_dlc15_hef_archmage_metal,wh2_dlc15_skill_node_set_hef_archmage_metal,wh2_dlc15_skill_node_hef_archmage_metal_magic_1_4,wh2_main_skill_all_magic_metal_05_gehennas_golden_hounds_lord,2,wh2_main_effect_ability_wom_cost_gehennas_golden_hounds_upgraded,data/skill_trees/characters/high_elves/Archmage_Metal.csv,277,wh_main_spell_metal_gehennas_golden_hounds_upgraded,ability_bindings,data/effect_semantics/source_exports/db/effect_bonus_value_unit_ability_junctions_tables/data__.tsv,1502,cost_mod,ability,wh_main_spell_metal_gehennas_golden_hounds_upgraded
wh2_dlc15_hef_archmage_metal,wh2_dlc15_skill_node_set_hef_archmage_metal,wh2_dlc15_skill_node_hef_archmage_metal_magic_3_3,wh2_main_skill_all_magic_metal_09_transmutation_of_lead_lord,1,wh_main_effect_ability_cooldown_transmutation_of_lead,data/skill_trees/characters/high_elves/Archmage_Metal.csv,340,wh_main_spell_metal_transmutation_of_lead,ability_bindings,data/effect_semantics/source_exports/db/effect_bonus_value_unit_ability_junctions_tables/data__.tsv,5396,recharge_mod,ability,wh_main_spell_metal_transmutation_of_lead
wh2_dlc15_hef_archmage_metal,wh2_dlc15_skill_node_set_hef_archmage_metal,wh2_dlc15_skill_node_hef_archmage_metal_magic_3_3,wh2_main_skill_all_magic_metal_09_transmutation_of_lead_lord,1,wh_main_effect_ability_enable_transmutation_of_lead,data/skill_trees/characters/high_elves/Archmage_Metal.csv,341,wh_main_spell_metal_transmutation_of_lead,ability_bindings,data/effect_semantics/source_exports/db/effect_bonus_value_unit_ability_junctions_tables/data__.tsv,5589,enable,ability,wh_main_spell_metal_transmutation_of_lead
wh2_dlc15_hef_archmage_metal,wh2_dlc15_skill_node_set_hef_archmage_metal,wh2_dlc15_skill_node_hef_archmage_metal_magic_3_3,wh2_main_skill_all_magic_metal_09_transmutation_of_lead_lord,1,wh2_main_effect_ability_overcast_transmutation_of_lead,data/skill_trees/characters/high_elves/Archmage_Metal.csv,342,wh_main_spell_metal_transmutation_of_lead,ability_bindings,data/effect_semantics/source_exports/db/effect_bonus_value_unit_ability_junctions_tables/data__.tsv,1404,enable_overchage,ability,wh_main_spell_metal_transmutation_of_lead
wh2_dlc15_hef_archmage_metal,wh2_dlc15_skill_node_set_hef_archmage_metal,wh2_dlc15_skill_node_hef_archmage_metal_magic_3_3,wh2_main_skill_all_magic_metal_09_transmutation_of_lead_lord,1,wh2_main_effect_ability_overcast_transmutation_of_lead,data/skill_trees/characters/high_elves/Archmage_Metal.csv,342,wh_main_spell_metal_transmutation_of_lead,ability_bindings,data/effect_semantics/source_exports/db/effect_bonus_value_unit_ability_junctions_tables/data__.tsv,1405,enable,ability,wh_main_spell_metal_transmutation_of_lead
wh2_dlc15_hef_archmage_metal,wh2_dlc15_skill_node_set_hef_archmage_metal,wh2_dlc15_skill_node_hef_archmage_metal_magic_3_3,wh2_main_skill_all_magic_metal_09_transmutation_of_lead_lord,2,wh_main_effect_ability_cooldown_transmutation_of_lead,data/skill_trees/characters/high_elves/Archmage_Metal.csv,343,wh_main_spell_metal_transmutation_of_lead,ability_bindings,data/effect_semantics/source_exports/db/effect_bonus_value_unit_ability_junctions_tables/data__.tsv,5396,recharge_mod,ability,wh_main_spell_metal_transmutation_of_lead
wh2_dlc15_hef_archmage_metal,wh2_dlc15_skill_node_set_hef_archmage_metal,wh2_dlc15_skill_node_hef_archmage_metal_magic_3_3,wh2_main_skill_all_magic_metal_09_transmutation_of_lead_lord,2,wh2_main_effect_ability_miscast_transmutation_of_lead_upgraded,data/skill_trees/characters/high_elves/Archmage_Metal.csv,344,wh_main_spell_metal_transmutation_of_lead_upgraded,ability_bindings,data/effect_semantics/source_exports/db/effect_bonus_value_unit_ability_junctions_tables/data__.tsv,1258,miscast_percentage_mod,ability,wh_main_spell_metal_transmutation_of_lead_upgraded
wh2_dlc15_hef_archmage_metal,wh2_dlc15_skill_node_set_hef_archmage_metal,wh2_dlc15_skill_node_hef_archmage_metal_magic_3_3,wh2_main_skill_all_magic_metal_09_transmutation_of_lead_lord,2,wh2_main_effect_ability_overcast_transmutation_of_lead,data/skill_trees/characters/high_elves/Archmage_Metal.csv,345,wh_main_spell_metal_transmutation_of_lead,ability_bindings,data/effect_semantics/source_exports/db/effect_bonus_value_unit_ability_junctions_tables/data__.tsv,1404,enable_overchage,ability,wh_main_spell_metal_transmutation_of_lead
wh2_dlc15_hef_archmage_metal,wh2_dlc15_skill_node_set_hef_archmage_metal,wh2_dlc15_skill_node_hef_archmage_metal_magic_3_3,wh2_main_skill_all_magic_metal_09_transmutation_of_lead_lord,2,wh2_main_effect_ability_overcast_transmutation_of_lead,data/skill_trees/characters/high_elves/Archmage_Metal.csv,345,wh_main_spell_metal_transmutation_of_lead,ability_bindings,data/effect_semantics/source_exports/db/effect_bonus_value_unit_ability_junctions_tables/data__.tsv,1405,enable,ability,wh_main_spell_metal_transmutation_of_lead
wh2_dlc15_hef_archmage_metal,wh2_dlc15_skill_node_set_hef_archmage_metal,wh2_dlc15_skill_node_hef_archmage_metal_magic_3_3,wh2_main_skill_all_magic_metal_09_transmutation_of_lead_lord,2,wh2_main_effect_ability_wom_cost_transmutation_of_lead,data/skill_trees/characters/high_elves/Archmage_Metal.csv,346,wh_main_spell_metal_transmutation_of_lead,ability_bindings,data/effect_semantics/source_exports/db/effect_bonus_value_unit_ability_junctions_tables/data__.tsv,1586,cost_mod,ability,wh_main_spell_metal_transmutation_of_lead
wh2_dlc15_hef_archmage_metal,wh2_dlc15_skill_node_set_hef_archmage_metal,wh2_dlc15_skill_node_hef_archmage_metal_magic_3_3,wh2_main_skill_all_magic_metal_09_transmutation_of_lead_lord,2,wh2_main_effect_ability_wom_cost_transmutation_of_lead_upgraded,data/skill_trees/characters/high_elves/Archmage_Metal.csv,347,wh_main_spell_metal_transmutation_of_lead_upgraded,ability_bindings,data/effect_semantics/source_exports/db/effect_bonus_value_unit_ability_junctions_tables/data__.tsv,1585,cost_mod,ability,wh_main_spell_metal_transmutation_of_lead_upgraded
wh2_dlc15_hef_archmage_metal,wh2_dlc15_skill_node_set_hef_archmage_metal,wh2_dlc15_skill_node_hef_archmage_metal_magic_3_4,wh2_main_skill_all_magic_metal_10_final_transmutation_lord,1,wh_main_effect_ability_cooldown_final_transmutation,data/skill_trees/characters/high_elves/Archmage_Metal.csv,381,wh_main_spell_metal_final_transmutation,ability_bindings,data/effect_semantics/source_exports/db/effect_bonus_value_unit_ability_junctions_tables/data__.tsv,5303,recharge_mod,ability,wh_main_spell_metal_final_transmutation
wh2_dlc15_hef_archmage_metal,wh2_dlc15_skill_node_set_hef_archmage_metal,wh2_dlc15_skill_node_hef_archmage_metal_magic_3_4,wh2_main_skill_all_magic_metal_10_final_transmutation_lord,1,wh_main_effect_ability_enable_final_transmutation,data/skill_trees/characters/high_elves/Archmage_Metal.csv,382,wh_main_spell_metal_final_transmutation,ability_bindings,data/effect_semantics/source_exports/db/effect_bonus_value_unit_ability_junctions_tables/data__.tsv,5460,enable,ability,wh_main_spell_metal_final_transmutation
wh2_dlc15_hef_archmage_metal,wh2_dlc15_skill_node_set_hef_archmage_metal,wh2_dlc15_skill_node_hef_archmage_metal_magic_3_4,wh2_main_skill_all_magic_metal_10_final_transmutation_lord,1,wh2_main_effect_ability_overcast_final_transmutation,data/skill_trees/characters/high_elves/Archmage_Metal.csv,383,wh_main_spell_metal_final_transmutation,ability_bindings,data/effect_semantics/source_exports/db/effect_bonus_value_unit_ability_junctions_tables/data__.tsv,1312,enable_overchage,ability,wh_main_spell_metal_final_transmutation
wh2_dlc15_hef_archmage_metal,wh2_dlc15_skill_node_set_hef_archmage_metal,wh2_dlc15_skill_node_hef_archmage_metal_magic_3_4,wh2_main_skill_all_magic_metal_10_final_transmutation_lord,1,wh2_main_effect_ability_overcast_final_transmutation,data/skill_trees/characters/high_elves/Archmage_Metal.csv,383,wh_main_spell_metal_final_transmutation,ability_bindings,data/effect_semantics/source_exports/db/effect_bonus_value_unit_ability_junctions_tables/data__.tsv,1313,enable,ability,wh_main_spell_metal_final_transmutation
wh2_dlc15_hef_archmage_metal,wh2_dlc15_skill_node_set_hef_archmage_metal,wh2_dlc15_skill_node_hef_archmage_metal_magic_3_4,wh2_main_skill_all_magic_metal_10_final_transmutation_lord,2,wh_main_effect_ability_cooldown_final_transmutation,data/skill_trees/characters/high_elves/Archmage_Metal.csv,384,wh_main_spell_metal_final_transmutation,ability_bindings,data/effect_semantics/source_exports/db/effect_bonus_value_unit_ability_junctions_tables/data__.tsv,5303,recharge_mod,ability,wh_main_spell_metal_final_transmutation
wh2_dlc15_hef_archmage_metal,wh2_dlc15_skill_node_set_hef_archmage_metal,wh2_dlc15_skill_node_hef_archmage_metal_magic_3_4,wh2_main_skill_all_magic_metal_10_final_transmutation_lord,2,wh2_main_effect_ability_miscast_final_transmutation_upgraded,data/skill_trees/characters/high_elves/Archmage_Metal.csv,385,wh_main_spell_metal_final_transmutation_upgraded,ability_bindings,data/effect_semantics/source_exports/db/effect_bonus_value_unit_ability_junctions_tables/data__.tsv,1212,miscast_percentage_mod,ability,wh_main_spell_metal_final_transmutation_upgraded
wh2_dlc15_hef_archmage_metal,wh2_dlc15_skill_node_set_hef_archmage_metal,wh2_dlc15_skill_node_hef_archmage_metal_magic_3_4,wh2_main_skill_all_magic_metal_10_final_transmutation_lord,2,wh2_main_effect_ability_overcast_final_transmutation,data/skill_trees/characters/high_elves/Archmage_Metal.csv,386,wh_main_spell_metal_final_transmutation,ability_bindings,data/effect_semantics/source_exports/db/effect_bonus_value_unit_ability_junctions_tables/data__.tsv,1312,enable_overchage,ability,wh_main_spell_metal_final_transmutation
wh2_dlc15_hef_archmage_metal,wh2_dlc15_skill_node_set_hef_archmage_metal,wh2_dlc15_skill_node_hef_archmage_metal_magic_3_4,wh2_main_skill_all_magic_metal_10_final_transmutation_lord,2,wh2_main_effect_ability_overcast_final_transmutation,data/skill_trees/characters/high_elves/Archmage_Metal.csv,386,wh_main_spell_metal_final_transmutation,ability_bindings,data/effect_semantics/source_exports/db/effect_bonus_value_unit_ability_junctions_tables/data__.tsv,1313,enable,ability,wh_main_spell_metal_final_transmutation
wh2_dlc15_hef_archmage_metal,wh2_dlc15_skill_node_set_hef_archmage_metal,wh2_dlc15_skill_node_hef_archmage_metal_magic_3_4,wh2_main_skill_all_magic_metal_10_final_transmutation_lord,2,wh2_main_effect_ability_wom_cost_final_transmutation,data/skill_trees/characters/high_elves/Archmage_Metal.csv,387,wh_main_spell_metal_final_transmutation,ability_bindings,data/effect_semantics/source_exports/db/effect_bonus_value_unit_ability_junctions_tables/data__.tsv,1484,cost_mod,ability,wh_main_spell_metal_final_transmutation
wh2_dlc15_hef_archmage_metal,wh2_dlc15_skill_node_set_hef_archmage_metal,wh2_dlc15_skill_node_hef_archmage_metal_magic_3_4,wh2_main_skill_all_magic_metal_10_final_transmutation_lord,2,wh2_main_effect_ability_wom_cost_final_transmutation_upgraded,data/skill_trees/characters/high_elves/Archmage_Metal.csv,388,wh_main_spell_metal_final_transmutation_upgraded,ability_bindings,data/effect_semantics/source_exports/db/effect_bonus_value_unit_ability_junctions_tables/data__.tsv,1483,cost_mod,ability,wh_main_spell_metal_final_transmutation_upgraded
wh2_dlc15_hef_archmage_metal,wh2_dlc15_skill_node_set_hef_archmage_metal,wh2_dlc15_skill_node_hef_archmage_metal_magic_dummy,wh2_main_skill_all_magic_metal_dummy_searing_doom_plague_of_rust,1,wh_main_effect_ability_enable_plague_of_rust,data/skill_trees/characters/high_elves/Archmage_Metal.csv,455,wh_main_spell_metal_plague_of_rust,ability_bindings,data/effect_semantics/source_exports/db/effect_bonus_value_unit_ability_junctions_tables/data__.tsv,5519,enable,ability,wh_main_spell_metal_plague_of_rust
wh2_dlc15_hef_archmage_metal,wh2_dlc15_skill_node_set_hef_archmage_metal,wh2_dlc15_skill_node_hef_archmage_metal_magic_dummy,wh2_main_skill_all_magic_metal_dummy_searing_doom_plague_of_rust,1,wh_main_effect_ability_enable_searing_doom,data/skill_trees/characters/high_elves/Archmage_Metal.csv,456,wh_main_spell_metal_searing_doom,ability_bindings,data/effect_semantics/source_exports/db/effect_bonus_value_unit_ability_junctions_tables/data__.tsv,5541,enable,ability,wh_main_spell_metal_searing_doom
wh2_dlc15_hef_archmage_metal,wh2_dlc15_skill_node_set_hef_archmage_metal,wh2_dlc15_skill_node_set_hef_archmage_metal_innate_17,wh2_dlc15_skill_innate_hef_archmage_battle_3_primed,1,wh3_main_effect_spell_targeting_range_all,data/skill_trees/characters/high_elves/Archmage_Metal.csv,480,,ability_group_bindings,data/effect_semantics/source_exports/db/effect_bonus_value_special_ability_group_junctions_tables/data__.tsv,318,target_intercept_range_mod,ability_group,wh2_dlc09_lore_nehekhara
wh2_dlc15_hef_archmage_metal,wh2_dlc15_skill_node_set_hef_archmage_metal,wh2_dlc15_skill_node_set_hef_archmage_metal_innate_17,wh2_dlc15_skill_innate_hef_archmage_battle_3_primed,1,wh3_main_effect_spell_targeting_range_all,data/skill_trees/characters/high_elves/Archmage_Metal.csv,480,,ability_group_bindings,data/effect_semantics/source_exports/db/effect_bonus_value_special_ability_group_junctions_tables/data__.tsv,319,target_intercept_range_mod,ability_group,wh2_dlc09_lore_nehekhara_upgraded
wh2_dlc15_hef_archmage_metal,wh2_dlc15_skill_node_set_hef_archmage_metal,wh2_dlc15_skill_node_set_hef_archmage_metal_innate_17,wh2_dlc15_skill_innate_hef_archmage_battle_3_primed,1,wh3_main_effect_spell_targeting_range_all,data/skill_trees/characters/high_elves/Archmage_Metal.csv,480,,ability_group_bindings,data/effect_semantics/source_exports/db/effect_bonus_value_special_ability_group_junctions_tables/data__.tsv,320,target_intercept_range_mod,ability_group,wh2_dlc11_lore_deep
wh2_dlc15_hef_archmage_metal,wh2_dlc15_skill_node_set_hef_archmage_metal,wh2_dlc15_skill_node_set_hef_archmage_metal_innate_17,wh2_dlc15_skill_innate_hef_archmage_battle_3_primed,1,wh3_main_effect_spell_targeting_range_all,data/skill_trees/characters/high_elves/Archmage_Metal.csv,480,,ability_group_bindings,data/effect_semantics/source_exports/db/effect_bonus_value_special_ability_group_junctions_tables/data__.tsv,321,target_intercept_range_mod,ability_group,wh2_dlc11_lore_deep_upgraded
wh2_dlc15_hef_archmage_metal,wh2_dlc15_skill_node_set_hef_archmage_metal,wh2_dlc15_skill_node_set_hef_archmage_metal_innate_17,wh2_dlc15_skill_innate_hef_archmage_battle_3_primed,1,wh3_main_effect_spell_targeting_range_all,data/skill_trees/characters/high_elves/Archmage_Metal.csv,480,,ability_group_bindings,data/effect_semantics/source_exports/db/effect_bonus_value_special_ability_group_junctions_tables/data__.tsv,322,target_intercept_range_mod,ability_group,wh2_dlc12_lore_lord_kroak
wh2_dlc15_hef_archmage_metal,wh2_dlc15_skill_node_set_hef_archmage_metal,wh2_dlc15_skill_node_set_hef_archmage_metal_innate_17,wh2_dlc15_skill_innate_hef_archmage_battle_3_primed,1,wh3_main_effect_spell_targeting_range_all,data/skill_trees/characters/high_elves/Archmage_Metal.csv,480,,ability_group_bindings,data/effect_semantics/source_exports/db/effect_bonus_value_special_ability_group_junctions_tables/data__.tsv,323,target_intercept_range_mod,ability_group,wh2_dlc14_lore_stealth
wh2_dlc15_hef_archmage_metal,wh2_dlc15_skill_node_set_hef_archmage_metal,wh2_dlc15_skill_node_set_hef_archmage_metal_innate_17,wh2_dlc15_skill_innate_hef_archmage_battle_3_primed,1,wh3_main_effect_spell_targeting_range_all,data/skill_trees/characters/high_elves/Archmage_Metal.csv,480,,ability_group_bindings,data/effect_semantics/source_exports/db/effect_bonus_value_special_ability_group_junctions_tables/data__.tsv,324,target_intercept_range_mod,ability_group,wh2_dlc14_lore_stealth_upgraded
wh2_dlc15_hef_archmage_metal,wh2_dlc15_skill_node_set_hef_archmage_metal,wh2_dlc15_skill_node_set_hef_archmage_metal_innate_17,wh2_dlc15_skill_innate_hef_archmage_battle_3_primed,1,wh3_main_effect_spell_targeting_range_all,data/skill_trees/characters/high_elves/Archmage_Metal.csv,480,,ability_group_bindings,data/effect_semantics/source_exports/db/effect_bonus_value_special_ability_group_junctions_tables/data__.tsv,325,target_intercept_range_mod,ability_group,wh2_main_lore_dark_magic
wh2_dlc15_hef_archmage_metal,wh2_dlc15_skill_node_set_hef_archmage_metal,wh2_dlc15_skill_node_set_hef_archmage_metal_innate_17,wh2_dlc15_skill_innate_hef_archmage_battle_3_primed,1,wh3_main_effect_spell_targeting_range_all,data/skill_trees/characters/high_elves/Archmage_Metal.csv,480,,ability_group_bindings,data/effect_semantics/source_exports/db/effect_bonus_value_special_ability_group_junctions_tables/data__.tsv,326,target_intercept_range_mod,ability_group,wh2_main_lore_dark_magic_upgraded
wh2_dlc15_hef_archmage_metal,wh2_dlc15_skill_node_set_hef_archmage_metal,wh2_dlc15_skill_node_set_hef_archmage_metal_innate_17,wh2_dlc15_skill_innate_hef_archmage_battle_3_primed,1,wh3_main_effect_spell_targeting_range_all,data/skill_trees/characters/high_elves/Archmage_Metal.csv,480,,ability_group_bindings,data/effect_semantics/source_exports/db/effect_bonus_value_special_ability_group_junctions_tables/data__.tsv,327,target_intercept_range_mod,ability_group,wh2_main_lore_high_magic
wh2_dlc15_hef_archmage_metal,wh2_dlc15_skill_node_set_hef_archmage_metal,wh2_dlc15_skill_node_set_hef_archmage_metal_innate_17,wh2_dlc15_skill_innate_hef_archmage_battle_3_primed,1,wh3_main_effect_spell_targeting_range_all,data/skill_trees/characters/high_elves/Archmage_Metal.csv,480,,ability_group_bindings,data/effect_semantics/source_exports/db/effect_bonus_value_special_ability_group_junctions_tables/data__.tsv,328,target_intercept_range_mod,ability_group,wh2_main_lore_high_magic_upgraded
wh2_dlc15_hef_archmage_metal,wh2_dlc15_skill_node_set_hef_archmage_metal,wh2_dlc15_skill_node_set_hef_archmage_metal_innate_17,wh2_dlc15_skill_innate_hef_archmage_battle_3_primed,1,wh3_main_effect_spell_targeting_range_all,data/skill_trees/characters/high_elves/Archmage_Metal.csv,480,,ability_group_bindings,data/effect_semantics/source_exports/db/effect_bonus_value_special_ability_group_junctions_tables/data__.tsv,329,target_intercept_range_mod,ability_group,wh2_main_lore_plague
wh2_dlc15_hef_archmage_metal,wh2_dlc15_skill_node_set_hef_archmage_metal,wh2_dlc15_skill_node_set_hef_archmage_metal_innate_17,wh2_dlc15_skill_innate_hef_archmage_battle_3_primed,1,wh3_main_effect_spell_targeting_range_all,data/skill_trees/characters/high_elves/Archmage_Metal.csv,480,,ability_group_bindings,data/effect_semantics/source_exports/db/effect_bonus_value_special_ability_group_junctions_tables/data__.tsv,330,target_intercept_range_mod,ability_group,wh2_main_lore_plague_upgraded
wh2_dlc15_hef_archmage_metal,wh2_dlc15_skill_node_set_hef_archmage_metal,wh2_dlc15_skill_node_set_hef_archmage_metal_innate_17,wh2_dlc15_skill_innate_hef_archmage_battle_3_primed,1,wh3_main_effect_spell_targeting_range_all,data/skill_trees/characters/high_elves/Archmage_Metal.csv,480,,ability_group_bindings,data/effect_semantics/source_exports/db/effect_bonus_value_special_ability_group_junctions_tables/data__.tsv,331,target_intercept_range_mod,ability_group,wh2_main_lore_ruin
wh2_dlc15_hef_archmage_metal,wh2_dlc15_skill_node_set_hef_archmage_metal,wh2_dlc15_skill_node_set_hef_archmage_metal_innate_17,wh2_dlc15_skill_innate_hef_archmage_battle_3_primed,1,wh3_main_effect_spell_targeting_range_all,data/skill_trees/characters/high_elves/Archmage_Metal.csv,480,,ability_group_bindings,data/effect_semantics/source_exports/db/effect_bonus_value_special_ability_group_junctions_tables/data__.tsv,332,target_intercept_range_mod,ability_group,wh2_main_lore_ruin_upgraded
wh2_dlc15_hef_archmage_metal,wh2_dlc15_skill_node_set_hef_archmage_metal,wh2_dlc15_skill_node_set_hef_archmage_metal_innate_17,wh2_dlc15_skill_innate_hef_archmage_battle_3_primed,1,wh3_main_effect_spell_targeting_range_all,data/skill_trees/characters/high_elves/Archmage_Metal.csv,480,,ability_group_bindings,data/effect_semantics/source_exports/db/effect_bonus_value_special_ability_group_junctions_tables/data__.tsv,333,target_intercept_range_mod,ability_group,wh3_dlc23_lore_hashut
wh2_dlc15_hef_archmage_metal,wh2_dlc15_skill_node_set_hef_archmage_metal,wh2_dlc15_skill_node_set_hef_archmage_metal_innate_17,wh2_dlc15_skill_innate_hef_archmage_battle_3_primed,1,wh3_main_effect_spell_targeting_range_all,data/skill_trees/characters/high_elves/Archmage_Metal.csv,480,,ability_group_bindings,data/effect_semantics/source_exports/db/effect_bonus_value_special_ability_group_junctions_tables/data__.tsv,334,target_intercept_range_mod,ability_group,wh3_dlc23_lore_hashut_upgraded
wh2_dlc15_hef_archmage_metal,wh2_dlc15_skill_node_set_hef_archmage_metal,wh2_dlc15_skill_node_set_hef_archmage_metal_innate_17,wh2_dlc15_skill_innate_hef_archmage_battle_3_primed,1,wh3_main_effect_spell_targeting_range_all,data/skill_trees/characters/high_elves/Archmage_Metal.csv,480,,ability_group_bindings,data/effect_semantics/source_exports/db/effect_bonus_value_special_ability_group_junctions_tables/data__.tsv,335,target_intercept_range_mod,ability_group,wh3_dlc24_lore_hag
wh2_dlc15_hef_archmage_metal,wh2_dlc15_skill_node_set_hef_archmage_metal,wh2_dlc15_skill_node_set_hef_archmage_metal_innate_17,wh2_dlc15_skill_innate_hef_archmage_battle_3_primed,1,wh3_main_effect_spell_targeting_range_all,data/skill_trees/characters/high_elves/Archmage_Metal.csv,480,,ability_group_bindings,data/effect_semantics/source_exports/db/effect_bonus_value_special_ability_group_junctions_tables/data__.tsv,336,target_intercept_range_mod,ability_group,wh3_dlc24_lore_hag_upgraded
wh2_dlc15_hef_archmage_metal,wh2_dlc15_skill_node_set_hef_archmage_metal,wh2_dlc15_skill_node_set_hef_archmage_metal_innate_17,wh2_dlc15_skill_innate_hef_archmage_battle_3_primed,1,wh3_main_effect_spell_targeting_range_all,data/skill_trees/characters/high_elves/Archmage_Metal.csv,480,,ability_group_bindings,data/effect_semantics/source_exports/db/effect_bonus_value_special_ability_group_junctions_tables/data__.tsv,337,target_intercept_range_mod,ability_group,wh3_dlc27_lore_mists
wh2_dlc15_hef_archmage_metal,wh2_dlc15_skill_node_set_hef_archmage_metal,wh2_dlc15_skill_node_set_hef_archmage_metal_innate_17,wh2_dlc15_skill_innate_hef_archmage_battle_3_primed,1,wh3_main_effect_spell_targeting_range_all,data/skill_trees/characters/high_elves/Archmage_Metal.csv,480,,ability_group_bindings,data/effect_semantics/source_exports/db/effect_bonus_value_special_ability_group_junctions_tables/data__.tsv,338,target_intercept_range_mod,ability_group,wh3_dlc27_lore_mists_upgraded
wh2_dlc15_hef_archmage_metal,wh2_dlc15_skill_node_set_hef_archmage_metal,wh2_dlc15_skill_node_set_hef_archmage_metal_innate_17,wh2_dlc15_skill_innate_hef_archmage_battle_3_primed,1,wh3_main_effect_spell_targeting_range_all,data/skill_trees/characters/high_elves/Archmage_Metal.csv,480,,ability_group_bindings,data/effect_semantics/source_exports/db/effect_bonus_value_special_ability_group_junctions_tables/data__.tsv,339,target_intercept_range_mod,ability_group,wh3_main_lore_nurgle
wh2_dlc15_hef_archmage_metal,wh2_dlc15_skill_node_set_hef_archmage_metal,wh2_dlc15_skill_node_set_hef_archmage_metal_innate_17,wh2_dlc15_skill_innate_hef_archmage_battle_3_primed,1,wh3_main_effect_spell_targeting_range_all,data/skill_trees/characters/high_elves/Archmage_Metal.csv,480,,ability_group_bindings,data/effect_semantics/source_exports/db/effect_bonus_value_special_ability_group_junctions_tables/data__.tsv,340,target_intercept_range_mod,ability_group,wh3_main_lore_nurgle_upgraded
wh2_dlc15_hef_archmage_metal,wh2_dlc15_skill_node_set_hef_archmage_metal,wh2_dlc15_skill_node_set_hef_archmage_metal_innate_17,wh2_dlc15_skill_innate_hef_archmage_battle_3_primed,1,wh3_main_effect_spell_targeting_range_all,data/skill_trees/characters/high_elves/Archmage_Metal.csv,480,,ability_group_bindings,data/effect_semantics/source_exports/db/effect_bonus_value_special_ability_group_junctions_tables/data__.tsv,341,target_intercept_range_mod,ability_group,wh3_main_lore_of_great_maw
wh2_dlc15_hef_archmage_metal,wh2_dlc15_skill_node_set_hef_archmage_metal,wh2_dlc15_skill_node_set_hef_archmage_metal_innate_17,wh2_dlc15_skill_innate_hef_archmage_battle_3_primed,1,wh3_main_effect_spell_targeting_range_all,data/skill_trees/characters/high_elves/Archmage_Metal.csv,480,,ability_group_bindings,data/effect_semantics/source_exports/db/effect_bonus_value_special_ability_group_junctions_tables/data__.tsv,342,target_intercept_range_mod,ability_group,wh3_main_lore_of_great_maw_upgraded
wh2_dlc15_hef_archmage_metal,wh2_dlc15_skill_node_set_hef_archmage_metal,wh2_dlc15_skill_node_set_hef_archmage_metal_innate_17,wh2_dlc15_skill_innate_hef_archmage_battle_3_primed,1,wh3_main_effect_spell_targeting_range_all,data/skill_trees/characters/high_elves/Archmage_Metal.csv,480,,ability_group_bindings,data/effect_semantics/source_exports/db/effect_bonus_value_special_ability_group_junctions_tables/data__.tsv,343,target_intercept_range_mod,ability_group,wh3_main_lore_of_ice
wh2_dlc15_hef_archmage_metal,wh2_dlc15_skill_node_set_hef_archmage_metal,wh2_dlc15_skill_node_set_hef_archmage_metal_innate_17,wh2_dlc15_skill_innate_hef_archmage_battle_3_primed,1,wh3_main_effect_spell_targeting_range_all,data/skill_trees/characters/high_elves/Archmage_Metal.csv,480,,ability_group_bindings,data/effect_semantics/source_exports/db/effect_bonus_value_special_ability_group_junctions_tables/data__.tsv,344,target_intercept_range_mod,ability_group,wh3_main_lore_of_ice_upgraded
wh2_dlc15_hef_archmage_metal,wh2_dlc15_skill_node_set_hef_archmage_metal,wh2_dlc15_skill_node_set_hef_archmage_metal_innate_17,wh2_dlc15_skill_innate_hef_archmage_battle_3_primed,1,wh3_main_effect_spell_targeting_range_all,data/skill_trees/characters/high_elves/Archmage_Metal.csv,480,,ability_group_bindings,data/effect_semantics/source_exports/db/effect_bonus_value_special_ability_group_junctions_tables/data__.tsv,345,target_intercept_range_mod,ability_group,wh3_main_lore_of_tempest
wh2_dlc15_hef_archmage_metal,wh2_dlc15_skill_node_set_hef_archmage_metal,wh2_dlc15_skill_node_set_hef_archmage_metal_innate_17,wh2_dlc15_skill_innate_hef_archmage_battle_3_primed,1,wh3_main_effect_spell_targeting_range_all,data/skill_trees/characters/high_elves/Archmage_Metal.csv,480,,ability_group_bindings,data/effect_semantics/source_exports/db/effect_bonus_value_special_ability_group_junctions_tables/data__.tsv,346,target_intercept_range_mod,ability_group,wh3_main_lore_of_tempest_upgraded
wh2_dlc15_hef_archmage_metal,wh2_dlc15_skill_node_set_hef_archmage_metal,wh2_dlc15_skill_node_set_hef_archmage_metal_innate_17,wh2_dlc15_skill_innate_hef_archmage_battle_3_primed,1,wh3_main_effect_spell_targeting_range_all,data/skill_trees/characters/high_elves/Archmage_Metal.csv,480,,ability_group_bindings,data/effect_semantics/source_exports/db/effect_bonus_value_special_ability_group_junctions_tables/data__.tsv,347,target_intercept_range_mod,ability_group,wh3_main_lore_of_yang
wh2_dlc15_hef_archmage_metal,wh2_dlc15_skill_node_set_hef_archmage_metal,wh2_dlc15_skill_node_set_hef_archmage_metal_innate_17,wh2_dlc15_skill_innate_hef_archmage_battle_3_primed,1,wh3_main_effect_spell_targeting_range_all,data/skill_trees/characters/high_elves/Archmage_Metal.csv,480,,ability_group_bindings,data/effect_semantics/source_exports/db/effect_bonus_value_special_ability_group_junctions_tables/data__.tsv,348,target_intercept_range_mod,ability_group,wh3_main_lore_of_yang_upgraded
wh2_dlc15_hef_archmage_metal,wh2_dlc15_skill_node_set_hef_archmage_metal,wh2_dlc15_skill_node_set_hef_archmage_metal_innate_17,wh2_dlc15_skill_innate_hef_archmage_battle_3_primed,1,wh3_main_effect_spell_targeting_range_all,data/skill_trees/characters/high_elves/Archmage_Metal.csv,480,,ability_group_bindings,data/effect_semantics/source_exports/db/effect_bonus_value_special_ability_group_junctions_tables/data__.tsv,349,target_intercept_range_mod,ability_group,wh3_main_lore_of_yin
wh2_dlc15_hef_archmage_metal,wh2_dlc15_skill_node_set_hef_archmage_metal,wh2_dlc15_skill_node_set_hef_archmage_metal_innate_17,wh2_dlc15_skill_innate_hef_archmage_battle_3_primed,1,wh3_main_effect_spell_targeting_range_all,data/skill_trees/characters/high_elves/Archmage_Metal.csv,480,,ability_group_bindings,data/effect_semantics/source_exports/db/effect_bonus_value_special_ability_group_junctions_tables/data__.tsv,350,target_intercept_range_mod,ability_group,wh3_main_lore_of_yin_upgraded
wh2_dlc15_hef_archmage_metal,wh2_dlc15_skill_node_set_hef_archmage_metal,wh2_dlc15_skill_node_set_hef_archmage_metal_innate_17,wh2_dlc15_skill_innate_hef_archmage_battle_3_primed,1,wh3_main_effect_spell_targeting_range_all,data/skill_trees/characters/high_elves/Archmage_Metal.csv,480,,ability_group_bindings,data/effect_semantics/source_exports/db/effect_bonus_value_special_ability_group_junctions_tables/data__.tsv,351,target_intercept_range_mod,ability_group,wh3_main_lore_slaanesh
wh2_dlc15_hef_archmage_metal,wh2_dlc15_skill_node_set_hef_archmage_metal,wh2_dlc15_skill_node_set_hef_archmage_metal_innate_17,wh2_dlc15_skill_innate_hef_archmage_battle_3_primed,1,wh3_main_effect_spell_targeting_range_all,data/skill_trees/characters/high_elves/Archmage_Metal.csv,480,,ability_group_bindings,data/effect_semantics/source_exports/db/effect_bonus_value_special_ability_group_junctions_tables/data__.tsv,352,target_intercept_range_mod,ability_group,wh3_main_lore_slaanesh_upgraded
wh2_dlc15_hef_archmage_metal,wh2_dlc15_skill_node_set_hef_archmage_metal,wh2_dlc15_skill_node_set_hef_archmage_metal_innate_17,wh2_dlc15_skill_innate_hef_archmage_battle_3_primed,1,wh3_main_effect_spell_targeting_range_all,data/skill_trees/characters/high_elves/Archmage_Metal.csv,480,,ability_group_bindings,data/effect_semantics/source_exports/db/effect_bonus_value_special_ability_group_junctions_tables/data__.tsv,353,target_intercept_range_mod,ability_group,wh3_main_lore_tzeentch
wh2_dlc15_hef_archmage_metal,wh2_dlc15_skill_node_set_hef_archmage_metal,wh2_dlc15_skill_node_set_hef_archmage_metal_innate_17,wh2_dlc15_skill_innate_hef_archmage_battle_3_primed,1,wh3_main_effect_spell_targeting_range_all,data/skill_trees/characters/high_elves/Archmage_Metal.csv,480,,ability_group_bindings,data/effect_semantics/source_exports/db/effect_bonus_value_special_ability_group_junctions_tables/data__.tsv,354,target_intercept_range_mod,ability_group,wh3_main_lore_tzeentch_upgraded
wh2_dlc15_hef_archmage_metal,wh2_dlc15_skill_node_set_hef_archmage_metal,wh2_dlc15_skill_node_set_hef_archmage_metal_innate_17,wh2_dlc15_skill_innate_hef_archmage_battle_3_primed,1,wh3_main_effect_spell_targeting_range_all,data/skill_trees/characters/high_elves/Archmage_Metal.csv,480,,ability_group_bindings,data/effect_semantics/source_exports/db/effect_bonus_value_special_ability_group_junctions_tables/data__.tsv,355,target_intercept_range_mod,ability_group,wh_dlc03_lore_beasts
wh2_dlc15_hef_archmage_metal,wh2_dlc15_skill_node_set_hef_archmage_metal,wh2_dlc15_skill_node_set_hef_archmage_metal_innate_17,wh2_dlc15_skill_innate_hef_archmage_battle_3_primed,1,wh3_main_effect_spell_targeting_range_all,data/skill_trees/characters/high_elves/Archmage_Metal.csv,480,,ability_group_bindings,data/effect_semantics/source_exports/db/effect_bonus_value_special_ability_group_junctions_tables/data__.tsv,356,target_intercept_range_mod,ability_group,wh_dlc03_lore_beasts_upgraded
wh2_dlc15_hef_archmage_metal,wh2_dlc15_skill_node_set_hef_archmage_metal,wh2_dlc15_skill_node_set_hef_archmage_metal_innate_17,wh2_dlc15_skill_innate_hef_archmage_battle_3_primed,1,wh3_main_effect_spell_targeting_range_all,data/skill_trees/characters/high_elves/Archmage_Metal.csv,480,,ability_group_bindings,data/effect_semantics/source_exports/db/effect_bonus_value_special_ability_group_junctions_tables/data__.tsv,357,target_intercept_range_mod,ability_group,wh_dlc03_lore_wild
wh2_dlc15_hef_archmage_metal,wh2_dlc15_skill_node_set_hef_archmage_metal,wh2_dlc15_skill_node_set_hef_archmage_metal_innate_17,wh2_dlc15_skill_innate_hef_archmage_battle_3_primed,1,wh3_main_effect_spell_targeting_range_all,data/skill_trees/characters/high_elves/Archmage_Metal.csv,480,,ability_group_bindings,data/effect_semantics/source_exports/db/effect_bonus_value_special_ability_group_junctions_tables/data__.tsv,358,target_intercept_range_mod,ability_group,wh_dlc03_lore_wild_upgraded
wh2_dlc15_hef_archmage_metal,wh2_dlc15_skill_node_set_hef_archmage_metal,wh2_dlc15_skill_node_set_hef_archmage_metal_innate_17,wh2_dlc15_skill_innate_hef_archmage_battle_3_primed,1,wh3_main_effect_spell_targeting_range_all,data/skill_trees/characters/high_elves/Archmage_Metal.csv,480,,ability_group_bindings,data/effect_semantics/source_exports/db/effect_bonus_value_special_ability_group_junctions_tables/data__.tsv,359,target_intercept_range_mod,ability_group,wh_dlc05_lore_life
wh2_dlc15_hef_archmage_metal,wh2_dlc15_skill_node_set_hef_archmage_metal,wh2_dlc15_skill_node_set_hef_archmage_metal_innate_17,wh2_dlc15_skill_innate_hef_archmage_battle_3_primed,1,wh3_main_effect_spell_targeting_range_all,data/skill_trees/characters/high_elves/Archmage_Metal.csv,480,,ability_group_bindings,data/effect_semantics/source_exports/db/effect_bonus_value_special_ability_group_junctions_tables/data__.tsv,360,target_intercept_range_mod,ability_group,wh_dlc05_lore_life_upgraded
wh2_dlc15_hef_archmage_metal,wh2_dlc15_skill_node_set_hef_archmage_metal,wh2_dlc15_skill_node_set_hef_archmage_metal_innate_17,wh2_dlc15_skill_innate_hef_archmage_battle_3_primed,1,wh3_main_effect_spell_targeting_range_all,data/skill_trees/characters/high_elves/Archmage_Metal.csv,480,,ability_group_bindings,data/effect_semantics/source_exports/db/effect_bonus_value_special_ability_group_junctions_tables/data__.tsv,361,target_intercept_range_mod,ability_group,wh_dlc05_lore_shadows
wh2_dlc15_hef_archmage_metal,wh2_dlc15_skill_node_set_hef_archmage_metal,wh2_dlc15_skill_node_set_hef_archmage_metal_innate_17,wh2_dlc15_skill_innate_hef_archmage_battle_3_primed,1,wh3_main_effect_spell_targeting_range_all,data/skill_trees/characters/high_elves/Archmage_Metal.csv,480,,ability_group_bindings,data/effect_semantics/source_exports/db/effect_bonus_value_special_ability_group_junctions_tables/data__.tsv,362,target_intercept_range_mod,ability_group,wh_dlc05_lore_shadows_upgraded
wh2_dlc15_hef_archmage_metal,wh2_dlc15_skill_node_set_hef_archmage_metal,wh2_dlc15_skill_node_set_hef_archmage_metal_innate_17,wh2_dlc15_skill_innate_hef_archmage_battle_3_primed,1,wh3_main_effect_spell_targeting_range_all,data/skill_trees/characters/high_elves/Archmage_Metal.csv,480,,ability_group_bindings,data/effect_semantics/source_exports/db/effect_bonus_value_special_ability_group_junctions_tables/data__.tsv,363,target_intercept_range_mod,ability_group,wh_main_lore_big_waaagh
wh2_dlc15_hef_archmage_metal,wh2_dlc15_skill_node_set_hef_archmage_metal,wh2_dlc15_skill_node_set_hef_archmage_metal_innate_17,wh2_dlc15_skill_innate_hef_archmage_battle_3_primed,1,wh3_main_effect_spell_targeting_range_all,data/skill_trees/characters/high_elves/Archmage_Metal.csv,480,,ability_group_bindings,data/effect_semantics/source_exports/db/effect_bonus_value_special_ability_group_junctions_tables/data__.tsv,364,target_intercept_range_mod,ability_group,wh_main_lore_big_waaagh_upgraded
wh2_dlc15_hef_archmage_metal,wh2_dlc15_skill_node_set_hef_archmage_metal,wh2_dlc15_skill_node_set_hef_archmage_metal_innate_17,wh2_dlc15_skill_innate_hef_archmage_battle_3_primed,1,wh3_main_effect_spell_targeting_range_all,data/skill_trees/characters/high_elves/Archmage_Metal.csv,480,,ability_group_bindings,data/effect_semantics/source_exports/db/effect_bonus_value_special_ability_group_junctions_tables/data__.tsv,365,target_intercept_range_mod,ability_group,wh_main_lore_death
wh2_dlc15_hef_archmage_metal,wh2_dlc15_skill_node_set_hef_archmage_metal,wh2_dlc15_skill_node_set_hef_archmage_metal_innate_17,wh2_dlc15_skill_innate_hef_archmage_battle_3_primed,1,wh3_main_effect_spell_targeting_range_all,data/skill_trees/characters/high_elves/Archmage_Metal.csv,480,,ability_group_bindings,data/effect_semantics/source_exports/db/effect_bonus_value_special_ability_group_junctions_tables/data__.tsv,366,target_intercept_range_mod,ability_group,wh_main_lore_death_upgraded
wh2_dlc15_hef_archmage_metal,wh2_dlc15_skill_node_set_hef_archmage_metal,wh2_dlc15_skill_node_set_hef_archmage_metal_innate_17,wh2_dlc15_skill_innate_hef_archmage_battle_3_primed,1,wh3_main_effect_spell_targeting_range_all,data/skill_trees/characters/high_elves/Archmage_Metal.csv,480,,ability_group_bindings,data/effect_semantics/source_exports/db/effect_bonus_value_special_ability_group_junctions_tables/data__.tsv,367,target_intercept_range_mod,ability_group,wh_main_lore_fire
wh2_dlc15_hef_archmage_metal,wh2_dlc15_skill_node_set_hef_archmage_metal,wh2_dlc15_skill_node_set_hef_archmage_metal_innate_17,wh2_dlc15_skill_innate_hef_archmage_battle_3_primed,1,wh3_main_effect_spell_targeting_range_all,data/skill_trees/characters/high_elves/Archmage_Metal.csv,480,,ability_group_bindings,data/effect_semantics/source_exports/db/effect_bonus_value_special_ability_group_junctions_tables/data__.tsv,368,target_intercept_range_mod,ability_group,wh_main_lore_fire_upgraded
wh2_dlc15_hef_archmage_metal,wh2_dlc15_skill_node_set_hef_archmage_metal,wh2_dlc15_skill_node_set_hef_archmage_metal_innate_17,wh2_dlc15_skill_innate_hef_archmage_battle_3_primed,1,wh3_main_effect_spell_targeting_range_all,data/skill_trees/characters/high_elves/Archmage_Metal.csv,480,,ability_group_bindings,data/effect_semantics/source_exports/db/effect_bonus_value_special_ability_group_junctions_tables/data__.tsv,369,target_intercept_range_mod,ability_group,wh_main_lore_heavens
wh2_dlc15_hef_archmage_metal,wh2_dlc15_skill_node_set_hef_archmage_metal,wh2_dlc15_skill_node_set_hef_archmage_metal_innate_17,wh2_dlc15_skill_innate_hef_archmage_battle_3_primed,1,wh3_main_effect_spell_targeting_range_all,data/skill_trees/characters/high_elves/Archmage_Metal.csv,480,,ability_group_bindings,data/effect_semantics/source_exports/db/effect_bonus_value_special_ability_group_junctions_tables/data__.tsv,370,target_intercept_range_mod,ability_group,wh_main_lore_heavens_upgraded
wh2_dlc15_hef_archmage_metal,wh2_dlc15_skill_node_set_hef_archmage_metal,wh2_dlc15_skill_node_set_hef_archmage_metal_innate_17,wh2_dlc15_skill_innate_hef_archmage_battle_3_primed,1,wh3_main_effect_spell_targeting_range_all,data/skill_trees/characters/high_elves/Archmage_Metal.csv,480,,ability_group_bindings,data/effect_semantics/source_exports/db/effect_bonus_value_special_ability_group_junctions_tables/data__.tsv,371,target_intercept_range_mod,ability_group,wh_main_lore_light
wh2_dlc15_hef_archmage_metal,wh2_dlc15_skill_node_set_hef_archmage_metal,wh2_dlc15_skill_node_set_hef_archmage_metal_innate_17,wh2_dlc15_skill_innate_hef_archmage_battle_3_primed,1,wh3_main_effect_spell_targeting_range_all,data/skill_trees/characters/high_elves/Archmage_Metal.csv,480,,ability_group_bindings,data/effect_semantics/source_exports/db/effect_bonus_value_special_ability_group_junctions_tables/data__.tsv,372,target_intercept_range_mod,ability_group,wh_main_lore_light_upgraded
wh2_dlc15_hef_archmage_metal,wh2_dlc15_skill_node_set_hef_archmage_metal,wh2_dlc15_skill_node_set_hef_archmage_metal_innate_17,wh2_dlc15_skill_innate_hef_archmage_battle_3_primed,1,wh3_main_effect_spell_targeting_range_all,data/skill_trees/characters/high_elves/Archmage_Metal.csv,480,,ability_group_bindings,data/effect_semantics/source_exports/db/effect_bonus_value_special_ability_group_junctions_tables/data__.tsv,373,target_intercept_range_mod,ability_group,wh_main_lore_lil_waaagh
wh2_dlc15_hef_archmage_metal,wh2_dlc15_skill_node_set_hef_archmage_metal,wh2_dlc15_skill_node_set_hef_archmage_metal_innate_17,wh2_dlc15_skill_innate_hef_archmage_battle_3_primed,1,wh3_main_effect_spell_targeting_range_all,data/skill_trees/characters/high_elves/Archmage_Metal.csv,480,,ability_group_bindings,data/effect_semantics/source_exports/db/effect_bonus_value_special_ability_group_junctions_tables/data__.tsv,374,target_intercept_range_mod,ability_group,wh_main_lore_lil_waaagh_upgraded
wh2_dlc15_hef_archmage_metal,wh2_dlc15_skill_node_set_hef_archmage_metal,wh2_dlc15_skill_node_set_hef_archmage_metal_innate_17,wh2_dlc15_skill_innate_hef_archmage_battle_3_primed,1,wh3_main_effect_spell_targeting_range_all,data/skill_trees/characters/high_elves/Archmage_Metal.csv,480,,ability_group_bindings,data/effect_semantics/source_exports/db/effect_bonus_value_special_ability_group_junctions_tables/data__.tsv,375,target_intercept_range_mod,ability_group,wh_main_lore_metal
wh2_dlc15_hef_archmage_metal,wh2_dlc15_skill_node_set_hef_archmage_metal,wh2_dlc15_skill_node_set_hef_archmage_metal_innate_17,wh2_dlc15_skill_innate_hef_archmage_battle_3_primed,1,wh3_main_effect_spell_targeting_range_all,data/skill_trees/characters/high_elves/Archmage_Metal.csv,480,,ability_group_bindings,data/effect_semantics/source_exports/db/effect_bonus_value_special_ability_group_junctions_tables/data__.tsv,376,target_intercept_range_mod,ability_group,wh_main_lore_metal_upgraded
wh2_dlc15_hef_archmage_metal,wh2_dlc15_skill_node_set_hef_archmage_metal,wh2_dlc15_skill_node_set_hef_archmage_metal_innate_17,wh2_dlc15_skill_innate_hef_archmage_battle_3_primed,1,wh3_main_effect_spell_targeting_range_all,data/skill_trees/characters/high_elves/Archmage_Metal.csv,480,,ability_group_bindings,data/effect_semantics/source_exports/db/effect_bonus_value_special_ability_group_junctions_tables/data__.tsv,377,target_intercept_range_mod,ability_group,wh_main_lore_vampires
wh2_dlc15_hef_archmage_metal,wh2_dlc15_skill_node_set_hef_archmage_metal,wh2_dlc15_skill_node_set_hef_archmage_metal_innate_17,wh2_dlc15_skill_innate_hef_archmage_battle_3_primed,1,wh3_main_effect_spell_targeting_range_all,data/skill_trees/characters/high_elves/Archmage_Metal.csv,480,,ability_group_bindings,data/effect_semantics/source_exports/db/effect_bonus_value_special_ability_group_junctions_tables/data__.tsv,378,target_intercept_range_mod,ability_group,wh_main_lore_vampires_upgraded
wh2_dlc15_hef_archmage_metal,wh2_dlc15_skill_node_set_hef_archmage_metal,wh2_dlc15_skill_node_set_hef_archmage_metal_innate_18,wh2_dlc15_skill_innate_hef_archmage_battle_7_conductor,1,wh2_main_effect_ability_overcast_urannons_thunderbolt,data/skill_trees/characters/high_elves/Archmage_Metal.csv,483,wh_main_spell_heavens_urannons_thunderbolt,ability_bindings,data/effect_semantics/source_exports/db/effect_bonus_value_unit_ability_junctions_tables/data__.tsv,1406,enable_overchage,ability,wh_main_spell_heavens_urannons_thunderbolt
wh2_dlc15_hef_archmage_metal,wh2_dlc15_skill_node_set_hef_archmage_metal,wh2_dlc15_skill_node_set_hef_archmage_metal_innate_18,wh2_dlc15_skill_innate_hef_archmage_battle_7_conductor,1,wh2_main_effect_ability_overcast_urannons_thunderbolt,data/skill_trees/characters/high_elves/Archmage_Metal.csv,483,wh_main_spell_heavens_urannons_thunderbolt,ability_bindings,data/effect_semantics/source_exports/db/effect_bonus_value_unit_ability_junctions_tables/data__.tsv,1407,enable,ability,wh_main_spell_heavens_urannons_thunderbolt
wh2_dlc15_hef_archmage_metal,wh2_dlc15_skill_node_set_hef_archmage_metal,wh2_dlc15_skill_node_set_hef_archmage_metal_innate_18,wh2_dlc15_skill_innate_hef_archmage_battle_7_conductor,1,wh3_main_effect_spell_targeting_range_all,data/skill_trees/characters/high_elves/Archmage_Metal.csv,484,,ability_group_bindings,data/effect_semantics/source_exports/db/effect_bonus_value_special_ability_group_junctions_tables/data__.tsv,318,target_intercept_range_mod,ability_group,wh2_dlc09_lore_nehekhara
wh2_dlc15_hef_archmage_metal,wh2_dlc15_skill_node_set_hef_archmage_metal,wh2_dlc15_skill_node_set_hef_archmage_metal_innate_18,wh2_dlc15_skill_innate_hef_archmage_battle_7_conductor,1,wh3_main_effect_spell_targeting_range_all,data/skill_trees/characters/high_elves/Archmage_Metal.csv,484,,ability_group_bindings,data/effect_semantics/source_exports/db/effect_bonus_value_special_ability_group_junctions_tables/data__.tsv,319,target_intercept_range_mod,ability_group,wh2_dlc09_lore_nehekhara_upgraded
wh2_dlc15_hef_archmage_metal,wh2_dlc15_skill_node_set_hef_archmage_metal,wh2_dlc15_skill_node_set_hef_archmage_metal_innate_18,wh2_dlc15_skill_innate_hef_archmage_battle_7_conductor,1,wh3_main_effect_spell_targeting_range_all,data/skill_trees/characters/high_elves/Archmage_Metal.csv,484,,ability_group_bindings,data/effect_semantics/source_exports/db/effect_bonus_value_special_ability_group_junctions_tables/data__.tsv,320,target_intercept_range_mod,ability_group,wh2_dlc11_lore_deep
wh2_dlc15_hef_archmage_metal,wh2_dlc15_skill_node_set_hef_archmage_metal,wh2_dlc15_skill_node_set_hef_archmage_metal_innate_18,wh2_dlc15_skill_innate_hef_archmage_battle_7_conductor,1,wh3_main_effect_spell_targeting_range_all,data/skill_trees/characters/high_elves/Archmage_Metal.csv,484,,ability_group_bindings,data/effect_semantics/source_exports/db/effect_bonus_value_special_ability_group_junctions_tables/data__.tsv,321,target_intercept_range_mod,ability_group,wh2_dlc11_lore_deep_upgraded
wh2_dlc15_hef_archmage_metal,wh2_dlc15_skill_node_set_hef_archmage_metal,wh2_dlc15_skill_node_set_hef_archmage_metal_innate_18,wh2_dlc15_skill_innate_hef_archmage_battle_7_conductor,1,wh3_main_effect_spell_targeting_range_all,data/skill_trees/characters/high_elves/Archmage_Metal.csv,484,,ability_group_bindings,data/effect_semantics/source_exports/db/effect_bonus_value_special_ability_group_junctions_tables/data__.tsv,322,target_intercept_range_mod,ability_group,wh2_dlc12_lore_lord_kroak
wh2_dlc15_hef_archmage_metal,wh2_dlc15_skill_node_set_hef_archmage_metal,wh2_dlc15_skill_node_set_hef_archmage_metal_innate_18,wh2_dlc15_skill_innate_hef_archmage_battle_7_conductor,1,wh3_main_effect_spell_targeting_range_all,data/skill_trees/characters/high_elves/Archmage_Metal.csv,484,,ability_group_bindings,data/effect_semantics/source_exports/db/effect_bonus_value_special_ability_group_junctions_tables/data__.tsv,323,target_intercept_range_mod,ability_group,wh2_dlc14_lore_stealth
wh2_dlc15_hef_archmage_metal,wh2_dlc15_skill_node_set_hef_archmage_metal,wh2_dlc15_skill_node_set_hef_archmage_metal_innate_18,wh2_dlc15_skill_innate_hef_archmage_battle_7_conductor,1,wh3_main_effect_spell_targeting_range_all,data/skill_trees/characters/high_elves/Archmage_Metal.csv,484,,ability_group_bindings,data/effect_semantics/source_exports/db/effect_bonus_value_special_ability_group_junctions_tables/data__.tsv,324,target_intercept_range_mod,ability_group,wh2_dlc14_lore_stealth_upgraded
wh2_dlc15_hef_archmage_metal,wh2_dlc15_skill_node_set_hef_archmage_metal,wh2_dlc15_skill_node_set_hef_archmage_metal_innate_18,wh2_dlc15_skill_innate_hef_archmage_battle_7_conductor,1,wh3_main_effect_spell_targeting_range_all,data/skill_trees/characters/high_elves/Archmage_Metal.csv,484,,ability_group_bindings,data/effect_semantics/source_exports/db/effect_bonus_value_special_ability_group_junctions_tables/data__.tsv,325,target_intercept_range_mod,ability_group,wh2_main_lore_dark_magic
wh2_dlc15_hef_archmage_metal,wh2_dlc15_skill_node_set_hef_archmage_metal,wh2_dlc15_skill_node_set_hef_archmage_metal_innate_18,wh2_dlc15_skill_innate_hef_archmage_battle_7_conductor,1,wh3_main_effect_spell_targeting_range_all,data/skill_trees/characters/high_elves/Archmage_Metal.csv,484,,ability_group_bindings,data/effect_semantics/source_exports/db/effect_bonus_value_special_ability_group_junctions_tables/data__.tsv,326,target_intercept_range_mod,ability_group,wh2_main_lore_dark_magic_upgraded
wh2_dlc15_hef_archmage_metal,wh2_dlc15_skill_node_set_hef_archmage_metal,wh2_dlc15_skill_node_set_hef_archmage_metal_innate_18,wh2_dlc15_skill_innate_hef_archmage_battle_7_conductor,1,wh3_main_effect_spell_targeting_range_all,data/skill_trees/characters/high_elves/Archmage_Metal.csv,484,,ability_group_bindings,data/effect_semantics/source_exports/db/effect_bonus_value_special_ability_group_junctions_tables/data__.tsv,327,target_intercept_range_mod,ability_group,wh2_main_lore_high_magic
wh2_dlc15_hef_archmage_metal,wh2_dlc15_skill_node_set_hef_archmage_metal,wh2_dlc15_skill_node_set_hef_archmage_metal_innate_18,wh2_dlc15_skill_innate_hef_archmage_battle_7_conductor,1,wh3_main_effect_spell_targeting_range_all,data/skill_trees/characters/high_elves/Archmage_Metal.csv,484,,ability_group_bindings,data/effect_semantics/source_exports/db/effect_bonus_value_special_ability_group_junctions_tables/data__.tsv,328,target_intercept_range_mod,ability_group,wh2_main_lore_high_magic_upgraded
wh2_dlc15_hef_archmage_metal,wh2_dlc15_skill_node_set_hef_archmage_metal,wh2_dlc15_skill_node_set_hef_archmage_metal_innate_18,wh2_dlc15_skill_innate_hef_archmage_battle_7_conductor,1,wh3_main_effect_spell_targeting_range_all,data/skill_trees/characters/high_elves/Archmage_Metal.csv,484,,ability_group_bindings,data/effect_semantics/source_exports/db/effect_bonus_value_special_ability_group_junctions_tables/data__.tsv,329,target_intercept_range_mod,ability_group,wh2_main_lore_plague
wh2_dlc15_hef_archmage_metal,wh2_dlc15_skill_node_set_hef_archmage_metal,wh2_dlc15_skill_node_set_hef_archmage_metal_innate_18,wh2_dlc15_skill_innate_hef_archmage_battle_7_conductor,1,wh3_main_effect_spell_targeting_range_all,data/skill_trees/characters/high_elves/Archmage_Metal.csv,484,,ability_group_bindings,data/effect_semantics/source_exports/db/effect_bonus_value_special_ability_group_junctions_tables/data__.tsv,330,target_intercept_range_mod,ability_group,wh2_main_lore_plague_upgraded
wh2_dlc15_hef_archmage_metal,wh2_dlc15_skill_node_set_hef_archmage_metal,wh2_dlc15_skill_node_set_hef_archmage_metal_innate_18,wh2_dlc15_skill_innate_hef_archmage_battle_7_conductor,1,wh3_main_effect_spell_targeting_range_all,data/skill_trees/characters/high_elves/Archmage_Metal.csv,484,,ability_group_bindings,data/effect_semantics/source_exports/db/effect_bonus_value_special_ability_group_junctions_tables/data__.tsv,331,target_intercept_range_mod,ability_group,wh2_main_lore_ruin
wh2_dlc15_hef_archmage_metal,wh2_dlc15_skill_node_set_hef_archmage_metal,wh2_dlc15_skill_node_set_hef_archmage_metal_innate_18,wh2_dlc15_skill_innate_hef_archmage_battle_7_conductor,1,wh3_main_effect_spell_targeting_range_all,data/skill_trees/characters/high_elves/Archmage_Metal.csv,484,,ability_group_bindings,data/effect_semantics/source_exports/db/effect_bonus_value_special_ability_group_junctions_tables/data__.tsv,332,target_intercept_range_mod,ability_group,wh2_main_lore_ruin_upgraded
wh2_dlc15_hef_archmage_metal,wh2_dlc15_skill_node_set_hef_archmage_metal,wh2_dlc15_skill_node_set_hef_archmage_metal_innate_18,wh2_dlc15_skill_innate_hef_archmage_battle_7_conductor,1,wh3_main_effect_spell_targeting_range_all,data/skill_trees/characters/high_elves/Archmage_Metal.csv,484,,ability_group_bindings,data/effect_semantics/source_exports/db/effect_bonus_value_special_ability_group_junctions_tables/data__.tsv,333,target_intercept_range_mod,ability_group,wh3_dlc23_lore_hashut
wh2_dlc15_hef_archmage_metal,wh2_dlc15_skill_node_set_hef_archmage_metal,wh2_dlc15_skill_node_set_hef_archmage_metal_innate_18,wh2_dlc15_skill_innate_hef_archmage_battle_7_conductor,1,wh3_main_effect_spell_targeting_range_all,data/skill_trees/characters/high_elves/Archmage_Metal.csv,484,,ability_group_bindings,data/effect_semantics/source_exports/db/effect_bonus_value_special_ability_group_junctions_tables/data__.tsv,334,target_intercept_range_mod,ability_group,wh3_dlc23_lore_hashut_upgraded
wh2_dlc15_hef_archmage_metal,wh2_dlc15_skill_node_set_hef_archmage_metal,wh2_dlc15_skill_node_set_hef_archmage_metal_innate_18,wh2_dlc15_skill_innate_hef_archmage_battle_7_conductor,1,wh3_main_effect_spell_targeting_range_all,data/skill_trees/characters/high_elves/Archmage_Metal.csv,484,,ability_group_bindings,data/effect_semantics/source_exports/db/effect_bonus_value_special_ability_group_junctions_tables/data__.tsv,335,target_intercept_range_mod,ability_group,wh3_dlc24_lore_hag
wh2_dlc15_hef_archmage_metal,wh2_dlc15_skill_node_set_hef_archmage_metal,wh2_dlc15_skill_node_set_hef_archmage_metal_innate_18,wh2_dlc15_skill_innate_hef_archmage_battle_7_conductor,1,wh3_main_effect_spell_targeting_range_all,data/skill_trees/characters/high_elves/Archmage_Metal.csv,484,,ability_group_bindings,data/effect_semantics/source_exports/db/effect_bonus_value_special_ability_group_junctions_tables/data__.tsv,336,target_intercept_range_mod,ability_group,wh3_dlc24_lore_hag_upgraded
wh2_dlc15_hef_archmage_metal,wh2_dlc15_skill_node_set_hef_archmage_metal,wh2_dlc15_skill_node_set_hef_archmage_metal_innate_18,wh2_dlc15_skill_innate_hef_archmage_battle_7_conductor,1,wh3_main_effect_spell_targeting_range_all,data/skill_trees/characters/high_elves/Archmage_Metal.csv,484,,ability_group_bindings,data/effect_semantics/source_exports/db/effect_bonus_value_special_ability_group_junctions_tables/data__.tsv,337,target_intercept_range_mod,ability_group,wh3_dlc27_lore_mists
wh2_dlc15_hef_archmage_metal,wh2_dlc15_skill_node_set_hef_archmage_metal,wh2_dlc15_skill_node_set_hef_archmage_metal_innate_18,wh2_dlc15_skill_innate_hef_archmage_battle_7_conductor,1,wh3_main_effect_spell_targeting_range_all,data/skill_trees/characters/high_elves/Archmage_Metal.csv,484,,ability_group_bindings,data/effect_semantics/source_exports/db/effect_bonus_value_special_ability_group_junctions_tables/data__.tsv,338,target_intercept_range_mod,ability_group,wh3_dlc27_lore_mists_upgraded
wh2_dlc15_hef_archmage_metal,wh2_dlc15_skill_node_set_hef_archmage_metal,wh2_dlc15_skill_node_set_hef_archmage_metal_innate_18,wh2_dlc15_skill_innate_hef_archmage_battle_7_conductor,1,wh3_main_effect_spell_targeting_range_all,data/skill_trees/characters/high_elves/Archmage_Metal.csv,484,,ability_group_bindings,data/effect_semantics/source_exports/db/effect_bonus_value_special_ability_group_junctions_tables/data__.tsv,339,target_intercept_range_mod,ability_group,wh3_main_lore_nurgle
wh2_dlc15_hef_archmage_metal,wh2_dlc15_skill_node_set_hef_archmage_metal,wh2_dlc15_skill_node_set_hef_archmage_metal_innate_18,wh2_dlc15_skill_innate_hef_archmage_battle_7_conductor,1,wh3_main_effect_spell_targeting_range_all,data/skill_trees/characters/high_elves/Archmage_Metal.csv,484,,ability_group_bindings,data/effect_semantics/source_exports/db/effect_bonus_value_special_ability_group_junctions_tables/data__.tsv,340,target_intercept_range_mod,ability_group,wh3_main_lore_nurgle_upgraded
wh2_dlc15_hef_archmage_metal,wh2_dlc15_skill_node_set_hef_archmage_metal,wh2_dlc15_skill_node_set_hef_archmage_metal_innate_18,wh2_dlc15_skill_innate_hef_archmage_battle_7_conductor,1,wh3_main_effect_spell_targeting_range_all,data/skill_trees/characters/high_elves/Archmage_Metal.csv,484,,ability_group_bindings,data/effect_semantics/source_exports/db/effect_bonus_value_special_ability_group_junctions_tables/data__.tsv,341,target_intercept_range_mod,ability_group,wh3_main_lore_of_great_maw
wh2_dlc15_hef_archmage_metal,wh2_dlc15_skill_node_set_hef_archmage_metal,wh2_dlc15_skill_node_set_hef_archmage_metal_innate_18,wh2_dlc15_skill_innate_hef_archmage_battle_7_conductor,1,wh3_main_effect_spell_targeting_range_all,data/skill_trees/characters/high_elves/Archmage_Metal.csv,484,,ability_group_bindings,data/effect_semantics/source_exports/db/effect_bonus_value_special_ability_group_junctions_tables/data__.tsv,342,target_intercept_range_mod,ability_group,wh3_main_lore_of_great_maw_upgraded
wh2_dlc15_hef_archmage_metal,wh2_dlc15_skill_node_set_hef_archmage_metal,wh2_dlc15_skill_node_set_hef_archmage_metal_innate_18,wh2_dlc15_skill_innate_hef_archmage_battle_7_conductor,1,wh3_main_effect_spell_targeting_range_all,data/skill_trees/characters/high_elves/Archmage_Metal.csv,484,,ability_group_bindings,data/effect_semantics/source_exports/db/effect_bonus_value_special_ability_group_junctions_tables/data__.tsv,343,target_intercept_range_mod,ability_group,wh3_main_lore_of_ice
wh2_dlc15_hef_archmage_metal,wh2_dlc15_skill_node_set_hef_archmage_metal,wh2_dlc15_skill_node_set_hef_archmage_metal_innate_18,wh2_dlc15_skill_innate_hef_archmage_battle_7_conductor,1,wh3_main_effect_spell_targeting_range_all,data/skill_trees/characters/high_elves/Archmage_Metal.csv,484,,ability_group_bindings,data/effect_semantics/source_exports/db/effect_bonus_value_special_ability_group_junctions_tables/data__.tsv,344,target_intercept_range_mod,ability_group,wh3_main_lore_of_ice_upgraded
wh2_dlc15_hef_archmage_metal,wh2_dlc15_skill_node_set_hef_archmage_metal,wh2_dlc15_skill_node_set_hef_archmage_metal_innate_18,wh2_dlc15_skill_innate_hef_archmage_battle_7_conductor,1,wh3_main_effect_spell_targeting_range_all,data/skill_trees/characters/high_elves/Archmage_Metal.csv,484,,ability_group_bindings,data/effect_semantics/source_exports/db/effect_bonus_value_special_ability_group_junctions_tables/data__.tsv,345,target_intercept_range_mod,ability_group,wh3_main_lore_of_tempest
wh2_dlc15_hef_archmage_metal,wh2_dlc15_skill_node_set_hef_archmage_metal,wh2_dlc15_skill_node_set_hef_archmage_metal_innate_18,wh2_dlc15_skill_innate_hef_archmage_battle_7_conductor,1,wh3_main_effect_spell_targeting_range_all,data/skill_trees/characters/high_elves/Archmage_Metal.csv,484,,ability_group_bindings,data/effect_semantics/source_exports/db/effect_bonus_value_special_ability_group_junctions_tables/data__.tsv,346,target_intercept_range_mod,ability_group,wh3_main_lore_of_tempest_upgraded
wh2_dlc15_hef_archmage_metal,wh2_dlc15_skill_node_set_hef_archmage_metal,wh2_dlc15_skill_node_set_hef_archmage_metal_innate_18,wh2_dlc15_skill_innate_hef_archmage_battle_7_conductor,1,wh3_main_effect_spell_targeting_range_all,data/skill_trees/characters/high_elves/Archmage_Metal.csv,484,,ability_group_bindings,data/effect_semantics/source_exports/db/effect_bonus_value_special_ability_group_junctions_tables/data__.tsv,347,target_intercept_range_mod,ability_group,wh3_main_lore_of_yang
wh2_dlc15_hef_archmage_metal,wh2_dlc15_skill_node_set_hef_archmage_metal,wh2_dlc15_skill_node_set_hef_archmage_metal_innate_18,wh2_dlc15_skill_innate_hef_archmage_battle_7_conductor,1,wh3_main_effect_spell_targeting_range_all,data/skill_trees/characters/high_elves/Archmage_Metal.csv,484,,ability_group_bindings,data/effect_semantics/source_exports/db/effect_bonus_value_special_ability_group_junctions_tables/data__.tsv,348,target_intercept_range_mod,ability_group,wh3_main_lore_of_yang_upgraded
wh2_dlc15_hef_archmage_metal,wh2_dlc15_skill_node_set_hef_archmage_metal,wh2_dlc15_skill_node_set_hef_archmage_metal_innate_18,wh2_dlc15_skill_innate_hef_archmage_battle_7_conductor,1,wh3_main_effect_spell_targeting_range_all,data/skill_trees/characters/high_elves/Archmage_Metal.csv,484,,ability_group_bindings,data/effect_semantics/source_exports/db/effect_bonus_value_special_ability_group_junctions_tables/data__.tsv,349,target_intercept_range_mod,ability_group,wh3_main_lore_of_yin
wh2_dlc15_hef_archmage_metal,wh2_dlc15_skill_node_set_hef_archmage_metal,wh2_dlc15_skill_node_set_hef_archmage_metal_innate_18,wh2_dlc15_skill_innate_hef_archmage_battle_7_conductor,1,wh3_main_effect_spell_targeting_range_all,data/skill_trees/characters/high_elves/Archmage_Metal.csv,484,,ability_group_bindings,data/effect_semantics/source_exports/db/effect_bonus_value_special_ability_group_junctions_tables/data__.tsv,350,target_intercept_range_mod,ability_group,wh3_main_lore_of_yin_upgraded
wh2_dlc15_hef_archmage_metal,wh2_dlc15_skill_node_set_hef_archmage_metal,wh2_dlc15_skill_node_set_hef_archmage_metal_innate_18,wh2_dlc15_skill_innate_hef_archmage_battle_7_conductor,1,wh3_main_effect_spell_targeting_range_all,data/skill_trees/characters/high_elves/Archmage_Metal.csv,484,,ability_group_bindings,data/effect_semantics/source_exports/db/effect_bonus_value_special_ability_group_junctions_tables/data__.tsv,351,target_intercept_range_mod,ability_group,wh3_main_lore_slaanesh
wh2_dlc15_hef_archmage_metal,wh2_dlc15_skill_node_set_hef_archmage_metal,wh2_dlc15_skill_node_set_hef_archmage_metal_innate_18,wh2_dlc15_skill_innate_hef_archmage_battle_7_conductor,1,wh3_main_effect_spell_targeting_range_all,data/skill_trees/characters/high_elves/Archmage_Metal.csv,484,,ability_group_bindings,data/effect_semantics/source_exports/db/effect_bonus_value_special_ability_group_junctions_tables/data__.tsv,352,target_intercept_range_mod,ability_group,wh3_main_lore_slaanesh_upgraded
wh2_dlc15_hef_archmage_metal,wh2_dlc15_skill_node_set_hef_archmage_metal,wh2_dlc15_skill_node_set_hef_archmage_metal_innate_18,wh2_dlc15_skill_innate_hef_archmage_battle_7_conductor,1,wh3_main_effect_spell_targeting_range_all,data/skill_trees/characters/high_elves/Archmage_Metal.csv,484,,ability_group_bindings,data/effect_semantics/source_exports/db/effect_bonus_value_special_ability_group_junctions_tables/data__.tsv,353,target_intercept_range_mod,ability_group,wh3_main_lore_tzeentch
wh2_dlc15_hef_archmage_metal,wh2_dlc15_skill_node_set_hef_archmage_metal,wh2_dlc15_skill_node_set_hef_archmage_metal_innate_18,wh2_dlc15_skill_innate_hef_archmage_battle_7_conductor,1,wh3_main_effect_spell_targeting_range_all,data/skill_trees/characters/high_elves/Archmage_Metal.csv,484,,ability_group_bindings,data/effect_semantics/source_exports/db/effect_bonus_value_special_ability_group_junctions_tables/data__.tsv,354,target_intercept_range_mod,ability_group,wh3_main_lore_tzeentch_upgraded
wh2_dlc15_hef_archmage_metal,wh2_dlc15_skill_node_set_hef_archmage_metal,wh2_dlc15_skill_node_set_hef_archmage_metal_innate_18,wh2_dlc15_skill_innate_hef_archmage_battle_7_conductor,1,wh3_main_effect_spell_targeting_range_all,data/skill_trees/characters/high_elves/Archmage_Metal.csv,484,,ability_group_bindings,data/effect_semantics/source_exports/db/effect_bonus_value_special_ability_group_junctions_tables/data__.tsv,355,target_intercept_range_mod,ability_group,wh_dlc03_lore_beasts
wh2_dlc15_hef_archmage_metal,wh2_dlc15_skill_node_set_hef_archmage_metal,wh2_dlc15_skill_node_set_hef_archmage_metal_innate_18,wh2_dlc15_skill_innate_hef_archmage_battle_7_conductor,1,wh3_main_effect_spell_targeting_range_all,data/skill_trees/characters/high_elves/Archmage_Metal.csv,484,,ability_group_bindings,data/effect_semantics/source_exports/db/effect_bonus_value_special_ability_group_junctions_tables/data__.tsv,356,target_intercept_range_mod,ability_group,wh_dlc03_lore_beasts_upgraded
wh2_dlc15_hef_archmage_metal,wh2_dlc15_skill_node_set_hef_archmage_metal,wh2_dlc15_skill_node_set_hef_archmage_metal_innate_18,wh2_dlc15_skill_innate_hef_archmage_battle_7_conductor,1,wh3_main_effect_spell_targeting_range_all,data/skill_trees/characters/high_elves/Archmage_Metal.csv,484,,ability_group_bindings,data/effect_semantics/source_exports/db/effect_bonus_value_special_ability_group_junctions_tables/data__.tsv,357,target_intercept_range_mod,ability_group,wh_dlc03_lore_wild
wh2_dlc15_hef_archmage_metal,wh2_dlc15_skill_node_set_hef_archmage_metal,wh2_dlc15_skill_node_set_hef_archmage_metal_innate_18,wh2_dlc15_skill_innate_hef_archmage_battle_7_conductor,1,wh3_main_effect_spell_targeting_range_all,data/skill_trees/characters/high_elves/Archmage_Metal.csv,484,,ability_group_bindings,data/effect_semantics/source_exports/db/effect_bonus_value_special_ability_group_junctions_tables/data__.tsv,358,target_intercept_range_mod,ability_group,wh_dlc03_lore_wild_upgraded
wh2_dlc15_hef_archmage_metal,wh2_dlc15_skill_node_set_hef_archmage_metal,wh2_dlc15_skill_node_set_hef_archmage_metal_innate_18,wh2_dlc15_skill_innate_hef_archmage_battle_7_conductor,1,wh3_main_effect_spell_targeting_range_all,data/skill_trees/characters/high_elves/Archmage_Metal.csv,484,,ability_group_bindings,data/effect_semantics/source_exports/db/effect_bonus_value_special_ability_group_junctions_tables/data__.tsv,359,target_intercept_range_mod,ability_group,wh_dlc05_lore_life
wh2_dlc15_hef_archmage_metal,wh2_dlc15_skill_node_set_hef_archmage_metal,wh2_dlc15_skill_node_set_hef_archmage_metal_innate_18,wh2_dlc15_skill_innate_hef_archmage_battle_7_conductor,1,wh3_main_effect_spell_targeting_range_all,data/skill_trees/characters/high_elves/Archmage_Metal.csv,484,,ability_group_bindings,data/effect_semantics/source_exports/db/effect_bonus_value_special_ability_group_junctions_tables/data__.tsv,360,target_intercept_range_mod,ability_group,wh_dlc05_lore_life_upgraded
wh2_dlc15_hef_archmage_metal,wh2_dlc15_skill_node_set_hef_archmage_metal,wh2_dlc15_skill_node_set_hef_archmage_metal_innate_18,wh2_dlc15_skill_innate_hef_archmage_battle_7_conductor,1,wh3_main_effect_spell_targeting_range_all,data/skill_trees/characters/high_elves/Archmage_Metal.csv,484,,ability_group_bindings,data/effect_semantics/source_exports/db/effect_bonus_value_special_ability_group_junctions_tables/data__.tsv,361,target_intercept_range_mod,ability_group,wh_dlc05_lore_shadows
wh2_dlc15_hef_archmage_metal,wh2_dlc15_skill_node_set_hef_archmage_metal,wh2_dlc15_skill_node_set_hef_archmage_metal_innate_18,wh2_dlc15_skill_innate_hef_archmage_battle_7_conductor,1,wh3_main_effect_spell_targeting_range_all,data/skill_trees/characters/high_elves/Archmage_Metal.csv,484,,ability_group_bindings,data/effect_semantics/source_exports/db/effect_bonus_value_special_ability_group_junctions_tables/data__.tsv,362,target_intercept_range_mod,ability_group,wh_dlc05_lore_shadows_upgraded
wh2_dlc15_hef_archmage_metal,wh2_dlc15_skill_node_set_hef_archmage_metal,wh2_dlc15_skill_node_set_hef_archmage_metal_innate_18,wh2_dlc15_skill_innate_hef_archmage_battle_7_conductor,1,wh3_main_effect_spell_targeting_range_all,data/skill_trees/characters/high_elves/Archmage_Metal.csv,484,,ability_group_bindings,data/effect_semantics/source_exports/db/effect_bonus_value_special_ability_group_junctions_tables/data__.tsv,363,target_intercept_range_mod,ability_group,wh_main_lore_big_waaagh
wh2_dlc15_hef_archmage_metal,wh2_dlc15_skill_node_set_hef_archmage_metal,wh2_dlc15_skill_node_set_hef_archmage_metal_innate_18,wh2_dlc15_skill_innate_hef_archmage_battle_7_conductor,1,wh3_main_effect_spell_targeting_range_all,data/skill_trees/characters/high_elves/Archmage_Metal.csv,484,,ability_group_bindings,data/effect_semantics/source_exports/db/effect_bonus_value_special_ability_group_junctions_tables/data__.tsv,364,target_intercept_range_mod,ability_group,wh_main_lore_big_waaagh_upgraded
wh2_dlc15_hef_archmage_metal,wh2_dlc15_skill_node_set_hef_archmage_metal,wh2_dlc15_skill_node_set_hef_archmage_metal_innate_18,wh2_dlc15_skill_innate_hef_archmage_battle_7_conductor,1,wh3_main_effect_spell_targeting_range_all,data/skill_trees/characters/high_elves/Archmage_Metal.csv,484,,ability_group_bindings,data/effect_semantics/source_exports/db/effect_bonus_value_special_ability_group_junctions_tables/data__.tsv,365,target_intercept_range_mod,ability_group,wh_main_lore_death
wh2_dlc15_hef_archmage_metal,wh2_dlc15_skill_node_set_hef_archmage_metal,wh2_dlc15_skill_node_set_hef_archmage_metal_innate_18,wh2_dlc15_skill_innate_hef_archmage_battle_7_conductor,1,wh3_main_effect_spell_targeting_range_all,data/skill_trees/characters/high_elves/Archmage_Metal.csv,484,,ability_group_bindings,data/effect_semantics/source_exports/db/effect_bonus_value_special_ability_group_junctions_tables/data__.tsv,366,target_intercept_range_mod,ability_group,wh_main_lore_death_upgraded
wh2_dlc15_hef_archmage_metal,wh2_dlc15_skill_node_set_hef_archmage_metal,wh2_dlc15_skill_node_set_hef_archmage_metal_innate_18,wh2_dlc15_skill_innate_hef_archmage_battle_7_conductor,1,wh3_main_effect_spell_targeting_range_all,data/skill_trees/characters/high_elves/Archmage_Metal.csv,484,,ability_group_bindings,data/effect_semantics/source_exports/db/effect_bonus_value_special_ability_group_junctions_tables/data__.tsv,367,target_intercept_range_mod,ability_group,wh_main_lore_fire
wh2_dlc15_hef_archmage_metal,wh2_dlc15_skill_node_set_hef_archmage_metal,wh2_dlc15_skill_node_set_hef_archmage_metal_innate_18,wh2_dlc15_skill_innate_hef_archmage_battle_7_conductor,1,wh3_main_effect_spell_targeting_range_all,data/skill_trees/characters/high_elves/Archmage_Metal.csv,484,,ability_group_bindings,data/effect_semantics/source_exports/db/effect_bonus_value_special_ability_group_junctions_tables/data__.tsv,368,target_intercept_range_mod,ability_group,wh_main_lore_fire_upgraded
wh2_dlc15_hef_archmage_metal,wh2_dlc15_skill_node_set_hef_archmage_metal,wh2_dlc15_skill_node_set_hef_archmage_metal_innate_18,wh2_dlc15_skill_innate_hef_archmage_battle_7_conductor,1,wh3_main_effect_spell_targeting_range_all,data/skill_trees/characters/high_elves/Archmage_Metal.csv,484,,ability_group_bindings,data/effect_semantics/source_exports/db/effect_bonus_value_special_ability_group_junctions_tables/data__.tsv,369,target_intercept_range_mod,ability_group,wh_main_lore_heavens
wh2_dlc15_hef_archmage_metal,wh2_dlc15_skill_node_set_hef_archmage_metal,wh2_dlc15_skill_node_set_hef_archmage_metal_innate_18,wh2_dlc15_skill_innate_hef_archmage_battle_7_conductor,1,wh3_main_effect_spell_targeting_range_all,data/skill_trees/characters/high_elves/Archmage_Metal.csv,484,,ability_group_bindings,data/effect_semantics/source_exports/db/effect_bonus_value_special_ability_group_junctions_tables/data__.tsv,370,target_intercept_range_mod,ability_group,wh_main_lore_heavens_upgraded
wh2_dlc15_hef_archmage_metal,wh2_dlc15_skill_node_set_hef_archmage_metal,wh2_dlc15_skill_node_set_hef_archmage_metal_innate_18,wh2_dlc15_skill_innate_hef_archmage_battle_7_conductor,1,wh3_main_effect_spell_targeting_range_all,data/skill_trees/characters/high_elves/Archmage_Metal.csv,484,,ability_group_bindings,data/effect_semantics/source_exports/db/effect_bonus_value_special_ability_group_junctions_tables/data__.tsv,371,target_intercept_range_mod,ability_group,wh_main_lore_light
wh2_dlc15_hef_archmage_metal,wh2_dlc15_skill_node_set_hef_archmage_metal,wh2_dlc15_skill_node_set_hef_archmage_metal_innate_18,wh2_dlc15_skill_innate_hef_archmage_battle_7_conductor,1,wh3_main_effect_spell_targeting_range_all,data/skill_trees/characters/high_elves/Archmage_Metal.csv,484,,ability_group_bindings,data/effect_semantics/source_exports/db/effect_bonus_value_special_ability_group_junctions_tables/data__.tsv,372,target_intercept_range_mod,ability_group,wh_main_lore_light_upgraded
wh2_dlc15_hef_archmage_metal,wh2_dlc15_skill_node_set_hef_archmage_metal,wh2_dlc15_skill_node_set_hef_archmage_metal_innate_18,wh2_dlc15_skill_innate_hef_archmage_battle_7_conductor,1,wh3_main_effect_spell_targeting_range_all,data/skill_trees/characters/high_elves/Archmage_Metal.csv,484,,ability_group_bindings,data/effect_semantics/source_exports/db/effect_bonus_value_special_ability_group_junctions_tables/data__.tsv,373,target_intercept_range_mod,ability_group,wh_main_lore_lil_waaagh
wh2_dlc15_hef_archmage_metal,wh2_dlc15_skill_node_set_hef_archmage_metal,wh2_dlc15_skill_node_set_hef_archmage_metal_innate_18,wh2_dlc15_skill_innate_hef_archmage_battle_7_conductor,1,wh3_main_effect_spell_targeting_range_all,data/skill_trees/characters/high_elves/Archmage_Metal.csv,484,,ability_group_bindings,data/effect_semantics/source_exports/db/effect_bonus_value_special_ability_group_junctions_tables/data__.tsv,374,target_intercept_range_mod,ability_group,wh_main_lore_lil_waaagh_upgraded
wh2_dlc15_hef_archmage_metal,wh2_dlc15_skill_node_set_hef_archmage_metal,wh2_dlc15_skill_node_set_hef_archmage_metal_innate_18,wh2_dlc15_skill_innate_hef_archmage_battle_7_conductor,1,wh3_main_effect_spell_targeting_range_all,data/skill_trees/characters/high_elves/Archmage_Metal.csv,484,,ability_group_bindings,data/effect_semantics/source_exports/db/effect_bonus_value_special_ability_group_junctions_tables/data__.tsv,375,target_intercept_range_mod,ability_group,wh_main_lore_metal
wh2_dlc15_hef_archmage_metal,wh2_dlc15_skill_node_set_hef_archmage_metal,wh2_dlc15_skill_node_set_hef_archmage_metal_innate_18,wh2_dlc15_skill_innate_hef_archmage_battle_7_conductor,1,wh3_main_effect_spell_targeting_range_all,data/skill_trees/characters/high_elves/Archmage_Metal.csv,484,,ability_group_bindings,data/effect_semantics/source_exports/db/effect_bonus_value_special_ability_group_junctions_tables/data__.tsv,376,target_intercept_range_mod,ability_group,wh_main_lore_metal_upgraded
wh2_dlc15_hef_archmage_metal,wh2_dlc15_skill_node_set_hef_archmage_metal,wh2_dlc15_skill_node_set_hef_archmage_metal_innate_18,wh2_dlc15_skill_innate_hef_archmage_battle_7_conductor,1,wh3_main_effect_spell_targeting_range_all,data/skill_trees/characters/high_elves/Archmage_Metal.csv,484,,ability_group_bindings,data/effect_semantics/source_exports/db/effect_bonus_value_special_ability_group_junctions_tables/data__.tsv,377,target_intercept_range_mod,ability_group,wh_main_lore_vampires
wh2_dlc15_hef_archmage_metal,wh2_dlc15_skill_node_set_hef_archmage_metal,wh2_dlc15_skill_node_set_hef_archmage_metal_innate_18,wh2_dlc15_skill_innate_hef_archmage_battle_7_conductor,1,wh3_main_effect_spell_targeting_range_all,data/skill_trees/characters/high_elves/Archmage_Metal.csv,484,,ability_group_bindings,data/effect_semantics/source_exports/db/effect_bonus_value_special_ability_group_junctions_tables/data__.tsv,378,target_intercept_range_mod,ability_group,wh_main_lore_vampires_upgraded
wh2_dlc15_hef_archmage_metal,wh2_dlc15_skill_node_set_hef_archmage_metal,wh2_dlc15_skill_node_set_hef_archmage_metal_innate_21,wh2_dlc15_skill_innate_hef_archmage_army_7_negator,1,wh2_main_effect_ability_overcast_melkoths_enfeebling_foe,data/skill_trees/characters/high_elves/Archmage_Metal.csv,490,wh_dlc05_spell_shadow_the_enfeebling_foe,ability_bindings,data/effect_semantics/source_exports/db/effect_bonus_value_unit_ability_junctions_tables/data__.tsv,1344,enable_overchage,ability,wh_dlc05_spell_shadow_the_enfeebling_foe
wh2_dlc15_hef_archmage_metal,wh2_dlc15_skill_node_set_hef_archmage_metal,wh2_dlc15_skill_node_set_hef_archmage_metal_innate_21,wh2_dlc15_skill_innate_hef_archmage_army_7_negator,1,wh2_main_effect_ability_overcast_melkoths_enfeebling_foe,data/skill_trees/characters/high_elves/Archmage_Metal.csv,490,wh_dlc05_spell_shadow_the_enfeebling_foe,ability_bindings,data/effect_semantics/source_exports/db/effect_bonus_value_unit_ability_junctions_tables/data__.tsv,1345,enable,ability,wh_dlc05_spell_shadow_the_enfeebling_foe
wh2_dlc15_hef_archmage_metal,wh2_dlc15_skill_node_set_hef_archmage_metal,wh2_dlc15_skill_node_set_hef_archmage_metal_innate_21,wh2_dlc15_skill_innate_hef_archmage_army_7_negator,1,wh2_main_effect_ability_overcast_melkoths_mystifying_miasma,data/skill_trees/characters/high_elves/Archmage_Metal.csv,491,wh_dlc05_spell_shadow_melkoths_mystifying_miasma,ability_bindings,data/effect_semantics/source_exports/db/effect_bonus_value_unit_ability_junctions_tables/data__.tsv,1346,enable_overchage,ability,wh_dlc05_spell_shadow_melkoths_mystifying_miasma
wh2_dlc15_hef_archmage_metal,wh2_dlc15_skill_node_set_hef_archmage_metal,wh2_dlc15_skill_node_set_hef_archmage_metal_innate_21,wh2_dlc15_skill_innate_hef_archmage_army_7_negator,1,wh2_main_effect_ability_overcast_melkoths_mystifying_miasma,data/skill_trees/characters/high_elves/Archmage_Metal.csv,491,wh_dlc05_spell_shadow_melkoths_mystifying_miasma,ability_bindings,data/effect_semantics/source_exports/db/effect_bonus_value_unit_ability_junctions_tables/data__.tsv,1347,enable,ability,wh_dlc05_spell_shadow_melkoths_mystifying_miasma
wh2_dlc15_hef_archmage_metal,wh2_dlc15_skill_node_set_hef_archmage_metal,wh2_dlc15_skill_node_set_hef_archmage_metal_innate_24,wh2_dlc15_skill_innate_hef_archmage_army_7_protective,1,wh2_main_effect_ability_overcast_glittering_robe,data/skill_trees/characters/high_elves/Archmage_Metal.csv,497,wh_main_spell_metal_glittering_robe,ability_bindings,data/effect_semantics/source_exports/db/effect_bonus_value_unit_ability_junctions_tables/data__.tsv,1332,enable_overchage,ability,wh_main_spell_metal_glittering_robe
wh2_dlc15_hef_archmage_metal,wh2_dlc15_skill_node_set_hef_archmage_metal,wh2_dlc15_skill_node_set_hef_archmage_metal_innate_24,wh2_dlc15_skill_innate_hef_archmage_army_7_protective,1,wh2_main_effect_ability_overcast_glittering_robe,data/skill_trees/characters/high_elves/Archmage_Metal.csv,497,wh_main_spell_metal_glittering_robe,ability_bindings,data/effect_semantics/source_exports/db/effect_bonus_value_unit_ability_junctions_tables/data__.tsv,1333,enable,ability,wh_main_spell_metal_glittering_robe
wh2_dlc15_hef_archmage_metal,wh2_dlc15_skill_node_set_hef_archmage_metal,wh2_dlc15_skill_node_set_hef_archmage_metal_innate_24,wh2_dlc15_skill_innate_hef_archmage_army_7_protective,1,wh2_main_effect_ability_overcast_transmutation_of_lead,data/skill_trees/characters/high_elves/Archmage_Metal.csv,498,wh_main_spell_metal_transmutation_of_lead,ability_bindings,data/effect_semantics/source_exports/db/effect_bonus_value_unit_ability_junctions_tables/data__.tsv,1404,enable_overchage,ability,wh_main_spell_metal_transmutation_of_lead
wh2_dlc15_hef_archmage_metal,wh2_dlc15_skill_node_set_hef_archmage_metal,wh2_dlc15_skill_node_set_hef_archmage_metal_innate_24,wh2_dlc15_skill_innate_hef_archmage_army_7_protective,1,wh2_main_effect_ability_overcast_transmutation_of_lead,data/skill_trees/characters/high_elves/Archmage_Metal.csv,498,wh_main_spell_metal_transmutation_of_lead,ability_bindings,data/effect_semantics/source_exports/db/effect_bonus_value_unit_ability_junctions_tables/data__.tsv,1405,enable,ability,wh_main_spell_metal_transmutation_of_lead
