agent_subtype_key,node_set_key,node_key,skill_key,skill_level,effect_key,skill_source_path,skill_source_line,ability_key,binding_table,binding_source_path,binding_source_line,bonus_value_id,target_kind,target_key
wh3_dlc29_tmb_liche_high_priest_undeath,wh3_dlc29_skill_node_set_tmb_liche_high_priest_undeath,wh3_dlc29_skill_node_nag_lord_unique_high_liche_priest_undeath_leader_01,wh3_dlc29_skill_tmb_liche_high_priest_unique_1,1,wh2_dlc12_effect_magic_cooldown_all_lores,data/skill_trees/characters/tomb_kings/Liche_High_Priest_Undeath.csv,11,,ability_group_bindings,data/effect_semantics/source_exports/db/effect_bonus_value_special_ability_group_junctions_tables/data__.tsv,11,recharge_rate_percentage_mod,ability_group,wh2_dlc09_lore_nehekhara
wh3_dlc29_tmb_liche_high_priest_undeath,wh3_dlc29_skill_node_set_tmb_liche_high_priest_undeath,wh3_dlc29_skill_node_nag_lord_unique_high_liche_priest_undeath_leader_01,wh3_dlc29_skill_tmb_liche_high_priest_unique_1,1,wh2_dlc12_effect_magic_cooldown_all_lores,data/skill_trees/characters/tomb_kings/Liche_High_Priest_Undeath.csv,11,,ability_group_bindings,data/effect_semantics/source_exports/db/effect_bonus_value_special_ability_group_junctions_tables/data__.tsv,12,recharge_rate_percentage_mod,ability_group,wh2_dlc09_lore_nehekhara_upgraded
wh3_dlc29_tmb_liche_high_priest_undeath,wh3_dlc29_skill_node_set_tmb_liche_high_priest_undeath,wh3_dlc29_skill_node_nag_lord_unique_high_liche_priest_undeath_leader_01,wh3_dlc29_skill_tmb_liche_high_priest_unique_1,1,wh2_dlc12_effect_magic_cooldown_all_lores,data/skill_trees/characters/tomb_kings/Liche_High_Priest_Undeath.csv,11,,ability_group_bindings,data/effect_semantics/source_exports/db/effect_bonus_value_special_ability_group_junctions_tables/data__.tsv,13,recharge_rate_percentage_mod,ability_group,wh2_dlc11_lore_deep
wh3_dlc29_tmb_liche_high_priest_undeath,wh3_dlc29_skill_node_set_tmb_liche_high_priest_undeath,wh3_dlc29_skill_node_nag_lord_unique_high_liche_priest_undeath_leader_01,wh3_dlc29_skill_tmb_liche_high_priest_unique_1,1,wh2_dlc12_effect_magic_cooldown_all_lores,data/skill_trees/characters/tomb_kings/Liche_High_Priest_Undeath.csv,11,,ability_group_bindings,data/effect_semantics/source_exports/db/effect_bonus_value_special_ability_group_junctions_tables/data__.tsv,14,recharge_rate_percentage_mod,ability_group,wh2_dlc11_lore_deep_upgraded
wh3_dlc29_tmb_liche_high_priest_undeath,wh3_dlc29_skill_node_set_tmb_liche_high_priest_undeath,wh3_dlc29_skill_node_nag_lord_unique_high_liche_priest_undeath_leader_01,wh3_dlc29_skill_tmb_liche_high_priest_unique_1,1,wh2_dlc12_effect_magic_cooldown_all_lores,data/skill_trees/characters/tomb_kings/Liche_High_Priest_Undeath.csv,11,,ability_group_bindings,data/effect_semantics/source_exports/db/effect_bonus_value_special_ability_group_junctions_tables/data__.tsv,15,recharge_rate_percentage_mod,ability_group,wh2_dlc12_lore_lord_kroak
wh3_dlc29_tmb_liche_high_priest_undeath,wh3_dlc29_skill_node_set_tmb_liche_high_priest_undeath,wh3_dlc29_skill_node_nag_lord_unique_high_liche_priest_undeath_leader_01,wh3_dlc29_skill_tmb_liche_high_priest_unique_1,1,wh2_dlc12_effect_magic_cooldown_all_lores,data/skill_trees/characters/tomb_kings/Liche_High_Priest_Undeath.csv,11,,ability_group_bindings,data/effect_semantics/source_exports/db/effect_bonus_value_special_ability_group_junctions_tables/data__.tsv,16,recharge_rate_percentage_mod,ability_group,wh2_dlc14_lore_stealth
wh3_dlc29_tmb_liche_high_priest_undeath,wh3_dlc29_skill_node_set_tmb_liche_high_priest_undeath,wh3_dlc29_skill_node_nag_lord_unique_high_liche_priest_undeath_leader_01,wh3_dlc29_skill_tmb_liche_high_priest_unique_1,1,wh2_dlc12_effect_magic_cooldown_all_lores,data/skill_trees/characters/tomb_kings/Liche_High_Priest_Undeath.csv,11,,ability_group_bindings,data/effect_semantics/source_exports/db/effect_bonus_value_special_ability_group_junctions_tables/data__.tsv,17,recharge_rate_percentage_mod,ability_group,wh2_dlc14_lore_stealth_upgraded
wh3_dlc29_tmb_liche_high_priest_undeath,wh3_dlc29_skill_node_set_tmb_liche_high_priest_undeath,wh3_dlc29_skill_node_nag_lord_unique_high_liche_priest_undeath_leader_01,wh3_dlc29_skill_tmb_liche_high_priest_unique_1,1,wh2_dlc12_effect_magic_cooldown_all_lores,data/skill_trees/characters/tomb_kings/Liche_High_Priest_Undeath.csv,11,,ability_group_bindings,data/effect_semantics/source_exports/db/effect_bonus_value_special_ability_group_junctions_tables/data__.tsv,18,recharge_rate_percentage_mod,ability_group,wh2_main_lore_dark_magic
wh3_dlc29_tmb_liche_high_priest_undeath,wh3_dlc29_skill_node_set_tmb_liche_high_priest_undeath,wh3_dlc29_skill_node_nag_lord_unique_high_liche_priest_undeath_leader_01,wh3_dlc29_skill_tmb_liche_high_priest_unique_1,1,wh2_dlc12_effect_magic_cooldown_all_lores,data/skill_trees/characters/tomb_kings/Liche_High_Priest_Undeath.csv,11,,ability_group_bindings,data/effect_semantics/source_exports/db/effect_bonus_value_special_ability_group_junctions_tables/data__.tsv,19,recharge_rate_percentage_mod,ability_group,wh2_main_lore_dark_magic_upgraded
wh3_dlc29_tmb_liche_high_priest_undeath,wh3_dlc29_skill_node_set_tmb_liche_high_priest_undeath,wh3_dlc29_skill_node_nag_lord_unique_high_liche_priest_undeath_leader_01,wh3_dlc29_skill_tmb_liche_high_priest_unique_1,1,wh2_dlc12_effect_magic_cooldown_all_lores,data/skill_trees/characters/tomb_kings/Liche_High_Priest_Undeath.csv,11,,ability_group_bindings,data/effect_semantics/source_exports/db/effect_bonus_value_special_ability_group_junctions_tables/data__.tsv,20,recharge_rate_percentage_mod,ability_group,wh2_main_lore_high_magic
wh3_dlc29_tmb_liche_high_priest_undeath,wh3_dlc29_skill_node_set_tmb_liche_high_priest_undeath,wh3_dlc29_skill_node_nag_lord_unique_high_liche_priest_undeath_leader_01,wh3_dlc29_skill_tmb_liche_high_priest_unique_1,1,wh2_dlc12_effect_magic_cooldown_all_lores,data/skill_trees/characters/tomb_kings/Liche_High_Priest_Undeath.csv,11,,ability_group_bindings,data/effect_semantics/source_exports/db/effect_bonus_value_special_ability_group_junctions_tables/data__.tsv,21,recharge_rate_percentage_mod,ability_group,wh2_main_lore_high_magic_upgraded
wh3_dlc29_tmb_liche_high_priest_undeath,wh3_dlc29_skill_node_set_tmb_liche_high_priest_undeath,wh3_dlc29_skill_node_nag_lord_unique_high_liche_priest_undeath_leader_01,wh3_dlc29_skill_tmb_liche_high_priest_unique_1,1,wh2_dlc12_effect_magic_cooldown_all_lores,data/skill_trees/characters/tomb_kings/Liche_High_Priest_Undeath.csv,11,,ability_group_bindings,data/effect_semantics/source_exports/db/effect_bonus_value_special_ability_group_junctions_tables/data__.tsv,22,recharge_rate_percentage_mod,ability_group,wh2_main_lore_plague
wh3_dlc29_tmb_liche_high_priest_undeath,wh3_dlc29_skill_node_set_tmb_liche_high_priest_undeath,wh3_dlc29_skill_node_nag_lord_unique_high_liche_priest_undeath_leader_01,wh3_dlc29_skill_tmb_liche_high_priest_unique_1,1,wh2_dlc12_effect_magic_cooldown_all_lores,data/skill_trees/characters/tomb_kings/Liche_High_Priest_Undeath.csv,11,,ability_group_bindings,data/effect_semantics/source_exports/db/effect_bonus_value_special_ability_group_junctions_tables/data__.tsv,23,recharge_rate_percentage_mod,ability_group,wh2_main_lore_plague_upgraded
wh3_dlc29_tmb_liche_high_priest_undeath,wh3_dlc29_skill_node_set_tmb_liche_high_priest_undeath,wh3_dlc29_skill_node_nag_lord_unique_high_liche_priest_undeath_leader_01,wh3_dlc29_skill_tmb_liche_high_priest_unique_1,1,wh2_dlc12_effect_magic_cooldown_all_lores,data/skill_trees/characters/tomb_kings/Liche_High_Priest_Undeath.csv,11,,ability_group_bindings,data/effect_semantics/source_exports/db/effect_bonus_value_special_ability_group_junctions_tables/data__.tsv,24,recharge_rate_percentage_mod,ability_group,wh2_main_lore_ruin
wh3_dlc29_tmb_liche_high_priest_undeath,wh3_dlc29_skill_node_set_tmb_liche_high_priest_undeath,wh3_dlc29_skill_node_nag_lord_unique_high_liche_priest_undeath_leader_01,wh3_dlc29_skill_tmb_liche_high_priest_unique_1,1,wh2_dlc12_effect_magic_cooldown_all_lores,data/skill_trees/characters/tomb_kings/Liche_High_Priest_Undeath.csv,11,,ability_group_bindings,data/effect_semantics/source_exports/db/effect_bonus_value_special_ability_group_junctions_tables/data__.tsv,25,recharge_rate_percentage_mod,ability_group,wh2_main_lore_ruin_upgraded
wh3_dlc29_tmb_liche_high_priest_undeath,wh3_dlc29_skill_node_set_tmb_liche_high_priest_undeath,wh3_dlc29_skill_node_nag_lord_unique_high_liche_priest_undeath_leader_01,wh3_dlc29_skill_tmb_liche_high_priest_unique_1,1,wh2_dlc12_effect_magic_cooldown_all_lores,data/skill_trees/characters/tomb_kings/Liche_High_Priest_Undeath.csv,11,,ability_group_bindings,data/effect_semantics/source_exports/db/effect_bonus_value_special_ability_group_junctions_tables/data__.tsv,26,recharge_rate_percentage_mod,ability_group,wh3_cp1_all_lore_spell_variations
wh3_dlc29_tmb_liche_high_priest_undeath,wh3_dlc29_skill_node_set_tmb_liche_high_priest_undeath,wh3_dlc29_skill_node_nag_lord_unique_high_liche_priest_undeath_leader_01,wh3_dlc29_skill_tmb_liche_high_priest_unique_1,1,wh2_dlc12_effect_magic_cooldown_all_lores,data/skill_trees/characters/tomb_kings/Liche_High_Priest_Undeath.csv,11,,ability_group_bindings,data/effect_semantics/source_exports/db/effect_bonus_value_special_ability_group_junctions_tables/data__.tsv,27,recharge_rate_percentage_mod,ability_group,wh3_dlc23_lore_hashut
wh3_dlc29_tmb_liche_high_priest_undeath,wh3_dlc29_skill_node_set_tmb_liche_high_priest_undeath,wh3_dlc29_skill_node_nag_lord_unique_high_liche_priest_undeath_leader_01,wh3_dlc29_skill_tmb_liche_high_priest_unique_1,1,wh2_dlc12_effect_magic_cooldown_all_lores,data/skill_trees/characters/tomb_kings/Liche_High_Priest_Undeath.csv,11,,ability_group_bindings,data/effect_semantics/source_exports/db/effect_bonus_value_special_ability_group_junctions_tables/data__.tsv,28,recharge_rate_percentage_mod,ability_group,wh3_dlc23_lore_hashut_upgraded
wh3_dlc29_tmb_liche_high_priest_undeath,wh3_dlc29_skill_node_set_tmb_liche_high_priest_undeath,wh3_dlc29_skill_node_nag_lord_unique_high_liche_priest_undeath_leader_01,wh3_dlc29_skill_tmb_liche_high_priest_unique_1,1,wh2_dlc12_effect_magic_cooldown_all_lores,data/skill_trees/characters/tomb_kings/Liche_High_Priest_Undeath.csv,11,,ability_group_bindings,data/effect_semantics/source_exports/db/effect_bonus_value_special_ability_group_junctions_tables/data__.tsv,29,recharge_rate_percentage_mod,ability_group,wh3_dlc24_lore_hag
wh3_dlc29_tmb_liche_high_priest_undeath,wh3_dlc29_skill_node_set_tmb_liche_high_priest_undeath,wh3_dlc29_skill_node_nag_lord_unique_high_liche_priest_undeath_leader_01,wh3_dlc29_skill_tmb_liche_high_priest_unique_1,1,wh2_dlc12_effect_magic_cooldown_all_lores,data/skill_trees/characters/tomb_kings/Liche_High_Priest_Undeath.csv,11,,ability_group_bindings,data/effect_semantics/source_exports/db/effect_bonus_value_special_ability_group_junctions_tables/data__.tsv,30,recharge_rate_percentage_mod,ability_group,wh3_dlc24_lore_hag_upgraded
wh3_dlc29_tmb_liche_high_priest_undeath,wh3_dlc29_skill_node_set_tmb_liche_high_priest_undeath,wh3_dlc29_skill_node_nag_lord_unique_high_liche_priest_undeath_leader_01,wh3_dlc29_skill_tmb_liche_high_priest_unique_1,1,wh2_dlc12_effect_magic_cooldown_all_lores,data/skill_trees/characters/tomb_kings/Liche_High_Priest_Undeath.csv,11,,ability_group_bindings,data/effect_semantics/source_exports/db/effect_bonus_value_special_ability_group_junctions_tables/data__.tsv,31,recharge_rate_percentage_mod,ability_group,wh3_dlc27_lore_mists
wh3_dlc29_tmb_liche_high_priest_undeath,wh3_dlc29_skill_node_set_tmb_liche_high_priest_undeath,wh3_dlc29_skill_node_nag_lord_unique_high_liche_priest_undeath_leader_01,wh3_dlc29_skill_tmb_liche_high_priest_unique_1,1,wh2_dlc12_effect_magic_cooldown_all_lores,data/skill_trees/characters/tomb_kings/Liche_High_Priest_Undeath.csv,11,,ability_group_bindings,data/effect_semantics/source_exports/db/effect_bonus_value_special_ability_group_junctions_tables/data__.tsv,32,recharge_rate_percentage_mod,ability_group,wh3_dlc27_lore_mists_upgraded
wh3_dlc29_tmb_liche_high_priest_undeath,wh3_dlc29_skill_node_set_tmb_liche_high_priest_undeath,wh3_dlc29_skill_node_nag_lord_unique_high_liche_priest_undeath_leader_01,wh3_dlc29_skill_tmb_liche_high_priest_unique_1,1,wh2_dlc12_effect_magic_cooldown_all_lores,data/skill_trees/characters/tomb_kings/Liche_High_Priest_Undeath.csv,11,,ability_group_bindings,data/effect_semantics/source_exports/db/effect_bonus_value_special_ability_group_junctions_tables/data__.tsv,33,recharge_rate_percentage_mod,ability_group,wh3_dlc29_lore_undeath
wh3_dlc29_tmb_liche_high_priest_undeath,wh3_dlc29_skill_node_set_tmb_liche_high_priest_undeath,wh3_dlc29_skill_node_nag_lord_unique_high_liche_priest_undeath_leader_01,wh3_dlc29_skill_tmb_liche_high_priest_unique_1,1,wh2_dlc12_effect_magic_cooldown_all_lores,data/skill_trees/characters/tomb_kings/Liche_High_Priest_Undeath.csv,11,,ability_group_bindings,data/effect_semantics/source_exports/db/effect_bonus_value_special_ability_group_junctions_tables/data__.tsv,34,recharge_rate_percentage_mod,ability_group,wh3_dlc29_lore_undeath_upgraded
wh3_dlc29_tmb_liche_high_priest_undeath,wh3_dlc29_skill_node_set_tmb_liche_high_priest_undeath,wh3_dlc29_skill_node_nag_lord_unique_high_liche_priest_undeath_leader_01,wh3_dlc29_skill_tmb_liche_high_priest_unique_1,1,wh2_dlc12_effect_magic_cooldown_all_lores,data/skill_trees/characters/tomb_kings/Liche_High_Priest_Undeath.csv,11,,ability_group_bindings,data/effect_semantics/source_exports/db/effect_bonus_value_special_ability_group_junctions_tables/data__.tsv,35,recharge_rate_percentage_mod,ability_group,wh3_main_lore_nurgle
wh3_dlc29_tmb_liche_high_priest_undeath,wh3_dlc29_skill_node_set_tmb_liche_high_priest_undeath,wh3_dlc29_skill_node_nag_lord_unique_high_liche_priest_undeath_leader_01,wh3_dlc29_skill_tmb_liche_high_priest_unique_1,1,wh2_dlc12_effect_magic_cooldown_all_lores,data/skill_trees/characters/tomb_kings/Liche_High_Priest_Undeath.csv,11,,ability_group_bindings,data/effect_semantics/source_exports/db/effect_bonus_value_special_ability_group_junctions_tables/data__.tsv,36,recharge_rate_percentage_mod,ability_group,wh3_main_lore_nurgle_upgraded
wh3_dlc29_tmb_liche_high_priest_undeath,wh3_dlc29_skill_node_set_tmb_liche_high_priest_undeath,wh3_dlc29_skill_node_nag_lord_unique_high_liche_priest_undeath_leader_01,wh3_dlc29_skill_tmb_liche_high_priest_unique_1,1,wh2_dlc12_effect_magic_cooldown_all_lores,data/skill_trees/characters/tomb_kings/Liche_High_Priest_Undeath.csv,11,,ability_group_bindings,data/effect_semantics/source_exports/db/effect_bonus_value_special_ability_group_junctions_tables/data__.tsv,37,recharge_rate_percentage_mod,ability_group,wh3_main_lore_of_great_maw
wh3_dlc29_tmb_liche_high_priest_undeath,wh3_dlc29_skill_node_set_tmb_liche_high_priest_undeath,wh3_dlc29_skill_node_nag_lord_unique_high_liche_priest_undeath_leader_01,wh3_dlc29_skill_tmb_liche_high_priest_unique_1,1,wh2_dlc12_effect_magic_cooldown_all_lores,data/skill_trees/characters/tomb_kings/Liche_High_Priest_Undeath.csv,11,,ability_group_bindings,data/effect_semantics/source_exports/db/effect_bonus_value_special_ability_group_junctions_tables/data__.tsv,38,recharge_rate_percentage_mod,ability_group,wh3_main_lore_of_great_maw_upgraded
wh3_dlc29_tmb_liche_high_priest_undeath,wh3_dlc29_skill_node_set_tmb_liche_high_priest_undeath,wh3_dlc29_skill_node_nag_lord_unique_high_liche_priest_undeath_leader_01,wh3_dlc29_skill_tmb_liche_high_priest_unique_1,1,wh2_dlc12_effect_magic_cooldown_all_lores,data/skill_trees/characters/tomb_kings/Liche_High_Priest_Undeath.csv,11,,ability_group_bindings,data/effect_semantics/source_exports/db/effect_bonus_value_special_ability_group_junctions_tables/data__.tsv,39,recharge_rate_percentage_mod,ability_group,wh3_main_lore_of_ice
wh3_dlc29_tmb_liche_high_priest_undeath,wh3_dlc29_skill_node_set_tmb_liche_high_priest_undeath,wh3_dlc29_skill_node_nag_lord_unique_high_liche_priest_undeath_leader_01,wh3_dlc29_skill_tmb_liche_high_priest_unique_1,1,wh2_dlc12_effect_magic_cooldown_all_lores,data/skill_trees/characters/tomb_kings/Liche_High_Priest_Undeath.csv,11,,ability_group_bindings,data/effect_semantics/source_exports/db/effect_bonus_value_special_ability_group_junctions_tables/data__.tsv,40,recharge_rate_percentage_mod,ability_group,wh3_main_lore_of_ice_upgraded
wh3_dlc29_tmb_liche_high_priest_undeath,wh3_dlc29_skill_node_set_tmb_liche_high_priest_undeath,wh3_dlc29_skill_node_nag_lord_unique_high_liche_priest_undeath_leader_01,wh3_dlc29_skill_tmb_liche_high_priest_unique_1,1,wh2_dlc12_effect_magic_cooldown_all_lores,data/skill_trees/characters/tomb_kings/Liche_High_Priest_Undeath.csv,11,,ability_group_bindings,data/effect_semantics/source_exports/db/effect_bonus_value_special_ability_group_junctions_tables/data__.tsv,41,recharge_rate_percentage_mod,ability_group,wh3_main_lore_of_tempest
wh3_dlc29_tmb_liche_high_priest_undeath,wh3_dlc29_skill_node_set_tmb_liche_high_priest_undeath,wh3_dlc29_skill_node_nag_lord_unique_high_liche_priest_undeath_leader_01,wh3_dlc29_skill_tmb_liche_high_priest_unique_1,1,wh2_dlc12_effect_magic_cooldown_all_lores,data/skill_trees/characters/tomb_kings/Liche_High_Priest_Undeath.csv,11,,ability_group_bindings,data/effect_semantics/source_exports/db/effect_bonus_value_special_ability_group_junctions_tables/data__.tsv,42,recharge_rate_percentage_mod,ability_group,wh3_main_lore_of_tempest_upgraded
wh3_dlc29_tmb_liche_high_priest_undeath,wh3_dlc29_skill_node_set_tmb_liche_high_priest_undeath,wh3_dlc29_skill_node_nag_lord_unique_high_liche_priest_undeath_leader_01,wh3_dlc29_skill_tmb_liche_high_priest_unique_1,1,wh2_dlc12_effect_magic_cooldown_all_lores,data/skill_trees/characters/tomb_kings/Liche_High_Priest_Undeath.csv,11,,ability_group_bindings,data/effect_semantics/source_exports/db/effect_bonus_value_special_ability_group_junctions_tables/data__.tsv,43,recharge_rate_percentage_mod,ability_group,wh3_main_lore_of_yang
wh3_dlc29_tmb_liche_high_priest_undeath,wh3_dlc29_skill_node_set_tmb_liche_high_priest_undeath,wh3_dlc29_skill_node_nag_lord_unique_high_liche_priest_undeath_leader_01,wh3_dlc29_skill_tmb_liche_high_priest_unique_1,1,wh2_dlc12_effect_magic_cooldown_all_lores,data/skill_trees/characters/tomb_kings/Liche_High_Priest_Undeath.csv,11,,ability_group_bindings,data/effect_semantics/source_exports/db/effect_bonus_value_special_ability_group_junctions_tables/data__.tsv,44,recharge_rate_percentage_mod,ability_group,wh3_main_lore_of_yang_upgraded
wh3_dlc29_tmb_liche_high_priest_undeath,wh3_dlc29_skill_node_set_tmb_liche_high_priest_undeath,wh3_dlc29_skill_node_nag_lord_unique_high_liche_priest_undeath_leader_01,wh3_dlc29_skill_tmb_liche_high_priest_unique_1,1,wh2_dlc12_effect_magic_cooldown_all_lores,data/skill_trees/characters/tomb_kings/Liche_High_Priest_Undeath.csv,11,,ability_group_bindings,data/effect_semantics/source_exports/db/effect_bonus_value_special_ability_group_junctions_tables/data__.tsv,45,recharge_rate_percentage_mod,ability_group,wh3_main_lore_of_yin
wh3_dlc29_tmb_liche_high_priest_undeath,wh3_dlc29_skill_node_set_tmb_liche_high_priest_undeath,wh3_dlc29_skill_node_nag_lord_unique_high_liche_priest_undeath_leader_01,wh3_dlc29_skill_tmb_liche_high_priest_unique_1,1,wh2_dlc12_effect_magic_cooldown_all_lores,data/skill_trees/characters/tomb_kings/Liche_High_Priest_Undeath.csv,11,,ability_group_bindings,data/effect_semantics/source_exports/db/effect_bonus_value_special_ability_group_junctions_tables/data__.tsv,46,recharge_rate_percentage_mod,ability_group,wh3_main_lore_of_yin_upgraded
wh3_dlc29_tmb_liche_high_priest_undeath,wh3_dlc29_skill_node_set_tmb_liche_high_priest_undeath,wh3_dlc29_skill_node_nag_lord_unique_high_liche_priest_undeath_leader_01,wh3_dlc29_skill_tmb_liche_high_priest_unique_1,1,wh2_dlc12_effect_magic_cooldown_all_lores,data/skill_trees/characters/tomb_kings/Liche_High_Priest_Undeath.csv,11,,ability_group_bindings,data/effect_semantics/source_exports/db/effect_bonus_value_special_ability_group_junctions_tables/data__.tsv,47,recharge_rate_percentage_mod,ability_group,wh3_main_lore_slaanesh
wh3_dlc29_tmb_liche_high_priest_undeath,wh3_dlc29_skill_node_set_tmb_liche_high_priest_undeath,wh3_dlc29_skill_node_nag_lord_unique_high_liche_priest_undeath_leader_01,wh3_dlc29_skill_tmb_liche_high_priest_unique_1,1,wh2_dlc12_effect_magic_cooldown_all_lores,data/skill_trees/characters/tomb_kings/Liche_High_Priest_Undeath.csv,11,,ability_group_bindings,data/effect_semantics/source_exports/db/effect_bonus_value_special_ability_group_junctions_tables/data__.tsv,48,recharge_rate_percentage_mod,ability_group,wh3_main_lore_slaanesh_upgraded
wh3_dlc29_tmb_liche_high_priest_undeath,wh3_dlc29_skill_node_set_tmb_liche_high_priest_undeath,wh3_dlc29_skill_node_nag_lord_unique_high_liche_priest_undeath_leader_01,wh3_dlc29_skill_tmb_liche_high_priest_unique_1,1,wh2_dlc12_effect_magic_cooldown_all_lores,data/skill_trees/characters/tomb_kings/Liche_High_Priest_Undeath.csv,11,,ability_group_bindings,data/effect_semantics/source_exports/db/effect_bonus_value_special_ability_group_junctions_tables/data__.tsv,49,recharge_rate_percentage_mod,ability_group,wh3_main_lore_tzeentch
wh3_dlc29_tmb_liche_high_priest_undeath,wh3_dlc29_skill_node_set_tmb_liche_high_priest_undeath,wh3_dlc29_skill_node_nag_lord_unique_high_liche_priest_undeath_leader_01,wh3_dlc29_skill_tmb_liche_high_priest_unique_1,1,wh2_dlc12_effect_magic_cooldown_all_lores,data/skill_trees/characters/tomb_kings/Liche_High_Priest_Undeath.csv,11,,ability_group_bindings,data/effect_semantics/source_exports/db/effect_bonus_value_special_ability_group_junctions_tables/data__.tsv,50,recharge_rate_percentage_mod,ability_group,wh3_main_lore_tzeentch_upgraded
wh3_dlc29_tmb_liche_high_priest_undeath,wh3_dlc29_skill_node_set_tmb_liche_high_priest_undeath,wh3_dlc29_skill_node_nag_lord_unique_high_liche_priest_undeath_leader_01,wh3_dlc29_skill_tmb_liche_high_priest_unique_1,1,wh2_dlc12_effect_magic_cooldown_all_lores,data/skill_trees/characters/tomb_kings/Liche_High_Priest_Undeath.csv,11,,ability_group_bindings,data/effect_semantics/source_exports/db/effect_bonus_value_special_ability_group_junctions_tables/data__.tsv,51,recharge_rate_percentage_mod,ability_group,wh_dlc03_lore_beasts
wh3_dlc29_tmb_liche_high_priest_undeath,wh3_dlc29_skill_node_set_tmb_liche_high_priest_undeath,wh3_dlc29_skill_node_nag_lord_unique_high_liche_priest_undeath_leader_01,wh3_dlc29_skill_tmb_liche_high_priest_unique_1,1,wh2_dlc12_effect_magic_cooldown_all_lores,data/skill_trees/characters/tomb_kings/Liche_High_Priest_Undeath.csv,11,,ability_group_bindings,data/effect_semantics/source_exports/db/effect_bonus_value_special_ability_group_junctions_tables/data__.tsv,52,recharge_rate_percentage_mod,ability_group,wh_dlc03_lore_beasts_upgraded
wh3_dlc29_tmb_liche_high_priest_undeath,wh3_dlc29_skill_node_set_tmb_liche_high_priest_undeath,wh3_dlc29_skill_node_nag_lord_unique_high_liche_priest_undeath_leader_01,wh3_dlc29_skill_tmb_liche_high_priest_unique_1,1,wh2_dlc12_effect_magic_cooldown_all_lores,data/skill_trees/characters/tomb_kings/Liche_High_Priest_Undeath.csv,11,,ability_group_bindings,data/effect_semantics/source_exports/db/effect_bonus_value_special_ability_group_junctions_tables/data__.tsv,53,recharge_rate_percentage_mod,ability_group,wh_dlc03_lore_wild
wh3_dlc29_tmb_liche_high_priest_undeath,wh3_dlc29_skill_node_set_tmb_liche_high_priest_undeath,wh3_dlc29_skill_node_nag_lord_unique_high_liche_priest_undeath_leader_01,wh3_dlc29_skill_tmb_liche_high_priest_unique_1,1,wh2_dlc12_effect_magic_cooldown_all_lores,data/skill_trees/characters/tomb_kings/Liche_High_Priest_Undeath.csv,11,,ability_group_bindings,data/effect_semantics/source_exports/db/effect_bonus_value_special_ability_group_junctions_tables/data__.tsv,54,recharge_rate_percentage_mod,ability_group,wh_dlc03_lore_wild_upgraded
wh3_dlc29_tmb_liche_high_priest_undeath,wh3_dlc29_skill_node_set_tmb_liche_high_priest_undeath,wh3_dlc29_skill_node_nag_lord_unique_high_liche_priest_undeath_leader_01,wh3_dlc29_skill_tmb_liche_high_priest_unique_1,1,wh2_dlc12_effect_magic_cooldown_all_lores,data/skill_trees/characters/tomb_kings/Liche_High_Priest_Undeath.csv,11,,ability_group_bindings,data/effect_semantics/source_exports/db/effect_bonus_value_special_ability_group_junctions_tables/data__.tsv,55,recharge_rate_percentage_mod,ability_group,wh_dlc05_lore_life
wh3_dlc29_tmb_liche_high_priest_undeath,wh3_dlc29_skill_node_set_tmb_liche_high_priest_undeath,wh3_dlc29_skill_node_nag_lord_unique_high_liche_priest_undeath_leader_01,wh3_dlc29_skill_tmb_liche_high_priest_unique_1,1,wh2_dlc12_effect_magic_cooldown_all_lores,data/skill_trees/characters/tomb_kings/Liche_High_Priest_Undeath.csv,11,,ability_group_bindings,data/effect_semantics/source_exports/db/effect_bonus_value_special_ability_group_junctions_tables/data__.tsv,56,recharge_rate_percentage_mod,ability_group,wh_dlc05_lore_life_upgraded
wh3_dlc29_tmb_liche_high_priest_undeath,wh3_dlc29_skill_node_set_tmb_liche_high_priest_undeath,wh3_dlc29_skill_node_nag_lord_unique_high_liche_priest_undeath_leader_01,wh3_dlc29_skill_tmb_liche_high_priest_unique_1,1,wh2_dlc12_effect_magic_cooldown_all_lores,data/skill_trees/characters/tomb_kings/Liche_High_Priest_Undeath.csv,11,,ability_group_bindings,data/effect_semantics/source_exports/db/effect_bonus_value_special_ability_group_junctions_tables/data__.tsv,57,recharge_rate_percentage_mod,ability_group,wh_dlc05_lore_shadows
wh3_dlc29_tmb_liche_high_priest_undeath,wh3_dlc29_skill_node_set_tmb_liche_high_priest_undeath,wh3_dlc29_skill_node_nag_lord_unique_high_liche_priest_undeath_leader_01,wh3_dlc29_skill_tmb_liche_high_priest_unique_1,1,wh2_dlc12_effect_magic_cooldown_all_lores,data/skill_trees/characters/tomb_kings/Liche_High_Priest_Undeath.csv,11,,ability_group_bindings,data/effect_semantics/source_exports/db/effect_bonus_value_special_ability_group_junctions_tables/data__.tsv,58,recharge_rate_percentage_mod,ability_group,wh_dlc05_lore_shadows_upgraded
wh3_dlc29_tmb_liche_high_priest_undeath,wh3_dlc29_skill_node_set_tmb_liche_high_priest_undeath,wh3_dlc29_skill_node_nag_lord_unique_high_liche_priest_undeath_leader_01,wh3_dlc29_skill_tmb_liche_high_priest_unique_1,1,wh2_dlc12_effect_magic_cooldown_all_lores,data/skill_trees/characters/tomb_kings/Liche_High_Priest_Undeath.csv,11,,ability_group_bindings,data/effect_semantics/source_exports/db/effect_bonus_value_special_ability_group_junctions_tables/data__.tsv,59,recharge_rate_percentage_mod,ability_group,wh_main_lore_big_waaagh
wh3_dlc29_tmb_liche_high_priest_undeath,wh3_dlc29_skill_node_set_tmb_liche_high_priest_undeath,wh3_dlc29_skill_node_nag_lord_unique_high_liche_priest_undeath_leader_01,wh3_dlc29_skill_tmb_liche_high_priest_unique_1,1,wh2_dlc12_effect_magic_cooldown_all_lores,data/skill_trees/characters/tomb_kings/Liche_High_Priest_Undeath.csv,11,,ability_group_bindings,data/effect_semantics/source_exports/db/effect_bonus_value_special_ability_group_junctions_tables/data__.tsv,60,recharge_rate_percentage_mod,ability_group,wh_main_lore_big_waaagh_upgraded
wh3_dlc29_tmb_liche_high_priest_undeath,wh3_dlc29_skill_node_set_tmb_liche_high_priest_undeath,wh3_dlc29_skill_node_nag_lord_unique_high_liche_priest_undeath_leader_01,wh3_dlc29_skill_tmb_liche_high_priest_unique_1,1,wh2_dlc12_effect_magic_cooldown_all_lores,data/skill_trees/characters/tomb_kings/Liche_High_Priest_Undeath.csv,11,,ability_group_bindings,data/effect_semantics/source_exports/db/effect_bonus_value_special_ability_group_junctions_tables/data__.tsv,61,recharge_rate_percentage_mod,ability_group,wh_main_lore_death
wh3_dlc29_tmb_liche_high_priest_undeath,wh3_dlc29_skill_node_set_tmb_liche_high_priest_undeath,wh3_dlc29_skill_node_nag_lord_unique_high_liche_priest_undeath_leader_01,wh3_dlc29_skill_tmb_liche_high_priest_unique_1,1,wh2_dlc12_effect_magic_cooldown_all_lores,data/skill_trees/characters/tomb_kings/Liche_High_Priest_Undeath.csv,11,,ability_group_bindings,data/effect_semantics/source_exports/db/effect_bonus_value_special_ability_group_junctions_tables/data__.tsv,62,recharge_rate_percentage_mod,ability_group,wh_main_lore_death_upgraded
wh3_dlc29_tmb_liche_high_priest_undeath,wh3_dlc29_skill_node_set_tmb_liche_high_priest_undeath,wh3_dlc29_skill_node_nag_lord_unique_high_liche_priest_undeath_leader_01,wh3_dlc29_skill_tmb_liche_high_priest_unique_1,1,wh2_dlc12_effect_magic_cooldown_all_lores,data/skill_trees/characters/tomb_kings/Liche_High_Priest_Undeath.csv,11,,ability_group_bindings,data/effect_semantics/source_exports/db/effect_bonus_value_special_ability_group_junctions_tables/data__.tsv,63,recharge_rate_percentage_mod,ability_group,wh_main_lore_fire
wh3_dlc29_tmb_liche_high_priest_undeath,wh3_dlc29_skill_node_set_tmb_liche_high_priest_undeath,wh3_dlc29_skill_node_nag_lord_unique_high_liche_priest_undeath_leader_01,wh3_dlc29_skill_tmb_liche_high_priest_unique_1,1,wh2_dlc12_effect_magic_cooldown_all_lores,data/skill_trees/characters/tomb_kings/Liche_High_Priest_Undeath.csv,11,,ability_group_bindings,data/effect_semantics/source_exports/db/effect_bonus_value_special_ability_group_junctions_tables/data__.tsv,64,recharge_rate_percentage_mod,ability_group,wh_main_lore_fire_upgraded
wh3_dlc29_tmb_liche_high_priest_undeath,wh3_dlc29_skill_node_set_tmb_liche_high_priest_undeath,wh3_dlc29_skill_node_nag_lord_unique_high_liche_priest_undeath_leader_01,wh3_dlc29_skill_tmb_liche_high_priest_unique_1,1,wh2_dlc12_effect_magic_cooldown_all_lores,data/skill_trees/characters/tomb_kings/Liche_High_Priest_Undeath.csv,11,,ability_group_bindings,data/effect_semantics/source_exports/db/effect_bonus_value_special_ability_group_junctions_tables/data__.tsv,65,recharge_rate_percentage_mod,ability_group,wh_main_lore_heavens
wh3_dlc29_tmb_liche_high_priest_undeath,wh3_dlc29_skill_node_set_tmb_liche_high_priest_undeath,wh3_dlc29_skill_node_nag_lord_unique_high_liche_priest_undeath_leader_01,wh3_dlc29_skill_tmb_liche_high_priest_unique_1,1,wh2_dlc12_effect_magic_cooldown_all_lores,data/skill_trees/characters/tomb_kings/Liche_High_Priest_Undeath.csv,11,,ability_group_bindings,data/effect_semantics/source_exports/db/effect_bonus_value_special_ability_group_junctions_tables/data__.tsv,66,recharge_rate_percentage_mod,ability_group,wh_main_lore_heavens_upgraded
wh3_dlc29_tmb_liche_high_priest_undeath,wh3_dlc29_skill_node_set_tmb_liche_high_priest_undeath,wh3_dlc29_skill_node_nag_lord_unique_high_liche_priest_undeath_leader_01,wh3_dlc29_skill_tmb_liche_high_priest_unique_1,1,wh2_dlc12_effect_magic_cooldown_all_lores,data/skill_trees/characters/tomb_kings/Liche_High_Priest_Undeath.csv,11,,ability_group_bindings,data/effect_semantics/source_exports/db/effect_bonus_value_special_ability_group_junctions_tables/data__.tsv,67,recharge_rate_percentage_mod,ability_group,wh_main_lore_light
wh3_dlc29_tmb_liche_high_priest_undeath,wh3_dlc29_skill_node_set_tmb_liche_high_priest_undeath,wh3_dlc29_skill_node_nag_lord_unique_high_liche_priest_undeath_leader_01,wh3_dlc29_skill_tmb_liche_high_priest_unique_1,1,wh2_dlc12_effect_magic_cooldown_all_lores,data/skill_trees/characters/tomb_kings/Liche_High_Priest_Undeath.csv,11,,ability_group_bindings,data/effect_semantics/source_exports/db/effect_bonus_value_special_ability_group_junctions_tables/data__.tsv,68,recharge_rate_percentage_mod,ability_group,wh_main_lore_light_upgraded
wh3_dlc29_tmb_liche_high_priest_undeath,wh3_dlc29_skill_node_set_tmb_liche_high_priest_undeath,wh3_dlc29_skill_node_nag_lord_unique_high_liche_priest_undeath_leader_01,wh3_dlc29_skill_tmb_liche_high_priest_unique_1,1,wh2_dlc12_effect_magic_cooldown_all_lores,data/skill_trees/characters/tomb_kings/Liche_High_Priest_Undeath.csv,11,,ability_group_bindings,data/effect_semantics/source_exports/db/effect_bonus_value_special_ability_group_junctions_tables/data__.tsv,69,recharge_rate_percentage_mod,ability_group,wh_main_lore_lil_waaagh
wh3_dlc29_tmb_liche_high_priest_undeath,wh3_dlc29_skill_node_set_tmb_liche_high_priest_undeath,wh3_dlc29_skill_node_nag_lord_unique_high_liche_priest_undeath_leader_01,wh3_dlc29_skill_tmb_liche_high_priest_unique_1,1,wh2_dlc12_effect_magic_cooldown_all_lores,data/skill_trees/characters/tomb_kings/Liche_High_Priest_Undeath.csv,11,,ability_group_bindings,data/effect_semantics/source_exports/db/effect_bonus_value_special_ability_group_junctions_tables/data__.tsv,70,recharge_rate_percentage_mod,ability_group,wh_main_lore_lil_waaagh_upgraded
wh3_dlc29_tmb_liche_high_priest_undeath,wh3_dlc29_skill_node_set_tmb_liche_high_priest_undeath,wh3_dlc29_skill_node_nag_lord_unique_high_liche_priest_undeath_leader_01,wh3_dlc29_skill_tmb_liche_high_priest_unique_1,1,wh2_dlc12_effect_magic_cooldown_all_lores,data/skill_trees/characters/tomb_kings/Liche_High_Priest_Undeath.csv,11,,ability_group_bindings,data/effect_semantics/source_exports/db/effect_bonus_value_special_ability_group_junctions_tables/data__.tsv,71,recharge_rate_percentage_mod,ability_group,wh_main_lore_metal
wh3_dlc29_tmb_liche_high_priest_undeath,wh3_dlc29_skill_node_set_tmb_liche_high_priest_undeath,wh3_dlc29_skill_node_nag_lord_unique_high_liche_priest_undeath_leader_01,wh3_dlc29_skill_tmb_liche_high_priest_unique_1,1,wh2_dlc12_effect_magic_cooldown_all_lores,data/skill_trees/characters/tomb_kings/Liche_High_Priest_Undeath.csv,11,,ability_group_bindings,data/effect_semantics/source_exports/db/effect_bonus_value_special_ability_group_junctions_tables/data__.tsv,72,recharge_rate_percentage_mod,ability_group,wh_main_lore_metal_upgraded
wh3_dlc29_tmb_liche_high_priest_undeath,wh3_dlc29_skill_node_set_tmb_liche_high_priest_undeath,wh3_dlc29_skill_node_nag_lord_unique_high_liche_priest_undeath_leader_01,wh3_dlc29_skill_tmb_liche_high_priest_unique_1,1,wh2_dlc12_effect_magic_cooldown_all_lores,data/skill_trees/characters/tomb_kings/Liche_High_Priest_Undeath.csv,11,,ability_group_bindings,data/effect_semantics/source_exports/db/effect_bonus_value_special_ability_group_junctions_tables/data__.tsv,73,recharge_rate_percentage_mod,ability_group,wh_main_lore_vampires
wh3_dlc29_tmb_liche_high_priest_undeath,wh3_dlc29_skill_node_set_tmb_liche_high_priest_undeath,wh3_dlc29_skill_node_nag_lord_unique_high_liche_priest_undeath_leader_01,wh3_dlc29_skill_tmb_liche_high_priest_unique_1,1,wh2_dlc12_effect_magic_cooldown_all_lores,data/skill_trees/characters/tomb_kings/Liche_High_Priest_Undeath.csv,11,,ability_group_bindings,data/effect_semantics/source_exports/db/effect_bonus_value_special_ability_group_junctions_tables/data__.tsv,74,recharge_rate_percentage_mod,ability_group,wh_main_lore_vampires_upgraded
wh3_dlc29_tmb_liche_high_priest_undeath,wh3_dlc29_skill_node_set_tmb_liche_high_priest_undeath,wh3_dlc29_skill_node_tmb_lord_unique_high_liche_priest_undeath_leader_01,wh3_dlc29_skill_tmb_liche_high_priest_unique_1,1,wh2_dlc12_effect_magic_cooldown_all_lores,data/skill_trees/characters/tomb_kings/Liche_High_Priest_Undeath.csv,16,,ability_group_bindings,data/effect_semantics/source_exports/db/effect_bonus_value_special_ability_group_junctions_tables/data__.tsv,11,recharge_rate_percentage_mod,ability_group,wh2_dlc09_lore_nehekhara
wh3_dlc29_tmb_liche_high_priest_undeath,wh3_dlc29_skill_node_set_tmb_liche_high_priest_undeath,wh3_dlc29_skill_node_tmb_lord_unique_high_liche_priest_undeath_leader_01,wh3_dlc29_skill_tmb_liche_high_priest_unique_1,1,wh2_dlc12_effect_magic_cooldown_all_lores,data/skill_trees/characters/tomb_kings/Liche_High_Priest_Undeath.csv,16,,ability_group_bindings,data/effect_semantics/source_exports/db/effect_bonus_value_special_ability_group_junctions_tables/data__.tsv,12,recharge_rate_percentage_mod,ability_group,wh2_dlc09_lore_nehekhara_upgraded
wh3_dlc29_tmb_liche_high_priest_undeath,wh3_dlc29_skill_node_set_tmb_liche_high_priest_undeath,wh3_dlc29_skill_node_tmb_lord_unique_high_liche_priest_undeath_leader_01,wh3_dlc29_skill_tmb_liche_high_priest_unique_1,1,wh2_dlc12_effect_magic_cooldown_all_lores,data/skill_trees/characters/tomb_kings/Liche_High_Priest_Undeath.csv,16,,ability_group_bindings,data/effect_semantics/source_exports/db/effect_bonus_value_special_ability_group_junctions_tables/data__.tsv,13,recharge_rate_percentage_mod,ability_group,wh2_dlc11_lore_deep
wh3_dlc29_tmb_liche_high_priest_undeath,wh3_dlc29_skill_node_set_tmb_liche_high_priest_undeath,wh3_dlc29_skill_node_tmb_lord_unique_high_liche_priest_undeath_leader_01,wh3_dlc29_skill_tmb_liche_high_priest_unique_1,1,wh2_dlc12_effect_magic_cooldown_all_lores,data/skill_trees/characters/tomb_kings/Liche_High_Priest_Undeath.csv,16,,ability_group_bindings,data/effect_semantics/source_exports/db/effect_bonus_value_special_ability_group_junctions_tables/data__.tsv,14,recharge_rate_percentage_mod,ability_group,wh2_dlc11_lore_deep_upgraded
wh3_dlc29_tmb_liche_high_priest_undeath,wh3_dlc29_skill_node_set_tmb_liche_high_priest_undeath,wh3_dlc29_skill_node_tmb_lord_unique_high_liche_priest_undeath_leader_01,wh3_dlc29_skill_tmb_liche_high_priest_unique_1,1,wh2_dlc12_effect_magic_cooldown_all_lores,data/skill_trees/characters/tomb_kings/Liche_High_Priest_Undeath.csv,16,,ability_group_bindings,data/effect_semantics/source_exports/db/effect_bonus_value_special_ability_group_junctions_tables/data__.tsv,15,recharge_rate_percentage_mod,ability_group,wh2_dlc12_lore_lord_kroak
wh3_dlc29_tmb_liche_high_priest_undeath,wh3_dlc29_skill_node_set_tmb_liche_high_priest_undeath,wh3_dlc29_skill_node_tmb_lord_unique_high_liche_priest_undeath_leader_01,wh3_dlc29_skill_tmb_liche_high_priest_unique_1,1,wh2_dlc12_effect_magic_cooldown_all_lores,data/skill_trees/characters/tomb_kings/Liche_High_Priest_Undeath.csv,16,,ability_group_bindings,data/effect_semantics/source_exports/db/effect_bonus_value_special_ability_group_junctions_tables/data__.tsv,16,recharge_rate_percentage_mod,ability_group,wh2_dlc14_lore_stealth
wh3_dlc29_tmb_liche_high_priest_undeath,wh3_dlc29_skill_node_set_tmb_liche_high_priest_undeath,wh3_dlc29_skill_node_tmb_lord_unique_high_liche_priest_undeath_leader_01,wh3_dlc29_skill_tmb_liche_high_priest_unique_1,1,wh2_dlc12_effect_magic_cooldown_all_lores,data/skill_trees/characters/tomb_kings/Liche_High_Priest_Undeath.csv,16,,ability_group_bindings,data/effect_semantics/source_exports/db/effect_bonus_value_special_ability_group_junctions_tables/data__.tsv,17,recharge_rate_percentage_mod,ability_group,wh2_dlc14_lore_stealth_upgraded
wh3_dlc29_tmb_liche_high_priest_undeath,wh3_dlc29_skill_node_set_tmb_liche_high_priest_undeath,wh3_dlc29_skill_node_tmb_lord_unique_high_liche_priest_undeath_leader_01,wh3_dlc29_skill_tmb_liche_high_priest_unique_1,1,wh2_dlc12_effect_magic_cooldown_all_lores,data/skill_trees/characters/tomb_kings/Liche_High_Priest_Undeath.csv,16,,ability_group_bindings,data/effect_semantics/source_exports/db/effect_bonus_value_special_ability_group_junctions_tables/data__.tsv,18,recharge_rate_percentage_mod,ability_group,wh2_main_lore_dark_magic
wh3_dlc29_tmb_liche_high_priest_undeath,wh3_dlc29_skill_node_set_tmb_liche_high_priest_undeath,wh3_dlc29_skill_node_tmb_lord_unique_high_liche_priest_undeath_leader_01,wh3_dlc29_skill_tmb_liche_high_priest_unique_1,1,wh2_dlc12_effect_magic_cooldown_all_lores,data/skill_trees/characters/tomb_kings/Liche_High_Priest_Undeath.csv,16,,ability_group_bindings,data/effect_semantics/source_exports/db/effect_bonus_value_special_ability_group_junctions_tables/data__.tsv,19,recharge_rate_percentage_mod,ability_group,wh2_main_lore_dark_magic_upgraded
wh3_dlc29_tmb_liche_high_priest_undeath,wh3_dlc29_skill_node_set_tmb_liche_high_priest_undeath,wh3_dlc29_skill_node_tmb_lord_unique_high_liche_priest_undeath_leader_01,wh3_dlc29_skill_tmb_liche_high_priest_unique_1,1,wh2_dlc12_effect_magic_cooldown_all_lores,data/skill_trees/characters/tomb_kings/Liche_High_Priest_Undeath.csv,16,,ability_group_bindings,data/effect_semantics/source_exports/db/effect_bonus_value_special_ability_group_junctions_tables/data__.tsv,20,recharge_rate_percentage_mod,ability_group,wh2_main_lore_high_magic
wh3_dlc29_tmb_liche_high_priest_undeath,wh3_dlc29_skill_node_set_tmb_liche_high_priest_undeath,wh3_dlc29_skill_node_tmb_lord_unique_high_liche_priest_undeath_leader_01,wh3_dlc29_skill_tmb_liche_high_priest_unique_1,1,wh2_dlc12_effect_magic_cooldown_all_lores,data/skill_trees/characters/tomb_kings/Liche_High_Priest_Undeath.csv,16,,ability_group_bindings,data/effect_semantics/source_exports/db/effect_bonus_value_special_ability_group_junctions_tables/data__.tsv,21,recharge_rate_percentage_mod,ability_group,wh2_main_lore_high_magic_upgraded
wh3_dlc29_tmb_liche_high_priest_undeath,wh3_dlc29_skill_node_set_tmb_liche_high_priest_undeath,wh3_dlc29_skill_node_tmb_lord_unique_high_liche_priest_undeath_leader_01,wh3_dlc29_skill_tmb_liche_high_priest_unique_1,1,wh2_dlc12_effect_magic_cooldown_all_lores,data/skill_trees/characters/tomb_kings/Liche_High_Priest_Undeath.csv,16,,ability_group_bindings,data/effect_semantics/source_exports/db/effect_bonus_value_special_ability_group_junctions_tables/data__.tsv,22,recharge_rate_percentage_mod,ability_group,wh2_main_lore_plague
wh3_dlc29_tmb_liche_high_priest_undeath,wh3_dlc29_skill_node_set_tmb_liche_high_priest_undeath,wh3_dlc29_skill_node_tmb_lord_unique_high_liche_priest_undeath_leader_01,wh3_dlc29_skill_tmb_liche_high_priest_unique_1,1,wh2_dlc12_effect_magic_cooldown_all_lores,data/skill_trees/characters/tomb_kings/Liche_High_Priest_Undeath.csv,16,,ability_group_bindings,data/effect_semantics/source_exports/db/effect_bonus_value_special_ability_group_junctions_tables/data__.tsv,23,recharge_rate_percentage_mod,ability_group,wh2_main_lore_plague_upgraded
wh3_dlc29_tmb_liche_high_priest_undeath,wh3_dlc29_skill_node_set_tmb_liche_high_priest_undeath,wh3_dlc29_skill_node_tmb_lord_unique_high_liche_priest_undeath_leader_01,wh3_dlc29_skill_tmb_liche_high_priest_unique_1,1,wh2_dlc12_effect_magic_cooldown_all_lores,data/skill_trees/characters/tomb_kings/Liche_High_Priest_Undeath.csv,16,,ability_group_bindings,data/effect_semantics/source_exports/db/effect_bonus_value_special_ability_group_junctions_tables/data__.tsv,24,recharge_rate_percentage_mod,ability_group,wh2_main_lore_ruin
wh3_dlc29_tmb_liche_high_priest_undeath,wh3_dlc29_skill_node_set_tmb_liche_high_priest_undeath,wh3_dlc29_skill_node_tmb_lord_unique_high_liche_priest_undeath_leader_01,wh3_dlc29_skill_tmb_liche_high_priest_unique_1,1,wh2_dlc12_effect_magic_cooldown_all_lores,data/skill_trees/characters/tomb_kings/Liche_High_Priest_Undeath.csv,16,,ability_group_bindings,data/effect_semantics/source_exports/db/effect_bonus_value_special_ability_group_junctions_tables/data__.tsv,25,recharge_rate_percentage_mod,ability_group,wh2_main_lore_ruin_upgraded
wh3_dlc29_tmb_liche_high_priest_undeath,wh3_dlc29_skill_node_set_tmb_liche_high_priest_undeath,wh3_dlc29_skill_node_tmb_lord_unique_high_liche_priest_undeath_leader_01,wh3_dlc29_skill_tmb_liche_high_priest_unique_1,1,wh2_dlc12_effect_magic_cooldown_all_lores,data/skill_trees/characters/tomb_kings/Liche_High_Priest_Undeath.csv,16,,ability_group_bindings,data/effect_semantics/source_exports/db/effect_bonus_value_special_ability_group_junctions_tables/data__.tsv,26,recharge_rate_percentage_mod,ability_group,wh3_cp1_all_lore_spell_variations
wh3_dlc29_tmb_liche_high_priest_undeath,wh3_dlc29_skill_node_set_tmb_liche_high_priest_undeath,wh3_dlc29_skill_node_tmb_lord_unique_high_liche_priest_undeath_leader_01,wh3_dlc29_skill_tmb_liche_high_priest_unique_1,1,wh2_dlc12_effect_magic_cooldown_all_lores,data/skill_trees/characters/tomb_kings/Liche_High_Priest_Undeath.csv,16,,ability_group_bindings,data/effect_semantics/source_exports/db/effect_bonus_value_special_ability_group_junctions_tables/data__.tsv,27,recharge_rate_percentage_mod,ability_group,wh3_dlc23_lore_hashut
wh3_dlc29_tmb_liche_high_priest_undeath,wh3_dlc29_skill_node_set_tmb_liche_high_priest_undeath,wh3_dlc29_skill_node_tmb_lord_unique_high_liche_priest_undeath_leader_01,wh3_dlc29_skill_tmb_liche_high_priest_unique_1,1,wh2_dlc12_effect_magic_cooldown_all_lores,data/skill_trees/characters/tomb_kings/Liche_High_Priest_Undeath.csv,16,,ability_group_bindings,data/effect_semantics/source_exports/db/effect_bonus_value_special_ability_group_junctions_tables/data__.tsv,28,recharge_rate_percentage_mod,ability_group,wh3_dlc23_lore_hashut_upgraded
wh3_dlc29_tmb_liche_high_priest_undeath,wh3_dlc29_skill_node_set_tmb_liche_high_priest_undeath,wh3_dlc29_skill_node_tmb_lord_unique_high_liche_priest_undeath_leader_01,wh3_dlc29_skill_tmb_liche_high_priest_unique_1,1,wh2_dlc12_effect_magic_cooldown_all_lores,data/skill_trees/characters/tomb_kings/Liche_High_Priest_Undeath.csv,16,,ability_group_bindings,data/effect_semantics/source_exports/db/effect_bonus_value_special_ability_group_junctions_tables/data__.tsv,29,recharge_rate_percentage_mod,ability_group,wh3_dlc24_lore_hag
wh3_dlc29_tmb_liche_high_priest_undeath,wh3_dlc29_skill_node_set_tmb_liche_high_priest_undeath,wh3_dlc29_skill_node_tmb_lord_unique_high_liche_priest_undeath_leader_01,wh3_dlc29_skill_tmb_liche_high_priest_unique_1,1,wh2_dlc12_effect_magic_cooldown_all_lores,data/skill_trees/characters/tomb_kings/Liche_High_Priest_Undeath.csv,16,,ability_group_bindings,data/effect_semantics/source_exports/db/effect_bonus_value_special_ability_group_junctions_tables/data__.tsv,30,recharge_rate_percentage_mod,ability_group,wh3_dlc24_lore_hag_upgraded
wh3_dlc29_tmb_liche_high_priest_undeath,wh3_dlc29_skill_node_set_tmb_liche_high_priest_undeath,wh3_dlc29_skill_node_tmb_lord_unique_high_liche_priest_undeath_leader_01,wh3_dlc29_skill_tmb_liche_high_priest_unique_1,1,wh2_dlc12_effect_magic_cooldown_all_lores,data/skill_trees/characters/tomb_kings/Liche_High_Priest_Undeath.csv,16,,ability_group_bindings,data/effect_semantics/source_exports/db/effect_bonus_value_special_ability_group_junctions_tables/data__.tsv,31,recharge_rate_percentage_mod,ability_group,wh3_dlc27_lore_mists
wh3_dlc29_tmb_liche_high_priest_undeath,wh3_dlc29_skill_node_set_tmb_liche_high_priest_undeath,wh3_dlc29_skill_node_tmb_lord_unique_high_liche_priest_undeath_leader_01,wh3_dlc29_skill_tmb_liche_high_priest_unique_1,1,wh2_dlc12_effect_magic_cooldown_all_lores,data/skill_trees/characters/tomb_kings/Liche_High_Priest_Undeath.csv,16,,ability_group_bindings,data/effect_semantics/source_exports/db/effect_bonus_value_special_ability_group_junctions_tables/data__.tsv,32,recharge_rate_percentage_mod,ability_group,wh3_dlc27_lore_mists_upgraded
wh3_dlc29_tmb_liche_high_priest_undeath,wh3_dlc29_skill_node_set_tmb_liche_high_priest_undeath,wh3_dlc29_skill_node_tmb_lord_unique_high_liche_priest_undeath_leader_01,wh3_dlc29_skill_tmb_liche_high_priest_unique_1,1,wh2_dlc12_effect_magic_cooldown_all_lores,data/skill_trees/characters/tomb_kings/Liche_High_Priest_Undeath.csv,16,,ability_group_bindings,data/effect_semantics/source_exports/db/effect_bonus_value_special_ability_group_junctions_tables/data__.tsv,33,recharge_rate_percentage_mod,ability_group,wh3_dlc29_lore_undeath
wh3_dlc29_tmb_liche_high_priest_undeath,wh3_dlc29_skill_node_set_tmb_liche_high_priest_undeath,wh3_dlc29_skill_node_tmb_lord_unique_high_liche_priest_undeath_leader_01,wh3_dlc29_skill_tmb_liche_high_priest_unique_1,1,wh2_dlc12_effect_magic_cooldown_all_lores,data/skill_trees/characters/tomb_kings/Liche_High_Priest_Undeath.csv,16,,ability_group_bindings,data/effect_semantics/source_exports/db/effect_bonus_value_special_ability_group_junctions_tables/data__.tsv,34,recharge_rate_percentage_mod,ability_group,wh3_dlc29_lore_undeath_upgraded
wh3_dlc29_tmb_liche_high_priest_undeath,wh3_dlc29_skill_node_set_tmb_liche_high_priest_undeath,wh3_dlc29_skill_node_tmb_lord_unique_high_liche_priest_undeath_leader_01,wh3_dlc29_skill_tmb_liche_high_priest_unique_1,1,wh2_dlc12_effect_magic_cooldown_all_lores,data/skill_trees/characters/tomb_kings/Liche_High_Priest_Undeath.csv,16,,ability_group_bindings,data/effect_semantics/source_exports/db/effect_bonus_value_special_ability_group_junctions_tables/data__.tsv,35,recharge_rate_percentage_mod,ability_group,wh3_main_lore_nurgle
wh3_dlc29_tmb_liche_high_priest_undeath,wh3_dlc29_skill_node_set_tmb_liche_high_priest_undeath,wh3_dlc29_skill_node_tmb_lord_unique_high_liche_priest_undeath_leader_01,wh3_dlc29_skill_tmb_liche_high_priest_unique_1,1,wh2_dlc12_effect_magic_cooldown_all_lores,data/skill_trees/characters/tomb_kings/Liche_High_Priest_Undeath.csv,16,,ability_group_bindings,data/effect_semantics/source_exports/db/effect_bonus_value_special_ability_group_junctions_tables/data__.tsv,36,recharge_rate_percentage_mod,ability_group,wh3_main_lore_nurgle_upgraded
wh3_dlc29_tmb_liche_high_priest_undeath,wh3_dlc29_skill_node_set_tmb_liche_high_priest_undeath,wh3_dlc29_skill_node_tmb_lord_unique_high_liche_priest_undeath_leader_01,wh3_dlc29_skill_tmb_liche_high_priest_unique_1,1,wh2_dlc12_effect_magic_cooldown_all_lores,data/skill_trees/characters/tomb_kings/Liche_High_Priest_Undeath.csv,16,,ability_group_bindings,data/effect_semantics/source_exports/db/effect_bonus_value_special_ability_group_junctions_tables/data__.tsv,37,recharge_rate_percentage_mod,ability_group,wh3_main_lore_of_great_maw
wh3_dlc29_tmb_liche_high_priest_undeath,wh3_dlc29_skill_node_set_tmb_liche_high_priest_undeath,wh3_dlc29_skill_node_tmb_lord_unique_high_liche_priest_undeath_leader_01,wh3_dlc29_skill_tmb_liche_high_priest_unique_1,1,wh2_dlc12_effect_magic_cooldown_all_lores,data/skill_trees/characters/tomb_kings/Liche_High_Priest_Undeath.csv,16,,ability_group_bindings,data/effect_semantics/source_exports/db/effect_bonus_value_special_ability_group_junctions_tables/data__.tsv,38,recharge_rate_percentage_mod,ability_group,wh3_main_lore_of_great_maw_upgraded
wh3_dlc29_tmb_liche_high_priest_undeath,wh3_dlc29_skill_node_set_tmb_liche_high_priest_undeath,wh3_dlc29_skill_node_tmb_lord_unique_high_liche_priest_undeath_leader_01,wh3_dlc29_skill_tmb_liche_high_priest_unique_1,1,wh2_dlc12_effect_magic_cooldown_all_lores,data/skill_trees/characters/tomb_kings/Liche_High_Priest_Undeath.csv,16,,ability_group_bindings,data/effect_semantics/source_exports/db/effect_bonus_value_special_ability_group_junctions_tables/data__.tsv,39,recharge_rate_percentage_mod,ability_group,wh3_main_lore_of_ice
wh3_dlc29_tmb_liche_high_priest_undeath,wh3_dlc29_skill_node_set_tmb_liche_high_priest_undeath,wh3_dlc29_skill_node_tmb_lord_unique_high_liche_priest_undeath_leader_01,wh3_dlc29_skill_tmb_liche_high_priest_unique_1,1,wh2_dlc12_effect_magic_cooldown_all_lores,data/skill_trees/characters/tomb_kings/Liche_High_Priest_Undeath.csv,16,,ability_group_bindings,data/effect_semantics/source_exports/db/effect_bonus_value_special_ability_group_junctions_tables/data__.tsv,40,recharge_rate_percentage_mod,ability_group,wh3_main_lore_of_ice_upgraded
wh3_dlc29_tmb_liche_high_priest_undeath,wh3_dlc29_skill_node_set_tmb_liche_high_priest_undeath,wh3_dlc29_skill_node_tmb_lord_unique_high_liche_priest_undeath_leader_01,wh3_dlc29_skill_tmb_liche_high_priest_unique_1,1,wh2_dlc12_effect_magic_cooldown_all_lores,data/skill_trees/characters/tomb_kings/Liche_High_Priest_Undeath.csv,16,,ability_group_bindings,data/effect_semantics/source_exports/db/effect_bonus_value_special_ability_group_junctions_tables/data__.tsv,41,recharge_rate_percentage_mod,ability_group,wh3_main_lore_of_tempest
wh3_dlc29_tmb_liche_high_priest_undeath,wh3_dlc29_skill_node_set_tmb_liche_high_priest_undeath,wh3_dlc29_skill_node_tmb_lord_unique_high_liche_priest_undeath_leader_01,wh3_dlc29_skill_tmb_liche_high_priest_unique_1,1,wh2_dlc12_effect_magic_cooldown_all_lores,data/skill_trees/characters/tomb_kings/Liche_High_Priest_Undeath.csv,16,,ability_group_bindings,data/effect_semantics/source_exports/db/effect_bonus_value_special_ability_group_junctions_tables/data__.tsv,42,recharge_rate_percentage_mod,ability_group,wh3_main_lore_of_tempest_upgraded
wh3_dlc29_tmb_liche_high_priest_undeath,wh3_dlc29_skill_node_set_tmb_liche_high_priest_undeath,wh3_dlc29_skill_node_tmb_lord_unique_high_liche_priest_undeath_leader_01,wh3_dlc29_skill_tmb_liche_high_priest_unique_1,1,wh2_dlc12_effect_magic_cooldown_all_lores,data/skill_trees/characters/tomb_kings/Liche_High_Priest_Undeath.csv,16,,ability_group_bindings,data/effect_semantics/source_exports/db/effect_bonus_value_special_ability_group_junctions_tables/data__.tsv,43,recharge_rate_percentage_mod,ability_group,wh3_main_lore_of_yang
wh3_dlc29_tmb_liche_high_priest_undeath,wh3_dlc29_skill_node_set_tmb_liche_high_priest_undeath,wh3_dlc29_skill_node_tmb_lord_unique_high_liche_priest_undeath_leader_01,wh3_dlc29_skill_tmb_liche_high_priest_unique_1,1,wh2_dlc12_effect_magic_cooldown_all_lores,data/skill_trees/characters/tomb_kings/Liche_High_Priest_Undeath.csv,16,,ability_group_bindings,data/effect_semantics/source_exports/db/effect_bonus_value_special_ability_group_junctions_tables/data__.tsv,44,recharge_rate_percentage_mod,ability_group,wh3_main_lore_of_yang_upgraded
wh3_dlc29_tmb_liche_high_priest_undeath,wh3_dlc29_skill_node_set_tmb_liche_high_priest_undeath,wh3_dlc29_skill_node_tmb_lord_unique_high_liche_priest_undeath_leader_01,wh3_dlc29_skill_tmb_liche_high_priest_unique_1,1,wh2_dlc12_effect_magic_cooldown_all_lores,data/skill_trees/characters/tomb_kings/Liche_High_Priest_Undeath.csv,16,,ability_group_bindings,data/effect_semantics/source_exports/db/effect_bonus_value_special_ability_group_junctions_tables/data__.tsv,45,recharge_rate_percentage_mod,ability_group,wh3_main_lore_of_yin
wh3_dlc29_tmb_liche_high_priest_undeath,wh3_dlc29_skill_node_set_tmb_liche_high_priest_undeath,wh3_dlc29_skill_node_tmb_lord_unique_high_liche_priest_undeath_leader_01,wh3_dlc29_skill_tmb_liche_high_priest_unique_1,1,wh2_dlc12_effect_magic_cooldown_all_lores,data/skill_trees/characters/tomb_kings/Liche_High_Priest_Undeath.csv,16,,ability_group_bindings,data/effect_semantics/source_exports/db/effect_bonus_value_special_ability_group_junctions_tables/data__.tsv,46,recharge_rate_percentage_mod,ability_group,wh3_main_lore_of_yin_upgraded
wh3_dlc29_tmb_liche_high_priest_undeath,wh3_dlc29_skill_node_set_tmb_liche_high_priest_undeath,wh3_dlc29_skill_node_tmb_lord_unique_high_liche_priest_undeath_leader_01,wh3_dlc29_skill_tmb_liche_high_priest_unique_1,1,wh2_dlc12_effect_magic_cooldown_all_lores,data/skill_trees/characters/tomb_kings/Liche_High_Priest_Undeath.csv,16,,ability_group_bindings,data/effect_semantics/source_exports/db/effect_bonus_value_special_ability_group_junctions_tables/data__.tsv,47,recharge_rate_percentage_mod,ability_group,wh3_main_lore_slaanesh
wh3_dlc29_tmb_liche_high_priest_undeath,wh3_dlc29_skill_node_set_tmb_liche_high_priest_undeath,wh3_dlc29_skill_node_tmb_lord_unique_high_liche_priest_undeath_leader_01,wh3_dlc29_skill_tmb_liche_high_priest_unique_1,1,wh2_dlc12_effect_magic_cooldown_all_lores,data/skill_trees/characters/tomb_kings/Liche_High_Priest_Undeath.csv,16,,ability_group_bindings,data/effect_semantics/source_exports/db/effect_bonus_value_special_ability_group_junctions_tables/data__.tsv,48,recharge_rate_percentage_mod,ability_group,wh3_main_lore_slaanesh_upgraded
wh3_dlc29_tmb_liche_high_priest_undeath,wh3_dlc29_skill_node_set_tmb_liche_high_priest_undeath,wh3_dlc29_skill_node_tmb_lord_unique_high_liche_priest_undeath_leader_01,wh3_dlc29_skill_tmb_liche_high_priest_unique_1,1,wh2_dlc12_effect_magic_cooldown_all_lores,data/skill_trees/characters/tomb_kings/Liche_High_Priest_Undeath.csv,16,,ability_group_bindings,data/effect_semantics/source_exports/db/effect_bonus_value_special_ability_group_junctions_tables/data__.tsv,49,recharge_rate_percentage_mod,ability_group,wh3_main_lore_tzeentch
wh3_dlc29_tmb_liche_high_priest_undeath,wh3_dlc29_skill_node_set_tmb_liche_high_priest_undeath,wh3_dlc29_skill_node_tmb_lord_unique_high_liche_priest_undeath_leader_01,wh3_dlc29_skill_tmb_liche_high_priest_unique_1,1,wh2_dlc12_effect_magic_cooldown_all_lores,data/skill_trees/characters/tomb_kings/Liche_High_Priest_Undeath.csv,16,,ability_group_bindings,data/effect_semantics/source_exports/db/effect_bonus_value_special_ability_group_junctions_tables/data__.tsv,50,recharge_rate_percentage_mod,ability_group,wh3_main_lore_tzeentch_upgraded
wh3_dlc29_tmb_liche_high_priest_undeath,wh3_dlc29_skill_node_set_tmb_liche_high_priest_undeath,wh3_dlc29_skill_node_tmb_lord_unique_high_liche_priest_undeath_leader_01,wh3_dlc29_skill_tmb_liche_high_priest_unique_1,1,wh2_dlc12_effect_magic_cooldown_all_lores,data/skill_trees/characters/tomb_kings/Liche_High_Priest_Undeath.csv,16,,ability_group_bindings,data/effect_semantics/source_exports/db/effect_bonus_value_special_ability_group_junctions_tables/data__.tsv,51,recharge_rate_percentage_mod,ability_group,wh_dlc03_lore_beasts
wh3_dlc29_tmb_liche_high_priest_undeath,wh3_dlc29_skill_node_set_tmb_liche_high_priest_undeath,wh3_dlc29_skill_node_tmb_lord_unique_high_liche_priest_undeath_leader_01,wh3_dlc29_skill_tmb_liche_high_priest_unique_1,1,wh2_dlc12_effect_magic_cooldown_all_lores,data/skill_trees/characters/tomb_kings/Liche_High_Priest_Undeath.csv,16,,ability_group_bindings,data/effect_semantics/source_exports/db/effect_bonus_value_special_ability_group_junctions_tables/data__.tsv,52,recharge_rate_percentage_mod,ability_group,wh_dlc03_lore_beasts_upgraded
wh3_dlc29_tmb_liche_high_priest_undeath,wh3_dlc29_skill_node_set_tmb_liche_high_priest_undeath,wh3_dlc29_skill_node_tmb_lord_unique_high_liche_priest_undeath_leader_01,wh3_dlc29_skill_tmb_liche_high_priest_unique_1,1,wh2_dlc12_effect_magic_cooldown_all_lores,data/skill_trees/characters/tomb_kings/Liche_High_Priest_Undeath.csv,16,,ability_group_bindings,data/effect_semantics/source_exports/db/effect_bonus_value_special_ability_group_junctions_tables/data__.tsv,53,recharge_rate_percentage_mod,ability_group,wh_dlc03_lore_wild
wh3_dlc29_tmb_liche_high_priest_undeath,wh3_dlc29_skill_node_set_tmb_liche_high_priest_undeath,wh3_dlc29_skill_node_tmb_lord_unique_high_liche_priest_undeath_leader_01,wh3_dlc29_skill_tmb_liche_high_priest_unique_1,1,wh2_dlc12_effect_magic_cooldown_all_lores,data/skill_trees/characters/tomb_kings/Liche_High_Priest_Undeath.csv,16,,ability_group_bindings,data/effect_semantics/source_exports/db/effect_bonus_value_special_ability_group_junctions_tables/data__.tsv,54,recharge_rate_percentage_mod,ability_group,wh_dlc03_lore_wild_upgraded
wh3_dlc29_tmb_liche_high_priest_undeath,wh3_dlc29_skill_node_set_tmb_liche_high_priest_undeath,wh3_dlc29_skill_node_tmb_lord_unique_high_liche_priest_undeath_leader_01,wh3_dlc29_skill_tmb_liche_high_priest_unique_1,1,wh2_dlc12_effect_magic_cooldown_all_lores,data/skill_trees/characters/tomb_kings/Liche_High_Priest_Undeath.csv,16,,ability_group_bindings,data/effect_semantics/source_exports/db/effect_bonus_value_special_ability_group_junctions_tables/data__.tsv,55,recharge_rate_percentage_mod,ability_group,wh_dlc05_lore_life
wh3_dlc29_tmb_liche_high_priest_undeath,wh3_dlc29_skill_node_set_tmb_liche_high_priest_undeath,wh3_dlc29_skill_node_tmb_lord_unique_high_liche_priest_undeath_leader_01,wh3_dlc29_skill_tmb_liche_high_priest_unique_1,1,wh2_dlc12_effect_magic_cooldown_all_lores,data/skill_trees/characters/tomb_kings/Liche_High_Priest_Undeath.csv,16,,ability_group_bindings,data/effect_semantics/source_exports/db/effect_bonus_value_special_ability_group_junctions_tables/data__.tsv,56,recharge_rate_percentage_mod,ability_group,wh_dlc05_lore_life_upgraded
wh3_dlc29_tmb_liche_high_priest_undeath,wh3_dlc29_skill_node_set_tmb_liche_high_priest_undeath,wh3_dlc29_skill_node_tmb_lord_unique_high_liche_priest_undeath_leader_01,wh3_dlc29_skill_tmb_liche_high_priest_unique_1,1,wh2_dlc12_effect_magic_cooldown_all_lores,data/skill_trees/characters/tomb_kings/Liche_High_Priest_Undeath.csv,16,,ability_group_bindings,data/effect_semantics/source_exports/db/effect_bonus_value_special_ability_group_junctions_tables/data__.tsv,57,recharge_rate_percentage_mod,ability_group,wh_dlc05_lore_shadows
wh3_dlc29_tmb_liche_high_priest_undeath,wh3_dlc29_skill_node_set_tmb_liche_high_priest_undeath,wh3_dlc29_skill_node_tmb_lord_unique_high_liche_priest_undeath_leader_01,wh3_dlc29_skill_tmb_liche_high_priest_unique_1,1,wh2_dlc12_effect_magic_cooldown_all_lores,data/skill_trees/characters/tomb_kings/Liche_High_Priest_Undeath.csv,16,,ability_group_bindings,data/effect_semantics/source_exports/db/effect_bonus_value_special_ability_group_junctions_tables/data__.tsv,58,recharge_rate_percentage_mod,ability_group,wh_dlc05_lore_shadows_upgraded
wh3_dlc29_tmb_liche_high_priest_undeath,wh3_dlc29_skill_node_set_tmb_liche_high_priest_undeath,wh3_dlc29_skill_node_tmb_lord_unique_high_liche_priest_undeath_leader_01,wh3_dlc29_skill_tmb_liche_high_priest_unique_1,1,wh2_dlc12_effect_magic_cooldown_all_lores,data/skill_trees/characters/tomb_kings/Liche_High_Priest_Undeath.csv,16,,ability_group_bindings,data/effect_semantics/source_exports/db/effect_bonus_value_special_ability_group_junctions_tables/data__.tsv,59,recharge_rate_percentage_mod,ability_group,wh_main_lore_big_waaagh
wh3_dlc29_tmb_liche_high_priest_undeath,wh3_dlc29_skill_node_set_tmb_liche_high_priest_undeath,wh3_dlc29_skill_node_tmb_lord_unique_high_liche_priest_undeath_leader_01,wh3_dlc29_skill_tmb_liche_high_priest_unique_1,1,wh2_dlc12_effect_magic_cooldown_all_lores,data/skill_trees/characters/tomb_kings/Liche_High_Priest_Undeath.csv,16,,ability_group_bindings,data/effect_semantics/source_exports/db/effect_bonus_value_special_ability_group_junctions_tables/data__.tsv,60,recharge_rate_percentage_mod,ability_group,wh_main_lore_big_waaagh_upgraded
wh3_dlc29_tmb_liche_high_priest_undeath,wh3_dlc29_skill_node_set_tmb_liche_high_priest_undeath,wh3_dlc29_skill_node_tmb_lord_unique_high_liche_priest_undeath_leader_01,wh3_dlc29_skill_tmb_liche_high_priest_unique_1,1,wh2_dlc12_effect_magic_cooldown_all_lores,data/skill_trees/characters/tomb_kings/Liche_High_Priest_Undeath.csv,16,,ability_group_bindings,data/effect_semantics/source_exports/db/effect_bonus_value_special_ability_group_junctions_tables/data__.tsv,61,recharge_rate_percentage_mod,ability_group,wh_main_lore_death
wh3_dlc29_tmb_liche_high_priest_undeath,wh3_dlc29_skill_node_set_tmb_liche_high_priest_undeath,wh3_dlc29_skill_node_tmb_lord_unique_high_liche_priest_undeath_leader_01,wh3_dlc29_skill_tmb_liche_high_priest_unique_1,1,wh2_dlc12_effect_magic_cooldown_all_lores,data/skill_trees/characters/tomb_kings/Liche_High_Priest_Undeath.csv,16,,ability_group_bindings,data/effect_semantics/source_exports/db/effect_bonus_value_special_ability_group_junctions_tables/data__.tsv,62,recharge_rate_percentage_mod,ability_group,wh_main_lore_death_upgraded
wh3_dlc29_tmb_liche_high_priest_undeath,wh3_dlc29_skill_node_set_tmb_liche_high_priest_undeath,wh3_dlc29_skill_node_tmb_lord_unique_high_liche_priest_undeath_leader_01,wh3_dlc29_skill_tmb_liche_high_priest_unique_1,1,wh2_dlc12_effect_magic_cooldown_all_lores,data/skill_trees/characters/tomb_kings/Liche_High_Priest_Undeath.csv,16,,ability_group_bindings,data/effect_semantics/source_exports/db/effect_bonus_value_special_ability_group_junctions_tables/data__.tsv,63,recharge_rate_percentage_mod,ability_group,wh_main_lore_fire
wh3_dlc29_tmb_liche_high_priest_undeath,wh3_dlc29_skill_node_set_tmb_liche_high_priest_undeath,wh3_dlc29_skill_node_tmb_lord_unique_high_liche_priest_undeath_leader_01,wh3_dlc29_skill_tmb_liche_high_priest_unique_1,1,wh2_dlc12_effect_magic_cooldown_all_lores,data/skill_trees/characters/tomb_kings/Liche_High_Priest_Undeath.csv,16,,ability_group_bindings,data/effect_semantics/source_exports/db/effect_bonus_value_special_ability_group_junctions_tables/data__.tsv,64,recharge_rate_percentage_mod,ability_group,wh_main_lore_fire_upgraded
wh3_dlc29_tmb_liche_high_priest_undeath,wh3_dlc29_skill_node_set_tmb_liche_high_priest_undeath,wh3_dlc29_skill_node_tmb_lord_unique_high_liche_priest_undeath_leader_01,wh3_dlc29_skill_tmb_liche_high_priest_unique_1,1,wh2_dlc12_effect_magic_cooldown_all_lores,data/skill_trees/characters/tomb_kings/Liche_High_Priest_Undeath.csv,16,,ability_group_bindings,data/effect_semantics/source_exports/db/effect_bonus_value_special_ability_group_junctions_tables/data__.tsv,65,recharge_rate_percentage_mod,ability_group,wh_main_lore_heavens
wh3_dlc29_tmb_liche_high_priest_undeath,wh3_dlc29_skill_node_set_tmb_liche_high_priest_undeath,wh3_dlc29_skill_node_tmb_lord_unique_high_liche_priest_undeath_leader_01,wh3_dlc29_skill_tmb_liche_high_priest_unique_1,1,wh2_dlc12_effect_magic_cooldown_all_lores,data/skill_trees/characters/tomb_kings/Liche_High_Priest_Undeath.csv,16,,ability_group_bindings,data/effect_semantics/source_exports/db/effect_bonus_value_special_ability_group_junctions_tables/data__.tsv,66,recharge_rate_percentage_mod,ability_group,wh_main_lore_heavens_upgraded
wh3_dlc29_tmb_liche_high_priest_undeath,wh3_dlc29_skill_node_set_tmb_liche_high_priest_undeath,wh3_dlc29_skill_node_tmb_lord_unique_high_liche_priest_undeath_leader_01,wh3_dlc29_skill_tmb_liche_high_priest_unique_1,1,wh2_dlc12_effect_magic_cooldown_all_lores,data/skill_trees/characters/tomb_kings/Liche_High_Priest_Undeath.csv,16,,ability_group_bindings,data/effect_semantics/source_exports/db/effect_bonus_value_special_ability_group_junctions_tables/data__.tsv,67,recharge_rate_percentage_mod,ability_group,wh_main_lore_light
wh3_dlc29_tmb_liche_high_priest_undeath,wh3_dlc29_skill_node_set_tmb_liche_high_priest_undeath,wh3_dlc29_skill_node_tmb_lord_unique_high_liche_priest_undeath_leader_01,wh3_dlc29_skill_tmb_liche_high_priest_unique_1,1,wh2_dlc12_effect_magic_cooldown_all_lores,data/skill_trees/characters/tomb_kings/Liche_High_Priest_Undeath.csv,16,,ability_group_bindings,data/effect_semantics/source_exports/db/effect_bonus_value_special_ability_group_junctions_tables/data__.tsv,68,recharge_rate_percentage_mod,ability_group,wh_main_lore_light_upgraded
wh3_dlc29_tmb_liche_high_priest_undeath,wh3_dlc29_skill_node_set_tmb_liche_high_priest_undeath,wh3_dlc29_skill_node_tmb_lord_unique_high_liche_priest_undeath_leader_01,wh3_dlc29_skill_tmb_liche_high_priest_unique_1,1,wh2_dlc12_effect_magic_cooldown_all_lores,data/skill_trees/characters/tomb_kings/Liche_High_Priest_Undeath.csv,16,,ability_group_bindings,data/effect_semantics/source_exports/db/effect_bonus_value_special_ability_group_junctions_tables/data__.tsv,69,recharge_rate_percentage_mod,ability_group,wh_main_lore_lil_waaagh
wh3_dlc29_tmb_liche_high_priest_undeath,wh3_dlc29_skill_node_set_tmb_liche_high_priest_undeath,wh3_dlc29_skill_node_tmb_lord_unique_high_liche_priest_undeath_leader_01,wh3_dlc29_skill_tmb_liche_high_priest_unique_1,1,wh2_dlc12_effect_magic_cooldown_all_lores,data/skill_trees/characters/tomb_kings/Liche_High_Priest_Undeath.csv,16,,ability_group_bindings,data/effect_semantics/source_exports/db/effect_bonus_value_special_ability_group_junctions_tables/data__.tsv,70,recharge_rate_percentage_mod,ability_group,wh_main_lore_lil_waaagh_upgraded
wh3_dlc29_tmb_liche_high_priest_undeath,wh3_dlc29_skill_node_set_tmb_liche_high_priest_undeath,wh3_dlc29_skill_node_tmb_lord_unique_high_liche_priest_undeath_leader_01,wh3_dlc29_skill_tmb_liche_high_priest_unique_1,1,wh2_dlc12_effect_magic_cooldown_all_lores,data/skill_trees/characters/tomb_kings/Liche_High_Priest_Undeath.csv,16,,ability_group_bindings,data/effect_semantics/source_exports/db/effect_bonus_value_special_ability_group_junctions_tables/data__.tsv,71,recharge_rate_percentage_mod,ability_group,wh_main_lore_metal
wh3_dlc29_tmb_liche_high_priest_undeath,wh3_dlc29_skill_node_set_tmb_liche_high_priest_undeath,wh3_dlc29_skill_node_tmb_lord_unique_high_liche_priest_undeath_leader_01,wh3_dlc29_skill_tmb_liche_high_priest_unique_1,1,wh2_dlc12_effect_magic_cooldown_all_lores,data/skill_trees/characters/tomb_kings/Liche_High_Priest_Undeath.csv,16,,ability_group_bindings,data/effect_semantics/source_exports/db/effect_bonus_value_special_ability_group_junctions_tables/data__.tsv,72,recharge_rate_percentage_mod,ability_group,wh_main_lore_metal_upgraded
wh3_dlc29_tmb_liche_high_priest_undeath,wh3_dlc29_skill_node_set_tmb_liche_high_priest_undeath,wh3_dlc29_skill_node_tmb_lord_unique_high_liche_priest_undeath_leader_01,wh3_dlc29_skill_tmb_liche_high_priest_unique_1,1,wh2_dlc12_effect_magic_cooldown_all_lores,data/skill_trees/characters/tomb_kings/Liche_High_Priest_Undeath.csv,16,,ability_group_bindings,data/effect_semantics/source_exports/db/effect_bonus_value_special_ability_group_junctions_tables/data__.tsv,73,recharge_rate_percentage_mod,ability_group,wh_main_lore_vampires
wh3_dlc29_tmb_liche_high_priest_undeath,wh3_dlc29_skill_node_set_tmb_liche_high_priest_undeath,wh3_dlc29_skill_node_tmb_lord_unique_high_liche_priest_undeath_leader_01,wh3_dlc29_skill_tmb_liche_high_priest_unique_1,1,wh2_dlc12_effect_magic_cooldown_all_lores,data/skill_trees/characters/tomb_kings/Liche_High_Priest_Undeath.csv,16,,ability_group_bindings,data/effect_semantics/source_exports/db/effect_bonus_value_special_ability_group_junctions_tables/data__.tsv,74,recharge_rate_percentage_mod,ability_group,wh_main_lore_vampires_upgraded
wh3_dlc29_tmb_liche_high_priest_undeath,wh3_dlc29_skill_node_set_tmb_liche_high_priest_undeath,wh3_dlc29_skill_node_tmb_high_liche_priest_undeath_magic_01,wh3_dlc29_skill_nag_magic_undeath_01_morkharn_breath_of_darkness,1,wh3_dlc29_effect_ability_cooldown_breath_of_darkness,data/skill_trees/characters/tomb_kings/Liche_High_Priest_Undeath.csv,29,wh3_dlc29_spell_undeath_morkharn_breath_of_darkness,ability_bindings,data/effect_semantics/source_exports/db/effect_bonus_value_unit_ability_junctions_tables/data__.tsv,3155,recharge_mod,ability,wh3_dlc29_spell_undeath_morkharn_breath_of_darkness
wh3_dlc29_tmb_liche_high_priest_undeath,wh3_dlc29_skill_node_set_tmb_liche_high_priest_undeath,wh3_dlc29_skill_node_tmb_high_liche_priest_undeath_magic_01,wh3_dlc29_skill_nag_magic_undeath_01_morkharn_breath_of_darkness,1,wh3_dlc29_effect_ability_enable_morkharn_breath_of_darkness_upgraded,data/skill_trees/characters/tomb_kings/Liche_High_Priest_Undeath.csv,30,wh3_dlc29_spell_undeath_morkharn_breath_of_darkness,ability_bindings,data/effect_semantics/source_exports/db/effect_bonus_value_unit_ability_junctions_tables/data__.tsv,3689,enable_overchage,ability,wh3_dlc29_spell_undeath_morkharn_breath_of_darkness
wh3_dlc29_tmb_liche_high_priest_undeath,wh3_dlc29_skill_node_set_tmb_liche_high_priest_undeath,wh3_dlc29_skill_node_tmb_high_liche_priest_undeath_magic_01,wh3_dlc29_skill_nag_magic_undeath_01_morkharn_breath_of_darkness,1,wh3_dlc29_effect_ability_enable_morkharn_breath_of_darkness_upgraded,data/skill_trees/characters/tomb_kings/Liche_High_Priest_Undeath.csv,30,wh3_dlc29_spell_undeath_morkharn_breath_of_darkness,ability_bindings,data/effect_semantics/source_exports/db/effect_bonus_value_unit_ability_junctions_tables/data__.tsv,3690,enable,ability,wh3_dlc29_spell_undeath_morkharn_breath_of_darkness
wh3_dlc29_tmb_liche_high_priest_undeath,wh3_dlc29_skill_node_set_tmb_liche_high_priest_undeath,wh3_dlc29_skill_node_tmb_high_liche_priest_undeath_magic_01,wh3_dlc29_skill_nag_magic_undeath_01_morkharn_breath_of_darkness,2,wh3_dlc29_effect_ability_cooldown_breath_of_darkness,data/skill_trees/characters/tomb_kings/Liche_High_Priest_Undeath.csv,31,wh3_dlc29_spell_undeath_morkharn_breath_of_darkness,ability_bindings,data/effect_semantics/source_exports/db/effect_bonus_value_unit_ability_junctions_tables/data__.tsv,3155,recharge_mod,ability,wh3_dlc29_spell_undeath_morkharn_breath_of_darkness
wh3_dlc29_tmb_liche_high_priest_undeath,wh3_dlc29_skill_node_set_tmb_liche_high_priest_undeath,wh3_dlc29_skill_node_tmb_high_liche_priest_undeath_magic_01,wh3_dlc29_skill_nag_magic_undeath_01_morkharn_breath_of_darkness,2,wh3_dlc29_effect_ability_enable_morkharn_breath_of_darkness_upgraded,data/skill_trees/characters/tomb_kings/Liche_High_Priest_Undeath.csv,32,wh3_dlc29_spell_undeath_morkharn_breath_of_darkness,ability_bindings,data/effect_semantics/source_exports/db/effect_bonus_value_unit_ability_junctions_tables/data__.tsv,3689,enable_overchage,ability,wh3_dlc29_spell_undeath_morkharn_breath_of_darkness
wh3_dlc29_tmb_liche_high_priest_undeath,wh3_dlc29_skill_node_set_tmb_liche_high_priest_undeath,wh3_dlc29_skill_node_tmb_high_liche_priest_undeath_magic_01,wh3_dlc29_skill_nag_magic_undeath_01_morkharn_breath_of_darkness,2,wh3_dlc29_effect_ability_enable_morkharn_breath_of_darkness_upgraded,data/skill_trees/characters/tomb_kings/Liche_High_Priest_Undeath.csv,32,wh3_dlc29_spell_undeath_morkharn_breath_of_darkness,ability_bindings,data/effect_semantics/source_exports/db/effect_bonus_value_unit_ability_junctions_tables/data__.tsv,3690,enable,ability,wh3_dlc29_spell_undeath_morkharn_breath_of_darkness
wh3_dlc29_tmb_liche_high_priest_undeath,wh3_dlc29_skill_node_set_tmb_liche_high_priest_undeath,wh3_dlc29_skill_node_tmb_high_liche_priest_undeath_magic_01,wh3_dlc29_skill_nag_magic_undeath_01_morkharn_breath_of_darkness,2,wh3_dlc29_effect_ability_miscast_breath_of_darkness_upgraded,data/skill_trees/characters/tomb_kings/Liche_High_Priest_Undeath.csv,33,wh3_dlc29_spell_undeath_morkharn_breath_of_darkness_upgraded,ability_bindings,data/effect_semantics/source_exports/db/effect_bonus_value_unit_ability_junctions_tables/data__.tsv,3773,miscast_percentage_mod,ability,wh3_dlc29_spell_undeath_morkharn_breath_of_darkness_upgraded
wh3_dlc29_tmb_liche_high_priest_undeath,wh3_dlc29_skill_node_set_tmb_liche_high_priest_undeath,wh3_dlc29_skill_node_tmb_high_liche_priest_undeath_magic_01,wh3_dlc29_skill_nag_magic_undeath_01_morkharn_breath_of_darkness,2,wh3_dlc29_effect_ability_wom_cost_breath_of_darkness,data/skill_trees/characters/tomb_kings/Liche_High_Priest_Undeath.csv,34,wh3_dlc29_spell_undeath_morkharn_breath_of_darkness,ability_bindings,data/effect_semantics/source_exports/db/effect_bonus_value_unit_ability_junctions_tables/data__.tsv,3849,cost_mod,ability,wh3_dlc29_spell_undeath_morkharn_breath_of_darkness
wh3_dlc29_tmb_liche_high_priest_undeath,wh3_dlc29_skill_node_set_tmb_liche_high_priest_undeath,wh3_dlc29_skill_node_tmb_high_liche_priest_undeath_magic_01,wh3_dlc29_skill_nag_magic_undeath_01_morkharn_breath_of_darkness,2,wh3_dlc29_effect_ability_wom_cost_breath_of_darkness_upgraded,data/skill_trees/characters/tomb_kings/Liche_High_Priest_Undeath.csv,35,wh3_dlc29_spell_undeath_morkharn_breath_of_darkness_upgraded,ability_bindings,data/effect_semantics/source_exports/db/effect_bonus_value_unit_ability_junctions_tables/data__.tsv,3848,cost_mod,ability,wh3_dlc29_spell_undeath_morkharn_breath_of_darkness_upgraded
wh3_dlc29_tmb_liche_high_priest_undeath,wh3_dlc29_skill_node_set_tmb_liche_high_priest_undeath,wh3_dlc29_skill_tmb_high_liche_priest_undeath_misc_0,wh3_dlc29_skill_liche_high_priest_misc_0,1,wh3_dlc29_effect_ability_enable_eternal_gaze,data/skill_trees/characters/tomb_kings/Liche_High_Priest_Undeath.csv,144,wh3_dlc29_lord_abilities_gaze_of_usirian,ability_bindings,data/effect_semantics/source_exports/db/effect_bonus_value_unit_ability_junctions_tables/data__.tsv,3631,enable,ability,wh3_dlc29_lord_abilities_gaze_of_usirian
wh3_dlc29_tmb_liche_high_priest_undeath,wh3_dlc29_skill_node_set_tmb_liche_high_priest_undeath,wh3_dlc29_skill_node_tmb_high_liche_priest_undeath_magic_02,wh3_dlc29_skill_nag_magic_undeath_02_raise_the_dead,1,wh3_dlc29_effect_ability_enable_raise_the_dead,data/skill_trees/characters/tomb_kings/Liche_High_Priest_Undeath.csv,158,wh3_dlc29_lore_passive_raise_the_dead,ability_bindings,data/effect_semantics/source_exports/db/effect_bonus_value_unit_ability_junctions_tables/data__.tsv,3706,enable,ability,wh3_dlc29_lore_passive_raise_the_dead
wh3_dlc29_tmb_liche_high_priest_undeath,wh3_dlc29_skill_node_set_tmb_liche_high_priest_undeath,wh3_dlc29_skill_tmb_high_liche_priest_undeath_misc_1,wh3_dlc29_skill_liche_high_priest_misc_1,1,wh3_dlc29_effect_ability_enable_gust_of_the_grave,data/skill_trees/characters/tomb_kings/Liche_High_Priest_Undeath.csv,185,wh3_dlc29_unit_abilities_lesser_tomb_swarm,ability_bindings,data/effect_semantics/source_exports/db/effect_bonus_value_unit_ability_junctions_tables/data__.tsv,3648,enable,ability,wh3_dlc29_unit_abilities_lesser_tomb_swarm
wh3_dlc29_tmb_liche_high_priest_undeath,wh3_dlc29_skill_node_set_tmb_liche_high_priest_undeath,wh3_dlc29_skill_node_nag_lord_unique_high_liche_priest_undeath_leader_03,wh3_dlc29_skill_tmb_lord_unique_high_liche_priest_wizard_01,1,wh2_dlc14_effect_magic_cost_all_lores_percentage,data/skill_trees/characters/tomb_kings/Liche_High_Priest_Undeath.csv,187,,ability_group_bindings,data/effect_semantics/source_exports/db/effect_bonus_value_special_ability_group_junctions_tables/data__.tsv,93,cost_percentage_mod,ability_group,wh2_dlc09_lore_nehekhara
wh3_dlc29_tmb_liche_high_priest_undeath,wh3_dlc29_skill_node_set_tmb_liche_high_priest_undeath,wh3_dlc29_skill_node_nag_lord_unique_high_liche_priest_undeath_leader_03,wh3_dlc29_skill_tmb_lord_unique_high_liche_priest_wizard_01,1,wh2_dlc14_effect_magic_cost_all_lores_percentage,data/skill_trees/characters/tomb_kings/Liche_High_Priest_Undeath.csv,187,,ability_group_bindings,data/effect_semantics/source_exports/db/effect_bonus_value_special_ability_group_junctions_tables/data__.tsv,94,cost_percentage_mod,ability_group,wh2_dlc09_lore_nehekhara_upgraded
wh3_dlc29_tmb_liche_high_priest_undeath,wh3_dlc29_skill_node_set_tmb_liche_high_priest_undeath,wh3_dlc29_skill_node_nag_lord_unique_high_liche_priest_undeath_leader_03,wh3_dlc29_skill_tmb_lord_unique_high_liche_priest_wizard_01,1,wh2_dlc14_effect_magic_cost_all_lores_percentage,data/skill_trees/characters/tomb_kings/Liche_High_Priest_Undeath.csv,187,,ability_group_bindings,data/effect_semantics/source_exports/db/effect_bonus_value_special_ability_group_junctions_tables/data__.tsv,95,cost_percentage_mod,ability_group,wh2_dlc11_lore_deep
wh3_dlc29_tmb_liche_high_priest_undeath,wh3_dlc29_skill_node_set_tmb_liche_high_priest_undeath,wh3_dlc29_skill_node_nag_lord_unique_high_liche_priest_undeath_leader_03,wh3_dlc29_skill_tmb_lord_unique_high_liche_priest_wizard_01,1,wh2_dlc14_effect_magic_cost_all_lores_percentage,data/skill_trees/characters/tomb_kings/Liche_High_Priest_Undeath.csv,187,,ability_group_bindings,data/effect_semantics/source_exports/db/effect_bonus_value_special_ability_group_junctions_tables/data__.tsv,96,cost_percentage_mod,ability_group,wh2_dlc11_lore_deep_upgraded
wh3_dlc29_tmb_liche_high_priest_undeath,wh3_dlc29_skill_node_set_tmb_liche_high_priest_undeath,wh3_dlc29_skill_node_nag_lord_unique_high_liche_priest_undeath_leader_03,wh3_dlc29_skill_tmb_lord_unique_high_liche_priest_wizard_01,1,wh2_dlc14_effect_magic_cost_all_lores_percentage,data/skill_trees/characters/tomb_kings/Liche_High_Priest_Undeath.csv,187,,ability_group_bindings,data/effect_semantics/source_exports/db/effect_bonus_value_special_ability_group_junctions_tables/data__.tsv,97,cost_percentage_mod,ability_group,wh2_dlc12_lore_lord_kroak
wh3_dlc29_tmb_liche_high_priest_undeath,wh3_dlc29_skill_node_set_tmb_liche_high_priest_undeath,wh3_dlc29_skill_node_nag_lord_unique_high_liche_priest_undeath_leader_03,wh3_dlc29_skill_tmb_lord_unique_high_liche_priest_wizard_01,1,wh2_dlc14_effect_magic_cost_all_lores_percentage,data/skill_trees/characters/tomb_kings/Liche_High_Priest_Undeath.csv,187,,ability_group_bindings,data/effect_semantics/source_exports/db/effect_bonus_value_special_ability_group_junctions_tables/data__.tsv,98,cost_percentage_mod,ability_group,wh2_dlc14_lore_stealth
wh3_dlc29_tmb_liche_high_priest_undeath,wh3_dlc29_skill_node_set_tmb_liche_high_priest_undeath,wh3_dlc29_skill_node_nag_lord_unique_high_liche_priest_undeath_leader_03,wh3_dlc29_skill_tmb_lord_unique_high_liche_priest_wizard_01,1,wh2_dlc14_effect_magic_cost_all_lores_percentage,data/skill_trees/characters/tomb_kings/Liche_High_Priest_Undeath.csv,187,,ability_group_bindings,data/effect_semantics/source_exports/db/effect_bonus_value_special_ability_group_junctions_tables/data__.tsv,99,cost_percentage_mod,ability_group,wh2_dlc14_lore_stealth_upgraded
wh3_dlc29_tmb_liche_high_priest_undeath,wh3_dlc29_skill_node_set_tmb_liche_high_priest_undeath,wh3_dlc29_skill_node_nag_lord_unique_high_liche_priest_undeath_leader_03,wh3_dlc29_skill_tmb_lord_unique_high_liche_priest_wizard_01,1,wh2_dlc14_effect_magic_cost_all_lores_percentage,data/skill_trees/characters/tomb_kings/Liche_High_Priest_Undeath.csv,187,,ability_group_bindings,data/effect_semantics/source_exports/db/effect_bonus_value_special_ability_group_junctions_tables/data__.tsv,100,cost_percentage_mod,ability_group,wh2_main_lore_dark_magic
wh3_dlc29_tmb_liche_high_priest_undeath,wh3_dlc29_skill_node_set_tmb_liche_high_priest_undeath,wh3_dlc29_skill_node_nag_lord_unique_high_liche_priest_undeath_leader_03,wh3_dlc29_skill_tmb_lord_unique_high_liche_priest_wizard_01,1,wh2_dlc14_effect_magic_cost_all_lores_percentage,data/skill_trees/characters/tomb_kings/Liche_High_Priest_Undeath.csv,187,,ability_group_bindings,data/effect_semantics/source_exports/db/effect_bonus_value_special_ability_group_junctions_tables/data__.tsv,101,cost_percentage_mod,ability_group,wh2_main_lore_dark_magic_upgraded
wh3_dlc29_tmb_liche_high_priest_undeath,wh3_dlc29_skill_node_set_tmb_liche_high_priest_undeath,wh3_dlc29_skill_node_nag_lord_unique_high_liche_priest_undeath_leader_03,wh3_dlc29_skill_tmb_lord_unique_high_liche_priest_wizard_01,1,wh2_dlc14_effect_magic_cost_all_lores_percentage,data/skill_trees/characters/tomb_kings/Liche_High_Priest_Undeath.csv,187,,ability_group_bindings,data/effect_semantics/source_exports/db/effect_bonus_value_special_ability_group_junctions_tables/data__.tsv,102,cost_percentage_mod,ability_group,wh2_main_lore_high_magic
wh3_dlc29_tmb_liche_high_priest_undeath,wh3_dlc29_skill_node_set_tmb_liche_high_priest_undeath,wh3_dlc29_skill_node_nag_lord_unique_high_liche_priest_undeath_leader_03,wh3_dlc29_skill_tmb_lord_unique_high_liche_priest_wizard_01,1,wh2_dlc14_effect_magic_cost_all_lores_percentage,data/skill_trees/characters/tomb_kings/Liche_High_Priest_Undeath.csv,187,,ability_group_bindings,data/effect_semantics/source_exports/db/effect_bonus_value_special_ability_group_junctions_tables/data__.tsv,103,cost_percentage_mod,ability_group,wh2_main_lore_high_magic_upgraded
wh3_dlc29_tmb_liche_high_priest_undeath,wh3_dlc29_skill_node_set_tmb_liche_high_priest_undeath,wh3_dlc29_skill_node_nag_lord_unique_high_liche_priest_undeath_leader_03,wh3_dlc29_skill_tmb_lord_unique_high_liche_priest_wizard_01,1,wh2_dlc14_effect_magic_cost_all_lores_percentage,data/skill_trees/characters/tomb_kings/Liche_High_Priest_Undeath.csv,187,,ability_group_bindings,data/effect_semantics/source_exports/db/effect_bonus_value_special_ability_group_junctions_tables/data__.tsv,104,cost_percentage_mod,ability_group,wh2_main_lore_plague
wh3_dlc29_tmb_liche_high_priest_undeath,wh3_dlc29_skill_node_set_tmb_liche_high_priest_undeath,wh3_dlc29_skill_node_nag_lord_unique_high_liche_priest_undeath_leader_03,wh3_dlc29_skill_tmb_lord_unique_high_liche_priest_wizard_01,1,wh2_dlc14_effect_magic_cost_all_lores_percentage,data/skill_trees/characters/tomb_kings/Liche_High_Priest_Undeath.csv,187,,ability_group_bindings,data/effect_semantics/source_exports/db/effect_bonus_value_special_ability_group_junctions_tables/data__.tsv,105,cost_percentage_mod,ability_group,wh2_main_lore_plague_upgraded
wh3_dlc29_tmb_liche_high_priest_undeath,wh3_dlc29_skill_node_set_tmb_liche_high_priest_undeath,wh3_dlc29_skill_node_nag_lord_unique_high_liche_priest_undeath_leader_03,wh3_dlc29_skill_tmb_lord_unique_high_liche_priest_wizard_01,1,wh2_dlc14_effect_magic_cost_all_lores_percentage,data/skill_trees/characters/tomb_kings/Liche_High_Priest_Undeath.csv,187,,ability_group_bindings,data/effect_semantics/source_exports/db/effect_bonus_value_special_ability_group_junctions_tables/data__.tsv,106,cost_percentage_mod,ability_group,wh2_main_lore_ruin
wh3_dlc29_tmb_liche_high_priest_undeath,wh3_dlc29_skill_node_set_tmb_liche_high_priest_undeath,wh3_dlc29_skill_node_nag_lord_unique_high_liche_priest_undeath_leader_03,wh3_dlc29_skill_tmb_lord_unique_high_liche_priest_wizard_01,1,wh2_dlc14_effect_magic_cost_all_lores_percentage,data/skill_trees/characters/tomb_kings/Liche_High_Priest_Undeath.csv,187,,ability_group_bindings,data/effect_semantics/source_exports/db/effect_bonus_value_special_ability_group_junctions_tables/data__.tsv,107,cost_percentage_mod,ability_group,wh2_main_lore_ruin_upgraded
wh3_dlc29_tmb_liche_high_priest_undeath,wh3_dlc29_skill_node_set_tmb_liche_high_priest_undeath,wh3_dlc29_skill_node_nag_lord_unique_high_liche_priest_undeath_leader_03,wh3_dlc29_skill_tmb_lord_unique_high_liche_priest_wizard_01,1,wh2_dlc14_effect_magic_cost_all_lores_percentage,data/skill_trees/characters/tomb_kings/Liche_High_Priest_Undeath.csv,187,,ability_group_bindings,data/effect_semantics/source_exports/db/effect_bonus_value_special_ability_group_junctions_tables/data__.tsv,108,cost_percentage_mod,ability_group,wh3_dlc23_lore_hashut
wh3_dlc29_tmb_liche_high_priest_undeath,wh3_dlc29_skill_node_set_tmb_liche_high_priest_undeath,wh3_dlc29_skill_node_nag_lord_unique_high_liche_priest_undeath_leader_03,wh3_dlc29_skill_tmb_lord_unique_high_liche_priest_wizard_01,1,wh2_dlc14_effect_magic_cost_all_lores_percentage,data/skill_trees/characters/tomb_kings/Liche_High_Priest_Undeath.csv,187,,ability_group_bindings,data/effect_semantics/source_exports/db/effect_bonus_value_special_ability_group_junctions_tables/data__.tsv,109,cost_percentage_mod,ability_group,wh3_dlc23_lore_hashut_upgraded
wh3_dlc29_tmb_liche_high_priest_undeath,wh3_dlc29_skill_node_set_tmb_liche_high_priest_undeath,wh3_dlc29_skill_node_nag_lord_unique_high_liche_priest_undeath_leader_03,wh3_dlc29_skill_tmb_lord_unique_high_liche_priest_wizard_01,1,wh2_dlc14_effect_magic_cost_all_lores_percentage,data/skill_trees/characters/tomb_kings/Liche_High_Priest_Undeath.csv,187,,ability_group_bindings,data/effect_semantics/source_exports/db/effect_bonus_value_special_ability_group_junctions_tables/data__.tsv,110,cost_percentage_mod,ability_group,wh3_dlc24_lore_hag
wh3_dlc29_tmb_liche_high_priest_undeath,wh3_dlc29_skill_node_set_tmb_liche_high_priest_undeath,wh3_dlc29_skill_node_nag_lord_unique_high_liche_priest_undeath_leader_03,wh3_dlc29_skill_tmb_lord_unique_high_liche_priest_wizard_01,1,wh2_dlc14_effect_magic_cost_all_lores_percentage,data/skill_trees/characters/tomb_kings/Liche_High_Priest_Undeath.csv,187,,ability_group_bindings,data/effect_semantics/source_exports/db/effect_bonus_value_special_ability_group_junctions_tables/data__.tsv,111,cost_percentage_mod,ability_group,wh3_dlc24_lore_hag_upgraded
wh3_dlc29_tmb_liche_high_priest_undeath,wh3_dlc29_skill_node_set_tmb_liche_high_priest_undeath,wh3_dlc29_skill_node_nag_lord_unique_high_liche_priest_undeath_leader_03,wh3_dlc29_skill_tmb_lord_unique_high_liche_priest_wizard_01,1,wh2_dlc14_effect_magic_cost_all_lores_percentage,data/skill_trees/characters/tomb_kings/Liche_High_Priest_Undeath.csv,187,,ability_group_bindings,data/effect_semantics/source_exports/db/effect_bonus_value_special_ability_group_junctions_tables/data__.tsv,112,cost_percentage_mod,ability_group,wh3_dlc27_lore_mists
wh3_dlc29_tmb_liche_high_priest_undeath,wh3_dlc29_skill_node_set_tmb_liche_high_priest_undeath,wh3_dlc29_skill_node_nag_lord_unique_high_liche_priest_undeath_leader_03,wh3_dlc29_skill_tmb_lord_unique_high_liche_priest_wizard_01,1,wh2_dlc14_effect_magic_cost_all_lores_percentage,data/skill_trees/characters/tomb_kings/Liche_High_Priest_Undeath.csv,187,,ability_group_bindings,data/effect_semantics/source_exports/db/effect_bonus_value_special_ability_group_junctions_tables/data__.tsv,113,cost_percentage_mod,ability_group,wh3_dlc27_lore_mists_upgraded
wh3_dlc29_tmb_liche_high_priest_undeath,wh3_dlc29_skill_node_set_tmb_liche_high_priest_undeath,wh3_dlc29_skill_node_nag_lord_unique_high_liche_priest_undeath_leader_03,wh3_dlc29_skill_tmb_lord_unique_high_liche_priest_wizard_01,1,wh2_dlc14_effect_magic_cost_all_lores_percentage,data/skill_trees/characters/tomb_kings/Liche_High_Priest_Undeath.csv,187,,ability_group_bindings,data/effect_semantics/source_exports/db/effect_bonus_value_special_ability_group_junctions_tables/data__.tsv,114,cost_percentage_mod,ability_group,wh3_dlc29_lore_undeath
wh3_dlc29_tmb_liche_high_priest_undeath,wh3_dlc29_skill_node_set_tmb_liche_high_priest_undeath,wh3_dlc29_skill_node_nag_lord_unique_high_liche_priest_undeath_leader_03,wh3_dlc29_skill_tmb_lord_unique_high_liche_priest_wizard_01,1,wh2_dlc14_effect_magic_cost_all_lores_percentage,data/skill_trees/characters/tomb_kings/Liche_High_Priest_Undeath.csv,187,,ability_group_bindings,data/effect_semantics/source_exports/db/effect_bonus_value_special_ability_group_junctions_tables/data__.tsv,115,cost_percentage_mod,ability_group,wh3_dlc29_lore_undeath_upgraded
wh3_dlc29_tmb_liche_high_priest_undeath,wh3_dlc29_skill_node_set_tmb_liche_high_priest_undeath,wh3_dlc29_skill_node_nag_lord_unique_high_liche_priest_undeath_leader_03,wh3_dlc29_skill_tmb_lord_unique_high_liche_priest_wizard_01,1,wh2_dlc14_effect_magic_cost_all_lores_percentage,data/skill_trees/characters/tomb_kings/Liche_High_Priest_Undeath.csv,187,,ability_group_bindings,data/effect_semantics/source_exports/db/effect_bonus_value_special_ability_group_junctions_tables/data__.tsv,116,cost_percentage_mod,ability_group,wh3_main_lore_nurgle
wh3_dlc29_tmb_liche_high_priest_undeath,wh3_dlc29_skill_node_set_tmb_liche_high_priest_undeath,wh3_dlc29_skill_node_nag_lord_unique_high_liche_priest_undeath_leader_03,wh3_dlc29_skill_tmb_lord_unique_high_liche_priest_wizard_01,1,wh2_dlc14_effect_magic_cost_all_lores_percentage,data/skill_trees/characters/tomb_kings/Liche_High_Priest_Undeath.csv,187,,ability_group_bindings,data/effect_semantics/source_exports/db/effect_bonus_value_special_ability_group_junctions_tables/data__.tsv,117,cost_percentage_mod,ability_group,wh3_main_lore_nurgle_upgraded
wh3_dlc29_tmb_liche_high_priest_undeath,wh3_dlc29_skill_node_set_tmb_liche_high_priest_undeath,wh3_dlc29_skill_node_nag_lord_unique_high_liche_priest_undeath_leader_03,wh3_dlc29_skill_tmb_lord_unique_high_liche_priest_wizard_01,1,wh2_dlc14_effect_magic_cost_all_lores_percentage,data/skill_trees/characters/tomb_kings/Liche_High_Priest_Undeath.csv,187,,ability_group_bindings,data/effect_semantics/source_exports/db/effect_bonus_value_special_ability_group_junctions_tables/data__.tsv,118,cost_percentage_mod,ability_group,wh3_main_lore_of_great_maw
wh3_dlc29_tmb_liche_high_priest_undeath,wh3_dlc29_skill_node_set_tmb_liche_high_priest_undeath,wh3_dlc29_skill_node_nag_lord_unique_high_liche_priest_undeath_leader_03,wh3_dlc29_skill_tmb_lord_unique_high_liche_priest_wizard_01,1,wh2_dlc14_effect_magic_cost_all_lores_percentage,data/skill_trees/characters/tomb_kings/Liche_High_Priest_Undeath.csv,187,,ability_group_bindings,data/effect_semantics/source_exports/db/effect_bonus_value_special_ability_group_junctions_tables/data__.tsv,119,cost_percentage_mod,ability_group,wh3_main_lore_of_great_maw_upgraded
wh3_dlc29_tmb_liche_high_priest_undeath,wh3_dlc29_skill_node_set_tmb_liche_high_priest_undeath,wh3_dlc29_skill_node_nag_lord_unique_high_liche_priest_undeath_leader_03,wh3_dlc29_skill_tmb_lord_unique_high_liche_priest_wizard_01,1,wh2_dlc14_effect_magic_cost_all_lores_percentage,data/skill_trees/characters/tomb_kings/Liche_High_Priest_Undeath.csv,187,,ability_group_bindings,data/effect_semantics/source_exports/db/effect_bonus_value_special_ability_group_junctions_tables/data__.tsv,120,cost_percentage_mod,ability_group,wh3_main_lore_of_ice
wh3_dlc29_tmb_liche_high_priest_undeath,wh3_dlc29_skill_node_set_tmb_liche_high_priest_undeath,wh3_dlc29_skill_node_nag_lord_unique_high_liche_priest_undeath_leader_03,wh3_dlc29_skill_tmb_lord_unique_high_liche_priest_wizard_01,1,wh2_dlc14_effect_magic_cost_all_lores_percentage,data/skill_trees/characters/tomb_kings/Liche_High_Priest_Undeath.csv,187,,ability_group_bindings,data/effect_semantics/source_exports/db/effect_bonus_value_special_ability_group_junctions_tables/data__.tsv,121,cost_percentage_mod,ability_group,wh3_main_lore_of_ice_upgraded
wh3_dlc29_tmb_liche_high_priest_undeath,wh3_dlc29_skill_node_set_tmb_liche_high_priest_undeath,wh3_dlc29_skill_node_nag_lord_unique_high_liche_priest_undeath_leader_03,wh3_dlc29_skill_tmb_lord_unique_high_liche_priest_wizard_01,1,wh2_dlc14_effect_magic_cost_all_lores_percentage,data/skill_trees/characters/tomb_kings/Liche_High_Priest_Undeath.csv,187,,ability_group_bindings,data/effect_semantics/source_exports/db/effect_bonus_value_special_ability_group_junctions_tables/data__.tsv,122,cost_percentage_mod,ability_group,wh3_main_lore_of_tempest
wh3_dlc29_tmb_liche_high_priest_undeath,wh3_dlc29_skill_node_set_tmb_liche_high_priest_undeath,wh3_dlc29_skill_node_nag_lord_unique_high_liche_priest_undeath_leader_03,wh3_dlc29_skill_tmb_lord_unique_high_liche_priest_wizard_01,1,wh2_dlc14_effect_magic_cost_all_lores_percentage,data/skill_trees/characters/tomb_kings/Liche_High_Priest_Undeath.csv,187,,ability_group_bindings,data/effect_semantics/source_exports/db/effect_bonus_value_special_ability_group_junctions_tables/data__.tsv,123,cost_percentage_mod,ability_group,wh3_main_lore_of_tempest_upgraded
wh3_dlc29_tmb_liche_high_priest_undeath,wh3_dlc29_skill_node_set_tmb_liche_high_priest_undeath,wh3_dlc29_skill_node_nag_lord_unique_high_liche_priest_undeath_leader_03,wh3_dlc29_skill_tmb_lord_unique_high_liche_priest_wizard_01,1,wh2_dlc14_effect_magic_cost_all_lores_percentage,data/skill_trees/characters/tomb_kings/Liche_High_Priest_Undeath.csv,187,,ability_group_bindings,data/effect_semantics/source_exports/db/effect_bonus_value_special_ability_group_junctions_tables/data__.tsv,124,cost_percentage_mod,ability_group,wh3_main_lore_of_yang
wh3_dlc29_tmb_liche_high_priest_undeath,wh3_dlc29_skill_node_set_tmb_liche_high_priest_undeath,wh3_dlc29_skill_node_nag_lord_unique_high_liche_priest_undeath_leader_03,wh3_dlc29_skill_tmb_lord_unique_high_liche_priest_wizard_01,1,wh2_dlc14_effect_magic_cost_all_lores_percentage,data/skill_trees/characters/tomb_kings/Liche_High_Priest_Undeath.csv,187,,ability_group_bindings,data/effect_semantics/source_exports/db/effect_bonus_value_special_ability_group_junctions_tables/data__.tsv,125,cost_percentage_mod,ability_group,wh3_main_lore_of_yang_upgraded
wh3_dlc29_tmb_liche_high_priest_undeath,wh3_dlc29_skill_node_set_tmb_liche_high_priest_undeath,wh3_dlc29_skill_node_nag_lord_unique_high_liche_priest_undeath_leader_03,wh3_dlc29_skill_tmb_lord_unique_high_liche_priest_wizard_01,1,wh2_dlc14_effect_magic_cost_all_lores_percentage,data/skill_trees/characters/tomb_kings/Liche_High_Priest_Undeath.csv,187,,ability_group_bindings,data/effect_semantics/source_exports/db/effect_bonus_value_special_ability_group_junctions_tables/data__.tsv,126,cost_percentage_mod,ability_group,wh3_main_lore_of_yin
wh3_dlc29_tmb_liche_high_priest_undeath,wh3_dlc29_skill_node_set_tmb_liche_high_priest_undeath,wh3_dlc29_skill_node_nag_lord_unique_high_liche_priest_undeath_leader_03,wh3_dlc29_skill_tmb_lord_unique_high_liche_priest_wizard_01,1,wh2_dlc14_effect_magic_cost_all_lores_percentage,data/skill_trees/characters/tomb_kings/Liche_High_Priest_Undeath.csv,187,,ability_group_bindings,data/effect_semantics/source_exports/db/effect_bonus_value_special_ability_group_junctions_tables/data__.tsv,127,cost_percentage_mod,ability_group,wh3_main_lore_of_yin_upgraded
wh3_dlc29_tmb_liche_high_priest_undeath,wh3_dlc29_skill_node_set_tmb_liche_high_priest_undeath,wh3_dlc29_skill_node_nag_lord_unique_high_liche_priest_undeath_leader_03,wh3_dlc29_skill_tmb_lord_unique_high_liche_priest_wizard_01,1,wh2_dlc14_effect_magic_cost_all_lores_percentage,data/skill_trees/characters/tomb_kings/Liche_High_Priest_Undeath.csv,187,,ability_group_bindings,data/effect_semantics/source_exports/db/effect_bonus_value_special_ability_group_junctions_tables/data__.tsv,128,cost_percentage_mod,ability_group,wh3_main_lore_slaanesh
wh3_dlc29_tmb_liche_high_priest_undeath,wh3_dlc29_skill_node_set_tmb_liche_high_priest_undeath,wh3_dlc29_skill_node_nag_lord_unique_high_liche_priest_undeath_leader_03,wh3_dlc29_skill_tmb_lord_unique_high_liche_priest_wizard_01,1,wh2_dlc14_effect_magic_cost_all_lores_percentage,data/skill_trees/characters/tomb_kings/Liche_High_Priest_Undeath.csv,187,,ability_group_bindings,data/effect_semantics/source_exports/db/effect_bonus_value_special_ability_group_junctions_tables/data__.tsv,129,cost_percentage_mod,ability_group,wh3_main_lore_slaanesh_upgraded
wh3_dlc29_tmb_liche_high_priest_undeath,wh3_dlc29_skill_node_set_tmb_liche_high_priest_undeath,wh3_dlc29_skill_node_nag_lord_unique_high_liche_priest_undeath_leader_03,wh3_dlc29_skill_tmb_lord_unique_high_liche_priest_wizard_01,1,wh2_dlc14_effect_magic_cost_all_lores_percentage,data/skill_trees/characters/tomb_kings/Liche_High_Priest_Undeath.csv,187,,ability_group_bindings,data/effect_semantics/source_exports/db/effect_bonus_value_special_ability_group_junctions_tables/data__.tsv,130,cost_percentage_mod,ability_group,wh3_main_lore_tzeentch
wh3_dlc29_tmb_liche_high_priest_undeath,wh3_dlc29_skill_node_set_tmb_liche_high_priest_undeath,wh3_dlc29_skill_node_nag_lord_unique_high_liche_priest_undeath_leader_03,wh3_dlc29_skill_tmb_lord_unique_high_liche_priest_wizard_01,1,wh2_dlc14_effect_magic_cost_all_lores_percentage,data/skill_trees/characters/tomb_kings/Liche_High_Priest_Undeath.csv,187,,ability_group_bindings,data/effect_semantics/source_exports/db/effect_bonus_value_special_ability_group_junctions_tables/data__.tsv,131,cost_percentage_mod,ability_group,wh3_main_lore_tzeentch_upgraded
wh3_dlc29_tmb_liche_high_priest_undeath,wh3_dlc29_skill_node_set_tmb_liche_high_priest_undeath,wh3_dlc29_skill_node_nag_lord_unique_high_liche_priest_undeath_leader_03,wh3_dlc29_skill_tmb_lord_unique_high_liche_priest_wizard_01,1,wh2_dlc14_effect_magic_cost_all_lores_percentage,data/skill_trees/characters/tomb_kings/Liche_High_Priest_Undeath.csv,187,,ability_group_bindings,data/effect_semantics/source_exports/db/effect_bonus_value_special_ability_group_junctions_tables/data__.tsv,132,cost_percentage_mod,ability_group,wh_dlc03_lore_beasts
wh3_dlc29_tmb_liche_high_priest_undeath,wh3_dlc29_skill_node_set_tmb_liche_high_priest_undeath,wh3_dlc29_skill_node_nag_lord_unique_high_liche_priest_undeath_leader_03,wh3_dlc29_skill_tmb_lord_unique_high_liche_priest_wizard_01,1,wh2_dlc14_effect_magic_cost_all_lores_percentage,data/skill_trees/characters/tomb_kings/Liche_High_Priest_Undeath.csv,187,,ability_group_bindings,data/effect_semantics/source_exports/db/effect_bonus_value_special_ability_group_junctions_tables/data__.tsv,133,cost_percentage_mod,ability_group,wh_dlc03_lore_beasts_upgraded
wh3_dlc29_tmb_liche_high_priest_undeath,wh3_dlc29_skill_node_set_tmb_liche_high_priest_undeath,wh3_dlc29_skill_node_nag_lord_unique_high_liche_priest_undeath_leader_03,wh3_dlc29_skill_tmb_lord_unique_high_liche_priest_wizard_01,1,wh2_dlc14_effect_magic_cost_all_lores_percentage,data/skill_trees/characters/tomb_kings/Liche_High_Priest_Undeath.csv,187,,ability_group_bindings,data/effect_semantics/source_exports/db/effect_bonus_value_special_ability_group_junctions_tables/data__.tsv,134,cost_percentage_mod,ability_group,wh_dlc03_lore_wild
wh3_dlc29_tmb_liche_high_priest_undeath,wh3_dlc29_skill_node_set_tmb_liche_high_priest_undeath,wh3_dlc29_skill_node_nag_lord_unique_high_liche_priest_undeath_leader_03,wh3_dlc29_skill_tmb_lord_unique_high_liche_priest_wizard_01,1,wh2_dlc14_effect_magic_cost_all_lores_percentage,data/skill_trees/characters/tomb_kings/Liche_High_Priest_Undeath.csv,187,,ability_group_bindings,data/effect_semantics/source_exports/db/effect_bonus_value_special_ability_group_junctions_tables/data__.tsv,135,cost_percentage_mod,ability_group,wh_dlc03_lore_wild_upgraded
wh3_dlc29_tmb_liche_high_priest_undeath,wh3_dlc29_skill_node_set_tmb_liche_high_priest_undeath,wh3_dlc29_skill_node_nag_lord_unique_high_liche_priest_undeath_leader_03,wh3_dlc29_skill_tmb_lord_unique_high_liche_priest_wizard_01,1,wh2_dlc14_effect_magic_cost_all_lores_percentage,data/skill_trees/characters/tomb_kings/Liche_High_Priest_Undeath.csv,187,,ability_group_bindings,data/effect_semantics/source_exports/db/effect_bonus_value_special_ability_group_junctions_tables/data__.tsv,136,cost_percentage_mod,ability_group,wh_dlc05_lore_life
wh3_dlc29_tmb_liche_high_priest_undeath,wh3_dlc29_skill_node_set_tmb_liche_high_priest_undeath,wh3_dlc29_skill_node_nag_lord_unique_high_liche_priest_undeath_leader_03,wh3_dlc29_skill_tmb_lord_unique_high_liche_priest_wizard_01,1,wh2_dlc14_effect_magic_cost_all_lores_percentage,data/skill_trees/characters/tomb_kings/Liche_High_Priest_Undeath.csv,187,,ability_group_bindings,data/effect_semantics/source_exports/db/effect_bonus_value_special_ability_group_junctions_tables/data__.tsv,137,cost_percentage_mod,ability_group,wh_dlc05_lore_life_upgraded
wh3_dlc29_tmb_liche_high_priest_undeath,wh3_dlc29_skill_node_set_tmb_liche_high_priest_undeath,wh3_dlc29_skill_node_nag_lord_unique_high_liche_priest_undeath_leader_03,wh3_dlc29_skill_tmb_lord_unique_high_liche_priest_wizard_01,1,wh2_dlc14_effect_magic_cost_all_lores_percentage,data/skill_trees/characters/tomb_kings/Liche_High_Priest_Undeath.csv,187,,ability_group_bindings,data/effect_semantics/source_exports/db/effect_bonus_value_special_ability_group_junctions_tables/data__.tsv,138,cost_percentage_mod,ability_group,wh_dlc05_lore_shadows
wh3_dlc29_tmb_liche_high_priest_undeath,wh3_dlc29_skill_node_set_tmb_liche_high_priest_undeath,wh3_dlc29_skill_node_nag_lord_unique_high_liche_priest_undeath_leader_03,wh3_dlc29_skill_tmb_lord_unique_high_liche_priest_wizard_01,1,wh2_dlc14_effect_magic_cost_all_lores_percentage,data/skill_trees/characters/tomb_kings/Liche_High_Priest_Undeath.csv,187,,ability_group_bindings,data/effect_semantics/source_exports/db/effect_bonus_value_special_ability_group_junctions_tables/data__.tsv,139,cost_percentage_mod,ability_group,wh_dlc05_lore_shadows_upgraded
wh3_dlc29_tmb_liche_high_priest_undeath,wh3_dlc29_skill_node_set_tmb_liche_high_priest_undeath,wh3_dlc29_skill_node_nag_lord_unique_high_liche_priest_undeath_leader_03,wh3_dlc29_skill_tmb_lord_unique_high_liche_priest_wizard_01,1,wh2_dlc14_effect_magic_cost_all_lores_percentage,data/skill_trees/characters/tomb_kings/Liche_High_Priest_Undeath.csv,187,,ability_group_bindings,data/effect_semantics/source_exports/db/effect_bonus_value_special_ability_group_junctions_tables/data__.tsv,140,cost_percentage_mod,ability_group,wh_main_lore_big_waaagh
wh3_dlc29_tmb_liche_high_priest_undeath,wh3_dlc29_skill_node_set_tmb_liche_high_priest_undeath,wh3_dlc29_skill_node_nag_lord_unique_high_liche_priest_undeath_leader_03,wh3_dlc29_skill_tmb_lord_unique_high_liche_priest_wizard_01,1,wh2_dlc14_effect_magic_cost_all_lores_percentage,data/skill_trees/characters/tomb_kings/Liche_High_Priest_Undeath.csv,187,,ability_group_bindings,data/effect_semantics/source_exports/db/effect_bonus_value_special_ability_group_junctions_tables/data__.tsv,141,cost_percentage_mod,ability_group,wh_main_lore_big_waaagh_upgraded
wh3_dlc29_tmb_liche_high_priest_undeath,wh3_dlc29_skill_node_set_tmb_liche_high_priest_undeath,wh3_dlc29_skill_node_nag_lord_unique_high_liche_priest_undeath_leader_03,wh3_dlc29_skill_tmb_lord_unique_high_liche_priest_wizard_01,1,wh2_dlc14_effect_magic_cost_all_lores_percentage,data/skill_trees/characters/tomb_kings/Liche_High_Priest_Undeath.csv,187,,ability_group_bindings,data/effect_semantics/source_exports/db/effect_bonus_value_special_ability_group_junctions_tables/data__.tsv,142,cost_percentage_mod,ability_group,wh_main_lore_death
wh3_dlc29_tmb_liche_high_priest_undeath,wh3_dlc29_skill_node_set_tmb_liche_high_priest_undeath,wh3_dlc29_skill_node_nag_lord_unique_high_liche_priest_undeath_leader_03,wh3_dlc29_skill_tmb_lord_unique_high_liche_priest_wizard_01,1,wh2_dlc14_effect_magic_cost_all_lores_percentage,data/skill_trees/characters/tomb_kings/Liche_High_Priest_Undeath.csv,187,,ability_group_bindings,data/effect_semantics/source_exports/db/effect_bonus_value_special_ability_group_junctions_tables/data__.tsv,143,cost_percentage_mod,ability_group,wh_main_lore_death_upgraded
wh3_dlc29_tmb_liche_high_priest_undeath,wh3_dlc29_skill_node_set_tmb_liche_high_priest_undeath,wh3_dlc29_skill_node_nag_lord_unique_high_liche_priest_undeath_leader_03,wh3_dlc29_skill_tmb_lord_unique_high_liche_priest_wizard_01,1,wh2_dlc14_effect_magic_cost_all_lores_percentage,data/skill_trees/characters/tomb_kings/Liche_High_Priest_Undeath.csv,187,,ability_group_bindings,data/effect_semantics/source_exports/db/effect_bonus_value_special_ability_group_junctions_tables/data__.tsv,144,cost_percentage_mod,ability_group,wh_main_lore_fire
wh3_dlc29_tmb_liche_high_priest_undeath,wh3_dlc29_skill_node_set_tmb_liche_high_priest_undeath,wh3_dlc29_skill_node_nag_lord_unique_high_liche_priest_undeath_leader_03,wh3_dlc29_skill_tmb_lord_unique_high_liche_priest_wizard_01,1,wh2_dlc14_effect_magic_cost_all_lores_percentage,data/skill_trees/characters/tomb_kings/Liche_High_Priest_Undeath.csv,187,,ability_group_bindings,data/effect_semantics/source_exports/db/effect_bonus_value_special_ability_group_junctions_tables/data__.tsv,145,cost_percentage_mod,ability_group,wh_main_lore_fire_upgraded
wh3_dlc29_tmb_liche_high_priest_undeath,wh3_dlc29_skill_node_set_tmb_liche_high_priest_undeath,wh3_dlc29_skill_node_nag_lord_unique_high_liche_priest_undeath_leader_03,wh3_dlc29_skill_tmb_lord_unique_high_liche_priest_wizard_01,1,wh2_dlc14_effect_magic_cost_all_lores_percentage,data/skill_trees/characters/tomb_kings/Liche_High_Priest_Undeath.csv,187,,ability_group_bindings,data/effect_semantics/source_exports/db/effect_bonus_value_special_ability_group_junctions_tables/data__.tsv,146,cost_percentage_mod,ability_group,wh_main_lore_heavens
wh3_dlc29_tmb_liche_high_priest_undeath,wh3_dlc29_skill_node_set_tmb_liche_high_priest_undeath,wh3_dlc29_skill_node_nag_lord_unique_high_liche_priest_undeath_leader_03,wh3_dlc29_skill_tmb_lord_unique_high_liche_priest_wizard_01,1,wh2_dlc14_effect_magic_cost_all_lores_percentage,data/skill_trees/characters/tomb_kings/Liche_High_Priest_Undeath.csv,187,,ability_group_bindings,data/effect_semantics/source_exports/db/effect_bonus_value_special_ability_group_junctions_tables/data__.tsv,147,cost_percentage_mod,ability_group,wh_main_lore_heavens_upgraded
wh3_dlc29_tmb_liche_high_priest_undeath,wh3_dlc29_skill_node_set_tmb_liche_high_priest_undeath,wh3_dlc29_skill_node_nag_lord_unique_high_liche_priest_undeath_leader_03,wh3_dlc29_skill_tmb_lord_unique_high_liche_priest_wizard_01,1,wh2_dlc14_effect_magic_cost_all_lores_percentage,data/skill_trees/characters/tomb_kings/Liche_High_Priest_Undeath.csv,187,,ability_group_bindings,data/effect_semantics/source_exports/db/effect_bonus_value_special_ability_group_junctions_tables/data__.tsv,148,cost_percentage_mod,ability_group,wh_main_lore_light
wh3_dlc29_tmb_liche_high_priest_undeath,wh3_dlc29_skill_node_set_tmb_liche_high_priest_undeath,wh3_dlc29_skill_node_nag_lord_unique_high_liche_priest_undeath_leader_03,wh3_dlc29_skill_tmb_lord_unique_high_liche_priest_wizard_01,1,wh2_dlc14_effect_magic_cost_all_lores_percentage,data/skill_trees/characters/tomb_kings/Liche_High_Priest_Undeath.csv,187,,ability_group_bindings,data/effect_semantics/source_exports/db/effect_bonus_value_special_ability_group_junctions_tables/data__.tsv,149,cost_percentage_mod,ability_group,wh_main_lore_light_upgraded
wh3_dlc29_tmb_liche_high_priest_undeath,wh3_dlc29_skill_node_set_tmb_liche_high_priest_undeath,wh3_dlc29_skill_node_nag_lord_unique_high_liche_priest_undeath_leader_03,wh3_dlc29_skill_tmb_lord_unique_high_liche_priest_wizard_01,1,wh2_dlc14_effect_magic_cost_all_lores_percentage,data/skill_trees/characters/tomb_kings/Liche_High_Priest_Undeath.csv,187,,ability_group_bindings,data/effect_semantics/source_exports/db/effect_bonus_value_special_ability_group_junctions_tables/data__.tsv,150,cost_percentage_mod,ability_group,wh_main_lore_lil_waaagh
wh3_dlc29_tmb_liche_high_priest_undeath,wh3_dlc29_skill_node_set_tmb_liche_high_priest_undeath,wh3_dlc29_skill_node_nag_lord_unique_high_liche_priest_undeath_leader_03,wh3_dlc29_skill_tmb_lord_unique_high_liche_priest_wizard_01,1,wh2_dlc14_effect_magic_cost_all_lores_percentage,data/skill_trees/characters/tomb_kings/Liche_High_Priest_Undeath.csv,187,,ability_group_bindings,data/effect_semantics/source_exports/db/effect_bonus_value_special_ability_group_junctions_tables/data__.tsv,151,cost_percentage_mod,ability_group,wh_main_lore_lil_waaagh_upgraded
wh3_dlc29_tmb_liche_high_priest_undeath,wh3_dlc29_skill_node_set_tmb_liche_high_priest_undeath,wh3_dlc29_skill_node_nag_lord_unique_high_liche_priest_undeath_leader_03,wh3_dlc29_skill_tmb_lord_unique_high_liche_priest_wizard_01,1,wh2_dlc14_effect_magic_cost_all_lores_percentage,data/skill_trees/characters/tomb_kings/Liche_High_Priest_Undeath.csv,187,,ability_group_bindings,data/effect_semantics/source_exports/db/effect_bonus_value_special_ability_group_junctions_tables/data__.tsv,152,cost_percentage_mod,ability_group,wh_main_lore_metal
wh3_dlc29_tmb_liche_high_priest_undeath,wh3_dlc29_skill_node_set_tmb_liche_high_priest_undeath,wh3_dlc29_skill_node_nag_lord_unique_high_liche_priest_undeath_leader_03,wh3_dlc29_skill_tmb_lord_unique_high_liche_priest_wizard_01,1,wh2_dlc14_effect_magic_cost_all_lores_percentage,data/skill_trees/characters/tomb_kings/Liche_High_Priest_Undeath.csv,187,,ability_group_bindings,data/effect_semantics/source_exports/db/effect_bonus_value_special_ability_group_junctions_tables/data__.tsv,153,cost_percentage_mod,ability_group,wh_main_lore_metal_upgraded
wh3_dlc29_tmb_liche_high_priest_undeath,wh3_dlc29_skill_node_set_tmb_liche_high_priest_undeath,wh3_dlc29_skill_node_nag_lord_unique_high_liche_priest_undeath_leader_03,wh3_dlc29_skill_tmb_lord_unique_high_liche_priest_wizard_01,1,wh2_dlc14_effect_magic_cost_all_lores_percentage,data/skill_trees/characters/tomb_kings/Liche_High_Priest_Undeath.csv,187,,ability_group_bindings,data/effect_semantics/source_exports/db/effect_bonus_value_special_ability_group_junctions_tables/data__.tsv,154,cost_percentage_mod,ability_group,wh_main_lore_vampires
wh3_dlc29_tmb_liche_high_priest_undeath,wh3_dlc29_skill_node_set_tmb_liche_high_priest_undeath,wh3_dlc29_skill_node_nag_lord_unique_high_liche_priest_undeath_leader_03,wh3_dlc29_skill_tmb_lord_unique_high_liche_priest_wizard_01,1,wh2_dlc14_effect_magic_cost_all_lores_percentage,data/skill_trees/characters/tomb_kings/Liche_High_Priest_Undeath.csv,187,,ability_group_bindings,data/effect_semantics/source_exports/db/effect_bonus_value_special_ability_group_junctions_tables/data__.tsv,155,cost_percentage_mod,ability_group,wh_main_lore_vampires_upgraded
wh3_dlc29_tmb_liche_high_priest_undeath,wh3_dlc29_skill_node_set_tmb_liche_high_priest_undeath,wh3_dlc29_skill_node_nag_lord_unique_high_liche_priest_undeath_leader_03,wh3_dlc29_skill_tmb_lord_unique_high_liche_priest_wizard_01,1,wh3_dlc25_effect_ability_enable_arcane_configuration,data/skill_trees/characters/tomb_kings/Liche_High_Priest_Undeath.csv,188,wh2_dlc12_unit_passive_arcane_configuration,ability_bindings,data/effect_semantics/source_exports/db/effect_bonus_value_unit_ability_junctions_tables/data__.tsv,2563,enable,ability,wh2_dlc12_unit_passive_arcane_configuration
wh3_dlc29_tmb_liche_high_priest_undeath,wh3_dlc29_skill_node_set_tmb_liche_high_priest_undeath,wh3_dlc29_skill_node_tmb_lord_unique_high_liche_priest_undeath_leader_03,wh3_dlc29_skill_tmb_lord_unique_high_liche_priest_wizard_01,1,wh2_dlc14_effect_magic_cost_all_lores_percentage,data/skill_trees/characters/tomb_kings/Liche_High_Priest_Undeath.csv,191,,ability_group_bindings,data/effect_semantics/source_exports/db/effect_bonus_value_special_ability_group_junctions_tables/data__.tsv,93,cost_percentage_mod,ability_group,wh2_dlc09_lore_nehekhara
wh3_dlc29_tmb_liche_high_priest_undeath,wh3_dlc29_skill_node_set_tmb_liche_high_priest_undeath,wh3_dlc29_skill_node_tmb_lord_unique_high_liche_priest_undeath_leader_03,wh3_dlc29_skill_tmb_lord_unique_high_liche_priest_wizard_01,1,wh2_dlc14_effect_magic_cost_all_lores_percentage,data/skill_trees/characters/tomb_kings/Liche_High_Priest_Undeath.csv,191,,ability_group_bindings,data/effect_semantics/source_exports/db/effect_bonus_value_special_ability_group_junctions_tables/data__.tsv,94,cost_percentage_mod,ability_group,wh2_dlc09_lore_nehekhara_upgraded
wh3_dlc29_tmb_liche_high_priest_undeath,wh3_dlc29_skill_node_set_tmb_liche_high_priest_undeath,wh3_dlc29_skill_node_tmb_lord_unique_high_liche_priest_undeath_leader_03,wh3_dlc29_skill_tmb_lord_unique_high_liche_priest_wizard_01,1,wh2_dlc14_effect_magic_cost_all_lores_percentage,data/skill_trees/characters/tomb_kings/Liche_High_Priest_Undeath.csv,191,,ability_group_bindings,data/effect_semantics/source_exports/db/effect_bonus_value_special_ability_group_junctions_tables/data__.tsv,95,cost_percentage_mod,ability_group,wh2_dlc11_lore_deep
wh3_dlc29_tmb_liche_high_priest_undeath,wh3_dlc29_skill_node_set_tmb_liche_high_priest_undeath,wh3_dlc29_skill_node_tmb_lord_unique_high_liche_priest_undeath_leader_03,wh3_dlc29_skill_tmb_lord_unique_high_liche_priest_wizard_01,1,wh2_dlc14_effect_magic_cost_all_lores_percentage,data/skill_trees/characters/tomb_kings/Liche_High_Priest_Undeath.csv,191,,ability_group_bindings,data/effect_semantics/source_exports/db/effect_bonus_value_special_ability_group_junctions_tables/data__.tsv,96,cost_percentage_mod,ability_group,wh2_dlc11_lore_deep_upgraded
wh3_dlc29_tmb_liche_high_priest_undeath,wh3_dlc29_skill_node_set_tmb_liche_high_priest_undeath,wh3_dlc29_skill_node_tmb_lord_unique_high_liche_priest_undeath_leader_03,wh3_dlc29_skill_tmb_lord_unique_high_liche_priest_wizard_01,1,wh2_dlc14_effect_magic_cost_all_lores_percentage,data/skill_trees/characters/tomb_kings/Liche_High_Priest_Undeath.csv,191,,ability_group_bindings,data/effect_semantics/source_exports/db/effect_bonus_value_special_ability_group_junctions_tables/data__.tsv,97,cost_percentage_mod,ability_group,wh2_dlc12_lore_lord_kroak
wh3_dlc29_tmb_liche_high_priest_undeath,wh3_dlc29_skill_node_set_tmb_liche_high_priest_undeath,wh3_dlc29_skill_node_tmb_lord_unique_high_liche_priest_undeath_leader_03,wh3_dlc29_skill_tmb_lord_unique_high_liche_priest_wizard_01,1,wh2_dlc14_effect_magic_cost_all_lores_percentage,data/skill_trees/characters/tomb_kings/Liche_High_Priest_Undeath.csv,191,,ability_group_bindings,data/effect_semantics/source_exports/db/effect_bonus_value_special_ability_group_junctions_tables/data__.tsv,98,cost_percentage_mod,ability_group,wh2_dlc14_lore_stealth
wh3_dlc29_tmb_liche_high_priest_undeath,wh3_dlc29_skill_node_set_tmb_liche_high_priest_undeath,wh3_dlc29_skill_node_tmb_lord_unique_high_liche_priest_undeath_leader_03,wh3_dlc29_skill_tmb_lord_unique_high_liche_priest_wizard_01,1,wh2_dlc14_effect_magic_cost_all_lores_percentage,data/skill_trees/characters/tomb_kings/Liche_High_Priest_Undeath.csv,191,,ability_group_bindings,data/effect_semantics/source_exports/db/effect_bonus_value_special_ability_group_junctions_tables/data__.tsv,99,cost_percentage_mod,ability_group,wh2_dlc14_lore_stealth_upgraded
wh3_dlc29_tmb_liche_high_priest_undeath,wh3_dlc29_skill_node_set_tmb_liche_high_priest_undeath,wh3_dlc29_skill_node_tmb_lord_unique_high_liche_priest_undeath_leader_03,wh3_dlc29_skill_tmb_lord_unique_high_liche_priest_wizard_01,1,wh2_dlc14_effect_magic_cost_all_lores_percentage,data/skill_trees/characters/tomb_kings/Liche_High_Priest_Undeath.csv,191,,ability_group_bindings,data/effect_semantics/source_exports/db/effect_bonus_value_special_ability_group_junctions_tables/data__.tsv,100,cost_percentage_mod,ability_group,wh2_main_lore_dark_magic
wh3_dlc29_tmb_liche_high_priest_undeath,wh3_dlc29_skill_node_set_tmb_liche_high_priest_undeath,wh3_dlc29_skill_node_tmb_lord_unique_high_liche_priest_undeath_leader_03,wh3_dlc29_skill_tmb_lord_unique_high_liche_priest_wizard_01,1,wh2_dlc14_effect_magic_cost_all_lores_percentage,data/skill_trees/characters/tomb_kings/Liche_High_Priest_Undeath.csv,191,,ability_group_bindings,data/effect_semantics/source_exports/db/effect_bonus_value_special_ability_group_junctions_tables/data__.tsv,101,cost_percentage_mod,ability_group,wh2_main_lore_dark_magic_upgraded
wh3_dlc29_tmb_liche_high_priest_undeath,wh3_dlc29_skill_node_set_tmb_liche_high_priest_undeath,wh3_dlc29_skill_node_tmb_lord_unique_high_liche_priest_undeath_leader_03,wh3_dlc29_skill_tmb_lord_unique_high_liche_priest_wizard_01,1,wh2_dlc14_effect_magic_cost_all_lores_percentage,data/skill_trees/characters/tomb_kings/Liche_High_Priest_Undeath.csv,191,,ability_group_bindings,data/effect_semantics/source_exports/db/effect_bonus_value_special_ability_group_junctions_tables/data__.tsv,102,cost_percentage_mod,ability_group,wh2_main_lore_high_magic
wh3_dlc29_tmb_liche_high_priest_undeath,wh3_dlc29_skill_node_set_tmb_liche_high_priest_undeath,wh3_dlc29_skill_node_tmb_lord_unique_high_liche_priest_undeath_leader_03,wh3_dlc29_skill_tmb_lord_unique_high_liche_priest_wizard_01,1,wh2_dlc14_effect_magic_cost_all_lores_percentage,data/skill_trees/characters/tomb_kings/Liche_High_Priest_Undeath.csv,191,,ability_group_bindings,data/effect_semantics/source_exports/db/effect_bonus_value_special_ability_group_junctions_tables/data__.tsv,103,cost_percentage_mod,ability_group,wh2_main_lore_high_magic_upgraded
wh3_dlc29_tmb_liche_high_priest_undeath,wh3_dlc29_skill_node_set_tmb_liche_high_priest_undeath,wh3_dlc29_skill_node_tmb_lord_unique_high_liche_priest_undeath_leader_03,wh3_dlc29_skill_tmb_lord_unique_high_liche_priest_wizard_01,1,wh2_dlc14_effect_magic_cost_all_lores_percentage,data/skill_trees/characters/tomb_kings/Liche_High_Priest_Undeath.csv,191,,ability_group_bindings,data/effect_semantics/source_exports/db/effect_bonus_value_special_ability_group_junctions_tables/data__.tsv,104,cost_percentage_mod,ability_group,wh2_main_lore_plague
wh3_dlc29_tmb_liche_high_priest_undeath,wh3_dlc29_skill_node_set_tmb_liche_high_priest_undeath,wh3_dlc29_skill_node_tmb_lord_unique_high_liche_priest_undeath_leader_03,wh3_dlc29_skill_tmb_lord_unique_high_liche_priest_wizard_01,1,wh2_dlc14_effect_magic_cost_all_lores_percentage,data/skill_trees/characters/tomb_kings/Liche_High_Priest_Undeath.csv,191,,ability_group_bindings,data/effect_semantics/source_exports/db/effect_bonus_value_special_ability_group_junctions_tables/data__.tsv,105,cost_percentage_mod,ability_group,wh2_main_lore_plague_upgraded
wh3_dlc29_tmb_liche_high_priest_undeath,wh3_dlc29_skill_node_set_tmb_liche_high_priest_undeath,wh3_dlc29_skill_node_tmb_lord_unique_high_liche_priest_undeath_leader_03,wh3_dlc29_skill_tmb_lord_unique_high_liche_priest_wizard_01,1,wh2_dlc14_effect_magic_cost_all_lores_percentage,data/skill_trees/characters/tomb_kings/Liche_High_Priest_Undeath.csv,191,,ability_group_bindings,data/effect_semantics/source_exports/db/effect_bonus_value_special_ability_group_junctions_tables/data__.tsv,106,cost_percentage_mod,ability_group,wh2_main_lore_ruin
wh3_dlc29_tmb_liche_high_priest_undeath,wh3_dlc29_skill_node_set_tmb_liche_high_priest_undeath,wh3_dlc29_skill_node_tmb_lord_unique_high_liche_priest_undeath_leader_03,wh3_dlc29_skill_tmb_lord_unique_high_liche_priest_wizard_01,1,wh2_dlc14_effect_magic_cost_all_lores_percentage,data/skill_trees/characters/tomb_kings/Liche_High_Priest_Undeath.csv,191,,ability_group_bindings,data/effect_semantics/source_exports/db/effect_bonus_value_special_ability_group_junctions_tables/data__.tsv,107,cost_percentage_mod,ability_group,wh2_main_lore_ruin_upgraded
wh3_dlc29_tmb_liche_high_priest_undeath,wh3_dlc29_skill_node_set_tmb_liche_high_priest_undeath,wh3_dlc29_skill_node_tmb_lord_unique_high_liche_priest_undeath_leader_03,wh3_dlc29_skill_tmb_lord_unique_high_liche_priest_wizard_01,1,wh2_dlc14_effect_magic_cost_all_lores_percentage,data/skill_trees/characters/tomb_kings/Liche_High_Priest_Undeath.csv,191,,ability_group_bindings,data/effect_semantics/source_exports/db/effect_bonus_value_special_ability_group_junctions_tables/data__.tsv,108,cost_percentage_mod,ability_group,wh3_dlc23_lore_hashut
wh3_dlc29_tmb_liche_high_priest_undeath,wh3_dlc29_skill_node_set_tmb_liche_high_priest_undeath,wh3_dlc29_skill_node_tmb_lord_unique_high_liche_priest_undeath_leader_03,wh3_dlc29_skill_tmb_lord_unique_high_liche_priest_wizard_01,1,wh2_dlc14_effect_magic_cost_all_lores_percentage,data/skill_trees/characters/tomb_kings/Liche_High_Priest_Undeath.csv,191,,ability_group_bindings,data/effect_semantics/source_exports/db/effect_bonus_value_special_ability_group_junctions_tables/data__.tsv,109,cost_percentage_mod,ability_group,wh3_dlc23_lore_hashut_upgraded
wh3_dlc29_tmb_liche_high_priest_undeath,wh3_dlc29_skill_node_set_tmb_liche_high_priest_undeath,wh3_dlc29_skill_node_tmb_lord_unique_high_liche_priest_undeath_leader_03,wh3_dlc29_skill_tmb_lord_unique_high_liche_priest_wizard_01,1,wh2_dlc14_effect_magic_cost_all_lores_percentage,data/skill_trees/characters/tomb_kings/Liche_High_Priest_Undeath.csv,191,,ability_group_bindings,data/effect_semantics/source_exports/db/effect_bonus_value_special_ability_group_junctions_tables/data__.tsv,110,cost_percentage_mod,ability_group,wh3_dlc24_lore_hag
wh3_dlc29_tmb_liche_high_priest_undeath,wh3_dlc29_skill_node_set_tmb_liche_high_priest_undeath,wh3_dlc29_skill_node_tmb_lord_unique_high_liche_priest_undeath_leader_03,wh3_dlc29_skill_tmb_lord_unique_high_liche_priest_wizard_01,1,wh2_dlc14_effect_magic_cost_all_lores_percentage,data/skill_trees/characters/tomb_kings/Liche_High_Priest_Undeath.csv,191,,ability_group_bindings,data/effect_semantics/source_exports/db/effect_bonus_value_special_ability_group_junctions_tables/data__.tsv,111,cost_percentage_mod,ability_group,wh3_dlc24_lore_hag_upgraded
wh3_dlc29_tmb_liche_high_priest_undeath,wh3_dlc29_skill_node_set_tmb_liche_high_priest_undeath,wh3_dlc29_skill_node_tmb_lord_unique_high_liche_priest_undeath_leader_03,wh3_dlc29_skill_tmb_lord_unique_high_liche_priest_wizard_01,1,wh2_dlc14_effect_magic_cost_all_lores_percentage,data/skill_trees/characters/tomb_kings/Liche_High_Priest_Undeath.csv,191,,ability_group_bindings,data/effect_semantics/source_exports/db/effect_bonus_value_special_ability_group_junctions_tables/data__.tsv,112,cost_percentage_mod,ability_group,wh3_dlc27_lore_mists
wh3_dlc29_tmb_liche_high_priest_undeath,wh3_dlc29_skill_node_set_tmb_liche_high_priest_undeath,wh3_dlc29_skill_node_tmb_lord_unique_high_liche_priest_undeath_leader_03,wh3_dlc29_skill_tmb_lord_unique_high_liche_priest_wizard_01,1,wh2_dlc14_effect_magic_cost_all_lores_percentage,data/skill_trees/characters/tomb_kings/Liche_High_Priest_Undeath.csv,191,,ability_group_bindings,data/effect_semantics/source_exports/db/effect_bonus_value_special_ability_group_junctions_tables/data__.tsv,113,cost_percentage_mod,ability_group,wh3_dlc27_lore_mists_upgraded
wh3_dlc29_tmb_liche_high_priest_undeath,wh3_dlc29_skill_node_set_tmb_liche_high_priest_undeath,wh3_dlc29_skill_node_tmb_lord_unique_high_liche_priest_undeath_leader_03,wh3_dlc29_skill_tmb_lord_unique_high_liche_priest_wizard_01,1,wh2_dlc14_effect_magic_cost_all_lores_percentage,data/skill_trees/characters/tomb_kings/Liche_High_Priest_Undeath.csv,191,,ability_group_bindings,data/effect_semantics/source_exports/db/effect_bonus_value_special_ability_group_junctions_tables/data__.tsv,114,cost_percentage_mod,ability_group,wh3_dlc29_lore_undeath
wh3_dlc29_tmb_liche_high_priest_undeath,wh3_dlc29_skill_node_set_tmb_liche_high_priest_undeath,wh3_dlc29_skill_node_tmb_lord_unique_high_liche_priest_undeath_leader_03,wh3_dlc29_skill_tmb_lord_unique_high_liche_priest_wizard_01,1,wh2_dlc14_effect_magic_cost_all_lores_percentage,data/skill_trees/characters/tomb_kings/Liche_High_Priest_Undeath.csv,191,,ability_group_bindings,data/effect_semantics/source_exports/db/effect_bonus_value_special_ability_group_junctions_tables/data__.tsv,115,cost_percentage_mod,ability_group,wh3_dlc29_lore_undeath_upgraded
wh3_dlc29_tmb_liche_high_priest_undeath,wh3_dlc29_skill_node_set_tmb_liche_high_priest_undeath,wh3_dlc29_skill_node_tmb_lord_unique_high_liche_priest_undeath_leader_03,wh3_dlc29_skill_tmb_lord_unique_high_liche_priest_wizard_01,1,wh2_dlc14_effect_magic_cost_all_lores_percentage,data/skill_trees/characters/tomb_kings/Liche_High_Priest_Undeath.csv,191,,ability_group_bindings,data/effect_semantics/source_exports/db/effect_bonus_value_special_ability_group_junctions_tables/data__.tsv,116,cost_percentage_mod,ability_group,wh3_main_lore_nurgle
wh3_dlc29_tmb_liche_high_priest_undeath,wh3_dlc29_skill_node_set_tmb_liche_high_priest_undeath,wh3_dlc29_skill_node_tmb_lord_unique_high_liche_priest_undeath_leader_03,wh3_dlc29_skill_tmb_lord_unique_high_liche_priest_wizard_01,1,wh2_dlc14_effect_magic_cost_all_lores_percentage,data/skill_trees/characters/tomb_kings/Liche_High_Priest_Undeath.csv,191,,ability_group_bindings,data/effect_semantics/source_exports/db/effect_bonus_value_special_ability_group_junctions_tables/data__.tsv,117,cost_percentage_mod,ability_group,wh3_main_lore_nurgle_upgraded
wh3_dlc29_tmb_liche_high_priest_undeath,wh3_dlc29_skill_node_set_tmb_liche_high_priest_undeath,wh3_dlc29_skill_node_tmb_lord_unique_high_liche_priest_undeath_leader_03,wh3_dlc29_skill_tmb_lord_unique_high_liche_priest_wizard_01,1,wh2_dlc14_effect_magic_cost_all_lores_percentage,data/skill_trees/characters/tomb_kings/Liche_High_Priest_Undeath.csv,191,,ability_group_bindings,data/effect_semantics/source_exports/db/effect_bonus_value_special_ability_group_junctions_tables/data__.tsv,118,cost_percentage_mod,ability_group,wh3_main_lore_of_great_maw
wh3_dlc29_tmb_liche_high_priest_undeath,wh3_dlc29_skill_node_set_tmb_liche_high_priest_undeath,wh3_dlc29_skill_node_tmb_lord_unique_high_liche_priest_undeath_leader_03,wh3_dlc29_skill_tmb_lord_unique_high_liche_priest_wizard_01,1,wh2_dlc14_effect_magic_cost_all_lores_percentage,data/skill_trees/characters/tomb_kings/Liche_High_Priest_Undeath.csv,191,,ability_group_bindings,data/effect_semantics/source_exports/db/effect_bonus_value_special_ability_group_junctions_tables/data__.tsv,119,cost_percentage_mod,ability_group,wh3_main_lore_of_great_maw_upgraded
wh3_dlc29_tmb_liche_high_priest_undeath,wh3_dlc29_skill_node_set_tmb_liche_high_priest_undeath,wh3_dlc29_skill_node_tmb_lord_unique_high_liche_priest_undeath_leader_03,wh3_dlc29_skill_tmb_lord_unique_high_liche_priest_wizard_01,1,wh2_dlc14_effect_magic_cost_all_lores_percentage,data/skill_trees/characters/tomb_kings/Liche_High_Priest_Undeath.csv,191,,ability_group_bindings,data/effect_semantics/source_exports/db/effect_bonus_value_special_ability_group_junctions_tables/data__.tsv,120,cost_percentage_mod,ability_group,wh3_main_lore_of_ice
wh3_dlc29_tmb_liche_high_priest_undeath,wh3_dlc29_skill_node_set_tmb_liche_high_priest_undeath,wh3_dlc29_skill_node_tmb_lord_unique_high_liche_priest_undeath_leader_03,wh3_dlc29_skill_tmb_lord_unique_high_liche_priest_wizard_01,1,wh2_dlc14_effect_magic_cost_all_lores_percentage,data/skill_trees/characters/tomb_kings/Liche_High_Priest_Undeath.csv,191,,ability_group_bindings,data/effect_semantics/source_exports/db/effect_bonus_value_special_ability_group_junctions_tables/data__.tsv,121,cost_percentage_mod,ability_group,wh3_main_lore_of_ice_upgraded
wh3_dlc29_tmb_liche_high_priest_undeath,wh3_dlc29_skill_node_set_tmb_liche_high_priest_undeath,wh3_dlc29_skill_node_tmb_lord_unique_high_liche_priest_undeath_leader_03,wh3_dlc29_skill_tmb_lord_unique_high_liche_priest_wizard_01,1,wh2_dlc14_effect_magic_cost_all_lores_percentage,data/skill_trees/characters/tomb_kings/Liche_High_Priest_Undeath.csv,191,,ability_group_bindings,data/effect_semantics/source_exports/db/effect_bonus_value_special_ability_group_junctions_tables/data__.tsv,122,cost_percentage_mod,ability_group,wh3_main_lore_of_tempest
wh3_dlc29_tmb_liche_high_priest_undeath,wh3_dlc29_skill_node_set_tmb_liche_high_priest_undeath,wh3_dlc29_skill_node_tmb_lord_unique_high_liche_priest_undeath_leader_03,wh3_dlc29_skill_tmb_lord_unique_high_liche_priest_wizard_01,1,wh2_dlc14_effect_magic_cost_all_lores_percentage,data/skill_trees/characters/tomb_kings/Liche_High_Priest_Undeath.csv,191,,ability_group_bindings,data/effect_semantics/source_exports/db/effect_bonus_value_special_ability_group_junctions_tables/data__.tsv,123,cost_percentage_mod,ability_group,wh3_main_lore_of_tempest_upgraded
wh3_dlc29_tmb_liche_high_priest_undeath,wh3_dlc29_skill_node_set_tmb_liche_high_priest_undeath,wh3_dlc29_skill_node_tmb_lord_unique_high_liche_priest_undeath_leader_03,wh3_dlc29_skill_tmb_lord_unique_high_liche_priest_wizard_01,1,wh2_dlc14_effect_magic_cost_all_lores_percentage,data/skill_trees/characters/tomb_kings/Liche_High_Priest_Undeath.csv,191,,ability_group_bindings,data/effect_semantics/source_exports/db/effect_bonus_value_special_ability_group_junctions_tables/data__.tsv,124,cost_percentage_mod,ability_group,wh3_main_lore_of_yang
wh3_dlc29_tmb_liche_high_priest_undeath,wh3_dlc29_skill_node_set_tmb_liche_high_priest_undeath,wh3_dlc29_skill_node_tmb_lord_unique_high_liche_priest_undeath_leader_03,wh3_dlc29_skill_tmb_lord_unique_high_liche_priest_wizard_01,1,wh2_dlc14_effect_magic_cost_all_lores_percentage,data/skill_trees/characters/tomb_kings/Liche_High_Priest_Undeath.csv,191,,ability_group_bindings,data/effect_semantics/source_exports/db/effect_bonus_value_special_ability_group_junctions_tables/data__.tsv,125,cost_percentage_mod,ability_group,wh3_main_lore_of_yang_upgraded
wh3_dlc29_tmb_liche_high_priest_undeath,wh3_dlc29_skill_node_set_tmb_liche_high_priest_undeath,wh3_dlc29_skill_node_tmb_lord_unique_high_liche_priest_undeath_leader_03,wh3_dlc29_skill_tmb_lord_unique_high_liche_priest_wizard_01,1,wh2_dlc14_effect_magic_cost_all_lores_percentage,data/skill_trees/characters/tomb_kings/Liche_High_Priest_Undeath.csv,191,,ability_group_bindings,data/effect_semantics/source_exports/db/effect_bonus_value_special_ability_group_junctions_tables/data__.tsv,126,cost_percentage_mod,ability_group,wh3_main_lore_of_yin
wh3_dlc29_tmb_liche_high_priest_undeath,wh3_dlc29_skill_node_set_tmb_liche_high_priest_undeath,wh3_dlc29_skill_node_tmb_lord_unique_high_liche_priest_undeath_leader_03,wh3_dlc29_skill_tmb_lord_unique_high_liche_priest_wizard_01,1,wh2_dlc14_effect_magic_cost_all_lores_percentage,data/skill_trees/characters/tomb_kings/Liche_High_Priest_Undeath.csv,191,,ability_group_bindings,data/effect_semantics/source_exports/db/effect_bonus_value_special_ability_group_junctions_tables/data__.tsv,127,cost_percentage_mod,ability_group,wh3_main_lore_of_yin_upgraded
wh3_dlc29_tmb_liche_high_priest_undeath,wh3_dlc29_skill_node_set_tmb_liche_high_priest_undeath,wh3_dlc29_skill_node_tmb_lord_unique_high_liche_priest_undeath_leader_03,wh3_dlc29_skill_tmb_lord_unique_high_liche_priest_wizard_01,1,wh2_dlc14_effect_magic_cost_all_lores_percentage,data/skill_trees/characters/tomb_kings/Liche_High_Priest_Undeath.csv,191,,ability_group_bindings,data/effect_semantics/source_exports/db/effect_bonus_value_special_ability_group_junctions_tables/data__.tsv,128,cost_percentage_mod,ability_group,wh3_main_lore_slaanesh
wh3_dlc29_tmb_liche_high_priest_undeath,wh3_dlc29_skill_node_set_tmb_liche_high_priest_undeath,wh3_dlc29_skill_node_tmb_lord_unique_high_liche_priest_undeath_leader_03,wh3_dlc29_skill_tmb_lord_unique_high_liche_priest_wizard_01,1,wh2_dlc14_effect_magic_cost_all_lores_percentage,data/skill_trees/characters/tomb_kings/Liche_High_Priest_Undeath.csv,191,,ability_group_bindings,data/effect_semantics/source_exports/db/effect_bonus_value_special_ability_group_junctions_tables/data__.tsv,129,cost_percentage_mod,ability_group,wh3_main_lore_slaanesh_upgraded
wh3_dlc29_tmb_liche_high_priest_undeath,wh3_dlc29_skill_node_set_tmb_liche_high_priest_undeath,wh3_dlc29_skill_node_tmb_lord_unique_high_liche_priest_undeath_leader_03,wh3_dlc29_skill_tmb_lord_unique_high_liche_priest_wizard_01,1,wh2_dlc14_effect_magic_cost_all_lores_percentage,data/skill_trees/characters/tomb_kings/Liche_High_Priest_Undeath.csv,191,,ability_group_bindings,data/effect_semantics/source_exports/db/effect_bonus_value_special_ability_group_junctions_tables/data__.tsv,130,cost_percentage_mod,ability_group,wh3_main_lore_tzeentch
wh3_dlc29_tmb_liche_high_priest_undeath,wh3_dlc29_skill_node_set_tmb_liche_high_priest_undeath,wh3_dlc29_skill_node_tmb_lord_unique_high_liche_priest_undeath_leader_03,wh3_dlc29_skill_tmb_lord_unique_high_liche_priest_wizard_01,1,wh2_dlc14_effect_magic_cost_all_lores_percentage,data/skill_trees/characters/tomb_kings/Liche_High_Priest_Undeath.csv,191,,ability_group_bindings,data/effect_semantics/source_exports/db/effect_bonus_value_special_ability_group_junctions_tables/data__.tsv,131,cost_percentage_mod,ability_group,wh3_main_lore_tzeentch_upgraded
wh3_dlc29_tmb_liche_high_priest_undeath,wh3_dlc29_skill_node_set_tmb_liche_high_priest_undeath,wh3_dlc29_skill_node_tmb_lord_unique_high_liche_priest_undeath_leader_03,wh3_dlc29_skill_tmb_lord_unique_high_liche_priest_wizard_01,1,wh2_dlc14_effect_magic_cost_all_lores_percentage,data/skill_trees/characters/tomb_kings/Liche_High_Priest_Undeath.csv,191,,ability_group_bindings,data/effect_semantics/source_exports/db/effect_bonus_value_special_ability_group_junctions_tables/data__.tsv,132,cost_percentage_mod,ability_group,wh_dlc03_lore_beasts
wh3_dlc29_tmb_liche_high_priest_undeath,wh3_dlc29_skill_node_set_tmb_liche_high_priest_undeath,wh3_dlc29_skill_node_tmb_lord_unique_high_liche_priest_undeath_leader_03,wh3_dlc29_skill_tmb_lord_unique_high_liche_priest_wizard_01,1,wh2_dlc14_effect_magic_cost_all_lores_percentage,data/skill_trees/characters/tomb_kings/Liche_High_Priest_Undeath.csv,191,,ability_group_bindings,data/effect_semantics/source_exports/db/effect_bonus_value_special_ability_group_junctions_tables/data__.tsv,133,cost_percentage_mod,ability_group,wh_dlc03_lore_beasts_upgraded
wh3_dlc29_tmb_liche_high_priest_undeath,wh3_dlc29_skill_node_set_tmb_liche_high_priest_undeath,wh3_dlc29_skill_node_tmb_lord_unique_high_liche_priest_undeath_leader_03,wh3_dlc29_skill_tmb_lord_unique_high_liche_priest_wizard_01,1,wh2_dlc14_effect_magic_cost_all_lores_percentage,data/skill_trees/characters/tomb_kings/Liche_High_Priest_Undeath.csv,191,,ability_group_bindings,data/effect_semantics/source_exports/db/effect_bonus_value_special_ability_group_junctions_tables/data__.tsv,134,cost_percentage_mod,ability_group,wh_dlc03_lore_wild
wh3_dlc29_tmb_liche_high_priest_undeath,wh3_dlc29_skill_node_set_tmb_liche_high_priest_undeath,wh3_dlc29_skill_node_tmb_lord_unique_high_liche_priest_undeath_leader_03,wh3_dlc29_skill_tmb_lord_unique_high_liche_priest_wizard_01,1,wh2_dlc14_effect_magic_cost_all_lores_percentage,data/skill_trees/characters/tomb_kings/Liche_High_Priest_Undeath.csv,191,,ability_group_bindings,data/effect_semantics/source_exports/db/effect_bonus_value_special_ability_group_junctions_tables/data__.tsv,135,cost_percentage_mod,ability_group,wh_dlc03_lore_wild_upgraded
wh3_dlc29_tmb_liche_high_priest_undeath,wh3_dlc29_skill_node_set_tmb_liche_high_priest_undeath,wh3_dlc29_skill_node_tmb_lord_unique_high_liche_priest_undeath_leader_03,wh3_dlc29_skill_tmb_lord_unique_high_liche_priest_wizard_01,1,wh2_dlc14_effect_magic_cost_all_lores_percentage,data/skill_trees/characters/tomb_kings/Liche_High_Priest_Undeath.csv,191,,ability_group_bindings,data/effect_semantics/source_exports/db/effect_bonus_value_special_ability_group_junctions_tables/data__.tsv,136,cost_percentage_mod,ability_group,wh_dlc05_lore_life
wh3_dlc29_tmb_liche_high_priest_undeath,wh3_dlc29_skill_node_set_tmb_liche_high_priest_undeath,wh3_dlc29_skill_node_tmb_lord_unique_high_liche_priest_undeath_leader_03,wh3_dlc29_skill_tmb_lord_unique_high_liche_priest_wizard_01,1,wh2_dlc14_effect_magic_cost_all_lores_percentage,data/skill_trees/characters/tomb_kings/Liche_High_Priest_Undeath.csv,191,,ability_group_bindings,data/effect_semantics/source_exports/db/effect_bonus_value_special_ability_group_junctions_tables/data__.tsv,137,cost_percentage_mod,ability_group,wh_dlc05_lore_life_upgraded
wh3_dlc29_tmb_liche_high_priest_undeath,wh3_dlc29_skill_node_set_tmb_liche_high_priest_undeath,wh3_dlc29_skill_node_tmb_lord_unique_high_liche_priest_undeath_leader_03,wh3_dlc29_skill_tmb_lord_unique_high_liche_priest_wizard_01,1,wh2_dlc14_effect_magic_cost_all_lores_percentage,data/skill_trees/characters/tomb_kings/Liche_High_Priest_Undeath.csv,191,,ability_group_bindings,data/effect_semantics/source_exports/db/effect_bonus_value_special_ability_group_junctions_tables/data__.tsv,138,cost_percentage_mod,ability_group,wh_dlc05_lore_shadows
wh3_dlc29_tmb_liche_high_priest_undeath,wh3_dlc29_skill_node_set_tmb_liche_high_priest_undeath,wh3_dlc29_skill_node_tmb_lord_unique_high_liche_priest_undeath_leader_03,wh3_dlc29_skill_tmb_lord_unique_high_liche_priest_wizard_01,1,wh2_dlc14_effect_magic_cost_all_lores_percentage,data/skill_trees/characters/tomb_kings/Liche_High_Priest_Undeath.csv,191,,ability_group_bindings,data/effect_semantics/source_exports/db/effect_bonus_value_special_ability_group_junctions_tables/data__.tsv,139,cost_percentage_mod,ability_group,wh_dlc05_lore_shadows_upgraded
wh3_dlc29_tmb_liche_high_priest_undeath,wh3_dlc29_skill_node_set_tmb_liche_high_priest_undeath,wh3_dlc29_skill_node_tmb_lord_unique_high_liche_priest_undeath_leader_03,wh3_dlc29_skill_tmb_lord_unique_high_liche_priest_wizard_01,1,wh2_dlc14_effect_magic_cost_all_lores_percentage,data/skill_trees/characters/tomb_kings/Liche_High_Priest_Undeath.csv,191,,ability_group_bindings,data/effect_semantics/source_exports/db/effect_bonus_value_special_ability_group_junctions_tables/data__.tsv,140,cost_percentage_mod,ability_group,wh_main_lore_big_waaagh
wh3_dlc29_tmb_liche_high_priest_undeath,wh3_dlc29_skill_node_set_tmb_liche_high_priest_undeath,wh3_dlc29_skill_node_tmb_lord_unique_high_liche_priest_undeath_leader_03,wh3_dlc29_skill_tmb_lord_unique_high_liche_priest_wizard_01,1,wh2_dlc14_effect_magic_cost_all_lores_percentage,data/skill_trees/characters/tomb_kings/Liche_High_Priest_Undeath.csv,191,,ability_group_bindings,data/effect_semantics/source_exports/db/effect_bonus_value_special_ability_group_junctions_tables/data__.tsv,141,cost_percentage_mod,ability_group,wh_main_lore_big_waaagh_upgraded
wh3_dlc29_tmb_liche_high_priest_undeath,wh3_dlc29_skill_node_set_tmb_liche_high_priest_undeath,wh3_dlc29_skill_node_tmb_lord_unique_high_liche_priest_undeath_leader_03,wh3_dlc29_skill_tmb_lord_unique_high_liche_priest_wizard_01,1,wh2_dlc14_effect_magic_cost_all_lores_percentage,data/skill_trees/characters/tomb_kings/Liche_High_Priest_Undeath.csv,191,,ability_group_bindings,data/effect_semantics/source_exports/db/effect_bonus_value_special_ability_group_junctions_tables/data__.tsv,142,cost_percentage_mod,ability_group,wh_main_lore_death
wh3_dlc29_tmb_liche_high_priest_undeath,wh3_dlc29_skill_node_set_tmb_liche_high_priest_undeath,wh3_dlc29_skill_node_tmb_lord_unique_high_liche_priest_undeath_leader_03,wh3_dlc29_skill_tmb_lord_unique_high_liche_priest_wizard_01,1,wh2_dlc14_effect_magic_cost_all_lores_percentage,data/skill_trees/characters/tomb_kings/Liche_High_Priest_Undeath.csv,191,,ability_group_bindings,data/effect_semantics/source_exports/db/effect_bonus_value_special_ability_group_junctions_tables/data__.tsv,143,cost_percentage_mod,ability_group,wh_main_lore_death_upgraded
wh3_dlc29_tmb_liche_high_priest_undeath,wh3_dlc29_skill_node_set_tmb_liche_high_priest_undeath,wh3_dlc29_skill_node_tmb_lord_unique_high_liche_priest_undeath_leader_03,wh3_dlc29_skill_tmb_lord_unique_high_liche_priest_wizard_01,1,wh2_dlc14_effect_magic_cost_all_lores_percentage,data/skill_trees/characters/tomb_kings/Liche_High_Priest_Undeath.csv,191,,ability_group_bindings,data/effect_semantics/source_exports/db/effect_bonus_value_special_ability_group_junctions_tables/data__.tsv,144,cost_percentage_mod,ability_group,wh_main_lore_fire
wh3_dlc29_tmb_liche_high_priest_undeath,wh3_dlc29_skill_node_set_tmb_liche_high_priest_undeath,wh3_dlc29_skill_node_tmb_lord_unique_high_liche_priest_undeath_leader_03,wh3_dlc29_skill_tmb_lord_unique_high_liche_priest_wizard_01,1,wh2_dlc14_effect_magic_cost_all_lores_percentage,data/skill_trees/characters/tomb_kings/Liche_High_Priest_Undeath.csv,191,,ability_group_bindings,data/effect_semantics/source_exports/db/effect_bonus_value_special_ability_group_junctions_tables/data__.tsv,145,cost_percentage_mod,ability_group,wh_main_lore_fire_upgraded
wh3_dlc29_tmb_liche_high_priest_undeath,wh3_dlc29_skill_node_set_tmb_liche_high_priest_undeath,wh3_dlc29_skill_node_tmb_lord_unique_high_liche_priest_undeath_leader_03,wh3_dlc29_skill_tmb_lord_unique_high_liche_priest_wizard_01,1,wh2_dlc14_effect_magic_cost_all_lores_percentage,data/skill_trees/characters/tomb_kings/Liche_High_Priest_Undeath.csv,191,,ability_group_bindings,data/effect_semantics/source_exports/db/effect_bonus_value_special_ability_group_junctions_tables/data__.tsv,146,cost_percentage_mod,ability_group,wh_main_lore_heavens
wh3_dlc29_tmb_liche_high_priest_undeath,wh3_dlc29_skill_node_set_tmb_liche_high_priest_undeath,wh3_dlc29_skill_node_tmb_lord_unique_high_liche_priest_undeath_leader_03,wh3_dlc29_skill_tmb_lord_unique_high_liche_priest_wizard_01,1,wh2_dlc14_effect_magic_cost_all_lores_percentage,data/skill_trees/characters/tomb_kings/Liche_High_Priest_Undeath.csv,191,,ability_group_bindings,data/effect_semantics/source_exports/db/effect_bonus_value_special_ability_group_junctions_tables/data__.tsv,147,cost_percentage_mod,ability_group,wh_main_lore_heavens_upgraded
wh3_dlc29_tmb_liche_high_priest_undeath,wh3_dlc29_skill_node_set_tmb_liche_high_priest_undeath,wh3_dlc29_skill_node_tmb_lord_unique_high_liche_priest_undeath_leader_03,wh3_dlc29_skill_tmb_lord_unique_high_liche_priest_wizard_01,1,wh2_dlc14_effect_magic_cost_all_lores_percentage,data/skill_trees/characters/tomb_kings/Liche_High_Priest_Undeath.csv,191,,ability_group_bindings,data/effect_semantics/source_exports/db/effect_bonus_value_special_ability_group_junctions_tables/data__.tsv,148,cost_percentage_mod,ability_group,wh_main_lore_light
wh3_dlc29_tmb_liche_high_priest_undeath,wh3_dlc29_skill_node_set_tmb_liche_high_priest_undeath,wh3_dlc29_skill_node_tmb_lord_unique_high_liche_priest_undeath_leader_03,wh3_dlc29_skill_tmb_lord_unique_high_liche_priest_wizard_01,1,wh2_dlc14_effect_magic_cost_all_lores_percentage,data/skill_trees/characters/tomb_kings/Liche_High_Priest_Undeath.csv,191,,ability_group_bindings,data/effect_semantics/source_exports/db/effect_bonus_value_special_ability_group_junctions_tables/data__.tsv,149,cost_percentage_mod,ability_group,wh_main_lore_light_upgraded
wh3_dlc29_tmb_liche_high_priest_undeath,wh3_dlc29_skill_node_set_tmb_liche_high_priest_undeath,wh3_dlc29_skill_node_tmb_lord_unique_high_liche_priest_undeath_leader_03,wh3_dlc29_skill_tmb_lord_unique_high_liche_priest_wizard_01,1,wh2_dlc14_effect_magic_cost_all_lores_percentage,data/skill_trees/characters/tomb_kings/Liche_High_Priest_Undeath.csv,191,,ability_group_bindings,data/effect_semantics/source_exports/db/effect_bonus_value_special_ability_group_junctions_tables/data__.tsv,150,cost_percentage_mod,ability_group,wh_main_lore_lil_waaagh
wh3_dlc29_tmb_liche_high_priest_undeath,wh3_dlc29_skill_node_set_tmb_liche_high_priest_undeath,wh3_dlc29_skill_node_tmb_lord_unique_high_liche_priest_undeath_leader_03,wh3_dlc29_skill_tmb_lord_unique_high_liche_priest_wizard_01,1,wh2_dlc14_effect_magic_cost_all_lores_percentage,data/skill_trees/characters/tomb_kings/Liche_High_Priest_Undeath.csv,191,,ability_group_bindings,data/effect_semantics/source_exports/db/effect_bonus_value_special_ability_group_junctions_tables/data__.tsv,151,cost_percentage_mod,ability_group,wh_main_lore_lil_waaagh_upgraded
wh3_dlc29_tmb_liche_high_priest_undeath,wh3_dlc29_skill_node_set_tmb_liche_high_priest_undeath,wh3_dlc29_skill_node_tmb_lord_unique_high_liche_priest_undeath_leader_03,wh3_dlc29_skill_tmb_lord_unique_high_liche_priest_wizard_01,1,wh2_dlc14_effect_magic_cost_all_lores_percentage,data/skill_trees/characters/tomb_kings/Liche_High_Priest_Undeath.csv,191,,ability_group_bindings,data/effect_semantics/source_exports/db/effect_bonus_value_special_ability_group_junctions_tables/data__.tsv,152,cost_percentage_mod,ability_group,wh_main_lore_metal
wh3_dlc29_tmb_liche_high_priest_undeath,wh3_dlc29_skill_node_set_tmb_liche_high_priest_undeath,wh3_dlc29_skill_node_tmb_lord_unique_high_liche_priest_undeath_leader_03,wh3_dlc29_skill_tmb_lord_unique_high_liche_priest_wizard_01,1,wh2_dlc14_effect_magic_cost_all_lores_percentage,data/skill_trees/characters/tomb_kings/Liche_High_Priest_Undeath.csv,191,,ability_group_bindings,data/effect_semantics/source_exports/db/effect_bonus_value_special_ability_group_junctions_tables/data__.tsv,153,cost_percentage_mod,ability_group,wh_main_lore_metal_upgraded
wh3_dlc29_tmb_liche_high_priest_undeath,wh3_dlc29_skill_node_set_tmb_liche_high_priest_undeath,wh3_dlc29_skill_node_tmb_lord_unique_high_liche_priest_undeath_leader_03,wh3_dlc29_skill_tmb_lord_unique_high_liche_priest_wizard_01,1,wh2_dlc14_effect_magic_cost_all_lores_percentage,data/skill_trees/characters/tomb_kings/Liche_High_Priest_Undeath.csv,191,,ability_group_bindings,data/effect_semantics/source_exports/db/effect_bonus_value_special_ability_group_junctions_tables/data__.tsv,154,cost_percentage_mod,ability_group,wh_main_lore_vampires
wh3_dlc29_tmb_liche_high_priest_undeath,wh3_dlc29_skill_node_set_tmb_liche_high_priest_undeath,wh3_dlc29_skill_node_tmb_lord_unique_high_liche_priest_undeath_leader_03,wh3_dlc29_skill_tmb_lord_unique_high_liche_priest_wizard_01,1,wh2_dlc14_effect_magic_cost_all_lores_percentage,data/skill_trees/characters/tomb_kings/Liche_High_Priest_Undeath.csv,191,,ability_group_bindings,data/effect_semantics/source_exports/db/effect_bonus_value_special_ability_group_junctions_tables/data__.tsv,155,cost_percentage_mod,ability_group,wh_main_lore_vampires_upgraded
wh3_dlc29_tmb_liche_high_priest_undeath,wh3_dlc29_skill_node_set_tmb_liche_high_priest_undeath,wh3_dlc29_skill_node_tmb_lord_unique_high_liche_priest_undeath_leader_03,wh3_dlc29_skill_tmb_lord_unique_high_liche_priest_wizard_01,1,wh3_dlc25_effect_ability_enable_arcane_configuration,data/skill_trees/characters/tomb_kings/Liche_High_Priest_Undeath.csv,192,wh2_dlc12_unit_passive_arcane_configuration,ability_bindings,data/effect_semantics/source_exports/db/effect_bonus_value_unit_ability_junctions_tables/data__.tsv,2563,enable,ability,wh2_dlc12_unit_passive_arcane_configuration
wh3_dlc29_tmb_liche_high_priest_undeath,wh3_dlc29_skill_node_set_tmb_liche_high_priest_undeath,wh3_dlc29_skill_node_tmb_high_liche_priest_undeath_magic_03,wh3_dlc29_skill_nag_magic_undeath_03_sulekhim_the_hand_of_dust,1,wh3_dlc29_effect_ability_cooldown_hand_of_dust,data/skill_trees/characters/tomb_kings/Liche_High_Priest_Undeath.csv,201,wh3_dlc29_spell_undeath_sulekhim_hand_of_dust,ability_bindings,data/effect_semantics/source_exports/db/effect_bonus_value_unit_ability_junctions_tables/data__.tsv,3165,recharge_mod,ability,wh3_dlc29_spell_undeath_sulekhim_hand_of_dust
wh3_dlc29_tmb_liche_high_priest_undeath,wh3_dlc29_skill_node_set_tmb_liche_high_priest_undeath,wh3_dlc29_skill_node_tmb_high_liche_priest_undeath_magic_03,wh3_dlc29_skill_nag_magic_undeath_03_sulekhim_the_hand_of_dust,1,wh3_dlc29_effect_ability_enable_sulekhim_hand_of_dust_upgraded,data/skill_trees/characters/tomb_kings/Liche_High_Priest_Undeath.csv,202,wh3_dlc29_spell_undeath_sulekhim_hand_of_dust,ability_bindings,data/effect_semantics/source_exports/db/effect_bonus_value_unit_ability_junctions_tables/data__.tsv,3721,enable_overchage,ability,wh3_dlc29_spell_undeath_sulekhim_hand_of_dust
wh3_dlc29_tmb_liche_high_priest_undeath,wh3_dlc29_skill_node_set_tmb_liche_high_priest_undeath,wh3_dlc29_skill_node_tmb_high_liche_priest_undeath_magic_03,wh3_dlc29_skill_nag_magic_undeath_03_sulekhim_the_hand_of_dust,1,wh3_dlc29_effect_ability_enable_sulekhim_hand_of_dust_upgraded,data/skill_trees/characters/tomb_kings/Liche_High_Priest_Undeath.csv,202,wh3_dlc29_spell_undeath_sulekhim_hand_of_dust,ability_bindings,data/effect_semantics/source_exports/db/effect_bonus_value_unit_ability_junctions_tables/data__.tsv,3722,enable,ability,wh3_dlc29_spell_undeath_sulekhim_hand_of_dust
wh3_dlc29_tmb_liche_high_priest_undeath,wh3_dlc29_skill_node_set_tmb_liche_high_priest_undeath,wh3_dlc29_skill_node_tmb_high_liche_priest_undeath_magic_03,wh3_dlc29_skill_nag_magic_undeath_03_sulekhim_the_hand_of_dust,2,wh3_dlc29_effect_ability_cooldown_hand_of_dust,data/skill_trees/characters/tomb_kings/Liche_High_Priest_Undeath.csv,203,wh3_dlc29_spell_undeath_sulekhim_hand_of_dust,ability_bindings,data/effect_semantics/source_exports/db/effect_bonus_value_unit_ability_junctions_tables/data__.tsv,3165,recharge_mod,ability,wh3_dlc29_spell_undeath_sulekhim_hand_of_dust
wh3_dlc29_tmb_liche_high_priest_undeath,wh3_dlc29_skill_node_set_tmb_liche_high_priest_undeath,wh3_dlc29_skill_node_tmb_high_liche_priest_undeath_magic_03,wh3_dlc29_skill_nag_magic_undeath_03_sulekhim_the_hand_of_dust,2,wh3_dlc29_effect_ability_enable_sulekhim_hand_of_dust_upgraded,data/skill_trees/characters/tomb_kings/Liche_High_Priest_Undeath.csv,204,wh3_dlc29_spell_undeath_sulekhim_hand_of_dust,ability_bindings,data/effect_semantics/source_exports/db/effect_bonus_value_unit_ability_junctions_tables/data__.tsv,3721,enable_overchage,ability,wh3_dlc29_spell_undeath_sulekhim_hand_of_dust
wh3_dlc29_tmb_liche_high_priest_undeath,wh3_dlc29_skill_node_set_tmb_liche_high_priest_undeath,wh3_dlc29_skill_node_tmb_high_liche_priest_undeath_magic_03,wh3_dlc29_skill_nag_magic_undeath_03_sulekhim_the_hand_of_dust,2,wh3_dlc29_effect_ability_enable_sulekhim_hand_of_dust_upgraded,data/skill_trees/characters/tomb_kings/Liche_High_Priest_Undeath.csv,204,wh3_dlc29_spell_undeath_sulekhim_hand_of_dust,ability_bindings,data/effect_semantics/source_exports/db/effect_bonus_value_unit_ability_junctions_tables/data__.tsv,3722,enable,ability,wh3_dlc29_spell_undeath_sulekhim_hand_of_dust
wh3_dlc29_tmb_liche_high_priest_undeath,wh3_dlc29_skill_node_set_tmb_liche_high_priest_undeath,wh3_dlc29_skill_node_tmb_high_liche_priest_undeath_magic_03,wh3_dlc29_skill_nag_magic_undeath_03_sulekhim_the_hand_of_dust,2,wh3_dlc29_effect_ability_miscast_hand_of_dust_upgraded,data/skill_trees/characters/tomb_kings/Liche_High_Priest_Undeath.csv,205,wh3_dlc29_spell_undeath_sulekhim_hand_of_dust_upgraded,ability_bindings,data/effect_semantics/source_exports/db/effect_bonus_value_unit_ability_junctions_tables/data__.tsv,3775,miscast_percentage_mod,ability,wh3_dlc29_spell_undeath_sulekhim_hand_of_dust_upgraded
wh3_dlc29_tmb_liche_high_priest_undeath,wh3_dlc29_skill_node_set_tmb_liche_high_priest_undeath,wh3_dlc29_skill_node_tmb_high_liche_priest_undeath_magic_03,wh3_dlc29_skill_nag_magic_undeath_03_sulekhim_the_hand_of_dust,2,wh3_dlc29_effect_ability_wom_cost_hand_of_dust,data/skill_trees/characters/tomb_kings/Liche_High_Priest_Undeath.csv,206,wh3_dlc29_spell_undeath_sulekhim_hand_of_dust,ability_bindings,data/effect_semantics/source_exports/db/effect_bonus_value_unit_ability_junctions_tables/data__.tsv,3857,cost_mod,ability,wh3_dlc29_spell_undeath_sulekhim_hand_of_dust
wh3_dlc29_tmb_liche_high_priest_undeath,wh3_dlc29_skill_node_set_tmb_liche_high_priest_undeath,wh3_dlc29_skill_node_tmb_high_liche_priest_undeath_magic_03,wh3_dlc29_skill_nag_magic_undeath_03_sulekhim_the_hand_of_dust,2,wh3_dlc29_effect_ability_wom_cost_hand_of_dust_upgraded,data/skill_trees/characters/tomb_kings/Liche_High_Priest_Undeath.csv,207,wh3_dlc29_spell_undeath_sulekhim_hand_of_dust_upgraded,ability_bindings,data/effect_semantics/source_exports/db/effect_bonus_value_unit_ability_junctions_tables/data__.tsv,3856,cost_mod,ability,wh3_dlc29_spell_undeath_sulekhim_hand_of_dust_upgraded
wh3_dlc29_tmb_liche_high_priest_undeath,wh3_dlc29_skill_node_set_tmb_liche_high_priest_undeath,wh3_dlc29_skill_node_nag_lord_unique_high_liche_priest_undeath_leader_04,wh3_dlc29_skill_nag_lord_unique_high_liche_priest_wizard_02,1,wh3_dlc29_effect_ability_disable_spirit_conduit_hierotitan,data/skill_trees/characters/tomb_kings/Liche_High_Priest_Undeath.csv,236,,effect_bonus_value_unit_set_unit_ability_junctions,data/effect_semantics/source_exports/db/effect_bonus_value_unit_set_unit_ability_junctions_tables/data__.tsv,510,disable,unit_set_ability,wh3_dlc29_effect_ability_disable_spirit_conduit_hierotitan
wh3_dlc29_tmb_liche_high_priest_undeath,wh3_dlc29_skill_node_set_tmb_liche_high_priest_undeath,wh3_dlc29_skill_node_nag_lord_unique_high_liche_priest_undeath_leader_04,wh3_dlc29_skill_nag_lord_unique_high_liche_priest_wizard_02,1,wh3_dlc29_effect_ability_enable_spirit_conduit_upgraded_hierotitan,data/skill_trees/characters/tomb_kings/Liche_High_Priest_Undeath.csv,237,,effect_bonus_value_unit_set_unit_ability_junctions,data/effect_semantics/source_exports/db/effect_bonus_value_unit_set_unit_ability_junctions_tables/data__.tsv,550,enable,unit_set_ability,wh3_dlc29_effect_ability_enable_spirit_conduit_upgraded_hierotitan
wh3_dlc29_tmb_liche_high_priest_undeath,wh3_dlc29_skill_node_set_tmb_liche_high_priest_undeath,wh3_dlc29_skill_node_tmb_lord_unique_high_liche_priest_undeath_leader_04,wh3_dlc29_skill_tmb_lord_unique_high_liche_priest_wizard_02,1,wh3_dlc29_effect_ability_disable_spirit_conduit_hierotitan,data/skill_trees/characters/tomb_kings/Liche_High_Priest_Undeath.csv,241,,effect_bonus_value_unit_set_unit_ability_junctions,data/effect_semantics/source_exports/db/effect_bonus_value_unit_set_unit_ability_junctions_tables/data__.tsv,510,disable,unit_set_ability,wh3_dlc29_effect_ability_disable_spirit_conduit_hierotitan
wh3_dlc29_tmb_liche_high_priest_undeath,wh3_dlc29_skill_node_set_tmb_liche_high_priest_undeath,wh3_dlc29_skill_node_tmb_lord_unique_high_liche_priest_undeath_leader_04,wh3_dlc29_skill_tmb_lord_unique_high_liche_priest_wizard_02,1,wh3_dlc29_effect_ability_enable_spirit_conduit_upgraded_hierotitan,data/skill_trees/characters/tomb_kings/Liche_High_Priest_Undeath.csv,242,,effect_bonus_value_unit_set_unit_ability_junctions,data/effect_semantics/source_exports/db/effect_bonus_value_unit_set_unit_ability_junctions_tables/data__.tsv,550,enable,unit_set_ability,wh3_dlc29_effect_ability_enable_spirit_conduit_upgraded_hierotitan
wh3_dlc29_tmb_liche_high_priest_undeath,wh3_dlc29_skill_node_set_tmb_liche_high_priest_undeath,wh3_dlc29_skill_node_tmb_high_liche_priest_undeath_magic_04,wh3_dlc29_skill_nag_magic_undeath_04_khizaar_the_soulstealer,1,wh3_dlc29_effect_ability_cooldown_soulstealer,data/skill_trees/characters/tomb_kings/Liche_High_Priest_Undeath.csv,251,wh3_dlc29_spell_undeath_khizaar_the_soulstealer,ability_bindings,data/effect_semantics/source_exports/db/effect_bonus_value_unit_ability_junctions_tables/data__.tsv,3322,recharge_mod,ability,wh3_dlc29_spell_undeath_khizaar_the_soulstealer
wh3_dlc29_tmb_liche_high_priest_undeath,wh3_dlc29_skill_node_set_tmb_liche_high_priest_undeath,wh3_dlc29_skill_node_tmb_high_liche_priest_undeath_magic_04,wh3_dlc29_skill_nag_magic_undeath_04_khizaar_the_soulstealer,1,wh3_dlc29_effect_ability_enable_khizaar_soulstealer,data/skill_trees/characters/tomb_kings/Liche_High_Priest_Undeath.csv,252,wh3_dlc29_spell_undeath_khizaar_the_soulstealer,ability_bindings,data/effect_semantics/source_exports/db/effect_bonus_value_unit_ability_junctions_tables/data__.tsv,3663,enable,ability,wh3_dlc29_spell_undeath_khizaar_the_soulstealer
wh3_dlc29_tmb_liche_high_priest_undeath,wh3_dlc29_skill_node_set_tmb_liche_high_priest_undeath,wh3_dlc29_skill_node_tmb_high_liche_priest_undeath_magic_04,wh3_dlc29_skill_nag_magic_undeath_04_khizaar_the_soulstealer,1,wh3_dlc29_effect_ability_enable_khizaar_soulstealer_upgraded,data/skill_trees/characters/tomb_kings/Liche_High_Priest_Undeath.csv,253,wh3_dlc29_spell_undeath_khizaar_the_soulstealer,ability_bindings,data/effect_semantics/source_exports/db/effect_bonus_value_unit_ability_junctions_tables/data__.tsv,3661,enable_overchage,ability,wh3_dlc29_spell_undeath_khizaar_the_soulstealer
wh3_dlc29_tmb_liche_high_priest_undeath,wh3_dlc29_skill_node_set_tmb_liche_high_priest_undeath,wh3_dlc29_skill_node_tmb_high_liche_priest_undeath_magic_04,wh3_dlc29_skill_nag_magic_undeath_04_khizaar_the_soulstealer,1,wh3_dlc29_effect_ability_enable_khizaar_soulstealer_upgraded,data/skill_trees/characters/tomb_kings/Liche_High_Priest_Undeath.csv,253,wh3_dlc29_spell_undeath_khizaar_the_soulstealer,ability_bindings,data/effect_semantics/source_exports/db/effect_bonus_value_unit_ability_junctions_tables/data__.tsv,3662,enable,ability,wh3_dlc29_spell_undeath_khizaar_the_soulstealer
wh3_dlc29_tmb_liche_high_priest_undeath,wh3_dlc29_skill_node_set_tmb_liche_high_priest_undeath,wh3_dlc29_skill_node_tmb_high_liche_priest_undeath_magic_04,wh3_dlc29_skill_nag_magic_undeath_04_khizaar_the_soulstealer,2,wh3_dlc29_effect_ability_cooldown_soulstealer,data/skill_trees/characters/tomb_kings/Liche_High_Priest_Undeath.csv,254,wh3_dlc29_spell_undeath_khizaar_the_soulstealer,ability_bindings,data/effect_semantics/source_exports/db/effect_bonus_value_unit_ability_junctions_tables/data__.tsv,3322,recharge_mod,ability,wh3_dlc29_spell_undeath_khizaar_the_soulstealer
wh3_dlc29_tmb_liche_high_priest_undeath,wh3_dlc29_skill_node_set_tmb_liche_high_priest_undeath,wh3_dlc29_skill_node_tmb_high_liche_priest_undeath_magic_04,wh3_dlc29_skill_nag_magic_undeath_04_khizaar_the_soulstealer,2,wh3_dlc29_effect_ability_enable_khizaar_soulstealer_upgraded,data/skill_trees/characters/tomb_kings/Liche_High_Priest_Undeath.csv,255,wh3_dlc29_spell_undeath_khizaar_the_soulstealer,ability_bindings,data/effect_semantics/source_exports/db/effect_bonus_value_unit_ability_junctions_tables/data__.tsv,3661,enable_overchage,ability,wh3_dlc29_spell_undeath_khizaar_the_soulstealer
wh3_dlc29_tmb_liche_high_priest_undeath,wh3_dlc29_skill_node_set_tmb_liche_high_priest_undeath,wh3_dlc29_skill_node_tmb_high_liche_priest_undeath_magic_04,wh3_dlc29_skill_nag_magic_undeath_04_khizaar_the_soulstealer,2,wh3_dlc29_effect_ability_enable_khizaar_soulstealer_upgraded,data/skill_trees/characters/tomb_kings/Liche_High_Priest_Undeath.csv,255,wh3_dlc29_spell_undeath_khizaar_the_soulstealer,ability_bindings,data/effect_semantics/source_exports/db/effect_bonus_value_unit_ability_junctions_tables/data__.tsv,3662,enable,ability,wh3_dlc29_spell_undeath_khizaar_the_soulstealer
wh3_dlc29_tmb_liche_high_priest_undeath,wh3_dlc29_skill_node_set_tmb_liche_high_priest_undeath,wh3_dlc29_skill_node_tmb_high_liche_priest_undeath_magic_04,wh3_dlc29_skill_nag_magic_undeath_04_khizaar_the_soulstealer,2,wh3_dlc29_effect_ability_miscast_soulstealer_upgraded,data/skill_trees/characters/tomb_kings/Liche_High_Priest_Undeath.csv,256,wh3_dlc29_spell_undeath_khizaar_the_soulstealer_upgraded,ability_bindings,data/effect_semantics/source_exports/db/effect_bonus_value_unit_ability_junctions_tables/data__.tsv,3776,miscast_percentage_mod,ability,wh3_dlc29_spell_undeath_khizaar_the_soulstealer_upgraded
wh3_dlc29_tmb_liche_high_priest_undeath,wh3_dlc29_skill_node_set_tmb_liche_high_priest_undeath,wh3_dlc29_skill_node_tmb_high_liche_priest_undeath_magic_04,wh3_dlc29_skill_nag_magic_undeath_04_khizaar_the_soulstealer,2,wh3_dlc29_effect_ability_wom_cost_soulstealer,data/skill_trees/characters/tomb_kings/Liche_High_Priest_Undeath.csv,257,wh3_dlc29_spell_undeath_khizaar_the_soulstealer,ability_bindings,data/effect_semantics/source_exports/db/effect_bonus_value_unit_ability_junctions_tables/data__.tsv,3895,cost_mod,ability,wh3_dlc29_spell_undeath_khizaar_the_soulstealer
wh3_dlc29_tmb_liche_high_priest_undeath,wh3_dlc29_skill_node_set_tmb_liche_high_priest_undeath,wh3_dlc29_skill_node_tmb_high_liche_priest_undeath_magic_04,wh3_dlc29_skill_nag_magic_undeath_04_khizaar_the_soulstealer,2,wh3_dlc29_effect_ability_wom_cost_soulstealer_upgraded,data/skill_trees/characters/tomb_kings/Liche_High_Priest_Undeath.csv,258,wh3_dlc29_spell_undeath_khizaar_the_soulstealer_upgraded,ability_bindings,data/effect_semantics/source_exports/db/effect_bonus_value_unit_ability_junctions_tables/data__.tsv,3894,cost_mod,ability,wh3_dlc29_spell_undeath_khizaar_the_soulstealer_upgraded
wh3_dlc29_tmb_liche_high_priest_undeath,wh3_dlc29_skill_node_set_tmb_liche_high_priest_undeath,wh3_dlc29_skill_node_tmb_high_liche_priest_undeath_magic_05,wh3_dlc29_skill_nag_magic_undeath_05_Razkhar_the_abyssal_swarm,1,wh3_dlc29_effect_ability_cooldown_abyssal_swarm,data/skill_trees/characters/tomb_kings/Liche_High_Priest_Undeath.csv,290,wh3_dlc29_spell_undeath_razkhar_the_abyssal_swarm,ability_bindings,data/effect_semantics/source_exports/db/effect_bonus_value_unit_ability_junctions_tables/data__.tsv,3150,recharge_mod,ability,wh3_dlc29_spell_undeath_razkhar_the_abyssal_swarm
wh3_dlc29_tmb_liche_high_priest_undeath,wh3_dlc29_skill_node_set_tmb_liche_high_priest_undeath,wh3_dlc29_skill_node_tmb_high_liche_priest_undeath_magic_05,wh3_dlc29_skill_nag_magic_undeath_05_Razkhar_the_abyssal_swarm,1,wh3_dlc29_effect_ability_enable_razkhar_abyssal_swarm,data/skill_trees/characters/tomb_kings/Liche_High_Priest_Undeath.csv,291,wh3_dlc29_spell_undeath_razkhar_the_abyssal_swarm,ability_bindings,data/effect_semantics/source_exports/db/effect_bonus_value_unit_ability_junctions_tables/data__.tsv,3711,enable,ability,wh3_dlc29_spell_undeath_razkhar_the_abyssal_swarm
wh3_dlc29_tmb_liche_high_priest_undeath,wh3_dlc29_skill_node_set_tmb_liche_high_priest_undeath,wh3_dlc29_skill_node_tmb_high_liche_priest_undeath_magic_05,wh3_dlc29_skill_nag_magic_undeath_05_Razkhar_the_abyssal_swarm,1,wh3_dlc29_effect_ability_enable_razkhar_abyssal_swarm_upgraded,data/skill_trees/characters/tomb_kings/Liche_High_Priest_Undeath.csv,292,wh3_dlc29_spell_undeath_razkhar_the_abyssal_swarm,ability_bindings,data/effect_semantics/source_exports/db/effect_bonus_value_unit_ability_junctions_tables/data__.tsv,3709,enable_overchage,ability,wh3_dlc29_spell_undeath_razkhar_the_abyssal_swarm
wh3_dlc29_tmb_liche_high_priest_undeath,wh3_dlc29_skill_node_set_tmb_liche_high_priest_undeath,wh3_dlc29_skill_node_tmb_high_liche_priest_undeath_magic_05,wh3_dlc29_skill_nag_magic_undeath_05_Razkhar_the_abyssal_swarm,1,wh3_dlc29_effect_ability_enable_razkhar_abyssal_swarm_upgraded,data/skill_trees/characters/tomb_kings/Liche_High_Priest_Undeath.csv,292,wh3_dlc29_spell_undeath_razkhar_the_abyssal_swarm,ability_bindings,data/effect_semantics/source_exports/db/effect_bonus_value_unit_ability_junctions_tables/data__.tsv,3710,enable,ability,wh3_dlc29_spell_undeath_razkhar_the_abyssal_swarm
wh3_dlc29_tmb_liche_high_priest_undeath,wh3_dlc29_skill_node_set_tmb_liche_high_priest_undeath,wh3_dlc29_skill_node_tmb_high_liche_priest_undeath_magic_05,wh3_dlc29_skill_nag_magic_undeath_05_Razkhar_the_abyssal_swarm,2,wh3_dlc29_effect_ability_cooldown_abyssal_swarm,data/skill_trees/characters/tomb_kings/Liche_High_Priest_Undeath.csv,293,wh3_dlc29_spell_undeath_razkhar_the_abyssal_swarm,ability_bindings,data/effect_semantics/source_exports/db/effect_bonus_value_unit_ability_junctions_tables/data__.tsv,3150,recharge_mod,ability,wh3_dlc29_spell_undeath_razkhar_the_abyssal_swarm
wh3_dlc29_tmb_liche_high_priest_undeath,wh3_dlc29_skill_node_set_tmb_liche_high_priest_undeath,wh3_dlc29_skill_node_tmb_high_liche_priest_undeath_magic_05,wh3_dlc29_skill_nag_magic_undeath_05_Razkhar_the_abyssal_swarm,2,wh3_dlc29_effect_ability_enable_razkhar_abyssal_swarm_upgraded,data/skill_trees/characters/tomb_kings/Liche_High_Priest_Undeath.csv,294,wh3_dlc29_spell_undeath_razkhar_the_abyssal_swarm,ability_bindings,data/effect_semantics/source_exports/db/effect_bonus_value_unit_ability_junctions_tables/data__.tsv,3709,enable_overchage,ability,wh3_dlc29_spell_undeath_razkhar_the_abyssal_swarm
wh3_dlc29_tmb_liche_high_priest_undeath,wh3_dlc29_skill_node_set_tmb_liche_high_priest_undeath,wh3_dlc29_skill_node_tmb_high_liche_priest_undeath_magic_05,wh3_dlc29_skill_nag_magic_undeath_05_Razkhar_the_abyssal_swarm,2,wh3_dlc29_effect_ability_enable_razkhar_abyssal_swarm_upgraded,data/skill_trees/characters/tomb_kings/Liche_High_Priest_Undeath.csv,294,wh3_dlc29_spell_undeath_razkhar_the_abyssal_swarm,ability_bindings,data/effect_semantics/source_exports/db/effect_bonus_value_unit_ability_junctions_tables/data__.tsv,3710,enable,ability,wh3_dlc29_spell_undeath_razkhar_the_abyssal_swarm
wh3_dlc29_tmb_liche_high_priest_undeath,wh3_dlc29_skill_node_set_tmb_liche_high_priest_undeath,wh3_dlc29_skill_node_tmb_high_liche_priest_undeath_magic_05,wh3_dlc29_skill_nag_magic_undeath_05_Razkhar_the_abyssal_swarm,2,wh3_dlc29_effect_ability_miscast_abyssal_swarm_upgraded,data/skill_trees/characters/tomb_kings/Liche_High_Priest_Undeath.csv,295,wh3_dlc29_spell_undeath_razkhar_the_abyssal_swarm_upgraded,ability_bindings,data/effect_semantics/source_exports/db/effect_bonus_value_unit_ability_junctions_tables/data__.tsv,3772,miscast_percentage_mod,ability,wh3_dlc29_spell_undeath_razkhar_the_abyssal_swarm_upgraded
wh3_dlc29_tmb_liche_high_priest_undeath,wh3_dlc29_skill_node_set_tmb_liche_high_priest_undeath,wh3_dlc29_skill_node_tmb_high_liche_priest_undeath_magic_05,wh3_dlc29_skill_nag_magic_undeath_05_Razkhar_the_abyssal_swarm,2,wh3_dlc29_effect_ability_wom_cost_abyssal_swarm,data/skill_trees/characters/tomb_kings/Liche_High_Priest_Undeath.csv,296,wh3_dlc29_spell_undeath_razkhar_the_abyssal_swarm,ability_bindings,data/effect_semantics/source_exports/db/effect_bonus_value_unit_ability_junctions_tables/data__.tsv,3845,cost_mod,ability,wh3_dlc29_spell_undeath_razkhar_the_abyssal_swarm
wh3_dlc29_tmb_liche_high_priest_undeath,wh3_dlc29_skill_node_set_tmb_liche_high_priest_undeath,wh3_dlc29_skill_node_tmb_high_liche_priest_undeath_magic_05,wh3_dlc29_skill_nag_magic_undeath_05_Razkhar_the_abyssal_swarm,2,wh3_dlc29_effect_ability_wom_cost_abyssal_swarm_upgraded,data/skill_trees/characters/tomb_kings/Liche_High_Priest_Undeath.csv,297,wh3_dlc29_spell_undeath_razkhar_the_abyssal_swarm_upgraded,ability_bindings,data/effect_semantics/source_exports/db/effect_bonus_value_unit_ability_junctions_tables/data__.tsv,3844,cost_mod,ability,wh3_dlc29_spell_undeath_razkhar_the_abyssal_swarm_upgraded
wh3_dlc29_tmb_liche_high_priest_undeath,wh3_dlc29_skill_node_set_tmb_liche_high_priest_undeath,wh3_dlc29_skill_node_tmb_high_liche_priest_undeath_magic_06,wh_main_skill_all_magic_all_06_evasion,1,wh_main_effect_ability_enable_evasion,data/skill_trees/characters/tomb_kings/Liche_High_Priest_Undeath.csv,328,wh_main_character_passive_evasion,ability_bindings,data/effect_semantics/source_exports/db/effect_bonus_value_unit_ability_junctions_tables/data__.tsv,5453,enable,ability,wh_main_character_passive_evasion
wh3_dlc29_tmb_liche_high_priest_undeath,wh3_dlc29_skill_node_set_tmb_liche_high_priest_undeath,wh3_dlc29_skill_node_tmb_high_liche_priest_undeath_magic_09,wh3_dlc29_skill_nag_magic_undeath_06_kandorak_the_harbinger,1,wh3_dlc29_effect_ability_cooldown_harbringer,data/skill_trees/characters/tomb_kings/Liche_High_Priest_Undeath.csv,352,wh3_dlc29_spell_undeath_kandorak_the_harbinger,ability_bindings,data/effect_semantics/source_exports/db/effect_bonus_value_unit_ability_junctions_tables/data__.tsv,3166,recharge_mod,ability,wh3_dlc29_spell_undeath_kandorak_the_harbinger
wh3_dlc29_tmb_liche_high_priest_undeath,wh3_dlc29_skill_node_set_tmb_liche_high_priest_undeath,wh3_dlc29_skill_node_tmb_high_liche_priest_undeath_magic_09,wh3_dlc29_skill_nag_magic_undeath_06_kandorak_the_harbinger,1,wh3_dlc29_effect_ability_enable_kandorak_harbringer,data/skill_trees/characters/tomb_kings/Liche_High_Priest_Undeath.csv,353,wh3_dlc29_spell_undeath_kandorak_the_harbinger,ability_bindings,data/effect_semantics/source_exports/db/effect_bonus_value_unit_ability_junctions_tables/data__.tsv,3660,enable,ability,wh3_dlc29_spell_undeath_kandorak_the_harbinger
wh3_dlc29_tmb_liche_high_priest_undeath,wh3_dlc29_skill_node_set_tmb_liche_high_priest_undeath,wh3_dlc29_skill_node_tmb_high_liche_priest_undeath_magic_09,wh3_dlc29_skill_nag_magic_undeath_06_kandorak_the_harbinger,2,wh3_dlc29_effect_ability_cooldown_harbringer,data/skill_trees/characters/tomb_kings/Liche_High_Priest_Undeath.csv,354,wh3_dlc29_spell_undeath_kandorak_the_harbinger,ability_bindings,data/effect_semantics/source_exports/db/effect_bonus_value_unit_ability_junctions_tables/data__.tsv,3166,recharge_mod,ability,wh3_dlc29_spell_undeath_kandorak_the_harbinger
wh3_dlc29_tmb_liche_high_priest_undeath,wh3_dlc29_skill_node_set_tmb_liche_high_priest_undeath,wh3_dlc29_skill_node_tmb_high_liche_priest_undeath_magic_09,wh3_dlc29_skill_nag_magic_undeath_06_kandorak_the_harbinger,2,wh3_dlc29_effect_ability_enable_kandorak_harbringer,data/skill_trees/characters/tomb_kings/Liche_High_Priest_Undeath.csv,355,wh3_dlc29_spell_undeath_kandorak_the_harbinger,ability_bindings,data/effect_semantics/source_exports/db/effect_bonus_value_unit_ability_junctions_tables/data__.tsv,3660,enable,ability,wh3_dlc29_spell_undeath_kandorak_the_harbinger
wh3_dlc29_tmb_liche_high_priest_undeath,wh3_dlc29_skill_node_set_tmb_liche_high_priest_undeath,wh3_dlc29_skill_node_tmb_high_liche_priest_undeath_magic_09,wh3_dlc29_skill_nag_magic_undeath_06_kandorak_the_harbinger,2,wh3_dlc29_effect_ability_wom_cost_harbringer,data/skill_trees/characters/tomb_kings/Liche_High_Priest_Undeath.csv,356,wh3_dlc29_spell_undeath_kandorak_the_harbinger,ability_bindings,data/effect_semantics/source_exports/db/effect_bonus_value_unit_ability_junctions_tables/data__.tsv,3858,cost_mod,ability,wh3_dlc29_spell_undeath_kandorak_the_harbinger
wh3_dlc29_tmb_liche_high_priest_undeath,wh3_dlc29_skill_node_set_tmb_liche_high_priest_undeath,wh3_dlc29_skill_node_tmb_liche_high_priest_innate_06,wh3_dlc29_skill_tmb_liche_high_priest_innate_short_slumbered,1,wh2_main_effect_battle_magic_all_cooldown_rate,data/skill_trees/characters/tomb_kings/Liche_High_Priest_Undeath.csv,387,wh2_dlc17_spell_wild_mantle_of_ghorok_upgraded,ability_bindings,data/effect_semantics/source_exports/db/effect_bonus_value_unit_ability_junctions_tables/data__.tsv,1608,recharge_mod,ability,wh2_dlc17_spell_wild_mantle_of_ghorok_upgraded
wh3_dlc29_tmb_liche_high_priest_undeath,wh3_dlc29_skill_node_set_tmb_liche_high_priest_undeath,wh3_dlc29_skill_node_tmb_liche_high_priest_innate_06,wh3_dlc29_skill_tmb_liche_high_priest_innate_short_slumbered,1,wh2_main_effect_battle_magic_all_cooldown_rate,data/skill_trees/characters/tomb_kings/Liche_High_Priest_Undeath.csv,387,wh_dlc03_spell_wild_mantle_of_ghorok,ability_bindings,data/effect_semantics/source_exports/db/effect_bonus_value_unit_ability_junctions_tables/data__.tsv,1609,recharge_mod,ability,wh_dlc03_spell_wild_mantle_of_ghorok
wh3_dlc29_tmb_liche_high_priest_undeath,wh3_dlc29_skill_node_set_tmb_liche_high_priest_undeath,wh3_dlc29_skill_node_tmb_high_liche_priest_undeath_magic_10,wh3_dlc29_skill_nag_magic_undeath_07_akararan_the_dark_riders,1,wh3_dlc29_effect_ability_cooldown_dark_raiders,data/skill_trees/characters/tomb_kings/Liche_High_Priest_Undeath.csv,390,wh3_dlc29_spell_undeath_akararan_the_dark_riders,ability_bindings,data/effect_semantics/source_exports/db/effect_bonus_value_unit_ability_junctions_tables/data__.tsv,3158,recharge_mod,ability,wh3_dlc29_spell_undeath_akararan_the_dark_riders
wh3_dlc29_tmb_liche_high_priest_undeath,wh3_dlc29_skill_node_set_tmb_liche_high_priest_undeath,wh3_dlc29_skill_node_tmb_high_liche_priest_undeath_magic_10,wh3_dlc29_skill_nag_magic_undeath_07_akararan_the_dark_riders,1,wh3_dlc29_effect_ability_enable_akararan_dark_raiders,data/skill_trees/characters/tomb_kings/Liche_High_Priest_Undeath.csv,391,wh3_dlc29_spell_undeath_akararan_the_dark_riders,ability_bindings,data/effect_semantics/source_exports/db/effect_bonus_value_unit_ability_junctions_tables/data__.tsv,3580,enable,ability,wh3_dlc29_spell_undeath_akararan_the_dark_riders
wh3_dlc29_tmb_liche_high_priest_undeath,wh3_dlc29_skill_node_set_tmb_liche_high_priest_undeath,wh3_dlc29_skill_node_tmb_high_liche_priest_undeath_magic_10,wh3_dlc29_skill_nag_magic_undeath_07_akararan_the_dark_riders,1,wh3_dlc29_effect_ability_enable_akararan_dark_raiders_upgraded,data/skill_trees/characters/tomb_kings/Liche_High_Priest_Undeath.csv,392,wh3_dlc29_spell_undeath_akararan_the_dark_riders,ability_bindings,data/effect_semantics/source_exports/db/effect_bonus_value_unit_ability_junctions_tables/data__.tsv,3578,enable_overchage,ability,wh3_dlc29_spell_undeath_akararan_the_dark_riders
wh3_dlc29_tmb_liche_high_priest_undeath,wh3_dlc29_skill_node_set_tmb_liche_high_priest_undeath,wh3_dlc29_skill_node_tmb_high_liche_priest_undeath_magic_10,wh3_dlc29_skill_nag_magic_undeath_07_akararan_the_dark_riders,1,wh3_dlc29_effect_ability_enable_akararan_dark_raiders_upgraded,data/skill_trees/characters/tomb_kings/Liche_High_Priest_Undeath.csv,392,wh3_dlc29_spell_undeath_akararan_the_dark_riders,ability_bindings,data/effect_semantics/source_exports/db/effect_bonus_value_unit_ability_junctions_tables/data__.tsv,3579,enable,ability,wh3_dlc29_spell_undeath_akararan_the_dark_riders
wh3_dlc29_tmb_liche_high_priest_undeath,wh3_dlc29_skill_node_set_tmb_liche_high_priest_undeath,wh3_dlc29_skill_node_tmb_high_liche_priest_undeath_magic_10,wh3_dlc29_skill_nag_magic_undeath_07_akararan_the_dark_riders,2,wh3_dlc29_effect_ability_cooldown_dark_raiders,data/skill_trees/characters/tomb_kings/Liche_High_Priest_Undeath.csv,393,wh3_dlc29_spell_undeath_akararan_the_dark_riders,ability_bindings,data/effect_semantics/source_exports/db/effect_bonus_value_unit_ability_junctions_tables/data__.tsv,3158,recharge_mod,ability,wh3_dlc29_spell_undeath_akararan_the_dark_riders
wh3_dlc29_tmb_liche_high_priest_undeath,wh3_dlc29_skill_node_set_tmb_liche_high_priest_undeath,wh3_dlc29_skill_node_tmb_high_liche_priest_undeath_magic_10,wh3_dlc29_skill_nag_magic_undeath_07_akararan_the_dark_riders,2,wh3_dlc29_effect_ability_enable_akararan_dark_raiders_upgraded,data/skill_trees/characters/tomb_kings/Liche_High_Priest_Undeath.csv,394,wh3_dlc29_spell_undeath_akararan_the_dark_riders,ability_bindings,data/effect_semantics/source_exports/db/effect_bonus_value_unit_ability_junctions_tables/data__.tsv,3578,enable_overchage,ability,wh3_dlc29_spell_undeath_akararan_the_dark_riders
wh3_dlc29_tmb_liche_high_priest_undeath,wh3_dlc29_skill_node_set_tmb_liche_high_priest_undeath,wh3_dlc29_skill_node_tmb_high_liche_priest_undeath_magic_10,wh3_dlc29_skill_nag_magic_undeath_07_akararan_the_dark_riders,2,wh3_dlc29_effect_ability_enable_akararan_dark_raiders_upgraded,data/skill_trees/characters/tomb_kings/Liche_High_Priest_Undeath.csv,394,wh3_dlc29_spell_undeath_akararan_the_dark_riders,ability_bindings,data/effect_semantics/source_exports/db/effect_bonus_value_unit_ability_junctions_tables/data__.tsv,3579,enable,ability,wh3_dlc29_spell_undeath_akararan_the_dark_riders
wh3_dlc29_tmb_liche_high_priest_undeath,wh3_dlc29_skill_node_set_tmb_liche_high_priest_undeath,wh3_dlc29_skill_node_tmb_high_liche_priest_undeath_magic_10,wh3_dlc29_skill_nag_magic_undeath_07_akararan_the_dark_riders,2,wh3_dlc29_effect_ability_miscast_dark_raiders_upgraded,data/skill_trees/characters/tomb_kings/Liche_High_Priest_Undeath.csv,395,wh3_dlc29_spell_undeath_akararan_the_dark_riders_upgraded,ability_bindings,data/effect_semantics/source_exports/db/effect_bonus_value_unit_ability_junctions_tables/data__.tsv,3774,miscast_percentage_mod,ability,wh3_dlc29_spell_undeath_akararan_the_dark_riders_upgraded
wh3_dlc29_tmb_liche_high_priest_undeath,wh3_dlc29_skill_node_set_tmb_liche_high_priest_undeath,wh3_dlc29_skill_node_tmb_high_liche_priest_undeath_magic_10,wh3_dlc29_skill_nag_magic_undeath_07_akararan_the_dark_riders,2,wh3_dlc29_effect_ability_wom_cost_dark_raiders,data/skill_trees/characters/tomb_kings/Liche_High_Priest_Undeath.csv,396,wh3_dlc29_spell_undeath_akararan_the_dark_riders,ability_bindings,data/effect_semantics/source_exports/db/effect_bonus_value_unit_ability_junctions_tables/data__.tsv,3851,cost_mod,ability,wh3_dlc29_spell_undeath_akararan_the_dark_riders
wh3_dlc29_tmb_liche_high_priest_undeath,wh3_dlc29_skill_node_set_tmb_liche_high_priest_undeath,wh3_dlc29_skill_node_tmb_high_liche_priest_undeath_magic_10,wh3_dlc29_skill_nag_magic_undeath_07_akararan_the_dark_riders,2,wh3_dlc29_effect_ability_wom_cost_dark_raiders_upgraded,data/skill_trees/characters/tomb_kings/Liche_High_Priest_Undeath.csv,397,wh3_dlc29_spell_undeath_akararan_the_dark_riders_upgraded,ability_bindings,data/effect_semantics/source_exports/db/effect_bonus_value_unit_ability_junctions_tables/data__.tsv,3850,cost_mod,ability,wh3_dlc29_spell_undeath_akararan_the_dark_riders_upgraded
wh3_dlc29_tmb_liche_high_priest_undeath,wh3_dlc29_skill_node_set_tmb_liche_high_priest_undeath,wh3_dlc29_skill_tmb_high_liche_priest_undeath_army_08,wh2_dlc09_skill_tmb_lord_rally,1,wh2_dlc09_effect_ability_enable_reanimate,data/skill_trees/characters/tomb_kings/Liche_High_Priest_Undeath.csv,399,wh2_dlc09_character_abilities_tomb_king_rally,ability_bindings,data/effect_semantics/source_exports/db/effect_bonus_value_unit_ability_junctions_tables/data__.tsv,45,enable,ability,wh2_dlc09_character_abilities_tomb_king_rally
wh3_dlc29_tmb_liche_high_priest_undeath,wh3_dlc29_skill_node_set_tmb_liche_high_priest_undeath,wh3_dlc29_skill_node_tmb_liche_high_priest_innate_07,wh3_dlc29_skill_tmb_liche_high_priest_nehekhara_innate_ephemeral,1,wh3_main_effect_spell_targeting_range_all,data/skill_trees/characters/tomb_kings/Liche_High_Priest_Undeath.csv,413,,ability_group_bindings,data/effect_semantics/source_exports/db/effect_bonus_value_special_ability_group_junctions_tables/data__.tsv,318,target_intercept_range_mod,ability_group,wh2_dlc09_lore_nehekhara
wh3_dlc29_tmb_liche_high_priest_undeath,wh3_dlc29_skill_node_set_tmb_liche_high_priest_undeath,wh3_dlc29_skill_node_tmb_liche_high_priest_innate_07,wh3_dlc29_skill_tmb_liche_high_priest_nehekhara_innate_ephemeral,1,wh3_main_effect_spell_targeting_range_all,data/skill_trees/characters/tomb_kings/Liche_High_Priest_Undeath.csv,413,,ability_group_bindings,data/effect_semantics/source_exports/db/effect_bonus_value_special_ability_group_junctions_tables/data__.tsv,319,target_intercept_range_mod,ability_group,wh2_dlc09_lore_nehekhara_upgraded
wh3_dlc29_tmb_liche_high_priest_undeath,wh3_dlc29_skill_node_set_tmb_liche_high_priest_undeath,wh3_dlc29_skill_node_tmb_liche_high_priest_innate_07,wh3_dlc29_skill_tmb_liche_high_priest_nehekhara_innate_ephemeral,1,wh3_main_effect_spell_targeting_range_all,data/skill_trees/characters/tomb_kings/Liche_High_Priest_Undeath.csv,413,,ability_group_bindings,data/effect_semantics/source_exports/db/effect_bonus_value_special_ability_group_junctions_tables/data__.tsv,320,target_intercept_range_mod,ability_group,wh2_dlc11_lore_deep
wh3_dlc29_tmb_liche_high_priest_undeath,wh3_dlc29_skill_node_set_tmb_liche_high_priest_undeath,wh3_dlc29_skill_node_tmb_liche_high_priest_innate_07,wh3_dlc29_skill_tmb_liche_high_priest_nehekhara_innate_ephemeral,1,wh3_main_effect_spell_targeting_range_all,data/skill_trees/characters/tomb_kings/Liche_High_Priest_Undeath.csv,413,,ability_group_bindings,data/effect_semantics/source_exports/db/effect_bonus_value_special_ability_group_junctions_tables/data__.tsv,321,target_intercept_range_mod,ability_group,wh2_dlc11_lore_deep_upgraded
wh3_dlc29_tmb_liche_high_priest_undeath,wh3_dlc29_skill_node_set_tmb_liche_high_priest_undeath,wh3_dlc29_skill_node_tmb_liche_high_priest_innate_07,wh3_dlc29_skill_tmb_liche_high_priest_nehekhara_innate_ephemeral,1,wh3_main_effect_spell_targeting_range_all,data/skill_trees/characters/tomb_kings/Liche_High_Priest_Undeath.csv,413,,ability_group_bindings,data/effect_semantics/source_exports/db/effect_bonus_value_special_ability_group_junctions_tables/data__.tsv,322,target_intercept_range_mod,ability_group,wh2_dlc12_lore_lord_kroak
wh3_dlc29_tmb_liche_high_priest_undeath,wh3_dlc29_skill_node_set_tmb_liche_high_priest_undeath,wh3_dlc29_skill_node_tmb_liche_high_priest_innate_07,wh3_dlc29_skill_tmb_liche_high_priest_nehekhara_innate_ephemeral,1,wh3_main_effect_spell_targeting_range_all,data/skill_trees/characters/tomb_kings/Liche_High_Priest_Undeath.csv,413,,ability_group_bindings,data/effect_semantics/source_exports/db/effect_bonus_value_special_ability_group_junctions_tables/data__.tsv,323,target_intercept_range_mod,ability_group,wh2_dlc14_lore_stealth
wh3_dlc29_tmb_liche_high_priest_undeath,wh3_dlc29_skill_node_set_tmb_liche_high_priest_undeath,wh3_dlc29_skill_node_tmb_liche_high_priest_innate_07,wh3_dlc29_skill_tmb_liche_high_priest_nehekhara_innate_ephemeral,1,wh3_main_effect_spell_targeting_range_all,data/skill_trees/characters/tomb_kings/Liche_High_Priest_Undeath.csv,413,,ability_group_bindings,data/effect_semantics/source_exports/db/effect_bonus_value_special_ability_group_junctions_tables/data__.tsv,324,target_intercept_range_mod,ability_group,wh2_dlc14_lore_stealth_upgraded
wh3_dlc29_tmb_liche_high_priest_undeath,wh3_dlc29_skill_node_set_tmb_liche_high_priest_undeath,wh3_dlc29_skill_node_tmb_liche_high_priest_innate_07,wh3_dlc29_skill_tmb_liche_high_priest_nehekhara_innate_ephemeral,1,wh3_main_effect_spell_targeting_range_all,data/skill_trees/characters/tomb_kings/Liche_High_Priest_Undeath.csv,413,,ability_group_bindings,data/effect_semantics/source_exports/db/effect_bonus_value_special_ability_group_junctions_tables/data__.tsv,325,target_intercept_range_mod,ability_group,wh2_main_lore_dark_magic
wh3_dlc29_tmb_liche_high_priest_undeath,wh3_dlc29_skill_node_set_tmb_liche_high_priest_undeath,wh3_dlc29_skill_node_tmb_liche_high_priest_innate_07,wh3_dlc29_skill_tmb_liche_high_priest_nehekhara_innate_ephemeral,1,wh3_main_effect_spell_targeting_range_all,data/skill_trees/characters/tomb_kings/Liche_High_Priest_Undeath.csv,413,,ability_group_bindings,data/effect_semantics/source_exports/db/effect_bonus_value_special_ability_group_junctions_tables/data__.tsv,326,target_intercept_range_mod,ability_group,wh2_main_lore_dark_magic_upgraded
wh3_dlc29_tmb_liche_high_priest_undeath,wh3_dlc29_skill_node_set_tmb_liche_high_priest_undeath,wh3_dlc29_skill_node_tmb_liche_high_priest_innate_07,wh3_dlc29_skill_tmb_liche_high_priest_nehekhara_innate_ephemeral,1,wh3_main_effect_spell_targeting_range_all,data/skill_trees/characters/tomb_kings/Liche_High_Priest_Undeath.csv,413,,ability_group_bindings,data/effect_semantics/source_exports/db/effect_bonus_value_special_ability_group_junctions_tables/data__.tsv,327,target_intercept_range_mod,ability_group,wh2_main_lore_high_magic
wh3_dlc29_tmb_liche_high_priest_undeath,wh3_dlc29_skill_node_set_tmb_liche_high_priest_undeath,wh3_dlc29_skill_node_tmb_liche_high_priest_innate_07,wh3_dlc29_skill_tmb_liche_high_priest_nehekhara_innate_ephemeral,1,wh3_main_effect_spell_targeting_range_all,data/skill_trees/characters/tomb_kings/Liche_High_Priest_Undeath.csv,413,,ability_group_bindings,data/effect_semantics/source_exports/db/effect_bonus_value_special_ability_group_junctions_tables/data__.tsv,328,target_intercept_range_mod,ability_group,wh2_main_lore_high_magic_upgraded
wh3_dlc29_tmb_liche_high_priest_undeath,wh3_dlc29_skill_node_set_tmb_liche_high_priest_undeath,wh3_dlc29_skill_node_tmb_liche_high_priest_innate_07,wh3_dlc29_skill_tmb_liche_high_priest_nehekhara_innate_ephemeral,1,wh3_main_effect_spell_targeting_range_all,data/skill_trees/characters/tomb_kings/Liche_High_Priest_Undeath.csv,413,,ability_group_bindings,data/effect_semantics/source_exports/db/effect_bonus_value_special_ability_group_junctions_tables/data__.tsv,329,target_intercept_range_mod,ability_group,wh2_main_lore_plague
wh3_dlc29_tmb_liche_high_priest_undeath,wh3_dlc29_skill_node_set_tmb_liche_high_priest_undeath,wh3_dlc29_skill_node_tmb_liche_high_priest_innate_07,wh3_dlc29_skill_tmb_liche_high_priest_nehekhara_innate_ephemeral,1,wh3_main_effect_spell_targeting_range_all,data/skill_trees/characters/tomb_kings/Liche_High_Priest_Undeath.csv,413,,ability_group_bindings,data/effect_semantics/source_exports/db/effect_bonus_value_special_ability_group_junctions_tables/data__.tsv,330,target_intercept_range_mod,ability_group,wh2_main_lore_plague_upgraded
wh3_dlc29_tmb_liche_high_priest_undeath,wh3_dlc29_skill_node_set_tmb_liche_high_priest_undeath,wh3_dlc29_skill_node_tmb_liche_high_priest_innate_07,wh3_dlc29_skill_tmb_liche_high_priest_nehekhara_innate_ephemeral,1,wh3_main_effect_spell_targeting_range_all,data/skill_trees/characters/tomb_kings/Liche_High_Priest_Undeath.csv,413,,ability_group_bindings,data/effect_semantics/source_exports/db/effect_bonus_value_special_ability_group_junctions_tables/data__.tsv,331,target_intercept_range_mod,ability_group,wh2_main_lore_ruin
wh3_dlc29_tmb_liche_high_priest_undeath,wh3_dlc29_skill_node_set_tmb_liche_high_priest_undeath,wh3_dlc29_skill_node_tmb_liche_high_priest_innate_07,wh3_dlc29_skill_tmb_liche_high_priest_nehekhara_innate_ephemeral,1,wh3_main_effect_spell_targeting_range_all,data/skill_trees/characters/tomb_kings/Liche_High_Priest_Undeath.csv,413,,ability_group_bindings,data/effect_semantics/source_exports/db/effect_bonus_value_special_ability_group_junctions_tables/data__.tsv,332,target_intercept_range_mod,ability_group,wh2_main_lore_ruin_upgraded
wh3_dlc29_tmb_liche_high_priest_undeath,wh3_dlc29_skill_node_set_tmb_liche_high_priest_undeath,wh3_dlc29_skill_node_tmb_liche_high_priest_innate_07,wh3_dlc29_skill_tmb_liche_high_priest_nehekhara_innate_ephemeral,1,wh3_main_effect_spell_targeting_range_all,data/skill_trees/characters/tomb_kings/Liche_High_Priest_Undeath.csv,413,,ability_group_bindings,data/effect_semantics/source_exports/db/effect_bonus_value_special_ability_group_junctions_tables/data__.tsv,333,target_intercept_range_mod,ability_group,wh3_dlc23_lore_hashut
wh3_dlc29_tmb_liche_high_priest_undeath,wh3_dlc29_skill_node_set_tmb_liche_high_priest_undeath,wh3_dlc29_skill_node_tmb_liche_high_priest_innate_07,wh3_dlc29_skill_tmb_liche_high_priest_nehekhara_innate_ephemeral,1,wh3_main_effect_spell_targeting_range_all,data/skill_trees/characters/tomb_kings/Liche_High_Priest_Undeath.csv,413,,ability_group_bindings,data/effect_semantics/source_exports/db/effect_bonus_value_special_ability_group_junctions_tables/data__.tsv,334,target_intercept_range_mod,ability_group,wh3_dlc23_lore_hashut_upgraded
wh3_dlc29_tmb_liche_high_priest_undeath,wh3_dlc29_skill_node_set_tmb_liche_high_priest_undeath,wh3_dlc29_skill_node_tmb_liche_high_priest_innate_07,wh3_dlc29_skill_tmb_liche_high_priest_nehekhara_innate_ephemeral,1,wh3_main_effect_spell_targeting_range_all,data/skill_trees/characters/tomb_kings/Liche_High_Priest_Undeath.csv,413,,ability_group_bindings,data/effect_semantics/source_exports/db/effect_bonus_value_special_ability_group_junctions_tables/data__.tsv,335,target_intercept_range_mod,ability_group,wh3_dlc24_lore_hag
wh3_dlc29_tmb_liche_high_priest_undeath,wh3_dlc29_skill_node_set_tmb_liche_high_priest_undeath,wh3_dlc29_skill_node_tmb_liche_high_priest_innate_07,wh3_dlc29_skill_tmb_liche_high_priest_nehekhara_innate_ephemeral,1,wh3_main_effect_spell_targeting_range_all,data/skill_trees/characters/tomb_kings/Liche_High_Priest_Undeath.csv,413,,ability_group_bindings,data/effect_semantics/source_exports/db/effect_bonus_value_special_ability_group_junctions_tables/data__.tsv,336,target_intercept_range_mod,ability_group,wh3_dlc24_lore_hag_upgraded
wh3_dlc29_tmb_liche_high_priest_undeath,wh3_dlc29_skill_node_set_tmb_liche_high_priest_undeath,wh3_dlc29_skill_node_tmb_liche_high_priest_innate_07,wh3_dlc29_skill_tmb_liche_high_priest_nehekhara_innate_ephemeral,1,wh3_main_effect_spell_targeting_range_all,data/skill_trees/characters/tomb_kings/Liche_High_Priest_Undeath.csv,413,,ability_group_bindings,data/effect_semantics/source_exports/db/effect_bonus_value_special_ability_group_junctions_tables/data__.tsv,337,target_intercept_range_mod,ability_group,wh3_dlc27_lore_mists
wh3_dlc29_tmb_liche_high_priest_undeath,wh3_dlc29_skill_node_set_tmb_liche_high_priest_undeath,wh3_dlc29_skill_node_tmb_liche_high_priest_innate_07,wh3_dlc29_skill_tmb_liche_high_priest_nehekhara_innate_ephemeral,1,wh3_main_effect_spell_targeting_range_all,data/skill_trees/characters/tomb_kings/Liche_High_Priest_Undeath.csv,413,,ability_group_bindings,data/effect_semantics/source_exports/db/effect_bonus_value_special_ability_group_junctions_tables/data__.tsv,338,target_intercept_range_mod,ability_group,wh3_dlc27_lore_mists_upgraded
wh3_dlc29_tmb_liche_high_priest_undeath,wh3_dlc29_skill_node_set_tmb_liche_high_priest_undeath,wh3_dlc29_skill_node_tmb_liche_high_priest_innate_07,wh3_dlc29_skill_tmb_liche_high_priest_nehekhara_innate_ephemeral,1,wh3_main_effect_spell_targeting_range_all,data/skill_trees/characters/tomb_kings/Liche_High_Priest_Undeath.csv,413,,ability_group_bindings,data/effect_semantics/source_exports/db/effect_bonus_value_special_ability_group_junctions_tables/data__.tsv,339,target_intercept_range_mod,ability_group,wh3_main_lore_nurgle
wh3_dlc29_tmb_liche_high_priest_undeath,wh3_dlc29_skill_node_set_tmb_liche_high_priest_undeath,wh3_dlc29_skill_node_tmb_liche_high_priest_innate_07,wh3_dlc29_skill_tmb_liche_high_priest_nehekhara_innate_ephemeral,1,wh3_main_effect_spell_targeting_range_all,data/skill_trees/characters/tomb_kings/Liche_High_Priest_Undeath.csv,413,,ability_group_bindings,data/effect_semantics/source_exports/db/effect_bonus_value_special_ability_group_junctions_tables/data__.tsv,340,target_intercept_range_mod,ability_group,wh3_main_lore_nurgle_upgraded
wh3_dlc29_tmb_liche_high_priest_undeath,wh3_dlc29_skill_node_set_tmb_liche_high_priest_undeath,wh3_dlc29_skill_node_tmb_liche_high_priest_innate_07,wh3_dlc29_skill_tmb_liche_high_priest_nehekhara_innate_ephemeral,1,wh3_main_effect_spell_targeting_range_all,data/skill_trees/characters/tomb_kings/Liche_High_Priest_Undeath.csv,413,,ability_group_bindings,data/effect_semantics/source_exports/db/effect_bonus_value_special_ability_group_junctions_tables/data__.tsv,341,target_intercept_range_mod,ability_group,wh3_main_lore_of_great_maw
wh3_dlc29_tmb_liche_high_priest_undeath,wh3_dlc29_skill_node_set_tmb_liche_high_priest_undeath,wh3_dlc29_skill_node_tmb_liche_high_priest_innate_07,wh3_dlc29_skill_tmb_liche_high_priest_nehekhara_innate_ephemeral,1,wh3_main_effect_spell_targeting_range_all,data/skill_trees/characters/tomb_kings/Liche_High_Priest_Undeath.csv,413,,ability_group_bindings,data/effect_semantics/source_exports/db/effect_bonus_value_special_ability_group_junctions_tables/data__.tsv,342,target_intercept_range_mod,ability_group,wh3_main_lore_of_great_maw_upgraded
wh3_dlc29_tmb_liche_high_priest_undeath,wh3_dlc29_skill_node_set_tmb_liche_high_priest_undeath,wh3_dlc29_skill_node_tmb_liche_high_priest_innate_07,wh3_dlc29_skill_tmb_liche_high_priest_nehekhara_innate_ephemeral,1,wh3_main_effect_spell_targeting_range_all,data/skill_trees/characters/tomb_kings/Liche_High_Priest_Undeath.csv,413,,ability_group_bindings,data/effect_semantics/source_exports/db/effect_bonus_value_special_ability_group_junctions_tables/data__.tsv,343,target_intercept_range_mod,ability_group,wh3_main_lore_of_ice
wh3_dlc29_tmb_liche_high_priest_undeath,wh3_dlc29_skill_node_set_tmb_liche_high_priest_undeath,wh3_dlc29_skill_node_tmb_liche_high_priest_innate_07,wh3_dlc29_skill_tmb_liche_high_priest_nehekhara_innate_ephemeral,1,wh3_main_effect_spell_targeting_range_all,data/skill_trees/characters/tomb_kings/Liche_High_Priest_Undeath.csv,413,,ability_group_bindings,data/effect_semantics/source_exports/db/effect_bonus_value_special_ability_group_junctions_tables/data__.tsv,344,target_intercept_range_mod,ability_group,wh3_main_lore_of_ice_upgraded
wh3_dlc29_tmb_liche_high_priest_undeath,wh3_dlc29_skill_node_set_tmb_liche_high_priest_undeath,wh3_dlc29_skill_node_tmb_liche_high_priest_innate_07,wh3_dlc29_skill_tmb_liche_high_priest_nehekhara_innate_ephemeral,1,wh3_main_effect_spell_targeting_range_all,data/skill_trees/characters/tomb_kings/Liche_High_Priest_Undeath.csv,413,,ability_group_bindings,data/effect_semantics/source_exports/db/effect_bonus_value_special_ability_group_junctions_tables/data__.tsv,345,target_intercept_range_mod,ability_group,wh3_main_lore_of_tempest
wh3_dlc29_tmb_liche_high_priest_undeath,wh3_dlc29_skill_node_set_tmb_liche_high_priest_undeath,wh3_dlc29_skill_node_tmb_liche_high_priest_innate_07,wh3_dlc29_skill_tmb_liche_high_priest_nehekhara_innate_ephemeral,1,wh3_main_effect_spell_targeting_range_all,data/skill_trees/characters/tomb_kings/Liche_High_Priest_Undeath.csv,413,,ability_group_bindings,data/effect_semantics/source_exports/db/effect_bonus_value_special_ability_group_junctions_tables/data__.tsv,346,target_intercept_range_mod,ability_group,wh3_main_lore_of_tempest_upgraded
wh3_dlc29_tmb_liche_high_priest_undeath,wh3_dlc29_skill_node_set_tmb_liche_high_priest_undeath,wh3_dlc29_skill_node_tmb_liche_high_priest_innate_07,wh3_dlc29_skill_tmb_liche_high_priest_nehekhara_innate_ephemeral,1,wh3_main_effect_spell_targeting_range_all,data/skill_trees/characters/tomb_kings/Liche_High_Priest_Undeath.csv,413,,ability_group_bindings,data/effect_semantics/source_exports/db/effect_bonus_value_special_ability_group_junctions_tables/data__.tsv,347,target_intercept_range_mod,ability_group,wh3_main_lore_of_yang
wh3_dlc29_tmb_liche_high_priest_undeath,wh3_dlc29_skill_node_set_tmb_liche_high_priest_undeath,wh3_dlc29_skill_node_tmb_liche_high_priest_innate_07,wh3_dlc29_skill_tmb_liche_high_priest_nehekhara_innate_ephemeral,1,wh3_main_effect_spell_targeting_range_all,data/skill_trees/characters/tomb_kings/Liche_High_Priest_Undeath.csv,413,,ability_group_bindings,data/effect_semantics/source_exports/db/effect_bonus_value_special_ability_group_junctions_tables/data__.tsv,348,target_intercept_range_mod,ability_group,wh3_main_lore_of_yang_upgraded
wh3_dlc29_tmb_liche_high_priest_undeath,wh3_dlc29_skill_node_set_tmb_liche_high_priest_undeath,wh3_dlc29_skill_node_tmb_liche_high_priest_innate_07,wh3_dlc29_skill_tmb_liche_high_priest_nehekhara_innate_ephemeral,1,wh3_main_effect_spell_targeting_range_all,data/skill_trees/characters/tomb_kings/Liche_High_Priest_Undeath.csv,413,,ability_group_bindings,data/effect_semantics/source_exports/db/effect_bonus_value_special_ability_group_junctions_tables/data__.tsv,349,target_intercept_range_mod,ability_group,wh3_main_lore_of_yin
wh3_dlc29_tmb_liche_high_priest_undeath,wh3_dlc29_skill_node_set_tmb_liche_high_priest_undeath,wh3_dlc29_skill_node_tmb_liche_high_priest_innate_07,wh3_dlc29_skill_tmb_liche_high_priest_nehekhara_innate_ephemeral,1,wh3_main_effect_spell_targeting_range_all,data/skill_trees/characters/tomb_kings/Liche_High_Priest_Undeath.csv,413,,ability_group_bindings,data/effect_semantics/source_exports/db/effect_bonus_value_special_ability_group_junctions_tables/data__.tsv,350,target_intercept_range_mod,ability_group,wh3_main_lore_of_yin_upgraded
wh3_dlc29_tmb_liche_high_priest_undeath,wh3_dlc29_skill_node_set_tmb_liche_high_priest_undeath,wh3_dlc29_skill_node_tmb_liche_high_priest_innate_07,wh3_dlc29_skill_tmb_liche_high_priest_nehekhara_innate_ephemeral,1,wh3_main_effect_spell_targeting_range_all,data/skill_trees/characters/tomb_kings/Liche_High_Priest_Undeath.csv,413,,ability_group_bindings,data/effect_semantics/source_exports/db/effect_bonus_value_special_ability_group_junctions_tables/data__.tsv,351,target_intercept_range_mod,ability_group,wh3_main_lore_slaanesh
wh3_dlc29_tmb_liche_high_priest_undeath,wh3_dlc29_skill_node_set_tmb_liche_high_priest_undeath,wh3_dlc29_skill_node_tmb_liche_high_priest_innate_07,wh3_dlc29_skill_tmb_liche_high_priest_nehekhara_innate_ephemeral,1,wh3_main_effect_spell_targeting_range_all,data/skill_trees/characters/tomb_kings/Liche_High_Priest_Undeath.csv,413,,ability_group_bindings,data/effect_semantics/source_exports/db/effect_bonus_value_special_ability_group_junctions_tables/data__.tsv,352,target_intercept_range_mod,ability_group,wh3_main_lore_slaanesh_upgraded
wh3_dlc29_tmb_liche_high_priest_undeath,wh3_dlc29_skill_node_set_tmb_liche_high_priest_undeath,wh3_dlc29_skill_node_tmb_liche_high_priest_innate_07,wh3_dlc29_skill_tmb_liche_high_priest_nehekhara_innate_ephemeral,1,wh3_main_effect_spell_targeting_range_all,data/skill_trees/characters/tomb_kings/Liche_High_Priest_Undeath.csv,413,,ability_group_bindings,data/effect_semantics/source_exports/db/effect_bonus_value_special_ability_group_junctions_tables/data__.tsv,353,target_intercept_range_mod,ability_group,wh3_main_lore_tzeentch
wh3_dlc29_tmb_liche_high_priest_undeath,wh3_dlc29_skill_node_set_tmb_liche_high_priest_undeath,wh3_dlc29_skill_node_tmb_liche_high_priest_innate_07,wh3_dlc29_skill_tmb_liche_high_priest_nehekhara_innate_ephemeral,1,wh3_main_effect_spell_targeting_range_all,data/skill_trees/characters/tomb_kings/Liche_High_Priest_Undeath.csv,413,,ability_group_bindings,data/effect_semantics/source_exports/db/effect_bonus_value_special_ability_group_junctions_tables/data__.tsv,354,target_intercept_range_mod,ability_group,wh3_main_lore_tzeentch_upgraded
wh3_dlc29_tmb_liche_high_priest_undeath,wh3_dlc29_skill_node_set_tmb_liche_high_priest_undeath,wh3_dlc29_skill_node_tmb_liche_high_priest_innate_07,wh3_dlc29_skill_tmb_liche_high_priest_nehekhara_innate_ephemeral,1,wh3_main_effect_spell_targeting_range_all,data/skill_trees/characters/tomb_kings/Liche_High_Priest_Undeath.csv,413,,ability_group_bindings,data/effect_semantics/source_exports/db/effect_bonus_value_special_ability_group_junctions_tables/data__.tsv,355,target_intercept_range_mod,ability_group,wh_dlc03_lore_beasts
wh3_dlc29_tmb_liche_high_priest_undeath,wh3_dlc29_skill_node_set_tmb_liche_high_priest_undeath,wh3_dlc29_skill_node_tmb_liche_high_priest_innate_07,wh3_dlc29_skill_tmb_liche_high_priest_nehekhara_innate_ephemeral,1,wh3_main_effect_spell_targeting_range_all,data/skill_trees/characters/tomb_kings/Liche_High_Priest_Undeath.csv,413,,ability_group_bindings,data/effect_semantics/source_exports/db/effect_bonus_value_special_ability_group_junctions_tables/data__.tsv,356,target_intercept_range_mod,ability_group,wh_dlc03_lore_beasts_upgraded
wh3_dlc29_tmb_liche_high_priest_undeath,wh3_dlc29_skill_node_set_tmb_liche_high_priest_undeath,wh3_dlc29_skill_node_tmb_liche_high_priest_innate_07,wh3_dlc29_skill_tmb_liche_high_priest_nehekhara_innate_ephemeral,1,wh3_main_effect_spell_targeting_range_all,data/skill_trees/characters/tomb_kings/Liche_High_Priest_Undeath.csv,413,,ability_group_bindings,data/effect_semantics/source_exports/db/effect_bonus_value_special_ability_group_junctions_tables/data__.tsv,357,target_intercept_range_mod,ability_group,wh_dlc03_lore_wild
wh3_dlc29_tmb_liche_high_priest_undeath,wh3_dlc29_skill_node_set_tmb_liche_high_priest_undeath,wh3_dlc29_skill_node_tmb_liche_high_priest_innate_07,wh3_dlc29_skill_tmb_liche_high_priest_nehekhara_innate_ephemeral,1,wh3_main_effect_spell_targeting_range_all,data/skill_trees/characters/tomb_kings/Liche_High_Priest_Undeath.csv,413,,ability_group_bindings,data/effect_semantics/source_exports/db/effect_bonus_value_special_ability_group_junctions_tables/data__.tsv,358,target_intercept_range_mod,ability_group,wh_dlc03_lore_wild_upgraded
wh3_dlc29_tmb_liche_high_priest_undeath,wh3_dlc29_skill_node_set_tmb_liche_high_priest_undeath,wh3_dlc29_skill_node_tmb_liche_high_priest_innate_07,wh3_dlc29_skill_tmb_liche_high_priest_nehekhara_innate_ephemeral,1,wh3_main_effect_spell_targeting_range_all,data/skill_trees/characters/tomb_kings/Liche_High_Priest_Undeath.csv,413,,ability_group_bindings,data/effect_semantics/source_exports/db/effect_bonus_value_special_ability_group_junctions_tables/data__.tsv,359,target_intercept_range_mod,ability_group,wh_dlc05_lore_life
wh3_dlc29_tmb_liche_high_priest_undeath,wh3_dlc29_skill_node_set_tmb_liche_high_priest_undeath,wh3_dlc29_skill_node_tmb_liche_high_priest_innate_07,wh3_dlc29_skill_tmb_liche_high_priest_nehekhara_innate_ephemeral,1,wh3_main_effect_spell_targeting_range_all,data/skill_trees/characters/tomb_kings/Liche_High_Priest_Undeath.csv,413,,ability_group_bindings,data/effect_semantics/source_exports/db/effect_bonus_value_special_ability_group_junctions_tables/data__.tsv,360,target_intercept_range_mod,ability_group,wh_dlc05_lore_life_upgraded
wh3_dlc29_tmb_liche_high_priest_undeath,wh3_dlc29_skill_node_set_tmb_liche_high_priest_undeath,wh3_dlc29_skill_node_tmb_liche_high_priest_innate_07,wh3_dlc29_skill_tmb_liche_high_priest_nehekhara_innate_ephemeral,1,wh3_main_effect_spell_targeting_range_all,data/skill_trees/characters/tomb_kings/Liche_High_Priest_Undeath.csv,413,,ability_group_bindings,data/effect_semantics/source_exports/db/effect_bonus_value_special_ability_group_junctions_tables/data__.tsv,361,target_intercept_range_mod,ability_group,wh_dlc05_lore_shadows
wh3_dlc29_tmb_liche_high_priest_undeath,wh3_dlc29_skill_node_set_tmb_liche_high_priest_undeath,wh3_dlc29_skill_node_tmb_liche_high_priest_innate_07,wh3_dlc29_skill_tmb_liche_high_priest_nehekhara_innate_ephemeral,1,wh3_main_effect_spell_targeting_range_all,data/skill_trees/characters/tomb_kings/Liche_High_Priest_Undeath.csv,413,,ability_group_bindings,data/effect_semantics/source_exports/db/effect_bonus_value_special_ability_group_junctions_tables/data__.tsv,362,target_intercept_range_mod,ability_group,wh_dlc05_lore_shadows_upgraded
wh3_dlc29_tmb_liche_high_priest_undeath,wh3_dlc29_skill_node_set_tmb_liche_high_priest_undeath,wh3_dlc29_skill_node_tmb_liche_high_priest_innate_07,wh3_dlc29_skill_tmb_liche_high_priest_nehekhara_innate_ephemeral,1,wh3_main_effect_spell_targeting_range_all,data/skill_trees/characters/tomb_kings/Liche_High_Priest_Undeath.csv,413,,ability_group_bindings,data/effect_semantics/source_exports/db/effect_bonus_value_special_ability_group_junctions_tables/data__.tsv,363,target_intercept_range_mod,ability_group,wh_main_lore_big_waaagh
wh3_dlc29_tmb_liche_high_priest_undeath,wh3_dlc29_skill_node_set_tmb_liche_high_priest_undeath,wh3_dlc29_skill_node_tmb_liche_high_priest_innate_07,wh3_dlc29_skill_tmb_liche_high_priest_nehekhara_innate_ephemeral,1,wh3_main_effect_spell_targeting_range_all,data/skill_trees/characters/tomb_kings/Liche_High_Priest_Undeath.csv,413,,ability_group_bindings,data/effect_semantics/source_exports/db/effect_bonus_value_special_ability_group_junctions_tables/data__.tsv,364,target_intercept_range_mod,ability_group,wh_main_lore_big_waaagh_upgraded
wh3_dlc29_tmb_liche_high_priest_undeath,wh3_dlc29_skill_node_set_tmb_liche_high_priest_undeath,wh3_dlc29_skill_node_tmb_liche_high_priest_innate_07,wh3_dlc29_skill_tmb_liche_high_priest_nehekhara_innate_ephemeral,1,wh3_main_effect_spell_targeting_range_all,data/skill_trees/characters/tomb_kings/Liche_High_Priest_Undeath.csv,413,,ability_group_bindings,data/effect_semantics/source_exports/db/effect_bonus_value_special_ability_group_junctions_tables/data__.tsv,365,target_intercept_range_mod,ability_group,wh_main_lore_death
wh3_dlc29_tmb_liche_high_priest_undeath,wh3_dlc29_skill_node_set_tmb_liche_high_priest_undeath,wh3_dlc29_skill_node_tmb_liche_high_priest_innate_07,wh3_dlc29_skill_tmb_liche_high_priest_nehekhara_innate_ephemeral,1,wh3_main_effect_spell_targeting_range_all,data/skill_trees/characters/tomb_kings/Liche_High_Priest_Undeath.csv,413,,ability_group_bindings,data/effect_semantics/source_exports/db/effect_bonus_value_special_ability_group_junctions_tables/data__.tsv,366,target_intercept_range_mod,ability_group,wh_main_lore_death_upgraded
wh3_dlc29_tmb_liche_high_priest_undeath,wh3_dlc29_skill_node_set_tmb_liche_high_priest_undeath,wh3_dlc29_skill_node_tmb_liche_high_priest_innate_07,wh3_dlc29_skill_tmb_liche_high_priest_nehekhara_innate_ephemeral,1,wh3_main_effect_spell_targeting_range_all,data/skill_trees/characters/tomb_kings/Liche_High_Priest_Undeath.csv,413,,ability_group_bindings,data/effect_semantics/source_exports/db/effect_bonus_value_special_ability_group_junctions_tables/data__.tsv,367,target_intercept_range_mod,ability_group,wh_main_lore_fire
wh3_dlc29_tmb_liche_high_priest_undeath,wh3_dlc29_skill_node_set_tmb_liche_high_priest_undeath,wh3_dlc29_skill_node_tmb_liche_high_priest_innate_07,wh3_dlc29_skill_tmb_liche_high_priest_nehekhara_innate_ephemeral,1,wh3_main_effect_spell_targeting_range_all,data/skill_trees/characters/tomb_kings/Liche_High_Priest_Undeath.csv,413,,ability_group_bindings,data/effect_semantics/source_exports/db/effect_bonus_value_special_ability_group_junctions_tables/data__.tsv,368,target_intercept_range_mod,ability_group,wh_main_lore_fire_upgraded
wh3_dlc29_tmb_liche_high_priest_undeath,wh3_dlc29_skill_node_set_tmb_liche_high_priest_undeath,wh3_dlc29_skill_node_tmb_liche_high_priest_innate_07,wh3_dlc29_skill_tmb_liche_high_priest_nehekhara_innate_ephemeral,1,wh3_main_effect_spell_targeting_range_all,data/skill_trees/characters/tomb_kings/Liche_High_Priest_Undeath.csv,413,,ability_group_bindings,data/effect_semantics/source_exports/db/effect_bonus_value_special_ability_group_junctions_tables/data__.tsv,369,target_intercept_range_mod,ability_group,wh_main_lore_heavens
wh3_dlc29_tmb_liche_high_priest_undeath,wh3_dlc29_skill_node_set_tmb_liche_high_priest_undeath,wh3_dlc29_skill_node_tmb_liche_high_priest_innate_07,wh3_dlc29_skill_tmb_liche_high_priest_nehekhara_innate_ephemeral,1,wh3_main_effect_spell_targeting_range_all,data/skill_trees/characters/tomb_kings/Liche_High_Priest_Undeath.csv,413,,ability_group_bindings,data/effect_semantics/source_exports/db/effect_bonus_value_special_ability_group_junctions_tables/data__.tsv,370,target_intercept_range_mod,ability_group,wh_main_lore_heavens_upgraded
wh3_dlc29_tmb_liche_high_priest_undeath,wh3_dlc29_skill_node_set_tmb_liche_high_priest_undeath,wh3_dlc29_skill_node_tmb_liche_high_priest_innate_07,wh3_dlc29_skill_tmb_liche_high_priest_nehekhara_innate_ephemeral,1,wh3_main_effect_spell_targeting_range_all,data/skill_trees/characters/tomb_kings/Liche_High_Priest_Undeath.csv,413,,ability_group_bindings,data/effect_semantics/source_exports/db/effect_bonus_value_special_ability_group_junctions_tables/data__.tsv,371,target_intercept_range_mod,ability_group,wh_main_lore_light
wh3_dlc29_tmb_liche_high_priest_undeath,wh3_dlc29_skill_node_set_tmb_liche_high_priest_undeath,wh3_dlc29_skill_node_tmb_liche_high_priest_innate_07,wh3_dlc29_skill_tmb_liche_high_priest_nehekhara_innate_ephemeral,1,wh3_main_effect_spell_targeting_range_all,data/skill_trees/characters/tomb_kings/Liche_High_Priest_Undeath.csv,413,,ability_group_bindings,data/effect_semantics/source_exports/db/effect_bonus_value_special_ability_group_junctions_tables/data__.tsv,372,target_intercept_range_mod,ability_group,wh_main_lore_light_upgraded
wh3_dlc29_tmb_liche_high_priest_undeath,wh3_dlc29_skill_node_set_tmb_liche_high_priest_undeath,wh3_dlc29_skill_node_tmb_liche_high_priest_innate_07,wh3_dlc29_skill_tmb_liche_high_priest_nehekhara_innate_ephemeral,1,wh3_main_effect_spell_targeting_range_all,data/skill_trees/characters/tomb_kings/Liche_High_Priest_Undeath.csv,413,,ability_group_bindings,data/effect_semantics/source_exports/db/effect_bonus_value_special_ability_group_junctions_tables/data__.tsv,373,target_intercept_range_mod,ability_group,wh_main_lore_lil_waaagh
wh3_dlc29_tmb_liche_high_priest_undeath,wh3_dlc29_skill_node_set_tmb_liche_high_priest_undeath,wh3_dlc29_skill_node_tmb_liche_high_priest_innate_07,wh3_dlc29_skill_tmb_liche_high_priest_nehekhara_innate_ephemeral,1,wh3_main_effect_spell_targeting_range_all,data/skill_trees/characters/tomb_kings/Liche_High_Priest_Undeath.csv,413,,ability_group_bindings,data/effect_semantics/source_exports/db/effect_bonus_value_special_ability_group_junctions_tables/data__.tsv,374,target_intercept_range_mod,ability_group,wh_main_lore_lil_waaagh_upgraded
wh3_dlc29_tmb_liche_high_priest_undeath,wh3_dlc29_skill_node_set_tmb_liche_high_priest_undeath,wh3_dlc29_skill_node_tmb_liche_high_priest_innate_07,wh3_dlc29_skill_tmb_liche_high_priest_nehekhara_innate_ephemeral,1,wh3_main_effect_spell_targeting_range_all,data/skill_trees/characters/tomb_kings/Liche_High_Priest_Undeath.csv,413,,ability_group_bindings,data/effect_semantics/source_exports/db/effect_bonus_value_special_ability_group_junctions_tables/data__.tsv,375,target_intercept_range_mod,ability_group,wh_main_lore_metal
wh3_dlc29_tmb_liche_high_priest_undeath,wh3_dlc29_skill_node_set_tmb_liche_high_priest_undeath,wh3_dlc29_skill_node_tmb_liche_high_priest_innate_07,wh3_dlc29_skill_tmb_liche_high_priest_nehekhara_innate_ephemeral,1,wh3_main_effect_spell_targeting_range_all,data/skill_trees/characters/tomb_kings/Liche_High_Priest_Undeath.csv,413,,ability_group_bindings,data/effect_semantics/source_exports/db/effect_bonus_value_special_ability_group_junctions_tables/data__.tsv,376,target_intercept_range_mod,ability_group,wh_main_lore_metal_upgraded
wh3_dlc29_tmb_liche_high_priest_undeath,wh3_dlc29_skill_node_set_tmb_liche_high_priest_undeath,wh3_dlc29_skill_node_tmb_liche_high_priest_innate_07,wh3_dlc29_skill_tmb_liche_high_priest_nehekhara_innate_ephemeral,1,wh3_main_effect_spell_targeting_range_all,data/skill_trees/characters/tomb_kings/Liche_High_Priest_Undeath.csv,413,,ability_group_bindings,data/effect_semantics/source_exports/db/effect_bonus_value_special_ability_group_junctions_tables/data__.tsv,377,target_intercept_range_mod,ability_group,wh_main_lore_vampires
wh3_dlc29_tmb_liche_high_priest_undeath,wh3_dlc29_skill_node_set_tmb_liche_high_priest_undeath,wh3_dlc29_skill_node_tmb_liche_high_priest_innate_07,wh3_dlc29_skill_tmb_liche_high_priest_nehekhara_innate_ephemeral,1,wh3_main_effect_spell_targeting_range_all,data/skill_trees/characters/tomb_kings/Liche_High_Priest_Undeath.csv,413,,ability_group_bindings,data/effect_semantics/source_exports/db/effect_bonus_value_special_ability_group_junctions_tables/data__.tsv,378,target_intercept_range_mod,ability_group,wh_main_lore_vampires_upgraded
wh3_dlc29_tmb_liche_high_priest_undeath,wh3_dlc29_skill_node_set_tmb_liche_high_priest_undeath,wh3_dlc29_skill_node_tmb_high_liche_priest_undeath_magic_11,wh_main_skill_all_magic_all_11_arcane_conduit,1,wh_main_effect_ability_enable_arcane_conduit,data/skill_trees/characters/tomb_kings/Liche_High_Priest_Undeath.csv,455,wh_main_character_abilities_arcane_conduit,ability_bindings,data/effect_semantics/source_exports/db/effect_bonus_value_unit_ability_junctions_tables/data__.tsv,5408,enable,ability,wh_main_character_abilities_arcane_conduit
wh3_dlc29_tmb_liche_high_priest_undeath,wh3_dlc29_skill_node_set_tmb_liche_high_priest_undeath,wh3_dlc29_skill_node_tmb_high_liche_priest_undeath_magic_dummy,wh3_dlc29_skill_undeath_magic_lord_dummy,1,wh3_dlc29_effect_ability_enable_morkharn_breath_of_darkness,data/skill_trees/characters/tomb_kings/Liche_High_Priest_Undeath.csv,471,wh3_dlc29_spell_undeath_morkharn_breath_of_darkness,ability_bindings,data/effect_semantics/source_exports/db/effect_bonus_value_unit_ability_junctions_tables/data__.tsv,3691,enable,ability,wh3_dlc29_spell_undeath_morkharn_breath_of_darkness
wh3_dlc29_tmb_liche_high_priest_undeath,wh3_dlc29_skill_node_set_tmb_liche_high_priest_undeath,wh3_dlc29_skill_node_tmb_high_liche_priest_undeath_magic_dummy,wh3_dlc29_skill_undeath_magic_lord_dummy,1,wh3_dlc29_effect_ability_enable_sulekhim_hand_of_dust,data/skill_trees/characters/tomb_kings/Liche_High_Priest_Undeath.csv,472,wh3_dlc29_spell_undeath_sulekhim_hand_of_dust,ability_bindings,data/effect_semantics/source_exports/db/effect_bonus_value_unit_ability_junctions_tables/data__.tsv,3723,enable,ability,wh3_dlc29_spell_undeath_sulekhim_hand_of_dust
wh3_dlc29_tmb_liche_high_priest_undeath,wh3_dlc29_skill_node_set_tmb_liche_high_priest_undeath,wh3_dlc29_skill_tmb_high_liche_priest_undeath_army_13,wh2_dlc09_skill_tmb_lord_rally_upgraded,1,wh2_dlc09_effect_ability_disable_reanimate,data/skill_trees/characters/tomb_kings/Liche_High_Priest_Undeath.csv,478,wh2_dlc09_character_abilities_tomb_king_rally,ability_bindings,data/effect_semantics/source_exports/db/effect_bonus_value_unit_ability_junctions_tables/data__.tsv,22,disable,ability,wh2_dlc09_character_abilities_tomb_king_rally
wh3_dlc29_tmb_liche_high_priest_undeath,wh3_dlc29_skill_node_set_tmb_liche_high_priest_undeath,wh3_dlc29_skill_tmb_high_liche_priest_undeath_army_13,wh2_dlc09_skill_tmb_lord_rally_upgraded,1,wh2_dlc09_effect_ability_enable_reanimate_upgraded,data/skill_trees/characters/tomb_kings/Liche_High_Priest_Undeath.csv,479,wh2_dlc09_character_abilities_tomb_king_rally_upgraded,ability_bindings,data/effect_semantics/source_exports/db/effect_bonus_value_unit_ability_junctions_tables/data__.tsv,44,enable,ability,wh2_dlc09_character_abilities_tomb_king_rally_upgraded
