order,special_ability,target_self,target_friends,target_enemies,phase,source_path,source_line,source_patch
1,wh2_dlc09_army_abilities_rictus_clanstone,true,true,false,wh2_dlc09_army_abilities_rictus_clanstone,data/unit_stats/abilities/source_exports/db/special_ability_to_special_ability_phase_junctions_tables/data__.tsv,3,9.0.1
1,wh2_dlc09_army_abilities_sand_veil,true,true,false,wh2_dlc09_army_abilities_sand_veil,data/unit_stats/abilities/source_exports/db/special_ability_to_special_ability_phase_junctions_tables/data__.tsv,4,9.0.1
1,wh2_dlc09_army_abilities_tomb_swarm,false,false,true,wh2_dlc09_army_ability_tomb_swarm,data/unit_stats/abilities/source_exports/db/special_ability_to_special_ability_phase_junctions_tables/data__.tsv,5,9.0.1
1,wh2_dlc09_army_passive_realm_of_souls_ushabti_trigger,false,true,false,wh2_dlc09_army_passive_realm_of_souls_ushabti_trigger,data/unit_stats/abilities/source_exports/db/special_ability_to_special_ability_phase_junctions_tables/data__.tsv,6,9.0.1
1,wh2_dlc09_character_abilities_curse_of_djaf,false,false,true,wh2_dlc09_character_abilities_curse_of_djaf,data/unit_stats/abilities/source_exports/db/special_ability_to_special_ability_phase_junctions_tables/data__.tsv,7,9.0.1
1,wh2_dlc09_character_abilities_curse_of_khsar,false,false,true,wh2_dlc09_character_abilities_curse_of_khsar,data/unit_stats/abilities/source_exports/db/special_ability_to_special_ability_phase_junctions_tables/data__.tsv,8,9.0.1
1,wh2_dlc09_character_abilities_restore,false,true,false,wh2_dlc09_character_abilities_restore,data/unit_stats/abilities/source_exports/db/special_ability_to_special_ability_phase_junctions_tables/data__.tsv,9,9.0.1
1,wh2_dlc09_character_abilities_stay_here_ill_get_help,false,true,false,wh2_dlc09_character_abilities_stay_here_ill_get_help,data/unit_stats/abilities/source_exports/db/special_ability_to_special_ability_phase_junctions_tables/data__.tsv,10,9.0.1
1,wh2_dlc09_character_abilities_stay_here_ill_get_help,true,false,false,wh2_dlc09_character_abilities_stay_here_ill_get_help_miscast,data/unit_stats/abilities/source_exports/db/special_ability_to_special_ability_phase_junctions_tables/data__.tsv,11,9.0.1
1,wh2_dlc09_character_abilities_strike_of_nagash,true,false,false,wh2_dlc09_character_abilities_strike_of_nagash,data/unit_stats/abilities/source_exports/db/special_ability_to_special_ability_phase_junctions_tables/data__.tsv,12,9.0.1
1,wh2_dlc09_character_abilities_strike_of_nehekhara,true,false,false,wh2_dlc09_character_abilities_strike_of_nehekhara,data/unit_stats/abilities/source_exports/db/special_ability_to_special_ability_phase_junctions_tables/data__.tsv,13,9.0.1
1,wh2_dlc09_character_abilities_strike_of_tombs,true,false,false,wh2_dlc09_character_abilities_strike_of_tombs,data/unit_stats/abilities/source_exports/db/special_ability_to_special_ability_phase_junctions_tables/data__.tsv,14,9.0.1
1,wh2_dlc09_character_abilities_tomb_king_rally,true,true,false,wh2_dlc09_character_abilities_tomb_king_rally,data/unit_stats/abilities/source_exports/db/special_ability_to_special_ability_phase_junctions_tables/data__.tsv,15,9.0.1
1,wh2_dlc09_character_abilities_tomb_king_rally_upgraded,true,true,false,wh2_dlc09_character_abilities_tomb_king_rally_upgraded,data/unit_stats/abilities/source_exports/db/special_ability_to_special_ability_phase_junctions_tables/data__.tsv,16,9.0.1
1,wh2_dlc09_character_passive_befalling_curse,false,false,true,wh2_dlc09_character_passive_befalling_curse,data/unit_stats/abilities/source_exports/db/special_ability_to_special_ability_phase_junctions_tables/data__.tsv,17,9.0.1
1,wh2_dlc09_character_passive_blessing_of_asaph,true,true,false,wh2_dlc09_character_passive_blessing_of_asaph,data/unit_stats/abilities/source_exports/db/special_ability_to_special_ability_phase_junctions_tables/data__.tsv,18,9.0.1
1,wh2_dlc09_character_passive_stone_shaper,true,true,false,wh2_dlc09_character_passive_stone_shaper,data/unit_stats/abilities/source_exports/db/special_ability_to_special_ability_phase_junctions_tables/data__.tsv,19,9.0.1
1,wh2_dlc09_character_passive_tretchs_raiders,true,true,false,wh2_dlc09_character_passive_tretchs_raiders,data/unit_stats/abilities/source_exports/db/special_ability_to_special_ability_phase_junctions_tables/data__.tsv,20,9.0.1
1,wh2_dlc09_character_passive_true_blessing_of_asaph,true,true,false,wh2_dlc09_character_passive_true_blessing_of_asaph,data/unit_stats/abilities/source_exports/db/special_ability_to_special_ability_phase_junctions_tables/data__.tsv,21,9.0.1
1,wh2_dlc09_character_passive_unyielding_will,true,true,false,wh2_dlc09_character_passive_unyielding_will,data/unit_stats/abilities/source_exports/db/special_ability_to_special_ability_phase_junctions_tables/data__.tsv,22,9.0.1
1,wh2_dlc09_character_passive_wrath_of_the_creator,true,true,false,wh2_dlc09_character_passive_wrath_of_the_creator,data/unit_stats/abilities/source_exports/db/special_ability_to_special_ability_phase_junctions_tables/data__.tsv,23,9.0.1
1,wh2_dlc09_faction_passive_realm_of_souls_tier_1,true,false,false,wh2_dlc09_faction_passive_realm_of_souls_tier_1,data/unit_stats/abilities/source_exports/db/special_ability_to_special_ability_phase_junctions_tables/data__.tsv,24,9.0.1
1,wh2_dlc09_faction_passive_realm_of_souls_tier_2,true,false,false,wh2_dlc09_faction_passive_realm_of_souls_tier_2,data/unit_stats/abilities/source_exports/db/special_ability_to_special_ability_phase_junctions_tables/data__.tsv,25,9.0.1
1,wh2_dlc09_faction_passive_realm_of_souls_tier_3,true,false,false,wh2_dlc09_faction_passive_realm_of_souls_tier_3,data/unit_stats/abilities/source_exports/db/special_ability_to_special_ability_phase_junctions_tables/data__.tsv,26,9.0.1
1,wh2_dlc09_item_abilities_amulet_of_phastah,false,false,true,wh2_dlc09_item_abilities_amulet_of_phastah,data/unit_stats/abilities/source_exports/db/special_ability_to_special_ability_phase_junctions_tables/data__.tsv,27,9.0.1
1,wh2_dlc09_item_abilities_cloak_of_the_dunes,true,false,false,wh2_dlc09_item_abilities_cloak_of_the_dunes,data/unit_stats/abilities/source_exports/db/special_ability_to_special_ability_phase_junctions_tables/data__.tsv,28,9.0.1
1,wh2_dlc09_item_abilities_elixir_of_might,true,true,false,wh2_dlc09_item_abilities_elixir_of_might,data/unit_stats/abilities/source_exports/db/special_ability_to_special_ability_phase_junctions_tables/data__.tsv,29,9.0.1
1,wh2_dlc09_item_abilities_enkhils_kanopi,true,true,false,wh2_dlc09_item_abilities_enkhils_kanopi,data/unit_stats/abilities/source_exports/db/special_ability_to_special_ability_phase_junctions_tables/data__.tsv,30,9.0.1
1,wh2_dlc09_item_abilities_hieratic_jar,true,false,false,wh2_dlc09_item_abilities_hieratic_jar,data/unit_stats/abilities/source_exports/db/special_ability_to_special_ability_phase_junctions_tables/data__.tsv,31,9.0.1
1,wh2_dlc09_item_abilities_neferras_scrolls_of_mighty_incantations,true,false,false,wh2_dlc09_item_abilities_neferras_scrolls_of_mighty_incantations,data/unit_stats/abilities/source_exports/db/special_ability_to_special_ability_phase_junctions_tables/data__.tsv,32,9.0.1
1,wh2_dlc09_item_abilities_staff_of_nagash,true,false,false,wh2_dlc09_item_abilities_staff_of_nagash,data/unit_stats/abilities/source_exports/db/special_ability_to_special_ability_phase_junctions_tables/data__.tsv,33,9.0.1
1,wh2_dlc09_item_passive_crown_of_nehekhara,true,true,false,wh2_dlc09_item_passive_crown_of_nehekhara,data/unit_stats/abilities/source_exports/db/special_ability_to_special_ability_phase_junctions_tables/data__.tsv,34,9.0.1
1,wh2_dlc09_item_passive_lucky_skullhelm,true,false,false,wh2_dlc09_item_passive_lucky_skullhelm,data/unit_stats/abilities/source_exports/db/special_ability_to_special_ability_phase_junctions_tables/data__.tsv,35,9.0.1
1,wh2_dlc09_item_passive_scorpion_armour,true,false,false,wh2_dlc09_item_passive_scorpion_armour,data/unit_stats/abilities/source_exports/db/special_ability_to_special_ability_phase_junctions_tables/data__.tsv,36,9.0.1
1,wh2_dlc09_item_passive_vambraces_of_the_sun,true,false,false,wh2_dlc09_item_passive_vambraces_of_the_sun,data/unit_stats/abilities/source_exports/db/special_ability_to_special_ability_phase_junctions_tables/data__.tsv,37,9.0.1
1,wh2_dlc09_lord_abilities_the_liber_mortis,true,true,false,wh2_dlc09_lord_abilities_the_liber_mortis,data/unit_stats/abilities/source_exports/db/special_ability_to_special_ability_phase_junctions_tables/data__.tsv,38,9.0.1
1,wh2_dlc09_lord_passive_my_will_be_done,true,true,false,wh2_dlc09_lord_passive_my_will_be_done,data/unit_stats/abilities/source_exports/db/special_ability_to_special_ability_phase_junctions_tables/data__.tsv,39,9.0.1
1,wh2_dlc09_lord_passive_my_will_be_done_upgraded,true,true,false,wh2_dlc09_lord_passive_my_will_be_done_upgraded,data/unit_stats/abilities/source_exports/db/special_ability_to_special_ability_phase_junctions_tables/data__.tsv,40,9.0.1
1,wh2_dlc09_lord_passive_the_curse,false,false,true,wh2_dlc09_lord_passive_the_curse,data/unit_stats/abilities/source_exports/db/special_ability_to_special_ability_phase_junctions_tables/data__.tsv,41,9.0.1
1,wh2_dlc09_lore_passive_the_restless_dead,true,true,false,wh2_dlc09_lore_passive_the_restless_dead,data/unit_stats/abilities/source_exports/db/special_ability_to_special_ability_phase_junctions_tables/data__.tsv,42,9.0.1
1,wh2_dlc09_quest_passive_full_hide,true,true,false,wh2_dlc09_quest_passive_full_hide,data/unit_stats/abilities/source_exports/db/special_ability_to_special_ability_phase_junctions_tables/data__.tsv,43,9.0.1
1,wh2_dlc09_spell_death_spirit_leech_bound,false,false,true,wh_main_spell_death_spirit_leech,data/unit_stats/abilities/source_exports/db/special_ability_to_special_ability_phase_junctions_tables/data__.tsv,44,9.0.1
1,wh2_dlc09_spell_nehekhara_djafs_incantation_of_cursed_blades,true,true,false,wh2_dlc09_spell_nehekhara_djafs_incantation_of_cursed_blades,data/unit_stats/abilities/source_exports/db/special_ability_to_special_ability_phase_junctions_tables/data__.tsv,45,9.0.1
1,wh2_dlc09_spell_nehekhara_djafs_incantation_of_cursed_blades_upgraded,true,true,false,wh2_dlc09_spell_nehekhara_djafs_incantation_of_cursed_blades_upgraded,data/unit_stats/abilities/source_exports/db/special_ability_to_special_ability_phase_junctions_tables/data__.tsv,46,9.0.1
1,wh2_dlc09_spell_nehekhara_nerus_incantation_of_protection,true,true,false,wh2_dlc09_spell_nehekhara_nerus_incantation_of_protection,data/unit_stats/abilities/source_exports/db/special_ability_to_special_ability_phase_junctions_tables/data__.tsv,47,9.0.1
1,wh2_dlc09_spell_nehekhara_nerus_incantation_of_protection_upgraded,true,true,false,wh2_dlc09_spell_nehekhara_nerus_incantation_of_protection_upgraded,data/unit_stats/abilities/source_exports/db/special_ability_to_special_ability_phase_junctions_tables/data__.tsv,48,9.0.1
1,wh2_dlc09_spell_nehekhara_ptras_incantation_of_righteous_smiting,true,true,false,wh2_dlc09_spell_nehekhara_ptras_incantation_of_righteous_smiting,data/unit_stats/abilities/source_exports/db/special_ability_to_special_ability_phase_junctions_tables/data__.tsv,49,9.0.1
1,wh2_dlc09_spell_nehekhara_ptras_incantation_of_righteous_smiting_upgraded,true,true,false,wh2_dlc09_spell_nehekhara_ptras_incantation_of_righteous_smiting_upgraded,data/unit_stats/abilities/source_exports/db/special_ability_to_special_ability_phase_junctions_tables/data__.tsv,50,9.0.1
1,wh2_dlc09_spell_nehekhara_usekhps_incantation_of_desiccation,false,false,true,wh2_dlc09_spell_nehekhara_usekhps_incantation_of_desiccation,data/unit_stats/abilities/source_exports/db/special_ability_to_special_ability_phase_junctions_tables/data__.tsv,51,9.0.1
1,wh2_dlc09_spell_nehekhara_usekhps_incantation_of_desiccation_upgraded,false,false,true,wh2_dlc09_spell_nehekhara_usekhps_incantation_of_desiccation_upgraded,data/unit_stats/abilities/source_exports/db/special_ability_to_special_ability_phase_junctions_tables/data__.tsv,52,9.0.1
1,wh2_dlc09_spell_nehekhara_usirians_incantation_of_vengeance,false,false,true,wh2_dlc09_spell_nehekhara_usirians_incantation_of_vengeance,data/unit_stats/abilities/source_exports/db/special_ability_to_special_ability_phase_junctions_tables/data__.tsv,53,9.0.1
1,wh2_dlc09_spell_nehekhara_usirians_incantation_of_vengeance_upgraded,false,false,true,wh2_dlc09_spell_nehekhara_usirians_incantation_of_vengeance_upgraded,data/unit_stats/abilities/source_exports/db/special_ability_to_special_ability_phase_junctions_tables/data__.tsv,54,9.0.1
1,wh2_dlc09_unit_passive_covenant_of_power,true,false,false,wh2_dlc09_unit_passive_covenant_of_power,data/unit_stats/abilities/source_exports/db/special_ability_to_special_ability_phase_junctions_tables/data__.tsv,55,9.0.1
1,wh2_dlc09_unit_passive_guardian,false,true,false,wh_pro04_unit_passive_guardian,data/unit_stats/abilities/source_exports/db/special_ability_to_special_ability_phase_junctions_tables/data__.tsv,56,9.0.1
1,wh2_dlc09_unit_passive_spirit_conduit,false,true,false,wh2_dlc09_unit_passive_spirit_conduit,data/unit_stats/abilities/source_exports/db/special_ability_to_special_ability_phase_junctions_tables/data__.tsv,57,9.0.1
1,wh2_dlc09_unit_passive_unbinding_skeleton_warriors,true,false,false,wh2_dlc09_unit_passive_unbinding_skeleton_warriors,data/unit_stats/abilities/source_exports/db/special_ability_to_special_ability_phase_junctions_tables/data__.tsv,58,9.0.1
2,wh2_dlc09_unit_passive_unbinding_skeleton_warriors,true,false,false,wh_main_unit_passive_unbinding_weak,data/unit_stats/abilities/source_exports/db/special_ability_to_special_ability_phase_junctions_tables/data__.tsv,59,9.0.1
3,wh2_dlc09_unit_passive_unbinding_skeleton_warriors,true,false,false,wh_main_unit_passive_unbinding_critical,data/unit_stats/abilities/source_exports/db/special_ability_to_special_ability_phase_junctions_tables/data__.tsv,60,9.0.1
1,wh2_dlc09_unit_passive_unbinding_ushabti,true,false,false,wh2_dlc09_unit_passive_unbinding_ushabti,data/unit_stats/abilities/source_exports/db/special_ability_to_special_ability_phase_junctions_tables/data__.tsv,61,9.0.1
2,wh2_dlc09_unit_passive_unbinding_ushabti,true,false,false,wh_main_unit_passive_unbinding_weak_large,data/unit_stats/abilities/source_exports/db/special_ability_to_special_ability_phase_junctions_tables/data__.tsv,62,9.0.1
3,wh2_dlc09_unit_passive_unbinding_ushabti,true,false,false,wh_main_unit_passive_unbinding_critical,data/unit_stats/abilities/source_exports/db/special_ability_to_special_ability_phase_junctions_tables/data__.tsv,63,9.0.1
1,wh2_dlc09_unit_passive_unstable_mark_ii_sand,true,false,false,wh2_dlc09_unit_passive_unstable_mark_ii_sand,data/unit_stats/abilities/source_exports/db/special_ability_to_special_ability_phase_junctions_tables/data__.tsv,64,9.0.1
1,wh2_dlc09_unit_passive_unstable_sand,true,false,false,wh2_dlc09_unit_passive_unstable_sand,data/unit_stats/abilities/source_exports/db/special_ability_to_special_ability_phase_junctions_tables/data__.tsv,65,9.0.1
1,wh2_dlc09_weapon_abilities_blade_of_setep,false,false,true,wh2_dlc09_weapon_abilities_blade_of_setep,data/unit_stats/abilities/source_exports/db/special_ability_to_special_ability_phase_junctions_tables/data__.tsv,66,9.0.1
1,wh2_dlc09_weapon_abilities_blessed_blade_of_ptra,true,false,false,wh2_dlc09_weapon_abilities_blessed_blade_of_ptra,data/unit_stats/abilities/source_exports/db/special_ability_to_special_ability_phase_junctions_tables/data__.tsv,67,9.0.1
1,wh2_dlc09_weapon_passive_the_liche_staff,false,false,true,wh2_dlc09_weapon_passive_the_liche_staff,data/unit_stats/abilities/source_exports/db/special_ability_to_special_ability_phase_junctions_tables/data__.tsv,68,9.0.1
1,wh2_dlc10_character_abilities_entangle,false,false,true,wh2_dlc10_character_abilities_entangle,data/unit_stats/abilities/source_exports/db/special_ability_to_special_ability_phase_junctions_tables/data__.tsv,69,9.0.1
1,wh2_dlc10_hero_passive_quicksilver_shot,true,true,false,wh2_dlc10_hero_passive_quicksilver_shot,data/unit_stats/abilities/source_exports/db/special_ability_to_special_ability_phase_junctions_tables/data__.tsv,70,9.0.1
1,wh2_dlc10_item_abilities_fear_of_aramar,false,false,true,wh2_dlc10_item_abilities_fear_of_aramar,data/unit_stats/abilities/source_exports/db/special_ability_to_special_ability_phase_junctions_tables/data__.tsv,71,9.0.1
1,wh2_dlc10_item_abilities_speed_of_lykos,true,true,false,wh2_dlc10_item_abilities_speed_of_lykos,data/unit_stats/abilities/source_exports/db/special_ability_to_special_ability_phase_junctions_tables/data__.tsv,72,9.0.1
1,wh2_dlc10_item_abilities_star_of_avelorn,true,true,false,wh2_dlc10_item_abilities_star_of_avelorn,data/unit_stats/abilities/source_exports/db/special_ability_to_special_ability_phase_junctions_tables/data__.tsv,73,9.0.1
1,wh2_dlc10_item_abilities_stave_of_avelorn,true,false,false,wh2_dlc10_item_abilities_stave_of_avelorn,data/unit_stats/abilities/source_exports/db/special_ability_to_special_ability_phase_junctions_tables/data__.tsv,74,9.0.1
1,wh2_dlc10_item_abilities_the_amber_trance,false,false,true,wh2_dlc10_item_abilities_the_amber_trance,data/unit_stats/abilities/source_exports/db/special_ability_to_special_ability_phase_junctions_tables/data__.tsv,75,9.0.1
1,wh2_dlc10_item_abilities_the_amber_trance,true,false,false,wh2_dlc10_item_abilities_the_amber_trance_self,data/unit_stats/abilities/source_exports/db/special_ability_to_special_ability_phase_junctions_tables/data__.tsv,76,9.0.1
1,wh2_dlc10_item_passive_amulet_of_dark_fire,true,true,false,wh2_dlc10_item_passive_amulet_of_dark_fire,data/unit_stats/abilities/source_exports/db/special_ability_to_special_ability_phase_junctions_tables/data__.tsv,77,9.0.1
1,wh2_dlc10_item_passive_banner_of_avelorn,true,false,false,wh2_dlc10_item_passive_banner_of_avelorn,data/unit_stats/abilities/source_exports/db/special_ability_to_special_ability_phase_junctions_tables/data__.tsv,78,9.0.1
1,wh2_dlc10_item_passive_dragon_slayers_fang,true,false,false,wh2_dlc10_item_passive_dragon_slayers_fang,data/unit_stats/abilities/source_exports/db/special_ability_to_special_ability_phase_junctions_tables/data__.tsv,79,9.0.1
1,wh2_dlc10_item_passive_gate_keepers_belt,true,false,false,wh2_dlc10_item_passive_gate_keepers_belt,data/unit_stats/abilities/source_exports/db/special_ability_to_special_ability_phase_junctions_tables/data__.tsv,80,9.0.1
1,wh2_dlc10_item_passive_gate_keepers_helm,true,true,false,wh2_dlc10_item_passive_gate_keepers_helm,data/unit_stats/abilities/source_exports/db/special_ability_to_special_ability_phase_junctions_tables/data__.tsv,81,9.0.1
1,wh2_dlc10_item_passive_ironbeards_bracers,true,false,false,wh2_dlc10_item_passive_ironbeards_bracers,data/unit_stats/abilities/source_exports/db/special_ability_to_special_ability_phase_junctions_tables/data__.tsv,82,9.0.1
1,wh2_dlc10_item_passive_ironbeards_ring,false,false,true,wh2_dlc10_item_passive_ironbeards_ring,data/unit_stats/abilities/source_exports/db/special_ability_to_special_ability_phase_junctions_tables/data__.tsv,83,9.0.1
1,wh2_dlc10_item_passive_ironwardens_shield,true,false,false,wh2_dlc10_item_passive_ironwardens_shield,data/unit_stats/abilities/source_exports/db/special_ability_to_special_ability_phase_junctions_tables/data__.tsv,84,9.0.1
1,wh2_dlc10_item_passive_old_guards_tankard,true,false,false,wh2_dlc10_item_passive_old_guards_tankard,data/unit_stats/abilities/source_exports/db/special_ability_to_special_ability_phase_junctions_tables/data__.tsv,85,9.0.1
1,wh2_dlc10_item_passive_prospectors_spyglass,true,true,false,wh2_dlc10_item_passive_prospectors_spyglass,data/unit_stats/abilities/source_exports/db/special_ability_to_special_ability_phase_junctions_tables/data__.tsv,86,9.0.1
1,wh2_dlc10_item_passive_ring_of_grimnir,true,true,false,wh2_dlc10_item_passive_ring_of_vengeance,data/unit_stats/abilities/source_exports/db/special_ability_to_special_ability_phase_junctions_tables/data__.tsv,87,9.0.1
1,wh2_dlc10_item_passive_shieldstone_of_isha,true,true,false,wh2_dlc10_item_passive_shieldstone_of_isha,data/unit_stats/abilities/source_exports/db/special_ability_to_special_ability_phase_junctions_tables/data__.tsv,88,9.0.1
1,wh2_dlc10_item_passive_starmetal_plate,false,false,true,wh2_dlc10_item_passive_old_guards_armour,data/unit_stats/abilities/source_exports/db/special_ability_to_special_ability_phase_junctions_tables/data__.tsv,89,9.0.1
1,wh2_dlc10_item_passive_stone_of_midnight,true,true,false,wh2_dlc10_item_passive_stone_of_midnight,data/unit_stats/abilities/source_exports/db/special_ability_to_special_ability_phase_junctions_tables/data__.tsv,90,9.0.1
1,wh2_dlc10_item_passive_the_shadow_crown,true,true,false,wh2_dlc10_item_passive_the_shadow_crown,data/unit_stats/abilities/source_exports/db/special_ability_to_special_ability_phase_junctions_tables/data__.tsv,91,9.0.1
1,wh2_dlc10_lord_abilities_deadly_mislead,true,false,false,wh2_dlc10_lord_abilities_mislead,data/unit_stats/abilities/source_exports/db/special_ability_to_special_ability_phase_junctions_tables/data__.tsv,92,9.0.1
1,wh2_dlc10_lord_abilities_gaze_of_khaine,true,true,false,wh2_dlc10_lord_abilities_gaze_of_khaine,data/unit_stats/abilities/source_exports/db/special_ability_to_special_ability_phase_junctions_tables/data__.tsv,93,9.0.1
1,wh2_dlc10_lord_abilities_mislead,true,false,false,wh2_dlc10_lord_abilities_mislead,data/unit_stats/abilities/source_exports/db/special_ability_to_special_ability_phase_junctions_tables/data__.tsv,94,9.0.1
1,wh2_dlc10_lord_abilities_oath_of_vengeance,false,false,true,wh2_dlc10_lord_abilities_oath_of_vengeance,data/unit_stats/abilities/source_exports/db/special_ability_to_special_ability_phase_junctions_tables/data__.tsv,95,9.0.1
1,wh2_dlc10_lord_abilities_red_ruin,true,false,false,wh2_dlc10_lord_abilities_red_ruin,data/unit_stats/abilities/source_exports/db/special_ability_to_special_ability_phase_junctions_tables/data__.tsv,96,9.0.1
1,wh2_dlc10_lord_passive_blood_frenzy,true,false,false,wh2_dlc10_lord_passive_blood_frenzy_1,data/unit_stats/abilities/source_exports/db/special_ability_to_special_ability_phase_junctions_tables/data__.tsv,97,9.0.1
2,wh2_dlc10_lord_passive_blood_frenzy,true,false,false,wh2_dlc10_lord_passive_blood_frenzy_2,data/unit_stats/abilities/source_exports/db/special_ability_to_special_ability_phase_junctions_tables/data__.tsv,98,9.0.1
3,wh2_dlc10_lord_passive_blood_frenzy,true,false,false,wh2_dlc10_lord_passive_blood_frenzy_3,data/unit_stats/abilities/source_exports/db/special_ability_to_special_ability_phase_junctions_tables/data__.tsv,99,9.0.1
1,wh2_dlc10_lord_passive_boon_of_isha,true,true,false,wh2_dlc10_lord_passive_boon_of_isha,data/unit_stats/abilities/source_exports/db/special_ability_to_special_ability_phase_junctions_tables/data__.tsv,100,9.0.1
1,wh2_dlc10_quest_abilities_insane_head,false,false,true,wh2_dlc10_quest_abilities_insane_head,data/unit_stats/abilities/source_exports/db/special_ability_to_special_ability_phase_junctions_tables/data__.tsv,101,9.0.1
1,wh2_dlc10_quest_abilities_regenerating_head,true,true,false,wh2_dlc10_quest_abilities_regenerating_head_dummy,data/unit_stats/abilities/source_exports/db/special_ability_to_special_ability_phase_junctions_tables/data__.tsv,102,9.0.1
1,wh2_dlc10_quest_passive_mother_of_flame,true,true,false,wh2_dlc10_quest_passive_mother_of_flame,data/unit_stats/abilities/source_exports/db/special_ability_to_special_ability_phase_junctions_tables/data__.tsv,103,9.0.1
1,wh2_dlc10_quest_passive_primal_rage,true,false,false,wh2_dlc10_quest_passive_primal_rage_i,data/unit_stats/abilities/source_exports/db/special_ability_to_special_ability_phase_junctions_tables/data__.tsv,104,9.0.1
1,wh2_dlc10_quest_passive_the_primal_rampage,true,false,false,wh2_dlc10_quest_passive_primal_rampage_i,data/unit_stats/abilities/source_exports/db/special_ability_to_special_ability_phase_junctions_tables/data__.tsv,105,9.0.1
2,wh2_dlc10_quest_passive_the_primal_rampage,true,false,false,wh2_dlc10_quest_passive_primal_rampage_ii,data/unit_stats/abilities/source_exports/db/special_ability_to_special_ability_phase_junctions_tables/data__.tsv,106,9.0.1
3,wh2_dlc10_quest_passive_the_primal_rampage,true,false,false,wh2_dlc10_quest_passive_primal_rampage_iii,data/unit_stats/abilities/source_exports/db/special_ability_to_special_ability_phase_junctions_tables/data__.tsv,107,9.0.1
1,wh2_dlc10_quest_passive_the_primal_rampage_hidden,false,false,true,wh2_dlc10_quest_passive_primal_rampage_i_hidden,data/unit_stats/abilities/source_exports/db/special_ability_to_special_ability_phase_junctions_tables/data__.tsv,108,9.0.1
1,wh2_dlc10_quest_passive_the_rats_overwhelm,true,false,false,wh2_dlc10_quest_passive_the_rats_overwhelm,data/unit_stats/abilities/source_exports/db/special_ability_to_special_ability_phase_junctions_tables/data__.tsv,109,9.0.1
1,wh2_dlc10_spell_bound_soul_stealer_ror,false,false,true,wh2_main_spell_dark_magic_soul_stealer,data/unit_stats/abilities/source_exports/db/special_ability_to_special_ability_phase_junctions_tables/data__.tsv,110,9.0.1
1,wh2_dlc10_spell_bound_soul_stealer_ror,true,false,false,wh2_main_spell_dark_magic_soul_stealer_miscast,data/unit_stats/abilities/source_exports/db/special_ability_to_special_ability_phase_junctions_tables/data__.tsv,111,9.0.1
1,wh2_dlc10_spell_bound_soulblight,false,false,true,wh_main_spell_death_soulblight,data/unit_stats/abilities/source_exports/db/special_ability_to_special_ability_phase_junctions_tables/data__.tsv,112,9.0.1
1,wh2_dlc10_spell_bound_word_of_pain,false,false,true,wh2_main_spell_dark_magic_word_of_pain,data/unit_stats/abilities/source_exports/db/special_ability_to_special_ability_phase_junctions_tables/data__.tsv,113,9.0.1
1,wh2_dlc10_unit_passive_abyssal_howl,false,false,true,wh2_dlc10_unit_passive_abyssal_howl,data/unit_stats/abilities/source_exports/db/special_ability_to_special_ability_phase_junctions_tables/data__.tsv,114,9.0.1
1,wh2_dlc10_unit_passive_guardian,false,true,false,wh_pro04_unit_passive_guardian,data/unit_stats/abilities/source_exports/db/special_ability_to_special_ability_phase_junctions_tables/data__.tsv,115,9.0.1
1,wh2_dlc10_unit_passive_the_trial_of_blades,true,false,false,wh2_dlc10_unit_passive_the_trial_of_blades,data/unit_stats/abilities/source_exports/db/special_ability_to_special_ability_phase_junctions_tables/data__.tsv,116,9.0.1
1,wh2_dlc10_unit_passive_unbinding_alith_anar,true,false,false,wh2_dlc10_unit_passive_unbinding_alith_anar_1,data/unit_stats/abilities/source_exports/db/special_ability_to_special_ability_phase_junctions_tables/data__.tsv,117,9.0.1
2,wh2_dlc10_unit_passive_unbinding_alith_anar,true,false,false,wh2_dlc10_unit_passive_unbinding_alith_anar_2,data/unit_stats/abilities/source_exports/db/special_ability_to_special_ability_phase_junctions_tables/data__.tsv,118,9.0.1
1,wh2_dlc10_unit_passive_unbreakable_hidden,true,false,false,wh2_dlc10_unit_passive_unbreakable_hidden,data/unit_stats/abilities/source_exports/db/special_ability_to_special_ability_phase_junctions_tables/data__.tsv,119,9.0.1
1,wh2_dlc10_weapon_passive_dragon_slayers_axe,true,false,false,wh2_dlc10_weapon_passive_dragon_slayers_axe,data/unit_stats/abilities/source_exports/db/special_ability_to_special_ability_phase_junctions_tables/data__.tsv,120,9.0.1
1,wh2_dlc10_weapon_passive_ironwardens_hammer,true,false,false,wh2_dlc10_weapon_passive_ironwardens_hammer,data/unit_stats/abilities/source_exports/db/special_ability_to_special_ability_phase_junctions_tables/data__.tsv,121,9.0.1
1,wh2_dlc10_weapon_passive_shadow_of_khaine,true,false,false,wh2_dlc10_weapon_passive_shadow_of_khaine,data/unit_stats/abilities/source_exports/db/special_ability_to_special_ability_phase_junctions_tables/data__.tsv,122,9.0.1
1,wh2_dlc10_weapon_passive_the_cursed_blade,false,false,true,wh2_dlc10_weapon_passive_the_cursed_blade,data/unit_stats/abilities/source_exports/db/special_ability_to_special_ability_phase_junctions_tables/data__.tsv,123,9.0.1
1,wh2_dlc11_army_abilities_shanty_verse_1,false,true,false,wh2_dlc11_army_abilities_shanty_verse_1,data/unit_stats/abilities/source_exports/db/special_ability_to_special_ability_phase_junctions_tables/data__.tsv,124,9.0.1
1,wh2_dlc11_army_abilities_shanty_verse_1_ai,false,true,false,wh2_dlc11_army_abilities_shanty_verse_1,data/unit_stats/abilities/source_exports/db/special_ability_to_special_ability_phase_junctions_tables/data__.tsv,125,9.0.1
1,wh2_dlc11_army_abilities_shanty_verse_2,false,true,false,wh2_dlc11_army_abilities_shanty_verse_2,data/unit_stats/abilities/source_exports/db/special_ability_to_special_ability_phase_junctions_tables/data__.tsv,126,9.0.1
1,wh2_dlc11_army_abilities_shanty_verse_2_ai,false,true,false,wh2_dlc11_army_abilities_shanty_verse_2,data/unit_stats/abilities/source_exports/db/special_ability_to_special_ability_phase_junctions_tables/data__.tsv,127,9.0.1
1,wh2_dlc11_army_abilities_shanty_verse_3,false,true,false,wh2_dlc11_army_abilities_shanty_verse_3,data/unit_stats/abilities/source_exports/db/special_ability_to_special_ability_phase_junctions_tables/data__.tsv,128,9.0.1
1,wh2_dlc11_army_abilities_shanty_verse_3_ai,false,true,false,wh2_dlc11_army_abilities_shanty_verse_3,data/unit_stats/abilities/source_exports/db/special_ability_to_special_ability_phase_junctions_tables/data__.tsv,129,9.0.1
1,wh2_dlc11_character_abilities_all_hands_hoay,true,true,false,wh2_dlc11_character_abilities_all_hands_hoay,data/unit_stats/abilities/source_exports/db/special_ability_to_special_ability_phase_junctions_tables/data__.tsv,130,9.0.1
1,wh2_dlc11_character_abilities_avast_ye,true,true,false,wh2_dlc11_character_abilities_avast_ye,data/unit_stats/abilities/source_exports/db/special_ability_to_special_ability_phase_junctions_tables/data__.tsv,131,9.0.1
1,wh2_dlc11_character_abilities_ballistic_enchantment,true,true,false,wh2_dlc11_character_abilities_ballistic_enchantment,data/unit_stats/abilities/source_exports/db/special_ability_to_special_ability_phase_junctions_tables/data__.tsv,132,9.0.1
1,wh2_dlc11_character_abilities_hornswaggle,false,false,true,wh2_dlc11_character_abilities_hornswaggle,data/unit_stats/abilities/source_exports/db/special_ability_to_special_ability_phase_junctions_tables/data__.tsv,133,9.0.1
1,wh2_dlc11_character_abilities_taunt,false,false,true,wh2_dlc11_character_abilities_taunt,data/unit_stats/abilities/source_exports/db/special_ability_to_special_ability_phase_junctions_tables/data__.tsv,134,9.0.1
1,wh2_dlc11_hero_abilities_more_powder,true,true,false,wh2_dlc11_hero_abilities_more_powder,data/unit_stats/abilities/source_exports/db/special_ability_to_special_ability_phase_junctions_tables/data__.tsv,135,9.0.1
1,wh2_dlc11_hero_passive_dead_eyes,true,true,false,wh2_dlc11_hero_passive_dead_eyes,data/unit_stats/abilities/source_exports/db/special_ability_to_special_ability_phase_junctions_tables/data__.tsv,136,9.0.1
1,wh2_dlc11_item_abilities_moonshine,true,false,false,wh2_dlc11_item_abilities_moonshine,data/unit_stats/abilities/source_exports/db/special_ability_to_special_ability_phase_junctions_tables/data__.tsv,137,9.0.1
1,wh2_dlc11_item_abilities_slann_gold,false,false,true,wh2_dlc11_item_abilities_slann_gold,data/unit_stats/abilities/source_exports/db/special_ability_to_special_ability_phase_junctions_tables/data__.tsv,138,9.0.1
1,wh2_dlc11_item_passive_helm_of_the_kraken,true,false,false,wh2_dlc11_item_passive_helm_of_the_kraken,data/unit_stats/abilities/source_exports/db/special_ability_to_special_ability_phase_junctions_tables/data__.tsv,139,9.0.1
1,wh2_dlc11_item_passive_the_bordeleaux_flabellum,true,false,false,wh2_dlc11_item_passive_the_bordeleaux_flabellum,data/unit_stats/abilities/source_exports/db/special_ability_to_special_ability_phase_junctions_tables/data__.tsv,140,9.0.1
1,wh2_dlc11_lord_abilities_claws_of_mourkain,true,false,false,wh2_dlc11_lord_abilities_claws_of_mourkain,data/unit_stats/abilities/source_exports/db/special_ability_to_special_ability_phase_junctions_tables/data__.tsv,141,9.0.1
1,wh2_dlc11_lord_abilities_dark_protection,true,false,false,wh2_dlc11_lord_abilities_dark_protection,data/unit_stats/abilities/source_exports/db/special_ability_to_special_ability_phase_junctions_tables/data__.tsv,142,9.0.1
1,wh2_dlc11_lord_abilities_dreaded_duelist,true,false,false,wh2_dlc11_lord_abilities_dreaded_duelist,data/unit_stats/abilities/source_exports/db/special_ability_to_special_ability_phase_junctions_tables/data__.tsv,143,9.0.1
1,wh2_dlc11_lord_abilities_ghoul_king_of_ushoran,true,false,false,wh2_dlc11_lord_abilities_ghoul_king_of_ushoran,data/unit_stats/abilities/source_exports/db/special_ability_to_special_ability_phase_junctions_tables/data__.tsv,144,9.0.1
1,wh2_dlc11_lord_abilities_heart_piercing,true,false,false,wh2_dlc11_lord_abilities_heart_piercing,data/unit_stats/abilities/source_exports/db/special_ability_to_special_ability_phase_junctions_tables/data__.tsv,145,9.0.1
1,wh2_dlc11_lord_abilities_lightning_reflexes,true,false,false,wh2_dlc11_lord_abilities_lightning_reflexes,data/unit_stats/abilities/source_exports/db/special_ability_to_special_ability_phase_junctions_tables/data__.tsv,146,9.0.1
1,wh2_dlc11_lord_abilities_mananns_luck,true,false,false,wh2_dlc11_lord_abilities_mananns_luck,data/unit_stats/abilities/source_exports/db/special_ability_to_special_ability_phase_junctions_tables/data__.tsv,147,9.0.1
1,wh2_dlc11_lord_abilities_power_siphon,false,false,true,wh2_dlc11_lord_abilities_power_siphon,data/unit_stats/abilities/source_exports/db/special_ability_to_special_ability_phase_junctions_tables/data__.tsv,148,9.0.1
1,wh2_dlc11_lord_abilities_seduction,false,false,true,wh2_dlc11_lord_abilities_seduction,data/unit_stats/abilities/source_exports/db/special_ability_to_special_ability_phase_junctions_tables/data__.tsv,149,9.0.1
1,wh2_dlc11_lord_abilities_song_of_enthrallment,false,false,true,wh2_dlc11_lord_abilities_song_of_enthrallment,data/unit_stats/abilities/source_exports/db/special_ability_to_special_ability_phase_junctions_tables/data__.tsv,150,9.0.1
1,wh2_dlc11_lord_abilities_spearfishers_net,false,false,true,wh2_dlc11_lord_abilities_spearfishers_net,data/unit_stats/abilities/source_exports/db/special_ability_to_special_ability_phase_junctions_tables/data__.tsv,151,9.0.1
1,wh2_dlc11_lord_abilities_storm_of_the_night,false,false,true,wh2_dlc11_lord_abilities_storm_of_the_night,data/unit_stats/abilities/source_exports/db/special_ability_to_special_ability_phase_junctions_tables/data__.tsv,152,9.0.1
1,wh2_dlc11_lord_abilities_transfix,true,false,false,wh2_dlc11_lord_abilities_transfix,data/unit_stats/abilities/source_exports/db/special_ability_to_special_ability_phase_junctions_tables/data__.tsv,153,9.0.1
1,wh2_dlc11_lord_passive_honour_or_death,true,false,false,wh2_dlc11_lord_passive_honour_or_death,data/unit_stats/abilities/source_exports/db/special_ability_to_special_ability_phase_junctions_tables/data__.tsv,154,9.0.1
1,wh2_dlc11_lord_passive_magical_void,true,true,false,wh2_dlc11_lord_passive_magical_void,data/unit_stats/abilities/source_exports/db/special_ability_to_special_ability_phase_junctions_tables/data__.tsv,155,9.0.1
1,wh2_dlc11_lord_passive_merciless_slaver,false,false,true,wh2_dlc11_lord_passive_merciless_slaver,data/unit_stats/abilities/source_exports/db/special_ability_to_special_ability_phase_junctions_tables/data__.tsv,156,9.0.1
1,wh2_dlc11_lore_passive_kiss_of_the_deep,false,false,true,wh2_dlc11_lore_passive_kiss_of_the_deep,data/unit_stats/abilities/source_exports/db/special_ability_to_special_ability_phase_junctions_tables/data__.tsv,157,9.0.1
1,wh2_dlc11_quest_battle_supply,false,true,false,wh2_dlc11_quest_battle_supply,data/unit_stats/abilities/source_exports/db/special_ability_to_special_ability_phase_junctions_tables/data__.tsv,158,9.0.1
1,wh2_dlc11_spell_deep_fog_of_the_damned,false,false,true,wh2_dlc11_spell_deep_fog_of_the_damned,data/unit_stats/abilities/source_exports/db/special_ability_to_special_ability_phase_junctions_tables/data__.tsv,159,9.0.1
1,wh2_dlc11_spell_deep_fog_of_the_damned_upgraded,false,false,true,wh2_dlc11_spell_deep_fog_of_the_damned_upgraded,data/unit_stats/abilities/source_exports/db/special_ability_to_special_ability_phase_junctions_tables/data__.tsv,160,9.0.1
1,wh2_dlc11_spell_deep_spiteful_shot,true,true,false,wh2_dlc11_spell_deep_spiteful_shot,data/unit_stats/abilities/source_exports/db/special_ability_to_special_ability_phase_junctions_tables/data__.tsv,161,9.0.1
1,wh2_dlc11_spell_deep_spiteful_shot_upgraded,true,true,false,wh2_dlc11_spell_deep_spiteful_shot_upgraded,data/unit_stats/abilities/source_exports/db/special_ability_to_special_ability_phase_junctions_tables/data__.tsv,162,9.0.1
1,wh2_dlc11_unit_passive_abandon_ship,true,false,false,wh2_dlc11_unit_passive_abandon_ship,data/unit_stats/abilities/source_exports/db/special_ability_to_special_ability_phase_junctions_tables/data__.tsv,163,9.0.1
1,wh2_dlc11_unit_passive_extra_powder,true,false,false,wh2_dlc11_unit_passive_extra_powder,data/unit_stats/abilities/source_exports/db/special_ability_to_special_ability_phase_junctions_tables/data__.tsv,164,9.0.1
1,wh2_dlc11_unit_passive_gaseous_demise,true,false,false,wh2_dlc11_unit_passive_gaseous_demise_buffer,data/unit_stats/abilities/source_exports/db/special_ability_to_special_ability_phase_junctions_tables/data__.tsv,165,9.0.1
2,wh2_dlc11_unit_passive_gaseous_demise,true,false,false,wh2_dlc11_unit_passive_gaseous_demise_death,data/unit_stats/abilities/source_exports/db/special_ability_to_special_ability_phase_junctions_tables/data__.tsv,166,9.0.1
1,wh2_dlc11_unit_passive_noxious_unstable_mark_ii,true,false,false,wh2_dlc11_unit_passive_noxious_unstable_buffer,data/unit_stats/abilities/source_exports/db/special_ability_to_special_ability_phase_junctions_tables/data__.tsv,167,9.0.1
2,wh2_dlc11_unit_passive_noxious_unstable_mark_ii,true,false,false,wh2_dlc11_unit_passive_noxious_unstable_mark_ii,data/unit_stats/abilities/source_exports/db/special_ability_to_special_ability_phase_junctions_tables/data__.tsv,168,9.0.1
1,wh2_dlc11_unit_passive_the_hunger,true,false,false,wh_main_lord_passive_the_hunger,data/unit_stats/abilities/source_exports/db/special_ability_to_special_ability_phase_junctions_tables/data__.tsv,169,9.0.1
1,wh2_dlc11_unit_passive_the_ravenous_dead,true,false,false,wh2_dlc11_unit_passive_the_ravenous_dead,data/unit_stats/abilities/source_exports/db/special_ability_to_special_ability_phase_junctions_tables/data__.tsv,170,9.0.1
1,wh2_dlc11_unit_passive_unbinding_deckhands_mob,true,false,false,wh2_dlc11_unit_passive_unbinding_deckhands_mob,data/unit_stats/abilities/source_exports/db/special_ability_to_special_ability_phase_junctions_tables/data__.tsv,171,9.0.1
2,wh2_dlc11_unit_passive_unbinding_deckhands_mob,true,false,false,wh_main_unit_passive_unbinding_weak,data/unit_stats/abilities/source_exports/db/special_ability_to_special_ability_phase_junctions_tables/data__.tsv,172,9.0.1
3,wh2_dlc11_unit_passive_unbinding_deckhands_mob,true,false,false,wh_main_unit_passive_unbinding_critical,data/unit_stats/abilities/source_exports/db/special_ability_to_special_ability_phase_junctions_tables/data__.tsv,173,9.0.1
1,wh2_dlc11_unit_passive_unbinding_gunnery_mob,true,false,false,wh2_dlc11_unit_passive_unbinding_gunnery_mob,data/unit_stats/abilities/source_exports/db/special_ability_to_special_ability_phase_junctions_tables/data__.tsv,174,9.0.1
2,wh2_dlc11_unit_passive_unbinding_gunnery_mob,true,false,false,wh_main_unit_passive_unbinding_weak,data/unit_stats/abilities/source_exports/db/special_ability_to_special_ability_phase_junctions_tables/data__.tsv,175,9.0.1
3,wh2_dlc11_unit_passive_unbinding_gunnery_mob,true,false,false,wh_main_unit_passive_unbinding_critical,data/unit_stats/abilities/source_exports/db/special_ability_to_special_ability_phase_junctions_tables/data__.tsv,176,9.0.1
1,wh2_dlc11_unit_passive_unbinding_knights_of_the_realm,true,false,false,wh2_dlc11_unit_passive_unbinding_knights_of_the_realm,data/unit_stats/abilities/source_exports/db/special_ability_to_special_ability_phase_junctions_tables/data__.tsv,177,9.0.1
2,wh2_dlc11_unit_passive_unbinding_knights_of_the_realm,true,false,false,wh_main_unit_passive_unbinding_weak,data/unit_stats/abilities/source_exports/db/special_ability_to_special_ability_phase_junctions_tables/data__.tsv,178,9.0.1
3,wh2_dlc11_unit_passive_unbinding_knights_of_the_realm,true,false,false,wh_main_unit_passive_unbinding_critical,data/unit_stats/abilities/source_exports/db/special_ability_to_special_ability_phase_junctions_tables/data__.tsv,179,9.0.1
1,wh2_dlc11_unit_passive_unbinding_rotting_prometheans,true,false,false,wh2_dlc11_unit_passive_unbinding_rotting_prometheans,data/unit_stats/abilities/source_exports/db/special_ability_to_special_ability_phase_junctions_tables/data__.tsv,180,9.0.1
2,wh2_dlc11_unit_passive_unbinding_rotting_prometheans,true,false,false,wh_main_unit_passive_unbinding_weak_large,data/unit_stats/abilities/source_exports/db/special_ability_to_special_ability_phase_junctions_tables/data__.tsv,181,9.0.1
3,wh2_dlc11_unit_passive_unbinding_rotting_prometheans,true,false,false,wh_main_unit_passive_unbinding_critical,data/unit_stats/abilities/source_exports/db/special_ability_to_special_ability_phase_junctions_tables/data__.tsv,182,9.0.1
1,wh2_dlc11_unit_passive_unbinding_varghulf,true,false,false,wh2_dlc11_unit_passive_unbinding_varghulf,data/unit_stats/abilities/source_exports/db/special_ability_to_special_ability_phase_junctions_tables/data__.tsv,183,9.0.1
2,wh2_dlc11_unit_passive_unbinding_varghulf,true,false,false,wh_main_unit_passive_unbinding_weak_large,data/unit_stats/abilities/source_exports/db/special_ability_to_special_ability_phase_junctions_tables/data__.tsv,184,9.0.1
3,wh2_dlc11_unit_passive_unbinding_varghulf,true,false,false,wh_main_unit_passive_unbinding_critical,data/unit_stats/abilities/source_exports/db/special_ability_to_special_ability_phase_junctions_tables/data__.tsv,185,9.0.1
1,wh2_dlc11_weapon_passive_krakens_bane,true,true,false,wh2_dlc11_weapon_passive_krakens_bane,data/unit_stats/abilities/source_exports/db/special_ability_to_special_ability_phase_junctions_tables/data__.tsv,186,9.0.1
1,wh2_dlc12_character_abilities_brass_orb_upgrade,false,false,true,wh2_dlc12_character_abilities_brass_orb,data/unit_stats/abilities/source_exports/db/special_ability_to_special_ability_phase_junctions_tables/data__.tsv,187,9.0.1
1,wh2_dlc12_character_abilities_supreme_shield_of_the_old_ones,true,true,false,wh2_dlc12_character_abilities_supreme_shield_of_the_old_ones,data/unit_stats/abilities/source_exports/db/special_ability_to_special_ability_phase_junctions_tables/data__.tsv,188,9.0.1
1,wh2_dlc12_item_passive_braid_of_bordeleaux,true,true,false,wh2_dlc12_item_passive_braid_of_bordeleaux,data/unit_stats/abilities/source_exports/db/special_ability_to_special_ability_phase_junctions_tables/data__.tsv,189,9.0.1
1,wh2_dlc12_item_passive_golden_death_mask,false,false,true,wh2_dlc12_item_passive_golden_death_mask,data/unit_stats/abilities/source_exports/db/special_ability_to_special_ability_phase_junctions_tables/data__.tsv,190,9.0.1
1,wh2_dlc12_item_passive_mask_of_heavens,true,true,false,wh2_dlc12_item_passive_mask_of_heavens,data/unit_stats/abilities/source_exports/db/special_ability_to_special_ability_phase_junctions_tables/data__.tsv,191,9.0.1
1,wh2_dlc12_item_passive_plaque_of_sotek,true,false,false,wh2_dlc12_item_passive_plaque_of_sotek,data/unit_stats/abilities/source_exports/db/special_ability_to_special_ability_phase_junctions_tables/data__.tsv,192,9.0.1
1,wh2_dlc12_lord_abilities_focus_instincts,true,true,false,wh2_dlc12_lord_abilities_focus_instincts,data/unit_stats/abilities/source_exports/db/special_ability_to_special_ability_phase_junctions_tables/data__.tsv,193,9.0.1
1,wh2_dlc12_lord_abilities_master_of_the_skies,true,false,false,wh2_dlc12_lord_abilities_master_of_the_skies,data/unit_stats/abilities/source_exports/db/special_ability_to_special_ability_phase_junctions_tables/data__.tsv,194,9.0.1
1,wh2_dlc12_lord_abilities_unlimited_power,true,false,false,wh2_dlc12_lord_abilities_unlimited_power,data/unit_stats/abilities/source_exports/db/special_ability_to_special_ability_phase_junctions_tables/data__.tsv,195,9.0.1
1,wh2_dlc12_lord_abilities_warriors_crest,true,false,false,wh2_dlc12_lord_abilities_warriors_crest,data/unit_stats/abilities/source_exports/db/special_ability_to_special_ability_phase_junctions_tables/data__.tsv,196,9.0.1
1,wh2_dlc12_lord_passive_adrenaline_rush,true,false,false,wh2_dlc12_lord_passive_adrenaline_rush,data/unit_stats/abilities/source_exports/db/special_ability_to_special_ability_phase_junctions_tables/data__.tsv,197,9.0.1
1,wh2_dlc12_lord_passive_overload,true,false,false,wh2_dlc12_lord_passive_overload,data/unit_stats/abilities/source_exports/db/special_ability_to_special_ability_phase_junctions_tables/data__.tsv,198,9.0.1
1,wh2_dlc12_lord_passive_secondwind_serum,true,false,false,wh2_dlc12_lord_passive_secondwind_serum,data/unit_stats/abilities/source_exports/db/special_ability_to_special_ability_phase_junctions_tables/data__.tsv,199,9.0.1
1,wh2_dlc12_unit_abilities_refuse_to_die,true,false,false,wh2_dlc12_unit_abilities_refuse_to_die,data/unit_stats/abilities/source_exports/db/special_ability_to_special_ability_phase_junctions_tables/data__.tsv,200,9.0.1
1,wh2_dlc12_unit_abilities_shield_of_chaqua,true,true,false,wh2_dlc12_unit_abilities_shield_of_chaqua,data/unit_stats/abilities/source_exports/db/special_ability_to_special_ability_phase_junctions_tables/data__.tsv,201,9.0.1
1,wh2_dlc12_unit_abilities_toad_rage,true,false,false,wh2_dlc12_unit_abilities_toad_rage,data/unit_stats/abilities/source_exports/db/special_ability_to_special_ability_phase_junctions_tables/data__.tsv,202,9.0.1
1,wh2_dlc12_unit_passive_arcane_configuration,true,false,false,wh2_dlc12_unit_passive_arcane_configuration,data/unit_stats/abilities/source_exports/db/special_ability_to_special_ability_phase_junctions_tables/data__.tsv,203,9.0.1
1,wh2_dlc12_unit_passive_blade_swirl,true,false,false,wh2_dlc12_unit_passive_blade_swirl,data/unit_stats/abilities/source_exports/db/special_ability_to_special_ability_phase_junctions_tables/data__.tsv,204,9.0.1
1,wh2_dlc12_unit_passive_demagoguery,true,true,false,wh2_dlc12_unit_passive_demagoguery,data/unit_stats/abilities/source_exports/db/special_ability_to_special_ability_phase_junctions_tables/data__.tsv,205,9.0.1
1,wh2_dlc12_unit_passive_endless_drum,true,false,false,wh2_dlc12_unit_passive_endless_drum,data/unit_stats/abilities/source_exports/db/special_ability_to_special_ability_phase_junctions_tables/data__.tsv,206,9.0.1
1,wh2_dlc12_unit_passive_portent_of_warding,true,true,false,wh2_dlc12_unit_passive_portent_of_warding,data/unit_stats/abilities/source_exports/db/special_ability_to_special_ability_phase_junctions_tables/data__.tsv,207,9.0.1
1,wh2_dlc12_unit_passive_the_best_defence,true,false,false,wh2_dlc12_unit_passive_the_best_defence,data/unit_stats/abilities/source_exports/db/special_ability_to_special_ability_phase_junctions_tables/data__.tsv,208,9.0.1
1,wh2_dlc12_unit_passive_thunderous_one,true,false,false,wh2_dlc12_unit_passive_thunderous_one,data/unit_stats/abilities/source_exports/db/special_ability_to_special_ability_phase_junctions_tables/data__.tsv,209,9.0.1
1,wh2_dlc12_unit_passive_witness_me,true,true,false,wh2_dlc12_unit_passive_witness_me,data/unit_stats/abilities/source_exports/db/special_ability_to_special_ability_phase_junctions_tables/data__.tsv,210,9.0.1
1,wh2_dlc12_weapon_passive_blade_of_the_ancient_skies,true,false,false,wh2_dlc12_weapon_passive_blade_of_the_ancient_skies,data/unit_stats/abilities/source_exports/db/special_ability_to_special_ability_phase_junctions_tables/data__.tsv,211,9.0.1
1,wh2_dlc12_weapon_passive_blade_of_the_serpents_tongue,true,true,false,wh2_dlc12_weapon_passive_blade_of_the_serpents_tongue,data/unit_stats/abilities/source_exports/db/special_ability_to_special_ability_phase_junctions_tables/data__.tsv,212,9.0.1
1,wh2_dlc13_army_abilities_protection_of_quetzl,true,true,false,wh2_dlc13_army_abilities_protection_of_quetzl,data/unit_stats/abilities/source_exports/db/special_ability_to_special_ability_phase_junctions_tables/data__.tsv,213,9.0.1
1,wh2_dlc13_army_abilities_protection_of_quetzl_upgraded,true,true,false,wh2_dlc13_army_abilities_protection_of_quetzl_upgraded,data/unit_stats/abilities/source_exports/db/special_ability_to_special_ability_phase_junctions_tables/data__.tsv,214,9.0.1
1,wh2_dlc13_character_abilities_patch_up,false,true,false,wh2_dlc13_character_abilities_patch_up,data/unit_stats/abilities/source_exports/db/special_ability_to_special_ability_phase_junctions_tables/data__.tsv,215,9.0.1
1,wh2_dlc13_character_ability_hunters_call,true,true,false,wh2_dlc13_character_ability_hunters_call,data/unit_stats/abilities/source_exports/db/special_ability_to_special_ability_phase_junctions_tables/data__.tsv,216,9.0.1
1,wh2_dlc13_final_battle_abilities_shield_of_the_old_ones,true,true,false,wh2_dlc13_final_battle_abilities_shield_of_the_old_ones,data/unit_stats/abilities/source_exports/db/special_ability_to_special_ability_phase_junctions_tables/data__.tsv,217,9.0.1
1,wh2_dlc13_final_battle_character_abilities_jorek_ammo_replenishment,true,true,false,wh2_dlc13_final_battle_character_abilities_jorek_ammo_replenishment,data/unit_stats/abilities/source_exports/db/special_ability_to_special_ability_phase_junctions_tables/data__.tsv,218,9.0.1
1,wh2_dlc13_final_battle_character_abilities_rodrik_ward_save_reduction,false,false,true,wh2_dlc13_final_battle_character_abilities_rodrik_ward_save_reduction,data/unit_stats/abilities/source_exports/db/special_ability_to_special_ability_phase_junctions_tables/data__.tsv,219,9.0.1
1,wh2_dlc13_item_abilities_shield_of_aeons,true,true,false,wh2_dlc13_item_abilities_shield_of_aeons,data/unit_stats/abilities/source_exports/db/special_ability_to_special_ability_phase_junctions_tables/data__.tsv,220,9.0.1
1,wh2_dlc13_item_passive_band_of_loyalty,true,true,false,wh2_dlc13_item_passive_band_of_loyalty,data/unit_stats/abilities/source_exports/db/special_ability_to_special_ability_phase_junctions_tables/data__.tsv,221,9.0.1
1,wh2_dlc13_item_passive_golden_tributes,true,true,false,wh2_dlc13_item_passive_golden_tributes,data/unit_stats/abilities/source_exports/db/special_ability_to_special_ability_phase_junctions_tables/data__.tsv,222,9.0.1
1,wh2_dlc13_item_passive_obsinite_plate,false,false,true,wh2_dlc13_armour_passive_obsinite_plate,data/unit_stats/abilities/source_exports/db/special_ability_to_special_ability_phase_junctions_tables/data__.tsv,223,9.0.1
1,wh2_dlc13_item_passive_resilient_spirit,true,false,false,wh2_dlc13_item_passive_resilient_spirit,data/unit_stats/abilities/source_exports/db/special_ability_to_special_ability_phase_junctions_tables/data__.tsv,224,9.0.1
1,wh2_dlc13_lord_abilities_aura_of_inertia,false,false,true,wh2_dlc13_lord_abilities_aura_of_inertia,data/unit_stats/abilities/source_exports/db/special_ability_to_special_ability_phase_junctions_tables/data__.tsv,225,9.0.1
1,wh2_dlc13_lord_abilities_funnel_of_flame,true,true,false,wh2_dlc13_lord_abilities_funnel_of_flame,data/unit_stats/abilities/source_exports/db/special_ability_to_special_ability_phase_junctions_tables/data__.tsv,226,9.0.1
1,wh2_dlc13_lord_abilities_hail_of_fire,true,true,false,wh2_dlc13_lord_abilities_hail_of_fire,data/unit_stats/abilities/source_exports/db/special_ability_to_special_ability_phase_junctions_tables/data__.tsv,227,9.0.1
1,wh2_dlc13_lord_abilities_hunters_snare,false,false,true,wh2_dlc13_lord_abilities_hunters_snare,data/unit_stats/abilities/source_exports/db/special_ability_to_special_ability_phase_junctions_tables/data__.tsv,228,9.0.1
1,wh2_dlc13_lord_abilities_hunters_trap,false,false,true,wh2_dlc13_lord_abilities_hunters_trap,data/unit_stats/abilities/source_exports/db/special_ability_to_special_ability_phase_junctions_tables/data__.tsv,229,9.0.1
1,wh2_dlc13_lord_abilities_miasma_of_despair,false,false,true,wh2_dlc13_lord_abilities_miasma_of_despair,data/unit_stats/abilities/source_exports/db/special_ability_to_special_ability_phase_junctions_tables/data__.tsv,230,9.0.1
1,wh2_dlc13_lord_abilities_monstrous_strength,true,false,false,wh2_dlc13_lord_abilities_monstrous_strength,data/unit_stats/abilities/source_exports/db/special_ability_to_special_ability_phase_junctions_tables/data__.tsv,231,9.0.1
1,wh2_dlc13_lord_abilities_primal_roar,true,true,false,wh2_dlc13_lord_abilities_primal_roar,data/unit_stats/abilities/source_exports/db/special_ability_to_special_ability_phase_junctions_tables/data__.tsv,232,9.0.1
1,wh2_dlc13_lord_abilities_rock_of_itza,true,false,false,wh2_dlc13_lord_abilities_rock_of_itza,data/unit_stats/abilities/source_exports/db/special_ability_to_special_ability_phase_junctions_tables/data__.tsv,233,9.0.1
1,wh2_dlc13_lord_passive_endurance_aura,true,true,false,wh2_dlc13_lord_passive_endurance_aura,data/unit_stats/abilities/source_exports/db/special_ability_to_special_ability_phase_junctions_tables/data__.tsv,234,9.0.1
1,wh2_dlc13_lord_passive_fleet_footed,true,false,false,wh2_dlc13_lord_passive_fleet_footed,data/unit_stats/abilities/source_exports/db/special_ability_to_special_ability_phase_junctions_tables/data__.tsv,235,9.0.1
1,wh2_dlc13_lord_passive_merely_a_fleshwound,true,false,false,wh2_dlc13_lord_passive_merely_a_fleshwound,data/unit_stats/abilities/source_exports/db/special_ability_to_special_ability_phase_junctions_tables/data__.tsv,236,9.0.1
1,wh2_dlc13_lord_passive_to_the_death,true,false,false,wh2_dlc13_lord_passive_to_the_death,data/unit_stats/abilities/source_exports/db/special_ability_to_special_ability_phase_junctions_tables/data__.tsv,237,9.0.1
1,wh2_dlc13_lord_passive_trueshot_aura,true,true,false,wh2_dlc13_lord_passive_trueshot_aura,data/unit_stats/abilities/source_exports/db/special_ability_to_special_ability_phase_junctions_tables/data__.tsv,238,9.0.1
1,wh2_dlc13_unit_abilities_bathed_in_blood,true,true,false,wh2_dlc13_unit_abilities_bathed_in_blood,data/unit_stats/abilities/source_exports/db/special_ability_to_special_ability_phase_junctions_tables/data__.tsv,239,9.0.1
1,wh2_dlc13_unit_abilities_blinding_radiance,false,false,true,wh2_dlc13_unit_abilities_blinding_radiance,data/unit_stats/abilities/source_exports/db/special_ability_to_special_ability_phase_junctions_tables/data__.tsv,240,9.0.1
1,wh2_dlc13_unit_passive_dread_aversion,false,false,true,wh2_dlc13_unit_passive_dread_aversion,data/unit_stats/abilities/source_exports/db/special_ability_to_special_ability_phase_junctions_tables/data__.tsv,241,9.0.1
1,wh2_dlc13_unit_passive_grim_resolve,true,false,false,wh2_dlc13_unit_passive_grim_resolve,data/unit_stats/abilities/source_exports/db/special_ability_to_special_ability_phase_junctions_tables/data__.tsv,242,9.0.1
1,wh2_dlc13_weapon_abilities_averland_runefang,false,false,true,wh2_dlc13_weapon_abilities_averland_runefang,data/unit_stats/abilities/source_exports/db/special_ability_to_special_ability_phase_junctions_tables/data__.tsv,243,9.0.1
1,wh2_dlc13_weapon_abilities_drakwald_runefang,true,false,false,wh2_dlc13_weapon_abilities_drakwald_runefang,data/unit_stats/abilities/source_exports/db/special_ability_to_special_ability_phase_junctions_tables/data__.tsv,244,9.0.1
1,wh2_dlc13_weapon_abilities_hochland_runefang,false,false,true,wh2_dlc13_weapon_abilities_hochland_runefang,data/unit_stats/abilities/source_exports/db/special_ability_to_special_ability_phase_junctions_tables/data__.tsv,245,9.0.1
1,wh2_dlc13_weapon_abilities_mace_of_ulumak,true,false,false,wh2_dlc13_weapon_abilities_mace_of_ulumak,data/unit_stats/abilities/source_exports/db/special_ability_to_special_ability_phase_junctions_tables/data__.tsv,246,9.0.1
1,wh2_dlc13_weapon_abilities_nordland_runefang,false,false,true,wh2_dlc13_weapon_abilities_nordland_runefang,data/unit_stats/abilities/source_exports/db/special_ability_to_special_ability_phase_junctions_tables/data__.tsv,247,9.0.1
1,wh2_dlc13_weapon_abilities_ostermark_runefang,true,true,false,wh2_dlc13_weapon_abilities_ostermark_runefang,data/unit_stats/abilities/source_exports/db/special_ability_to_special_ability_phase_junctions_tables/data__.tsv,248,9.0.1
1,wh2_dlc13_weapon_abilities_ostland_runefang,true,false,false,wh2_dlc13_weapon_abilities_ostland_runefang,data/unit_stats/abilities/source_exports/db/special_ability_to_special_ability_phase_junctions_tables/data__.tsv,249,9.0.1
1,wh2_dlc13_weapon_abilities_talabecland_runefang,true,false,false,wh2_dlc13_weapon_abilities_talabecland_runefang,data/unit_stats/abilities/source_exports/db/special_ability_to_special_ability_phase_junctions_tables/data__.tsv,250,9.0.1
1,wh2_dlc13_weapon_abilities_wissenland_runefang,false,false,true,wh2_dlc13_weapon_abilities_wissenland_runefang,data/unit_stats/abilities/source_exports/db/special_ability_to_special_ability_phase_junctions_tables/data__.tsv,251,9.0.1
1,wh2_dlc13_weapon_passive_solland_runefang,false,false,true,wh2_dlc13_weapon_passive_solland_runefang,data/unit_stats/abilities/source_exports/db/special_ability_to_special_ability_phase_junctions_tables/data__.tsv,252,9.0.1
1,wh2_dlc13_weapon_passive_stirland_runefang,true,true,false,wh2_dlc13_weapon_passive_stirland_runefang,data/unit_stats/abilities/source_exports/db/special_ability_to_special_ability_phase_junctions_tables/data__.tsv,253,9.0.1
1,wh2_dlc14_character_abilities_from_the_shadows,true,true,false,wh2_dlc14_character_abilities_from_the_shadows,data/unit_stats/abilities/source_exports/db/special_ability_to_special_ability_phase_junctions_tables/data__.tsv,254,9.0.1
1,wh2_dlc14_character_passive_discombobulate,false,false,true,wh2_dlc14_character_passive_discombobulate,data/unit_stats/abilities/source_exports/db/special_ability_to_special_ability_phase_junctions_tables/data__.tsv,255,9.0.1
1,wh2_dlc14_item_passive_idol_of_darkness,false,false,true,wh2_dlc14_item_passive_idol_of_darkness,data/unit_stats/abilities/source_exports/db/special_ability_to_special_ability_phase_junctions_tables/data__.tsv,256,9.0.1
1,wh2_dlc14_item_passive_the_cloak_of_shadows,false,false,true,wh2_dlc14_item_passive_the_cloak_of_shadows,data/unit_stats/abilities/source_exports/db/special_ability_to_special_ability_phase_junctions_tables/data__.tsv,257,9.0.1
1,wh2_dlc14_lord_abilities_beastslaver,true,false,false,wh2_dlc14_lord_abilities_beastslaver,data/unit_stats/abilities/source_exports/db/special_ability_to_special_ability_phase_junctions_tables/data__.tsv,258,9.0.1
1,wh2_dlc14_lord_abilities_bloodstorm,true,false,false,wh2_dlc14_lord_abilities_bloodstorm,data/unit_stats/abilities/source_exports/db/special_ability_to_special_ability_phase_junctions_tables/data__.tsv,259,9.0.1
1,wh2_dlc14_lord_abilities_deathmasters_sigil,false,false,true,wh2_dlc14_lord_abilities_deathmasters_sigil,data/unit_stats/abilities/source_exports/db/special_ability_to_special_ability_phase_junctions_tables/data__.tsv,260,9.0.1
1,wh2_dlc14_lord_abilities_looming_dread,false,false,true,wh2_dlc14_lord_abilities_looming_dread,data/unit_stats/abilities/source_exports/db/special_ability_to_special_ability_phase_junctions_tables/data__.tsv,261,9.0.1
1,wh2_dlc14_lord_abilities_reaper_of_souls,false,false,true,wh2_dlc14_lord_abilities_reaper_of_souls,data/unit_stats/abilities/source_exports/db/special_ability_to_special_ability_phase_junctions_tables/data__.tsv,262,9.0.1
1,wh2_dlc14_lord_abilities_reaper_of_souls,true,false,false,wh2_dlc14_lord_abilities_reaper_of_souls_miscast,data/unit_stats/abilities/source_exports/db/special_ability_to_special_ability_phase_junctions_tables/data__.tsv,263,9.0.1
1,wh2_dlc14_lord_abilities_the_blood_price,true,false,false,wh2_dlc14_lord_abilities_the_blood_price,data/unit_stats/abilities/source_exports/db/special_ability_to_special_ability_phase_junctions_tables/data__.tsv,264,9.0.1
1,wh2_dlc14_lord_abilities_the_daemons_curse,false,false,true,wh2_dlc14_lord_abilities_the_daemons_curse,data/unit_stats/abilities/source_exports/db/special_ability_to_special_ability_phase_junctions_tables/data__.tsv,265,9.0.1
1,wh2_dlc14_lord_abilities_whiplash,false,true,false,wh2_dlc14_lord_abilities_whiplash,data/unit_stats/abilities/source_exports/db/special_ability_to_special_ability_phase_junctions_tables/data__.tsv,266,9.0.1
1,wh2_dlc14_lord_passive_fleur_de_lys_banner,true,true,false,wh2_dlc14_lord_passive_fleur_de_lys_banner,data/unit_stats/abilities/source_exports/db/special_ability_to_special_ability_phase_junctions_tables/data__.tsv,267,9.0.1
1,wh2_dlc14_lord_passive_tzarkan,true,false,false,wh2_dlc14_lord_passive_tzarkan,data/unit_stats/abilities/source_exports/db/special_ability_to_special_ability_phase_junctions_tables/data__.tsv,268,9.0.1
1,wh2_dlc14_lore_passive_toxic_rain,false,false,true,wh2_dlc14_lore_passive_toxic_rain,data/unit_stats/abilities/source_exports/db/special_ability_to_special_ability_phase_junctions_tables/data__.tsv,269,9.0.1
1,wh2_dlc14_spell_ruin_flensing_ruin,false,false,true,wh2_dlc14_spell_ruin_flensing_ruin,data/unit_stats/abilities/source_exports/db/special_ability_to_special_ability_phase_junctions_tables/data__.tsv,270,9.0.1
1,wh2_dlc14_spell_ruin_flensing_ruin_upgraded,false,false,true,wh2_dlc14_spell_ruin_flensing_ruin_upgraded,data/unit_stats/abilities/source_exports/db/special_ability_to_special_ability_phase_junctions_tables/data__.tsv,271,9.0.1
1,wh2_dlc14_spell_stealth_armour_of_darkness,true,true,false,wh2_dlc14_spell_stealth_armour_of_darkness,data/unit_stats/abilities/source_exports/db/special_ability_to_special_ability_phase_junctions_tables/data__.tsv,272,9.0.1
1,wh2_dlc14_spell_stealth_armour_of_darkness_upgraded,true,true,false,wh2_dlc14_spell_stealth_armour_of_darkness_upgraded,data/unit_stats/abilities/source_exports/db/special_ability_to_special_ability_phase_junctions_tables/data__.tsv,273,9.0.1
1,wh2_dlc14_spell_stealth_brittle_bone,false,false,true,wh2_dlc14_spell_stealth_brittle_bone,data/unit_stats/abilities/source_exports/db/special_ability_to_special_ability_phase_junctions_tables/data__.tsv,274,9.0.1
1,wh2_dlc14_spell_stealth_brittle_bone_upgraded,false,false,true,wh2_dlc14_spell_stealth_brittle_bone_upgraded,data/unit_stats/abilities/source_exports/db/special_ability_to_special_ability_phase_junctions_tables/data__.tsv,275,9.0.1
1,wh2_dlc14_unit_abilities_seismic_snare,false,false,true,wh2_dlc14_unit_abilities_seismic_snare,data/unit_stats/abilities/source_exports/db/special_ability_to_special_ability_phase_junctions_tables/data__.tsv,276,9.0.1
1,wh2_dlc14_unit_abilities_wail_of_malice,false,false,true,wh2_dlc14_unit_abilities_wail_of_malice,data/unit_stats/abilities/source_exports/db/special_ability_to_special_ability_phase_junctions_tables/data__.tsv,277,9.0.1
1,wh2_dlc14_unit_abilities_warp_quake,false,false,true,wh2_dlc14_unit_abilities_warp_quake,data/unit_stats/abilities/source_exports/db/special_ability_to_special_ability_phase_junctions_tables/data__.tsv,278,9.0.1
1,wh2_dlc14_unit_passive_aura_of_agony,false,false,true,wh2_dlc14_unit_passive_aura_of_agony,data/unit_stats/abilities/source_exports/db/special_ability_to_special_ability_phase_junctions_tables/data__.tsv,279,9.0.1
1,wh2_dlc14_unit_passive_aura_of_ardour,true,true,false,wh2_dlc14_unit_passive_aura_of_ardour,data/unit_stats/abilities/source_exports/db/special_ability_to_special_ability_phase_junctions_tables/data__.tsv,280,9.0.1
1,wh2_dlc14_unit_passive_barbed_net,false,false,true,wh2_dlc14_unit_passive_barbed_net,data/unit_stats/abilities/source_exports/db/special_ability_to_special_ability_phase_junctions_tables/data__.tsv,281,9.0.1
1,wh2_dlc14_unit_passive_crowfeast,true,false,false,wh2_dlc14_unit_passive_crowfeast,data/unit_stats/abilities/source_exports/db/special_ability_to_special_ability_phase_junctions_tables/data__.tsv,282,9.0.1
1,wh2_dlc14_unit_passive_duck_and_weave,true,false,false,wh2_dlc14_unit_passive_duck_and_weave,data/unit_stats/abilities/source_exports/db/special_ability_to_special_ability_phase_junctions_tables/data__.tsv,283,9.0.1
1,wh2_dlc14_unit_passive_unbinding_eshin_triads_ror,true,false,false,wh2_dlc14_unit_passive_unbinding_eshin_triads_ror_1,data/unit_stats/abilities/source_exports/db/special_ability_to_special_ability_phase_junctions_tables/data__.tsv,284,9.0.1
2,wh2_dlc14_unit_passive_unbinding_eshin_triads_ror,true,false,false,wh2_dlc14_unit_passive_unbinding_eshin_triads_ror_2,data/unit_stats/abilities/source_exports/db/special_ability_to_special_ability_phase_junctions_tables/data__.tsv,285,9.0.1
1,wh2_dlc14_unit_passive_unbinding_stormvermin_0,true,false,false,wh2_dlc14_unit_passive_unbinding_stormvermin_0,data/unit_stats/abilities/source_exports/db/special_ability_to_special_ability_phase_junctions_tables/data__.tsv,286,9.0.1
2,wh2_dlc14_unit_passive_unbinding_stormvermin_0,true,false,false,wh_main_unit_passive_unbinding_weak_rat,data/unit_stats/abilities/source_exports/db/special_ability_to_special_ability_phase_junctions_tables/data__.tsv,287,9.0.1
3,wh2_dlc14_unit_passive_unbinding_stormvermin_0,true,false,false,wh_main_unit_passive_unbinding_critical_rat,data/unit_stats/abilities/source_exports/db/special_ability_to_special_ability_phase_junctions_tables/data__.tsv,288,9.0.1
1,wh2_dlc14_unit_passive_unbinding_stormvermin_1,true,false,false,wh2_dlc14_unit_passive_unbinding_stormvermin_1,data/unit_stats/abilities/source_exports/db/special_ability_to_special_ability_phase_junctions_tables/data__.tsv,289,9.0.1
2,wh2_dlc14_unit_passive_unbinding_stormvermin_1,true,false,false,wh_main_unit_passive_unbinding_weak_rat,data/unit_stats/abilities/source_exports/db/special_ability_to_special_ability_phase_junctions_tables/data__.tsv,290,9.0.1
3,wh2_dlc14_unit_passive_unbinding_stormvermin_1,true,false,false,wh_main_unit_passive_unbinding_critical_rat,data/unit_stats/abilities/source_exports/db/special_ability_to_special_ability_phase_junctions_tables/data__.tsv,291,9.0.1
1,wh2_dlc14_weapon_abilities_sword_of_lyonesse,true,false,false,wh2_dlc14_weapon_abilities_sword_of_lyonesse,data/unit_stats/abilities/source_exports/db/special_ability_to_special_ability_phase_junctions_tables/data__.tsv,292,9.0.1
1,wh2_dlc14_weapon_abilities_whirl_of_weeping_blades,true,false,false,wh2_dlc14_weapon_abilities_whirl_of_weeping_blades,data/unit_stats/abilities/source_exports/db/special_ability_to_special_ability_phase_junctions_tables/data__.tsv,293,9.0.1
1,wh2_dlc14_weapon_passive_warpsword_of_khaine,true,false,false,wh2_dlc14_weapon_abilities_warpsword_of_khaine,data/unit_stats/abilities/source_exports/db/special_ability_to_special_ability_phase_junctions_tables/data__.tsv,294,9.0.1
1,wh2_dlc15_army_abilities_azhags_big_waaagh,false,true,false,wh2_dlc15_army_abilities_azhags_big_waaagh,data/unit_stats/abilities/source_exports/db/special_ability_to_special_ability_phase_junctions_tables/data__.tsv,295,9.0.1
1,wh2_dlc15_army_abilities_azhags_waaagh,false,true,false,wh2_dlc15_army_abilities_azhags_waaagh,data/unit_stats/abilities/source_exports/db/special_ability_to_special_ability_phase_junctions_tables/data__.tsv,296,9.0.1
1,wh2_dlc15_army_abilities_big_waaagh,false,true,false,wh2_dlc15_army_abilities_big_waaagh,data/unit_stats/abilities/source_exports/db/special_ability_to_special_ability_phase_junctions_tables/data__.tsv,297,9.0.1
1,wh2_dlc15_army_abilities_envelop_in_mist,false,true,false,wh2_dlc15_army_abilities_envelop_in_mist,data/unit_stats/abilities/source_exports/db/special_ability_to_special_ability_phase_junctions_tables/data__.tsv,298,9.0.1
1,wh2_dlc15_army_abilities_grimgors_big_waaagh,false,true,false,wh2_dlc15_army_abilities_grimgors_big_waaagh,data/unit_stats/abilities/source_exports/db/special_ability_to_special_ability_phase_junctions_tables/data__.tsv,299,9.0.1
1,wh2_dlc15_army_abilities_grimgors_waaagh,false,true,false,wh2_dlc15_army_abilities_grimgors_waaagh,data/unit_stats/abilities/source_exports/db/special_ability_to_special_ability_phase_junctions_tables/data__.tsv,300,9.0.1
1,wh2_dlc15_army_abilities_groms_big_waaagh,false,true,false,wh2_dlc15_army_abilities_groms_big_waaagh,data/unit_stats/abilities/source_exports/db/special_ability_to_special_ability_phase_junctions_tables/data__.tsv,301,9.0.1
1,wh2_dlc15_army_abilities_groms_waaagh,false,true,false,wh2_dlc15_army_abilities_groms_waaagh,data/unit_stats/abilities/source_exports/db/special_ability_to_special_ability_phase_junctions_tables/data__.tsv,302,9.0.1
1,wh2_dlc15_army_abilities_invocation_of_ending,false,false,true,wh2_dlc15_army_abilities_invocation_of_ending,data/unit_stats/abilities/source_exports/db/special_ability_to_special_ability_phase_junctions_tables/data__.tsv,303,9.0.1
1,wh2_dlc15_army_abilities_oath_of_replenishment,false,true,false,wh2_dlc15_army_abilities_oath_of_replenishment,data/unit_stats/abilities/source_exports/db/special_ability_to_special_ability_phase_junctions_tables/data__.tsv,304,9.0.1
1,wh2_dlc15_army_abilities_oath_of_replenishment_upgraded,false,true,false,wh2_dlc15_army_abilities_oath_of_replenishment_upgraded,data/unit_stats/abilities/source_exports/db/special_ability_to_special_ability_phase_junctions_tables/data__.tsv,305,9.0.1
1,wh2_dlc15_army_abilities_skarsniks_big_waaagh,false,true,false,wh2_dlc15_army_abilities_skarsniks_big_waaagh,data/unit_stats/abilities/source_exports/db/special_ability_to_special_ability_phase_junctions_tables/data__.tsv,306,9.0.1
1,wh2_dlc15_army_abilities_skarsniks_waaagh,false,true,false,wh2_dlc15_army_abilities_skarsniks_waaagh,data/unit_stats/abilities/source_exports/db/special_ability_to_special_ability_phase_junctions_tables/data__.tsv,307,9.0.1
1,wh2_dlc15_army_abilities_unleash_the_winds,false,true,false,wh2_dlc15_army_abilities_unleash_the_winds,data/unit_stats/abilities/source_exports/db/special_ability_to_special_ability_phase_junctions_tables/data__.tsv,308,9.0.1
1,wh2_dlc15_army_abilities_waaagh,false,true,false,wh2_dlc15_army_abilities_waaagh,data/unit_stats/abilities/source_exports/db/special_ability_to_special_ability_phase_junctions_tables/data__.tsv,309,9.0.1
1,wh2_dlc15_army_abilities_wurrzags_big_waaagh,false,true,false,wh2_dlc15_army_abilities_wurrzags_big_waaagh,data/unit_stats/abilities/source_exports/db/special_ability_to_special_ability_phase_junctions_tables/data__.tsv,310,9.0.1
1,wh2_dlc15_army_abilities_wurrzags_waaagh,false,true,false,wh2_dlc15_army_abilities_wurrzags_waaagh,data/unit_stats/abilities/source_exports/db/special_ability_to_special_ability_phase_junctions_tables/data__.tsv,311,9.0.1
1,wh2_dlc15_banner_passive_da_immortulz,true,false,false,wh2_dlc15_banner_passive_da_immortulz,data/unit_stats/abilities/source_exports/db/special_ability_to_special_ability_phase_junctions_tables/data__.tsv,312,9.0.1
1,wh2_dlc15_character_abilities_sausage_busta,true,true,false,wh2_dlc15_character_abilities_sausage_busta,data/unit_stats/abilities/source_exports/db/special_ability_to_special_ability_phase_junctions_tables/data__.tsv,313,9.0.1
1,wh2_dlc15_character_abilities_they_needs_stabbin,false,false,true,wh2_dlc15_character_abilities_they_needs_stabbin,data/unit_stats/abilities/source_exports/db/special_ability_to_special_ability_phase_junctions_tables/data__.tsv,314,9.0.1
1,wh2_dlc15_character_abilities_wardens_cage,false,false,true,wh2_dlc15_character_abilities_wardens_cage,data/unit_stats/abilities/source_exports/db/special_ability_to_special_ability_phase_junctions_tables/data__.tsv,315,9.0.1
1,wh2_dlc15_hero_abilities_mither,false,false,true,wh2_dlc15_hero_abilites_mither,data/unit_stats/abilities/source_exports/db/special_ability_to_special_ability_phase_junctions_tables/data__.tsv,316,9.0.1
1,wh2_dlc15_hero_passive_ballistics_instructor,true,true,false,wh2_dlc15_hero_passive_ballistics_instructor,data/unit_stats/abilities/source_exports/db/special_ability_to_special_ability_phase_junctions_tables/data__.tsv,317,9.0.1
1,wh2_dlc15_item_abilities_armour_of_caledor,true,false,false,wh2_dlc15_item_abilities_armour_of_caledor,data/unit_stats/abilities/source_exports/db/special_ability_to_special_ability_phase_junctions_tables/data__.tsv,318,9.0.1
1,wh2_dlc15_item_abilities_azhags_ard_armour,true,true,false,wh2_dlc15_item_abilities_azhags_ard_armour,data/unit_stats/abilities/source_exports/db/special_ability_to_special_ability_phase_junctions_tables/data__.tsv,319,9.0.1
1,wh2_dlc15_item_abilities_blood_forged_armour,true,false,false,wh2_dlc15_item_abilities_blood_forged_armour,data/unit_stats/abilities/source_exports/db/special_ability_to_special_ability_phase_junctions_tables/data__.tsv,320,9.0.1
1,wh2_dlc15_item_abilities_helm_of_yvresse,true,true,false,wh2_dlc15_item_abilities_helm_of_yvresse,data/unit_stats/abilities/source_exports/db/special_ability_to_special_ability_phase_junctions_tables/data__.tsv,321,9.0.1
1,wh2_dlc15_item_abilities_lucky_banner,true,false,false,wh2_dlc15_item_abilities_lucky_banner,data/unit_stats/abilities/source_exports/db/special_ability_to_special_ability_phase_junctions_tables/data__.tsv,322,9.0.1
1,wh2_dlc15_item_abilities_vine_dragon_scale,false,false,true,wh2_dlc15_item_abilities_vine_dragon_scale,data/unit_stats/abilities/source_exports/db/special_ability_to_special_ability_phase_junctions_tables/data__.tsv,323,9.0.1
1,wh2_dlc15_lord_abilities_da_great_un_iz_ere,true,true,false,wh2_dlc15_lord_abilities_da_great_un_iz_ere,data/unit_stats/abilities/source_exports/db/special_ability_to_special_ability_phase_junctions_tables/data__.tsv,324,9.0.1
1,wh2_dlc15_lord_abilities_dont_even_try_it,false,false,true,wh2_dlc15_lord_abilities_dont_even_try_it,data/unit_stats/abilities/source_exports/db/special_ability_to_special_ability_phase_junctions_tables/data__.tsv,325,9.0.1
1,wh2_dlc15_lord_abilities_dragonhorn,true,true,false,wh2_dlc15_lord_abilities_dragonhorn,data/unit_stats/abilities/source_exports/db/special_ability_to_special_ability_phase_junctions_tables/data__.tsv,326,9.0.1
1,wh2_dlc15_lord_abilities_fermented_fungi,false,false,true,wh2_dlc15_abilities_fermented_fungi,data/unit_stats/abilities/source_exports/db/special_ability_to_special_ability_phase_junctions_tables/data__.tsv,327,9.0.1
1,wh2_dlc15_lord_abilities_lord_of_dragons,false,false,true,wh2_dlc15_lord_abilities_lord_of_dragons,data/unit_stats/abilities/source_exports/db/special_ability_to_special_ability_phase_junctions_tables/data__.tsv,328,9.0.1
1,wh2_dlc15_lord_abilities_smash_em_faster,true,true,false,wh2_dlc15_lord_abilities_smash_em_faster,data/unit_stats/abilities/source_exports/db/special_ability_to_special_ability_phase_junctions_tables/data__.tsv,329,9.0.1
1,wh2_dlc15_lord_abilities_youre_next,false,false,true,wh2_dlc15_lord_abilities_youre_next,data/unit_stats/abilities/source_exports/db/special_ability_to_special_ability_phase_junctions_tables/data__.tsv,330,9.0.1
1,wh2_dlc15_lord_passive_best_of_da_best,true,false,false,wh2_dlc15_lord_passive_best_of_da_best,data/unit_stats/abilities/source_exports/db/special_ability_to_special_ability_phase_junctions_tables/data__.tsv,331,9.0.1
1,wh2_dlc15_lord_passive_language_of_da_boyz,true,true,false,wh2_dlc15_lord_passive_language_of_da_boyz,data/unit_stats/abilities/source_exports/db/special_ability_to_special_ability_phase_junctions_tables/data__.tsv,332,9.0.1
1,wh2_dlc15_lord_passive_mistwalkers_barrage,true,false,false,wh2_dlc15_lord_passive_mistwalkers_barrage,data/unit_stats/abilities/source_exports/db/special_ability_to_special_ability_phase_junctions_tables/data__.tsv,333,9.0.1
1,wh2_dlc15_lord_passive_wardens_stand,true,true,false,wh2_dlc15_lord_abilities_wardens_stand,data/unit_stats/abilities/source_exports/db/special_ability_to_special_ability_phase_junctions_tables/data__.tsv,334,9.0.1
1,wh2_dlc15_quest_passive_blood_frenzy,true,false,false,wh2_dlc10_lord_passive_blood_frenzy_1,data/unit_stats/abilities/source_exports/db/special_ability_to_special_ability_phase_junctions_tables/data__.tsv,335,9.0.1
2,wh2_dlc15_quest_passive_blood_frenzy,true,false,false,wh2_dlc10_lord_passive_blood_frenzy_2,data/unit_stats/abilities/source_exports/db/special_ability_to_special_ability_phase_junctions_tables/data__.tsv,336,9.0.1
3,wh2_dlc15_quest_passive_blood_frenzy,true,false,false,wh2_dlc10_lord_passive_blood_frenzy_3,data/unit_stats/abilities/source_exports/db/special_ability_to_special_ability_phase_junctions_tables/data__.tsv,337,9.0.1
1,wh2_dlc15_unit_abilities_exploding_unit,true,false,false,wh2_dlc15_unit_abilities_exploding_unit,data/unit_stats/abilities/source_exports/db/special_ability_to_special_ability_phase_junctions_tables/data__.tsv,338,9.0.1
1,wh2_dlc15_unit_abilities_mighty_roar,false,false,true,wh2_dlc15_unit_abilities_mighty_roar,data/unit_stats/abilities/source_exports/db/special_ability_to_special_ability_phase_junctions_tables/data__.tsv,339,9.0.1
1,wh2_dlc15_unit_abilities_mimic_cold_blooded,true,true,false,wh2_dlc15_unit_abilities_mimic_cold_blooded,data/unit_stats/abilities/source_exports/db/special_ability_to_special_ability_phase_junctions_tables/data__.tsv,340,9.0.1
1,wh2_dlc15_unit_abilities_mimic_feint_and_riposte,true,false,false,wh2_main_lord_abilities_feint_and_reposte,data/unit_stats/abilities/source_exports/db/special_ability_to_special_ability_phase_junctions_tables/data__.tsv,341,9.0.1
1,wh2_dlc15_unit_abilities_mimic_grand_hammer_of_faith,true,false,false,wh2_dlc15_unit_abilities_mimic_grand_hammer_of_faith,data/unit_stats/abilities/source_exports/db/special_ability_to_special_ability_phase_junctions_tables/data__.tsv,342,9.0.1
1,wh2_dlc15_unit_abilities_mimic_grom_waaagh,true,false,false,wh2_dlc15_army_abilities_groms_big_waaagh,data/unit_stats/abilities/source_exports/db/special_ability_to_special_ability_phase_junctions_tables/data__.tsv,343,9.0.1
1,wh2_dlc15_unit_abilities_mimic_loecs_shroud,true,false,false,wh_pro04_unit_abilities_loecs_shroud,data/unit_stats/abilities/source_exports/db/special_ability_to_special_ability_phase_junctions_tables/data__.tsv,344,9.0.1
1,wh2_dlc15_unit_abilities_mimic_murderous_prowess,true,false,false,wh2_main_faction_abilities_murderous_mastery,data/unit_stats/abilities/source_exports/db/special_ability_to_special_ability_phase_junctions_tables/data__.tsv,345,9.0.1
1,wh2_dlc15_unit_abilities_mimic_ruinshelter,true,false,false,wh2_dlc15_unit_active_mimic_ruinshelter,data/unit_stats/abilities/source_exports/db/special_ability_to_special_ability_phase_junctions_tables/data__.tsv,346,9.0.1
1,wh2_dlc15_unit_abilities_mimic_waaagh,true,false,false,wh2_dlc15_army_abilities_waaagh,data/unit_stats/abilities/source_exports/db/special_ability_to_special_ability_phase_junctions_tables/data__.tsv,347,9.0.1
1,wh2_dlc15_unit_abilities_rock_bottom,true,false,false,wh2_dlc15_unit_abilities_rock_bottom,data/unit_stats/abilities/source_exports/db/special_ability_to_special_ability_phase_junctions_tables/data__.tsv,348,9.0.1
1,wh2_dlc15_unit_abilities_unending_volley,true,false,false,wh2_dlc15_unit_passive_unending_volley,data/unit_stats/abilities/source_exports/db/special_ability_to_special_ability_phase_junctions_tables/data__.tsv,349,9.0.1
1,wh2_dlc15_unit_passive_fiery_rebirth,true,false,false,wh2_main_unit_passive_rebirth_buffer,data/unit_stats/abilities/source_exports/db/special_ability_to_special_ability_phase_junctions_tables/data__.tsv,350,9.0.1
2,wh2_dlc15_unit_passive_fiery_rebirth,true,false,false,wh2_main_unit_passive_rebirth,data/unit_stats/abilities/source_exports/db/special_ability_to_special_ability_phase_junctions_tables/data__.tsv,351,9.0.1
1,wh2_dlc15_unit_passive_ghostly_protection,true,false,false,wh2_dlc15_unit_passive_ghostly_protection,data/unit_stats/abilities/source_exports/db/special_ability_to_special_ability_phase_junctions_tables/data__.tsv,352,9.0.1
1,wh2_dlc15_unit_passive_giant_explodin_spores,true,false,false,wh2_dlc15_unit_passive_giant_explodin_spores,data/unit_stats/abilities/source_exports/db/special_ability_to_special_ability_phase_junctions_tables/data__.tsv,353,9.0.1
1,wh2_dlc15_unit_passive_gorduz_poison,true,false,false,wh2_dlc15_unit_passive_gorduz_poison,data/unit_stats/abilities/source_exports/db/special_ability_to_special_ability_phase_junctions_tables/data__.tsv,354,9.0.1
1,wh2_dlc15_unit_passive_grim_discipline,true,false,false,wh2_dlc15_unit_passive_grim_discipline,data/unit_stats/abilities/source_exports/db/special_ability_to_special_ability_phase_junctions_tables/data__.tsv,355,9.0.1
1,wh2_dlc15_unit_passive_ignore_pain,true,false,false,wh2_dlc15_unit_passive_ignore_pain,data/unit_stats/abilities/source_exports/db/special_ability_to_special_ability_phase_junctions_tables/data__.tsv,356,9.0.1
1,wh2_dlc15_unit_passive_immense_power,true,false,false,wh2_dlc15_unit_passive_immense_power,data/unit_stats/abilities/source_exports/db/special_ability_to_special_ability_phase_junctions_tables/data__.tsv,357,9.0.1
1,wh2_dlc15_unit_passive_journeys_end,true,false,false,wh2_dlc15_unit_passive_journeys_end,data/unit_stats/abilities/source_exports/db/special_ability_to_special_ability_phase_junctions_tables/data__.tsv,358,9.0.1
1,wh2_dlc15_unit_passive_mimic_berserk,true,false,false,wh_dlc08_unit_abilities_berserk_i,data/unit_stats/abilities/source_exports/db/special_ability_to_special_ability_phase_junctions_tables/data__.tsv,359,9.0.1
2,wh2_dlc15_unit_passive_mimic_berserk,true,false,false,wh_dlc08_unit_abilities_berserk_ii,data/unit_stats/abilities/source_exports/db/special_ability_to_special_ability_phase_junctions_tables/data__.tsv,360,9.0.1
1,wh2_dlc15_unit_passive_mimic_bloodgreed,true,false,false,wh_dlc03_unit_passive_bloodgreed,data/unit_stats/abilities/source_exports/db/special_ability_to_special_ability_phase_junctions_tables/data__.tsv,361,9.0.1
1,wh2_dlc15_unit_passive_mimic_ethereal,true,false,false,wh2_dlc15_unit_passive_mimic_ethereal,data/unit_stats/abilities/source_exports/db/special_ability_to_special_ability_phase_junctions_tables/data__.tsv,362,9.0.1
1,wh2_dlc15_unit_passive_mimic_extra_powder,true,false,false,wh2_dlc11_unit_passive_extra_powder,data/unit_stats/abilities/source_exports/db/special_ability_to_special_ability_phase_junctions_tables/data__.tsv,363,9.0.1
1,wh2_dlc15_unit_passive_mimic_forest_walker,true,false,false,wh2_dlc15_unit_passive_mimic_forest_walker,data/unit_stats/abilities/source_exports/db/special_ability_to_special_ability_phase_junctions_tables/data__.tsv,364,9.0.1
1,wh2_dlc15_unit_passive_mimic_liquid_fortification,true,false,false,wh_dlc06_unit_passive_liquid_fortification,data/unit_stats/abilities/source_exports/db/special_ability_to_special_ability_phase_junctions_tables/data__.tsv,365,9.0.1
1,wh2_dlc15_unit_passive_mimic_primal_fury,true,false,false,wh_dlc03_unit_passive_primal_fury,data/unit_stats/abilities/source_exports/db/special_ability_to_special_ability_phase_junctions_tables/data__.tsv,366,9.0.1
1,wh2_dlc15_unit_passive_mimic_realm_of_souls_1,true,false,false,wh2_dlc09_faction_passive_realm_of_souls_tier_1,data/unit_stats/abilities/source_exports/db/special_ability_to_special_ability_phase_junctions_tables/data__.tsv,367,9.0.1
1,wh2_dlc15_unit_passive_mimic_realm_of_souls_2,true,false,false,wh2_dlc09_faction_passive_realm_of_souls_tier_2,data/unit_stats/abilities/source_exports/db/special_ability_to_special_ability_phase_junctions_tables/data__.tsv,368,9.0.1
1,wh2_dlc15_unit_passive_mimic_realm_of_souls_3,true,false,false,wh2_dlc09_faction_passive_realm_of_souls_tier_3,data/unit_stats/abilities/source_exports/db/special_ability_to_special_ability_phase_junctions_tables/data__.tsv,369,9.0.1
1,wh2_dlc15_unit_passive_mimic_scurry_away,true,false,false,wh2_main_unit_passive_scurry_away,data/unit_stats/abilities/source_exports/db/special_ability_to_special_ability_phase_junctions_tables/data__.tsv,370,9.0.1
1,wh2_dlc15_unit_passive_mimic_strength_in_numbers,true,false,false,wh2_main_unit_passive_strength_in_numbers,data/unit_stats/abilities/source_exports/db/special_ability_to_special_ability_phase_junctions_tables/data__.tsv,371,9.0.1
1,wh2_dlc15_unit_passive_mimic_the_blessing_of_the_lady,true,false,false,wh_main_lord_passive_the_blessing_of_the_lady,data/unit_stats/abilities/source_exports/db/special_ability_to_special_ability_phase_junctions_tables/data__.tsv,372,9.0.1
1,wh2_dlc15_unit_passive_monstrous_disease,true,false,false,wh2_dlc15_unit_passive_monstrous_disease,data/unit_stats/abilities/source_exports/db/special_ability_to_special_ability_phase_junctions_tables/data__.tsv,373,9.0.1
1,wh2_dlc15_unit_passive_nightgoblin_poison,true,false,false,wh2_dlc15_unit_passive_nightgoblin_poison,data/unit_stats/abilities/source_exports/db/special_ability_to_special_ability_phase_junctions_tables/data__.tsv,374,9.0.1
1,wh2_dlc15_unit_passive_omen_of_hope,false,true,false,wh2_dlc15_unit_passive_omen_of_hope,data/unit_stats/abilities/source_exports/db/special_ability_to_special_ability_phase_junctions_tables/data__.tsv,375,9.0.1
1,wh2_dlc15_unit_passive_overwhelming_odour,false,false,true,wh2_dlc15_unit_passive_overwhelming_odour,data/unit_stats/abilities/source_exports/db/special_ability_to_special_ability_phase_junctions_tables/data__.tsv,376,9.0.1
1,wh2_dlc15_unit_passive_padded_shield,true,false,false,wh2_dlc15_unit_passive_padded_shield,data/unit_stats/abilities/source_exports/db/special_ability_to_special_ability_phase_junctions_tables/data__.tsv,377,9.0.1
1,wh2_dlc15_unit_passive_pump_harder_ladz,true,false,false,wh2_dlc15_unit_passive_pump_harder_ladz,data/unit_stats/abilities/source_exports/db/special_ability_to_special_ability_phase_junctions_tables/data__.tsv,378,9.0.1
1,wh2_dlc15_unit_passive_regeneration_map,true,true,false,wh2_dlc15_unit_passive_regeneration_map,data/unit_stats/abilities/source_exports/db/special_ability_to_special_ability_phase_junctions_tables/data__.tsv,379,9.0.1
1,wh2_dlc15_unit_passive_rubble_and_ruin_tier_1,true,false,false,wh2_dlc15_unit_passive_rubble_and_ruin_tier_1,data/unit_stats/abilities/source_exports/db/special_ability_to_special_ability_phase_junctions_tables/data__.tsv,380,9.0.1
2,wh2_dlc15_unit_passive_rubble_and_ruin_tier_2,true,false,false,wh2_dlc15_unit_passive_rubble_and_ruin_tier_2,data/unit_stats/abilities/source_exports/db/special_ability_to_special_ability_phase_junctions_tables/data__.tsv,381,9.0.1
3,wh2_dlc15_unit_passive_rubble_and_ruin_tier_3,true,false,false,wh2_dlc15_unit_passive_rubble_and_ruin_tier_3,data/unit_stats/abilities/source_exports/db/special_ability_to_special_ability_phase_junctions_tables/data__.tsv,382,9.0.1
1,wh2_dlc15_unit_passive_sorcery_weapon,true,false,false,wh2_dlc15_unit_passive_sorcery_weapon,data/unit_stats/abilities/source_exports/db/special_ability_to_special_ability_phase_junctions_tables/data__.tsv,383,9.0.1
1,wh2_dlc15_unit_passive_spiky_skin,true,false,false,wh2_dlc15_unit_passive_spiky_skin,data/unit_stats/abilities/source_exports/db/special_ability_to_special_ability_phase_junctions_tables/data__.tsv,384,9.0.1
1,wh2_dlc15_unit_passive_spirit_of_gork_or_mork,true,true,false,wh2_dlc15_unit_passive_spirit_of_gork_or_mork,data/unit_stats/abilities/source_exports/db/special_ability_to_special_ability_phase_junctions_tables/data__.tsv,385,9.0.1
1,wh2_dlc15_unit_passive_thermal_thorax,false,false,true,wh2_dlc15_unit_passive_thermal_thorax,data/unit_stats/abilities/source_exports/db/special_ability_to_special_ability_phase_junctions_tables/data__.tsv,386,9.0.1
1,wh2_dlc15_weapon_abilities_axe_of_grom,true,false,false,wh2_dlc15_weapon_abilities_axe_of_grom,data/unit_stats/abilities/source_exports/db/special_ability_to_special_ability_phase_junctions_tables/data__.tsv,387,9.0.1
1,wh2_dlc15_weapon_abilities_fangsword_of_eltharion,true,false,false,wh2_dlc15_weapon_abilities_fangsword_of_eltharion,data/unit_stats/abilities/source_exports/db/special_ability_to_special_ability_phase_junctions_tables/data__.tsv,388,9.0.1
1,wh2_dlc15_weapon_abilities_star_lance,true,false,false,wh2_dlc15_weapon_abilities_star_lance,data/unit_stats/abilities/source_exports/db/special_ability_to_special_ability_phase_junctions_tables/data__.tsv,389,9.0.1
1,wh2_dlc15_weapon_passive_slaggas_slashas,true,true,false,wh2_dlc15_weapon_passive_slaggas_slashas,data/unit_stats/abilities/source_exports/db/special_ability_to_special_ability_phase_junctions_tables/data__.tsv,390,9.0.1
1,wh2_dlc16_army_abilities_siege_attacker_hidden,false,false,true,wh2_dlc16_army_abilities_siege_attacker_hidden,data/unit_stats/abilities/source_exports/db/special_ability_to_special_ability_phase_junctions_tables/data__.tsv,391,9.0.1
1,wh2_dlc16_character_abilities_befuddlement_of_mischiefs,false,false,true,wh2_dlc16_character_abilities_befuddlement_of_mischiefs,data/unit_stats/abilities/source_exports/db/special_ability_to_special_ability_phase_junctions_tables/data__.tsv,392,9.0.1
1,wh2_dlc16_character_abilities_blight_of_terrors,false,false,true,wh2_dlc16_character_abilities_blight_of_terrors,data/unit_stats/abilities/source_exports/db/special_ability_to_special_ability_phase_junctions_tables/data__.tsv,393,9.0.1
1,wh2_dlc16_character_abilities_muster_of_malevolents,false,false,true,wh2_dlc16_character_abilities_muster_of_malevolents,data/unit_stats/abilities/source_exports/db/special_ability_to_special_ability_phase_junctions_tables/data__.tsv,394,9.0.1
1,wh2_dlc16_character_abilities_pageant_of_shrikes,false,false,true,wh2_dlc16_character_abilities_pageant_of_shrikes,data/unit_stats/abilities/source_exports/db/special_ability_to_special_ability_phase_junctions_tables/data__.tsv,395,9.0.1
1,wh2_dlc16_character_passive_annoyance_of_netlings,false,false,true,wh2_dlc16_character_passive_annoyance_of_netlings,data/unit_stats/abilities/source_exports/db/special_ability_to_special_ability_phase_junctions_tables/data__.tsv,396,9.0.1
1,wh2_dlc16_character_passive_cluster_of_radiants,true,false,false,wh2_dlc16_character_passive_cluster_of_radiants,data/unit_stats/abilities/source_exports/db/special_ability_to_special_ability_phase_junctions_tables/data__.tsv,397,9.0.1
1,wh2_dlc16_character_passive_murder_of_spites,false,false,true,wh2_dlc16_character_passive_murder_of_spites,data/unit_stats/abilities/source_exports/db/special_ability_to_special_ability_phase_junctions_tables/data__.tsv,398,9.0.1
1,wh2_dlc16_character_passive_resplendence_of_luminescents,true,true,false,wh2_dlc16_character_passive_resplendence_of_luminescents,data/unit_stats/abilities/source_exports/db/special_ability_to_special_ability_phase_junctions_tables/data__.tsv,399,9.0.1
1,wh2_dlc16_hero_abilities_evisceration,true,false,false,wh2_dlc16_hero_abilities_evisceration,data/unit_stats/abilities/source_exports/db/special_ability_to_special_ability_phase_junctions_tables/data__.tsv,400,9.0.1
1,wh2_dlc16_hero_abilities_shock_collar,true,true,false,wh2_dlc16_hero_abilities_shock_collar,data/unit_stats/abilities/source_exports/db/special_ability_to_special_ability_phase_junctions_tables/data__.tsv,401,9.0.1
1,wh2_dlc16_hero_abilities_warp_frenzy,true,false,false,wh2_dlc16_hero_abilities_warp_frenzy,data/unit_stats/abilities/source_exports/db/special_ability_to_special_ability_phase_junctions_tables/data__.tsv,402,9.0.1
1,wh2_dlc16_hero_passive_blood_shield,true,true,false,wh2_dlc16_hero_passive_blood_shield,data/unit_stats/abilities/source_exports/db/special_ability_to_special_ability_phase_junctions_tables/data__.tsv,403,9.0.1
1,wh2_dlc16_hero_passive_dance_of_loec,true,true,false,wh2_dlc16_hero_passive_dance_of_loec,data/unit_stats/abilities/source_exports/db/special_ability_to_special_ability_phase_junctions_tables/data__.tsv,404,9.0.1
1,wh2_dlc16_hero_passive_fickle_guardian,true,false,false,wh2_dlc09_unit_passive_guardian,data/unit_stats/abilities/source_exports/db/special_ability_to_special_ability_phase_junctions_tables/data__.tsv,405,9.0.1
1,wh2_dlc16_hero_passive_loyal_guardian,false,true,false,wh2_dlc09_unit_passive_guardian,data/unit_stats/abilities/source_exports/db/special_ability_to_special_ability_phase_junctions_tables/data__.tsv,406,9.0.1
1,wh2_dlc16_hero_passive_possessed_by_the_trickster_god,true,true,false,wh2_dlc16_hero_passive_possessed_by_the_trickster_god,data/unit_stats/abilities/source_exports/db/special_ability_to_special_ability_phase_junctions_tables/data__.tsv,407,9.0.1
1,wh2_dlc16_hero_passive_power_grab,true,true,false,wh2_dlc16_hero_passive_power_grab,data/unit_stats/abilities/source_exports/db/special_ability_to_special_ability_phase_junctions_tables/data__.tsv,408,9.0.1
1,wh2_dlc16_hero_passive_running_with_the_pack,true,true,false,wh2_dlc16_hero_passive_running_with_the_pack,data/unit_stats/abilities/source_exports/db/special_ability_to_special_ability_phase_junctions_tables/data__.tsv,409,9.0.1
1,wh2_dlc16_item_abilities_berry_wine,true,true,false,wh2_dlc16_item_abilities_berry_wine,data/unit_stats/abilities/source_exports/db/special_ability_to_special_ability_phase_junctions_tables/data__.tsv,410,9.0.1
1,wh2_dlc16_item_abilities_dreaming_ring_i,true,true,false,wh2_dlc16_item_abilities_dreaming_ring_i,data/unit_stats/abilities/source_exports/db/special_ability_to_special_ability_phase_junctions_tables/data__.tsv,411,9.0.1
1,wh2_dlc16_item_abilities_dreaming_ring_ii,true,true,false,wh2_dlc16_item_abilities_dreaming_ring_ii,data/unit_stats/abilities/source_exports/db/special_ability_to_special_ability_phase_junctions_tables/data__.tsv,412,9.0.1
1,wh2_dlc16_item_abilities_dreaming_ring_iii,true,true,false,wh2_dlc16_item_abilities_dreaming_ring_iii,data/unit_stats/abilities/source_exports/db/special_ability_to_special_ability_phase_junctions_tables/data__.tsv,413,9.0.1
1,wh2_dlc16_item_abilities_twilight_horn_i,true,true,false,wh2_dlc16_item_abilities_twilight_horn_i,data/unit_stats/abilities/source_exports/db/special_ability_to_special_ability_phase_junctions_tables/data__.tsv,414,9.0.1
1,wh2_dlc16_item_abilities_twilight_horn_ii,true,true,false,wh2_dlc16_item_abilities_twilight_horn_ii,data/unit_stats/abilities/source_exports/db/special_ability_to_special_ability_phase_junctions_tables/data__.tsv,415,9.0.1
1,wh2_dlc16_item_passive_dragon_mask_i,false,false,true,wh2_dlc16_item_passive_dragon_mask_i,data/unit_stats/abilities/source_exports/db/special_ability_to_special_ability_phase_junctions_tables/data__.tsv,416,9.0.1
1,wh2_dlc16_item_passive_dragon_mask_ii,false,false,true,wh2_dlc16_item_passive_dragon_mask_ii,data/unit_stats/abilities/source_exports/db/special_ability_to_special_ability_phase_junctions_tables/data__.tsv,417,9.0.1
1,wh2_dlc16_item_passive_dragon_mask_iii,false,false,true,wh2_dlc16_item_passive_dragon_mask_iii,data/unit_stats/abilities/source_exports/db/special_ability_to_special_ability_phase_junctions_tables/data__.tsv,418,9.0.1
1,wh2_dlc16_item_passive_fang_of_taalroth,false,false,true,wh2_dlc16_item_passive_fang_of_taalroth,data/unit_stats/abilities/source_exports/db/special_ability_to_special_ability_phase_junctions_tables/data__.tsv,419,9.0.1
1,wh2_dlc16_item_passive_twilight_helm,true,true,false,wh2_dlc16_item_passive_twilight_helm,data/unit_stats/abilities/source_exports/db/special_ability_to_special_ability_phase_junctions_tables/data__.tsv,420,9.0.1
1,wh2_dlc16_lord_abilities_loecs_blessing,true,true,false,wh2_dlc16_lord_abilities_loecs_blessing,data/unit_stats/abilities/source_exports/db/special_ability_to_special_ability_phase_junctions_tables/data__.tsv,421,9.0.1
1,wh2_dlc16_lord_abilities_remouldered,true,true,false,wh2_dlc16_lord_abilities_remouldered,data/unit_stats/abilities/source_exports/db/special_ability_to_special_ability_phase_junctions_tables/data__.tsv,422,9.0.1
1,wh2_dlc16_lord_passive_ashen_fields,false,false,true,wh2_dlc16_lord_passive_ashen_fields,data/unit_stats/abilities/source_exports/db/special_ability_to_special_ability_phase_junctions_tables/data__.tsv,423,9.0.1
1,wh2_dlc16_lord_passive_ceithin_hars_tenacity,true,false,false,wh2_dlc16_lord_passive_ceithin_hars_tenacity,data/unit_stats/abilities/source_exports/db/special_ability_to_special_ability_phase_junctions_tables/data__.tsv,424,9.0.1
1,wh2_dlc16_lord_passive_conjoined_destiny,true,false,false,wh2_dlc16_lord_passive_conjoined_destiny_countdown,data/unit_stats/abilities/source_exports/db/special_ability_to_special_ability_phase_junctions_tables/data__.tsv,425,9.0.1
2,wh2_dlc16_lord_passive_conjoined_destiny,true,false,false,wh2_dlc16_lord_passive_conjoined_destiny_heal,data/unit_stats/abilities/source_exports/db/special_ability_to_special_ability_phase_junctions_tables/data__.tsv,426,9.0.1
1,wh2_dlc16_lord_passive_fanatical_resolve_1,true,true,false,wh2_dlc16_lord_passive_fanatical_resolve_1,data/unit_stats/abilities/source_exports/db/special_ability_to_special_ability_phase_junctions_tables/data__.tsv,427,9.0.1
1,wh2_dlc16_lord_passive_gwindalors_vantage,true,false,false,wh2_dlc16_lord_passive_gwindalors_vantage,data/unit_stats/abilities/source_exports/db/special_ability_to_special_ability_phase_junctions_tables/data__.tsv,428,9.0.1
1,wh2_dlc16_lord_passive_master_controller,true,true,false,wh2_dlc16_lord_passive_master_controller,data/unit_stats/abilities/source_exports/db/special_ability_to_special_ability_phase_junctions_tables/data__.tsv,429,9.0.1
1,wh2_dlc16_lord_passive_orion_forest_spotting,true,false,false,wh2_dlc16_lord_passive_orion_forest_spotting,data/unit_stats/abilities/source_exports/db/special_ability_to_special_ability_phase_junctions_tables/data__.tsv,430,9.0.1
1,wh2_dlc16_lore_passive_ancients_protection,true,true,false,wh2_dlc16_lore_passive_ancients_protection,data/unit_stats/abilities/source_exports/db/special_ability_to_special_ability_phase_junctions_tables/data__.tsv,431,9.0.1
1,wh2_dlc16_lore_passive_wrath_of_the_wood,true,true,false,wh2_dlc16_lore_passive_wrath_of_the_wood,data/unit_stats/abilities/source_exports/db/special_ability_to_special_ability_phase_junctions_tables/data__.tsv,432,9.0.1
1,wh2_dlc16_spell_bound_death_frenzy,true,true,false,wh2_main_spell_ruin_death_frenzy,data/unit_stats/abilities/source_exports/db/special_ability_to_special_ability_phase_junctions_tables/data__.tsv,433,9.0.1
1,wh2_dlc16_spell_bound_earth_blood,true,true,false,wh_dlc05_spell_life_earth_blood,data/unit_stats/abilities/source_exports/db/special_ability_to_special_ability_phase_junctions_tables/data__.tsv,434,9.0.1
1,wh2_dlc16_spell_bound_flesh_to_stone,true,true,false,wh_dlc05_spell_life_flesh_to_stone,data/unit_stats/abilities/source_exports/db/special_ability_to_special_ability_phase_junctions_tables/data__.tsv,435,9.0.1
1,wh2_dlc16_spell_bound_regrowth,true,true,false,wh_dlc05_spell_life_regrowth,data/unit_stats/abilities/source_exports/db/special_ability_to_special_ability_phase_junctions_tables/data__.tsv,436,9.0.1
1,wh2_dlc16_spell_bound_the_curse_of_anraheir,false,false,true,wh_dlc03_spell_beasts_the_curse_of_anraheir,data/unit_stats/abilities/source_exports/db/special_ability_to_special_ability_phase_junctions_tables/data__.tsv,437,9.0.1
1,wh2_dlc16_unit_abilities_acidic_musk_glands,true,true,true,wh2_dlc16_unit_abilities_acidic_musk_glands,data/unit_stats/abilities/source_exports/db/special_ability_to_special_ability_phase_junctions_tables/data__.tsv,438,9.0.1
1,wh2_dlc16_unit_abilities_cellular_instability,true,false,false,wh2_dlc16_unit_abilities_cellular_instability,data/unit_stats/abilities/source_exports/db/special_ability_to_special_ability_phase_junctions_tables/data__.tsv,439,9.0.1
1,wh2_dlc16_unit_abilities_fluid_injection,true,false,false,wh2_dlc16_unit_abilities_fluid_injection,data/unit_stats/abilities/source_exports/db/special_ability_to_special_ability_phase_junctions_tables/data__.tsv,440,9.0.1
1,wh2_dlc16_unit_abilities_neuroparasites,true,false,false,wh2_dlc16_unit_abilities_neuroparasites,data/unit_stats/abilities/source_exports/db/special_ability_to_special_ability_phase_junctions_tables/data__.tsv,441,9.0.1
1,wh2_dlc16_unit_abilities_whirling_death,true,false,false,wh2_dlc16_unit_abilities_whirling_death,data/unit_stats/abilities/source_exports/db/special_ability_to_special_ability_phase_junctions_tables/data__.tsv,442,9.0.1
1,wh2_dlc16_unit_passive_glamoured,true,false,false,wh2_dlc16_unit_passive_glamoured,data/unit_stats/abilities/source_exports/db/special_ability_to_special_ability_phase_junctions_tables/data__.tsv,443,9.0.1
1,wh2_dlc16_unit_passive_glamoured_lvl2,true,false,false,wh2_dlc16_unit_passive_glamoured_lv2,data/unit_stats/abilities/source_exports/db/special_ability_to_special_ability_phase_junctions_tables/data__.tsv,444,9.0.1
1,wh2_dlc16_unit_passive_instability_1,true,true,false,wh2_dlc16_unit_passive_instability_1,data/unit_stats/abilities/source_exports/db/special_ability_to_special_ability_phase_junctions_tables/data__.tsv,445,9.0.1
1,wh2_dlc16_unit_passive_instability_2,true,true,false,wh2_dlc16_unit_passive_instability_2,data/unit_stats/abilities/source_exports/db/special_ability_to_special_ability_phase_junctions_tables/data__.tsv,446,9.0.1
1,wh2_dlc16_unit_passive_instability_3,true,true,false,wh2_dlc16_unit_passive_instability_3,data/unit_stats/abilities/source_exports/db/special_ability_to_special_ability_phase_junctions_tables/data__.tsv,447,9.0.1
1,wh2_dlc16_unit_passive_instability_4,true,true,false,wh2_dlc16_unit_passive_instability_4_buffer,data/unit_stats/abilities/source_exports/db/special_ability_to_special_ability_phase_junctions_tables/data__.tsv,448,9.0.1
2,wh2_dlc16_unit_passive_instability_4,true,true,false,wh2_dlc16_unit_passive_instability_4,data/unit_stats/abilities/source_exports/db/special_ability_to_special_ability_phase_junctions_tables/data__.tsv,449,9.0.1
1,wh2_dlc16_unit_passive_madness_of_khaine,true,true,false,wh2_dlc16_unit_passive_madness_of_khaine,data/unit_stats/abilities/source_exports/db/special_ability_to_special_ability_phase_junctions_tables/data__.tsv,450,9.0.1
1,wh2_dlc16_unit_passive_propane_perspiration,false,true,true,wh2_dlc16_unit_passive_propane_perspiration,data/unit_stats/abilities/source_exports/db/special_ability_to_special_ability_phase_junctions_tables/data__.tsv,451,9.0.1
1,wh2_dlc16_unit_passive_scurry_away_improved,true,false,false,wh2_dlc16_unit_passive_scurry_away_improved,data/unit_stats/abilities/source_exports/db/special_ability_to_special_ability_phase_junctions_tables/data__.tsv,452,9.0.1
1,wh2_dlc16_unit_passive_unbinding_dryads,true,false,false,wh2_dlc16_unit_passive_unbinding_dryads,data/unit_stats/abilities/source_exports/db/special_ability_to_special_ability_phase_junctions_tables/data__.tsv,453,9.0.1
2,wh2_dlc16_unit_passive_unbinding_dryads,true,false,false,wh_main_unit_passive_unbinding_weak,data/unit_stats/abilities/source_exports/db/special_ability_to_special_ability_phase_junctions_tables/data__.tsv,454,9.0.1
3,wh2_dlc16_unit_passive_unbinding_dryads,true,false,false,wh_main_unit_passive_unbinding_critical,data/unit_stats/abilities/source_exports/db/special_ability_to_special_ability_phase_junctions_tables/data__.tsv,455,9.0.1
1,wh2_dlc16_unit_passive_unbinding_forest_dragon,true,false,false,wh2_dlc16_unit_passive_unbinding_forest_dragon,data/unit_stats/abilities/source_exports/db/special_ability_to_special_ability_phase_junctions_tables/data__.tsv,456,9.0.1
2,wh2_dlc16_unit_passive_unbinding_forest_dragon,true,false,false,wh2_dlc16_unit_passive_unbinding_weak_forest_dragon,data/unit_stats/abilities/source_exports/db/special_ability_to_special_ability_phase_junctions_tables/data__.tsv,457,9.0.1
3,wh2_dlc16_unit_passive_unbinding_forest_dragon,true,false,false,wh2_dlc16_unit_passive_unbinding_critical_forest_dragon,data/unit_stats/abilities/source_exports/db/special_ability_to_special_ability_phase_junctions_tables/data__.tsv,458,9.0.1
1,wh2_dlc16_unit_passive_unbinding_rat_ogres,true,false,false,wh2_dlc16_unit_passive_unbinding_rat_ogres,data/unit_stats/abilities/source_exports/db/special_ability_to_special_ability_phase_junctions_tables/data__.tsv,459,9.0.1
2,wh2_dlc16_unit_passive_unbinding_rat_ogres,true,false,false,wh_main_unit_passive_unbinding_weak_large,data/unit_stats/abilities/source_exports/db/special_ability_to_special_ability_phase_junctions_tables/data__.tsv,460,9.0.1
3,wh2_dlc16_unit_passive_unbinding_rat_ogres,true,false,false,wh_main_unit_passive_unbinding_critical_large,data/unit_stats/abilities/source_exports/db/special_ability_to_special_ability_phase_junctions_tables/data__.tsv,461,9.0.1
1,wh2_dlc16_unit_passive_unbinding_wolf_rats,true,false,false,wh2_dlc16_unit_passive_unbinding_wolf_rats,data/unit_stats/abilities/source_exports/db/special_ability_to_special_ability_phase_junctions_tables/data__.tsv,462,9.0.1
2,wh2_dlc16_unit_passive_unbinding_wolf_rats,true,false,false,wh_main_unit_passive_unbinding_weak,data/unit_stats/abilities/source_exports/db/special_ability_to_special_ability_phase_junctions_tables/data__.tsv,463,9.0.1
3,wh2_dlc16_unit_passive_unbinding_wolf_rats,true,false,false,wh_main_unit_passive_unbinding_critical,data/unit_stats/abilities/source_exports/db/special_ability_to_special_ability_phase_junctions_tables/data__.tsv,464,9.0.1
1,wh2_dlc16_unit_passive_yewberry_infusion,true,true,false,wh2_dlc16_unit_passive_yewberry_infusion,data/unit_stats/abilities/source_exports/db/special_ability_to_special_ability_phase_junctions_tables/data__.tsv,465,9.0.1
1,wh2_dlc16_weapon_abilities_creature_killer,true,true,false,wh2_dlc16_weapon_abilities_creature_killer,data/unit_stats/abilities/source_exports/db/special_ability_to_special_ability_phase_junctions_tables/data__.tsv,466,9.0.1
1,wh2_dlc16_weapon_abilities_dragon_spear,true,true,false,wh2_dlc16_weapon_abilities_dragon_spear,data/unit_stats/abilities/source_exports/db/special_ability_to_special_ability_phase_junctions_tables/data__.tsv,467,9.0.1
1,wh2_dlc16_weapon_abilities_eagle_bow,true,true,false,wh2_dlc16_weapon_abilities_eagle_bow,data/unit_stats/abilities/source_exports/db/special_ability_to_special_ability_phase_junctions_tables/data__.tsv,468,9.0.1
1,wh2_dlc17_army_abilities_ancestral_rune_of_grungni,false,true,false,wh2_dlc17_army_abilities_ancestral_rune_of_grungni,data/unit_stats/abilities/source_exports/db/special_ability_to_special_ability_phase_junctions_tables/data__.tsv,469,9.0.1
1,wh2_dlc17_army_abilities_ancestral_rune_of_valaya,false,true,false,wh2_dlc17_army_abilities_ancestral_rune_of_valaya,data/unit_stats/abilities/source_exports/db/special_ability_to_special_ability_phase_junctions_tables/data__.tsv,470,9.0.1
1,wh2_dlc17_army_abilities_cacophonous_assault,false,false,true,wh2_dlc17_army_abilities_cacophonous_assault,data/unit_stats/abilities/source_exports/db/special_ability_to_special_ability_phase_junctions_tables/data__.tsv,471,9.0.1
1,wh2_dlc17_army_abilities_cacophonous_assault_upgraded,true,false,false,wh2_dlc17_army_abilities_cacophonous_assault_upgraded,data/unit_stats/abilities/source_exports/db/special_ability_to_special_ability_phase_junctions_tables/data__.tsv,472,9.0.1
1,wh2_dlc17_army_abilities_touched_by_the_moon,false,true,false,wh2_dlc17_army_abilities_touched_by_the_moon_1,data/unit_stats/abilities/source_exports/db/special_ability_to_special_ability_phase_junctions_tables/data__.tsv,473,9.0.1
2,wh2_dlc17_army_abilities_touched_by_the_moon,false,true,false,wh2_dlc17_army_abilities_touched_by_the_moon_2,data/unit_stats/abilities/source_exports/db/special_ability_to_special_ability_phase_junctions_tables/data__.tsv,474,9.0.1
1,wh2_dlc17_army_abilities_vile_entropy,false,false,true,wh2_dlc17_army_abilities_vile_entropy,data/unit_stats/abilities/source_exports/db/special_ability_to_special_ability_phase_junctions_tables/data__.tsv,475,9.0.1
1,wh2_dlc17_character_abilities_hunter_of_champions_upgraded,false,false,true,wh2_dlc17_character_abilities_hunter_of_champions_upgraded,data/unit_stats/abilities/source_exports/db/special_ability_to_special_ability_phase_junctions_tables/data__.tsv,476,9.0.1
1,wh2_dlc17_hero_abilities_more_powder_generic,false,true,false,wh2_dlc11_hero_abilities_more_powder,data/unit_stats/abilities/source_exports/db/special_ability_to_special_ability_phase_junctions_tables/data__.tsv,477,9.0.1
1,wh2_dlc17_hero_passive_something_wicked_this_way_comes_upgraded,false,false,true,wh2_dlc17_hero_passive_something_wicked_this_way_comes_upgrade,data/unit_stats/abilities/source_exports/db/special_ability_to_special_ability_phase_junctions_tables/data__.tsv,478,9.0.1
1,wh2_dlc17_hero_passive_will_of_the_dark_gods,true,true,false,wh2_dlc17_hero_passive_will_of_the_dark_gods,data/unit_stats/abilities/source_exports/db/special_ability_to_special_ability_phase_junctions_tables/data__.tsv,479,9.0.1
1,wh2_dlc17_item_passive_thoreks_rune_armour,true,true,false,wh2_dlc17_item_passive_thoreks_rune_armour,data/unit_stats/abilities/source_exports/db/special_ability_to_special_ability_phase_junctions_tables/data__.tsv,480,9.0.1
1,wh2_dlc17_lord_abilities_barbed_knuckle_boxing,true,false,false,wh2_dlc17_lord_abilities_barbed_knuckle_boxing,data/unit_stats/abilities/source_exports/db/special_ability_to_special_ability_phase_junctions_tables/data__.tsv,481,9.0.1
1,wh2_dlc17_lord_abilities_brass_body,true,false,false,wh2_dlc17_lord_abilities_brass_body,data/unit_stats/abilities/source_exports/db/special_ability_to_special_ability_phase_junctions_tables/data__.tsv,482,9.0.1
1,wh2_dlc17_lord_abilities_master_predator,true,false,false,wh2_dlc17_lord_abilities_master_predator,data/unit_stats/abilities/source_exports/db/special_ability_to_special_ability_phase_junctions_tables/data__.tsv,483,9.0.1
1,wh2_dlc17_lord_abilities_rune_of_doom,true,true,false,wh2_dlc17_lord_abilities_rune_of_doom,data/unit_stats/abilities/source_exports/db/special_ability_to_special_ability_phase_junctions_tables/data__.tsv,484,9.0.1
1,wh2_dlc17_lord_passive_aura_of_dark_majesty_upgrade,false,false,true,wh2_dlc17_lord_passive_aura_of_dark_majesty_upgrade,data/unit_stats/abilities/source_exports/db/special_ability_to_special_ability_phase_junctions_tables/data__.tsv,485,9.0.1
1,wh2_dlc17_lord_passive_distorted_reality,false,false,true,wh2_dlc17_lord_passive_distorted_reality,data/unit_stats/abilities/source_exports/db/special_ability_to_special_ability_phase_junctions_tables/data__.tsv,486,9.0.1
1,wh2_dlc17_lord_passive_master_of_the_ancient_lore,true,false,false,wh2_dlc17_lord_passive_master_of_the_ancient_lore,data/unit_stats/abilities/source_exports/db/special_ability_to_special_ability_phase_junctions_tables/data__.tsv,487,9.0.1
1,wh2_dlc17_lord_passive_shattering_aura,false,false,true,wh2_dlc17_lord_passive_shattering_aura,data/unit_stats/abilities/source_exports/db/special_ability_to_special_ability_phase_junctions_tables/data__.tsv,488,9.0.1
1,wh2_dlc17_passive_aura_of_vile_transmutation,false,false,true,wh2_dlc17_passive_aura_of_vile_transmutation,data/unit_stats/abilities/source_exports/db/special_ability_to_special_ability_phase_junctions_tables/data__.tsv,489,9.0.1
1,wh2_dlc17_rune_abilities_master_rune_of_breaking,true,true,false,wh2_dlc17_rune_abilities_master_rune_of_breaking,data/unit_stats/abilities/source_exports/db/special_ability_to_special_ability_phase_junctions_tables/data__.tsv,490,9.0.1
1,wh2_dlc17_rune_abilities_master_rune_of_slowness,false,false,true,wh2_dlc17_rune_abilities_master_rune_of_slowness,data/unit_stats/abilities/source_exports/db/special_ability_to_special_ability_phase_junctions_tables/data__.tsv,491,9.0.1
1,wh2_dlc17_rune_abilities_master_rune_of_speed,true,true,false,wh2_dlc17_rune_abilities_master_rune_of_speed,data/unit_stats/abilities/source_exports/db/special_ability_to_special_ability_phase_junctions_tables/data__.tsv,492,9.0.1
1,wh2_dlc17_rune_abilities_rune_of_breaking,true,true,false,wh2_dlc17_rune_abilities_rune_of_breaking,data/unit_stats/abilities/source_exports/db/special_ability_to_special_ability_phase_junctions_tables/data__.tsv,493,9.0.1
1,wh2_dlc17_rune_abilities_rune_of_slowness,false,false,true,wh2_dlc17_rune_abilities_rune_of_slowness,data/unit_stats/abilities/source_exports/db/special_ability_to_special_ability_phase_junctions_tables/data__.tsv,494,9.0.1
1,wh2_dlc17_rune_abilities_rune_of_speed,true,true,false,wh2_dlc17_rune_abilities_rune_of_speed,data/unit_stats/abilities/source_exports/db/special_ability_to_special_ability_phase_junctions_tables/data__.tsv,495,9.0.1
1,wh2_dlc17_rune_passive_master_rune_of_spite,false,false,true,wh2_dlc17_rune_passive_master_rune_of_spite,data/unit_stats/abilities/source_exports/db/special_ability_to_special_ability_phase_junctions_tables/data__.tsv,496,9.0.1
1,wh2_dlc17_spell_bound_shield_of_thorns,true,true,false,wh_dlc05_spell_life_shield_of_thorns,data/unit_stats/abilities/source_exports/db/special_ability_to_special_ability_phase_junctions_tables/data__.tsv,497,9.0.1
1,wh2_dlc17_spell_bound_unending_flock_of_doom,false,false,true,wh2_dlc17_spell_bound_unending_flock_of_doom,data/unit_stats/abilities/source_exports/db/special_ability_to_special_ability_phase_junctions_tables/data__.tsv,498,9.0.1
1,wh2_dlc17_spell_wild_mantle_of_ghorok_upgraded,true,true,false,wh2_dlc17_spell_wild_mantle_of_ghorok_upgraded,data/unit_stats/abilities/source_exports/db/special_ability_to_special_ability_phase_junctions_tables/data__.tsv,499,9.0.1
1,wh2_dlc17_unit_abilities_primeval_roar,true,true,false,wh2_dlc17_unit_abilities_primeval_roar,data/unit_stats/abilities/source_exports/db/special_ability_to_special_ability_phase_junctions_tables/data__.tsv,500,9.0.1
1,wh2_dlc17_unit_passive_aura_of_madness,false,false,true,wh2_dlc17_unit_passive_aura_of_madness,data/unit_stats/abilities/source_exports/db/special_ability_to_special_ability_phase_junctions_tables/data__.tsv,501,9.0.1
1,wh2_dlc17_unit_passive_bloodgreed_upgraded,true,false,false,wh2_dlc17_unit_passive_bloodgreed_upgraded,data/unit_stats/abilities/source_exports/db/special_ability_to_special_ability_phase_junctions_tables/data__.tsv,502,9.0.1
1,wh2_dlc17_unit_passive_boost_army_vision,false,true,false,wh2_dlc17_unit_passive_boost_army_vision,data/unit_stats/abilities/source_exports/db/special_ability_to_special_ability_phase_junctions_tables/data__.tsv,503,9.0.1
1,wh2_dlc17_unit_passive_drunken_bravado,true,false,false,wh2_dlc17_unit_passive_drunken_bravado,data/unit_stats/abilities/source_exports/db/special_ability_to_special_ability_phase_junctions_tables/data__.tsv,504,9.0.1
1,wh2_dlc17_unit_passive_greater_aura_of_madness,false,false,true,wh2_dlc17_unit_passive_greater_aura_of_madness,data/unit_stats/abilities/source_exports/db/special_ability_to_special_ability_phase_junctions_tables/data__.tsv,505,9.0.1
1,wh2_dlc17_unit_passive_horrible_regeneration,true,false,false,wh2_dlc17_unit_passive_horrible_regeneration,data/unit_stats/abilities/source_exports/db/special_ability_to_special_ability_phase_junctions_tables/data__.tsv,506,9.0.1
1,wh2_dlc17_unit_passive_master_of_the_sacred_places,false,true,false,wh2_dlc17_unit_passive_master_of_the_sacred_places,data/unit_stats/abilities/source_exports/db/special_ability_to_special_ability_phase_junctions_tables/data__.tsv,507,9.0.1
1,wh2_dlc17_unit_passive_primal_fury_upgraded,true,false,false,wh_dlc03_unit_passive_primal_fury,data/unit_stats/abilities/source_exports/db/special_ability_to_special_ability_phase_junctions_tables/data__.tsv,508,9.0.1
1,wh2_dlc17_unit_passive_searing_bile_blood,true,false,false,wh2_dlc17_unit_passive_searing_bile_blood,data/unit_stats/abilities/source_exports/db/special_ability_to_special_ability_phase_junctions_tables/data__.tsv,509,9.0.1
1,wh2_dlc17_unit_passive_spurting_bile_blood,true,false,false,wh2_dlc17_unit_passive_spurting_bile_blood,data/unit_stats/abilities/source_exports/db/special_ability_to_special_ability_phase_junctions_tables/data__.tsv,510,9.0.1
1,wh2_dlc17_unit_passive_strength_from_flesh,true,false,false,wh2_dlc17_unit_passive_strength_from_flesh,data/unit_stats/abilities/source_exports/db/special_ability_to_special_ability_phase_junctions_tables/data__.tsv,511,9.0.1
1,wh2_dlc17_unit_passive_wayfarer,true,false,false,wh2_dlc17_unit_passive_wayfarer,data/unit_stats/abilities/source_exports/db/special_ability_to_special_ability_phase_junctions_tables/data__.tsv,512,9.0.1
1,wh2_dlc17_unit_passive_wightblades,true,false,false,wh2_dlc17_unit_passive_wightblades,data/unit_stats/abilities/source_exports/db/special_ability_to_special_ability_phase_junctions_tables/data__.tsv,513,9.0.1
1,wh2_dlc17_weapon_passive_rune_tortured_axes,true,false,false,wh2_dlc17_weapon_passive_rune_tortured_axes,data/unit_stats/abilities/source_exports/db/special_ability_to_special_ability_phase_junctions_tables/data__.tsv,514,9.0.1
1,wh2_dlc25_hero_passive_grim_resolve,true,true,false,wh2_dlc25_hero_passive_grim_resolve,data/unit_stats/abilities/source_exports/db/special_ability_to_special_ability_phase_junctions_tables/data__.tsv,515,9.0.1
1,wh2_dlc25_hero_passive_tools_of_judgement,true,false,false,wh2_dlc25_hero_passive_tools_of_judgement,data/unit_stats/abilities/source_exports/db/special_ability_to_special_ability_phase_junctions_tables/data__.tsv,516,9.0.1
1,wh2_main_army_abilities_channeling_spire,false,true,false,wh2_main_army_abilities_channeling_spire,data/unit_stats/abilities/source_exports/db/special_ability_to_special_ability_phase_junctions_tables/data__.tsv,517,9.0.1
1,wh2_main_army_abilities_dark_conduit,false,true,false,wh2_main_army_abilities_dark_conduit,data/unit_stats/abilities/source_exports/db/special_ability_to_special_ability_phase_junctions_tables/data__.tsv,518,9.0.1
1,wh2_main_army_abilities_eshin_clanstone,false,false,true,wh2_main_army_abilities_eshin_clanstone,data/unit_stats/abilities/source_exports/db/special_ability_to_special_ability_phase_junctions_tables/data__.tsv,519,9.0.1
1,wh2_main_army_abilities_holy_stela,false,false,true,wh2_main_army_abilities_holy_stela,data/unit_stats/abilities/source_exports/db/special_ability_to_special_ability_phase_junctions_tables/data__.tsv,520,9.0.1
1,wh2_main_army_abilities_lure_of_the_pale_queen,false,false,true,wh2_main_army_abilities_lure_of_the_pale_queen,data/unit_stats/abilities/source_exports/db/special_ability_to_special_ability_phase_junctions_tables/data__.tsv,521,9.0.1
1,wh2_main_army_abilities_mors_clanstone,false,true,false,wh2_main_army_abilities_mors_clanstone,data/unit_stats/abilities/source_exports/db/special_ability_to_special_ability_phase_junctions_tables/data__.tsv,522,9.0.1
1,wh2_main_army_abilities_moulder_clanstone,false,true,false,wh2_main_army_abilities_moulder_clanstone,data/unit_stats/abilities/source_exports/db/special_ability_to_special_ability_phase_junctions_tables/data__.tsv,523,9.0.1
1,wh2_main_army_abilities_pestilens_clanstone,false,true,false,wh2_main_army_abilities_pestilens_clanstone,data/unit_stats/abilities/source_exports/db/special_ability_to_special_ability_phase_junctions_tables/data__.tsv,524,9.0.1
1,wh2_main_army_abilities_skryre_clanstone,false,false,true,wh2_main_army_abilities_skryre_clanstone,data/unit_stats/abilities/source_exports/db/special_ability_to_special_ability_phase_junctions_tables/data__.tsv,525,9.0.1
1,wh2_main_army_abilities_temple_of_mists,false,false,true,wh2_main_army_abilities_temple_of_mists,data/unit_stats/abilities/source_exports/db/special_ability_to_special_ability_phase_junctions_tables/data__.tsv,526,9.0.1
1,wh2_main_banner_passive_battle_banner,false,false,true,wh2_main_banner_passive_battle_banner,data/unit_stats/abilities/source_exports/db/special_ability_to_special_ability_phase_junctions_tables/data__.tsv,527,9.0.1
1,wh2_main_banner_passive_sacred_banner_of_the_horned_rat,false,false,true,wh2_main_banner_passive_sacred_banner_of_the_horned_rat,data/unit_stats/abilities/source_exports/db/special_ability_to_special_ability_phase_junctions_tables/data__.tsv,528,9.0.1
1,wh2_main_banner_passive_storm_banner,false,false,true,wh2_main_banner_passive_storm_banner,data/unit_stats/abilities/source_exports/db/special_ability_to_special_ability_phase_junctions_tables/data__.tsv,529,9.0.1
1,wh2_main_character_abilities_assassins_trophy,false,false,true,wh2_main_character_abilities_assassins_trophy,data/unit_stats/abilities/source_exports/db/special_ability_to_special_ability_phase_junctions_tables/data__.tsv,530,9.0.1
1,wh2_main_character_abilities_black_lotus,true,false,false,wh2_main_character_abilities_black_lotus,data/unit_stats/abilities/source_exports/db/special_ability_to_special_ability_phase_junctions_tables/data__.tsv,531,9.0.1
1,wh2_main_character_abilities_cold_blooded,true,true,false,wh2_main_character_abilities_cold_blooded,data/unit_stats/abilities/source_exports/db/special_ability_to_special_ability_phase_junctions_tables/data__.tsv,532,9.0.1
1,wh2_main_character_abilities_concealment_bombs,true,false,false,wh2_main_unit_abilities_concealment_bombs,data/unit_stats/abilities/source_exports/db/special_ability_to_special_ability_phase_junctions_tables/data__.tsv,533,9.0.1
1,wh2_main_character_abilities_dark_venom,true,false,false,wh2_main_character_abilities_dark_venom,data/unit_stats/abilities/source_exports/db/special_ability_to_special_ability_phase_junctions_tables/data__.tsv,534,9.0.1
1,wh2_main_character_abilities_shield_of_the_old_ones,true,true,false,wh2_main_character_abilities_shield_of_the_old_ones,data/unit_stats/abilities/source_exports/db/special_ability_to_special_ability_phase_junctions_tables/data__.tsv,535,9.0.1
1,wh2_main_character_abilities_swiftness_of_itzl,true,false,false,wh2_main_character_abilities_swiftness_of_itzl,data/unit_stats/abilities/source_exports/db/special_ability_to_special_ability_phase_junctions_tables/data__.tsv,536,9.0.1
1,wh2_main_character_abilities_verminous_valour,true,false,false,wh2_main_character_abilities_verminous_valour,data/unit_stats/abilities/source_exports/db/special_ability_to_special_ability_phase_junctions_tables/data__.tsv,537,9.0.1
1,wh2_main_character_abilities_witchbrew,true,false,false,wh2_main_character_abilities_witchbrew,data/unit_stats/abilities/source_exports/db/special_ability_to_special_ability_phase_junctions_tables/data__.tsv,538,9.0.1
1,wh2_main_character_passive_aura_of_pestilence,false,false,true,wh2_main_character_passive_aura_of_pestilence,data/unit_stats/abilities/source_exports/db/special_ability_to_special_ability_phase_junctions_tables/data__.tsv,539,9.0.1
1,wh2_main_character_passive_darken_the_skies,true,true,false,wh2_main_character_passive_darken_the_skies,data/unit_stats/abilities/source_exports/db/special_ability_to_special_ability_phase_junctions_tables/data__.tsv,540,9.0.1
1,wh2_main_character_passive_fallen_mages,true,false,false,wh2_main_character_passive_fallen_mages,data/unit_stats/abilities/source_exports/db/special_ability_to_special_ability_phase_junctions_tables/data__.tsv,541,9.0.1
1,wh2_main_character_passive_grand_arcane_conduit,true,false,false,wh2_main_character_passive_grand_arcane_conduit,data/unit_stats/abilities/source_exports/db/special_ability_to_special_ability_phase_junctions_tables/data__.tsv,542,9.0.1
1,wh2_main_character_passive_horn_of_isha,true,true,false,wh2_main_character_passive_horn_of_isha,data/unit_stats/abilities/source_exports/db/special_ability_to_special_ability_phase_junctions_tables/data__.tsv,543,9.0.1
1,wh2_main_character_passive_loose,true,true,false,wh2_main_character_passive_loose,data/unit_stats/abilities/source_exports/db/special_ability_to_special_ability_phase_junctions_tables/data__.tsv,544,9.0.1
1,wh2_main_faction_abilities_murderous_mastery,true,false,false,wh2_main_faction_abilities_murderous_mastery,data/unit_stats/abilities/source_exports/db/special_ability_to_special_ability_phase_junctions_tables/data__.tsv,545,9.0.1
1,wh2_main_faction_abilities_murderous_prowess,true,false,false,wh2_main_faction_abilities_murderous_prowess,data/unit_stats/abilities/source_exports/db/special_ability_to_special_ability_phase_junctions_tables/data__.tsv,546,9.0.1
1,wh2_main_faction_abilities_murderous_prowess_indicator,true,false,false,wh2_main_faction_abilities_murderous_prowess_indicator,data/unit_stats/abilities/source_exports/db/special_ability_to_special_ability_phase_junctions_tables/data__.tsv,547,9.0.1
1,wh2_main_item_abilities_amulet_of_itzl,true,false,false,wh2_main_item_abilities_amulet_of_itzl,data/unit_stats/abilities/source_exports/db/special_ability_to_special_ability_phase_junctions_tables/data__.tsv,548,9.0.1
1,wh2_main_item_abilities_armour_of_the_stars,true,false,false,wh2_main_item_abilities_armour_of_the_stars,data/unit_stats/abilities/source_exports/db/special_ability_to_special_ability_phase_junctions_tables/data__.tsv,549,9.0.1
1,wh2_main_item_abilities_aura_of_quetzl,true,true,false,wh2_main_item_abilities_aura_of_quetzl,data/unit_stats/abilities/source_exports/db/special_ability_to_special_ability_phase_junctions_tables/data__.tsv,550,9.0.1
1,wh2_main_item_abilities_blade_of_bel_korhadris,true,false,false,wh2_main_item_abilities_blade_of_bel_korhadris,data/unit_stats/abilities/source_exports/db/special_ability_to_special_ability_phase_junctions_tables/data__.tsv,551,9.0.1
1,wh2_main_item_abilities_blood_statuette_of_spite,false,false,true,wh2_main_item_abilities_blood_statuette_of_spite,data/unit_stats/abilities/source_exports/db/special_ability_to_special_ability_phase_junctions_tables/data__.tsv,552,9.0.1
1,wh2_main_item_abilities_book_of_hoeth,true,false,false,wh2_main_item_abilities_book_of_hoeth,data/unit_stats/abilities/source_exports/db/special_ability_to_special_ability_phase_junctions_tables/data__.tsv,553,9.0.1
1,wh2_main_item_abilities_cube_of_darkness,false,false,true,wh2_main_item_abilities_cube_of_darkness,data/unit_stats/abilities/source_exports/db/special_ability_to_special_ability_phase_junctions_tables/data__.tsv,554,9.0.1
1,wh2_main_item_abilities_dragonhorn,true,true,false,wh2_main_item_abilities_dragonhorn,data/unit_stats/abilities/source_exports/db/special_ability_to_special_ability_phase_junctions_tables/data__.tsv,555,9.0.1
1,wh2_main_item_abilities_pearl_of_infinite_bleakness,true,true,false,wh2_main_item_abilities_pearl_of_infinite_bleakness,data/unit_stats/abilities/source_exports/db/special_ability_to_special_ability_phase_junctions_tables/data__.tsv,556,9.0.1
1,wh2_main_item_abilities_plaque_of_dominion,false,false,true,wh2_main_item_abilities_plaque_of_dominion,data/unit_stats/abilities/source_exports/db/special_ability_to_special_ability_phase_junctions_tables/data__.tsv,557,9.0.1
1,wh2_main_item_abilities_rival_hide_talisman,false,false,true,wh2_main_item_abilities_rival_hide_talisman,data/unit_stats/abilities/source_exports/db/special_ability_to_special_ability_phase_junctions_tables/data__.tsv,558,9.0.1
1,wh2_main_item_abilities_rod_of_corruption,false,false,true,wh2_main_item_abilities_rod_of_corruption,data/unit_stats/abilities/source_exports/db/special_ability_to_special_ability_phase_junctions_tables/data__.tsv,559,9.0.1
1,wh2_main_item_abilities_scrying_stone,true,false,false,wh2_main_item_abilities_scrying_stone,data/unit_stats/abilities/source_exports/db/special_ability_to_special_ability_phase_junctions_tables/data__.tsv,560,9.0.1
1,wh2_main_item_abilities_skalm,true,false,false,wh2_main_item_abilities_skalm,data/unit_stats/abilities/source_exports/db/special_ability_to_special_ability_phase_junctions_tables/data__.tsv,561,9.0.1
1,wh2_main_item_abilities_skavenbrew,true,true,false,wh2_main_item_abilities_skavenbrew,data/unit_stats/abilities/source_exports/db/special_ability_to_special_ability_phase_junctions_tables/data__.tsv,562,9.0.1
1,wh2_main_item_abilities_starwood_staff,true,false,false,wh2_main_item_abilities_starwood_staff,data/unit_stats/abilities/source_exports/db/special_ability_to_special_ability_phase_junctions_tables/data__.tsv,563,9.0.1
1,wh2_main_item_abilities_talisman_of_loec,true,false,false,wh2_main_item_abilities_talisman_of_loec,data/unit_stats/abilities/source_exports/db/special_ability_to_special_ability_phase_junctions_tables/data__.tsv,564,9.0.1
1,wh2_main_item_abilities_the_bane_shield,true,true,false,wh2_main_item_abilities_the_bane_shield,data/unit_stats/abilities/source_exports/db/special_ability_to_special_ability_phase_junctions_tables/data__.tsv,565,9.0.1
1,wh2_main_item_abilities_the_guiding_eye,true,true,false,wh2_main_item_abilities_the_guiding_eye,data/unit_stats/abilities/source_exports/db/special_ability_to_special_ability_phase_junctions_tables/data__.tsv,566,9.0.1
1,wh2_main_item_abilities_the_horn_of_kygor,true,true,false,wh2_main_item_abilities_the_horn_of_kygor,data/unit_stats/abilities/source_exports/db/special_ability_to_special_ability_phase_junctions_tables/data__.tsv,567,9.0.1
1,wh2_main_item_abilities_the_liber_bubonicus,false,false,true,wh2_main_item_abilities_the_liber_bubonicus,data/unit_stats/abilities/source_exports/db/special_ability_to_special_ability_phase_junctions_tables/data__.tsv,568,9.0.1
1,wh2_main_item_abilities_the_tricksters_pendant,false,false,true,wh2_main_item_abilities_the_tricksters_pendant,data/unit_stats/abilities/source_exports/db/special_ability_to_special_ability_phase_junctions_tables/data__.tsv,569,9.0.1
1,wh2_main_item_abilities_the_vortex_shard,false,false,true,wh2_main_item_abilities_the_vortex_shard,data/unit_stats/abilities/source_exports/db/special_ability_to_special_ability_phase_junctions_tables/data__.tsv,570,9.0.1
1,wh2_main_item_abilities_warpstorm_scroll,false,false,true,wh2_main_item_abilities_warpstorm_scroll,data/unit_stats/abilities/source_exports/db/special_ability_to_special_ability_phase_junctions_tables/data__.tsv,571,9.0.1
1,wh2_main_item_abilities_worlds_edge_armour,true,false,false,wh2_main_item_abilities_worlds_edge_armour,data/unit_stats/abilities/source_exports/db/special_ability_to_special_ability_phase_junctions_tables/data__.tsv,572,9.0.1
1,wh2_main_item_passive_blessed_tome,false,true,false,wh2_main_item_passive_blessed_tome,data/unit_stats/abilities/source_exports/db/special_ability_to_special_ability_phase_junctions_tables/data__.tsv,573,9.0.1
1,wh2_main_item_passive_circlet_of_iron,true,false,false,wh2_main_item_passive_circlet_of_iron,data/unit_stats/abilities/source_exports/db/special_ability_to_special_ability_phase_junctions_tables/data__.tsv,574,9.0.1
1,wh2_main_item_passive_curse_charm_of_tepok,false,false,true,wh2_main_item_passive_curse_charm_of_tepok,data/unit_stats/abilities/source_exports/db/special_ability_to_special_ability_phase_junctions_tables/data__.tsv,575,9.0.1
1,wh2_main_item_passive_darkstar_cloak,true,false,false,wh2_main_item_passive_darkstar_cloak,data/unit_stats/abilities/source_exports/db/special_ability_to_special_ability_phase_junctions_tables/data__.tsv,576,9.0.1
1,wh2_main_item_passive_diamond_guardian_phoenix,true,true,false,wh2_main_item_passive_diamond_guardian_phoenix,data/unit_stats/abilities/source_exports/db/special_ability_to_special_ability_phase_junctions_tables/data__.tsv,577,9.0.1
1,wh2_main_item_passive_enchanted_spyglass,false,true,false,wh2_main_item_passive_enchanted_spyglass,data/unit_stats/abilities/source_exports/db/special_ability_to_special_ability_phase_junctions_tables/data__.tsv,578,9.0.1
1,wh2_main_item_passive_heart_of_averlorn,true,false,false,wh2_main_item_passive_heart_of_averlorn,data/unit_stats/abilities/source_exports/db/special_ability_to_special_ability_phase_junctions_tables/data__.tsv,579,9.0.1
1,wh2_main_item_passive_loremasters_cloak,true,true,false,wh2_main_item_passive_loremasters_cloak,data/unit_stats/abilities/source_exports/db/special_ability_to_special_ability_phase_junctions_tables/data__.tsv,580,9.0.1
1,wh2_main_item_passive_pipes_of_piebald,false,false,true,wh2_main_item_passive_pipes_of_piebald,data/unit_stats/abilities/source_exports/db/special_ability_to_special_ability_phase_junctions_tables/data__.tsv,581,9.0.1
1,wh2_main_item_passive_portents_of_verminous_doom,false,false,true,wh2_main_item_passive_portents_of_verminous_doom,data/unit_stats/abilities/source_exports/db/special_ability_to_special_ability_phase_junctions_tables/data__.tsv,582,9.0.1
1,wh2_main_item_passive_ring_of_hotek,false,false,true,wh2_main_item_passive_ring_of_hotek,data/unit_stats/abilities/source_exports/db/special_ability_to_special_ability_phase_junctions_tables/data__.tsv,583,9.0.1
1,wh2_main_item_passive_ruby_guardian_phoenix,true,true,false,wh2_main_item_passive_ruby_guardian_phoenix,data/unit_stats/abilities/source_exports/db/special_ability_to_special_ability_phase_junctions_tables/data__.tsv,584,9.0.1
1,wh2_main_item_passive_sacred_incense,true,true,false,wh2_main_item_passive_sacred_incense,data/unit_stats/abilities/source_exports/db/special_ability_to_special_ability_phase_junctions_tables/data__.tsv,585,9.0.1
1,wh2_main_item_passive_sapphire_guardian_phoenix,true,true,false,wh2_main_item_passive_sapphire_guardian_phoenix,data/unit_stats/abilities/source_exports/db/special_ability_to_special_ability_phase_junctions_tables/data__.tsv,586,9.0.1
1,wh2_main_item_passive_scroll_of_hoeth,false,false,true,wh2_main_item_passive_scroll_of_hoeth,data/unit_stats/abilities/source_exports/db/special_ability_to_special_ability_phase_junctions_tables/data__.tsv,587,9.0.1
1,wh2_main_item_passive_shadow_magnet_trinket,true,true,false,wh2_main_item_passive_shadow_magnet_trinket,data/unit_stats/abilities/source_exports/db/special_ability_to_special_ability_phase_junctions_tables/data__.tsv,588,9.0.1
1,wh2_main_item_passive_shield_of_distraction,false,false,true,wh2_main_item_passive_shield_of_distraction,data/unit_stats/abilities/source_exports/db/special_ability_to_special_ability_phase_junctions_tables/data__.tsv,589,9.0.1
1,wh2_main_item_passive_shield_of_ghrond,false,false,true,wh2_main_item_passive_shield_of_ghrond,data/unit_stats/abilities/source_exports/db/special_ability_to_special_ability_phase_junctions_tables/data__.tsv,590,9.0.1
1,wh2_main_item_passive_sunburst_standard_of_hexoatl,true,true,false,wh2_main_item_passive_sunburst_standard_of_hexoatl,data/unit_stats/abilities/source_exports/db/special_ability_to_special_ability_phase_junctions_tables/data__.tsv,591,9.0.1
1,wh2_main_item_passive_supreme_spellshield,false,false,true,wh2_main_item_passive_supreme_spellshield,data/unit_stats/abilities/source_exports/db/special_ability_to_special_ability_phase_junctions_tables/data__.tsv,592,9.0.1
1,wh2_main_item_passive_supreme_spellshield,true,false,false,wh2_main_item_passive_supreme_spellshield_miscast,data/unit_stats/abilities/source_exports/db/special_ability_to_special_ability_phase_junctions_tables/data__.tsv,593,9.0.1
1,wh2_main_item_passive_the_book_of_the_phoenix,true,false,false,wh2_main_unit_passive_rebirth_buffer,data/unit_stats/abilities/source_exports/db/special_ability_to_special_ability_phase_junctions_tables/data__.tsv,594,9.0.1
2,wh2_main_item_passive_the_book_of_the_phoenix,true,false,false,wh2_main_item_passive_the_book_of_the_phoenix,data/unit_stats/abilities/source_exports/db/special_ability_to_special_ability_phase_junctions_tables/data__.tsv,595,9.0.1
1,wh2_main_item_passive_war_drum_of_xahutec,true,true,false,wh2_main_item_passive_war_drum_of_xahutec,data/unit_stats/abilities/source_exports/db/special_ability_to_special_ability_phase_junctions_tables/data__.tsv,596,9.0.1
1,wh2_main_item_passive_warp_shard_armour,false,false,true,wh2_main_item_passive_warp_shard_armour,data/unit_stats/abilities/source_exports/db/special_ability_to_special_ability_phase_junctions_tables/data__.tsv,597,9.0.1
1,wh2_main_item_passive_warpstone_armour,false,false,true,wh2_main_item_passive_warpstone_armour,data/unit_stats/abilities/source_exports/db/special_ability_to_special_ability_phase_junctions_tables/data__.tsv,598,9.0.1
1,wh2_main_lord_abilities_feint_and_reposte,true,false,false,wh2_main_lord_abilities_feint_and_reposte,data/unit_stats/abilities/source_exports/db/special_ability_to_special_ability_phase_junctions_tables/data__.tsv,599,9.0.1
1,wh2_main_lord_abilities_potion_of_charoi,true,false,false,wh2_main_lord_abilities_potion_of_charoi,data/unit_stats/abilities/source_exports/db/special_ability_to_special_ability_phase_junctions_tables/data__.tsv,600,9.0.1
1,wh2_main_lord_abilities_sacred_spawning_of_xhotl,true,false,false,wh2_main_lord_abilities_sacred_spawning_of_xhotl,data/unit_stats/abilities/source_exports/db/special_ability_to_special_ability_phase_junctions_tables/data__.tsv,601,9.0.1
1,wh2_main_lord_abilities_trophy_heads,false,false,true,wh2_main_lord_abilities_trophy_heads,data/unit_stats/abilities/source_exports/db/special_ability_to_special_ability_phase_junctions_tables/data__.tsv,602,9.0.1
1,wh2_main_lord_passive_enchanting_beauty,false,false,true,wh2_main_lord_passive_enchanting_beauty,data/unit_stats/abilities/source_exports/db/special_ability_to_special_ability_phase_junctions_tables/data__.tsv,603,9.0.1
1,wh2_main_lord_passive_glamour_of_hoeth,true,true,false,wh2_main_lord_passive_glamour_of_hoeth,data/unit_stats/abilities/source_exports/db/special_ability_to_special_ability_phase_junctions_tables/data__.tsv,604,9.0.1
1,wh2_main_lord_passive_kindle_the_fury,true,true,false,wh2_main_lord_passive_kindle_the_fury,data/unit_stats/abilities/source_exports/db/special_ability_to_special_ability_phase_junctions_tables/data__.tsv,605,9.0.1
1,wh2_main_lord_passive_strength_through_spite,true,true,false,wh2_main_lord_passive_strength_through_spite,data/unit_stats/abilities/source_exports/db/special_ability_to_special_ability_phase_junctions_tables/data__.tsv,606,9.0.1
1,wh2_main_lore_passive_musk_of_fear,false,false,true,wh2_main_lore_passive_musk_of_fear,data/unit_stats/abilities/source_exports/db/special_ability_to_special_ability_phase_junctions_tables/data__.tsv,607,9.0.1
1,wh2_main_lore_passive_plague_rash,false,false,true,wh2_main_lore_passive_plague_rash,data/unit_stats/abilities/source_exports/db/special_ability_to_special_ability_phase_junctions_tables/data__.tsv,608,9.0.1
1,wh2_main_lore_passive_shield_of_saphery,true,true,false,wh2_main_lore_passive_shield_of_saphery,data/unit_stats/abilities/source_exports/db/special_ability_to_special_ability_phase_junctions_tables/data__.tsv,609,9.0.1
1,wh2_main_lore_passive_spiteful_conjuration,false,false,true,wh2_main_lore_passive_spiteful_conjuration,data/unit_stats/abilities/source_exports/db/special_ability_to_special_ability_phase_junctions_tables/data__.tsv,610,9.0.1
1,wh2_main_mount_abilities_unholy_clamour,true,true,false,wh2_main_mount_abilities_unholy_clamour,data/unit_stats/abilities/source_exports/db/special_ability_to_special_ability_phase_junctions_tables/data__.tsv,611,9.0.1
1,wh2_main_mount_passive_billowing_death,false,false,true,wh2_main_mount_passive_billowing_death,data/unit_stats/abilities/source_exports/db/special_ability_to_special_ability_phase_junctions_tables/data__.tsv,612,9.0.1
1,wh2_main_mount_passive_wall_of_unholy_sound,true,true,false,wh2_main_mount_passive_wall_of_unholy_sound,data/unit_stats/abilities/source_exports/db/special_ability_to_special_ability_phase_junctions_tables/data__.tsv,613,9.0.1
1,wh2_main_spell_bound_black_staff,true,true,false,wh2_main_spell_bound_black_staff,data/unit_stats/abilities/source_exports/db/special_ability_to_special_ability_phase_junctions_tables/data__.tsv,614,9.0.1
1,wh2_main_spell_bound_embers_of_the_phoenix,true,true,false,wh2_main_spell_bound_embers_of_the_phoenix,data/unit_stats/abilities/source_exports/db/special_ability_to_special_ability_phase_junctions_tables/data__.tsv,615,9.0.1
1,wh2_main_spell_bound_radiant_gem_of_hoeth,true,true,false,wh2_main_spell_bound_radiant_gem_of_hoeth,data/unit_stats/abilities/source_exports/db/special_ability_to_special_ability_phase_junctions_tables/data__.tsv,616,9.0.1
1,wh2_main_spell_bound_ring_of_corin,false,false,true,wh2_main_spell_bound_ring_of_corin,data/unit_stats/abilities/source_exports/db/special_ability_to_special_ability_phase_junctions_tables/data__.tsv,617,9.0.1
1,wh2_main_spell_bound_the_seerstaff_of_saphery,true,true,false,wh2_main_spell_bound_the_seerstaff_of_saphery,data/unit_stats/abilities/source_exports/db/special_ability_to_special_ability_phase_junctions_tables/data__.tsv,618,9.0.1
1,wh2_main_spell_bound_whip_of_agony,false,false,true,wh2_main_spell_bound_whip_of_agony,data/unit_stats/abilities/source_exports/db/special_ability_to_special_ability_phase_junctions_tables/data__.tsv,619,9.0.1
1,wh2_main_spell_dark_magic_power_of_darkness,true,true,false,wh2_main_spell_dark_magic_power_of_darkness,data/unit_stats/abilities/source_exports/db/special_ability_to_special_ability_phase_junctions_tables/data__.tsv,620,9.0.1
1,wh2_main_spell_dark_magic_soul_stealer,false,false,true,wh2_main_spell_dark_magic_soul_stealer,data/unit_stats/abilities/source_exports/db/special_ability_to_special_ability_phase_junctions_tables/data__.tsv,621,9.0.1
1,wh2_main_spell_dark_magic_soul_stealer,true,false,false,wh2_main_spell_dark_magic_soul_stealer_miscast,data/unit_stats/abilities/source_exports/db/special_ability_to_special_ability_phase_junctions_tables/data__.tsv,622,9.0.1
1,wh2_main_spell_dark_magic_word_of_pain,false,false,true,wh2_main_spell_dark_magic_word_of_pain,data/unit_stats/abilities/source_exports/db/special_ability_to_special_ability_phase_junctions_tables/data__.tsv,623,9.0.1
1,wh2_main_spell_dark_magic_word_of_pain_upgraded,false,false,true,wh2_main_spell_dark_magic_word_of_pain_upgraded,data/unit_stats/abilities/source_exports/db/special_ability_to_special_ability_phase_junctions_tables/data__.tsv,624,9.0.1
1,wh2_main_spell_high_magic_apotheosis,true,true,false,wh2_main_spell_high_magic_apotheosis,data/unit_stats/abilities/source_exports/db/special_ability_to_special_ability_phase_junctions_tables/data__.tsv,625,9.0.1
1,wh2_main_spell_high_magic_apotheosis_upgraded,true,true,false,wh2_main_spell_high_magic_apotheosis,data/unit_stats/abilities/source_exports/db/special_ability_to_special_ability_phase_junctions_tables/data__.tsv,626,9.0.1
1,wh2_main_spell_high_magic_arcane_unforging,false,false,true,wh2_main_spell_high_magic_arcane_unforging,data/unit_stats/abilities/source_exports/db/special_ability_to_special_ability_phase_junctions_tables/data__.tsv,627,9.0.1
1,wh2_main_spell_high_magic_arcane_unforging_upgraded,false,false,true,wh2_main_spell_high_magic_arcane_unforging_upgraded,data/unit_stats/abilities/source_exports/db/special_ability_to_special_ability_phase_junctions_tables/data__.tsv,628,9.0.1
1,wh2_main_spell_high_magic_hand_of_glory,true,true,false,wh2_main_spell_high_magic_hand_of_glory,data/unit_stats/abilities/source_exports/db/special_ability_to_special_ability_phase_junctions_tables/data__.tsv,629,9.0.1
1,wh2_main_spell_high_magic_hand_of_glory_upgraded,true,true,false,wh2_main_spell_high_magic_hand_of_glory_upgraded,data/unit_stats/abilities/source_exports/db/special_ability_to_special_ability_phase_junctions_tables/data__.tsv,630,9.0.1
1,wh2_main_spell_high_magic_tempest,false,false,true,wh2_main_spell_high_magic_tempest,data/unit_stats/abilities/source_exports/db/special_ability_to_special_ability_phase_junctions_tables/data__.tsv,631,9.0.1
1,wh2_main_spell_high_magic_tempest_upgraded,false,false,true,wh2_main_spell_high_magic_tempest_upgraded,data/unit_stats/abilities/source_exports/db/special_ability_to_special_ability_phase_junctions_tables/data__.tsv,632,9.0.1
1,wh2_main_spell_plague_bless_with_filth,true,true,false,wh2_main_spell_plague_bless_with_filth,data/unit_stats/abilities/source_exports/db/special_ability_to_special_ability_phase_junctions_tables/data__.tsv,633,9.0.1
1,wh2_main_spell_plague_bless_with_filth_upgraded,true,true,false,wh2_main_spell_plague_bless_with_filth_upgraded,data/unit_stats/abilities/source_exports/db/special_ability_to_special_ability_phase_junctions_tables/data__.tsv,634,9.0.1
1,wh2_main_spell_plague_wither,false,false,true,wh2_main_spell_plague_wither,data/unit_stats/abilities/source_exports/db/special_ability_to_special_ability_phase_junctions_tables/data__.tsv,635,9.0.1
1,wh2_main_spell_plague_wither_upgraded,false,false,true,wh2_main_spell_plague_wither_upgraded,data/unit_stats/abilities/source_exports/db/special_ability_to_special_ability_phase_junctions_tables/data__.tsv,636,9.0.1
1,wh2_main_spell_ruin_death_frenzy,true,true,false,wh2_main_spell_ruin_death_frenzy,data/unit_stats/abilities/source_exports/db/special_ability_to_special_ability_phase_junctions_tables/data__.tsv,637,9.0.1
1,wh2_main_spell_ruin_death_frenzy_upgraded,true,true,false,wh2_main_spell_ruin_death_frenzy,data/unit_stats/abilities/source_exports/db/special_ability_to_special_ability_phase_junctions_tables/data__.tsv,638,9.0.1
1,wh2_main_spell_ruin_howling_warpgale,false,false,true,wh2_main_spell_ruin_howling_warpgale,data/unit_stats/abilities/source_exports/db/special_ability_to_special_ability_phase_junctions_tables/data__.tsv,639,9.0.1
1,wh2_main_spell_ruin_howling_warpgale_upgraded,false,false,true,wh2_main_spell_ruin_howling_warpgale_upgraded,data/unit_stats/abilities/source_exports/db/special_ability_to_special_ability_phase_junctions_tables/data__.tsv,640,9.0.1
1,wh2_main_spell_ruin_skitterleap,true,true,false,wh2_main_spell_ruin_skitterleap,data/unit_stats/abilities/source_exports/db/special_ability_to_special_ability_phase_junctions_tables/data__.tsv,641,9.0.1
1,wh2_main_spell_ruin_skitterleap_upgraded,true,true,false,wh2_main_spell_ruin_skitterleap_upgraded,data/unit_stats/abilities/source_exports/db/special_ability_to_special_ability_phase_junctions_tables/data__.tsv,642,9.0.1
1,wh2_main_unit_abilities_concealment_bombs,true,false,false,wh2_main_unit_abilities_concealment_bombs,data/unit_stats/abilities/source_exports/db/special_ability_to_special_ability_phase_junctions_tables/data__.tsv,643,9.0.1
1,wh2_main_unit_abilities_fury_of_khaine,false,true,false,wh2_main_unit_abilities_fury_of_khaine,data/unit_stats/abilities/source_exports/db/special_ability_to_special_ability_phase_junctions_tables/data__.tsv,644,9.0.1
1,wh2_main_unit_abilities_hidden_blade,true,false,false,wh2_main_unit_abilities_hidden_blade,data/unit_stats/abilities/source_exports/db/special_ability_to_special_ability_phase_junctions_tables/data__.tsv,645,9.0.1
1,wh2_main_unit_abilities_revivification_crystal,true,true,false,wh2_main_unit_abilities_revivification_crystal,data/unit_stats/abilities/source_exports/db/special_ability_to_special_ability_phase_junctions_tables/data__.tsv,646,9.0.1
1,wh2_main_unit_passive_another_takes_its_place,true,false,false,wh2_main_unit_passive_another_takes_its_place,data/unit_stats/abilities/source_exports/db/special_ability_to_special_ability_phase_junctions_tables/data__.tsv,647,9.0.1
1,wh2_main_unit_passive_attuned_to_magic,true,false,false,wh2_main_unit_passive_attuned_to_magic,data/unit_stats/abilities/source_exports/db/special_ability_to_special_ability_phase_junctions_tables/data__.tsv,648,9.0.1
1,wh2_main_unit_passive_blizzard_aura,false,false,true,wh2_main_unit_passive_blizzard_aura,data/unit_stats/abilities/source_exports/db/special_ability_to_special_ability_phase_junctions_tables/data__.tsv,649,9.0.1
1,wh2_main_unit_passive_bloodshield_of_khaine,true,true,false,wh2_main_unit_passive_bloodshield_of_khaine,data/unit_stats/abilities/source_exports/db/special_ability_to_special_ability_phase_junctions_tables/data__.tsv,650,9.0.1
1,wh2_main_unit_passive_martial_mastery,true,false,false,wh2_main_unit_passive_martial_mastery,data/unit_stats/abilities/source_exports/db/special_ability_to_special_ability_phase_junctions_tables/data__.tsv,651,9.0.1
1,wh2_main_unit_passive_martial_prowess,true,false,false,wh2_main_unit_passive_martial_prowess,data/unit_stats/abilities/source_exports/db/special_ability_to_special_ability_phase_junctions_tables/data__.tsv,652,9.0.1
1,wh2_main_unit_passive_primal_instincts,true,false,false,wh2_main_unit_passive_primal_instincts,data/unit_stats/abilities/source_exports/db/special_ability_to_special_ability_phase_junctions_tables/data__.tsv,653,9.0.1
1,wh2_main_unit_passive_rebirth,true,false,false,wh2_main_unit_passive_rebirth_buffer,data/unit_stats/abilities/source_exports/db/special_ability_to_special_ability_phase_junctions_tables/data__.tsv,654,9.0.1
2,wh2_main_unit_passive_rebirth,true,false,false,wh2_main_unit_passive_rebirth,data/unit_stats/abilities/source_exports/db/special_ability_to_special_ability_phase_junctions_tables/data__.tsv,655,9.0.1
1,wh2_main_unit_passive_scurry_away,true,false,false,wh2_main_unit_passive_scurry_away,data/unit_stats/abilities/source_exports/db/special_ability_to_special_ability_phase_junctions_tables/data__.tsv,656,9.0.1
1,wh2_main_unit_passive_snare_net,false,false,true,wh2_main_unit_passive_snare_net,data/unit_stats/abilities/source_exports/db/special_ability_to_special_ability_phase_junctions_tables/data__.tsv,657,9.0.1
1,wh2_main_unit_passive_strength_in_numbers,true,false,false,wh2_main_unit_passive_strength_in_numbers,data/unit_stats/abilities/source_exports/db/special_ability_to_special_ability_phase_junctions_tables/data__.tsv,658,9.0.1
1,wh2_main_unit_passive_too_horrible_to_die,true,false,false,wh2_main_unit_passive_rebirth_buffer,data/unit_stats/abilities/source_exports/db/special_ability_to_special_ability_phase_junctions_tables/data__.tsv,659,9.0.1
2,wh2_main_unit_passive_too_horrible_to_die,true,false,false,wh2_main_unit_passive_too_horrible_to_die,data/unit_stats/abilities/source_exports/db/special_ability_to_special_ability_phase_junctions_tables/data__.tsv,660,9.0.1
1,wh2_main_unit_passive_unbinding_clanrats,true,false,false,wh2_main_unit_passive_unbinding_clanrats,data/unit_stats/abilities/source_exports/db/special_ability_to_special_ability_phase_junctions_tables/data__.tsv,661,9.0.1
2,wh2_main_unit_passive_unbinding_clanrats,true,false,false,wh_main_unit_passive_unbinding_weak,data/unit_stats/abilities/source_exports/db/special_ability_to_special_ability_phase_junctions_tables/data__.tsv,662,9.0.1
3,wh2_main_unit_passive_unbinding_clanrats,true,false,false,wh_main_unit_passive_unbinding_critical,data/unit_stats/abilities/source_exports/db/special_ability_to_special_ability_phase_junctions_tables/data__.tsv,663,9.0.1
1,wh2_main_unit_passive_unbinding_clanrats_small,true,false,false,wh2_main_unit_passive_unbinding_clanrats_small,data/unit_stats/abilities/source_exports/db/special_ability_to_special_ability_phase_junctions_tables/data__.tsv,664,9.0.1
2,wh2_main_unit_passive_unbinding_clanrats_small,true,false,false,wh_main_unit_passive_unbinding_weak,data/unit_stats/abilities/source_exports/db/special_ability_to_special_ability_phase_junctions_tables/data__.tsv,665,9.0.1
3,wh2_main_unit_passive_unbinding_clanrats_small,true,false,false,wh_main_unit_passive_unbinding_critical,data/unit_stats/abilities/source_exports/db/special_ability_to_special_ability_phase_junctions_tables/data__.tsv,666,9.0.1
1,wh2_main_unit_passive_unbinding_great_eagle,true,false,false,wh2_main_unit_passive_unbinding_great_eagle,data/unit_stats/abilities/source_exports/db/special_ability_to_special_ability_phase_junctions_tables/data__.tsv,667,9.0.1
2,wh2_main_unit_passive_unbinding_great_eagle,true,false,false,wh_main_unit_passive_unbinding_weak_eagle,data/unit_stats/abilities/source_exports/db/special_ability_to_special_ability_phase_junctions_tables/data__.tsv,668,9.0.1
3,wh2_main_unit_passive_unbinding_great_eagle,true,false,false,wh_main_unit_passive_unbinding_critical,data/unit_stats/abilities/source_exports/db/special_ability_to_special_ability_phase_junctions_tables/data__.tsv,669,9.0.1
1,wh2_main_unit_passive_unbinding_plague_monks,true,false,false,wh2_main_unit_passive_unbinding_plague_monks,data/unit_stats/abilities/source_exports/db/special_ability_to_special_ability_phase_junctions_tables/data__.tsv,670,9.0.1
2,wh2_main_unit_passive_unbinding_plague_monks,true,false,false,wh_main_unit_passive_unbinding_weak,data/unit_stats/abilities/source_exports/db/special_ability_to_special_ability_phase_junctions_tables/data__.tsv,671,9.0.1
3,wh2_main_unit_passive_unbinding_plague_monks,true,false,false,wh_main_unit_passive_unbinding_critical,data/unit_stats/abilities/source_exports/db/special_ability_to_special_ability_phase_junctions_tables/data__.tsv,672,9.0.1
1,wh2_main_unit_passive_unbinding_skaven_slaves,true,false,false,wh2_main_unit_passive_unbinding_skaven_slaves,data/unit_stats/abilities/source_exports/db/special_ability_to_special_ability_phase_junctions_tables/data__.tsv,673,9.0.1
2,wh2_main_unit_passive_unbinding_skaven_slaves,true,false,false,wh_main_unit_passive_unbinding_weak,data/unit_stats/abilities/source_exports/db/special_ability_to_special_ability_phase_junctions_tables/data__.tsv,674,9.0.1
3,wh2_main_unit_passive_unbinding_skaven_slaves,true,false,false,wh_main_unit_passive_unbinding_critical,data/unit_stats/abilities/source_exports/db/special_ability_to_special_ability_phase_junctions_tables/data__.tsv,675,9.0.1
1,wh2_main_unit_passive_unbinding_skink_priest,true,false,false,wh2_main_unit_passive_unbinding_skink_priest,data/unit_stats/abilities/source_exports/db/special_ability_to_special_ability_phase_junctions_tables/data__.tsv,676,9.0.1
2,wh2_main_unit_passive_unbinding_skink_priest,true,false,false,wh_main_unit_passive_unbinding_weak,data/unit_stats/abilities/source_exports/db/special_ability_to_special_ability_phase_junctions_tables/data__.tsv,677,9.0.1
3,wh2_main_unit_passive_unbinding_skink_priest,true,false,false,wh_main_unit_passive_unbinding_critical,data/unit_stats/abilities/source_exports/db/special_ability_to_special_ability_phase_junctions_tables/data__.tsv,678,9.0.1
1,wh2_main_weapon_abilities_dwarf_gouger,true,false,false,wh2_main_weapon_abilities_dwarf_gouger,data/unit_stats/abilities/source_exports/db/special_ability_to_special_ability_phase_junctions_tables/data__.tsv,679,9.0.1
1,wh2_main_weapon_abilities_hydra_blade,true,false,false,wh2_main_weapon_abilities_hydra_blade,data/unit_stats/abilities/source_exports/db/special_ability_to_special_ability_phase_junctions_tables/data__.tsv,680,9.0.1
1,wh2_main_weapon_abilities_sword_of_teclis,true,false,false,wh2_main_weapon_abilities_sword_of_teclis,data/unit_stats/abilities/source_exports/db/special_ability_to_special_ability_phase_junctions_tables/data__.tsv,681,9.0.1
1,wh2_main_weapon_abilities_web_of_shadows,false,false,true,wh2_main_weapon_abilities_web_of_shadows,data/unit_stats/abilities/source_exports/db/special_ability_to_special_ability_phase_junctions_tables/data__.tsv,682,9.0.1
1,wh2_main_weapon_bound_winged_staff,false,false,true,wh2_main_weapon_bound_winged_staff,data/unit_stats/abilities/source_exports/db/special_ability_to_special_ability_phase_junctions_tables/data__.tsv,683,9.0.1
1,wh2_main_weapon_passive_chillblade,false,false,true,wh2_main_weapon_passive_chillblade,data/unit_stats/abilities/source_exports/db/special_ability_to_special_ability_phase_junctions_tables/data__.tsv,684,9.0.1
1,wh2_main_weapon_passive_destroyer,false,false,true,wh2_main_weapon_passive_destroyer,data/unit_stats/abilities/source_exports/db/special_ability_to_special_ability_phase_junctions_tables/data__.tsv,685,9.0.1
1,wh2_main_weapon_passive_heartrender_and_the_darksword,false,false,true,wh2_main_weapon_passive_heartrender_and_the_darksword,data/unit_stats/abilities/source_exports/db/special_ability_to_special_ability_phase_junctions_tables/data__.tsv,686,9.0.1
1,wh2_pro08_character_abilities_gotrek_doom,true,false,false,wh2_pro08_character_abilities_gotrek_doom,data/unit_stats/abilities/source_exports/db/special_ability_to_special_ability_phase_junctions_tables/data__.tsv,687,9.0.1
1,wh2_pro08_character_abilities_helping_hand,false,true,false,wh2_pro08_character_abilities_helping_hand,data/unit_stats/abilities/source_exports/db/special_ability_to_special_ability_phase_junctions_tables/data__.tsv,688,9.0.1
1,wh2_pro08_character_passive_blood_oath,true,true,false,wh2_pro08_character_passive_blood_oath,data/unit_stats/abilities/source_exports/db/special_ability_to_special_ability_phase_junctions_tables/data__.tsv,689,9.0.1
2,wh2_pro08_character_passive_heroic_fortitude,true,false,false,wh2_pro08_character_passive_heroic_fortitude,data/unit_stats/abilities/source_exports/db/special_ability_to_special_ability_phase_junctions_tables/data__.tsv,690,9.0.1
1,wh2_pro08_weapon_abilities_karaghul,true,false,false,wh2_pro08_weapon_abilities_karaghul,data/unit_stats/abilities/source_exports/db/special_ability_to_special_ability_phase_junctions_tables/data__.tsv,691,9.0.1
1,wh2_pro08_weapon_abilities_rune_axe_of_gotrek,true,false,false,wh2_pro08_weapon_abilities_rune_axe_of_gotrek,data/unit_stats/abilities/source_exports/db/special_ability_to_special_ability_phase_junctions_tables/data__.tsv,692,9.0.1
1,wh2_twa03_item_passive_beast_armour_of_karond_kar,true,false,false,wh2_twa03_item_passive_beast_armour_of_karond_kar,data/unit_stats/abilities/source_exports/db/special_ability_to_special_ability_phase_junctions_tables/data__.tsv,693,9.0.1
1,wh2_twa03_lord_abilities_beastlords_gaze,true,true,false,wh2_twa03_lord_abilities_beastlords_gaze,data/unit_stats/abilities/source_exports/db/special_ability_to_special_ability_phase_junctions_tables/data__.tsv,694,9.0.1
1,wh2_twa03_lord_passive_beastlords_presence,true,true,false,wh2_twa03_lord_passive_beastlords_presence,data/unit_stats/abilities/source_exports/db/special_ability_to_special_ability_phase_junctions_tables/data__.tsv,695,9.0.1
1,wh2_twa03_weapon_abilities_whip_of_agony,false,false,true,wh2_twa03_weapon_abilities_whip_of_agony,data/unit_stats/abilities/source_exports/db/special_ability_to_special_ability_phase_junctions_tables/data__.tsv,696,9.0.1
1,wh3_cp1_character_abilities_magic_prayer,true,false,false,wh3_cp1_character_abilities_magic_prayer,data/unit_stats/abilities/source_exports/db/special_ability_to_special_ability_phase_junctions_tables/data__.tsv,697,9.0.1
1,wh3_cp1_character_abilities_offense_prayer,true,true,false,wh3_cp1_character_abilities_offense_prayer,data/unit_stats/abilities/source_exports/db/special_ability_to_special_ability_phase_junctions_tables/data__.tsv,698,9.0.1
1,wh3_cp1_character_abilities_protection_prayer,true,true,false,wh3_cp1_character_abilities_protection_prayer,data/unit_stats/abilities/source_exports/db/special_ability_to_special_ability_phase_junctions_tables/data__.tsv,699,9.0.1
1,wh3_cp1_character_abilities_terrifying_presence,false,false,true,wh3_cp1_character_abilities_terrifying_presence_enemy,data/unit_stats/abilities/source_exports/db/special_ability_to_special_ability_phase_junctions_tables/data__.tsv,700,9.0.1
1,wh3_cp1_character_abilities_terrifying_presence,true,false,false,wh3_cp1_character_abilities_terrifying_presence_self,data/unit_stats/abilities/source_exports/db/special_ability_to_special_ability_phase_junctions_tables/data__.tsv,701,9.0.1
1,wh3_cp1_character_passive_fuelled_by_vengeance,true,false,false,wh3_cp1_character_passive_fuelled_by_vengeance,data/unit_stats/abilities/source_exports/db/special_ability_to_special_ability_phase_junctions_tables/data__.tsv,702,9.0.1
1,wh3_cp1_character_passive_kamau_magic,true,true,false,wh3_cp1_character_passive_kamau_magic,data/unit_stats/abilities/source_exports/db/special_ability_to_special_ability_phase_junctions_tables/data__.tsv,703,9.0.1
1,wh3_cp1_character_passive_kamau_offence,true,true,false,wh3_cp1_character_passive_kamau_offence,data/unit_stats/abilities/source_exports/db/special_ability_to_special_ability_phase_junctions_tables/data__.tsv,704,9.0.1
1,wh3_cp1_character_passive_kamau_protect,true,true,false,wh3_cp1_character_passive_kamau_protect,data/unit_stats/abilities/source_exports/db/special_ability_to_special_ability_phase_junctions_tables/data__.tsv,705,9.0.1
1,wh3_cp1_character_passive_will_of_the_dragons,true,true,false,wh3_cp1_character_passive_will_of_the_dragons,data/unit_stats/abilities/source_exports/db/special_ability_to_special_ability_phase_junctions_tables/data__.tsv,706,9.0.1
1,wh3_cp1_item_passive_arcane_trinket,true,true,false,wh3_cp1_item_passive_arcane_trinket,data/unit_stats/abilities/source_exports/db/special_ability_to_special_ability_phase_junctions_tables/data__.tsv,707,9.0.1
1,wh3_cp1_lord_abilities_guiding_strike,true,false,false,wh3_cp1_lord_abilities_guiding_strike,data/unit_stats/abilities/source_exports/db/special_ability_to_special_ability_phase_junctions_tables/data__.tsv,708,9.0.1
1,wh3_cp1_lord_abilities_hidden_huntress,false,false,true,wh3_cp1_lord_abilities_hidden_huntress,data/unit_stats/abilities/source_exports/db/special_ability_to_special_ability_phase_junctions_tables/data__.tsv,709,9.0.1
1,wh3_cp1_lord_abilities_hidden_huntress_upgraded,false,false,true,wh3_cp1_lord_abilities_hidden_huntress_upgraded,data/unit_stats/abilities/source_exports/db/special_ability_to_special_ability_phase_junctions_tables/data__.tsv,710,9.0.1
1,wh3_cp1_lord_abilities_mastered_strike,true,false,false,wh3_cp1_lord_abilities_mastered_strike,data/unit_stats/abilities/source_exports/db/special_ability_to_special_ability_phase_junctions_tables/data__.tsv,711,9.0.1
1,wh3_cp1_lord_abilities_predatory_instincts,true,true,false,wh3_cp1_lord_abilities_predatory_instincts,data/unit_stats/abilities/source_exports/db/special_ability_to_special_ability_phase_junctions_tables/data__.tsv,712,9.0.1
1,wh3_cp1_lord_passive_fire_warrior,true,false,false,wh3_cp1_lord_passive_fire_warrior,data/unit_stats/abilities/source_exports/db/special_ability_to_special_ability_phase_junctions_tables/data__.tsv,713,9.0.1
1,wh3_cp1_lord_passive_master_of_the_hunt,false,false,true,wh3_cp1_lord_passive_master_of_the_hunt,data/unit_stats/abilities/source_exports/db/special_ability_to_special_ability_phase_junctions_tables/data__.tsv,714,9.0.1
1,wh3_cp1_lord_passive_white_tiger,false,true,false,wh3_cp1_lord_passive_white_tiger,data/unit_stats/abilities/source_exports/db/special_ability_to_special_ability_phase_junctions_tables/data__.tsv,715,9.0.1
1,wh3_cp1_lord_passive_white_tiger,true,false,false,wh3_cp1_lord_passive_white_tiger,data/unit_stats/abilities/source_exports/db/special_ability_to_special_ability_phase_junctions_tables/data__.tsv,716,9.0.1
1,wh3_cp1_passive_thousand_claws,true,false,false,wh3_cp1_passive_thousand_claws,data/unit_stats/abilities/source_exports/db/special_ability_to_special_ability_phase_junctions_tables/data__.tsv,717,9.0.1
1,wh3_cp1_unit_passive_absorb_magic,false,false,true,wh3_cp1_unit_passive_absorb_magic,data/unit_stats/abilities/source_exports/db/special_ability_to_special_ability_phase_junctions_tables/data__.tsv,718,9.0.1
1,wh3_cp1_unit_passive_astromantic_warding,true,true,false,wh3_cp1_unit_passive_astromantic_warding,data/unit_stats/abilities/source_exports/db/special_ability_to_special_ability_phase_junctions_tables/data__.tsv,719,9.0.1
1,wh3_cp1_unit_passive_attuned_to_magic,true,false,false,wh3_cp1_unit_passive_attuned_to_magic,data/unit_stats/abilities/source_exports/db/special_ability_to_special_ability_phase_junctions_tables/data__.tsv,720,9.0.1
1,wh3_cp1_unit_passive_celestial_radiation,true,false,false,wh3_cp1_unit_passive_celestial_radiation,data/unit_stats/abilities/source_exports/db/special_ability_to_special_ability_phase_junctions_tables/data__.tsv,721,9.0.1
1,wh3_cp1_unit_passive_defensive_tactician,true,true,false,wh3_cp1_unit_passive_defensive_tactician_i,data/unit_stats/abilities/source_exports/db/special_ability_to_special_ability_phase_junctions_tables/data__.tsv,722,9.0.1
2,wh3_cp1_unit_passive_defensive_tactician,true,true,false,wh3_cp1_unit_passive_defensive_tactician_ii,data/unit_stats/abilities/source_exports/db/special_ability_to_special_ability_phase_junctions_tables/data__.tsv,723,9.0.1
1,wh3_cp1_unit_passive_dragon_scale_armour,true,true,false,wh3_cp1_unit_passive_dragon_scale_armour,data/unit_stats/abilities/source_exports/db/special_ability_to_special_ability_phase_junctions_tables/data__.tsv,724,9.0.1
1,wh3_cp1_unit_passive_embrace_the_pain,true,false,false,wh3_cp1_unit_passive_embrace_the_pain,data/unit_stats/abilities/source_exports/db/special_ability_to_special_ability_phase_junctions_tables/data__.tsv,725,9.0.1
1,wh3_cp1_unit_passive_ferocious_ambush,true,false,false,wh3_cp1_unit_passive_ferocious_ambush,data/unit_stats/abilities/source_exports/db/special_ability_to_special_ability_phase_junctions_tables/data__.tsv,726,9.0.1
1,wh3_cp1_unit_passive_ferocious_charge,true,false,false,wh3_cp1_unit_passive_ferocious_charge,data/unit_stats/abilities/source_exports/db/special_ability_to_special_ability_phase_junctions_tables/data__.tsv,727,9.0.1
1,wh3_cp1_unit_passive_heavenly_bonds,true,true,false,wh3_cp1_unit_passive_heavenly_bonds,data/unit_stats/abilities/source_exports/db/special_ability_to_special_ability_phase_junctions_tables/data__.tsv,728,9.0.1
1,wh3_cp1_unit_passive_icon_of_the_great_cities_upgraded,true,true,false,wh3_cp1_unit_passive_icon_of_the_great_cities_upgraded,data/unit_stats/abilities/source_exports/db/special_ability_to_special_ability_phase_junctions_tables/data__.tsv,729,9.0.1
1,wh3_cp1_unit_passive_implacable_spirit,true,false,false,wh3_cp1_unit_passive_implacable_spirit_i,data/unit_stats/abilities/source_exports/db/special_ability_to_special_ability_phase_junctions_tables/data__.tsv,730,9.0.1
2,wh3_cp1_unit_passive_implacable_spirit,true,false,false,wh3_cp1_unit_passive_implacable_spirit_ii,data/unit_stats/abilities/source_exports/db/special_ability_to_special_ability_phase_junctions_tables/data__.tsv,731,9.0.1
1,wh3_cp1_unit_passive_pack_hunters,true,false,false,wh3_cp1_unit_passive_pack_hunters,data/unit_stats/abilities/source_exports/db/special_ability_to_special_ability_phase_junctions_tables/data__.tsv,732,9.0.1
1,wh3_cp1_unit_passive_relentless_hunters,true,false,false,wh3_cp1_unit_passive_relentless_hunters,data/unit_stats/abilities/source_exports/db/special_ability_to_special_ability_phase_junctions_tables/data__.tsv,733,9.0.1
1,wh3_cp1_unit_passive_spotters,true,false,false,wh3_cp1_unit_passive_spotters_i,data/unit_stats/abilities/source_exports/db/special_ability_to_special_ability_phase_junctions_tables/data__.tsv,734,9.0.1
2,wh3_cp1_unit_passive_spotters,true,false,false,wh3_cp1_unit_passive_spotters_ii,data/unit_stats/abilities/source_exports/db/special_ability_to_special_ability_phase_junctions_tables/data__.tsv,735,9.0.1
1,wh3_cp1_unit_passive_unbinding_iron_claw_summoned,true,false,false,wh3_cp1_unit_passive_unbinding_iron_claw_summoned,data/unit_stats/abilities/source_exports/db/special_ability_to_special_ability_phase_junctions_tables/data__.tsv,736,9.0.1
2,wh3_cp1_unit_passive_unbinding_iron_claw_summoned,true,false,false,wh_main_unit_passive_unbinding_weak,data/unit_stats/abilities/source_exports/db/special_ability_to_special_ability_phase_junctions_tables/data__.tsv,737,9.0.1
3,wh3_cp1_unit_passive_unbinding_iron_claw_summoned,true,false,false,wh_main_unit_passive_unbinding_critical,data/unit_stats/abilities/source_exports/db/special_ability_to_special_ability_phase_junctions_tables/data__.tsv,738,9.0.1
1,wh3_cp1_unit_passive_unstable_alchemy,false,false,true,wh3_cp1_unit_passive_unstable_alchemy,data/unit_stats/abilities/source_exports/db/special_ability_to_special_ability_phase_junctions_tables/data__.tsv,739,9.0.1
1,wh3_cp1_weapon_abilities_blades_of_shang_yang,true,false,false,wh3_cp1_weapon_abilities_blades_of_shang_yang,data/unit_stats/abilities/source_exports/db/special_ability_to_special_ability_phase_junctions_tables/data__.tsv,740,9.0.1
1,wh3_cp1_weapon_abilities_tyrants_talon,true,false,false,wh3_cp1_weapon_abilities_tyrants_talon,data/unit_stats/abilities/source_exports/db/special_ability_to_special_ability_phase_junctions_tables/data__.tsv,741,9.0.1
1,wh3_demo_survival_khorne_blood,false,false,true,wh3_demo_survival_khorne_blood,data/unit_stats/abilities/source_exports/db/special_ability_to_special_ability_phase_junctions_tables/data__.tsv,742,9.0.1
1,wh3_demo_survival_khorne_ruin,false,false,true,wh3_demo_survival_khorne_ruin,data/unit_stats/abilities/source_exports/db/special_ability_to_special_ability_phase_junctions_tables/data__.tsv,743,9.0.1
1,wh3_demo_survival_khorne_torment,false,false,true,wh3_demo_survival_khorne_torment,data/unit_stats/abilities/source_exports/db/special_ability_to_special_ability_phase_junctions_tables/data__.tsv,744,9.0.1
1,wh3_dlc20_cataclysm_bound_ashes_and_dust,false,false,true,wh3_main_cataclysm_death_ashes_and_dust_01,data/unit_stats/abilities/source_exports/db/special_ability_to_special_ability_phase_junctions_tables/data__.tsv,745,9.0.1
2,wh3_dlc20_cataclysm_bound_ashes_and_dust,false,false,true,wh3_main_cataclysm_death_ashes_and_dust_02,data/unit_stats/abilities/source_exports/db/special_ability_to_special_ability_phase_junctions_tables/data__.tsv,746,9.0.1
1,wh3_dlc20_cataclysm_bound_dance_of_despair,false,false,true,wh3_main_cataclysm_shadow_dance_of_despair,data/unit_stats/abilities/source_exports/db/special_ability_to_special_ability_phase_junctions_tables/data__.tsv,747,9.0.1
1,wh3_dlc20_cataclysm_bound_merciws_monstrous_regiment,false,true,false,wh3_main_cataclysm_beasts_merciws_monstrous_regiment,data/unit_stats/abilities/source_exports/db/special_ability_to_special_ability_phase_junctions_tables/data__.tsv,748,9.0.1
1,wh3_dlc20_cataclysm_bound_storm_of_renewal,false,true,false,wh3_main_cataclysm_life_storm_of_renewal,data/unit_stats/abilities/source_exports/db/special_ability_to_special_ability_phase_junctions_tables/data__.tsv,749,9.0.1
1,wh3_dlc20_cataclysm_bound_time_amok,false,false,true,wh3_main_cataclysm_light_time_amok_enemy,data/unit_stats/abilities/source_exports/db/special_ability_to_special_ability_phase_junctions_tables/data__.tsv,750,9.0.1
1,wh3_dlc20_cataclysm_bound_time_amok,false,true,false,wh3_main_cataclysm_light_time_amok,data/unit_stats/abilities/source_exports/db/special_ability_to_special_ability_phase_junctions_tables/data__.tsv,751,9.0.1
1,wh3_dlc20_character_passive_acid_ichor,true,false,false,wh3_dlc20_character_passive_acid_ichor,data/unit_stats/abilities/source_exports/db/special_ability_to_special_ability_phase_junctions_tables/data__.tsv,752,9.0.1
1,wh3_dlc20_character_passive_soul_feeder,true,false,false,wh3_dlc20_character_passive_soul_feeder,data/unit_stats/abilities/source_exports/db/special_ability_to_special_ability_phase_junctions_tables/data__.tsv,753,9.0.1
1,wh3_dlc20_item_abilities_daemonshield,true,false,false,wh3_dlc20_item_abilities_daemonshield,data/unit_stats/abilities/source_exports/db/special_ability_to_special_ability_phase_junctions_tables/data__.tsv,754,9.0.1
1,wh3_dlc20_item_abilities_pestilent_potions,false,false,true,wh3_dlc20_item_abilities_pestilent_potions,data/unit_stats/abilities/source_exports/db/special_ability_to_special_ability_phase_junctions_tables/data__.tsv,755,9.0.1
1,wh3_dlc20_item_abilities_the_armour_of_morkar,true,true,false,wh3_dlc20_item_abilities_the_armour_of_morkar,data/unit_stats/abilities/source_exports/db/special_ability_to_special_ability_phase_junctions_tables/data__.tsv,756,9.0.1
1,wh3_dlc20_item_passive_armour_of_damnation,true,false,false,wh3_dlc20_item_passive_armour_of_damnation,data/unit_stats/abilities/source_exports/db/special_ability_to_special_ability_phase_junctions_tables/data__.tsv,757,9.0.1
1,wh3_dlc20_item_passive_blasphemous_amulet,true,true,false,wh3_dlc20_item_passive_blasphemous_amulet,data/unit_stats/abilities/source_exports/db/special_ability_to_special_ability_phase_junctions_tables/data__.tsv,758,9.0.1
1,wh3_dlc20_item_passive_bronze_armour_of_zhrakk,true,false,false,wh3_dlc20_item_passive_bronze_armour_of_zhrakk,data/unit_stats/abilities/source_exports/db/special_ability_to_special_ability_phase_junctions_tables/data__.tsv,759,9.0.1
1,wh3_dlc20_item_passive_crown_of_everlasting_conquest,true,false,false,wh3_dlc20_item_passive_crown_of_everlasting_conquest,data/unit_stats/abilities/source_exports/db/special_ability_to_special_ability_phase_junctions_tables/data__.tsv,760,9.0.1
1,wh3_dlc20_item_passive_doom_totem,false,false,true,wh3_dlc20_item_passive_doom_totem,data/unit_stats/abilities/source_exports/db/special_ability_to_special_ability_phase_junctions_tables/data__.tsv,761,9.0.1
1,wh3_dlc20_item_passive_the_beguiling_gem,false,false,true,wh3_dlc20_item_passive_the_beguiling_gem,data/unit_stats/abilities/source_exports/db/special_ability_to_special_ability_phase_junctions_tables/data__.tsv,762,9.0.1
1,wh3_dlc20_item_passive_the_scarlet_armour,false,false,true,wh3_dlc20_item_passive_the_scarlet_armour,data/unit_stats/abilities/source_exports/db/special_ability_to_special_ability_phase_junctions_tables/data__.tsv,763,9.0.1
1,wh3_dlc20_item_passive_vessel_of_chaos,true,true,false,wh3_dlc20_item_passive_vessel_of_chaos,data/unit_stats/abilities/source_exports/db/special_ability_to_special_ability_phase_junctions_tables/data__.tsv,764,9.0.1
1,wh3_dlc20_item_the_passive_festering_shroud,true,true,false,wh3_dlc20_item_the_passive_festering_shroud,data/unit_stats/abilities/source_exports/db/special_ability_to_special_ability_phase_junctions_tables/data__.tsv,765,9.0.1
1,wh3_dlc20_lord_abilities_harbinger_of_pestilence,false,false,true,wh3_dlc20_lord_abilities_harbinger_of_pestilence,data/unit_stats/abilities/source_exports/db/special_ability_to_special_ability_phase_junctions_tables/data__.tsv,766,9.0.1
1,wh3_dlc20_lord_abilities_healing_elixirs,true,true,false,wh3_dlc20_lord_abilities_healing_elixirs,data/unit_stats/abilities/source_exports/db/special_ability_to_special_ability_phase_junctions_tables/data__.tsv,767,9.0.1
1,wh3_dlc20_lord_abilities_tempest_rage,true,true,false,wh3_dlc20_lord_abilities_tempest_rage,data/unit_stats/abilities/source_exports/db/special_ability_to_special_ability_phase_junctions_tables/data__.tsv,768,9.0.1
1,wh3_dlc20_lord_abilities_temptator,true,false,false,wh3_dlc20_lord_abilities_temptator,data/unit_stats/abilities/source_exports/db/special_ability_to_special_ability_phase_junctions_tables/data__.tsv,769,9.0.1
1,wh3_dlc20_lord_passive_domineering_aura,false,false,true,wh3_dlc20_lord_passive_domineering_aura,data/unit_stats/abilities/source_exports/db/special_ability_to_special_ability_phase_junctions_tables/data__.tsv,770,9.0.1
1,wh3_dlc20_lord_passive_paragon_of_carnage,true,true,false,wh3_dlc20_lord_passive_paragon_of_carnage,data/unit_stats/abilities/source_exports/db/special_ability_to_special_ability_phase_junctions_tables/data__.tsv,771,9.0.1
1,wh3_dlc20_lord_passive_paragon_of_change,true,true,false,wh3_dlc20_lord_passive_paragon_of_change,data/unit_stats/abilities/source_exports/db/special_ability_to_special_ability_phase_junctions_tables/data__.tsv,772,9.0.1
1,wh3_dlc20_lord_passive_paragon_of_decay,false,false,true,wh3_dlc20_lord_passive_paragon_of_decay,data/unit_stats/abilities/source_exports/db/special_ability_to_special_ability_phase_junctions_tables/data__.tsv,773,9.0.1
1,wh3_dlc20_lord_passive_paragon_of_excess,false,false,true,wh3_dlc20_lord_passive_paragon_of_excess,data/unit_stats/abilities/source_exports/db/special_ability_to_special_ability_phase_junctions_tables/data__.tsv,774,9.0.1
1,wh3_dlc20_lord_passive_paragon_of_ruin,true,true,false,wh3_dlc20_lord_passive_paragon_of_ruin,data/unit_stats/abilities/source_exports/db/special_ability_to_special_ability_phase_junctions_tables/data__.tsv,775,9.0.1
1,wh3_dlc20_lord_passive_the_gaze_of_khorne,true,true,false,wh3_dlc20_lord_passive_the_gaze_of_khorne,data/unit_stats/abilities/source_exports/db/special_ability_to_special_ability_phase_junctions_tables/data__.tsv,776,9.0.1
1,wh3_dlc20_lord_passive_the_twisted_twin,true,false,false,wh3_dlc20_lord_passive_the_twisted_twin,data/unit_stats/abilities/source_exports/db/special_ability_to_special_ability_phase_junctions_tables/data__.tsv,777,9.0.1
1,wh3_dlc20_quest_passive_daemonblade_mages,true,false,false,wh3_dlc20_quest_passive_daemonblade_mages,data/unit_stats/abilities/source_exports/db/special_ability_to_special_ability_phase_junctions_tables/data__.tsv,778,9.0.1
1,wh3_dlc20_spell_bound_fleshy_abundance,true,true,false,wh3_main_spell_nurgle_fleshy_abundance,data/unit_stats/abilities/source_exports/db/special_ability_to_special_ability_phase_junctions_tables/data__.tsv,779,9.0.1
1,wh3_dlc20_survival_aob_altar_of_battle,true,true,false,wh3_dlc20_survival_aob_altar_of_battle,data/unit_stats/abilities/source_exports/db/special_ability_to_special_ability_phase_junctions_tables/data__.tsv,780,9.0.1
1,wh3_dlc20_survival_aob_mark_of_murderer,true,true,false,wh3_dlc20_survival_aob_mark_of_vanguard,data/unit_stats/abilities/source_exports/db/special_ability_to_special_ability_phase_junctions_tables/data__.tsv,781,9.0.1
1,wh3_dlc20_survival_aob_mark_of_putrefier,true,true,false,wh3_dlc20_survival_aob_mark_of_sentinel,data/unit_stats/abilities/source_exports/db/special_ability_to_special_ability_phase_junctions_tables/data__.tsv,782,9.0.1
1,wh3_dlc20_survival_aob_mark_of_reveler,true,true,false,wh3_dlc20_survival_aob_mark_of_leader,data/unit_stats/abilities/source_exports/db/special_ability_to_special_ability_phase_junctions_tables/data__.tsv,783,9.0.1
1,wh3_dlc20_survival_aob_mark_of_sorcerer,true,true,false,wh3_dlc20_survival_aob_mark_of_sorcerer,data/unit_stats/abilities/source_exports/db/special_ability_to_special_ability_phase_junctions_tables/data__.tsv,784,9.0.1
1,wh3_dlc20_unit_abilities_storm_rage,true,false,false,wh3_dlc20_unit_abilities_storm_rage,data/unit_stats/abilities/source_exports/db/special_ability_to_special_ability_phase_junctions_tables/data__.tsv,785,9.0.1
1,wh3_dlc20_unit_abilities_violent_wind,true,false,false,wh3_dlc20_unit_abilities_violent_wind,data/unit_stats/abilities/source_exports/db/special_ability_to_special_ability_phase_junctions_tables/data__.tsv,786,9.0.1
1,wh3_dlc20_unit_passive_gift_of_chaos,true,false,false,wh_dlc05_quest_passive_gift_of_slaanesh,data/unit_stats/abilities/source_exports/db/special_ability_to_special_ability_phase_junctions_tables/data__.tsv,787,9.0.1
1,wh3_dlc20_unit_passive_giver_of_abundant_glory,true,true,false,wh3_dlc20_unit_passive_giver_of_abundant_glory,data/unit_stats/abilities/source_exports/db/special_ability_to_special_ability_phase_junctions_tables/data__.tsv,788,9.0.1
1,wh3_dlc20_unit_passive_giver_of_arcane_glory,false,true,false,wh3_dlc20_unit_passive_giver_of_arcane_glory,data/unit_stats/abilities/source_exports/db/special_ability_to_special_ability_phase_junctions_tables/data__.tsv,789,9.0.1
1,wh3_dlc20_unit_passive_giver_of_arcane_glory,true,false,false,wh3_dlc20_unit_passive_giver_of_arcane_glory_self,data/unit_stats/abilities/source_exports/db/special_ability_to_special_ability_phase_junctions_tables/data__.tsv,790,9.0.1
1,wh3_dlc20_unit_passive_giver_of_furious_glory,true,true,false,wh3_dlc20_unit_passive_giver_of_furious_glory,data/unit_stats/abilities/source_exports/db/special_ability_to_special_ability_phase_junctions_tables/data__.tsv,791,9.0.1
1,wh3_dlc20_unit_passive_giver_of_glory,true,true,false,wh3_dlc20_unit_passive_giver_of_glory,data/unit_stats/abilities/source_exports/db/special_ability_to_special_ability_phase_junctions_tables/data__.tsv,792,9.0.1
1,wh3_dlc20_unit_passive_giver_of_torturous_glory,false,false,true,wh3_dlc20_unit_passive_giver_of_torturous_glory,data/unit_stats/abilities/source_exports/db/special_ability_to_special_ability_phase_junctions_tables/data__.tsv,793,9.0.1
1,wh3_dlc20_unit_passive_murderous_charge,true,false,false,wh3_dlc20_unit_passive_murderous_charge,data/unit_stats/abilities/source_exports/db/special_ability_to_special_ability_phase_junctions_tables/data__.tsv,794,9.0.1
1,wh3_dlc20_unit_passive_supreme_vanity,false,true,false,wh3_dlc20_unit_passive_supreme_vanity,data/unit_stats/abilities/source_exports/db/special_ability_to_special_ability_phase_junctions_tables/data__.tsv,795,9.0.1
1,wh3_dlc20_weapon_abilities_aether_sword,true,false,false,wh3_dlc20_weapon_abilities_aether_sword,data/unit_stats/abilities/source_exports/db/special_ability_to_special_ability_phase_junctions_tables/data__.tsv,796,9.0.1
1,wh3_dlc20_weapon_abilities_daemonblade,true,false,false,wh3_dlc20_weapon_abilities_daemonblade,data/unit_stats/abilities/source_exports/db/special_ability_to_special_ability_phase_junctions_tables/data__.tsv,797,9.0.1
1,wh3_dlc20_weapon_abilities_rapier_of_ecstasy,true,false,false,wh3_dlc20_weapon_abilities_rapier_of_ecstasy,data/unit_stats/abilities/source_exports/db/special_ability_to_special_ability_phase_junctions_tables/data__.tsv,798,9.0.1
1,wh3_dlc20_weapon_abilities_sliverslash,true,false,false,wh3_dlc20_weapon_abilities_sliverslash,data/unit_stats/abilities/source_exports/db/special_ability_to_special_ability_phase_junctions_tables/data__.tsv,799,9.0.1
1,wh3_dlc20_weapon_passive_axe_of_khorne,true,true,false,wh3_dlc20_item_passive_axe_of_khorne,data/unit_stats/abilities/source_exports/db/special_ability_to_special_ability_phase_junctions_tables/data__.tsv,800,9.0.1
1,wh3_dlc23_arcane_passive_blood_shard,true,false,false,wh3_dlc23_arcane_passive_blood_shard,data/unit_stats/abilities/source_exports/db/special_ability_to_special_ability_phase_junctions_tables/data__.tsv,801,9.0.1
1,wh3_dlc23_army_abilities_armour_of_contempt,false,true,false,wh3_dlc23_army_abilities_armour_of_contempt,data/unit_stats/abilities/source_exports/db/special_ability_to_special_ability_phase_junctions_tables/data__.tsv,802,9.0.1
1,wh3_dlc23_barricade_monument_chd,false,true,false,wh3_dlc23_barricade_monument_chd,data/unit_stats/abilities/source_exports/db/special_ability_to_special_ability_phase_junctions_tables/data__.tsv,803,9.0.1
1,wh3_dlc23_bound_abilities_breath_of_hatred,true,true,false,wh3_dlc23_bound_abilities_breath_of_hatred,data/unit_stats/abilities/source_exports/db/special_ability_to_special_ability_phase_junctions_tables/data__.tsv,804,9.0.1
1,wh3_dlc23_building_passive_the_hellshard_drill,false,true,false,wh3_dlc23_final_battle_kb_pillars,data/unit_stats/abilities/source_exports/db/special_ability_to_special_ability_phase_junctions_tables/data__.tsv,805,9.0.1
1,wh3_dlc23_building_passive_the_hellshard_pumps,false,true,false,wh3_dlc23_final_battle_kb_pumps,data/unit_stats/abilities/source_exports/db/special_ability_to_special_ability_phase_junctions_tables/data__.tsv,806,9.0.1
1,wh3_dlc23_character_abilities_breath_of_hatred,true,true,false,wh3_dlc23_character_abilities_breath_of_hatred,data/unit_stats/abilities/source_exports/db/special_ability_to_special_ability_phase_junctions_tables/data__.tsv,807,9.0.1
1,wh3_dlc23_character_abilities_reforge,false,true,false,wh3_dlc23_character_abilities_reforge,data/unit_stats/abilities/source_exports/db/special_ability_to_special_ability_phase_junctions_tables/data__.tsv,808,9.0.1
1,wh3_dlc23_character_abilities_skjalandirs_fall,true,false,false,wh3_dlc23_character_abilities_skjalandirs_fall,data/unit_stats/abilities/source_exports/db/special_ability_to_special_ability_phase_junctions_tables/data__.tsv,809,9.0.1
1,wh3_dlc23_character_abilities_sword_dance,false,false,true,wh3_dlc23_character_abilities_sword_dance_enemy,data/unit_stats/abilities/source_exports/db/special_ability_to_special_ability_phase_junctions_tables/data__.tsv,810,9.0.1
1,wh3_dlc23_character_abilities_sword_dance,true,false,false,wh3_dlc23_character_abilities_sword_dance_self,data/unit_stats/abilities/source_exports/db/special_ability_to_special_ability_phase_junctions_tables/data__.tsv,811,9.0.1
1,wh3_dlc23_character_passive_infernal_engineer,false,true,false,wh3_dlc23_character_passive_infernal_engineer,data/unit_stats/abilities/source_exports/db/special_ability_to_special_ability_phase_junctions_tables/data__.tsv,812,9.0.1
1,wh3_dlc23_character_passive_lesser_hunger,true,false,false,wh3_dlc23_character_passive_lesser_hunger,data/unit_stats/abilities/source_exports/db/special_ability_to_special_ability_phase_junctions_tables/data__.tsv,813,9.0.1
1,wh3_dlc23_hero_abilities_crooked_dice,true,false,false,wh3_dlc23_hero_abilities_crooked_dice_i,data/unit_stats/abilities/source_exports/db/special_ability_to_special_ability_phase_junctions_tables/data__.tsv,814,9.0.1
2,wh3_dlc23_hero_abilities_crooked_dice,true,false,false,wh3_dlc23_hero_abilities_crooked_dice_ii,data/unit_stats/abilities/source_exports/db/special_ability_to_special_ability_phase_junctions_tables/data__.tsv,815,9.0.1
3,wh3_dlc23_hero_abilities_crooked_dice,true,false,false,wh3_dlc23_hero_abilities_crooked_dice_iii,data/unit_stats/abilities/source_exports/db/special_ability_to_special_ability_phase_junctions_tables/data__.tsv,816,9.0.1
1,wh3_dlc23_hero_passive_lucky_git,true,false,false,wh3_dlc23_hero_passive_lucky_git_i,data/unit_stats/abilities/source_exports/db/special_ability_to_special_ability_phase_junctions_tables/data__.tsv,817,9.0.1
2,wh3_dlc23_hero_passive_lucky_git,true,false,false,wh3_dlc23_hero_passive_lucky_git_ii,data/unit_stats/abilities/source_exports/db/special_ability_to_special_ability_phase_junctions_tables/data__.tsv,818,9.0.1
1,wh3_dlc23_hero_passive_the_hunger,true,false,false,wh3_dlc23_hero_passive_the_hunger,data/unit_stats/abilities/source_exports/db/special_ability_to_special_ability_phase_junctions_tables/data__.tsv,819,9.0.1
1,wh3_dlc23_item_abilities_ancestral_vengeance,true,false,false,wh3_dlc23_item_abilities_ancestral_vengeance_gazul,data/unit_stats/abilities/source_exports/db/special_ability_to_special_ability_phase_junctions_tables/data__.tsv,820,9.0.1
1,wh3_dlc23_item_abilities_armour_of_gazrakh,true,false,false,wh3_dlc23_item_abilities_armour_of_gazrakh,data/unit_stats/abilities/source_exports/db/special_ability_to_special_ability_phase_junctions_tables/data__.tsv,821,9.0.1
1,wh3_dlc23_item_abilities_black_gem_of_gnar,true,false,false,wh3_dlc23_item_abilities_black_gem_of_gnar,data/unit_stats/abilities/source_exports/db/special_ability_to_special_ability_phase_junctions_tables/data__.tsv,822,9.0.1
1,wh3_dlc23_item_abilities_daemon_flask_of_ashak,true,false,false,wh3_dlc23_item_abilities_daemon_flask_of_ashak,data/unit_stats/abilities/source_exports/db/special_ability_to_special_ability_phase_junctions_tables/data__.tsv,823,9.0.1
1,wh3_dlc23_item_abilities_darkened_mist,false,false,true,wh3_dlc23_item_abilities_darkened_mist_valaya,data/unit_stats/abilities/source_exports/db/special_ability_to_special_ability_phase_junctions_tables/data__.tsv,824,9.0.1
1,wh3_dlc23_item_abilities_dweomer_leach_orb,false,false,true,wh3_dlc23_item_abilities_dweomer_leach_orb_enemy,data/unit_stats/abilities/source_exports/db/special_ability_to_special_ability_phase_junctions_tables/data__.tsv,825,9.0.1
1,wh3_dlc23_item_abilities_dweomer_leach_orb,true,false,false,wh3_dlc23_item_abilities_dweomer_leach_orb_self,data/unit_stats/abilities/source_exports/db/special_ability_to_special_ability_phase_junctions_tables/data__.tsv,826,9.0.1
1,wh3_dlc23_item_abilities_hammer_of_smednir,true,false,false,wh3_dlc23_item_abilities_hammer_of_smednir,data/unit_stats/abilities/source_exports/db/special_ability_to_special_ability_phase_junctions_tables/data__.tsv,827,9.0.1
1,wh3_dlc23_item_abilities_morgrims_eye,true,true,false,wh3_dlc23_item_abilities_morgrims_eye,data/unit_stats/abilities/source_exports/db/special_ability_to_special_ability_phase_junctions_tables/data__.tsv,828,9.0.1
1,wh3_dlc23_item_abilities_rune_of_thungni,true,true,false,wh3_dlc23_item_abilities_rune_of_thungni,data/unit_stats/abilities/source_exports/db/special_ability_to_special_ability_phase_junctions_tables/data__.tsv,829,9.0.1
1,wh3_dlc23_item_abilities_slayer_for_chaos,true,false,false,wh3_dlc23_item_abilities_slayer_for_chaos_grimnir,data/unit_stats/abilities/source_exports/db/special_ability_to_special_ability_phase_junctions_tables/data__.tsv,830,9.0.1
1,wh3_dlc23_item_abilities_the_vial_of_hashut,false,false,true,wh3_dlc23_item_ability_the_vial_of_hashut,data/unit_stats/abilities/source_exports/db/special_ability_to_special_ability_phase_junctions_tables/data__.tsv,831,9.0.1
1,wh3_dlc23_item_passive_chalice_of_blood_and_darkness,true,false,false,wh3_dlc23_item_passive_chalice_of_blood_and_darkness,data/unit_stats/abilities/source_exports/db/special_ability_to_special_ability_phase_junctions_tables/data__.tsv,832,9.0.1
1,wh3_dlc23_item_passive_chaos_runeshield,true,true,false,wh3_dlc23_item_passive_chaos_runeshield,data/unit_stats/abilities/source_exports/db/special_ability_to_special_ability_phase_junctions_tables/data__.tsv,833,9.0.1
1,wh3_dlc23_item_passive_daemonspite_crucible,true,false,false,wh3_dlc23_item_passive_daemonspite_crucible,data/unit_stats/abilities/source_exports/db/special_ability_to_special_ability_phase_junctions_tables/data__.tsv,834,9.0.1
1,wh3_dlc23_item_passive_embrace_of_skavor,true,false,false,wh3_dlc23_item_abilities_embrace_of_skavor,data/unit_stats/abilities/source_exports/db/special_ability_to_special_ability_phase_junctions_tables/data__.tsv,835,9.0.1
1,wh3_dlc23_item_passive_ever_burning_light,true,true,false,wh3_dlc23_item_abilities_ever_burning_light_grungni,data/unit_stats/abilities/source_exports/db/special_ability_to_special_ability_phase_junctions_tables/data__.tsv,836,9.0.1
1,wh3_dlc23_item_passive_hellshard_amulet,true,false,false,wh3_dlc23_item_passive_hellshard_amulet,data/unit_stats/abilities/source_exports/db/special_ability_to_special_ability_phase_junctions_tables/data__.tsv,837,9.0.1
1,wh3_dlc23_item_passive_stone_mantle,true,false,false,wh3_dlc23_item_passive_stone_mantle,data/unit_stats/abilities/source_exports/db/special_ability_to_special_ability_phase_junctions_tables/data__.tsv,838,9.0.1
1,wh3_dlc23_item_passive_talisman_of_obsidian,false,false,true,wh3_dlc23_item_passive_talisman_of_obsidian,data/unit_stats/abilities/source_exports/db/special_ability_to_special_ability_phase_junctions_tables/data__.tsv,839,9.0.1
1,wh3_dlc23_lord_abilities_sadistic_snare,false,false,true,wh3_dlc23_lord_abilities_sadistic_snare,data/unit_stats/abilities/source_exports/db/special_ability_to_special_ability_phase_junctions_tables/data__.tsv,840,9.0.1
1,wh3_dlc23_lord_passive_boundless_cruelty,false,false,true,wh3_dlc23_lord_passive_boundless_cruelty,data/unit_stats/abilities/source_exports/db/special_ability_to_special_ability_phase_junctions_tables/data__.tsv,841,9.0.1
1,wh3_dlc23_lord_passive_champions_of_the_maw,true,true,false,wh3_dlc23_lord_passive_champions_of_the_maw,data/unit_stats/abilities/source_exports/db/special_ability_to_special_ability_phase_junctions_tables/data__.tsv,842,9.0.1
1,wh3_dlc23_lord_passive_dark_renown,true,true,false,wh3_dlc23_lord_passive_dark_renown,data/unit_stats/abilities/source_exports/db/special_ability_to_special_ability_phase_junctions_tables/data__.tsv,843,9.0.1
1,wh3_dlc23_lord_passive_mechanical_overdrive,true,false,false,wh3_dlc23_lord_passive_mechanical_overdrive,data/unit_stats/abilities/source_exports/db/special_ability_to_special_ability_phase_junctions_tables/data__.tsv,844,9.0.1
1,wh3_dlc23_lord_passive_presence_of_clan_angrund,true,true,false,wh3_dlc23_lord_passive_presence_of_clan_angrund,data/unit_stats/abilities/source_exports/db/special_ability_to_special_ability_phase_junctions_tables/data__.tsv,845,9.0.1
1,wh3_dlc23_lord_passive_presence_of_the_high_king,true,true,false,wh3_dlc23_lord_passive_presence_of_the_high_king,data/unit_stats/abilities/source_exports/db/special_ability_to_special_ability_phase_junctions_tables/data__.tsv,846,9.0.1
1,wh3_dlc23_lord_passive_presence_of_the_master_runelord,true,true,false,wh3_dlc23_lord_passive_presence_of_the_master_runelord,data/unit_stats/abilities/source_exports/db/special_ability_to_special_ability_phase_junctions_tables/data__.tsv,847,9.0.1
1,wh3_dlc23_lore_passive_killing_fire,false,false,true,wh3_dlc23_lore_passive_killing_fire,data/unit_stats/abilities/source_exports/db/special_ability_to_special_ability_phase_junctions_tables/data__.tsv,848,9.0.1
1,wh3_dlc23_mount_passive_horseback_prodigy,true,false,false,wh3_dlc23_mount_passive_horseback_progidy,data/unit_stats/abilities/source_exports/db/special_ability_to_special_ability_phase_junctions_tables/data__.tsv,849,9.0.1
1,wh3_dlc23_spell_bound_enfeebling_foe,false,false,true,wh_dlc05_spell_shadow_the_enfeebling_foe,data/unit_stats/abilities/source_exports/db/special_ability_to_special_ability_phase_junctions_tables/data__.tsv,850,9.0.1
1,wh3_dlc23_spell_bound_the_withering,false,false,true,wh_dlc05_spell_shadow_the_withering,data/unit_stats/abilities/source_exports/db/special_ability_to_special_ability_phase_junctions_tables/data__.tsv,851,9.0.1
1,wh3_dlc23_spell_hashut_ash_storm,false,false,true,wh3_dlc23_spell_hashut_ash_storm,data/unit_stats/abilities/source_exports/db/special_ability_to_special_ability_phase_junctions_tables/data__.tsv,852,9.0.1
1,wh3_dlc23_spell_hashut_ash_storm_upgraded,false,false,true,wh3_dlc23_spell_hashut_ash_storm_upgraded,data/unit_stats/abilities/source_exports/db/special_ability_to_special_ability_phase_junctions_tables/data__.tsv,853,9.0.1
1,wh3_dlc23_spell_hashut_curse_of_hashut,false,false,true,wh3_dlc23_spell_hashut_curse_of_hashut,data/unit_stats/abilities/source_exports/db/special_ability_to_special_ability_phase_junctions_tables/data__.tsv,854,9.0.1
1,wh3_dlc23_spell_hashut_curse_of_hashut_upgraded,false,false,true,wh3_dlc23_spell_hashut_curse_of_hashut_upgraded,data/unit_stats/abilities/source_exports/db/special_ability_to_special_ability_phase_junctions_tables/data__.tsv,855,9.0.1
1,wh3_dlc23_spell_hashut_dark_subjugation,false,false,true,wh3_dlc23_spell_hashut_dark_subjugation,data/unit_stats/abilities/source_exports/db/special_ability_to_special_ability_phase_junctions_tables/data__.tsv,856,9.0.1
1,wh3_dlc23_spell_hashut_dark_subjugation_upgraded,false,false,true,wh3_dlc23_spell_hashut_dark_subjugation_upgraded,data/unit_stats/abilities/source_exports/db/special_ability_to_special_ability_phase_junctions_tables/data__.tsv,857,9.0.1
1,wh3_dlc23_unit_abilities_more_power,true,false,false,wh3_dlc23_unit_abilities_more_power,data/unit_stats/abilities/source_exports/db/special_ability_to_special_ability_phase_junctions_tables/data__.tsv,858,9.0.1
1,wh3_dlc23_unit_passive_backstabbers,true,false,false,wh3_dlc23_unit_passive_backstabbers,data/unit_stats/abilities/source_exports/db/special_ability_to_special_ability_phase_junctions_tables/data__.tsv,859,9.0.1
1,wh3_dlc23_unit_passive_blazing_body,true,false,false,wh3_dlc23_unit_passive_blazing_body,data/unit_stats/abilities/source_exports/db/special_ability_to_special_ability_phase_junctions_tables/data__.tsv,860,9.0.1
1,wh3_dlc23_unit_passive_burning_bright,true,false,false,wh3_dlc23_unit_passive_burning_bright,data/unit_stats/abilities/source_exports/db/special_ability_to_special_ability_phase_junctions_tables/data__.tsv,861,9.0.1
1,wh3_dlc23_unit_passive_burning_bright_upgraded,true,false,false,wh3_dlc23_unit_passive_burning_bright,data/unit_stats/abilities/source_exports/db/special_ability_to_special_ability_phase_junctions_tables/data__.tsv,862,9.0.1
1,wh3_dlc23_unit_passive_by_our_blood,true,false,false,wh3_main_unit_passive_by_our_blood,data/unit_stats/abilities/source_exports/db/special_ability_to_special_ability_phase_junctions_tables/data__.tsv,863,9.0.1
1,wh3_dlc23_unit_passive_cowardly_despoilers,true,false,false,wh3_dlc23_unit_passive_cowardly_despoilers,data/unit_stats/abilities/source_exports/db/special_ability_to_special_ability_phase_junctions_tables/data__.tsv,864,9.0.1
1,wh3_dlc23_unit_passive_daemonic_rebirth,true,false,false,wh3_dlc23_unit_passive_daemonic_rebirth_i,data/unit_stats/abilities/source_exports/db/special_ability_to_special_ability_phase_junctions_tables/data__.tsv,865,9.0.1
2,wh3_dlc23_unit_passive_daemonic_rebirth,true,false,false,wh3_dlc23_unit_passive_daemonic_rebirth_ii,data/unit_stats/abilities/source_exports/db/special_ability_to_special_ability_phase_junctions_tables/data__.tsv,866,9.0.1
1,wh3_dlc23_unit_passive_dampening_miasma,false,false,true,wh3_dlc23_unit_passive_dampening_miasma,data/unit_stats/abilities/source_exports/db/special_ability_to_special_ability_phase_junctions_tables/data__.tsv,867,9.0.1
1,wh3_dlc23_unit_passive_dig_in,true,false,false,wh3_dlc23_unit_passive_dig_in_i,data/unit_stats/abilities/source_exports/db/special_ability_to_special_ability_phase_junctions_tables/data__.tsv,868,9.0.1
2,wh3_dlc23_unit_passive_dig_in,true,false,false,wh3_dlc23_unit_passive_dig_in_ii,data/unit_stats/abilities/source_exports/db/special_ability_to_special_ability_phase_junctions_tables/data__.tsv,869,9.0.1
1,wh3_dlc23_unit_passive_dig_in_long_range_upgraded,true,false,false,wh3_dlc23_unit_passive_dig_in_long_range_upgraded_i,data/unit_stats/abilities/source_exports/db/special_ability_to_special_ability_phase_junctions_tables/data__.tsv,870,9.0.1
2,wh3_dlc23_unit_passive_dig_in_long_range_upgraded,true,false,false,wh3_dlc23_unit_passive_dig_in_long_range_upgraded_ii,data/unit_stats/abilities/source_exports/db/special_ability_to_special_ability_phase_junctions_tables/data__.tsv,871,9.0.1
1,wh3_dlc23_unit_passive_dig_in_short_range_upgraded,true,false,false,wh3_dlc23_unit_passive_dig_in_short_range_upgraded_i,data/unit_stats/abilities/source_exports/db/special_ability_to_special_ability_phase_junctions_tables/data__.tsv,872,9.0.1
2,wh3_dlc23_unit_passive_dig_in_short_range_upgraded,true,false,false,wh3_dlc23_unit_passive_dig_in_short_range_upgraded_ii,data/unit_stats/abilities/source_exports/db/special_ability_to_special_ability_phase_junctions_tables/data__.tsv,873,9.0.1
1,wh3_dlc23_unit_passive_extra_reload,true,false,false,wh3_dlc23_unit_passive_extra_reload,data/unit_stats/abilities/source_exports/db/special_ability_to_special_ability_phase_junctions_tables/data__.tsv,874,9.0.1
1,wh3_dlc23_unit_passive_hellbound,true,false,false,wh3_dlc23_unit_passive_hellbound,data/unit_stats/abilities/source_exports/db/special_ability_to_special_ability_phase_junctions_tables/data__.tsv,875,9.0.1
1,wh3_dlc23_unit_passive_hellish_frenzy,true,false,false,wh3_dlc23_unit_passive_hellish_frenzy,data/unit_stats/abilities/source_exports/db/special_ability_to_special_ability_phase_junctions_tables/data__.tsv,876,9.0.1
1,wh3_dlc23_unit_passive_malign_authority,true,false,false,wh3_dlc23_character_passive_malign_authority,data/unit_stats/abilities/source_exports/db/special_ability_to_special_ability_phase_junctions_tables/data__.tsv,877,9.0.1
1,wh3_dlc23_unit_passive_oath_of_contempt,true,true,false,wh3_dlc23_unit_passive_oath_of_contempt,data/unit_stats/abilities/source_exports/db/special_ability_to_special_ability_phase_junctions_tables/data__.tsv,878,9.0.1
1,wh3_dlc23_unit_passive_pelt_of_wulfag,false,false,true,wh3_dlc23_unit_passive_pelt_of_wulfag,data/unit_stats/abilities/source_exports/db/special_ability_to_special_ability_phase_junctions_tables/data__.tsv,879,9.0.1
1,wh3_dlc23_unit_passive_revel_in_fear,true,false,false,wh3_dlc23_unit_passive_revel_in_fear,data/unit_stats/abilities/source_exports/db/special_ability_to_special_ability_phase_junctions_tables/data__.tsv,880,9.0.1
1,wh3_dlc23_unit_passive_sorcerous_miasma,false,false,true,wh3_dlc23_unit_passive_sorcerous_miasma,data/unit_stats/abilities/source_exports/db/special_ability_to_special_ability_phase_junctions_tables/data__.tsv,881,9.0.1
1,wh3_dlc23_unit_passive_standard_of_zharr,true,true,false,wh3_dlc23_unit_passive_standard_of_zharr,data/unit_stats/abilities/source_exports/db/special_ability_to_special_ability_phase_junctions_tables/data__.tsv,882,9.0.1
1,wh3_dlc23_unit_passive_unbinding_hobgoblin_cutthroats,true,false,false,wh3_dlc23_unit_passive_unbinding_hobgoblin_cutthroats,data/unit_stats/abilities/source_exports/db/special_ability_to_special_ability_phase_junctions_tables/data__.tsv,883,9.0.1
2,wh3_dlc23_unit_passive_unbinding_hobgoblin_cutthroats,true,false,false,wh_main_unit_passive_unbinding_weak,data/unit_stats/abilities/source_exports/db/special_ability_to_special_ability_phase_junctions_tables/data__.tsv,884,9.0.1
3,wh3_dlc23_unit_passive_unbinding_hobgoblin_cutthroats,true,false,false,wh_main_unit_passive_unbinding_critical,data/unit_stats/abilities/source_exports/db/special_ability_to_special_ability_phase_junctions_tables/data__.tsv,885,9.0.1
1,wh3_dlc23_unit_passive_unbinding_kdaai_fireborn,true,false,false,wh3_dlc23_unit_passive_unbinding_kdaai_fireborn,data/unit_stats/abilities/source_exports/db/special_ability_to_special_ability_phase_junctions_tables/data__.tsv,886,9.0.1
2,wh3_dlc23_unit_passive_unbinding_kdaai_fireborn,true,false,false,wh_main_unit_passive_unbinding_weak_large,data/unit_stats/abilities/source_exports/db/special_ability_to_special_ability_phase_junctions_tables/data__.tsv,887,9.0.1
3,wh3_dlc23_unit_passive_unbinding_kdaai_fireborn,true,false,false,wh_main_unit_passive_unbinding_critical_large,data/unit_stats/abilities/source_exports/db/special_ability_to_special_ability_phase_junctions_tables/data__.tsv,888,9.0.1
1,wh3_dlc23_unit_passive_undying_will,true,false,false,wh3_dlc23_unit_passive_undying_will,data/unit_stats/abilities/source_exports/db/special_ability_to_special_ability_phase_junctions_tables/data__.tsv,889,9.0.1
1,wh3_dlc23_weapon_abilities_black_hammer_of_hashut,true,false,false,wh3_dlc23_weapon_abilities_black_hammer_of_hashut,data/unit_stats/abilities/source_exports/db/special_ability_to_special_ability_phase_junctions_tables/data__.tsv,890,9.0.1
1,wh3_dlc23_weapon_abilities_dagger_of_malice,true,false,false,wh3_dlc23_weapon_abilities_dagger_of_malice,data/unit_stats/abilities/source_exports/db/special_ability_to_special_ability_phase_junctions_tables/data__.tsv,891,9.0.1
1,wh3_dlc23_weapon_abilities_dark_mace,false,false,true,wh3_dlc23_weapon_abilities_dark_mace,data/unit_stats/abilities/source_exports/db/special_ability_to_special_ability_phase_junctions_tables/data__.tsv,892,9.0.1
1,wh3_dlc23_weapon_abilities_silver_dagger,true,false,false,wh3_dlc23_weapon_abilities_silver_dagger,data/unit_stats/abilities/source_exports/db/special_ability_to_special_ability_phase_junctions_tables/data__.tsv,893,9.0.1
1,wh3_dlc23_weapon_abilities_spell_wrought_sceptre,true,true,false,wh3_dlc23_item_abilities_spell_wrought_sceptre,data/unit_stats/abilities/source_exports/db/special_ability_to_special_ability_phase_junctions_tables/data__.tsv,894,9.0.1
1,wh3_dlc23_weapon_abilities_the_graven_sceptre,true,false,false,wh3_dlc23_weapon_abilities_the_graven_sceptre,data/unit_stats/abilities/source_exports/db/special_ability_to_special_ability_phase_junctions_tables/data__.tsv,895,9.0.1
1,wh3_dlc23_weapon_passive_life_bane_blade,true,false,false,wh3_dlc23_weapon_passive_life_bane_blade,data/unit_stats/abilities/source_exports/db/special_ability_to_special_ability_phase_junctions_tables/data__.tsv,896,9.0.1
1,wh3_dlc23_weapon_passive_the_obsidian_axe,true,false,false,wh3_dlc23_weapon_passive_the_obsidian_axe,data/unit_stats/abilities/source_exports/db/special_ability_to_special_ability_phase_junctions_tables/data__.tsv,897,9.0.1
1,wh3_dlc24_character_abilities_bastions_defenders,true,true,false,wh3_dlc24_character_abilities_bastions_defenders,data/unit_stats/abilities/source_exports/db/special_ability_to_special_ability_phase_junctions_tables/data__.tsv,898,9.0.1
1,wh3_dlc24_character_abilities_change_or_die,true,true,false,wh3_dlc24_character_abilities_change_or_die,data/unit_stats/abilities/source_exports/db/special_ability_to_special_ability_phase_junctions_tables/data__.tsv,899,9.0.1
1,wh3_dlc24_character_abilities_colossal_strike,true,false,false,wh3_dlc24_character_abilities_colossal_strike,data/unit_stats/abilities/source_exports/db/special_ability_to_special_ability_phase_junctions_tables/data__.tsv,900,9.0.1
1,wh3_dlc24_character_abilities_colossal_strike_summoned,true,false,false,wh3_dlc24_character_abilities_colossal_strike,data/unit_stats/abilities/source_exports/db/special_ability_to_special_ability_phase_junctions_tables/data__.tsv,901,9.0.1
1,wh3_dlc24_character_abilities_fury_of_the_land,false,true,false,wh3_dlc24_character_abilities_fury_of_the_land,data/unit_stats/abilities/source_exports/db/special_ability_to_special_ability_phase_junctions_tables/data__.tsv,902,9.0.1
1,wh3_dlc24_character_abilities_giant_leap,true,false,false,wh3_dlc24_character_abilities_giant_leap,data/unit_stats/abilities/source_exports/db/special_ability_to_special_ability_phase_junctions_tables/data__.tsv,903,9.0.1
1,wh3_dlc24_character_abilities_tacticians_rally,true,true,false,wh_main_character_abilities_rally,data/unit_stats/abilities/source_exports/db/special_ability_to_special_ability_phase_junctions_tables/data__.tsv,904,9.0.1
1,wh3_dlc24_character_abilities_tacticians_stand_your_ground,true,true,false,wh_main_character_abilities_stand_your_ground,data/unit_stats/abilities/source_exports/db/special_ability_to_special_ability_phase_junctions_tables/data__.tsv,905,9.0.1
1,wh3_dlc24_character_abilities_watched_by_the_watcher,false,false,true,wh3_dlc24_character_abilities_watched_by_the_watcher,data/unit_stats/abilities/source_exports/db/special_ability_to_special_ability_phase_junctions_tables/data__.tsv,906,9.0.1
1,wh3_dlc24_character_passive_bulwark_of_the_gate,true,false,false,wh3_dlc24_character_passive_bulwark_of_the_gate_i,data/unit_stats/abilities/source_exports/db/special_ability_to_special_ability_phase_junctions_tables/data__.tsv,907,9.0.1
2,wh3_dlc24_character_passive_bulwark_of_the_gate,true,false,false,wh3_dlc24_character_passive_bulwark_of_the_gate_ii,data/unit_stats/abilities/source_exports/db/special_ability_to_special_ability_phase_junctions_tables/data__.tsv,908,9.0.1
1,wh3_dlc24_character_passive_master_of_the_stone_legions,false,true,false,wh3_dlc24_character_passive_master_of_the_stone_legions,data/unit_stats/abilities/source_exports/db/special_ability_to_special_ability_phase_junctions_tables/data__.tsv,909,9.0.1
1,wh3_dlc24_hero_abilities_thorns_aura,true,true,false,wh3_dlc24_hero_abilities_thorns_aura,data/unit_stats/abilities/source_exports/db/special_ability_to_special_ability_phase_junctions_tables/data__.tsv,910,9.0.1
1,wh3_dlc24_hero_abilities_vorozhejas_foresight,false,false,true,wh3_dlc24_hero_abilities_vorozhejas_foresight,data/unit_stats/abilities/source_exports/db/special_ability_to_special_ability_phase_junctions_tables/data__.tsv,911,9.0.1
1,wh3_dlc24_hero_abilities_znarkharjas_ward,true,true,false,wh3_dlc24_hero_abilities_znarkharjas_ward,data/unit_stats/abilities/source_exports/db/special_ability_to_special_ability_phase_junctions_tables/data__.tsv,912,9.0.1
1,wh3_dlc24_hero_passive_assume_command,true,true,false,wh3_dlc24_hero_passive_assume_command,data/unit_stats/abilities/source_exports/db/special_ability_to_special_ability_phase_junctions_tables/data__.tsv,913,9.0.1
1,wh3_dlc24_hero_passive_breath_of_life,true,false,false,wh3_dlc24_lord_abilities_breath_of_life,data/unit_stats/abilities/source_exports/db/special_ability_to_special_ability_phase_junctions_tables/data__.tsv,914,9.0.1
1,wh3_dlc24_hero_passive_breath_of_life_upgrade,true,true,false,wh3_dlc24_lord_abilities_breath_of_life,data/unit_stats/abilities/source_exports/db/special_ability_to_special_ability_phase_junctions_tables/data__.tsv,915,9.0.1
1,wh3_dlc24_hero_passive_loyal_guardian,false,true,false,wh2_dlc09_unit_passive_guardian,data/unit_stats/abilities/source_exports/db/special_ability_to_special_ability_phase_junctions_tables/data__.tsv,916,9.0.1
1,wh3_dlc24_hero_passive_meeting_of_the_minds,true,false,false,wh3_dlc24_hero_passive_meeting_of_the_minds,data/unit_stats/abilities/source_exports/db/special_ability_to_special_ability_phase_junctions_tables/data__.tsv,917,9.0.1
1,wh3_dlc24_hero_passive_spell_syphon,true,false,false,wh3_dlc24_character_passive_spell_syphon,data/unit_stats/abilities/source_exports/db/special_ability_to_special_ability_phase_junctions_tables/data__.tsv,918,9.0.1
1,wh3_dlc24_item_abilities_armour_of_the_dragons_gaze,true,false,false,wh3_dlc24_lord_abilities_armour_of_the_dragons_gaze_1,data/unit_stats/abilities/source_exports/db/special_ability_to_special_ability_phase_junctions_tables/data__.tsv,919,9.0.1
2,wh3_dlc24_item_abilities_armour_of_the_dragons_gaze,false,true,false,wh3_dlc24_lord_abilities_armour_of_the_dragons_gaze_2,data/unit_stats/abilities/source_exports/db/special_ability_to_special_ability_phase_junctions_tables/data__.tsv,920,9.0.1
1,wh3_dlc24_item_abilities_blessed_helm_of_the_oblast,true,true,false,wh3_dlc24_item_abilities_blessed_helm_of_the_oblast,data/unit_stats/abilities/source_exports/db/special_ability_to_special_ability_phase_junctions_tables/data__.tsv,921,9.0.1
1,wh3_dlc24_item_abilities_book_of_secrets,false,false,true,wh3_dlc24_item_abilities_book_of_secrets_death,data/unit_stats/abilities/source_exports/db/special_ability_to_special_ability_phase_junctions_tables/data__.tsv,922,9.0.1
2,wh3_dlc24_item_abilities_book_of_secrets,false,false,true,wh3_dlc24_item_abilities_book_of_secrets_fire,data/unit_stats/abilities/source_exports/db/special_ability_to_special_ability_phase_junctions_tables/data__.tsv,923,9.0.1
3,wh3_dlc24_item_abilities_book_of_secrets,false,false,true,wh3_dlc24_item_abilities_book_of_secrets_shadows,data/unit_stats/abilities/source_exports/db/special_ability_to_special_ability_phase_junctions_tables/data__.tsv,924,9.0.1
1,wh3_dlc24_item_abilities_mirror_of_knowledge,false,false,true,wh3_dlc24_item_abilities_mirror_of_knowledge,data/unit_stats/abilities/source_exports/db/special_ability_to_special_ability_phase_junctions_tables/data__.tsv,925,9.0.1
1,wh3_dlc24_item_abilities_the_golden_eye_of_tzeentch,true,false,false,wh3_dlc24_item_abilities_the_golden_eye_of_tzeentch,data/unit_stats/abilities/source_exports/db/special_ability_to_special_ability_phase_junctions_tables/data__.tsv,926,9.0.1
1,wh3_dlc24_item_passive_divining_rod,true,false,false,wh3_dlc24_item_passive_divining_rod,data/unit_stats/abilities/source_exports/db/special_ability_to_special_ability_phase_junctions_tables/data__.tsv,927,9.0.1
1,wh3_dlc24_item_passive_sentient_stormcloud,true,false,false,wh3_dlc24_item_passive_sentient_stormcloud,data/unit_stats/abilities/source_exports/db/special_ability_to_special_ability_phase_junctions_tables/data__.tsv,928,9.0.1
1,wh3_dlc24_item_passive_totem_of_ursus,false,false,true,wh3_dlc24_item_passive_totem_of_ursus,data/unit_stats/abilities/source_exports/db/special_ability_to_special_ability_phase_junctions_tables/data__.tsv,929,9.0.1
1,wh3_dlc24_lord_abilities_celestial_sweep,true,false,false,wh2_dlc16_hero_abilities_evisceration,data/unit_stats/abilities/source_exports/db/special_ability_to_special_ability_phase_junctions_tables/data__.tsv,930,9.0.1
1,wh3_dlc24_lord_abilities_gulyas,true,true,false,wh3_dlc24_lord_abilities_gulyas,data/unit_stats/abilities/source_exports/db/special_ability_to_special_ability_phase_junctions_tables/data__.tsv,931,9.0.1
1,wh3_dlc24_lord_abilities_lord_of_grand_cathay,true,true,false,wh3_dlc24_lord_abilities_lord_of_grand_cathay,data/unit_stats/abilities/source_exports/db/special_ability_to_special_ability_phase_junctions_tables/data__.tsv,932,9.0.1
1,wh3_dlc24_lord_abilities_the_emperors_executioner,false,false,true,wh3_dlc24_lord_abilities_the_emperors_executioner,data/unit_stats/abilities/source_exports/db/special_ability_to_special_ability_phase_junctions_tables/data__.tsv,933,9.0.1
1,wh3_dlc24_lord_abilities_the_emperors_executioner_upgrade,false,false,true,wh3_dlc24_lord_abilities_the_emperors_executioner_upgrade,data/unit_stats/abilities/source_exports/db/special_ability_to_special_ability_phase_junctions_tables/data__.tsv,934,9.0.1
1,wh3_dlc24_lord_item_deceiving_shadows,true,false,false,wh3_dlc24_lord_abilities_deceiving_shadows,data/unit_stats/abilities/source_exports/db/special_ability_to_special_ability_phase_junctions_tables/data__.tsv,935,9.0.1
1,wh3_dlc24_lord_passive_cowled_and_cloaked,true,false,false,wh3_dlc24_lord_abilities_cowled_and_cloaked,data/unit_stats/abilities/source_exports/db/special_ability_to_special_ability_phase_junctions_tables/data__.tsv,936,9.0.1
1,wh3_dlc24_lord_passive_crown_of_claws,true,true,false,wh3_dlc24_lord_abilities_crown_of_claws,data/unit_stats/abilities/source_exports/db/special_ability_to_special_ability_phase_junctions_tables/data__.tsv,937,9.0.1
1,wh3_dlc24_lord_passive_cursed_frontier,true,true,false,wh3_dlc24_lord_passive_cursed_frontier,data/unit_stats/abilities/source_exports/db/special_ability_to_special_ability_phase_junctions_tables/data__.tsv,938,9.0.1
1,wh3_dlc24_lord_passive_kislev_unite,true,true,false,wh3_dlc24_lord_passive_kislev_unite,data/unit_stats/abilities/source_exports/db/special_ability_to_special_ability_phase_junctions_tables/data__.tsv,939,9.0.1
1,wh3_dlc24_lord_passive_the_burning_vambraces,true,false,false,wh3_dlc24_lord_passive_the_burning_vambraces_1,data/unit_stats/abilities/source_exports/db/special_ability_to_special_ability_phase_junctions_tables/data__.tsv,940,9.0.1
2,wh3_dlc24_lord_passive_the_burning_vambraces,true,false,false,wh3_dlc24_lord_passive_the_burning_vambraces_2,data/unit_stats/abilities/source_exports/db/special_ability_to_special_ability_phase_junctions_tables/data__.tsv,941,9.0.1
1,wh3_dlc24_lord_passive_tzarinas_guardian,false,true,false,wh3_dlc24_lord_passive_tzarinas_guardian,data/unit_stats/abilities/source_exports/db/special_ability_to_special_ability_phase_junctions_tables/data__.tsv,942,9.0.1
1,wh3_dlc24_lord_passive_vambraces_of_yin,false,false,true,wh3_dlc24_lord_passive_vambraces_of_yin,data/unit_stats/abilities/source_exports/db/special_ability_to_special_ability_phase_junctions_tables/data__.tsv,943,9.0.1
1,wh3_dlc24_lore_passive_fate_of_interlopers,false,false,true,wh3_dlc24_lore_passive_fate_of_interlopers_enemy,data/unit_stats/abilities/source_exports/db/special_ability_to_special_ability_phase_junctions_tables/data__.tsv,944,9.0.1
2,wh3_dlc24_lore_passive_fate_of_interlopers,true,true,false,wh3_dlc24_lore_passive_fate_of_interlopers_ally,data/unit_stats/abilities/source_exports/db/special_ability_to_special_ability_phase_junctions_tables/data__.tsv,945,9.0.1
1,wh3_dlc24_mount_passive_wounded_pride,true,false,false,wh3_dlc24_mount_passive_wounded_pride,data/unit_stats/abilities/source_exports/db/special_ability_to_special_ability_phase_junctions_tables/data__.tsv,946,9.0.1
1,wh3_dlc24_passive_abilities_agonys_succession,true,true,false,wh3_dlc24_active_abilities_agonys_succession,data/unit_stats/abilities/source_exports/db/special_ability_to_special_ability_phase_junctions_tables/data__.tsv,947,9.0.1
1,wh3_dlc24_passive_abilities_harrowing_coil,true,false,false,wh3_dlc24_passive_abilities_harrowing_coil_wait,data/unit_stats/abilities/source_exports/db/special_ability_to_special_ability_phase_junctions_tables/data__.tsv,948,9.0.1
2,wh3_dlc24_passive_abilities_harrowing_coil,true,false,false,wh3_dlc24_passive_abilities_harrowing_coil_slow,data/unit_stats/abilities/source_exports/db/special_ability_to_special_ability_phase_junctions_tables/data__.tsv,949,9.0.1
1,wh3_dlc24_passive_abilities_spirited_away,true,false,false,wh3_dlc24_passive_abilities_spirited_away,data/unit_stats/abilities/source_exports/db/special_ability_to_special_ability_phase_junctions_tables/data__.tsv,950,9.0.1
1,wh3_dlc24_passive_shield_of_thorns,true,false,false,wh3_dlc24_passive_shield_of_thorns,data/unit_stats/abilities/source_exports/db/special_ability_to_special_ability_phase_junctions_tables/data__.tsv,951,9.0.1
1,wh3_dlc24_remove_fear_and_terror_attribute_hidden_ability,true,false,false,wh3_dlc24_remove_fear_and_terror_attribute_hidden_ability,data/unit_stats/abilities/source_exports/db/special_ability_to_special_ability_phase_junctions_tables/data__.tsv,952,9.0.1
1,wh3_dlc24_spell_hags_curse_of_the_ancient_witch,false,false,true,wh3_dlc24_spell_hags_curse_of_the_ancient_witch,data/unit_stats/abilities/source_exports/db/special_ability_to_special_ability_phase_junctions_tables/data__.tsv,953,9.0.1
1,wh3_dlc24_spell_hags_curse_of_the_ancient_witch_upgraded,true,true,false,wh3_dlc24_spell_hags_curse_of_the_ancient_witch_upgraded,data/unit_stats/abilities/source_exports/db/special_ability_to_special_ability_phase_junctions_tables/data__.tsv,954,9.0.1
1,wh3_dlc24_spell_hags_malediction_of_madness,false,false,true,wh3_dlc24_spell_hags_malediction_of_madness,data/unit_stats/abilities/source_exports/db/special_ability_to_special_ability_phase_junctions_tables/data__.tsv,955,9.0.1
1,wh3_dlc24_spell_hags_malediction_of_madness_upgraded,true,true,false,wh3_dlc24_spell_hags_malediction_of_madness_upgraded,data/unit_stats/abilities/source_exports/db/special_ability_to_special_ability_phase_junctions_tables/data__.tsv,956,9.0.1
1,wh3_dlc24_spell_hags_the_forbidden_fens,false,false,true,wh3_dlc24_spell_hags_the_forbidden_fens,data/unit_stats/abilities/source_exports/db/special_ability_to_special_ability_phase_junctions_tables/data__.tsv,957,9.0.1
1,wh3_dlc24_spell_hags_the_forbidden_fens_upgraded,true,true,false,wh3_dlc24_spell_hags_the_forbidden_fens_upgraded,data/unit_stats/abilities/source_exports/db/special_ability_to_special_ability_phase_junctions_tables/data__.tsv,958,9.0.1
1,wh3_dlc24_spell_hags_vengeance_of_spirits,false,false,true,wh3_dlc24_spell_hags_vengeance_of_spirits,data/unit_stats/abilities/source_exports/db/special_ability_to_special_ability_phase_junctions_tables/data__.tsv,959,9.0.1
1,wh3_dlc24_spell_hags_vengeance_of_spirits_upgraded,true,true,false,wh3_dlc24_spell_hags_vengeance_of_spirits_upgraded,data/unit_stats/abilities/source_exports/db/special_ability_to_special_ability_phase_junctions_tables/data__.tsv,960,9.0.1
1,wh3_dlc24_unit_abilities_bastion_of_the_great_cities,true,true,false,wh3_dlc24_unit_abilities_bastion_of_the_great_cities,data/unit_stats/abilities/source_exports/db/special_ability_to_special_ability_phase_junctions_tables/data__.tsv,961,9.0.1
1,wh3_dlc24_unit_abilities_disdain_of_the_dragon_emperor,true,true,false,wh3_dlc24_unit_abilities_disdain_of_the_dragon_emperor,data/unit_stats/abilities/source_exports/db/special_ability_to_special_ability_phase_junctions_tables/data__.tsv,962,9.0.1
1,wh3_dlc24_unit_abilities_fearsome_roar,false,false,true,wh3_dlc24_unit_abilities_fearsome_roar,data/unit_stats/abilities/source_exports/db/special_ability_to_special_ability_phase_junctions_tables/data__.tsv,963,9.0.1
1,wh3_dlc24_unit_abilities_fury_of_the_falling_blade,true,true,false,wh3_dlc24_unit_abilities_fury_of_the_falling_blade,data/unit_stats/abilities/source_exports/db/special_ability_to_special_ability_phase_junctions_tables/data__.tsv,964,9.0.1
1,wh3_dlc24_unit_abilities_hags_denial,true,false,false,wh3_dlc24_unit_abilities_hags_denial,data/unit_stats/abilities/source_exports/db/special_ability_to_special_ability_phase_junctions_tables/data__.tsv,965,9.0.1
1,wh3_dlc24_unit_abilities_howl_of_the_great_beast,false,false,true,wh3_dlc24_unit_abilities_howl_of_the_great_beast,data/unit_stats/abilities/source_exports/db/special_ability_to_special_ability_phase_junctions_tables/data__.tsv,966,9.0.1
1,wh3_dlc24_unit_abilities_lampreys_bite,true,false,false,wh3_dlc24_lord_abilities_lampreys_bite,data/unit_stats/abilities/source_exports/db/special_ability_to_special_ability_phase_junctions_tables/data__.tsv,967,9.0.1
1,wh3_dlc24_unit_abilities_maelstrom_of_change,false,false,true,wh3_dlc24_unit_abilities_maelstrom_of_change,data/unit_stats/abilities/source_exports/db/special_ability_to_special_ability_phase_junctions_tables/data__.tsv,968,9.0.1
1,wh3_dlc24_unit_abilities_mark_of_yin,false,false,true,wh3_dlc24_unit_abilities_mark_of_yin,data/unit_stats/abilities/source_exports/db/special_ability_to_special_ability_phase_junctions_tables/data__.tsv,969,9.0.1
1,wh3_dlc24_unit_abilities_moon_flare,true,false,false,wh3_dlc24_unit_abilities_moon_flare,data/unit_stats/abilities/source_exports/db/special_ability_to_special_ability_phase_junctions_tables/data__.tsv,970,9.0.1
1,wh3_dlc24_unit_abilities_pack_trap,false,false,true,wh3_dlc24_unit_abilities_pack_trap,data/unit_stats/abilities/source_exports/db/special_ability_to_special_ability_phase_junctions_tables/data__.tsv,971,9.0.1
1,wh3_dlc24_unit_abilities_witchbrew,true,false,false,wh2_main_character_abilities_witchbrew,data/unit_stats/abilities/source_exports/db/special_ability_to_special_ability_phase_junctions_tables/data__.tsv,972,9.0.1
1,wh3_dlc24_unit_bound_missile_mirror,false,false,true,wh3_dlc24_spell_bound_missile_mirror,data/unit_stats/abilities/source_exports/db/special_ability_to_special_ability_phase_junctions_tables/data__.tsv,973,9.0.1
1,wh3_dlc24_unit_passive_arcane_charge,true,false,false,wh3_dlc24_unit_abilities_arcane_charge,data/unit_stats/abilities/source_exports/db/special_ability_to_special_ability_phase_junctions_tables/data__.tsv,974,9.0.1
1,wh3_dlc24_unit_passive_bears_bulwark,true,false,false,wh3_dlc24_unit_passive_bears_bulwark,data/unit_stats/abilities/source_exports/db/special_ability_to_special_ability_phase_junctions_tables/data__.tsv,975,9.0.1
1,wh3_dlc24_unit_passive_construct_instability,true,false,false,wh2_dlc09_unit_passive_unstable_sand,data/unit_stats/abilities/source_exports/db/special_ability_to_special_ability_phase_junctions_tables/data__.tsv,976,9.0.1
1,wh3_dlc24_unit_passive_construct_instability_ii,true,false,false,wh2_dlc09_unit_passive_unstable_mark_ii_sand,data/unit_stats/abilities/source_exports/db/special_ability_to_special_ability_phase_junctions_tables/data__.tsv,977,9.0.1
1,wh3_dlc24_unit_passive_craven_scent,true,false,false,wh3_dlc24_unit_passive_craven_scent,data/unit_stats/abilities/source_exports/db/special_ability_to_special_ability_phase_junctions_tables/data__.tsv,978,9.0.1
1,wh3_dlc24_unit_passive_dark_blood,false,false,true,wh3_dlc24_unit_contact_dark_blood,data/unit_stats/abilities/source_exports/db/special_ability_to_special_ability_phase_junctions_tables/data__.tsv,979,9.0.1
1,wh3_dlc24_unit_passive_deadeyes_sting,true,false,false,wh3_dlc24_unit_passive_deadeyes_sting,data/unit_stats/abilities/source_exports/db/special_ability_to_special_ability_phase_junctions_tables/data__.tsv,980,9.0.1
1,wh3_dlc24_unit_passive_elemental_instability,true,false,false,wh3_main_unit_passive_daemonic_instability_daemon_1,data/unit_stats/abilities/source_exports/db/special_ability_to_special_ability_phase_junctions_tables/data__.tsv,981,9.0.1
1,wh3_dlc24_unit_passive_elemental_instability_ii,true,false,false,wh3_main_unit_passive_daemonic_instability_daemon_2,data/unit_stats/abilities/source_exports/db/special_ability_to_special_ability_phase_junctions_tables/data__.tsv,982,9.0.1
1,wh3_dlc24_unit_passive_ember_dread,true,false,false,wh3_dlc24_unit_passive_ember_dread,data/unit_stats/abilities/source_exports/db/special_ability_to_special_ability_phase_junctions_tables/data__.tsv,983,9.0.1
1,wh3_dlc24_unit_passive_entropous,true,false,false,wh3_dlc24_unit_passive_entropous,data/unit_stats/abilities/source_exports/db/special_ability_to_special_ability_phase_junctions_tables/data__.tsv,984,9.0.1
1,wh3_dlc24_unit_passive_eternal_duty,true,false,false,wh3_dlc24_unit_passive_eternal_duty,data/unit_stats/abilities/source_exports/db/special_ability_to_special_ability_phase_junctions_tables/data__.tsv,985,9.0.1
1,wh3_dlc24_unit_passive_eyes_of_the_empress,true,false,false,wh3_dlc24_unit_passive_eyes_of_the_empress,data/unit_stats/abilities/source_exports/db/special_ability_to_special_ability_phase_junctions_tables/data__.tsv,986,9.0.1
1,wh3_dlc24_unit_passive_feral_rage_i,true,false,false,wh3_dlc24_unit_passive_feral_rage,data/unit_stats/abilities/source_exports/db/special_ability_to_special_ability_phase_junctions_tables/data__.tsv,987,9.0.1
2,wh3_dlc24_unit_passive_feral_rage_ii,true,false,false,wh3_dlc24_unit_passive_feral_rage,data/unit_stats/abilities/source_exports/db/special_ability_to_special_ability_phase_junctions_tables/data__.tsv,988,9.0.1
1,wh3_dlc24_unit_passive_fragmentii,true,false,false,wh3_dlc24_unit_passive_fragmentii,data/unit_stats/abilities/source_exports/db/special_ability_to_special_ability_phase_junctions_tables/data__.tsv,989,9.0.1
1,wh3_dlc24_unit_passive_frostwyverns_toil,true,false,false,wh3_dlc24_unit_passive_frostwyverns_toil,data/unit_stats/abilities/source_exports/db/special_ability_to_special_ability_phase_junctions_tables/data__.tsv,990,9.0.1
1,wh3_dlc24_unit_passive_gait_of_thorns,true,false,false,wh3_dlc24_unit_passive_gait_of_thorns,data/unit_stats/abilities/source_exports/db/special_ability_to_special_ability_phase_junctions_tables/data__.tsv,991,9.0.1
1,wh3_dlc24_unit_passive_gift_of_mutation,true,true,false,wh3_dlc24_unit_passive_gift_of_mutation,data/unit_stats/abilities/source_exports/db/special_ability_to_special_ability_phase_junctions_tables/data__.tsv,992,9.0.1
1,wh3_dlc24_unit_passive_guardian_shield,false,true,false,wh3_dlc24_unit_abilities_guardian_shield,data/unit_stats/abilities/source_exports/db/special_ability_to_special_ability_phase_junctions_tables/data__.tsv,993,9.0.1
2,wh3_dlc24_unit_passive_guardian_shield,false,false,true,wh3_dlc24_unit_abilities_guardian_shield_enemy,data/unit_stats/abilities/source_exports/db/special_ability_to_special_ability_phase_junctions_tables/data__.tsv,994,9.0.1
1,wh3_dlc24_unit_passive_hushed_cast,true,false,false,wh3_dlc24_unit_passive_hushed_cast,data/unit_stats/abilities/source_exports/db/special_ability_to_special_ability_phase_junctions_tables/data__.tsv,995,9.0.1
1,wh3_dlc24_unit_passive_icon_of_the_great_cities,true,true,false,wh3_dlc24_unit_abilities_icon_of_the_great_cities,data/unit_stats/abilities/source_exports/db/special_ability_to_special_ability_phase_junctions_tables/data__.tsv,996,9.0.1
1,wh3_dlc24_unit_passive_incarnate_flock_of_doom,false,false,true,wh3_dlc24_unit_passive_incarnate_flock_of_doom,data/unit_stats/abilities/source_exports/db/special_ability_to_special_ability_phase_junctions_tables/data__.tsv,997,9.0.1
1,wh3_dlc24_unit_passive_incarnates_wrath,true,false,false,wh3_dlc24_unit_passive_incarnates_wrath,data/unit_stats/abilities/source_exports/db/special_ability_to_special_ability_phase_junctions_tables/data__.tsv,998,9.0.1
1,wh3_dlc24_unit_passive_inversus,true,false,false,wh3_dlc24_unit_passive_inversus,data/unit_stats/abilities/source_exports/db/special_ability_to_special_ability_phase_junctions_tables/data__.tsv,999,9.0.1
1,wh3_dlc24_unit_passive_jade_conduit,true,false,false,wh3_dlc24_unit_abilities_jade_conduit,data/unit_stats/abilities/source_exports/db/special_ability_to_special_ability_phase_junctions_tables/data__.tsv,1000,9.0.1
1,wh3_dlc24_unit_passive_leshys_embrace,true,false,false,wh3_dlc24_unit_passive_leshys_embrace,data/unit_stats/abilities/source_exports/db/special_ability_to_special_ability_phase_junctions_tables/data__.tsv,1001,9.0.1
1,wh3_dlc24_unit_passive_petrifying_gaze,false,false,true,wh3_dlc24_unit_abilities_petrifying_gaze_1,data/unit_stats/abilities/source_exports/db/special_ability_to_special_ability_phase_junctions_tables/data__.tsv,1002,9.0.1
2,wh3_dlc24_unit_passive_petrifying_gaze,false,false,true,wh3_dlc24_unit_abilities_petrifying_gaze_2,data/unit_stats/abilities/source_exports/db/special_ability_to_special_ability_phase_junctions_tables/data__.tsv,1003,9.0.1
3,wh3_dlc24_unit_passive_petrifying_gaze,false,false,true,wh3_dlc24_unit_abilities_petrifying_gaze_3,data/unit_stats/abilities/source_exports/db/special_ability_to_special_ability_phase_junctions_tables/data__.tsv,1004,9.0.1
4,wh3_dlc24_unit_passive_petrifying_gaze,false,false,true,wh3_dlc24_unit_abilities_petrifying_gaze_4,data/unit_stats/abilities/source_exports/db/special_ability_to_special_ability_phase_junctions_tables/data__.tsv,1005,9.0.1
1,wh3_dlc24_unit_passive_predatory_fighter,true,false,false,wh3_dlc24_unit_passive_predatory_fighter,data/unit_stats/abilities/source_exports/db/special_ability_to_special_ability_phase_junctions_tables/data__.tsv,1006,9.0.1
1,wh3_dlc24_unit_passive_rats_grit,true,false,false,wh3_dlc24_unit_passive_rats_grit,data/unit_stats/abilities/source_exports/db/special_ability_to_special_ability_phase_junctions_tables/data__.tsv,1007,9.0.1
1,wh3_dlc24_unit_passive_sacred_duty,true,false,false,wh3_dlc24_unit_passive_sacred_duty,data/unit_stats/abilities/source_exports/db/special_ability_to_special_ability_phase_junctions_tables/data__.tsv,1008,9.0.1
1,wh3_dlc24_unit_passive_solar_engine,true,true,false,wh3_dlc24_unit_passive_solar_engine,data/unit_stats/abilities/source_exports/db/special_ability_to_special_ability_phase_junctions_tables/data__.tsv,1009,9.0.1
1,wh3_dlc24_unit_passive_spawn_kin_kroxigors,true,false,false,wh3_dlc24_unit_passive_spawn_kin_kroxigors,data/unit_stats/abilities/source_exports/db/special_ability_to_special_ability_phase_junctions_tables/data__.tsv,1010,9.0.1
1,wh3_dlc24_unit_passive_spawn_kin_kroxigors_upgraded,true,false,false,wh3_dlc24_unit_passive_spawn_kin_kroxigors_upgraded,data/unit_stats/abilities/source_exports/db/special_ability_to_special_ability_phase_junctions_tables/data__.tsv,1011,9.0.1
1,wh3_dlc24_unit_passive_spawn_kin_skinks,true,false,false,wh3_dlc24_unit_passive_spawn_kin_skinks,data/unit_stats/abilities/source_exports/db/special_ability_to_special_ability_phase_junctions_tables/data__.tsv,1012,9.0.1
1,wh3_dlc24_unit_passive_spawn_kin_skinks_upgraded,true,false,false,wh3_dlc24_unit_passive_spawn_kin_skinks_upgraded,data/unit_stats/abilities/source_exports/db/special_ability_to_special_ability_phase_junctions_tables/data__.tsv,1013,9.0.1
1,wh3_dlc24_unit_passive_tides_of_transformation,true,false,false,wh3_dlc24_unit_abilities_tide_of_transformation_1,data/unit_stats/abilities/source_exports/db/special_ability_to_special_ability_phase_junctions_tables/data__.tsv,1014,9.0.1
1,wh3_dlc24_unit_passive_typhlosis,true,false,false,wh3_dlc24_unit_passive_typhlosis,data/unit_stats/abilities/source_exports/db/special_ability_to_special_ability_phase_junctions_tables/data__.tsv,1015,9.0.1
1,wh3_dlc24_unit_passive_unbinding_changeling,true,false,false,wh3_dlc24_unit_passive_unbinding_changeling_1,data/unit_stats/abilities/source_exports/db/special_ability_to_special_ability_phase_junctions_tables/data__.tsv,1016,9.0.1
2,wh3_dlc24_unit_passive_unbinding_changeling,true,false,false,wh3_dlc24_unit_passive_unbinding_changeling_2,data/unit_stats/abilities/source_exports/db/special_ability_to_special_ability_phase_junctions_tables/data__.tsv,1017,9.0.1
1,wh3_dlc24_unit_passive_unbinding_things_in_the_woods,true,false,false,wh3_dlc24_unit_passive_unbinding_thing_in_the_woods,data/unit_stats/abilities/source_exports/db/special_ability_to_special_ability_phase_junctions_tables/data__.tsv,1018,9.0.1
2,wh3_dlc24_unit_passive_unbinding_things_in_the_woods,true,false,false,wh3_dlc24_unit_passive_unbinding_weak_thing_in_the_woods,data/unit_stats/abilities/source_exports/db/special_ability_to_special_ability_phase_junctions_tables/data__.tsv,1019,9.0.1
3,wh3_dlc24_unit_passive_unbinding_things_in_the_woods,true,false,false,wh3_dlc24_unit_passive_unbinding_critical_thing_in_the_woods,data/unit_stats/abilities/source_exports/db/special_ability_to_special_ability_phase_junctions_tables/data__.tsv,1020,9.0.1
1,wh3_dlc24_unit_passive_unburdened_step,true,false,false,wh3_dlc24_unit_passive_unburdened_step,data/unit_stats/abilities/source_exports/db/special_ability_to_special_ability_phase_junctions_tables/data__.tsv,1021,9.0.1
1,wh3_dlc24_unit_passive_whiff_of_madness,true,false,false,wh3_dlc24_unit_passive_whiff_of_madness,data/unit_stats/abilities/source_exports/db/special_ability_to_special_ability_phase_junctions_tables/data__.tsv,1022,9.0.1
1,wh3_dlc24_unit_passive_wraith_sight,true,false,false,wh3_dlc24_unit_passive_wraith_sight,data/unit_stats/abilities/source_exports/db/special_ability_to_special_ability_phase_junctions_tables/data__.tsv,1023,9.0.1
1,wh3_dlc24_weapon_abilities_dragons_fang,true,false,false,wh3_dlc24_lord_abilities_dragons_fang,data/unit_stats/abilities/source_exports/db/special_ability_to_special_ability_phase_junctions_tables/data__.tsv,1024,9.0.1
1,wh3_dlc24_weapon_abilities_ursuns_claw,true,false,false,wh3_dlc24_weapon_abilities_ursuns_claw,data/unit_stats/abilities/source_exports/db/special_ability_to_special_ability_phase_junctions_tables/data__.tsv,1025,9.0.1
1,wh3_dlc25_abilities_restock_gunnery_school,false,true,false,wh2_dlc11_hero_abilities_more_powder,data/unit_stats/abilities/source_exports/db/special_ability_to_special_ability_phase_junctions_tables/data__.tsv,1026,9.0.1
1,wh3_dlc25_army_passive_abilities_plague_afflicted,true,false,false,wh3_dlc25_army_passive_abilities_plague_afflicted,data/unit_stats/abilities/source_exports/db/special_ability_to_special_ability_phase_junctions_tables/data__.tsv,1027,9.0.1
1,wh3_dlc25_army_passive_abilities_plague_afflicted_improved,true,false,false,wh3_dlc25_army_passive_abilities_plague_afflicted_improved,data/unit_stats/abilities/source_exports/db/special_ability_to_special_ability_phase_junctions_tables/data__.tsv,1028,9.0.1
1,wh3_dlc25_cataclysm_beasts_merciws_monstrous_regiment_com,false,true,false,wh3_main_cataclysm_beasts_merciws_monstrous_regiment,data/unit_stats/abilities/source_exports/db/special_ability_to_special_ability_phase_junctions_tables/data__.tsv,1029,9.0.1
1,wh3_dlc25_cataclysm_death_ashes_and_dust_com,false,false,true,wh3_main_cataclysm_death_ashes_and_dust_01,data/unit_stats/abilities/source_exports/db/special_ability_to_special_ability_phase_junctions_tables/data__.tsv,1030,9.0.1
2,wh3_dlc25_cataclysm_death_ashes_and_dust_com,false,false,true,wh3_main_cataclysm_death_ashes_and_dust_02,data/unit_stats/abilities/source_exports/db/special_ability_to_special_ability_phase_junctions_tables/data__.tsv,1031,9.0.1
1,wh3_dlc25_cataclysm_life_storm_of_renewal_com,false,true,false,wh3_main_cataclysm_life_storm_of_renewal,data/unit_stats/abilities/source_exports/db/special_ability_to_special_ability_phase_junctions_tables/data__.tsv,1032,9.0.1
1,wh3_dlc25_cataclysm_light_time_amok_com,false,false,true,wh3_main_cataclysm_light_time_amok_enemy,data/unit_stats/abilities/source_exports/db/special_ability_to_special_ability_phase_junctions_tables/data__.tsv,1033,9.0.1
1,wh3_dlc25_cataclysm_light_time_amok_com,false,true,false,wh3_main_cataclysm_light_time_amok,data/unit_stats/abilities/source_exports/db/special_ability_to_special_ability_phase_junctions_tables/data__.tsv,1034,9.0.1
1,wh3_dlc25_cataclysm_shadow_dance_of_despair_com,false,false,true,wh3_main_cataclysm_shadow_dance_of_despair,data/unit_stats/abilities/source_exports/db/special_ability_to_special_ability_phase_junctions_tables/data__.tsv,1035,9.0.1
1,wh3_dlc25_character_abilities_get_em,false,false,true,wh3_dlc25_character_abilities_get_em,data/unit_stats/abilities/source_exports/db/special_ability_to_special_ability_phase_junctions_tables/data__.tsv,1036,9.0.1
1,wh3_dlc25_character_abilities_hurricane_of_death,true,false,false,wh3_dlc25_character_abilities_hurricane_of_death,data/unit_stats/abilities/source_exports/db/special_ability_to_special_ability_phase_junctions_tables/data__.tsv,1037,9.0.1
1,wh3_dlc25_character_abilities_passive_witness_me,true,true,false,wh3_dlc25_character_abilities_passive_witness_me,data/unit_stats/abilities/source_exports/db/special_ability_to_special_ability_phase_junctions_tables/data__.tsv,1038,9.0.1
1,wh3_dlc25_character_abilities_sands_of_sickness,false,false,true,wh3_dlc25_character_ability_sands_of_sickness_enemy,data/unit_stats/abilities/source_exports/db/special_ability_to_special_ability_phase_junctions_tables/data__.tsv,1039,9.0.1
1,wh3_dlc25_character_abilities_sands_of_sickness,true,true,false,wh3_dlc25_character_ability_sands_of_sickness_ally,data/unit_stats/abilities/source_exports/db/special_ability_to_special_ability_phase_junctions_tables/data__.tsv,1040,9.0.1
1,wh3_dlc25_character_passive_artillery_master,false,true,false,wh3_dlc25_character_passive_artillery_master,data/unit_stats/abilities/source_exports/db/special_ability_to_special_ability_phase_junctions_tables/data__.tsv,1041,9.0.1
1,wh3_dlc25_character_passive_befouled_charge,false,false,true,wh3_dlc25_character_passive_befouled_charge_enemy,data/unit_stats/abilities/source_exports/db/special_ability_to_special_ability_phase_junctions_tables/data__.tsv,1042,9.0.1
1,wh3_dlc25_character_passive_befouled_charge,true,true,false,wh3_dlc25_character_passive_befouled_charge_ally,data/unit_stats/abilities/source_exports/db/special_ability_to_special_ability_phase_junctions_tables/data__.tsv,1043,9.0.1
1,wh3_dlc25_character_passive_blood_oath_improved,true,true,false,wh3_dlc25_character_passive_blood_oath_improved,data/unit_stats/abilities/source_exports/db/special_ability_to_special_ability_phase_junctions_tables/data__.tsv,1044,9.0.1
1,wh3_dlc25_character_passive_corrupted_flesh,true,false,false,wh3_dlc25_character_passive_corrupted_flesh,data/unit_stats/abilities/source_exports/db/special_ability_to_special_ability_phase_junctions_tables/data__.tsv,1045,9.0.1
1,wh3_dlc25_character_passive_master_of_ballistics,false,true,false,wh3_dlc25_character_passive_master_of_ballistics,data/unit_stats/abilities/source_exports/db/special_ability_to_special_ability_phase_junctions_tables/data__.tsv,1046,9.0.1
1,wh3_dlc25_character_passive_monster_master,true,true,false,wh3_dlc25_character_passive_monster_master,data/unit_stats/abilities/source_exports/db/special_ability_to_special_ability_phase_junctions_tables/data__.tsv,1047,9.0.1
1,wh3_dlc25_character_passive_rampaging_presence,true,true,true,wh3_dlc25_character_passive_rampaging_presence,data/unit_stats/abilities/source_exports/db/special_ability_to_special_ability_phase_junctions_tables/data__.tsv,1048,9.0.1
1,wh3_dlc25_character_passive_slayer_of_legend,true,false,false,wh3_dlc25_character_passive_slayer_of_legend,data/unit_stats/abilities/source_exports/db/special_ability_to_special_ability_phase_junctions_tables/data__.tsv,1049,9.0.1
1,wh3_dlc25_character_passive_tally_of_pestilence,true,true,false,wh3_dlc25_character_passive_tally_of_pestilence,data/unit_stats/abilities/source_exports/db/special_ability_to_special_ability_phase_junctions_tables/data__.tsv,1050,9.0.1
1,wh3_dlc25_character_passive_tempered_aura,true,true,false,wh3_dlc25_character_passive_tempered_aura,data/unit_stats/abilities/source_exports/db/special_ability_to_special_ability_phase_junctions_tables/data__.tsv,1051,9.0.1
1,wh3_dlc25_character_passive_the_war_mourner,true,true,false,wh3_dlc25_character_passive_the_war_mourner,data/unit_stats/abilities/source_exports/db/special_ability_to_special_ability_phase_junctions_tables/data__.tsv,1052,9.0.1
1,wh3_dlc25_character_passive_worthy_foe,true,false,false,wh3_dlc25_character_passive_worthy_foe,data/unit_stats/abilities/source_exports/db/special_ability_to_special_ability_phase_junctions_tables/data__.tsv,1053,9.0.1
1,wh3_dlc25_effect_enemy_healing_cap_reduction,false,false,true,wh3_dlc25_effect_enemy_healing_power_reduction,data/unit_stats/abilities/source_exports/db/special_ability_to_special_ability_phase_junctions_tables/data__.tsv,1054,9.0.1
1,wh3_dlc25_faction_abilities_murderous_mastery_upgraded,true,false,false,wh3_dlc25_faction_abilities_murderous_mastery_upgraded,data/unit_stats/abilities/source_exports/db/special_ability_to_special_ability_phase_junctions_tables/data__.tsv,1055,9.0.1
1,wh3_dlc25_faction_abilities_murderous_mastery_upgraded_2,true,false,false,wh3_dlc25_faction_abilities_murderous_mastery_upgraded_2,data/unit_stats/abilities/source_exports/db/special_ability_to_special_ability_phase_junctions_tables/data__.tsv,1056,9.0.1
1,wh3_dlc25_hero_abilities_titan_headsman,false,false,true,wh3_dlc25_hero_abilities_titan_headsman,data/unit_stats/abilities/source_exports/db/special_ability_to_special_ability_phase_junctions_tables/data__.tsv,1057,9.0.1
1,wh3_dlc25_hero_passive_fearsome_combatant,false,false,true,wh3_dlc25_hero_passive_fearsome_combatant,data/unit_stats/abilities/source_exports/db/special_ability_to_special_ability_phase_junctions_tables/data__.tsv,1058,9.0.1
1,wh3_dlc25_hero_passive_the_hand_of_judgement,true,false,false,wh3_dlc25_hero_passive_the_hand_of_judgement,data/unit_stats/abilities/source_exports/db/special_ability_to_special_ability_phase_junctions_tables/data__.tsv,1059,9.0.1
1,wh3_dlc25_item_abilities_deaths_timekeeper,false,false,true,wh3_dlc25_item_abilities_deaths_timekeeper_enemy,data/unit_stats/abilities/source_exports/db/special_ability_to_special_ability_phase_junctions_tables/data__.tsv,1060,9.0.1
1,wh3_dlc25_item_abilities_deaths_timekeeper,true,false,false,wh3_dlc25_item_abilities_deaths_timekeeper_self,data/unit_stats/abilities/source_exports/db/special_ability_to_special_ability_phase_junctions_tables/data__.tsv,1061,9.0.1
1,wh3_dlc25_item_abilities_necrotic_phylactry,true,true,false,wh3_dlc25_item_abilities_necrotic_phylactry,data/unit_stats/abilities/source_exports/db/special_ability_to_special_ability_phase_junctions_tables/data__.tsv,1062,9.0.1
1,wh3_dlc25_item_abilities_ominous_powder,true,false,false,wh3_dlc25_item_abilities_ominous_powder_i,data/unit_stats/abilities/source_exports/db/special_ability_to_special_ability_phase_junctions_tables/data__.tsv,1063,9.0.1
2,wh3_dlc25_item_abilities_ominous_powder,true,false,false,wh3_dlc25_item_abilities_ominous_powder_ii,data/unit_stats/abilities/source_exports/db/special_ability_to_special_ability_phase_junctions_tables/data__.tsv,1064,9.0.1
3,wh3_dlc25_item_abilities_ominous_powder,true,false,false,wh3_dlc25_item_abilities_ominous_powder_iii,data/unit_stats/abilities/source_exports/db/special_ability_to_special_ability_phase_junctions_tables/data__.tsv,1065,9.0.1
1,wh3_dlc25_item_abilities_stormlance,true,false,false,wh3_dlc25_item_abilities_stormlance,data/unit_stats/abilities/source_exports/db/special_ability_to_special_ability_phase_junctions_tables/data__.tsv,1066,9.0.1
1,wh3_dlc25_item_abilities_the_gold_standard,true,true,false,wh3_dlc25_item_abilities_the_gold_standard,data/unit_stats/abilities/source_exports/db/special_ability_to_special_ability_phase_junctions_tables/data__.tsv,1067,9.0.1
1,wh3_dlc25_item_passive_armour_of_tarnus,true,false,false,wh3_dlc25_item_passives_armour_of_tarnus,data/unit_stats/abilities/source_exports/db/special_ability_to_special_ability_phase_junctions_tables/data__.tsv,1068,9.0.1
1,wh3_dlc25_item_passive_cloak_of_anraheir,false,false,true,wh3_dlc25_item_passive_cloak_of_anraheir,data/unit_stats/abilities/source_exports/db/special_ability_to_special_ability_phase_junctions_tables/data__.tsv,1069,9.0.1
1,wh3_dlc25_item_passive_the_eyes_of_grungni,true,true,false,wh3_dlc25_item_passive_the_eyes_of_grungni,data/unit_stats/abilities/source_exports/db/special_ability_to_special_ability_phase_junctions_tables/data__.tsv,1070,9.0.1
1,wh3_dlc25_lord_abilities_darkwalker,true,false,false,wh3_dlc25_lord_abilities_darkwalker,data/unit_stats/abilities/source_exports/db/special_ability_to_special_ability_phase_junctions_tables/data__.tsv,1071,9.0.1
1,wh3_dlc25_lord_abilities_deranged_munitions,true,true,false,wh3_dlc25_lord_abilities_deranged_munitions,data/unit_stats/abilities/source_exports/db/special_ability_to_special_ability_phase_junctions_tables/data__.tsv,1072,9.0.1
1,wh3_dlc25_lord_abilities_deranged_munitions_upgraded,true,true,false,wh3_dlc25_lord_abilities_deranged_munitions,data/unit_stats/abilities/source_exports/db/special_ability_to_special_ability_phase_junctions_tables/data__.tsv,1073,9.0.1
1,wh3_dlc25_lord_abilities_gift_of_the_father_tier_1,false,false,true,wh3_dlc25_lord_abilities_gift_of_the_father_tier_1,data/unit_stats/abilities/source_exports/db/special_ability_to_special_ability_phase_junctions_tables/data__.tsv,1074,9.0.1
1,wh3_dlc25_lord_abilities_gift_of_the_father_tier_2,false,false,true,wh3_dlc25_lord_abilities_gift_of_the_father_tier_2,data/unit_stats/abilities/source_exports/db/special_ability_to_special_ability_phase_junctions_tables/data__.tsv,1075,9.0.1
1,wh3_dlc25_lord_abilities_gift_of_the_father_tier_3,false,false,true,wh3_dlc25_lord_abilities_gift_of_the_father_tier_3,data/unit_stats/abilities/source_exports/db/special_ability_to_special_ability_phase_junctions_tables/data__.tsv,1076,9.0.1
1,wh3_dlc25_lord_abilities_gift_of_the_father_tier_4,false,false,true,wh3_dlc25_lord_abilities_gift_of_the_father_tier_4,data/unit_stats/abilities/source_exports/db/special_ability_to_special_ability_phase_junctions_tables/data__.tsv,1077,9.0.1
1,wh3_dlc25_lord_abilities_glorious_death,true,true,false,wh3_dlc25_lord_abilities_glorious_death,data/unit_stats/abilities/source_exports/db/special_ability_to_special_ability_phase_junctions_tables/data__.tsv,1078,9.0.1
1,wh3_dlc25_lord_abilities_nurgles_favoured_son,true,false,false,wh3_dlc25_lord_abilities_nurgles_favoured_son,data/unit_stats/abilities/source_exports/db/special_ability_to_special_ability_phase_junctions_tables/data__.tsv,1079,9.0.1
1,wh3_dlc25_lord_abilities_rot_or_die,true,true,false,wh3_dlc25_lord_abilities_rot_or_die,data/unit_stats/abilities/source_exports/db/special_ability_to_special_ability_phase_junctions_tables/data__.tsv,1080,9.0.1
1,wh3_dlc25_lord_passive_crowns_corruption_level_1,false,false,true,wh3_dlc25_lord_passive_crowns_corruption_level_1,data/unit_stats/abilities/source_exports/db/special_ability_to_special_ability_phase_junctions_tables/data__.tsv,1081,9.0.1
1,wh3_dlc25_lord_passive_crowns_corruption_level_2,false,false,true,wh3_dlc25_lord_passive_crowns_corruption_level_2,data/unit_stats/abilities/source_exports/db/special_ability_to_special_ability_phase_junctions_tables/data__.tsv,1082,9.0.1
1,wh3_dlc25_lord_passive_crowns_corruption_level_3,false,false,true,wh3_dlc25_lord_passive_crowns_corruption_level_3,data/unit_stats/abilities/source_exports/db/special_ability_to_special_ability_phase_junctions_tables/data__.tsv,1083,9.0.1
1,wh3_dlc25_lord_passive_feast_of_the_maggot_lord,true,false,false,wh3_dlc25_lord_passive_feast_of_the_maggot_lord_buffer,data/unit_stats/abilities/source_exports/db/special_ability_to_special_ability_phase_junctions_tables/data__.tsv,1084,9.0.1
2,wh3_dlc25_lord_passive_feast_of_the_maggot_lord,false,false,true,wh3_dlc25_lord_passive_feast_of_the_maggot_lord,data/unit_stats/abilities/source_exports/db/special_ability_to_special_ability_phase_junctions_tables/data__.tsv,1085,9.0.1
1,wh3_dlc25_lord_passive_living_darkness,false,false,true,wh3_dlc25_lord_passive_living_darkness,data/unit_stats/abilities/source_exports/db/special_ability_to_special_ability_phase_junctions_tables/data__.tsv,1086,9.0.1
1,wh3_dlc25_lord_passive_living_darkness,true,false,false,wh3_dlc25_lord_passive_living_darkness_self,data/unit_stats/abilities/source_exports/db/special_ability_to_special_ability_phase_junctions_tables/data__.tsv,1087,9.0.1
1,wh3_dlc25_lord_passive_rotting_host,false,false,true,wh3_dlc25_lord_passive_rotting_host,data/unit_stats/abilities/source_exports/db/special_ability_to_special_ability_phase_junctions_tables/data__.tsv,1088,9.0.1
1,wh3_dlc25_lord_passive_vessel_of_malice_gnashrak,true,false,false,wh3_dlc25_lord_passive_vessel_of_malice_gnashrak,data/unit_stats/abilities/source_exports/db/special_ability_to_special_ability_phase_junctions_tables/data__.tsv,1089,9.0.1
1,wh3_dlc25_lord_passive_vessel_of_malice_icky,true,false,false,wh3_dlc25_lord_passive_vessel_of_malice_icky,data/unit_stats/abilities/source_exports/db/special_ability_to_special_ability_phase_junctions_tables/data__.tsv,1090,9.0.1
1,wh3_dlc25_lord_passive_vessel_of_malice_luggn,true,false,false,wh3_dlc25_lord_passive_vessel_of_malice_luggn,data/unit_stats/abilities/source_exports/db/special_ability_to_special_ability_phase_junctions_tables/data__.tsv,1091,9.0.1
1,wh3_dlc25_mount_passive_aura_of_protection_upgraded,true,true,false,wh3_dlc25_mount_passive_aura_of_protection_upgraded,data/unit_stats/abilities/source_exports/db/special_ability_to_special_ability_phase_junctions_tables/data__.tsv,1092,9.0.1
1,wh3_dlc25_quest_passive_rogue_idol_qb,true,false,false,wh3_dlc25_quest_passive_rogue_idol_qb,data/unit_stats/abilities/source_exports/db/special_ability_to_special_ability_phase_junctions_tables/data__.tsv,1093,9.0.1
1,wh3_dlc25_spell_Bound_doom_and_darkness_gunnery_school,false,false,true,wh_main_spell_death_doom_and_darkness,data/unit_stats/abilities/source_exports/db/special_ability_to_special_ability_phase_junctions_tables/data__.tsv,1094,9.0.1
1,wh3_dlc25_spell_bound_spirit_leech,false,false,true,wh_main_spell_death_spirit_leech,data/unit_stats/abilities/source_exports/db/special_ability_to_special_ability_phase_junctions_tables/data__.tsv,1095,9.0.1
1,wh3_dlc25_spell_bound_spirit_leech_gunnery_school,false,false,true,wh_main_spell_death_spirit_leech,data/unit_stats/abilities/source_exports/db/special_ability_to_special_ability_phase_junctions_tables/data__.tsv,1096,9.0.1
1,wh3_dlc25_spell_bound_the_fate_of_bjuna,false,false,true,wh_main_spell_death_the_fate_of_bjuna,data/unit_stats/abilities/source_exports/db/special_ability_to_special_ability_phase_junctions_tables/data__.tsv,1097,9.0.1
1,wh3_dlc25_unit_abilities_full_power,true,false,false,wh3_dlc25_unit_abilities_full_power,data/unit_stats/abilities/source_exports/db/special_ability_to_special_ability_phase_junctions_tables/data__.tsv,1098,9.0.1
1,wh3_dlc25_unit_abilities_thunderburner,true,false,false,wh3_dlc25_unit_abilities_thunderburner,data/unit_stats/abilities/source_exports/db/special_ability_to_special_ability_phase_junctions_tables/data__.tsv,1099,9.0.1
1,wh3_dlc25_unit_abilities_thunderburner_upgraded,true,false,false,wh3_dlc25_unit_abilities_thunderburner_upgraded,data/unit_stats/abilities/source_exports/db/special_ability_to_special_ability_phase_junctions_tables/data__.tsv,1100,9.0.1
1,wh3_dlc25_unit_abilities_whirlwind_of_death,true,false,false,wh3_dlc25_unit_abilities_whirlwind_of_death,data/unit_stats/abilities/source_exports/db/special_ability_to_special_ability_phase_junctions_tables/data__.tsv,1101,9.0.1
1,wh3_dlc25_unit_abilities_whirlwind_of_death_ror,true,false,false,wh3_dlc25_unit_abilities_whirlwind_of_death,data/unit_stats/abilities/source_exports/db/special_ability_to_special_ability_phase_junctions_tables/data__.tsv,1102,9.0.1
1,wh3_dlc25_unit_abilities_whirlwind_of_death_ror_upgraded,true,false,false,wh3_dlc25_unit_abilities_whirlwind_of_death,data/unit_stats/abilities/source_exports/db/special_ability_to_special_ability_phase_junctions_tables/data__.tsv,1103,9.0.1
1,wh3_dlc25_unit_abilities_whirlwind_of_death_upgraded,true,false,false,wh3_dlc25_unit_abilities_whirlwind_of_death,data/unit_stats/abilities/source_exports/db/special_ability_to_special_ability_phase_junctions_tables/data__.tsv,1104,9.0.1
1,wh3_dlc25_unit_formation_shieldwall,true,false,false,wh3_dlc25_unit_formation_shieldwall,data/unit_stats/abilities/source_exports/db/special_ability_to_special_ability_phase_junctions_tables/data__.tsv,1105,9.0.1
1,wh3_dlc25_unit_formation_shieldwall_upgraded,true,false,false,wh3_dlc25_unit_formation_shieldwall_upgraded,data/unit_stats/abilities/source_exports/db/special_ability_to_special_ability_phase_junctions_tables/data__.tsv,1106,9.0.1
1,wh3_dlc25_unit_passive_ashes_and_steam,false,false,true,wh3_dlc25_unit_passive_ashes_and_steam,data/unit_stats/abilities/source_exports/db/special_ability_to_special_ability_phase_junctions_tables/data__.tsv,1107,9.0.1
1,wh3_dlc25_unit_passive_aura_of_madness,false,false,true,wh2_dlc17_unit_passive_aura_of_madness,data/unit_stats/abilities/source_exports/db/special_ability_to_special_ability_phase_junctions_tables/data__.tsv,1108,9.0.1
1,wh3_dlc25_unit_passive_awe_inspiring_sight,false,true,false,wh3_dlc25_unit_passive_awe_inspiring_sight,data/unit_stats/abilities/source_exports/db/special_ability_to_special_ability_phase_junctions_tables/data__.tsv,1109,9.0.1
1,wh3_dlc25_unit_passive_blackpowder_discipline,true,false,false,wh3_dlc25_unit_passive_blackpowder_discipline_i,data/unit_stats/abilities/source_exports/db/special_ability_to_special_ability_phase_junctions_tables/data__.tsv,1110,9.0.1
2,wh3_dlc25_unit_passive_blackpowder_discipline,true,false,false,wh3_dlc25_unit_passive_blackpowder_discipline_ii,data/unit_stats/abilities/source_exports/db/special_ability_to_special_ability_phase_junctions_tables/data__.tsv,1111,9.0.1
1,wh3_dlc25_unit_passive_corrosive_bile,false,false,true,wh3_dlc25_unit_passive_corrosive_bile,data/unit_stats/abilities/source_exports/db/special_ability_to_special_ability_phase_junctions_tables/data__.tsv,1112,9.0.1
1,wh3_dlc25_unit_passive_doom_and_despair,false,false,true,wh3_dlc25_unit_passive_doom_and_despair,data/unit_stats/abilities/source_exports/db/special_ability_to_special_ability_phase_junctions_tables/data__.tsv,1113,9.0.1
1,wh3_dlc25_unit_passive_dwarf_rum,false,false,true,wh3_dlc25_unit_passive_dwarf_rum,data/unit_stats/abilities/source_exports/db/special_ability_to_special_ability_phase_junctions_tables/data__.tsv,1114,9.0.1
2,wh3_dlc25_unit_passive_emergency_repairs,true,false,false,wh3_dlc25_unit_passive_emergency_repairs,data/unit_stats/abilities/source_exports/db/special_ability_to_special_ability_phase_junctions_tables/data__.tsv,1115,9.0.1
1,wh3_dlc25_unit_passive_feeding_frenzy,true,false,false,wh_main_lord_passive_the_hunger,data/unit_stats/abilities/source_exports/db/special_ability_to_special_ability_phase_junctions_tables/data__.tsv,1116,9.0.1
1,wh3_dlc25_unit_passive_feral_rage_crown,true,false,false,wh3_dlc24_unit_passive_feral_rage,data/unit_stats/abilities/source_exports/db/special_ability_to_special_ability_phase_junctions_tables/data__.tsv,1117,9.0.1
1,wh3_dlc25_unit_passive_flaming_sword_of_rhuin_aoe,true,true,false,wh3_dlc25_unit_passive_flaming_sword_of_rhuin_aoe,data/unit_stats/abilities/source_exports/db/special_ability_to_special_ability_phase_junctions_tables/data__.tsv,1118,9.0.1
1,wh3_dlc25_unit_passive_iron_resolve,true,false,false,wh3_dlc25_unit_passive_iron_resolve,data/unit_stats/abilities/source_exports/db/special_ability_to_special_ability_phase_junctions_tables/data__.tsv,1119,9.0.1
1,wh3_dlc25_unit_passive_journeys_end_upgraded,true,false,false,wh2_dlc15_unit_passive_journeys_end,data/unit_stats/abilities/source_exports/db/special_ability_to_special_ability_phase_junctions_tables/data__.tsv,1120,9.0.1
1,wh3_dlc25_unit_passive_kindleflame_aoe,false,false,true,wh3_dlc25_unit_passive_kindleflame_aoe,data/unit_stats/abilities/source_exports/db/special_ability_to_special_ability_phase_junctions_tables/data__.tsv,1121,9.0.1
1,wh3_dlc25_unit_passive_last_rites,true,true,false,wh3_dlc25_unit_passive_last_rites,data/unit_stats/abilities/source_exports/db/special_ability_to_special_ability_phase_junctions_tables/data__.tsv,1122,9.0.1
1,wh3_dlc25_unit_passive_mealworms,true,false,false,wh3_dlc25_unit_passive_mealworms,data/unit_stats/abilities/source_exports/db/special_ability_to_special_ability_phase_junctions_tables/data__.tsv,1123,9.0.1
1,wh3_dlc25_unit_passive_rampaging_behemoth,true,false,false,wh3_dlc25_unit_passive_rampaging_behemoth,data/unit_stats/abilities/source_exports/db/special_ability_to_special_ability_phase_junctions_tables/data__.tsv,1124,9.0.1
1,wh3_dlc25_unit_passive_rear_guardian,false,true,false,wh3_dlc25_unit_passive_rear_guardian,data/unit_stats/abilities/source_exports/db/special_ability_to_special_ability_phase_junctions_tables/data__.tsv,1125,9.0.1
1,wh3_dlc25_unit_passive_spearports,true,false,false,wh3_dlc25_unit_passive_spearports,data/unit_stats/abilities/source_exports/db/special_ability_to_special_ability_phase_junctions_tables/data__.tsv,1126,9.0.1
1,wh3_dlc25_unit_passive_tears_of_nurgle,false,false,true,wh3_dlc25_unit_passive_tears_of_nurgle,data/unit_stats/abilities/source_exports/db/special_ability_to_special_ability_phase_junctions_tables/data__.tsv,1127,9.0.1
1,wh3_dlc25_unit_passive_the_blessing_of_the_father,true,false,false,wh3_dlc25_unit_passive_the_blessing_of_the_father,data/unit_stats/abilities/source_exports/db/special_ability_to_special_ability_phase_junctions_tables/data__.tsv,1128,9.0.1
1,wh3_dlc25_unit_passive_unbinding_gyrocopters,true,false,false,wh3_dlc25_unit_passive_unbinding_gyrocopter,data/unit_stats/abilities/source_exports/db/special_ability_to_special_ability_phase_junctions_tables/data__.tsv,1129,9.0.1
2,wh3_dlc25_unit_passive_unbinding_gyrocopters,true,false,false,wh_main_unit_passive_unbinding_weak,data/unit_stats/abilities/source_exports/db/special_ability_to_special_ability_phase_junctions_tables/data__.tsv,1130,9.0.1
3,wh3_dlc25_unit_passive_unbinding_gyrocopters,true,false,false,wh_main_unit_passive_unbinding_critical,data/unit_stats/abilities/source_exports/db/special_ability_to_special_ability_phase_junctions_tables/data__.tsv,1131,9.0.1
1,wh3_dlc25_unit_passive_unbinding_spirit_of_grungni,true,false,false,wh3_dlc25_unit_passive_unbinding_spirit_of_grungni,data/unit_stats/abilities/source_exports/db/special_ability_to_special_ability_phase_junctions_tables/data__.tsv,1132,9.0.1
2,wh3_dlc25_unit_passive_unbinding_spirit_of_grungni,true,false,false,wh3_dlc25_unit_passive_unbinding_spirit_of_grungni_disengage,data/unit_stats/abilities/source_exports/db/special_ability_to_special_ability_phase_junctions_tables/data__.tsv,1133,9.0.1
1,wh3_dlc25_unit_passive_unbinding_spirit_of_grungni_upgraded,true,false,false,wh3_dlc25_unit_passive_unbinding_spirit_of_grungni_upgraded,data/unit_stats/abilities/source_exports/db/special_ability_to_special_ability_phase_junctions_tables/data__.tsv,1134,9.0.1
2,wh3_dlc25_unit_passive_unbinding_spirit_of_grungni_upgraded,true,false,false,wh3_dlc25_unit_passive_unbinding_spirit_of_grungni_disengage,data/unit_stats/abilities/source_exports/db/special_ability_to_special_ability_phase_junctions_tables/data__.tsv,1135,9.0.1
1,wh3_dlc25_unit_passive_unbinding_spirit_of_grungni_upgraded_2,true,false,false,wh3_dlc25_unit_passive_unbinding_spirit_of_grungni_upgraded_2,data/unit_stats/abilities/source_exports/db/special_ability_to_special_ability_phase_junctions_tables/data__.tsv,1136,9.0.1
2,wh3_dlc25_unit_passive_unbinding_spirit_of_grungni_upgraded_2,true,false,false,wh3_dlc25_unit_passive_unbinding_spirit_of_grungni_disengage,data/unit_stats/abilities/source_exports/db/special_ability_to_special_ability_phase_junctions_tables/data__.tsv,1137,9.0.1
1,wh3_dlc25_unit_passive_wards_of_grimnir,true,false,false,wh3_dlc25_unit_passive_wards_of_grimnir,data/unit_stats/abilities/source_exports/db/special_ability_to_special_ability_phase_junctions_tables/data__.tsv,1138,9.0.1
1,wh3_dlc25_unit_passive_weapons_of_malice,true,false,false,wh3_dlc25_unit_passive_weapons_of_malice,data/unit_stats/abilities/source_exports/db/special_ability_to_special_ability_phase_junctions_tables/data__.tsv,1139,9.0.1
1,wh3_dlc25_weapon_abilities_axes_of_kadrin,true,false,false,wh3_dlc25_weapon_abilities_axes_of_kadrin,data/unit_stats/abilities/source_exports/db/special_ability_to_special_ability_phase_junctions_tables/data__.tsv,1140,9.0.1
1,wh3_dlc25_weapon_abilities_liarsbane,true,false,false,wh3_dlc25_weapon_abilities_liarsbane,data/unit_stats/abilities/source_exports/db/special_ability_to_special_ability_phase_junctions_tables/data__.tsv,1141,9.0.1
1,wh3_dlc25_weapon_abilities_makaissons_persuader,false,true,false,wh3_dlc25_weapon_abilities_makaissons_persuader,data/unit_stats/abilities/source_exports/db/special_ability_to_special_ability_phase_junctions_tables/data__.tsv,1142,9.0.1
1,wh3_dlc25_weapon_abilities_sword_of_filth,false,false,true,wh3_dlc25_weapon_abilities_sword_of_filth,data/unit_stats/abilities/source_exports/db/special_ability_to_special_ability_phase_junctions_tables/data__.tsv,1143,9.0.1
1,wh3_dlc25_weapon_abilities_the_black_cleaver,true,true,false,wh3_dlc25_weapon_abilities_the_black_cleaver,data/unit_stats/abilities/source_exports/db/special_ability_to_special_ability_phase_junctions_tables/data__.tsv,1144,9.0.1
1,wh3_dlc25_weapon_abilities_the_father_of_blades,false,false,true,wh3_dlc23_character_abilities_sword_dance_enemy,data/unit_stats/abilities/source_exports/db/special_ability_to_special_ability_phase_junctions_tables/data__.tsv,1145,9.0.1
1,wh3_dlc25_weapon_abilities_the_father_of_blades,true,false,false,wh3_dlc25_weapon_abilities_the_father_of_blades_self,data/unit_stats/abilities/source_exports/db/special_ability_to_special_ability_phase_junctions_tables/data__.tsv,1146,9.0.1
1,wh3_dlc25_weapon_passive_the_pale_scythe,true,false,false,wh3_dlc25_weapon_passive_the_pale_scythe,data/unit_stats/abilities/source_exports/db/special_ability_to_special_ability_phase_junctions_tables/data__.tsv,1147,9.0.1
1,wh3_dlc26_army_abilities_blood_gods_shackles,false,false,true,wh3_dlc26_army_abilities_blood_gods_shackles,data/unit_stats/abilities/source_exports/db/special_ability_to_special_ability_phase_junctions_tables/data__.tsv,1148,9.0.1
1,wh3_dlc26_army_abilities_blood_gods_shackles_upgraded,false,false,true,wh3_dlc26_army_abilities_blood_gods_shackles_upgraded,data/unit_stats/abilities/source_exports/db/special_ability_to_special_ability_phase_junctions_tables/data__.tsv,1149,9.0.1
1,wh3_dlc26_army_abilities_gorbads_big_waaagh,false,true,false,wh3_dlc26_army_abilities_gorbads_big_waaagh,data/unit_stats/abilities/source_exports/db/special_ability_to_special_ability_phase_junctions_tables/data__.tsv,1150,9.0.1
1,wh3_dlc26_army_abilities_gorbads_waaagh,false,true,false,wh3_dlc26_army_abilities_gorbads_waaagh,data/unit_stats/abilities/source_exports/db/special_ability_to_special_ability_phase_junctions_tables/data__.tsv,1151,9.0.1
1,wh3_dlc26_character_abilities_bloody_onslaught,false,false,true,wh3_dlc26_character_abilities_bloody_onslaught,data/unit_stats/abilities/source_exports/db/special_ability_to_special_ability_phase_junctions_tables/data__.tsv,1152,9.0.1
1,wh3_dlc26_character_abilities_cash_cascade,true,true,false,wh3_dlc26_character_abilities_cash_cascade,data/unit_stats/abilities/source_exports/db/special_ability_to_special_ability_phase_junctions_tables/data__.tsv,1153,9.0.1
1,wh3_dlc26_character_abilities_crimson_juggernaut,true,false,false,wh3_dlc26_character_abilities_crimson_juggernaut,data/unit_stats/abilities/source_exports/db/special_ability_to_special_ability_phase_junctions_tables/data__.tsv,1154,9.0.1
1,wh3_dlc26_character_abilities_da_boss_as_a_plan,false,true,false,wh3_dlc26_character_abilities_da_boss_as_a_plan,data/unit_stats/abilities/source_exports/db/special_ability_to_special_ability_phase_junctions_tables/data__.tsv,1155,9.0.1
1,wh3_dlc26_character_abilities_dinner_bell,true,false,false,wh3_dlc26_hero_abilities_dinner_bell,data/unit_stats/abilities/source_exports/db/special_ability_to_special_ability_phase_junctions_tables/data__.tsv,1156,9.0.1
1,wh3_dlc26_character_abilities_empowering_shrooms,false,true,false,wh3_dlc26_character_abilities_empowering_shrooms,data/unit_stats/abilities/source_exports/db/special_ability_to_special_ability_phase_junctions_tables/data__.tsv,1157,9.0.1
1,wh3_dlc26_character_abilities_headhunt,false,false,true,wh3_dlc26_character_abilities_headhunt,data/unit_stats/abilities/source_exports/db/special_ability_to_special_ability_phase_junctions_tables/data__.tsv,1158,9.0.1
1,wh3_dlc26_character_abilities_inevitable_horror,false,false,true,wh3_dlc26_character_abilities_inevitable_horror,data/unit_stats/abilities/source_exports/db/special_ability_to_special_ability_phase_junctions_tables/data__.tsv,1159,9.0.1
1,wh3_dlc26_character_abilities_mumbo_jumbo_chant,false,true,false,wh3_dlc26_character_abilities_mumbo_jumbo_chant_allies,data/unit_stats/abilities/source_exports/db/special_ability_to_special_ability_phase_junctions_tables/data__.tsv,1160,9.0.1
1,wh3_dlc26_character_abilities_mumbo_jumbo_chant,true,false,false,wh3_dlc26_character_abilities_mumbo_jumbo_chant_self,data/unit_stats/abilities/source_exports/db/special_ability_to_special_ability_phase_junctions_tables/data__.tsv,1161,9.0.1
3,wh3_dlc26_character_abilities_orcs_are_da_best,false,true,false,wh3_dlc26_character_abilities_orcs_are_da_best,data/unit_stats/abilities/source_exports/db/special_ability_to_special_ability_phase_junctions_tables/data__.tsv,1162,9.0.1
1,wh3_dlc26_character_abilities_puncture,true,false,false,wh3_dlc26_character_abilities_puncture,data/unit_stats/abilities/source_exports/db/special_ability_to_special_ability_phase_junctions_tables/data__.tsv,1163,9.0.1
1,wh3_dlc26_character_abilities_spider_web_attack,false,false,true,wh3_dlc26_character_abilities_spider_web_attack,data/unit_stats/abilities/source_exports/db/special_ability_to_special_ability_phase_junctions_tables/data__.tsv,1164,9.0.1
1,wh3_dlc26_character_abilities_were_you_goin,false,true,false,wh3_dlc26_character_abilities_were_you_goin,data/unit_stats/abilities/source_exports/db/special_ability_to_special_ability_phase_junctions_tables/data__.tsv,1165,9.0.1
1,wh3_dlc26_character_passive_belly_stance,true,true,false,wh3_dlc26_character_passive_belly_stance,data/unit_stats/abilities/source_exports/db/special_ability_to_special_ability_phase_junctions_tables/data__.tsv,1166,9.0.1
1,wh3_dlc26_character_passive_blood_thirst,true,false,false,wh3_dlc26_character_passive_blood_thirst,data/unit_stats/abilities/source_exports/db/special_ability_to_special_ability_phase_junctions_tables/data__.tsv,1167,9.0.1
1,wh3_dlc26_character_passive_bloodborn,true,false,false,wh2_main_unit_passive_rebirth_buffer,data/unit_stats/abilities/source_exports/db/special_ability_to_special_ability_phase_junctions_tables/data__.tsv,1168,9.0.1
2,wh3_dlc26_character_passive_bloodborn,true,false,false,wh3_dlc26_character_passive_bloodborn,data/unit_stats/abilities/source_exports/db/special_ability_to_special_ability_phase_junctions_tables/data__.tsv,1169,9.0.1
1,wh3_dlc26_character_passive_cheerleaderz,true,false,false,wh3_dlc26_character_passive_cheerleaderz,data/unit_stats/abilities/source_exports/db/special_ability_to_special_ability_phase_junctions_tables/data__.tsv,1170,9.0.1
1,wh3_dlc26_character_passive_cloak_of_skulls,true,false,false,wh3_dlc26_character_passive_cloak_of_skulls,data/unit_stats/abilities/source_exports/db/special_ability_to_special_ability_phase_junctions_tables/data__.tsv,1171,9.0.1
1,wh3_dlc26_character_passive_cloak_of_skulls_ii,true,false,false,wh3_dlc26_character_passive_cloak_of_skulls_ii,data/unit_stats/abilities/source_exports/db/special_ability_to_special_ability_phase_junctions_tables/data__.tsv,1172,9.0.1
1,wh3_dlc26_character_passive_cloak_of_skulls_iii,true,false,false,wh3_dlc26_character_passive_cloak_of_skulls_iii,data/unit_stats/abilities/source_exports/db/special_ability_to_special_ability_phase_junctions_tables/data__.tsv,1173,9.0.1
1,wh3_dlc26_character_passive_da_great_leader,false,true,false,wh3_dlc26_character_passive_da_great_leader,data/unit_stats/abilities/source_exports/db/special_ability_to_special_ability_phase_junctions_tables/data__.tsv,1174,9.0.1
1,wh3_dlc26_character_passive_da_master_planner,false,true,false,wh3_dlc26_character_passive_da_master_planner,data/unit_stats/abilities/source_exports/db/special_ability_to_special_ability_phase_junctions_tables/data__.tsv,1175,9.0.1
1,wh3_dlc26_character_passive_dreaded_aura,false,false,true,wh3_dlc26_character_passive_dreaded_aura,data/unit_stats/abilities/source_exports/db/special_ability_to_special_ability_phase_junctions_tables/data__.tsv,1176,9.0.1
1,wh3_dlc26_character_passive_forboding_executioner,false,false,true,wh3_dlc26_character_passive_forboding_executioner,data/unit_stats/abilities/source_exports/db/special_ability_to_special_ability_phase_junctions_tables/data__.tsv,1177,9.0.1
1,wh3_dlc26_character_passive_forboding_executioner_upgraded,false,false,true,wh3_dlc26_character_passive_forboding_executioner,data/unit_stats/abilities/source_exports/db/special_ability_to_special_ability_phase_junctions_tables/data__.tsv,1178,9.0.1
1,wh3_dlc26_character_passive_goin_commando,true,false,false,wh3_dlc26_character_passive_goin_commando,data/unit_stats/abilities/source_exports/db/special_ability_to_special_ability_phase_junctions_tables/data__.tsv,1179,9.0.1
1,wh3_dlc26_character_passive_gold_glorious_gold,true,true,false,wh3_dlc26_character_passive_gold_glorious_gold,data/unit_stats/abilities/source_exports/db/special_ability_to_special_ability_phase_junctions_tables/data__.tsv,1180,9.0.1
1,wh3_dlc26_character_passive_lead_da_charge,false,true,false,wh3_dlc26_character_passive_lead_da_charge,data/unit_stats/abilities/source_exports/db/special_ability_to_special_ability_phase_junctions_tables/data__.tsv,1181,9.0.1
1,wh3_dlc26_character_passive_shot_in_the_dark,false,true,false,wh3_dlc26_character_passive_shot_in_the_dark,data/unit_stats/abilities/source_exports/db/special_ability_to_special_ability_phase_junctions_tables/data__.tsv,1182,9.0.1
1,wh3_dlc26_character_passive_skaramors_butchers,true,true,false,wh3_dlc26_character_passive_skaramors_butchers,data/unit_stats/abilities/source_exports/db/special_ability_to_special_ability_phase_junctions_tables/data__.tsv,1183,9.0.1
1,wh3_dlc26_character_passive_warpaint,true,true,false,wh3_dlc26_character_passive_warpaint,data/unit_stats/abilities/source_exports/db/special_ability_to_special_ability_phase_junctions_tables/data__.tsv,1184,9.0.1
1,wh3_dlc26_item_abilities_bugmans_xxxxxx,true,false,false,wh3_dlc26_item_abilities_bugmans_xxxxxx,data/unit_stats/abilities/source_exports/db/special_ability_to_special_ability_phase_junctions_tables/data__.tsv,1185,9.0.1
1,wh3_dlc26_item_passive_brass_collar_of_khorne,true,false,false,wh3_dlc26_item_passive_brass_collar_of_khorne,data/unit_stats/abilities/source_exports/db/special_ability_to_special_ability_phase_junctions_tables/data__.tsv,1186,9.0.1
1,wh3_dlc26_lord_abilities_blood_sacrifice,false,true,false,wh3_dlc26_lord_abilities_blood_sacrifice_ally,data/unit_stats/abilities/source_exports/db/special_ability_to_special_ability_phase_junctions_tables/data__.tsv,1187,9.0.1
1,wh3_dlc26_lord_abilities_blood_sacrifice,true,false,false,wh3_dlc26_lord_abilities_blood_sacrifice_self,data/unit_stats/abilities/source_exports/db/special_ability_to_special_ability_phase_junctions_tables/data__.tsv,1188,9.0.1
1,wh3_dlc26_lord_abilities_eye_of_khorne,false,false,true,wh3_dlc26_lord_abilities_eye_of_khorne,data/unit_stats/abilities/source_exports/db/special_ability_to_special_ability_phase_junctions_tables/data__.tsv,1189,9.0.1
1,wh3_dlc26_lord_abilities_feasting_frenzy,false,true,false,wh3_dlc26_lord_abilities_feasting_frenzy,data/unit_stats/abilities/source_exports/db/special_ability_to_special_ability_phase_junctions_tables/data__.tsv,1190,9.0.1
1,wh3_dlc26_lord_abilities_gaze_of_khorne,true,false,false,wh3_dlc26_lord_abilities_gaze_of_khorne,data/unit_stats/abilities/source_exports/db/special_ability_to_special_ability_phase_junctions_tables/data__.tsv,1191,9.0.1
1,wh3_dlc26_lord_abilities_murderous_exhortations,false,false,true,wh3_dlc26_lord_abilities_murderous_exhortations,data/unit_stats/abilities/source_exports/db/special_ability_to_special_ability_phase_junctions_tables/data__.tsv,1192,9.0.1
1,wh3_dlc26_lord_abilities_pilgrimage_of_skulls,true,true,false,wh3_dlc26_lord_abilities_pilgrimage_of_skulls,data/unit_stats/abilities/source_exports/db/special_ability_to_special_ability_phase_junctions_tables/data__.tsv,1193,9.0.1
1,wh3_dlc26_lord_abilities_wild_abandon,true,true,false,wh3_dlc26_lord_abilities_wild_abandon,data/unit_stats/abilities/source_exports/db/special_ability_to_special_ability_phase_junctions_tables/data__.tsv,1194,9.0.1
1,wh3_dlc26_lord_passive_battlefield_secrets,false,true,false,wh3_dlc26_lord_passive_battlefield_secrets,data/unit_stats/abilities/source_exports/db/special_ability_to_special_ability_phase_junctions_tables/data__.tsv,1195,9.0.1
1,wh3_dlc26_lord_passive_been_there_done_that,false,false,true,wh3_dlc26_lord_passive_been_there_done_that,data/unit_stats/abilities/source_exports/db/special_ability_to_special_ability_phase_junctions_tables/data__.tsv,1196,9.0.1
1,wh3_dlc26_lord_passive_bone_to_pot,true,true,false,wh3_dlc26_lord_passive_bone_to_pot,data/unit_stats/abilities/source_exports/db/special_ability_to_special_ability_phase_junctions_tables/data__.tsv,1197,9.0.1
1,wh3_dlc26_lord_passive_gruesome_display,false,false,true,wh3_dlc26_lord_passive_gruesome_display,data/unit_stats/abilities/source_exports/db/special_ability_to_special_ability_phase_junctions_tables/data__.tsv,1198,9.0.1
1,wh3_dlc26_lord_passive_thirst_for_challenge,true,false,false,wh3_dlc26_lord_passive_thirst_for_challenge,data/unit_stats/abilities/source_exports/db/special_ability_to_special_ability_phase_junctions_tables/data__.tsv,1199,9.0.1
1,wh3_dlc26_spell_bound_trollguts,true,true,false,wh3_main_spell_great_maw_trollguts,data/unit_stats/abilities/source_exports/db/special_ability_to_special_ability_phase_junctions_tables/data__.tsv,1200,9.0.1
1,wh3_dlc26_unit_abilities_acid_vomit,true,false,false,wh3_dlc26_unit_abilities_acid_vomit_audio,data/unit_stats/abilities/source_exports/db/special_ability_to_special_ability_phase_junctions_tables/data__.tsv,1201,9.0.1
1,wh3_dlc26_unit_abilities_blow_apart,true,false,false,wh3_dlc26_unit_abilities_blow_apart,data/unit_stats/abilities/source_exports/db/special_ability_to_special_ability_phase_junctions_tables/data__.tsv,1202,9.0.1
1,wh3_dlc26_unit_abilities_eat_da_runts,false,true,false,wh3_dlc26_unit_abilities_eat_da_runts_ally,data/unit_stats/abilities/source_exports/db/special_ability_to_special_ability_phase_junctions_tables/data__.tsv,1203,9.0.1
1,wh3_dlc26_unit_abilities_eat_da_runts,true,false,false,wh3_dlc26_unit_abilities_eat_da_runts_self,data/unit_stats/abilities/source_exports/db/special_ability_to_special_ability_phase_junctions_tables/data__.tsv,1204,9.0.1
1,wh3_dlc26_unit_abilities_force_of_total_destruction,true,false,false,wh3_dlc26_unit_abilities_force_of_total_destruction,data/unit_stats/abilities/source_exports/db/special_ability_to_special_ability_phase_junctions_tables/data__.tsv,1205,9.0.1
1,wh3_dlc26_unit_abilities_immovable_bulwark,true,false,false,wh3_dlc26_unit_abilities_immovable_bulwark,data/unit_stats/abilities/source_exports/db/special_ability_to_special_ability_phase_junctions_tables/data__.tsv,1206,9.0.1
1,wh3_dlc26_unit_abilities_maneater_smoke_bomb,true,false,false,wh3_dlc26_unit_abilities_maneater_smoke_bomb,data/unit_stats/abilities/source_exports/db/special_ability_to_special_ability_phase_junctions_tables/data__.tsv,1207,9.0.1
1,wh3_dlc26_unit_abilities_marked_for_eatin,false,false,true,wh3_dlc26_unit_abilities_marked_for_eatin,data/unit_stats/abilities/source_exports/db/special_ability_to_special_ability_phase_junctions_tables/data__.tsv,1208,9.0.1
1,wh3_dlc26_unit_abilities_murderous_prowess_in_melee,true,false,false,wh2_main_faction_abilities_murderous_mastery,data/unit_stats/abilities/source_exports/db/special_ability_to_special_ability_phase_junctions_tables/data__.tsv,1209,9.0.1
1,wh3_dlc26_unit_abilities_net_dem_up,false,false,true,wh3_dlc26_unit_abilities_net_dem_up,data/unit_stats/abilities/source_exports/db/special_ability_to_special_ability_phase_junctions_tables/data__.tsv,1210,9.0.1
1,wh3_dlc26_unit_abilities_splode_da_big_one,true,false,false,wh3_dlc26_unit_abilities_splode_da_big_one_buffer,data/unit_stats/abilities/source_exports/db/special_ability_to_special_ability_phase_junctions_tables/data__.tsv,1211,9.0.1
2,wh3_dlc26_unit_abilities_splode_da_big_one,true,false,false,wh3_dlc26_unit_abilities_splode_da_big_one_death,data/unit_stats/abilities/source_exports/db/special_ability_to_special_ability_phase_junctions_tables/data__.tsv,1212,9.0.1
1,wh3_dlc26_unit_abilities_unstoppable_choppas,true,false,false,wh3_dlc26_unit_abilities_unstoppable_choppas,data/unit_stats/abilities/source_exports/db/special_ability_to_special_ability_phase_junctions_tables/data__.tsv,1213,9.0.1
1,wh3_dlc26_unit_abilities_waaagh_in_combat,true,false,false,wh2_dlc15_army_abilities_waaagh,data/unit_stats/abilities/source_exports/db/special_ability_to_special_ability_phase_junctions_tables/data__.tsv,1214,9.0.1
1,wh3_dlc26_unit_passive_arrer_catchers,false,true,false,wh3_dlc26_unit_passive_arrer_catchers_allies,data/unit_stats/abilities/source_exports/db/special_ability_to_special_ability_phase_junctions_tables/data__.tsv,1215,9.0.1
1,wh3_dlc26_unit_passive_arrer_catchers,true,false,false,wh3_dlc26_unit_passive_arrer_catchers_self,data/unit_stats/abilities/source_exports/db/special_ability_to_special_ability_phase_junctions_tables/data__.tsv,1216,9.0.1
1,wh3_dlc26_unit_passive_aura_of_frost,false,false,true,wh3_dlc26_unit_passive_aura_of_frost,data/unit_stats/abilities/source_exports/db/special_ability_to_special_ability_phase_junctions_tables/data__.tsv,1217,9.0.1
1,wh3_dlc26_unit_passive_big_banner_boyz,true,false,false,wh3_dlc26_unit_passive_big_banner_boyz,data/unit_stats/abilities/source_exports/db/special_ability_to_special_ability_phase_junctions_tables/data__.tsv,1218,9.0.1
1,wh3_dlc26_unit_passive_blockerz,true,false,false,wh3_dlc26_unit_passive_blockerz,data/unit_stats/abilities/source_exports/db/special_ability_to_special_ability_phase_junctions_tables/data__.tsv,1219,9.0.1
1,wh3_dlc26_unit_passive_broodmothers,false,false,true,wh3_dlc26_unit_passive_broodmothers,data/unit_stats/abilities/source_exports/db/special_ability_to_special_ability_phase_junctions_tables/data__.tsv,1220,9.0.1
1,wh3_dlc26_unit_passive_carrion_frenzy,true,false,false,wh3_dlc26_unit_passive_carrion_frenzy,data/unit_stats/abilities/source_exports/db/special_ability_to_special_ability_phase_junctions_tables/data__.tsv,1221,9.0.1
1,wh3_dlc26_unit_passive_da_alpha_ammer,true,false,false,wh3_dlc26_unit_passive_da_alpha_ammer,data/unit_stats/abilities/source_exports/db/special_ability_to_special_ability_phase_junctions_tables/data__.tsv,1222,9.0.1
1,wh3_dlc26_unit_passive_earthquake,false,false,true,wh3_dlc26_unit_passive_earthquake,data/unit_stats/abilities/source_exports/db/special_ability_to_special_ability_phase_junctions_tables/data__.tsv,1223,9.0.1
1,wh3_dlc26_unit_passive_erd_mentality,true,false,false,wh3_dlc26_unit_passive_erd_mentality,data/unit_stats/abilities/source_exports/db/special_ability_to_special_ability_phase_junctions_tables/data__.tsv,1224,9.0.1
1,wh3_dlc26_unit_passive_fury_of_the_skullthrone,true,false,false,wh3_dlc26_unit_passive_fury_of_the_skullthrone,data/unit_stats/abilities/source_exports/db/special_ability_to_special_ability_phase_junctions_tables/data__.tsv,1225,9.0.1
1,wh3_dlc26_unit_passive_gorbads_boyz,true,false,false,wh3_dlc26_unit_passive_gorbads_boyz,data/unit_stats/abilities/source_exports/db/special_ability_to_special_ability_phase_junctions_tables/data__.tsv,1226,9.0.1
1,wh3_dlc26_unit_passive_gorgefeast,true,false,false,wh3_main_unit_passive_gorefeast,data/unit_stats/abilities/source_exports/db/special_ability_to_special_ability_phase_junctions_tables/data__.tsv,1227,9.0.1
1,wh3_dlc26_unit_passive_grey_supremacy,true,false,false,wh3_dlc26_unit_passive_grey_supremacy,data/unit_stats/abilities/source_exports/db/special_ability_to_special_ability_phase_junctions_tables/data__.tsv,1228,9.0.1
1,wh3_dlc26_unit_passive_hellraiser,true,false,false,wh3_dlc26_unit_passive_hellraiser,data/unit_stats/abilities/source_exports/db/special_ability_to_special_ability_phase_junctions_tables/data__.tsv,1229,9.0.1
1,wh3_dlc26_unit_passive_keep_bossin,true,false,false,wh3_dlc26_unit_passive_keep_bossin,data/unit_stats/abilities/source_exports/db/special_ability_to_special_ability_phase_junctions_tables/data__.tsv,1230,9.0.1
1,wh3_dlc26_unit_passive_keep_em_ungry,true,false,false,wh3_dlc26_unit_passive_keep_em_ungry,data/unit_stats/abilities/source_exports/db/special_ability_to_special_ability_phase_junctions_tables/data__.tsv,1231,9.0.1
1,wh3_dlc26_unit_passive_load_yerself,false,true,false,wh3_dlc26_unit_passive_load_yerself,data/unit_stats/abilities/source_exports/db/special_ability_to_special_ability_phase_junctions_tables/data__.tsv,1232,9.0.1
1,wh3_dlc26_unit_passive_overwhelming_odour_upgraded,false,false,true,wh3_dlc26_unit_passive_overwhelming_odour_upgrading,data/unit_stats/abilities/source_exports/db/special_ability_to_special_ability_phase_junctions_tables/data__.tsv,1233,9.0.1
1,wh3_dlc26_unit_passive_piggy_back_joust,true,false,false,wh3_dlc26_unit_passive_piggy_back_joust,data/unit_stats/abilities/source_exports/db/special_ability_to_special_ability_phase_junctions_tables/data__.tsv,1234,9.0.1
1,wh3_dlc26_unit_passive_runes_of_binding,true,false,false,wh3_dlc26_unit_passive_runes_of_binding,data/unit_stats/abilities/source_exports/db/special_ability_to_special_ability_phase_junctions_tables/data__.tsv,1235,9.0.1
1,wh3_dlc26_unit_passive_shoot_da_runts,true,false,false,wh3_dlc26_unit_passive_shoot_da_runts,data/unit_stats/abilities/source_exports/db/special_ability_to_special_ability_phase_junctions_tables/data__.tsv,1236,9.0.1
1,wh3_dlc26_unit_passive_smasherz,true,false,false,wh3_dlc26_unit_passive_smasherz,data/unit_stats/abilities/source_exports/db/special_ability_to_special_ability_phase_junctions_tables/data__.tsv,1237,9.0.1
1,wh3_dlc26_unit_passive_stick_em_like_pigs,true,false,false,wh3_dlc26_unit_passive_stick_em_like_pigs,data/unit_stats/abilities/source_exports/db/special_ability_to_special_ability_phase_junctions_tables/data__.tsv,1238,9.0.1
1,wh3_dlc26_unit_passive_surprise_savagery,true,false,false,wh3_dlc26_unit_passive_surprise_savagery,data/unit_stats/abilities/source_exports/db/special_ability_to_special_ability_phase_junctions_tables/data__.tsv,1239,9.0.1
1,wh3_dlc26_unit_passive_unbinding_squig_herd,true,false,false,wh3_dlc26_unit_passive_unbinding_squig_herd,data/unit_stats/abilities/source_exports/db/special_ability_to_special_ability_phase_junctions_tables/data__.tsv,1240,9.0.1
2,wh3_dlc26_unit_passive_unbinding_squig_herd,true,false,false,wh_main_unit_passive_unbinding_weak,data/unit_stats/abilities/source_exports/db/special_ability_to_special_ability_phase_junctions_tables/data__.tsv,1241,9.0.1
3,wh3_dlc26_unit_passive_unbinding_squig_herd,true,false,false,wh_main_unit_passive_unbinding_critical,data/unit_stats/abilities/source_exports/db/special_ability_to_special_ability_phase_junctions_tables/data__.tsv,1242,9.0.1
1,wh3_dlc26_unit_passive_uncanny_coordination,true,false,false,wh3_dlc26_unit_passive_uncanny_coordination,data/unit_stats/abilities/source_exports/db/special_ability_to_special_ability_phase_junctions_tables/data__.tsv,1243,9.0.1
1,wh3_dlc26_unit_passive_webweavin,false,false,true,wh3_dlc26_unit_passive_webweavin,data/unit_stats/abilities/source_exports/db/special_ability_to_special_ability_phase_junctions_tables/data__.tsv,1244,9.0.1
1,wh3_dlc26_weapon_abilities_bloodstorm_blades,true,false,false,wh3_dlc26_weapon_abilities_bloodstorm_blades,data/unit_stats/abilities/source_exports/db/special_ability_to_special_ability_phase_junctions_tables/data__.tsv,1245,9.0.1
1,wh3_dlc26_weapon_abilities_fangspike,true,false,false,wh3_dlc26_weapon_abilities_fangspike,data/unit_stats/abilities/source_exports/db/special_ability_to_special_ability_phase_junctions_tables/data__.tsv,1246,9.0.1
1,wh3_dlc26_weapon_abilities_great_gutgouger,true,false,false,wh3_dlc26_weapon_abilities_great_gutgouger,data/unit_stats/abilities/source_exports/db/special_ability_to_special_ability_phase_junctions_tables/data__.tsv,1247,9.0.1
1,wh3_dlc26_weapon_abilities_morglor_the_mangler,true,false,false,wh3_dlc26_weapon_abilities_morglor_the_mangler,data/unit_stats/abilities/source_exports/db/special_ability_to_special_ability_phase_junctions_tables/data__.tsv,1248,9.0.1
1,wh3_dlc26_weapon_abilities_the_slayer_sword,true,false,false,wh3_dlc26_weapon_abilities_the_slayer_sword,data/unit_stats/abilities/source_exports/db/special_ability_to_special_ability_phase_junctions_tables/data__.tsv,1249,9.0.1
1,wh3_dlc26_weapon_passive_destroyer_of_khorne,true,false,false,wh3_dlc26_weapon_passive_destroyer_of_khorne,data/unit_stats/abilities/source_exports/db/special_ability_to_special_ability_phase_junctions_tables/data__.tsv,1250,9.0.1
1,wh3_dlc27_anc_dechala_gift_adoration,false,true,false,wh3_dlc27_anc_dechala_gift_adoration,data/unit_stats/abilities/source_exports/db/special_ability_to_special_ability_phase_junctions_tables/data__.tsv,1251,9.0.1
1,wh3_dlc27_anc_dechala_gift_death,false,false,true,wh3_dlc27_anc_dechala_gift_death,data/unit_stats/abilities/source_exports/db/special_ability_to_special_ability_phase_junctions_tables/data__.tsv,1252,9.0.1
1,wh3_dlc27_army_abilities_eternal_dance_tempo_3_denial_of_death,true,true,false,wh3_dlc27_army_abilities_eternal_dance_tempo_3_denial_of_death,data/unit_stats/abilities/source_exports/db/special_ability_to_special_ability_phase_junctions_tables/data__.tsv,1253,9.0.1
1,wh3_dlc27_army_abilities_eternal_dance_tempo_3_fate_of_desperation,false,false,true,wh3_dlc27_army_abilities_eternal_dance_tempo_3_fate_of_desperation,data/unit_stats/abilities/source_exports/db/special_ability_to_special_ability_phase_junctions_tables/data__.tsv,1254,9.0.1
1,wh3_dlc27_army_abilities_eternal_dance_tempo_3_insidious_allure,false,false,true,wh3_dlc27_army_abilities_eternal_dance_tempo_3_insidious_allure,data/unit_stats/abilities/source_exports/db/special_ability_to_special_ability_phase_junctions_tables/data__.tsv,1255,9.0.1
1,wh3_dlc27_army_abilities_eternal_dance_tempo_3_jesters_laughter,false,false,true,wh3_dlc27_army_abilities_eternal_dance_tempo_3_jesters_laughter,data/unit_stats/abilities/source_exports/db/special_ability_to_special_ability_phase_junctions_tables/data__.tsv,1256,9.0.1
1,wh3_dlc27_army_abilities_eternal_dance_tempo_3_nectar_of_the_daemonette,true,true,false,wh3_dlc27_army_abilities_eternal_dance_tempo_3_nectar_of_the_daemonette,data/unit_stats/abilities/source_exports/db/special_ability_to_special_ability_phase_junctions_tables/data__.tsv,1257,9.0.1
1,wh3_dlc27_army_abilities_eternal_dance_tempo_3_needful_caress,true,true,false,wh3_dlc27_army_abilities_eternal_dance_tempo_3_needful_caress,data/unit_stats/abilities/source_exports/db/special_ability_to_special_ability_phase_junctions_tables/data__.tsv,1258,9.0.1
1,wh3_dlc27_army_abilities_eternal_dance_tempo_3_path_of_indulgence,true,true,false,wh3_dlc27_army_abilities_eternal_dance_tempo_3_path_of_indulgence,data/unit_stats/abilities/source_exports/db/special_ability_to_special_ability_phase_junctions_tables/data__.tsv,1259,9.0.1
1,wh3_dlc27_army_abilities_eternal_dance_tempo_3_poisonous_aroma,false,false,true,wh3_dlc27_army_abilities_eternal_dance_tempo_3_poisonous_aroma,data/unit_stats/abilities/source_exports/db/special_ability_to_special_ability_phase_junctions_tables/data__.tsv,1260,9.0.1
1,wh3_dlc27_army_abilities_eternal_dance_tempo_3_revelry_and_madness,true,true,false,wh3_dlc27_army_abilities_eternal_dance_tempo_3_revelry_and_madness,data/unit_stats/abilities/source_exports/db/special_ability_to_special_ability_phase_junctions_tables/data__.tsv,1261,9.0.1
1,wh3_dlc27_army_abilities_eternal_dance_tempo_3_streams_of_euphoria,true,true,false,wh3_dlc27_army_abilities_eternal_dance_tempo_3_streams_of_euphoria,data/unit_stats/abilities/source_exports/db/special_ability_to_special_ability_phase_junctions_tables/data__.tsv,1262,9.0.1
1,wh3_dlc27_army_abilities_eternal_dance_tempo_3_submission_to_the_prince,false,false,true,wh3_dlc27_army_abilities_eternal_dance_tempo_3_submission_to_the_prince,data/unit_stats/abilities/source_exports/db/special_ability_to_special_ability_phase_junctions_tables/data__.tsv,1263,9.0.1
1,wh3_dlc27_army_abilities_ships_of_the_line,false,true,false,wh3_dlc27_army_abilities_ships_of_the_line,data/unit_stats/abilities/source_exports/db/special_ability_to_special_ability_phase_junctions_tables/data__.tsv,1264,9.0.1
1,wh3_dlc27_army_abilities_war_supplies,false,true,false,wh3_dlc27_army_abilities_war_supplies,data/unit_stats/abilities/source_exports/db/special_ability_to_special_ability_phase_junctions_tables/data__.tsv,1265,9.0.1
1,wh3_dlc27_army_high_magic_apotheosis,true,true,false,wh2_main_spell_high_magic_apotheosis,data/unit_stats/abilities/source_exports/db/special_ability_to_special_ability_phase_junctions_tables/data__.tsv,1266,9.0.1
1,wh3_dlc27_army_high_magic_hand_of_glory,true,true,false,wh2_main_spell_high_magic_hand_of_glory_upgraded,data/unit_stats/abilities/source_exports/db/special_ability_to_special_ability_phase_junctions_tables/data__.tsv,1267,9.0.1
1,wh3_dlc27_army_high_magic_tempest,false,false,true,wh2_main_spell_high_magic_tempest_upgraded,data/unit_stats/abilities/source_exports/db/special_ability_to_special_ability_phase_junctions_tables/data__.tsv,1268,9.0.1
1,wh3_dlc27_army_passive_eternal_dance_tempo_3_consuming_waltz,true,false,false,wh3_dlc27_army_passive_eternal_dance_tempo_3_consuming_waltz_self,data/unit_stats/abilities/source_exports/db/special_ability_to_special_ability_phase_junctions_tables/data__.tsv,1269,9.0.1
2,wh3_dlc27_army_passive_eternal_dance_tempo_3_consuming_waltz,false,false,true,wh3_dlc27_army_passive_eternal_dance_tempo_3_consuming_waltz_enemies,data/unit_stats/abilities/source_exports/db/special_ability_to_special_ability_phase_junctions_tables/data__.tsv,1270,9.0.1
1,wh3_dlc27_army_passive_eternal_dance_tempo_3_footsteps_of_sorrow,false,false,true,wh3_dlc27_army_passive_eternal_dance_tempo_3_footsteps_of_sorrow,data/unit_stats/abilities/source_exports/db/special_ability_to_special_ability_phase_junctions_tables/data__.tsv,1271,9.0.1
1,wh3_dlc27_army_passive_eternal_dance_tempo_3_masters_ascendancy,true,false,false,wh3_dlc27_army_passive_eternal_dance_tempo_3_masters_ascendancy,data/unit_stats/abilities/source_exports/db/special_ability_to_special_ability_phase_junctions_tables/data__.tsv,1272,9.0.1
1,wh3_dlc27_cataclysm_bound_ashes_and_dust,false,false,true,wh3_main_cataclysm_death_ashes_and_dust_01,data/unit_stats/abilities/source_exports/db/special_ability_to_special_ability_phase_junctions_tables/data__.tsv,1273,9.0.1
2,wh3_dlc27_cataclysm_bound_ashes_and_dust,false,false,true,wh3_main_cataclysm_death_ashes_and_dust_02,data/unit_stats/abilities/source_exports/db/special_ability_to_special_ability_phase_junctions_tables/data__.tsv,1274,9.0.1
1,wh3_dlc27_cataclysm_bound_dance_of_despair,false,false,true,wh3_main_cataclysm_shadow_dance_of_despair,data/unit_stats/abilities/source_exports/db/special_ability_to_special_ability_phase_junctions_tables/data__.tsv,1275,9.0.1
1,wh3_dlc27_cataclysm_bound_merciws_monstrous_regiment,false,true,false,wh3_main_cataclysm_beasts_merciws_monstrous_regiment,data/unit_stats/abilities/source_exports/db/special_ability_to_special_ability_phase_junctions_tables/data__.tsv,1276,9.0.1
1,wh3_dlc27_cataclysm_bound_storm_of_renewal,false,true,false,wh3_main_cataclysm_life_storm_of_renewal,data/unit_stats/abilities/source_exports/db/special_ability_to_special_ability_phase_junctions_tables/data__.tsv,1277,9.0.1
1,wh3_dlc27_cataclysm_bound_time_amok,false,false,true,wh3_main_cataclysm_light_time_amok_enemy,data/unit_stats/abilities/source_exports/db/special_ability_to_special_ability_phase_junctions_tables/data__.tsv,1278,9.0.1
1,wh3_dlc27_cataclysm_bound_time_amok,false,true,false,wh3_main_cataclysm_light_time_amok,data/unit_stats/abilities/source_exports/db/special_ability_to_special_ability_phase_junctions_tables/data__.tsv,1279,9.0.1
1,wh3_dlc27_character_abilities_captain_of_the_phoenix_guard,false,true,false,wh3_dlc27_character_abilities_captain_of_the_phoenix_guard,data/unit_stats/abilities/source_exports/db/special_ability_to_special_ability_phase_junctions_tables/data__.tsv,1280,9.0.1
1,wh3_dlc27_character_abilities_envelop_in_mist_bound,false,true,false,wh3_dlc27_character_abilities_envelop_in_mist_bound,data/unit_stats/abilities/source_exports/db/special_ability_to_special_ability_phase_junctions_tables/data__.tsv,1281,9.0.1
1,wh3_dlc27_character_abilities_iron_hand_captain,false,true,false,wh3_dlc27_character_abilities_iron_hand_captain,data/unit_stats/abilities/source_exports/db/special_ability_to_special_ability_phase_junctions_tables/data__.tsv,1282,9.0.1
1,wh3_dlc27_character_abilities_master_of_mists,true,true,false,wh3_dlc27_character_abilities_master_of_mists,data/unit_stats/abilities/source_exports/db/special_ability_to_special_ability_phase_junctions_tables/data__.tsv,1283,9.0.1
1,wh3_dlc27_character_abilities_master_of_mists_custom,true,true,false,wh3_dlc27_character_abilities_master_of_mists_custom,data/unit_stats/abilities/source_exports/db/special_ability_to_special_ability_phase_junctions_tables/data__.tsv,1284,9.0.1
1,wh3_dlc27_character_abilities_murderous_mastery,true,false,false,wh3_dlc27_character_abilities_murderous_mastery,data/unit_stats/abilities/source_exports/db/special_ability_to_special_ability_phase_junctions_tables/data__.tsv,1285,9.0.1
1,wh3_dlc27_character_abilities_slezuzus_voice,false,true,false,wh3_dlc27_character_abilities_slezuzus_voice,data/unit_stats/abilities/source_exports/db/special_ability_to_special_ability_phase_junctions_tables/data__.tsv,1286,9.0.1
1,wh3_dlc27_character_abilities_the_black_tongue,false,false,true,wh3_dlc27_character_abilities_the_black_tongue,data/unit_stats/abilities/source_exports/db/special_ability_to_special_ability_phase_junctions_tables/data__.tsv,1287,9.0.1
1,wh3_dlc27_character_passive_backstabbing_sorcery,false,false,true,wh3_dlc27_character_passive_backstabbing_sorcery,data/unit_stats/abilities/source_exports/db/special_ability_to_special_ability_phase_junctions_tables/data__.tsv,1288,9.0.1
1,wh3_dlc27_character_passive_banner_of_depravity,false,false,true,wh3_dlc27_character_passive_banner_of_depravity_enemy,data/unit_stats/abilities/source_exports/db/special_ability_to_special_ability_phase_junctions_tables/data__.tsv,1289,9.0.1
1,wh3_dlc27_character_passive_banner_of_depravity,false,true,false,wh3_dlc27_character_passive_banner_of_depravity_ally,data/unit_stats/abilities/source_exports/db/special_ability_to_special_ability_phase_junctions_tables/data__.tsv,1290,9.0.1
1,wh3_dlc27_character_passive_chaos_conduit,true,false,false,wh3_dlc27_character_passive_chaos_familiar,data/unit_stats/abilities/source_exports/db/special_ability_to_special_ability_phase_junctions_tables/data__.tsv,1291,9.0.1
1,wh3_dlc27_character_passive_dangerous_practice,true,false,false,wh3_dlc27_character_passive_dangerous_practice,data/unit_stats/abilities/source_exports/db/special_ability_to_special_ability_phase_junctions_tables/data__.tsv,1292,9.0.1
1,wh3_dlc27_character_passive_glorious_slaughter,true,false,false,wh3_dlc27_character_passive_glorious_slaughter,data/unit_stats/abilities/source_exports/db/special_ability_to_special_ability_phase_junctions_tables/data__.tsv,1293,9.0.1
1,wh3_dlc27_character_passive_hounds_gaze,true,true,false,wh3_dlc27_character_passive_hounds_gaze,data/unit_stats/abilities/source_exports/db/special_ability_to_special_ability_phase_junctions_tables/data__.tsv,1294,9.0.1
1,wh3_dlc27_character_passive_infernal_puppet,false,false,true,wh3_dlc27_character_passive_infernal_puppet,data/unit_stats/abilities/source_exports/db/special_ability_to_special_ability_phase_junctions_tables/data__.tsv,1295,9.0.1
1,wh3_dlc27_character_passive_mark_of_asuryan,false,false,true,wh3_dlc27_character_passive_mark_of_asuryan,data/unit_stats/abilities/source_exports/db/special_ability_to_special_ability_phase_junctions_tables/data__.tsv,1296,9.0.1
1,wh3_dlc27_character_passive_supernatural_mist,true,true,false,wh3_dlc27_character_passive_supernatural_mist,data/unit_stats/abilities/source_exports/db/special_ability_to_special_ability_phase_junctions_tables/data__.tsv,1297,9.0.1
1,wh3_dlc27_character_passive_thrill_of_battle,true,false,false,wh3_dlc27_character_passive_thrill_of_battle,data/unit_stats/abilities/source_exports/db/special_ability_to_special_ability_phase_junctions_tables/data__.tsv,1298,9.0.1
1,wh3_dlc27_character_passive_war_cry,true,true,false,wh3_dlc27_character_passive_war_cry,data/unit_stats/abilities/source_exports/db/special_ability_to_special_ability_phase_junctions_tables/data__.tsv,1299,9.0.1
1,wh3_dlc27_hero_abilities_favoured_by_the_matriarch,true,true,false,wh3_dlc27_hero_abilities_favoured_by_the_matriarch,data/unit_stats/abilities/source_exports/db/special_ability_to_special_ability_phase_junctions_tables/data__.tsv,1300,9.0.1
1,wh3_dlc27_hero_passive_disarm,false,false,true,wh3_dlc27_hero_passive_disarm,data/unit_stats/abilities/source_exports/db/special_ability_to_special_ability_phase_junctions_tables/data__.tsv,1301,9.0.1
1,wh3_dlc27_hero_passive_shrouding_mists,true,true,false,wh3_dlc27_hero_passive_shrouding_mists,data/unit_stats/abilities/source_exports/db/special_ability_to_special_ability_phase_junctions_tables/data__.tsv,1302,9.0.1
1,wh3_dlc27_item_abilities_bear_fang_talisman,true,false,false,wh3_dlc27_item_abilities_bear_fang_talisman,data/unit_stats/abilities/source_exports/db/special_ability_to_special_ability_phase_junctions_tables/data__.tsv,1303,9.0.1
1,wh3_dlc27_item_abilities_eagle_feather_torc,true,false,false,wh3_dlc27_weapon_abilities_eagle_feather_torc,data/unit_stats/abilities/source_exports/db/special_ability_to_special_ability_phase_junctions_tables/data__.tsv,1304,9.0.1
1,wh3_dlc27_item_abilities_elixir_of_damnation,true,false,false,wh3_dlc27_item_abilities_elixir_of_damnation,data/unit_stats/abilities/source_exports/db/special_ability_to_special_ability_phase_junctions_tables/data__.tsv,1305,9.0.1
1,wh3_dlc27_item_abilities_null_stone,false,true,true,wh3_dlc27_item_abilities_null_stone,data/unit_stats/abilities/source_exports/db/special_ability_to_special_ability_phase_junctions_tables/data__.tsv,1306,9.0.1
1,wh3_dlc27_item_abilities_power_familiar,true,false,false,wh3_dlc27_item_abilities_power_familiar,data/unit_stats/abilities/source_exports/db/special_ability_to_special_ability_phase_junctions_tables/data__.tsv,1307,9.0.1
1,wh3_dlc27_item_abilities_preyton_horns,false,false,true,wh3_dlc27_item_abilities_preyton_horn_enemy,data/unit_stats/abilities/source_exports/db/special_ability_to_special_ability_phase_junctions_tables/data__.tsv,1308,9.0.1
1,wh3_dlc27_item_abilities_preyton_horns,false,true,false,wh3_dlc27_item_abilities_preyton_horn_allies,data/unit_stats/abilities/source_exports/db/special_ability_to_special_ability_phase_junctions_tables/data__.tsv,1309,9.0.1
1,wh3_dlc27_item_abilities_staff_of_the_masque,false,false,true,wh3_dlc27_item_abilities_staff_of_the_masque_enemy,data/unit_stats/abilities/source_exports/db/special_ability_to_special_ability_phase_junctions_tables/data__.tsv,1310,9.0.1
1,wh3_dlc27_item_abilities_staff_of_the_masque,true,false,false,wh3_dlc27_item_abilities_staff_of_the_masque_self,data/unit_stats/abilities/source_exports/db/special_ability_to_special_ability_phase_junctions_tables/data__.tsv,1311,9.0.1
1,wh3_dlc27_item_abilities_warrior_familiar,true,false,false,wh3_dlc27_item_abilities_warrior_familiar,data/unit_stats/abilities/source_exports/db/special_ability_to_special_ability_phase_junctions_tables/data__.tsv,1312,9.0.1
1,wh3_dlc27_item_passive_annulian_crystal,false,false,true,wh3_dlc27_item_passive_annulian_crystal,data/unit_stats/abilities/source_exports/db/special_ability_to_special_ability_phase_junctions_tables/data__.tsv,1313,9.0.1
1,wh3_dlc27_item_passive_armour_of_the_old_gods,true,false,false,wh3_dlc27_item_passive_armour_of_the_old_gods,data/unit_stats/abilities/source_exports/db/special_ability_to_special_ability_phase_junctions_tables/data__.tsv,1314,9.0.1
1,wh3_dlc27_item_passive_axe_of_the_pale_serpent,true,false,false,wh3_dlc27_item_passive_frost_fane_axe,data/unit_stats/abilities/source_exports/db/special_ability_to_special_ability_phase_junctions_tables/data__.tsv,1315,9.0.1
1,wh3_dlc27_item_passive_blade_of_the_old_gods,true,false,false,wh3_dlc27_item_passive_blade_of_the_old_gods,data/unit_stats/abilities/source_exports/db/special_ability_to_special_ability_phase_junctions_tables/data__.tsv,1316,9.0.1
1,wh3_dlc27_item_passive_carrion_spine,true,false,false,wh3_dlc27_item_passive_carrion_spine,data/unit_stats/abilities/source_exports/db/special_ability_to_special_ability_phase_junctions_tables/data__.tsv,1317,9.0.1
1,wh3_dlc27_item_passive_charm_of_the_gods,true,false,false,wh3_dlc27_item_passive_charm_of_the_gods_self,data/unit_stats/abilities/source_exports/db/special_ability_to_special_ability_phase_junctions_tables/data__.tsv,1318,9.0.1
2,wh3_dlc27_item_passive_charm_of_the_gods,false,true,false,wh3_dlc27_item_passive_charm_of_the_gods_allies,data/unit_stats/abilities/source_exports/db/special_ability_to_special_ability_phase_junctions_tables/data__.tsv,1319,9.0.1
1,wh3_dlc27_item_passive_golden_shield,false,false,true,wh3_dlc27_item_passive_golden_shield,data/unit_stats/abilities/source_exports/db/special_ability_to_special_ability_phase_junctions_tables/data__.tsv,1320,9.0.1
1,wh3_dlc27_item_passive_icon_of_the_old_gods,true,false,false,wh3_dlc27_item_passive_icon_of_the_old_gods,data/unit_stats/abilities/source_exports/db/special_ability_to_special_ability_phase_junctions_tables/data__.tsv,1321,9.0.1
1,wh3_dlc27_item_passive_petrifying_gaze,false,false,true,wh3_dlc24_unit_abilities_petrifying_gaze_1,data/unit_stats/abilities/source_exports/db/special_ability_to_special_ability_phase_junctions_tables/data__.tsv,1322,9.0.1
2,wh3_dlc27_item_passive_petrifying_gaze,false,false,true,wh3_dlc24_unit_abilities_petrifying_gaze_2,data/unit_stats/abilities/source_exports/db/special_ability_to_special_ability_phase_junctions_tables/data__.tsv,1323,9.0.1
1,wh3_dlc27_item_passive_skinhidden_plate,true,false,false,wh3_dlc27_item_passive_skinhidden_plate,data/unit_stats/abilities/source_exports/db/special_ability_to_special_ability_phase_junctions_tables/data__.tsv,1324,9.0.1
1,wh3_dlc27_item_passive_stone_of_shyish,true,false,false,wh3_dlc27_item_passive_stone_of_shyish,data/unit_stats/abilities/source_exports/db/special_ability_to_special_ability_phase_junctions_tables/data__.tsv,1325,9.0.1
1,wh3_dlc27_item_passive_strength_from_flesh,true,false,false,wh2_dlc17_unit_passive_strength_from_flesh,data/unit_stats/abilities/source_exports/db/special_ability_to_special_ability_phase_junctions_tables/data__.tsv,1326,9.0.1
1,wh3_dlc27_item_passive_temakadors_gauntlets,true,false,false,wh3_dlc27_item_passive_temakadors_gauntlets,data/unit_stats/abilities/source_exports/db/special_ability_to_special_ability_phase_junctions_tables/data__.tsv,1327,9.0.1
1,wh3_dlc27_lord_abilities_chanson_of_caging,false,false,true,wh3_dlc27_lord_abilities_chanson_of_caging_enemies,data/unit_stats/abilities/source_exports/db/special_ability_to_special_ability_phase_junctions_tables/data__.tsv,1328,9.0.1
2,wh3_dlc27_lord_abilities_chanson_of_caging,true,true,false,wh3_dlc27_lord_abilities_chanson_of_caging_allies,data/unit_stats/abilities/source_exports/db/special_ability_to_special_ability_phase_junctions_tables/data__.tsv,1329,9.0.1
1,wh3_dlc27_lord_abilities_daggerdance,true,false,false,wh3_dlc27_lord_abilities_daggerdance,data/unit_stats/abilities/source_exports/db/special_ability_to_special_ability_phase_junctions_tables/data__.tsv,1330,9.0.1
1,wh3_dlc27_lord_abilities_dance_of_destruction,true,false,false,wh3_dlc27_lord_abilities_dance_of_destruction,data/unit_stats/abilities/source_exports/db/special_ability_to_special_ability_phase_junctions_tables/data__.tsv,1331,9.0.1
1,wh3_dlc27_lord_abilities_offering_to_the_gods,false,true,false,wh3_dlc27_lord_abilities_offering_to_the_gods_1,data/unit_stats/abilities/source_exports/db/special_ability_to_special_ability_phase_junctions_tables/data__.tsv,1332,9.0.1
2,wh3_dlc27_lord_abilities_offering_to_the_gods,false,true,false,wh3_dlc27_lord_abilities_offering_to_the_gods_2,data/unit_stats/abilities/source_exports/db/special_ability_to_special_ability_phase_junctions_tables/data__.tsv,1333,9.0.1
1,wh3_dlc27_lord_abilities_quicksilver_strike,true,false,false,wh3_dlc27_lord_abilities_quicksilver_strike,data/unit_stats/abilities/source_exports/db/special_ability_to_special_ability_phase_junctions_tables/data__.tsv,1334,9.0.1
1,wh3_dlc27_lord_abilities_the_dance_of_dreaming,false,false,true,wh3_dlc27_lord_abilities_the_dance_of_dreaming,data/unit_stats/abilities/source_exports/db/special_ability_to_special_ability_phase_junctions_tables/data__.tsv,1335,9.0.1
1,wh3_dlc27_lord_abilities_the_praise_of_slaanesh,true,false,false,wh3_dlc27_lord_abilities_the_praise_of_slaanesh,data/unit_stats/abilities/source_exports/db/special_ability_to_special_ability_phase_junctions_tables/data__.tsv,1336,9.0.1
1,wh3_dlc27_lord_abilities_the_waltz_of_lethargy,false,false,true,wh3_dlc27_lord_abilities_the_waltz_of_lethargy_enemies,data/unit_stats/abilities/source_exports/db/special_ability_to_special_ability_phase_junctions_tables/data__.tsv,1337,9.0.1
2,wh3_dlc27_lord_abilities_the_waltz_of_lethargy,true,true,false,wh3_dlc27_lord_abilities_the_waltz_of_lethargy_allies,data/unit_stats/abilities/source_exports/db/special_ability_to_special_ability_phase_junctions_tables/data__.tsv,1338,9.0.1
1,wh3_dlc27_lord_abilities_whirlwind_of_pleasure,true,false,false,wh3_dlc27_lord_abilities_whirlwind_of_pleasure,data/unit_stats/abilities/source_exports/db/special_ability_to_special_ability_phase_junctions_tables/data__.tsv,1339,9.0.1
1,wh3_dlc27_lord_passive_naval_discipline,true,true,false,wh3_dlc27_lord_passive_naval_discipline,data/unit_stats/abilities/source_exports/db/special_ability_to_special_ability_phase_junctions_tables/data__.tsv,1340,9.0.1
1,wh3_dlc27_lord_passive_soul_siphon_upgraded,false,false,true,wh3_dlc27_lord_passive_soul_siphon_upgraded,data/unit_stats/abilities/source_exports/db/special_ability_to_special_ability_phase_junctions_tables/data__.tsv,1341,9.0.1
1,wh3_dlc27_lore_passive_obscuring_mists,true,true,false,wh3_dlc27_lore_passive_obscuring_mists,data/unit_stats/abilities/source_exports/db/special_ability_to_special_ability_phase_junctions_tables/data__.tsv,1342,9.0.1
1,wh3_dlc27_qb_unit_abilities_ascendants_hubris,true,false,false,wh3_dlc27_qb_unit_passive_ascendants_hubris,data/unit_stats/abilities/source_exports/db/special_ability_to_special_ability_phase_junctions_tables/data__.tsv,1343,9.0.1
1,wh3_dlc27_qb_unit_abilities_bitter_sting,false,false,true,wh3_dlc27_qb_unit_abilities_bitter_sting,data/unit_stats/abilities/source_exports/db/special_ability_to_special_ability_phase_junctions_tables/data__.tsv,1344,9.0.1
1,wh3_dlc27_qb_unit_abilities_bloodsport,true,true,false,wh3_dlc27_qb_unit_abilities_bloodsport,data/unit_stats/abilities/source_exports/db/special_ability_to_special_ability_phase_junctions_tables/data__.tsv,1345,9.0.1
1,wh3_dlc27_qb_unit_abilities_brutality,true,false,false,wh3_dlc27_qb_unit_abilities_brutality,data/unit_stats/abilities/source_exports/db/special_ability_to_special_ability_phase_junctions_tables/data__.tsv,1346,9.0.1
1,wh3_dlc27_qb_unit_abilities_corrosive_coating,true,false,false,wh3_dlc27_qb_unit_abilities_corrosive_coating,data/unit_stats/abilities/source_exports/db/special_ability_to_special_ability_phase_junctions_tables/data__.tsv,1347,9.0.1
1,wh3_dlc27_qb_unit_abilities_dissolving_bone,false,false,true,wh3_dlc27_qb_unit_passive_dissolving_bone,data/unit_stats/abilities/source_exports/db/special_ability_to_special_ability_phase_junctions_tables/data__.tsv,1348,9.0.1
1,wh3_dlc27_qb_unit_abilities_frenzied_challenge,false,false,true,wh3_dlc27_qb_unit_abilities_frenzied_challenge,data/unit_stats/abilities/source_exports/db/special_ability_to_special_ability_phase_junctions_tables/data__.tsv,1349,9.0.1
1,wh3_dlc27_qb_unit_abilities_guttural_roar,false,false,true,wh3_dlc27_qb_unit_abilities_guttural_roar,data/unit_stats/abilities/source_exports/db/special_ability_to_special_ability_phase_junctions_tables/data__.tsv,1350,9.0.1
1,wh3_dlc27_qb_unit_abilities_insanity,false,false,true,wh3_dlc27_qb_unit_abilities_insanity,data/unit_stats/abilities/source_exports/db/special_ability_to_special_ability_phase_junctions_tables/data__.tsv,1351,9.0.1
1,wh3_dlc27_qb_unit_abilities_insatiable_hunger,true,false,false,wh3_dlc27_qb_unit_passive_insatiable_hunger_i,data/unit_stats/abilities/source_exports/db/special_ability_to_special_ability_phase_junctions_tables/data__.tsv,1352,9.0.1
2,wh3_dlc27_qb_unit_abilities_insatiable_hunger,true,false,false,wh3_dlc27_qb_unit_passive_insatiable_hunger_ii,data/unit_stats/abilities/source_exports/db/special_ability_to_special_ability_phase_junctions_tables/data__.tsv,1353,9.0.1
3,wh3_dlc27_qb_unit_abilities_insatiable_hunger,true,false,false,wh3_dlc27_qb_unit_passive_insatiable_hunger_iii,data/unit_stats/abilities/source_exports/db/special_ability_to_special_ability_phase_junctions_tables/data__.tsv,1354,9.0.1
1,wh3_dlc27_qb_unit_abilities_petrifying_aura,false,false,true,wh3_dlc27_qb_unit_abilities_petrifying_aura_01,data/unit_stats/abilities/source_exports/db/special_ability_to_special_ability_phase_junctions_tables/data__.tsv,1355,9.0.1
2,wh3_dlc27_qb_unit_abilities_petrifying_aura,false,false,true,wh3_dlc27_qb_unit_abilities_petrifying_aura_02,data/unit_stats/abilities/source_exports/db/special_ability_to_special_ability_phase_junctions_tables/data__.tsv,1356,9.0.1
3,wh3_dlc27_qb_unit_abilities_petrifying_aura,false,false,true,wh3_dlc27_qb_unit_abilities_petrifying_aura_03,data/unit_stats/abilities/source_exports/db/special_ability_to_special_ability_phase_junctions_tables/data__.tsv,1357,9.0.1
4,wh3_dlc27_qb_unit_abilities_petrifying_aura,false,false,true,wh3_dlc27_qb_unit_abilities_petrifying_aura_04,data/unit_stats/abilities/source_exports/db/special_ability_to_special_ability_phase_junctions_tables/data__.tsv,1358,9.0.1
1,wh3_dlc27_qb_unit_abilities_razor_sharp_teeth,true,false,false,wh3_dlc27_qb_unit_abilities_razor_sharp_teeth,data/unit_stats/abilities/source_exports/db/special_ability_to_special_ability_phase_junctions_tables/data__.tsv,1359,9.0.1
1,wh3_dlc27_qb_unit_abilities_revel_in_fear,true,false,false,wh3_dlc27_qb_unit_passive_revel_in_fear,data/unit_stats/abilities/source_exports/db/special_ability_to_special_ability_phase_junctions_tables/data__.tsv,1360,9.0.1
1,wh3_dlc27_qb_unit_abilities_runt_of_the_litter,true,false,false,wh3_dlc27_qb_unit_abilities_runt_of_the_litter,data/unit_stats/abilities/source_exports/db/special_ability_to_special_ability_phase_junctions_tables/data__.tsv,1361,9.0.1
1,wh3_dlc27_qb_unit_abilities_shatter,false,false,true,wh3_dlc27_qb_unit_abilities_shatter,data/unit_stats/abilities/source_exports/db/special_ability_to_special_ability_phase_junctions_tables/data__.tsv,1362,9.0.1
1,wh3_dlc27_qb_unit_abilities_terrible_malice,false,false,true,wh3_dlc27_qb_unit_abilities_terrible_malice,data/unit_stats/abilities/source_exports/db/special_ability_to_special_ability_phase_junctions_tables/data__.tsv,1363,9.0.1
1,wh3_dlc27_qb_unit_abilities_too_stubborn_to_die,true,false,false,wh3_dlc27_qb_unit_abilities_too_stubborn_to_die,data/unit_stats/abilities/source_exports/db/special_ability_to_special_ability_phase_junctions_tables/data__.tsv,1364,9.0.1
1,wh3_dlc27_qb_unit_abilities_undoubtful_pride,true,true,false,wh3_dlc27_qb_unit_passive_undoubtful_pride,data/unit_stats/abilities/source_exports/db/special_ability_to_special_ability_phase_junctions_tables/data__.tsv,1365,9.0.1
1,wh3_dlc27_qb_unit_abilities_visions_of_madness,false,false,true,wh3_dlc27_qb_unit_abilities_visions_of_madness,data/unit_stats/abilities/source_exports/db/special_ability_to_special_ability_phase_junctions_tables/data__.tsv,1366,9.0.1
1,wh3_dlc27_qb_unit_passive_living_furnace,false,true,false,wh3_dlc27_qb_unit_passive_living_furnace,data/unit_stats/abilities/source_exports/db/special_ability_to_special_ability_phase_junctions_tables/data__.tsv,1367,9.0.1
1,wh3_dlc27_qb_unit_passive_molten_body,true,false,false,wh3_dlc27_qb_unit_passive_molten_body,data/unit_stats/abilities/source_exports/db/special_ability_to_special_ability_phase_junctions_tables/data__.tsv,1368,9.0.1
1,wh3_dlc27_recipe_mark_of_vindictiveness_ascendancy_i,true,false,false,wh3_dlc27_recipe_mark_of_vindictiveness_ascendancy_i,data/unit_stats/abilities/source_exports/db/special_ability_to_special_ability_phase_junctions_tables/data__.tsv,1369,9.0.1
2,wh3_dlc27_recipe_mark_of_vindictiveness_ascendancy_i,true,false,false,wh3_dlc27_recipe_mark_of_vindictiveness_ascendancy_i_debuff,data/unit_stats/abilities/source_exports/db/special_ability_to_special_ability_phase_junctions_tables/data__.tsv,1370,9.0.1
1,wh3_dlc27_recipe_mark_of_vindictiveness_ascendancy_ii,true,false,false,wh3_dlc27_recipe_mark_of_vindictiveness_ascendancy_ii,data/unit_stats/abilities/source_exports/db/special_ability_to_special_ability_phase_junctions_tables/data__.tsv,1371,9.0.1
2,wh3_dlc27_recipe_mark_of_vindictiveness_ascendancy_ii,true,false,false,wh3_dlc27_recipe_mark_of_vindictiveness_ascendancy_ii_debuff,data/unit_stats/abilities/source_exports/db/special_ability_to_special_ability_phase_junctions_tables/data__.tsv,1372,9.0.1
1,wh3_dlc27_recipe_mark_of_vindictiveness_ascendancy_iii,true,false,false,wh3_dlc27_recipe_mark_of_vindictiveness_ascendancy_iii,data/unit_stats/abilities/source_exports/db/special_ability_to_special_ability_phase_junctions_tables/data__.tsv,1373,9.0.1
2,wh3_dlc27_recipe_mark_of_vindictiveness_ascendancy_iii,true,false,false,wh3_dlc27_recipe_mark_of_vindictiveness_ascendancy_iii_debuff,data/unit_stats/abilities/source_exports/db/special_ability_to_special_ability_phase_junctions_tables/data__.tsv,1374,9.0.1
1,wh3_dlc27_recipe_mark_of_vindictiveness_denial_i,true,false,false,wh3_dlc27_recipe_mark_of_vindictiveness_denial_i,data/unit_stats/abilities/source_exports/db/special_ability_to_special_ability_phase_junctions_tables/data__.tsv,1375,9.0.1
1,wh3_dlc27_recipe_mark_of_vindictiveness_denial_ii,true,false,false,wh3_dlc27_recipe_mark_of_vindictiveness_denial_ii,data/unit_stats/abilities/source_exports/db/special_ability_to_special_ability_phase_junctions_tables/data__.tsv,1376,9.0.1
1,wh3_dlc27_recipe_mark_of_vindictiveness_denial_iii,true,false,false,wh3_dlc27_recipe_mark_of_vindictiveness_denial_iii,data/unit_stats/abilities/source_exports/db/special_ability_to_special_ability_phase_junctions_tables/data__.tsv,1377,9.0.1
1,wh3_dlc27_recipe_mark_of_vindictiveness_despair_i,false,false,true,wh3_dlc27_recipe_mark_of_vindictiveness_despair_i,data/unit_stats/abilities/source_exports/db/special_ability_to_special_ability_phase_junctions_tables/data__.tsv,1378,9.0.1
2,wh3_dlc27_recipe_mark_of_vindictiveness_despair_i,true,false,false,wh3_dlc27_recipe_mark_of_vindictiveness_despair_i_self,data/unit_stats/abilities/source_exports/db/special_ability_to_special_ability_phase_junctions_tables/data__.tsv,1379,9.0.1
1,wh3_dlc27_recipe_mark_of_vindictiveness_despair_ii,false,false,true,wh3_dlc27_recipe_mark_of_vindictiveness_despair_ii,data/unit_stats/abilities/source_exports/db/special_ability_to_special_ability_phase_junctions_tables/data__.tsv,1380,9.0.1
2,wh3_dlc27_recipe_mark_of_vindictiveness_despair_ii,true,false,false,wh3_dlc27_recipe_mark_of_vindictiveness_despair_ii_self,data/unit_stats/abilities/source_exports/db/special_ability_to_special_ability_phase_junctions_tables/data__.tsv,1381,9.0.1
1,wh3_dlc27_recipe_mark_of_vindictiveness_despair_iii,false,false,true,wh3_dlc27_recipe_mark_of_vindictiveness_despair_iii,data/unit_stats/abilities/source_exports/db/special_ability_to_special_ability_phase_junctions_tables/data__.tsv,1382,9.0.1
2,wh3_dlc27_recipe_mark_of_vindictiveness_despair_iii,true,false,false,wh3_dlc27_recipe_mark_of_vindictiveness_despair_iii_self,data/unit_stats/abilities/source_exports/db/special_ability_to_special_ability_phase_junctions_tables/data__.tsv,1383,9.0.1
1,wh3_dlc27_recipe_mark_of_vindictiveness_indolence_i,false,false,true,wh3_dlc27_recipe_mark_of_vindictiveness_indolence_i,data/unit_stats/abilities/source_exports/db/special_ability_to_special_ability_phase_junctions_tables/data__.tsv,1384,9.0.1
1,wh3_dlc27_recipe_mark_of_vindictiveness_indolence_ii,false,false,true,wh3_dlc27_recipe_mark_of_vindictiveness_indolence_ii,data/unit_stats/abilities/source_exports/db/special_ability_to_special_ability_phase_junctions_tables/data__.tsv,1385,9.0.1
1,wh3_dlc27_recipe_mark_of_vindictiveness_indolence_iii,false,false,true,wh3_dlc27_recipe_mark_of_vindictiveness_indolence_iii,data/unit_stats/abilities/source_exports/db/special_ability_to_special_ability_phase_junctions_tables/data__.tsv,1386,9.0.1
1,wh3_dlc27_recipe_mark_of_vindictiveness_lash_i,true,false,false,wh3_dlc27_recipe_mark_of_vindictiveness_lash_i,data/unit_stats/abilities/source_exports/db/special_ability_to_special_ability_phase_junctions_tables/data__.tsv,1387,9.0.1
1,wh3_dlc27_recipe_mark_of_vindictiveness_lash_ii,true,false,false,wh3_dlc27_recipe_mark_of_vindictiveness_lash_ii,data/unit_stats/abilities/source_exports/db/special_ability_to_special_ability_phase_junctions_tables/data__.tsv,1388,9.0.1
1,wh3_dlc27_recipe_mark_of_vindictiveness_lash_iii,true,false,false,wh3_dlc27_recipe_mark_of_vindictiveness_lash_iii,data/unit_stats/abilities/source_exports/db/special_ability_to_special_ability_phase_junctions_tables/data__.tsv,1389,9.0.1
1,wh3_dlc27_recipe_mark_of_vindictiveness_pain_i,true,false,false,wh3_dlc27_recipe_mark_of_vindictiveness_pain_i,data/unit_stats/abilities/source_exports/db/special_ability_to_special_ability_phase_junctions_tables/data__.tsv,1390,9.0.1
1,wh3_dlc27_recipe_mark_of_vindictiveness_pain_ii,true,false,false,wh3_dlc27_recipe_mark_of_vindictiveness_pain_ii,data/unit_stats/abilities/source_exports/db/special_ability_to_special_ability_phase_junctions_tables/data__.tsv,1391,9.0.1
1,wh3_dlc27_recipe_mark_of_vindictiveness_pain_iii,true,false,false,wh3_dlc27_recipe_mark_of_vindictiveness_pain_iii,data/unit_stats/abilities/source_exports/db/special_ability_to_special_ability_phase_junctions_tables/data__.tsv,1392,9.0.1
1,wh3_dlc27_spell_bound_acquiescence,false,false,true,wh3_dlc27_spell_bound_acquiescence,data/unit_stats/abilities/source_exports/db/special_ability_to_special_ability_phase_junctions_tables/data__.tsv,1393,9.0.1
1,wh3_dlc27_spell_bound_enfeebling_foe,false,false,true,wh_dlc05_spell_shadow_the_enfeebling_foe,data/unit_stats/abilities/source_exports/db/special_ability_to_special_ability_phase_junctions_tables/data__.tsv,1394,9.0.1
1,wh3_dlc27_spell_bound_runecaller_death_doom_and_darkness,false,false,true,wh_main_spell_death_doom_and_darkness,data/unit_stats/abilities/source_exports/db/special_ability_to_special_ability_phase_junctions_tables/data__.tsv,1395,9.0.1
1,wh3_dlc27_spell_bound_runecaller_flock_of_doom,false,false,true,wh_dlc03_spell_beasts_flock_of_doom,data/unit_stats/abilities/source_exports/db/special_ability_to_special_ability_phase_junctions_tables/data__.tsv,1396,9.0.1
1,wh3_dlc27_spell_bound_soul_stealer,false,false,true,wh2_main_spell_dark_magic_soul_stealer,data/unit_stats/abilities/source_exports/db/special_ability_to_special_ability_phase_junctions_tables/data__.tsv,1397,9.0.1
1,wh3_dlc27_spell_bound_soul_stealer,true,false,false,wh2_main_spell_dark_magic_soul_stealer_miscast,data/unit_stats/abilities/source_exports/db/special_ability_to_special_ability_phase_junctions_tables/data__.tsv,1398,9.0.1
1,wh3_dlc27_spell_dark_magic_word_of_pain_bound_1use,false,false,true,wh2_main_spell_dark_magic_word_of_pain,data/unit_stats/abilities/source_exports/db/special_ability_to_special_ability_phase_junctions_tables/data__.tsv,1399,9.0.1
1,wh3_dlc27_spell_death_doom_and_darkness_summoned,false,false,true,wh_main_spell_death_doom_and_darkness_upgraded,data/unit_stats/abilities/source_exports/db/special_ability_to_special_ability_phase_junctions_tables/data__.tsv,1400,9.0.1
1,wh3_dlc27_spell_death_spirit_leech_summoned,false,false,true,wh_main_spell_death_spirit_leech_upgraded,data/unit_stats/abilities/source_exports/db/special_ability_to_special_ability_phase_junctions_tables/data__.tsv,1401,9.0.1
1,wh3_dlc27_spell_heavens_chain_lightning,false,false,true,wh3_dlc27_spell_heavens_chain_lightning,data/unit_stats/abilities/source_exports/db/special_ability_to_special_ability_phase_junctions_tables/data__.tsv,1402,9.0.1
1,wh3_dlc27_spell_heavens_chain_lightning_bound,false,false,true,wh3_dlc27_spell_heavens_chain_lightning,data/unit_stats/abilities/source_exports/db/special_ability_to_special_ability_phase_junctions_tables/data__.tsv,1403,9.0.1
1,wh3_dlc27_spell_heavens_chain_lightning_bound_unit,false,false,true,wh3_dlc27_spell_heavens_chain_lightning,data/unit_stats/abilities/source_exports/db/special_ability_to_special_ability_phase_junctions_tables/data__.tsv,1404,9.0.1
1,wh3_dlc27_spell_metal_final_transmutation_summoned,false,false,true,wh_main_spell_metal_final_transmutation_upgraded,data/unit_stats/abilities/source_exports/db/special_ability_to_special_ability_phase_junctions_tables/data__.tsv,1405,9.0.1
1,wh3_dlc27_spell_mists_flensing_haar,false,false,true,wh3_dlc27_spell_mists_flensing_haar,data/unit_stats/abilities/source_exports/db/special_ability_to_special_ability_phase_junctions_tables/data__.tsv,1406,9.0.1
1,wh3_dlc27_spell_mists_flensing_haar_upgraded,false,false,true,wh3_dlc27_spell_mists_flensing_haar_upgraded,data/unit_stats/abilities/source_exports/db/special_ability_to_special_ability_phase_junctions_tables/data__.tsv,1407,9.0.1
1,wh3_dlc27_spell_mists_ladrielles_shroud,true,true,false,wh3_dlc27_spell_mists_ladrielles_shroud,data/unit_stats/abilities/source_exports/db/special_ability_to_special_ability_phase_junctions_tables/data__.tsv,1408,9.0.1
1,wh3_dlc27_spell_mists_ladrielles_shroud_upgraded,true,true,false,wh3_dlc27_spell_mists_ladrielles_shroud_upgraded,data/unit_stats/abilities/source_exports/db/special_ability_to_special_ability_phase_junctions_tables/data__.tsv,1409,9.0.1
1,wh3_dlc27_spell_mists_mathlanns_spite,false,false,true,wh3_dlc27_spell_mists_mathlanns_spite,data/unit_stats/abilities/source_exports/db/special_ability_to_special_ability_phase_junctions_tables/data__.tsv,1410,9.0.1
1,wh3_dlc27_spell_mists_mathlanns_spite_upgraded,false,false,true,wh3_dlc27_spell_mists_mathlanns_spite_upgraded,data/unit_stats/abilities/source_exports/db/special_ability_to_special_ability_phase_junctions_tables/data__.tsv,1411,9.0.1
1,wh3_dlc27_spell_mists_the_writhing_mist,true,true,false,wh3_dlc27_spell_mists_the_writhing_mist,data/unit_stats/abilities/source_exports/db/special_ability_to_special_ability_phase_junctions_tables/data__.tsv,1412,9.0.1
2,wh3_dlc27_spell_mists_the_writhing_mist,false,false,true,wh3_dlc27_spell_mists_the_writhing_mist_enemies,data/unit_stats/abilities/source_exports/db/special_ability_to_special_ability_phase_junctions_tables/data__.tsv,1413,9.0.1
1,wh3_dlc27_spell_mists_the_writhing_mist_bound,true,true,false,wh3_dlc27_spell_mists_the_writhing_mist,data/unit_stats/abilities/source_exports/db/special_ability_to_special_ability_phase_junctions_tables/data__.tsv,1414,9.0.1
2,wh3_dlc27_spell_mists_the_writhing_mist_bound,false,false,true,wh3_dlc27_spell_mists_the_writhing_mist_enemies,data/unit_stats/abilities/source_exports/db/special_ability_to_special_ability_phase_junctions_tables/data__.tsv,1415,9.0.1
1,wh3_dlc27_spell_mists_the_writhing_mist_upgraded,true,true,false,wh3_dlc27_spell_mists_the_writhing_mist_upgraded,data/unit_stats/abilities/source_exports/db/special_ability_to_special_ability_phase_junctions_tables/data__.tsv,1416,9.0.1
2,wh3_dlc27_spell_mists_the_writhing_mist_upgraded,false,false,true,wh3_dlc27_spell_mists_the_writhing_mist_enemies_upgraded,data/unit_stats/abilities/source_exports/db/special_ability_to_special_ability_phase_junctions_tables/data__.tsv,1417,9.0.1
1,wh3_dlc27_spell_mists_walk_between_worlds,true,true,false,wh3_dlc27_spell_mists_walk_between_worlds,data/unit_stats/abilities/source_exports/db/special_ability_to_special_ability_phase_junctions_tables/data__.tsv,1418,9.0.1
1,wh3_dlc27_spell_mists_walk_between_worlds_upgraded,true,true,false,wh3_dlc27_spell_mists_walk_between_worlds_upgraded,data/unit_stats/abilities/source_exports/db/special_ability_to_special_ability_phase_junctions_tables/data__.tsv,1419,9.0.1
1,wh3_dlc27_spell_shadow_melkoths_mystifying_miasma_bound,false,false,true,wh_dlc05_spell_shadow_melkoths_mystifying_miasma,data/unit_stats/abilities/source_exports/db/special_ability_to_special_ability_phase_junctions_tables/data__.tsv,1420,9.0.1
1,wh3_dlc27_unit_abilities_consuming_hatred,true,false,false,wh3_dlc27_unit_abilities_consuming_hatred,data/unit_stats/abilities/source_exports/db/special_ability_to_special_ability_phase_junctions_tables/data__.tsv,1421,9.0.1
1,wh3_dlc27_unit_abilities_elfish_healing_herbs,false,true,false,wh3_dlc27_unit_abilities_elfish_healing_herbs,data/unit_stats/abilities/source_exports/db/special_ability_to_special_ability_phase_junctions_tables/data__.tsv,1422,9.0.1
1,wh3_dlc27_unit_abilities_perfect_predator,true,false,false,wh3_dlc27_unit_abilities_perfect_predator,data/unit_stats/abilities/source_exports/db/special_ability_to_special_ability_phase_junctions_tables/data__.tsv,1423,9.0.1
1,wh3_dlc27_unit_passive_abyssal_cloak,true,false,false,wh3_dlc27_unit_passive_abyssal_cloak,data/unit_stats/abilities/source_exports/db/special_ability_to_special_ability_phase_junctions_tables/data__.tsv,1424,9.0.1
2,wh3_dlc27_unit_passive_abyssal_cloak,false,false,true,wh3_dlc27_unit_passive_abyssal_cloak_enemies,data/unit_stats/abilities/source_exports/db/special_ability_to_special_ability_phase_junctions_tables/data__.tsv,1425,9.0.1
1,wh3_dlc27_unit_passive_accomplished_fighter,true,false,false,wh3_dlc27_unit_passive_accomplished_fighter,data/unit_stats/abilities/source_exports/db/special_ability_to_special_ability_phase_junctions_tables/data__.tsv,1426,9.0.1
1,wh3_dlc27_unit_passive_barrier_boost,true,false,false,wh3_dlc27_unit_passive_barrier_boost,data/unit_stats/abilities/source_exports/db/special_ability_to_special_ability_phase_junctions_tables/data__.tsv,1427,9.0.1
1,wh3_dlc27_unit_passive_battle_songs,true,true,false,wh3_dlc27_unit_passive_battle_songs,data/unit_stats/abilities/source_exports/db/special_ability_to_special_ability_phase_junctions_tables/data__.tsv,1428,9.0.1
1,wh3_dlc27_unit_passive_burrowing_instinct,true,false,false,wh3_dlc27_unit_passive_burrowing_instinct,data/unit_stats/abilities/source_exports/db/special_ability_to_special_ability_phase_junctions_tables/data__.tsv,1429,9.0.1
1,wh3_dlc27_unit_passive_chilling_aura,false,false,true,wh_dlc04_unit_passive_chilling_aura,data/unit_stats/abilities/source_exports/db/special_ability_to_special_ability_phase_junctions_tables/data__.tsv,1430,9.0.1
1,wh3_dlc27_unit_passive_dual_personality_betrayer,true,false,false,wh3_dlc27_unit_passive_dual_personality_betrayer,data/unit_stats/abilities/source_exports/db/special_ability_to_special_ability_phase_junctions_tables/data__.tsv,1431,9.0.1
1,wh3_dlc27_unit_passive_dual_personality_chaosbrand,true,false,false,wh3_dlc27_unit_passive_dual_personality_chaosbrand,data/unit_stats/abilities/source_exports/db/special_ability_to_special_ability_phase_junctions_tables/data__.tsv,1432,9.0.1
1,wh3_dlc27_unit_passive_dual_personality_defiler,false,false,true,wh3_dlc27_unit_passive_dual_personality_defiler,data/unit_stats/abilities/source_exports/db/special_ability_to_special_ability_phase_junctions_tables/data__.tsv,1433,9.0.1
1,wh3_dlc27_unit_passive_dual_personality_defiler,true,false,false,wh3_dlc27_unit_passive_dual_personality_defiler_self,data/unit_stats/abilities/source_exports/db/special_ability_to_special_ability_phase_junctions_tables/data__.tsv,1434,9.0.1
1,wh3_dlc27_unit_passive_dual_personality_savage,true,false,false,wh3_dlc27_unit_passive_dual_personality_savage,data/unit_stats/abilities/source_exports/db/special_ability_to_special_ability_phase_junctions_tables/data__.tsv,1435,9.0.1
1,wh3_dlc27_unit_passive_endless_malice,true,false,false,wh3_dlc27_unit_passive_endless_malice,data/unit_stats/abilities/source_exports/db/special_ability_to_special_ability_phase_junctions_tables/data__.tsv,1436,9.0.1
1,wh3_dlc27_unit_passive_enfeebling_cold,false,false,true,wh3_dlc27_unit_passive_enfeebling_cold,data/unit_stats/abilities/source_exports/db/special_ability_to_special_ability_phase_junctions_tables/data__.tsv,1437,9.0.1
1,wh3_dlc27_unit_passive_guardian,false,true,false,wh2_dlc09_unit_passive_guardian,data/unit_stats/abilities/source_exports/db/special_ability_to_special_ability_phase_junctions_tables/data__.tsv,1438,9.0.1
1,wh3_dlc27_unit_passive_momentum,true,false,false,wh3_dlc27_unit_passive_momentum,data/unit_stats/abilities/source_exports/db/special_ability_to_special_ability_phase_junctions_tables/data__.tsv,1439,9.0.1
1,wh3_dlc27_unit_passive_murderous_euphoria,true,false,false,wh3_dlc27_unit_passive_murderous_euphoria_i,data/unit_stats/abilities/source_exports/db/special_ability_to_special_ability_phase_junctions_tables/data__.tsv,1440,9.0.1
2,wh3_dlc27_unit_passive_murderous_euphoria,true,false,false,wh3_dlc27_unit_passive_murderous_euphoria_ii,data/unit_stats/abilities/source_exports/db/special_ability_to_special_ability_phase_junctions_tables/data__.tsv,1441,9.0.1
3,wh3_dlc27_unit_passive_murderous_euphoria,true,false,false,wh3_dlc27_unit_passive_murderous_euphoria_iii,data/unit_stats/abilities/source_exports/db/special_ability_to_special_ability_phase_junctions_tables/data__.tsv,1442,9.0.1
1,wh3_dlc27_unit_passive_murderous_euphoria_druchii,true,false,false,wh3_dlc27_unit_passive_murderous_euphoria_i,data/unit_stats/abilities/source_exports/db/special_ability_to_special_ability_phase_junctions_tables/data__.tsv,1443,9.0.1
2,wh3_dlc27_unit_passive_murderous_euphoria_druchii,true,false,false,wh3_dlc27_unit_passive_murderous_euphoria_ii,data/unit_stats/abilities/source_exports/db/special_ability_to_special_ability_phase_junctions_tables/data__.tsv,1444,9.0.1
3,wh3_dlc27_unit_passive_murderous_euphoria_druchii,true,false,false,wh3_dlc27_unit_passive_murderous_euphoria_iii,data/unit_stats/abilities/source_exports/db/special_ability_to_special_ability_phase_junctions_tables/data__.tsv,1445,9.0.1
1,wh3_dlc27_unit_passive_naval_discipline,true,true,false,wh3_dlc27_lord_passive_naval_discipline,data/unit_stats/abilities/source_exports/db/special_ability_to_special_ability_phase_junctions_tables/data__.tsv,1446,9.0.1
1,wh3_dlc27_unit_passive_pleasure_through_pain,true,false,false,wh3_dlc27_unit_passive_pleasure_through_pain,data/unit_stats/abilities/source_exports/db/special_ability_to_special_ability_phase_junctions_tables/data__.tsv,1447,9.0.1
1,wh3_dlc27_unit_passive_poisonous_blood,true,false,false,wh3_dlc27_unit_passive_poisonous_blood,data/unit_stats/abilities/source_exports/db/special_ability_to_special_ability_phase_junctions_tables/data__.tsv,1448,9.0.1
1,wh3_dlc27_unit_passive_relish_the_pain,true,false,false,wh3_dlc27_unit_passive_relish_the_pain,data/unit_stats/abilities/source_exports/db/special_ability_to_special_ability_phase_junctions_tables/data__.tsv,1449,9.0.1
1,wh3_dlc27_unit_passive_unbinding_giant_spawn_of_sla,true,false,false,wh3_dlc27_unit_passive_unbinding_giant_spawn_of_sla,data/unit_stats/abilities/source_exports/db/special_ability_to_special_ability_phase_junctions_tables/data__.tsv,1450,9.0.1
2,wh3_dlc27_unit_passive_unbinding_giant_spawn_of_sla,true,false,false,wh_main_unit_passive_unbinding_weak_large,data/unit_stats/abilities/source_exports/db/special_ability_to_special_ability_phase_junctions_tables/data__.tsv,1451,9.0.1
3,wh3_dlc27_unit_passive_unbinding_giant_spawn_of_sla,true,false,false,wh_main_unit_passive_unbinding_critical,data/unit_stats/abilities/source_exports/db/special_ability_to_special_ability_phase_junctions_tables/data__.tsv,1452,9.0.1
1,wh3_dlc27_unit_passive_unbinding_merwyrm_summoned,true,false,false,wh3_dlc27_unit_passive_unbinding_merwyrm_summoned,data/unit_stats/abilities/source_exports/db/special_ability_to_special_ability_phase_junctions_tables/data__.tsv,1453,9.0.1
2,wh3_dlc27_unit_passive_unbinding_merwyrm_summoned,true,false,false,wh_main_unit_passive_unbinding_weak_large,data/unit_stats/abilities/source_exports/db/special_ability_to_special_ability_phase_junctions_tables/data__.tsv,1454,9.0.1
3,wh3_dlc27_unit_passive_unbinding_merwyrm_summoned,true,false,false,wh_main_unit_passive_unbinding_critical,data/unit_stats/abilities/source_exports/db/special_ability_to_special_ability_phase_junctions_tables/data__.tsv,1455,9.0.1
1,wh3_dlc27_unit_passive_unbinding_oceanids_summoned,true,false,false,wh3_dlc27_unit_passive_unbinding_oceanids_summoned,data/unit_stats/abilities/source_exports/db/special_ability_to_special_ability_phase_junctions_tables/data__.tsv,1456,9.0.1
2,wh3_dlc27_unit_passive_unbinding_oceanids_summoned,true,false,false,wh_main_unit_passive_unbinding_weak_large,data/unit_stats/abilities/source_exports/db/special_ability_to_special_ability_phase_junctions_tables/data__.tsv,1457,9.0.1
3,wh3_dlc27_unit_passive_unbinding_oceanids_summoned,true,false,false,wh_main_unit_passive_unbinding_critical,data/unit_stats/abilities/source_exports/db/special_ability_to_special_ability_phase_junctions_tables/data__.tsv,1458,9.0.1
1,wh3_dlc27_weapon_abilities_tenebrous_forge_hammer,true,true,false,wh3_dlc27_weapon_abilities_frokis_forge_hammer,data/unit_stats/abilities/source_exports/db/special_ability_to_special_ability_phase_junctions_tables/data__.tsv,1459,9.0.1
1,wh3_dlc27_weapon_abilities_the_phoenix_blade,true,false,false,wh3_dlc27_weapon_abilities_the_phoenix_blade,data/unit_stats/abilities/source_exports/db/special_ability_to_special_ability_phase_junctions_tables/data__.tsv,1460,9.0.1
1,wh3_dlc27_weapon_passive_the_viperous_staff,true,false,false,wh3_dlc27_weapon_passive_the_viperous_staff,data/unit_stats/abilities/source_exports/db/special_ability_to_special_ability_phase_junctions_tables/data__.tsv,1461,9.0.1
1,wh3_dlc29_ability_bound_prayer_battle_howl,true,true,false,wh3_dlc29_spell_bound_prayer_battle_howl,data/unit_stats/abilities/source_exports/db/special_ability_to_special_ability_phase_junctions_tables/data__.tsv,1462,9.0.1
1,wh3_dlc29_ability_bound_prayer_winters_chill,false,false,true,wh3_dlc29_spell_bound_prayer_winters_chill,data/unit_stats/abilities/source_exports/db/special_ability_to_special_ability_phase_junctions_tables/data__.tsv,1463,9.0.1
1,wh3_dlc29_ability_death_mark_of_the_dreadknight,true,false,false,wh3_dlc29_ability_death_mark_of_the_dreadknight,data/unit_stats/abilities/source_exports/db/special_ability_to_special_ability_phase_junctions_tables/data__.tsv,1464,9.0.1
1,wh3_dlc29_army_abilities_mark_plague_spawned,true,true,false,wh3_dlc29_army_abilities_mark_plague_spawned_i,data/unit_stats/abilities/source_exports/db/special_ability_to_special_ability_phase_junctions_tables/data__.tsv,1465,9.0.1
1,wh3_dlc29_army_abilities_mark_rot_forged_legionaries,true,true,false,wh3_dlc29_army_abilities_mark_rot_forged_legionaries_i,data/unit_stats/abilities/source_exports/db/special_ability_to_special_ability_phase_junctions_tables/data__.tsv,1466,9.0.1
1,wh3_dlc29_army_abilities_scruten_clanstone,false,true,false,wh3_dlc29_army_abilities_scruten_clanstone,data/unit_stats/abilities/source_exports/db/special_ability_to_special_ability_phase_junctions_tables/data__.tsv,1467,9.0.1
1,wh3_dlc29_aura_infusion_of_realm_of_souls,true,true,false,wh3_dlc29_character_passive_infusion_from_the_realm_of_souls,data/unit_stats/abilities/source_exports/db/special_ability_to_special_ability_phase_junctions_tables/data__.tsv,1468,9.0.1
1,wh3_dlc29_bound_deep_fog_of_the_damned,false,false,true,wh2_dlc11_spell_deep_fog_of_the_damned,data/unit_stats/abilities/source_exports/db/special_ability_to_special_ability_phase_junctions_tables/data__.tsv,1469,9.0.1
1,wh3_dlc29_character_abilities_eternal_vigour,false,true,false,wh3_dlc29_character_abilities_eternal_vigour,data/unit_stats/abilities/source_exports/db/special_ability_to_special_ability_phase_junctions_tables/data__.tsv,1470,9.0.1
1,wh3_dlc29_character_active_mark_of_the_monster,false,false,true,wh3_dlc29_character_active_mark_of_the_monster,data/unit_stats/abilities/source_exports/db/special_ability_to_special_ability_phase_junctions_tables/data__.tsv,1471,9.0.1
1,wh3_dlc29_character_passive_champion_of_undeath,true,false,false,wh3_dlc29_character_passive_champion_of_undeath,data/unit_stats/abilities/source_exports/db/special_ability_to_special_ability_phase_junctions_tables/data__.tsv,1472,9.0.1
1,wh3_dlc29_character_passive_legion_commander,true,true,false,wh3_dlc29_character_passive_legion_commander,data/unit_stats/abilities/source_exports/db/special_ability_to_special_ability_phase_junctions_tables/data__.tsv,1473,9.0.1
1,wh3_dlc29_character_passive_mortarch_of_despair,true,false,false,wh3_dlc29_character_passive_mortarch_of_despair,data/unit_stats/abilities/source_exports/db/special_ability_to_special_ability_phase_junctions_tables/data__.tsv,1474,9.0.1
1,wh3_dlc29_character_passive_nurgles_rot,false,false,true,wh3_dlc29_character_passive_nurgles_rot,data/unit_stats/abilities/source_exports/db/special_ability_to_special_ability_phase_junctions_tables/data__.tsv,1475,9.0.1
1,wh3_dlc29_character_passive_winterborn_bastion,true,false,false,wh3_dlc29_character_passive_winterborn_bastion,data/unit_stats/abilities/source_exports/db/special_ability_to_special_ability_phase_junctions_tables/data__.tsv,1476,9.0.1
1,wh3_dlc29_cst_necrofex_colossus_abandon_ship_upgraded,true,false,false,wh3_dlc29_cst_necrofex_colossus_abandon_ship_upgraded,data/unit_stats/abilities/source_exports/db/special_ability_to_special_ability_phase_junctions_tables/data__.tsv,1477,9.0.1
1,wh3_dlc29_hero_abilities_blood_chalice,true,false,false,wh3_dlc29_hero_abililties_blood_chalice,data/unit_stats/abilities/source_exports/db/special_ability_to_special_ability_phase_junctions_tables/data__.tsv,1478,9.0.1
1,wh3_dlc29_hero_abilities_coat_in_blood,true,false,false,wh3_dlc29_hero_abilities_coat_in_blood,data/unit_stats/abilities/source_exports/db/special_ability_to_special_ability_phase_junctions_tables/data__.tsv,1479,9.0.1
1,wh3_dlc29_hero_abilities_whispering_mist,false,false,true,wh3_dlc29_hero_abilities_whispering_mist,data/unit_stats/abilities/source_exports/db/special_ability_to_special_ability_phase_junctions_tables/data__.tsv,1480,9.0.1
1,wh3_dlc29_hero_active_dispatch_the_swarm_attack,false,false,true,wh3_dlc29_hero_active_dispatch_the_swarm_attack,data/unit_stats/abilities/source_exports/db/special_ability_to_special_ability_phase_junctions_tables/data__.tsv,1481,9.0.1
1,wh3_dlc29_hero_active_dispatch_the_swarm_attack_upgraded,false,false,true,wh3_dlc29_hero_active_dispatch_the_swarm_attack_upgraded,data/unit_stats/abilities/source_exports/db/special_ability_to_special_ability_phase_junctions_tables/data__.tsv,1482,9.0.1
1,wh3_dlc29_hero_active_dispatch_the_swarm_protect,true,true,false,wh3_dlc29_hero_active_dispatch_the_swarm_protect,data/unit_stats/abilities/source_exports/db/special_ability_to_special_ability_phase_junctions_tables/data__.tsv,1483,9.0.1
1,wh3_dlc29_hero_active_dispatch_the_swarm_protect_upgraded,true,true,false,wh3_dlc29_hero_active_dispatch_the_swarm_protect_upgraded,data/unit_stats/abilities/source_exports/db/special_ability_to_special_ability_phase_junctions_tables/data__.tsv,1484,9.0.1
1,wh3_dlc29_hero_active_ghostly_howl,false,false,true,wh3_dlc29_hero_active_ghostly_howl,data/unit_stats/abilities/source_exports/db/special_ability_to_special_ability_phase_junctions_tables/data__.tsv,1485,9.0.1
1,wh3_dlc29_hero_active_glory_seeker,false,false,true,wh3_dlc29_hero_active_glory_seeker,data/unit_stats/abilities/source_exports/db/special_ability_to_special_ability_phase_junctions_tables/data__.tsv,1486,9.0.1
1,wh3_dlc29_hero_active_glory_seeker_upgraded,false,false,true,wh3_dlc29_hero_active_glory_seeker_upgraded,data/unit_stats/abilities/source_exports/db/special_ability_to_special_ability_phase_junctions_tables/data__.tsv,1487,9.0.1
1,wh3_dlc29_hero_active_overseer_of_the_unseen,false,true,false,wh3_dlc29_hero_active_overseer_of_the_unseen,data/unit_stats/abilities/source_exports/db/special_ability_to_special_ability_phase_junctions_tables/data__.tsv,1488,9.0.1
1,wh3_dlc29_hero_active_tendrils_of_the_sea,false,false,true,wh3_dlc29_hero_active_tendrils_of_the_sea,data/unit_stats/abilities/source_exports/db/special_ability_to_special_ability_phase_junctions_tables/data__.tsv,1489,9.0.1
1,wh3_dlc29_hero_passive_blessing_of_ulric,true,true,false,wh3_dlc29_hero_passive_blessing_of_ulric,data/unit_stats/abilities/source_exports/db/special_ability_to_special_ability_phase_junctions_tables/data__.tsv,1490,9.0.1
1,wh3_dlc29_hero_passive_champion_of_service,true,true,false,wh3_dlc29_hero_passive_champion_of_service,data/unit_stats/abilities/source_exports/db/special_ability_to_special_ability_phase_junctions_tables/data__.tsv,1491,9.0.1
1,wh3_dlc29_hero_passive_champion_of_service_upgraded,true,true,false,wh3_dlc29_hero_passive_champion_of_service_upgraded,data/unit_stats/abilities/source_exports/db/special_ability_to_special_ability_phase_junctions_tables/data__.tsv,1492,9.0.1
1,wh3_dlc29_hero_passive_channel_the_divine,true,true,false,wh3_dlc29_hero_passive_channel_the_divine,data/unit_stats/abilities/source_exports/db/special_ability_to_special_ability_phase_junctions_tables/data__.tsv,1493,9.0.1
1,wh3_dlc29_hero_passive_daemon_flies,false,false,true,wh3_dlc29_hero_passive_daemon_flies,data/unit_stats/abilities/source_exports/db/special_ability_to_special_ability_phase_junctions_tables/data__.tsv,1494,9.0.1
1,wh3_dlc29_hero_passive_daemonic_acid_ichor,true,false,false,wh3_dlc29_hero_passive_daemonic_acid_ichor_self,data/unit_stats/abilities/source_exports/db/special_ability_to_special_ability_phase_junctions_tables/data__.tsv,1495,9.0.1
2,wh3_dlc29_hero_passive_daemonic_acid_ichor,false,false,true,wh3_dlc29_hero_passive_daemonic_acid_ichor_enemy,data/unit_stats/abilities/source_exports/db/special_ability_to_special_ability_phase_junctions_tables/data__.tsv,1496,9.0.1
1,wh3_dlc29_hero_passive_dominate,false,false,true,wh3_dlc29_hero_passive_dominate,data/unit_stats/abilities/source_exports/db/special_ability_to_special_ability_phase_junctions_tables/data__.tsv,1497,9.0.1
1,wh3_dlc29_hero_passive_hold_the_line,true,true,false,wh3_dlc29_hero_passive_hold_the_line,data/unit_stats/abilities/source_exports/db/special_ability_to_special_ability_phase_junctions_tables/data__.tsv,1498,9.0.1
1,wh3_dlc29_hero_passive_impetuous_courage,true,false,false,wh3_dlc29_hero_passive_impetuous_courage,data/unit_stats/abilities/source_exports/db/special_ability_to_special_ability_phase_junctions_tables/data__.tsv,1499,9.0.1
1,wh3_dlc29_hero_passive_invigorator_of_the_dead,true,true,false,wh3_dlc29_hero_passive_invigorator_of_the_dead,data/unit_stats/abilities/source_exports/db/special_ability_to_special_ability_phase_junctions_tables/data__.tsv,1500,9.0.1
1,wh3_dlc29_hero_passive_kraken_hunter,true,false,false,wh3_dlc29_hero_passive_kraken_hunter,data/unit_stats/abilities/source_exports/db/special_ability_to_special_ability_phase_junctions_tables/data__.tsv,1501,9.0.1
1,wh3_dlc29_hero_passive_lethal_duelist,true,false,false,wh3_dlc29_hero_passive_lethal_duelist,data/unit_stats/abilities/source_exports/db/special_ability_to_special_ability_phase_junctions_tables/data__.tsv,1502,9.0.1
1,wh3_dlc29_hero_passive_lord_of_nurglings,false,true,false,wh3_dlc29_hero_passive_lord_of_nurglings,data/unit_stats/abilities/source_exports/db/special_ability_to_special_ability_phase_junctions_tables/data__.tsv,1503,9.0.1
1,wh3_dlc29_hero_passive_mark_blight_squire,true,true,false,wh3_dlc29_hero_passive_mark_blight_squire,data/unit_stats/abilities/source_exports/db/special_ability_to_special_ability_phase_junctions_tables/data__.tsv,1504,9.0.1
1,wh3_dlc29_hero_passive_sacred_oath,true,false,false,wh3_dlc29_hero_passive_sacred_oath,data/unit_stats/abilities/source_exports/db/special_ability_to_special_ability_phase_junctions_tables/data__.tsv,1505,9.0.1
1,wh3_dlc29_hero_passive_seduction,false,false,true,wh3_dlc29_hero_passive_seduction,data/unit_stats/abilities/source_exports/db/special_ability_to_special_ability_phase_junctions_tables/data__.tsv,1506,9.0.1
1,wh3_dlc29_hero_passive_sworn_bodyguard,false,true,false,wh3_dlc29_hero_passive_sworn_bodyguard,data/unit_stats/abilities/source_exports/db/special_ability_to_special_ability_phase_junctions_tables/data__.tsv,1507,9.0.1
1,wh3_dlc29_hero_passive_sworn_bodyguard_upgraded,false,true,false,wh3_dlc29_hero_passive_sworn_bodyguard_upgraded,data/unit_stats/abilities/source_exports/db/special_ability_to_special_ability_phase_junctions_tables/data__.tsv,1508,9.0.1
1,wh3_dlc29_hero_passive_tripletongue,false,false,true,wh3_dlc29_hero_passive_tripletongue,data/unit_stats/abilities/source_exports/db/special_ability_to_special_ability_phase_junctions_tables/data__.tsv,1509,9.0.1
1,wh3_dlc29_hero_passive_whippermaw,false,false,true,wh3_dlc29_hero_passive_whippermaw,data/unit_stats/abilities/source_exports/db/special_ability_to_special_ability_phase_junctions_tables/data__.tsv,1510,9.0.1
1,wh3_dlc29_item_abilities_alakanash_the_staff_of_power,false,false,true,wh3_dlc29_item_abilities_alakanash_the_staff_of_power,data/unit_stats/abilities/source_exports/db/special_ability_to_special_ability_phase_junctions_tables/data__.tsv,1511,9.0.1
1,wh3_dlc29_item_abilities_armour_of_the_burrows,false,false,true,wh3_dlc29_item_abilities_armour_of_the_burrows,data/unit_stats/abilities/source_exports/db/special_ability_to_special_ability_phase_junctions_tables/data__.tsv,1512,9.0.1
1,wh3_dlc29_item_abilities_black_axe_of_krell,true,false,false,wh3_dlc29_item_abilities_black_axe_of_krell,data/unit_stats/abilities/source_exports/db/special_ability_to_special_ability_phase_junctions_tables/data__.tsv,1513,9.0.1
1,wh3_dlc29_item_abilities_collar_of_shapesh,true,false,false,wh3_dlc29_item_abilities_collar_of_shapesh,data/unit_stats/abilities/source_exports/db/special_ability_to_special_ability_phase_junctions_tables/data__.tsv,1514,9.0.1
1,wh3_dlc29_item_abilities_crimson_blade,true,false,false,wh3_dlc29_item_abilities_crimson_blade_i,data/unit_stats/abilities/source_exports/db/special_ability_to_special_ability_phase_junctions_tables/data__.tsv,1515,9.0.1
2,wh3_dlc29_item_abilities_crimson_blade,true,false,false,wh3_dlc29_item_abilities_crimson_blade_ii,data/unit_stats/abilities/source_exports/db/special_ability_to_special_ability_phase_junctions_tables/data__.tsv,1516,9.0.1
3,wh3_dlc29_item_abilities_crimson_blade,true,false,false,wh3_dlc29_item_abilities_crimson_blade_iii,data/unit_stats/abilities/source_exports/db/special_ability_to_special_ability_phase_junctions_tables/data__.tsv,1517,9.0.1
1,wh3_dlc29_item_abilities_doom_glaive,true,false,false,wh3_dlc29_item_abilities_doom_glaive,data/unit_stats/abilities/source_exports/db/special_ability_to_special_ability_phase_junctions_tables/data__.tsv,1518,9.0.1
1,wh3_dlc29_item_abilities_enhanced_skavenbrew,true,true,false,wh3_dlc29_item_abilities_enhanced_skavenbrew,data/unit_stats/abilities/source_exports/db/special_ability_to_special_ability_phase_junctions_tables/data__.tsv,1519,9.0.1
1,wh3_dlc29_item_abilities_icon_of_the_king,true,true,false,wh3_dlc29_item_abilities_icon_of_the_king,data/unit_stats/abilities/source_exports/db/special_ability_to_special_ability_phase_junctions_tables/data__.tsv,1520,9.0.1
1,wh3_dlc29_item_abilities_morikhane_the_black_armour,false,false,true,wh3_dlc29_item_abilities_morikhane_the_black_armour,data/unit_stats/abilities/source_exports/db/special_ability_to_special_ability_phase_junctions_tables/data__.tsv,1521,9.0.1
1,wh3_dlc29_item_abilities_plaguereaper,false,false,true,wh3_dlc29_item_abilities_plaguereaper_1,data/unit_stats/abilities/source_exports/db/special_ability_to_special_ability_phase_junctions_tables/data__.tsv,1522,9.0.1
2,wh3_dlc29_item_abilities_plaguereaper,true,false,false,wh3_dlc29_item_abilities_plaguereaper_2,data/unit_stats/abilities/source_exports/db/special_ability_to_special_ability_phase_junctions_tables/data__.tsv,1523,9.0.1
1,wh3_dlc29_item_abilities_punch_dagger,false,false,true,wh3_dlc29_item_abilities_punch_dagger,data/unit_stats/abilities/source_exports/db/special_ability_to_special_ability_phase_junctions_tables/data__.tsv,1524,9.0.1
1,wh3_dlc29_item_abilities_scry_orb,true,false,false,wh3_dlc29_item_abilities_scry_orb,data/unit_stats/abilities/source_exports/db/special_ability_to_special_ability_phase_junctions_tables/data__.tsv,1525,9.0.1
1,wh3_dlc29_item_abilities_warp_amulet,true,false,false,wh3_dlc29_item_abilities_warp_amulet,data/unit_stats/abilities/source_exports/db/special_ability_to_special_ability_phase_junctions_tables/data__.tsv,1526,9.0.1
1,wh3_dlc29_item_abilities_warpstiletto,false,false,true,wh3_dlc29_item_abilities_warpstiletto,data/unit_stats/abilities/source_exports/db/special_ability_to_special_ability_phase_junctions_tables/data__.tsv,1527,9.0.1
1,wh3_dlc29_item_abilities_warpstone_tokens,true,false,false,wh3_dlc29_item_abilities_warpstone_tokens,data/unit_stats/abilities/source_exports/db/special_ability_to_special_ability_phase_junctions_tables/data__.tsv,1528,9.0.1
1,wh3_dlc29_item_abilities_whispering_skull,true,false,false,wh3_dlc29_item_abilities_whispering_skull,data/unit_stats/abilities/source_exports/db/special_ability_to_special_ability_phase_junctions_tables/data__.tsv,1529,9.0.1
1,wh3_dlc29_item_abilities_wristbands_of_black_gold,true,false,false,wh3_dlc29_item_abilities_wristbands_of_black_gold,data/unit_stats/abilities/source_exports/db/special_ability_to_special_ability_phase_junctions_tables/data__.tsv,1530,9.0.1
1,wh3_dlc29_item_abilities_zefet_nebtar_the_mortis_blade,false,false,true,wh3_dlc29_item_abilities_zefet_nebtar_the_mortis_blade,data/unit_stats/abilities/source_exports/db/special_ability_to_special_ability_phase_junctions_tables/data__.tsv,1531,9.0.1
1,wh3_dlc29_item_active_ethracs_brazier,false,false,true,wh3_dlc29_item_active_ethracs_brazier,data/unit_stats/abilities/source_exports/db/special_ability_to_special_ability_phase_junctions_tables/data__.tsv,1532,9.0.1
1,wh3_dlc29_item_active_harvestmans_scythe,true,false,false,wh3_dlc29_item_active_harvestmans_scythe,data/unit_stats/abilities/source_exports/db/special_ability_to_special_ability_phase_junctions_tables/data__.tsv,1533,9.0.1
1,wh3_dlc29_item_active_mark_of_the_plague_fleet,false,false,true,wh3_dlc29_item_active_mark_of_the_plague_fleet,data/unit_stats/abilities/source_exports/db/special_ability_to_special_ability_phase_junctions_tables/data__.tsv,1534,9.0.1
1,wh3_dlc29_item_active_ottos_scythe,false,false,true,wh3_dlc29_item_active_ottos_scythe,data/unit_stats/abilities/source_exports/db/special_ability_to_special_ability_phase_junctions_tables/data__.tsv,1535,9.0.1
1,wh3_dlc29_item_active_rot_pocked_axe,true,false,false,wh3_dlc29_item_active_rot_pocked_axe_self,data/unit_stats/abilities/source_exports/db/special_ability_to_special_ability_phase_junctions_tables/data__.tsv,1536,9.0.1
2,wh3_dlc29_item_active_rot_pocked_axe,false,true,false,wh3_dlc29_item_active_rot_pocked_axe_allies,data/unit_stats/abilities/source_exports/db/special_ability_to_special_ability_phase_junctions_tables/data__.tsv,1537,9.0.1
1,wh3_dlc29_item_active_the_rotaxes,true,false,false,wh3_dlc29_item_active_the_rotaxes,data/unit_stats/abilities/source_exports/db/special_ability_to_special_ability_phase_junctions_tables/data__.tsv,1538,9.0.1
1,wh3_dlc29_item_passive_armour_of_rot_eternal,true,false,false,wh3_dlc29_item_passive_armour_of_rot_eternal,data/unit_stats/abilities/source_exports/db/special_ability_to_special_ability_phase_junctions_tables/data__.tsv,1539,9.0.1
1,wh3_dlc29_item_passive_blood_dragon_standard,true,true,false,wh3_dlc29_item_passive_blood_dragon_standard,data/unit_stats/abilities/source_exports/db/special_ability_to_special_ability_phase_junctions_tables/data__.tsv,1540,9.0.1
1,wh3_dlc29_item_passive_doombells,true,false,false,wh3_dlc29_item_passive_doombells_self,data/unit_stats/abilities/source_exports/db/special_ability_to_special_ability_phase_junctions_tables/data__.tsv,1541,9.0.1
2,wh3_dlc29_item_passive_doombells,false,false,true,wh3_dlc29_item_passive_doombells_enemies,data/unit_stats/abilities/source_exports/db/special_ability_to_special_ability_phase_junctions_tables/data__.tsv,1542,9.0.1
1,wh3_dlc29_item_passive_fleshreaper_scythe,true,true,false,wh3_dlc29_item_passive_fleshreaper_scythe,data/unit_stats/abilities/source_exports/db/special_ability_to_special_ability_phase_junctions_tables/data__.tsv,1543,9.0.1
1,wh3_dlc29_item_passive_gem_of_blood,true,false,false,wh3_dlc29_item_passive_gem_of_blood,data/unit_stats/abilities/source_exports/db/special_ability_to_special_ability_phase_junctions_tables/data__.tsv,1544,9.0.1
1,wh3_dlc29_item_passive_ruby_of_lahmia,true,false,false,wh3_dlc29_item_abilities_ruby_of_lahmia,data/unit_stats/abilities/source_exports/db/special_ability_to_special_ability_phase_junctions_tables/data__.tsv,1545,9.0.1
1,wh3_dlc29_item_passive_staff_of_the_great_horned_rat,true,false,false,wh3_dlc29_item_passive_staff_of_the_great_horned_rat,data/unit_stats/abilities/source_exports/db/special_ability_to_special_ability_phase_junctions_tables/data__.tsv,1546,9.0.1
1,wh3_dlc29_item_passive_talisman_of_ulric,true,false,false,wh3_dlc29_item_passive_talisman_of_ulric,data/unit_stats/abilities/source_exports/db/special_ability_to_special_ability_phase_junctions_tables/data__.tsv,1547,9.0.1
1,wh3_dlc29_item_passive_the_flail_of_a_thousand_coughs,false,false,true,wh3_dlc29_item_passive_the_flail_of_a_thousand_coughs,data/unit_stats/abilities/source_exports/db/special_ability_to_special_ability_phase_junctions_tables/data__.tsv,1548,9.0.1
1,wh3_dlc29_lord_abilities_bastet,false,false,true,wh3_dlc29_lord_abilities_bastet,data/unit_stats/abilities/source_exports/db/special_ability_to_special_ability_phase_junctions_tables/data__.tsv,1549,9.0.1
1,wh3_dlc29_lord_abilities_doom_lord,true,true,false,wh3_dlc29_lord_abilities_doom_lord,data/unit_stats/abilities/source_exports/db/special_ability_to_special_ability_phase_junctions_tables/data__.tsv,1550,9.0.1
1,wh3_dlc29_lord_abilities_gaze_of_usirian,false,false,true,wh3_dlc29_lord_abilities_gaze_of_usirian,data/unit_stats/abilities/source_exports/db/special_ability_to_special_ability_phase_junctions_tables/data__.tsv,1551,9.0.1
1,wh3_dlc29_lord_abilities_hellish_vigour,false,true,false,wh3_dlc29_lord_abilities_hellish_vigour,data/unit_stats/abilities/source_exports/db/special_ability_to_special_ability_phase_junctions_tables/data__.tsv,1552,9.0.1
1,wh3_dlc29_lord_abilities_hellish_vigour_upgraded,false,true,false,wh3_dlc29_lord_abilities_hellish_vigour,data/unit_stats/abilities/source_exports/db/special_ability_to_special_ability_phase_junctions_tables/data__.tsv,1553,9.0.1
1,wh3_dlc29_lord_abilities_in_the_name_of_war,false,false,true,wh3_dlc29_lord_abilities_in_the_name_of_war,data/unit_stats/abilities/source_exports/db/special_ability_to_special_ability_phase_junctions_tables/data__.tsv,1554,9.0.1
1,wh3_dlc29_lord_abilities_lightning_reflexes,true,false,false,wh3_dlc29_lord_abilities_lightning_reflexes,data/unit_stats/abilities/source_exports/db/special_ability_to_special_ability_phase_junctions_tables/data__.tsv,1555,9.0.1
1,wh3_dlc29_lord_abilities_otherworldly_pestilence,false,false,true,wh3_dlc29_lord_abilities_otherworldly_pestilence,data/unit_stats/abilities/source_exports/db/special_ability_to_special_ability_phase_junctions_tables/data__.tsv,1556,9.0.1
1,wh3_dlc29_lord_abilities_transfix,false,false,true,wh3_dlc29_lord_abilities_transfix,data/unit_stats/abilities/source_exports/db/special_ability_to_special_ability_phase_junctions_tables/data__.tsv,1557,9.0.1
1,wh3_dlc29_lord_abilities_verminous_fury,false,true,false,wh3_dlc29_lord_abilities_verminous_fury,data/unit_stats/abilities/source_exports/db/special_ability_to_special_ability_phase_junctions_tables/data__.tsv,1558,9.0.1
1,wh3_dlc29_lord_abilities_warpstone_addiction,true,false,false,wh3_dlc29_item_abilities_warpstone_addiction,data/unit_stats/abilities/source_exports/db/special_ability_to_special_ability_phase_junctions_tables/data__.tsv,1559,9.0.1
1,wh3_dlc29_lord_abilities_will_of_the_verminking,false,true,false,wh3_dlc29_lord_abilities_will_of_the_verminking_1,data/unit_stats/abilities/source_exports/db/special_ability_to_special_ability_phase_junctions_tables/data__.tsv,1560,9.0.1
2,wh3_dlc29_lord_abilities_will_of_the_verminking,false,false,true,wh3_dlc29_lord_abilities_will_of_the_verminking_2,data/unit_stats/abilities/source_exports/db/special_ability_to_special_ability_phase_junctions_tables/data__.tsv,1561,9.0.1
1,wh3_dlc29_lord_active_commanding_presence,true,true,false,wh3_dlc29_lord_active_commanding_presence,data/unit_stats/abilities/source_exports/db/special_ability_to_special_ability_phase_junctions_tables/data__.tsv,1562,9.0.1
1,wh3_dlc29_lord_passive_arcane_leech,false,false,true,wh3_dlc29_lord_passive_arcane_leech_enemy,data/unit_stats/abilities/source_exports/db/special_ability_to_special_ability_phase_junctions_tables/data__.tsv,1563,9.0.1
1,wh3_dlc29_lord_passive_arcane_leech,true,false,false,wh3_dlc29_lord_passive_arcane_leech_self,data/unit_stats/abilities/source_exports/db/special_ability_to_special_ability_phase_junctions_tables/data__.tsv,1564,9.0.1
1,wh3_dlc29_lord_passive_arch_necromancer,false,false,true,wh3_dlc29_lord_passive_arch_necromancer,data/unit_stats/abilities/source_exports/db/special_ability_to_special_ability_phase_junctions_tables/data__.tsv,1565,9.0.1
1,wh3_dlc29_lord_passive_dark_protection,true,true,false,wh3_dlc29_lord_passive_dark_protection,data/unit_stats/abilities/source_exports/db/special_ability_to_special_ability_phase_junctions_tables/data__.tsv,1566,9.0.1
1,wh3_dlc29_lord_passive_dark_protection_upgraded,true,true,false,wh3_dlc29_lord_passive_dark_protection_upgraded,data/unit_stats/abilities/source_exports/db/special_ability_to_special_ability_phase_junctions_tables/data__.tsv,1567,9.0.1
1,wh3_dlc29_lord_passive_greater_hunger,true,false,false,wh3_dlc29_lord_passive_greater_hunger,data/unit_stats/abilities/source_exports/db/special_ability_to_special_ability_phase_junctions_tables/data__.tsv,1568,9.0.1
1,wh3_dlc29_lord_passive_liche_ascendant,false,false,true,wh3_dlc29_lord_passive_liche_ascendant,data/unit_stats/abilities/source_exports/db/special_ability_to_special_ability_phase_junctions_tables/data__.tsv,1569,9.0.1
1,wh3_dlc29_lord_passive_lords_of_nurgle,true,true,false,wh3_dlc29_lord_passive_lords_of_nurgle,data/unit_stats/abilities/source_exports/db/special_ability_to_special_ability_phase_junctions_tables/data__.tsv,1570,9.0.1
1,wh3_dlc29_lord_passive_mark_filth_seer,true,false,false,wh3_dlc29_lord_passive_mark_filth_seer_self,data/unit_stats/abilities/source_exports/db/special_ability_to_special_ability_phase_junctions_tables/data__.tsv,1571,9.0.1
2,wh3_dlc29_lord_passive_mark_filth_seer,false,true,false,wh3_dlc29_lord_passive_mark_filth_seer_ally,data/unit_stats/abilities/source_exports/db/special_ability_to_special_ability_phase_junctions_tables/data__.tsv,1572,9.0.1
1,wh3_dlc29_lord_passive_presence_of_the_emperor,true,true,false,wh3_dlc29_lord_passive_presence_of_the_emperor,data/unit_stats/abilities/source_exports/db/special_ability_to_special_ability_phase_junctions_tables/data__.tsv,1573,9.0.1
1,wh3_dlc29_lord_passive_protection_of_the_great_horned_rat,true,false,false,wh3_dlc29_lord_passive_protection_of_the_great_horned_rat,data/unit_stats/abilities/source_exports/db/special_ability_to_special_ability_phase_junctions_tables/data__.tsv,1574,9.0.1
1,wh3_dlc29_lord_passive_shrouded_in_darkness,false,false,true,wh3_dlc29_lord_passive_shrouded_in_darkness_1,data/unit_stats/abilities/source_exports/db/special_ability_to_special_ability_phase_junctions_tables/data__.tsv,1575,9.0.1
2,wh3_dlc29_lord_passive_shrouded_in_darkness,true,false,false,wh3_dlc29_lord_passive_shrouded_in_darkness_2,data/unit_stats/abilities/source_exports/db/special_ability_to_special_ability_phase_junctions_tables/data__.tsv,1576,9.0.1
1,wh3_dlc29_lord_passive_standard_of_the_white_wolf,true,true,false,wh3_dlc29_lord_passive_standard_of_the_white_wolf,data/unit_stats/abilities/source_exports/db/special_ability_to_special_ability_phase_junctions_tables/data__.tsv,1577,9.0.1
1,wh3_dlc29_lord_passive_twilights_allure,false,false,true,wh3_dlc29_lord_passive_twilights_allure,data/unit_stats/abilities/source_exports/db/special_ability_to_special_ability_phase_junctions_tables/data__.tsv,1578,9.0.1
1,wh3_dlc29_lord_passive_unholy_trinity,true,false,false,wh3_dlc29_lord_passive_unholy_trinity,data/unit_stats/abilities/source_exports/db/special_ability_to_special_ability_phase_junctions_tables/data__.tsv,1579,9.0.1
1,wh3_dlc29_lord_passive_warmongering_murmur,false,true,false,wh3_dlc29_lord_passive_warmongering_murmur,data/unit_stats/abilities/source_exports/db/special_ability_to_special_ability_phase_junctions_tables/data__.tsv,1580,9.0.1
1,wh3_dlc29_lore_passive_raise_the_dead,true,true,false,wh3_dlc29_lore_passive_raise_the_dead,data/unit_stats/abilities/source_exports/db/special_ability_to_special_ability_phase_junctions_tables/data__.tsv,1581,9.0.1
2,wh3_dlc29_lore_passive_raise_the_dead,true,false,false,wh3_dlc29_lore_passive_raise_the_dead_mana,data/unit_stats/abilities/source_exports/db/special_ability_to_special_ability_phase_junctions_tables/data__.tsv,1582,9.0.1
1,wh3_dlc29_mount_abilities_feaster_of_souls,false,false,true,wh3_dlc29_mount_abilities_feaster_of_souls,data/unit_stats/abilities/source_exports/db/special_ability_to_special_ability_phase_junctions_tables/data__.tsv,1583,9.0.1
1,wh3_dlc29_mount_passive_daemon_flesh,true,false,false,wh3_dlc29_mount_passive_daemon_flesh,data/unit_stats/abilities/source_exports/db/special_ability_to_special_ability_phase_junctions_tables/data__.tsv,1584,9.0.1
1,wh3_dlc29_mount_passive_decadent_miasma,false,false,true,wh3_dlc29_mount_passive_decadent_miasma,data/unit_stats/abilities/source_exports/db/special_ability_to_special_ability_phase_junctions_tables/data__.tsv,1585,9.0.1
1,wh3_dlc29_mount_passive_unholiest_relic,false,true,false,wh3_dlc29_mount_passive_unholiest_relic,data/unit_stats/abilities/source_exports/db/special_ability_to_special_ability_phase_junctions_tables/data__.tsv,1586,9.0.1
1,wh3_dlc29_passive_spell_death_doom_and_darkness,false,false,true,wh3_dlc29_passive_spell_death_doom_and_darkness,data/unit_stats/abilities/source_exports/db/special_ability_to_special_ability_phase_junctions_tables/data__.tsv,1587,9.0.1
1,wh3_dlc29_passive_spell_death_spirit_leech,false,false,true,wh3_dlc29_passive_spell_death_spirit_leech,data/unit_stats/abilities/source_exports/db/special_ability_to_special_ability_phase_junctions_tables/data__.tsv,1588,9.0.1
1,wh3_dlc29_passive_spell_light_light_of_battle,false,true,false,wh3_dlc29_passive_spell_light_light_of_battle,data/unit_stats/abilities/source_exports/db/special_ability_to_special_ability_phase_junctions_tables/data__.tsv,1589,9.0.1
1,wh3_dlc29_passive_spell_light_shems_burning_gaze,false,false,true,wh3_dlc29_passive_spell_projectile_dummy,data/unit_stats/abilities/source_exports/db/special_ability_to_special_ability_phase_junctions_tables/data__.tsv,1590,9.0.1
1,wh3_dlc29_passive_spell_nehekhara_nerus_incantation_of_protection,true,false,false,wh3_dlc29_passive_spell_nehekhara_nerus_incantation_of_protection,data/unit_stats/abilities/source_exports/db/special_ability_to_special_ability_phase_junctions_tables/data__.tsv,1591,9.0.1
1,wh3_dlc29_passive_spell_nehekhara_usirians_incantation_of_vengeance,false,false,true,wh3_dlc29_passive_spell_nehekhara_usirians_incantation_of_vengeance,data/unit_stats/abilities/source_exports/db/special_ability_to_special_ability_phase_junctions_tables/data__.tsv,1592,9.0.1
1,wh3_dlc29_passive_spell_vampires_curse_of_years,false,false,true,wh3_dlc29_passive_spell_vampires_curse_of_years,data/unit_stats/abilities/source_exports/db/special_ability_to_special_ability_phase_junctions_tables/data__.tsv,1593,9.0.1
1,wh3_dlc29_passive_spell_vampires_gaze_of_nagash,false,false,true,wh3_dlc29_passive_spell_projectile_dummy,data/unit_stats/abilities/source_exports/db/special_ability_to_special_ability_phase_junctions_tables/data__.tsv,1594,9.0.1
1,wh3_dlc29_passive_spell_vampires_invocation_of_nehek,false,true,false,wh3_dlc29_passive_spell_vampires_invocation_of_nehek,data/unit_stats/abilities/source_exports/db/special_ability_to_special_ability_phase_junctions_tables/data__.tsv,1595,9.0.1
1,wh3_dlc29_spell_bound_curse_of_years,true,false,false,wh3_dlc29_unit_abilities_bound_curse_of_years,data/unit_stats/abilities/source_exports/db/special_ability_to_special_ability_phase_junctions_tables/data__.tsv,1596,9.0.1
1,wh3_dlc29_spell_bound_eye_gouger,true,false,false,wh3_dlc29_spell_bound_eye_gouger,data/unit_stats/abilities/source_exports/db/special_ability_to_special_ability_phase_junctions_tables/data__.tsv,1597,9.0.1
1,wh3_dlc29_spell_bound_eye_jabber,true,false,false,wh3_dlc29_spell_bound_eye_jabber,data/unit_stats/abilities/source_exports/db/special_ability_to_special_ability_phase_junctions_tables/data__.tsv,1598,9.0.1
1,wh3_dlc29_spell_bound_invocation_of_nehek,true,false,false,wh_main_spell_vampires_invocation_of_nehek,data/unit_stats/abilities/source_exports/db/special_ability_to_special_ability_phase_junctions_tables/data__.tsv,1599,9.0.1
1,wh3_dlc29_spell_bound_okkams_mindrazor,true,false,false,wh_dlc05_spell_shadow_okkams_mindrazor,data/unit_stats/abilities/source_exports/db/special_ability_to_special_ability_phase_junctions_tables/data__.tsv,1600,9.0.1
1,wh3_dlc29_spell_bound_prayer_battle_howl,true,true,false,wh3_dlc29_spell_bound_prayer_battle_howl,data/unit_stats/abilities/source_exports/db/special_ability_to_special_ability_phase_junctions_tables/data__.tsv,1601,9.0.1
1,wh3_dlc29_spell_bound_prayer_ferocious_battle_howl,true,true,false,wh3_dlc29_spell_bound_prayer_ferocious_battle_howl,data/unit_stats/abilities/source_exports/db/special_ability_to_special_ability_phase_junctions_tables/data__.tsv,1602,9.0.1
1,wh3_dlc29_spell_bound_prayer_ferocious_fury_of_ulric,true,true,false,wh3_dlc29_spell_bound_prayer_ferocious_fury_of_ulric,data/unit_stats/abilities/source_exports/db/special_ability_to_special_ability_phase_junctions_tables/data__.tsv,1603,9.0.1
1,wh3_dlc29_spell_bound_prayer_ferocious_winters_chill,false,false,true,wh3_dlc29_spell_bound_prayer_ferocious_winters_chill,data/unit_stats/abilities/source_exports/db/special_ability_to_special_ability_phase_junctions_tables/data__.tsv,1604,9.0.1
1,wh3_dlc29_spell_bound_prayer_fury_of_ulric,true,true,false,wh3_dlc29_spell_bound_prayer_fury_of_ulric,data/unit_stats/abilities/source_exports/db/special_ability_to_special_ability_phase_junctions_tables/data__.tsv,1605,9.0.1
1,wh3_dlc29_spell_bound_prayer_winters_chill,false,false,true,wh3_dlc29_spell_bound_prayer_winters_chill,data/unit_stats/abilities/source_exports/db/special_ability_to_special_ability_phase_junctions_tables/data__.tsv,1606,9.0.1
1,wh3_dlc29_spell_bound_skitterleap,true,false,false,wh3_dlc29_spell_bound_skitterleap,data/unit_stats/abilities/source_exports/db/special_ability_to_special_ability_phase_junctions_tables/data__.tsv,1607,9.0.1
1,wh3_dlc29_spell_bound_soulblight,true,false,false,wh3_dlc29_unit_abilities_bound_soulblight,data/unit_stats/abilities/source_exports/db/special_ability_to_special_ability_phase_junctions_tables/data__.tsv,1608,9.0.1
1,wh3_dlc29_spell_bound_storm_hammer,true,false,false,wh3_dlc29_spell_bound_storm_hammer,data/unit_stats/abilities/source_exports/db/special_ability_to_special_ability_phase_junctions_tables/data__.tsv,1609,9.0.1
1,wh3_dlc29_spell_bound_undeath_khizaar_the_soulstealer,false,false,true,wh3_dlc29_spell_undeath_khizaar_the_soulstealer,data/unit_stats/abilities/source_exports/db/special_ability_to_special_ability_phase_junctions_tables/data__.tsv,1610,9.0.1
1,wh3_dlc29_spell_bound_undeath_morkharn_breath_of_darkness,true,true,false,wh3_dlc29_spell_undeath_morkharn_breath_of_darkness,data/unit_stats/abilities/source_exports/db/special_ability_to_special_ability_phase_junctions_tables/data__.tsv,1611,9.0.1
1,wh3_dlc29_spell_bound_undeath_morkharn_breath_of_darkness_upgraded,true,true,false,wh3_dlc29_spell_undeath_morkharn_breath_of_darkness_upgraded,data/unit_stats/abilities/source_exports/db/special_ability_to_special_ability_phase_junctions_tables/data__.tsv,1612,9.0.1
1,wh3_dlc29_spell_bound_undeath_sulekhim_hand_of_dust,true,true,false,wh3_dlc29_spell_undeath_sulekhim_hand_of_dust,data/unit_stats/abilities/source_exports/db/special_ability_to_special_ability_phase_junctions_tables/data__.tsv,1613,9.0.1
1,wh3_dlc29_spell_protector_of_the_empire,true,false,false,wh3_dlc29_spell_passive_protector_of_the_empie,data/unit_stats/abilities/source_exports/db/special_ability_to_special_ability_phase_junctions_tables/data__.tsv,1614,9.0.1
1,wh3_dlc29_spell_undeath_khizaar_the_soulstealer,false,false,true,wh3_dlc29_spell_undeath_khizaar_the_soulstealer,data/unit_stats/abilities/source_exports/db/special_ability_to_special_ability_phase_junctions_tables/data__.tsv,1615,9.0.1
1,wh3_dlc29_spell_undeath_khizaar_the_soulstealer_upgraded,false,false,true,wh3_dlc29_spell_undeath_khizaar_the_soulstealer_upgraded,data/unit_stats/abilities/source_exports/db/special_ability_to_special_ability_phase_junctions_tables/data__.tsv,1616,9.0.1
1,wh3_dlc29_spell_undeath_morkharn_breath_of_darkness,true,true,false,wh3_dlc29_spell_undeath_morkharn_breath_of_darkness,data/unit_stats/abilities/source_exports/db/special_ability_to_special_ability_phase_junctions_tables/data__.tsv,1617,9.0.1
1,wh3_dlc29_spell_undeath_morkharn_breath_of_darkness_upgraded,true,true,false,wh3_dlc29_spell_undeath_morkharn_breath_of_darkness_upgraded,data/unit_stats/abilities/source_exports/db/special_ability_to_special_ability_phase_junctions_tables/data__.tsv,1618,9.0.1
1,wh3_dlc29_spell_undeath_sulekhim_hand_of_dust,true,true,false,wh3_dlc29_spell_undeath_sulekhim_hand_of_dust,data/unit_stats/abilities/source_exports/db/special_ability_to_special_ability_phase_junctions_tables/data__.tsv,1619,9.0.1
1,wh3_dlc29_spell_undeath_sulekhim_hand_of_dust_upgraded,true,true,false,wh3_dlc29_spell_undeath_sulekhim_hand_of_dust_upgraded,data/unit_stats/abilities/source_exports/db/special_ability_to_special_ability_phase_junctions_tables/data__.tsv,1620,9.0.1
1,wh3_dlc29_unit_abilities_battle_of_wills,false,false,true,wh3_dlc29_unit_abilities_battle_of_wills,data/unit_stats/abilities/source_exports/db/special_ability_to_special_ability_phase_junctions_tables/data__.tsv,1621,9.0.1
1,wh3_dlc29_unit_abilities_black_nimbus_upgraded,true,false,false,wh3_dlc29_unit_abilities_black_nimbus_upgraded,data/unit_stats/abilities/source_exports/db/special_ability_to_special_ability_phase_junctions_tables/data__.tsv,1622,9.0.1
1,wh3_dlc29_unit_abilities_blood_omens,false,false,true,wh3_dlc29_unit_abilities_blood_omens_enemies,data/unit_stats/abilities/source_exports/db/special_ability_to_special_ability_phase_junctions_tables/data__.tsv,1623,9.0.1
1,wh3_dlc29_unit_abilities_entice,true,false,false,wh3_dlc29_unit_abilities_entice,data/unit_stats/abilities/source_exports/db/special_ability_to_special_ability_phase_junctions_tables/data__.tsv,1624,9.0.1
1,wh3_dlc29_unit_abilities_lesser_tomb_swarm,false,false,true,wh3_dlc29_unit_abilities_lesser_tomb_swarm,data/unit_stats/abilities/source_exports/db/special_ability_to_special_ability_phase_junctions_tables/data__.tsv,1625,9.0.1
1,wh3_dlc29_unit_abilities_of_warp_and_ruin,true,false,false,wh3_dlc29_unit_abilities_of_warp_and_ruin,data/unit_stats/abilities/source_exports/db/special_ability_to_special_ability_phase_junctions_tables/data__.tsv,1626,9.0.1
1,wh3_dlc29_unit_abilities_raging_tornado,false,false,true,wh3_dlc29_unit_abilities_raging_tornado_1,data/unit_stats/abilities/source_exports/db/special_ability_to_special_ability_phase_junctions_tables/data__.tsv,1627,9.0.1
2,wh3_dlc29_unit_abilities_raging_tornado,false,false,true,wh3_dlc29_unit_abilities_raging_tornado_2,data/unit_stats/abilities/source_exports/db/special_ability_to_special_ability_phase_junctions_tables/data__.tsv,1628,9.0.1
3,wh3_dlc29_unit_abilities_raging_tornado,false,false,true,wh3_dlc29_unit_abilities_raging_tornado_3,data/unit_stats/abilities/source_exports/db/special_ability_to_special_ability_phase_junctions_tables/data__.tsv,1629,9.0.1
4,wh3_dlc29_unit_abilities_raging_tornado,false,false,true,wh3_dlc29_unit_abilities_raging_tornado_4,data/unit_stats/abilities/source_exports/db/special_ability_to_special_ability_phase_junctions_tables/data__.tsv,1630,9.0.1
1,wh3_dlc29_unit_abilities_stormfiend_seismic_snare,false,false,true,wh3_dlc29_unit_abilities_stormfiend_seismic_snare,data/unit_stats/abilities/source_exports/db/special_ability_to_special_ability_phase_junctions_tables/data__.tsv,1631,9.0.1
1,wh3_dlc29_unit_abilities_wrath_of_the_sands,true,true,false,wh3_dlc29_unit_abilities_wrath_of_the_sands,data/unit_stats/abilities/source_exports/db/special_ability_to_special_ability_phase_junctions_tables/data__.tsv,1632,9.0.1
2,wh3_dlc29_unit_abilities_wrath_of_the_sands,false,false,true,wh3_dlc29_unit_abilities_wrath_of_the_sands_enemies,data/unit_stats/abilities/source_exports/db/special_ability_to_special_ability_phase_junctions_tables/data__.tsv,1633,9.0.1
1,wh3_dlc29_unit_active_maleficient_gaze,false,false,true,wh3_dlc29_unit_active_maleficient_gaze_1,data/unit_stats/abilities/source_exports/db/special_ability_to_special_ability_phase_junctions_tables/data__.tsv,1634,9.0.1
2,wh3_dlc29_unit_active_maleficient_gaze,false,false,true,wh3_dlc29_unit_active_maleficient_gaze_2,data/unit_stats/abilities/source_exports/db/special_ability_to_special_ability_phase_junctions_tables/data__.tsv,1635,9.0.1
1,wh3_dlc29_unit_passive_aura_of_vitriol,false,false,true,wh3_dlc29_unit_passive_aura_of_vitriol,data/unit_stats/abilities/source_exports/db/special_ability_to_special_ability_phase_junctions_tables/data__.tsv,1636,9.0.1
1,wh3_dlc29_unit_passive_carnage,true,false,false,wh3_dlc29_unit_passive_carnage_i,data/unit_stats/abilities/source_exports/db/special_ability_to_special_ability_phase_junctions_tables/data__.tsv,1637,9.0.1
2,wh3_dlc29_unit_passive_carnage,true,false,false,wh3_dlc29_unit_passive_carnage_ii,data/unit_stats/abilities/source_exports/db/special_ability_to_special_ability_phase_junctions_tables/data__.tsv,1638,9.0.1
1,wh3_dlc29_unit_passive_chosen_of_the_plaguefather,true,false,false,wh3_dlc29_unit_passive_chosen_of_the_plaguefather,data/unit_stats/abilities/source_exports/db/special_ability_to_special_ability_phase_junctions_tables/data__.tsv,1639,9.0.1
1,wh3_dlc29_unit_passive_crush_the_weak,true,false,false,wh3_dlc29_unit_passive_crush_the_weak,data/unit_stats/abilities/source_exports/db/special_ability_to_special_ability_phase_junctions_tables/data__.tsv,1640,9.0.1
1,wh3_dlc29_unit_passive_doom_of_many,true,false,false,wh3_dlc29_unit_passive_doom_of_many,data/unit_stats/abilities/source_exports/db/special_ability_to_special_ability_phase_junctions_tables/data__.tsv,1641,9.0.1
1,wh3_dlc29_unit_passive_drakenhof_banner,true,false,false,wh3_dlc29_unit_passive_drakenhof_banner_i,data/unit_stats/abilities/source_exports/db/special_ability_to_special_ability_phase_junctions_tables/data__.tsv,1642,9.0.1
2,wh3_dlc29_unit_passive_drakenhof_banner,true,false,false,wh3_dlc29_unit_passive_drakenhof_banner_ii,data/unit_stats/abilities/source_exports/db/special_ability_to_special_ability_phase_junctions_tables/data__.tsv,1643,9.0.1
1,wh3_dlc29_unit_passive_faster_than_man,true,false,false,wh3_dlc29_unit_passive_faster_than_man,data/unit_stats/abilities/source_exports/db/special_ability_to_special_ability_phase_junctions_tables/data__.tsv,1644,9.0.1
1,wh3_dlc29_unit_passive_heralds_of_the_accursed_one,false,false,true,wh3_dlc29_unit_passive_heralds_of_the_accursed_one,data/unit_stats/abilities/source_exports/db/special_ability_to_special_ability_phase_junctions_tables/data__.tsv,1645,9.0.1
1,wh3_dlc29_unit_passive_humiliation_of_the_gods,false,false,true,wh3_dlc29_unit_passive_humiliation_of_the_gods_i_enemies,data/unit_stats/abilities/source_exports/db/special_ability_to_special_ability_phase_junctions_tables/data__.tsv,1646,9.0.1
1,wh3_dlc29_unit_passive_humiliation_of_the_gods,false,true,false,wh3_dlc29_unit_passive_humiliation_of_the_gods_i_allies,data/unit_stats/abilities/source_exports/db/special_ability_to_special_ability_phase_junctions_tables/data__.tsv,1647,9.0.1
1,wh3_dlc29_unit_passive_lieutenants_of_the_apocalypse,false,true,false,wh3_dlc29_unit_passive_lieutenants_of_the_apocalypse_allies,data/unit_stats/abilities/source_exports/db/special_ability_to_special_ability_phase_junctions_tables/data__.tsv,1648,9.0.1
1,wh3_dlc29_unit_passive_little_plague_i,false,false,true,wh3_dlc29_unit_passive_little_plague_v1,data/unit_stats/abilities/source_exports/db/special_ability_to_special_ability_phase_junctions_tables/data__.tsv,1649,9.0.1
2,wh3_dlc29_unit_passive_little_plague_ii,false,false,true,wh3_dlc29_unit_passive_little_plague_v2,data/unit_stats/abilities/source_exports/db/special_ability_to_special_ability_phase_junctions_tables/data__.tsv,1650,9.0.1
1,wh3_dlc29_unit_passive_locus_of_azyr,true,true,false,wh3_dlc29_unit_passive_locus_of_azyr,data/unit_stats/abilities/source_exports/db/special_ability_to_special_ability_phase_junctions_tables/data__.tsv,1651,9.0.1
1,wh3_dlc29_unit_passive_mistify,true,false,false,wh3_dlc29_unit_passive_mistify,data/unit_stats/abilities/source_exports/db/special_ability_to_special_ability_phase_junctions_tables/data__.tsv,1652,9.0.1
1,wh3_dlc29_unit_passive_mutant_rush,true,false,false,wh3_dlc29_unit_passive_mutant_rush,data/unit_stats/abilities/source_exports/db/special_ability_to_special_ability_phase_junctions_tables/data__.tsv,1653,9.0.1
1,wh3_dlc29_unit_passive_obliterate_the_weak,true,false,false,wh3_dlc29_unit_passive_obliterate_the_weak,data/unit_stats/abilities/source_exports/db/special_ability_to_special_ability_phase_junctions_tables/data__.tsv,1654,9.0.1
1,wh3_dlc29_unit_passive_portents_of_battle,true,true,false,wh3_dlc29_unit_passive_portents_of_battle,data/unit_stats/abilities/source_exports/db/special_ability_to_special_ability_phase_junctions_tables/data__.tsv,1655,9.0.1
1,wh3_dlc29_unit_passive_power_grab,true,true,false,wh2_dlc16_hero_passive_power_grab,data/unit_stats/abilities/source_exports/db/special_ability_to_special_ability_phase_junctions_tables/data__.tsv,1656,9.0.1
1,wh3_dlc29_unit_passive_protection_of_ulric,true,true,false,wh3_dlc29_unit_passive_protection_of_ulric,data/unit_stats/abilities/source_exports/db/special_ability_to_special_ability_phase_junctions_tables/data__.tsv,1657,9.0.1
1,wh3_dlc29_unit_passive_provide_aoe_stalk,false,true,false,wh3_dlc29_unit_passive_provide_aoe_stalk,data/unit_stats/abilities/source_exports/db/special_ability_to_special_ability_phase_junctions_tables/data__.tsv,1658,9.0.1
1,wh3_dlc29_unit_passive_scrying_pool,false,true,false,wh3_dlc29_unit_passive_scrying_pool,data/unit_stats/abilities/source_exports/db/special_ability_to_special_ability_phase_junctions_tables/data__.tsv,1659,9.0.1
1,wh3_dlc29_unit_passive_shadowblood_fragrance,true,false,false,wh3_dlc29_unit_passive_shadowblood_fragrance,data/unit_stats/abilities/source_exports/db/special_ability_to_special_ability_phase_junctions_tables/data__.tsv,1660,9.0.1
1,wh3_dlc29_unit_passive_spiky,true,false,false,wh3_dlc29_unit_passive_spiky,data/unit_stats/abilities/source_exports/db/special_ability_to_special_ability_phase_junctions_tables/data__.tsv,1661,9.0.1
1,wh3_dlc29_unit_passive_spirit_conduit_upgraded,false,true,false,wh3_dlc29_unit_passive_spirit_conduit_upgraded,data/unit_stats/abilities/source_exports/db/special_ability_to_special_ability_phase_junctions_tables/data__.tsv,1662,9.0.1
1,wh3_dlc29_unit_passive_unbinding_brood_horror_0,true,false,false,wh3_dlc29_unit_passive_unbinding_brood_horror_0,data/unit_stats/abilities/source_exports/db/special_ability_to_special_ability_phase_junctions_tables/data__.tsv,1663,9.0.1
2,wh3_dlc29_unit_passive_unbinding_brood_horror_0,true,false,false,wh_main_unit_passive_unbinding_weak_rat,data/unit_stats/abilities/source_exports/db/special_ability_to_special_ability_phase_junctions_tables/data__.tsv,1664,9.0.1
3,wh3_dlc29_unit_passive_unbinding_brood_horror_0,true,false,false,wh_main_unit_passive_unbinding_critical_rat,data/unit_stats/abilities/source_exports/db/special_ability_to_special_ability_phase_junctions_tables/data__.tsv,1665,9.0.1
1,wh3_dlc29_unit_passive_unbinding_cairn_wraiths,true,false,false,wh3_dlc29_unit_passive_unbinding_cairn_wraiths,data/unit_stats/abilities/source_exports/db/special_ability_to_special_ability_phase_junctions_tables/data__.tsv,1666,9.0.1
2,wh3_dlc29_unit_passive_unbinding_cairn_wraiths,true,false,false,wh_main_unit_passive_unbinding_weak,data/unit_stats/abilities/source_exports/db/special_ability_to_special_ability_phase_junctions_tables/data__.tsv,1667,9.0.1
3,wh3_dlc29_unit_passive_unbinding_cairn_wraiths,true,false,false,wh_main_unit_passive_unbinding_critical,data/unit_stats/abilities/source_exports/db/special_ability_to_special_ability_phase_junctions_tables/data__.tsv,1668,9.0.1
1,wh3_dlc29_unit_passive_unbinding_cairn_wraiths_upgraded,true,false,false,wh3_dlc29_unit_passive_unbinding_cairn_wraiths_upgraded,data/unit_stats/abilities/source_exports/db/special_ability_to_special_ability_phase_junctions_tables/data__.tsv,1669,9.0.1
2,wh3_dlc29_unit_passive_unbinding_cairn_wraiths_upgraded,true,false,false,wh_main_unit_passive_unbinding_weak,data/unit_stats/abilities/source_exports/db/special_ability_to_special_ability_phase_junctions_tables/data__.tsv,1670,9.0.1
3,wh3_dlc29_unit_passive_unbinding_cairn_wraiths_upgraded,true,false,false,wh_main_unit_passive_unbinding_critical,data/unit_stats/abilities/source_exports/db/special_ability_to_special_ability_phase_junctions_tables/data__.tsv,1671,9.0.1
1,wh3_dlc29_unit_passive_unbinding_deck_gunners,true,false,false,wh3_dlc29_unit_passive_unbinding_deck_gunners,data/unit_stats/abilities/source_exports/db/special_ability_to_special_ability_phase_junctions_tables/data__.tsv,1672,9.0.1
2,wh3_dlc29_unit_passive_unbinding_deck_gunners,true,false,false,wh_main_unit_passive_unbinding_weak,data/unit_stats/abilities/source_exports/db/special_ability_to_special_ability_phase_junctions_tables/data__.tsv,1673,9.0.1
3,wh3_dlc29_unit_passive_unbinding_deck_gunners,true,false,false,wh_main_unit_passive_unbinding_critical,data/unit_stats/abilities/source_exports/db/special_ability_to_special_ability_phase_junctions_tables/data__.tsv,1674,9.0.1
1,wh3_dlc29_unit_passive_unbinding_doom_flayers_0,true,false,false,wh3_dlc29_unit_passive_unbinding_doom_flayers_0,data/unit_stats/abilities/source_exports/db/special_ability_to_special_ability_phase_junctions_tables/data__.tsv,1675,9.0.1
2,wh3_dlc29_unit_passive_unbinding_doom_flayers_0,true,false,false,wh_main_unit_passive_unbinding_weak_rat,data/unit_stats/abilities/source_exports/db/special_ability_to_special_ability_phase_junctions_tables/data__.tsv,1676,9.0.1
3,wh3_dlc29_unit_passive_unbinding_doom_flayers_0,true,false,false,wh_main_unit_passive_unbinding_critical_rat,data/unit_stats/abilities/source_exports/db/special_ability_to_special_ability_phase_junctions_tables/data__.tsv,1677,9.0.1
1,wh3_dlc29_unit_passive_unbinding_hell_pit_abomination,true,false,false,wh3_dlc29_unit_passive_unbinding_hell_pit_abomination,data/unit_stats/abilities/source_exports/db/special_ability_to_special_ability_phase_junctions_tables/data__.tsv,1678,9.0.1
2,wh3_dlc29_unit_passive_unbinding_hell_pit_abomination,true,false,false,wh_main_unit_passive_unbinding_weak,data/unit_stats/abilities/source_exports/db/special_ability_to_special_ability_phase_junctions_tables/data__.tsv,1679,9.0.1
3,wh3_dlc29_unit_passive_unbinding_hell_pit_abomination,true,false,false,wh_main_unit_passive_unbinding_critical,data/unit_stats/abilities/source_exports/db/special_ability_to_special_ability_phase_junctions_tables/data__.tsv,1680,9.0.1
1,wh3_dlc29_unit_passive_unbinding_poisoned_wind_mortars_0,true,false,false,wh3_dlc29_unit_passive_unbinding_poisoned_wind_mortars_0,data/unit_stats/abilities/source_exports/db/special_ability_to_special_ability_phase_junctions_tables/data__.tsv,1681,9.0.1
2,wh3_dlc29_unit_passive_unbinding_poisoned_wind_mortars_0,true,false,false,wh_main_unit_passive_unbinding_weak_rat,data/unit_stats/abilities/source_exports/db/special_ability_to_special_ability_phase_junctions_tables/data__.tsv,1682,9.0.1
3,wh3_dlc29_unit_passive_unbinding_poisoned_wind_mortars_0,true,false,false,wh_main_unit_passive_unbinding_critical_rat,data/unit_stats/abilities/source_exports/db/special_ability_to_special_ability_phase_junctions_tables/data__.tsv,1683,9.0.1
1,wh3_dlc29_unit_passive_unbinding_raise_legion,true,false,false,wh3_dlc29_unit_passive_unbinding_raise_legion,data/unit_stats/abilities/source_exports/db/special_ability_to_special_ability_phase_junctions_tables/data__.tsv,1684,9.0.1
2,wh3_dlc29_unit_passive_unbinding_raise_legion,true,false,false,wh_main_unit_passive_unbinding_weak_large,data/unit_stats/abilities/source_exports/db/special_ability_to_special_ability_phase_junctions_tables/data__.tsv,1685,9.0.1
3,wh3_dlc29_unit_passive_unbinding_raise_legion,true,false,false,wh_main_unit_passive_unbinding_critical,data/unit_stats/abilities/source_exports/db/special_ability_to_special_ability_phase_junctions_tables/data__.tsv,1686,9.0.1
1,wh3_dlc29_unit_passive_unbinding_skeleton_chariot,true,false,false,wh3_dlc29_unit_passive_unbinding_skeleton_chariot,data/unit_stats/abilities/source_exports/db/special_ability_to_special_ability_phase_junctions_tables/data__.tsv,1687,9.0.1
2,wh3_dlc29_unit_passive_unbinding_skeleton_chariot,true,false,false,wh_main_unit_passive_unbinding_weak,data/unit_stats/abilities/source_exports/db/special_ability_to_special_ability_phase_junctions_tables/data__.tsv,1688,9.0.1
3,wh3_dlc29_unit_passive_unbinding_skeleton_chariot,true,false,false,wh_main_unit_passive_unbinding_critical,data/unit_stats/abilities/source_exports/db/special_ability_to_special_ability_phase_junctions_tables/data__.tsv,1689,9.0.1
1,wh3_dlc29_unit_passive_unbinding_skeleton_horsemen,true,false,false,wh3_dlc29_unit_passive_unbinding_skeleton_horsemen,data/unit_stats/abilities/source_exports/db/special_ability_to_special_ability_phase_junctions_tables/data__.tsv,1690,9.0.1
2,wh3_dlc29_unit_passive_unbinding_skeleton_horsemen,true,false,false,wh_main_unit_passive_unbinding_weak,data/unit_stats/abilities/source_exports/db/special_ability_to_special_ability_phase_junctions_tables/data__.tsv,1691,9.0.1
3,wh3_dlc29_unit_passive_unbinding_skeleton_horsemen,true,false,false,wh_main_unit_passive_unbinding_critical,data/unit_stats/abilities/source_exports/db/special_ability_to_special_ability_phase_junctions_tables/data__.tsv,1692,9.0.1
1,wh3_dlc29_unit_passive_unbinding_the_awakening,true,false,false,wh3_dlc29_unit_passive_unbinding_the_awakening,data/unit_stats/abilities/source_exports/db/special_ability_to_special_ability_phase_junctions_tables/data__.tsv,1693,9.0.1
2,wh3_dlc29_unit_passive_unbinding_the_awakening,true,false,false,wh_main_unit_passive_unbinding_weak,data/unit_stats/abilities/source_exports/db/special_ability_to_special_ability_phase_junctions_tables/data__.tsv,1694,9.0.1
3,wh3_dlc29_unit_passive_unbinding_the_awakening,true,false,false,wh_main_unit_passive_unbinding_critical,data/unit_stats/abilities/source_exports/db/special_ability_to_special_ability_phase_junctions_tables/data__.tsv,1695,9.0.1
1,wh3_dlc29_unit_passive_undeathly_will,true,false,false,wh3_dlc23_unit_passive_undying_will,data/unit_stats/abilities/source_exports/db/special_ability_to_special_ability_phase_junctions_tables/data__.tsv,1696,9.0.1
1,wh3_dlc29_unit_passive_unshakable_pathogen,true,false,false,wh3_dlc29_unit_passive_unshakable_pathogen,data/unit_stats/abilities/source_exports/db/special_ability_to_special_ability_phase_junctions_tables/data__.tsv,1697,9.0.1
1,wh3_dlc29_unit_passive_vigour_mortis_upgraded,true,true,false,wh3_dlc29_unit_passive_vigour_mortis_upgraded,data/unit_stats/abilities/source_exports/db/special_ability_to_special_ability_phase_junctions_tables/data__.tsv,1698,9.0.1
1,wh3_dlc29_unit_passive_yell_and_bawl,false,false,true,wh3_dlc29_unit_passive_yell_and_bawl,data/unit_stats/abilities/source_exports/db/special_ability_to_special_ability_phase_junctions_tables/data__.tsv,1699,9.0.1
1,wh3_dlc29_weapon_abilities_aken_seth_the_staff_of_pain,true,false,false,wh3_dlc29_weapon_abilities_aken-seth_the_staff_of_pain,data/unit_stats/abilities/source_exports/db/special_ability_to_special_ability_phase_junctions_tables/data__.tsv,1700,9.0.1
1,wh3_dlc29_weapon_abilities_akmet_kar_the_dagger_of_jet,false,false,true,wh3_dlc29_weapon_abilities_akmet_kar_the_dagger_of_jet,data/unit_stats/abilities/source_exports/db/special_ability_to_special_ability_phase_junctions_tables/data__.tsv,1701,9.0.1
1,wh3_dlc29_weapon_abilities_legbiter,true,false,false,wh3_dlc29_weapon_ability_legbiter,data/unit_stats/abilities/source_exports/db/special_ability_to_special_ability_phase_junctions_tables/data__.tsv,1702,9.0.1
1,wh3_dlc29_weapon_active_hammer_axe_of_skoll,true,false,false,wh3_dlc29_weapon_active_hammer_axe_of_skoll,data/unit_stats/abilities/source_exports/db/special_ability_to_special_ability_phase_junctions_tables/data__.tsv,1703,9.0.1
1,wh3_ef_line_siege_wall,true,true,false,wh3_ef_line_siege_wall,data/unit_stats/abilities/source_exports/db/special_ability_to_special_ability_phase_junctions_tables/data__.tsv,1704,9.0.1
1,wh3_ef_line_terrain_placement,true,true,false,wh3_ef_line_terrain_placement,data/unit_stats/abilities/source_exports/db/special_ability_to_special_ability_phase_junctions_tables/data__.tsv,1705,9.0.1
1,wh3_main_abilities_passive_into_the_fray,true,false,false,wh3_main_abilities_passive_into_the_fray,data/unit_stats/abilities/source_exports/db/special_ability_to_special_ability_phase_junctions_tables/data__.tsv,1706,9.0.1
1,wh3_main_abilities_reveal_all_enemies,false,false,true,wh3_main_abilities_reveal_all_enemies,data/unit_stats/abilities/source_exports/db/special_ability_to_special_ability_phase_junctions_tables/data__.tsv,1707,9.0.1
1,wh3_main_ambush_unready,false,true,false,wh3_main_ambush_unready,data/unit_stats/abilities/source_exports/db/special_ability_to_special_ability_phase_junctions_tables/data__.tsv,1708,9.0.1
1,wh3_main_army_abilities_arcane_surge,false,true,false,wh3_main_army_abilities_arcane_surge,data/unit_stats/abilities/source_exports/db/special_ability_to_special_ability_phase_junctions_tables/data__.tsv,1709,9.0.1
1,wh3_main_army_abilities_curse_of_the_slug,false,false,true,wh3_main_army_abilities_curse_of_the_slug,data/unit_stats/abilities/source_exports/db/special_ability_to_special_ability_phase_junctions_tables/data__.tsv,1710,9.0.1
1,wh3_main_army_abilities_fascination,false,false,true,wh3_main_army_abilities_fascination,data/unit_stats/abilities/source_exports/db/special_ability_to_special_ability_phase_junctions_tables/data__.tsv,1711,9.0.1
1,wh3_main_army_abilities_fecundity,false,true,false,wh3_main_army_abilities_fecundity,data/unit_stats/abilities/source_exports/db/special_ability_to_special_ability_phase_junctions_tables/data__.tsv,1712,9.0.1
1,wh3_main_army_abilities_gluttony,false,true,false,wh3_main_army_abilities_gluttony,data/unit_stats/abilities/source_exports/db/special_ability_to_special_ability_phase_junctions_tables/data__.tsv,1713,9.0.1
1,wh3_main_army_abilities_horn_of_khorne,false,true,false,wh3_main_army_abilities_horn_of_khorne,data/unit_stats/abilities/source_exports/db/special_ability_to_special_ability_phase_junctions_tables/data__.tsv,1714,9.0.1
1,wh3_main_army_abilities_narcissism,false,false,true,wh3_main_army_abilities_narcissism,data/unit_stats/abilities/source_exports/db/special_ability_to_special_ability_phase_junctions_tables/data__.tsv,1715,9.0.1
1,wh3_main_army_abilities_relentless_rage,false,true,false,wh3_main_army_abilities_relentless_rage,data/unit_stats/abilities/source_exports/db/special_ability_to_special_ability_phase_junctions_tables/data__.tsv,1716,9.0.1
1,wh3_main_army_abilities_rot_glorious_rot,false,false,true,wh3_main_army_abilities_rot_glorious_rot,data/unit_stats/abilities/source_exports/db/special_ability_to_special_ability_phase_junctions_tables/data__.tsv,1717,9.0.1
1,wh3_main_army_abilities_sweet_sorrow,false,true,false,wh3_main_army_abilities_sweet_sorrow,data/unit_stats/abilities/source_exports/db/special_ability_to_special_ability_phase_junctions_tables/data__.tsv,1718,9.0.1
1,wh3_main_army_abilities_the_bitterness_of_winter,false,false,true,wh3_main_army_abilities_the_bitterness_of_winter,data/unit_stats/abilities/source_exports/db/special_ability_to_special_ability_phase_junctions_tables/data__.tsv,1719,9.0.1
1,wh3_main_army_abilities_wrath_of_the_bear,false,true,false,wh3_main_army_abilities_wrath_of_the_bear,data/unit_stats/abilities/source_exports/db/special_ability_to_special_ability_phase_junctions_tables/data__.tsv,1720,9.0.1
1,wh3_main_ascendant_beasts_acendancy,true,true,true,wh3_main_ascendant_beasts_ascendancy,data/unit_stats/abilities/source_exports/db/special_ability_to_special_ability_phase_junctions_tables/data__.tsv,1721,9.0.1
1,wh3_main_ascendant_death_acendancy,true,true,true,wh3_main_ascendant_death_ascendancy,data/unit_stats/abilities/source_exports/db/special_ability_to_special_ability_phase_junctions_tables/data__.tsv,1722,9.0.1
1,wh3_main_ascendant_fire_acendancy,true,true,true,wh3_main_ascendant_fire_ascendancy,data/unit_stats/abilities/source_exports/db/special_ability_to_special_ability_phase_junctions_tables/data__.tsv,1723,9.0.1
1,wh3_main_ascendant_heavens_acendancy,true,true,true,wh3_main_ascendant_heavens_ascendancy,data/unit_stats/abilities/source_exports/db/special_ability_to_special_ability_phase_junctions_tables/data__.tsv,1724,9.0.1
1,wh3_main_ascendant_life_ascendancy,true,true,true,wh3_main_ascendant_life_ascendancy,data/unit_stats/abilities/source_exports/db/special_ability_to_special_ability_phase_junctions_tables/data__.tsv,1725,9.0.1
1,wh3_main_ascendant_light_acendancy,true,true,true,wh3_main_ascendant_light_ascendancy,data/unit_stats/abilities/source_exports/db/special_ability_to_special_ability_phase_junctions_tables/data__.tsv,1726,9.0.1
1,wh3_main_ascendant_metal_acendancy,true,true,true,wh3_main_ascendant_metal_ascendancy,data/unit_stats/abilities/source_exports/db/special_ability_to_special_ability_phase_junctions_tables/data__.tsv,1727,9.0.1
1,wh3_main_ascendant_shadow_acendancy,true,true,true,wh3_main_ascendant_shadow_ascendancy,data/unit_stats/abilities/source_exports/db/special_ability_to_special_ability_phase_junctions_tables/data__.tsv,1728,9.0.1
1,wh3_main_banner_abilities_banner_of_change,false,false,true,wh3_main_item_abilities_banner_of_change,data/unit_stats/abilities/source_exports/db/special_ability_to_special_ability_phase_junctions_tables/data__.tsv,1729,9.0.1
1,wh3_main_banner_abilities_banner_of_hellfire,false,false,true,wh3_main_item_abilities_banner_of_hellfire,data/unit_stats/abilities/source_exports/db/special_ability_to_special_ability_phase_junctions_tables/data__.tsv,1730,9.0.1
1,wh3_main_banner_passive_banner_of_ecstacy,true,true,false,wh3_main_item_abilities_banner_of_ecstacy,data/unit_stats/abilities/source_exports/db/special_ability_to_special_ability_phase_junctions_tables/data__.tsv,1731,9.0.1
1,wh3_main_banner_passive_banner_of_praag,true,true,false,wh3_main_item_abilities_banner_of_praag,data/unit_stats/abilities/source_exports/db/special_ability_to_special_ability_phase_junctions_tables/data__.tsv,1732,9.0.1
1,wh3_main_banner_passive_banner_of_unholy_victory,true,true,false,wh3_main_item_abilities_banner_of_unholy_victory,data/unit_stats/abilities/source_exports/db/special_ability_to_special_ability_phase_junctions_tables/data__.tsv,1733,9.0.1
1,wh3_main_banner_passive_great_icon_of_despair,false,false,true,wh3_main_item_passive_great_icon_of_despair,data/unit_stats/abilities/source_exports/db/special_ability_to_special_ability_phase_junctions_tables/data__.tsv,1734,9.0.1
1,wh3_main_banner_passive_great_standard_of_sundering,false,false,true,wh3_main_item_passive_great_standard_of_sundering,data/unit_stats/abilities/source_exports/db/special_ability_to_special_ability_phase_junctions_tables/data__.tsv,1735,9.0.1
1,wh3_main_banner_passive_ragbanner,true,true,false,wh3_main_item_abilities_ragbanner,data/unit_stats/abilities/source_exports/db/special_ability_to_special_ability_phase_junctions_tables/data__.tsv,1736,9.0.1
1,wh3_main_banner_passive_rune_maw,true,true,false,wh3_main_item_abilities_rune_maw,data/unit_stats/abilities/source_exports/db/special_ability_to_special_ability_phase_junctions_tables/data__.tsv,1737,9.0.1
1,wh3_main_banner_passive_siren_standard,false,false,true,wh3_main_item_abilities_siren_standard,data/unit_stats/abilities/source_exports/db/special_ability_to_special_ability_phase_junctions_tables/data__.tsv,1738,9.0.1
1,wh3_main_banner_passive_standard_of_chaos_glory,true,true,false,wh3_main_item_abilities_standard_of_chaos_glory,data/unit_stats/abilities/source_exports/db/special_ability_to_special_ability_phase_junctions_tables/data__.tsv,1739,9.0.1
1,wh3_main_banner_passive_standard_of_wei_jin,false,false,true,wh3_main_banner_passive_standard_of_wei_jin_enemy,data/unit_stats/abilities/source_exports/db/special_ability_to_special_ability_phase_junctions_tables/data__.tsv,1740,9.0.1
1,wh3_main_banner_passive_standard_of_wei_jin,false,true,false,wh3_main_banner_passive_standard_of_wei_jin_friend,data/unit_stats/abilities/source_exports/db/special_ability_to_special_ability_phase_junctions_tables/data__.tsv,1741,9.0.1
1,wh3_main_barricade_blocker,false,true,false,wh3_main_barricade_blocker,data/unit_stats/abilities/source_exports/db/special_ability_to_special_ability_phase_junctions_tables/data__.tsv,1742,9.0.1
1,wh3_main_barricade_monument,false,true,false,wh3_main_barricade_monument,data/unit_stats/abilities/source_exports/db/special_ability_to_special_ability_phase_junctions_tables/data__.tsv,1743,9.0.1
1,wh3_main_barricade_monument_brt,false,true,false,wh3_main_barricade_monument_brt,data/unit_stats/abilities/source_exports/db/special_ability_to_special_ability_phase_junctions_tables/data__.tsv,1744,9.0.1
1,wh3_main_barricade_monument_bst,false,true,false,wh3_main_barricade_monument_bst,data/unit_stats/abilities/source_exports/db/special_ability_to_special_ability_phase_junctions_tables/data__.tsv,1745,9.0.1
1,wh3_main_barricade_monument_chs,false,true,false,wh3_main_barricade_monument_chs,data/unit_stats/abilities/source_exports/db/special_ability_to_special_ability_phase_junctions_tables/data__.tsv,1746,9.0.1
1,wh3_main_barricade_monument_cst,false,true,false,wh3_main_barricade_monument_cst,data/unit_stats/abilities/source_exports/db/special_ability_to_special_ability_phase_junctions_tables/data__.tsv,1747,9.0.1
1,wh3_main_barricade_monument_cth,false,true,false,wh3_main_barricade_monument_cth,data/unit_stats/abilities/source_exports/db/special_ability_to_special_ability_phase_junctions_tables/data__.tsv,1748,9.0.1
1,wh3_main_barricade_monument_def,false,true,false,wh3_main_barricade_monument_def,data/unit_stats/abilities/source_exports/db/special_ability_to_special_ability_phase_junctions_tables/data__.tsv,1749,9.0.1
1,wh3_main_barricade_monument_dwf,false,true,false,wh3_main_barricade_monument_dwf,data/unit_stats/abilities/source_exports/db/special_ability_to_special_ability_phase_junctions_tables/data__.tsv,1750,9.0.1
1,wh3_main_barricade_monument_emp,false,true,false,wh3_main_barricade_monument_emp,data/unit_stats/abilities/source_exports/db/special_ability_to_special_ability_phase_junctions_tables/data__.tsv,1751,9.0.1
1,wh3_main_barricade_monument_grn,false,true,false,wh3_main_barricade_monument_grn,data/unit_stats/abilities/source_exports/db/special_ability_to_special_ability_phase_junctions_tables/data__.tsv,1752,9.0.1
1,wh3_main_barricade_monument_hef,false,true,false,wh3_main_barricade_monument_hef,data/unit_stats/abilities/source_exports/db/special_ability_to_special_ability_phase_junctions_tables/data__.tsv,1753,9.0.1
1,wh3_main_barricade_monument_kho,false,true,false,wh3_main_barricade_monument_kho,data/unit_stats/abilities/source_exports/db/special_ability_to_special_ability_phase_junctions_tables/data__.tsv,1754,9.0.1
1,wh3_main_barricade_monument_ksl,false,true,false,wh3_main_barricade_monument_ksl,data/unit_stats/abilities/source_exports/db/special_ability_to_special_ability_phase_junctions_tables/data__.tsv,1755,9.0.1
1,wh3_main_barricade_monument_lzd,false,true,false,wh3_main_barricade_monument_lzd,data/unit_stats/abilities/source_exports/db/special_ability_to_special_ability_phase_junctions_tables/data__.tsv,1756,9.0.1
1,wh3_main_barricade_monument_nor,false,true,false,wh3_main_barricade_monument_nor,data/unit_stats/abilities/source_exports/db/special_ability_to_special_ability_phase_junctions_tables/data__.tsv,1757,9.0.1
1,wh3_main_barricade_monument_nur,false,true,false,wh3_main_barricade_monument_nur,data/unit_stats/abilities/source_exports/db/special_ability_to_special_ability_phase_junctions_tables/data__.tsv,1758,9.0.1
1,wh3_main_barricade_monument_ogr,false,true,false,wh3_main_barricade_monument_ogr,data/unit_stats/abilities/source_exports/db/special_ability_to_special_ability_phase_junctions_tables/data__.tsv,1759,9.0.1
1,wh3_main_barricade_monument_skv,false,true,false,wh3_main_barricade_monument_skv,data/unit_stats/abilities/source_exports/db/special_ability_to_special_ability_phase_junctions_tables/data__.tsv,1760,9.0.1
1,wh3_main_barricade_monument_sla,false,true,false,wh3_main_barricade_monument_sla,data/unit_stats/abilities/source_exports/db/special_ability_to_special_ability_phase_junctions_tables/data__.tsv,1761,9.0.1
1,wh3_main_barricade_monument_tmb,false,true,false,wh3_main_barricade_monument_tmb,data/unit_stats/abilities/source_exports/db/special_ability_to_special_ability_phase_junctions_tables/data__.tsv,1762,9.0.1
1,wh3_main_barricade_monument_tze,false,true,false,wh3_main_barricade_monument_tze,data/unit_stats/abilities/source_exports/db/special_ability_to_special_ability_phase_junctions_tables/data__.tsv,1763,9.0.1
1,wh3_main_barricade_monument_vmp,false,true,false,wh3_main_barricade_monument_vmp,data/unit_stats/abilities/source_exports/db/special_ability_to_special_ability_phase_junctions_tables/data__.tsv,1764,9.0.1
1,wh3_main_barricade_monument_wef,false,true,false,wh3_main_barricade_monument_wef,data/unit_stats/abilities/source_exports/db/special_ability_to_special_ability_phase_junctions_tables/data__.tsv,1765,9.0.1
1,wh3_main_barricade_platform,false,true,false,wh3_main_barricade_platform,data/unit_stats/abilities/source_exports/db/special_ability_to_special_ability_phase_junctions_tables/data__.tsv,1766,9.0.1
1,wh3_main_barricade_trap,false,false,true,wh3_main_barricade_trap,data/unit_stats/abilities/source_exports/db/special_ability_to_special_ability_phase_junctions_tables/data__.tsv,1767,9.0.1
1,wh3_main_cataclysm_beasts_merciws_monstrous_regiment,false,true,false,wh3_main_cataclysm_beasts_merciws_monstrous_regiment,data/unit_stats/abilities/source_exports/db/special_ability_to_special_ability_phase_junctions_tables/data__.tsv,1768,9.0.1
1,wh3_main_cataclysm_death_ashes_and_dust,false,false,true,wh3_main_cataclysm_death_ashes_and_dust_01,data/unit_stats/abilities/source_exports/db/special_ability_to_special_ability_phase_junctions_tables/data__.tsv,1769,9.0.1
2,wh3_main_cataclysm_death_ashes_and_dust,false,false,true,wh3_main_cataclysm_death_ashes_and_dust_02,data/unit_stats/abilities/source_exports/db/special_ability_to_special_ability_phase_junctions_tables/data__.tsv,1770,9.0.1
1,wh3_main_cataclysm_life_storm_of_renewal,false,true,false,wh3_main_cataclysm_life_storm_of_renewal,data/unit_stats/abilities/source_exports/db/special_ability_to_special_ability_phase_junctions_tables/data__.tsv,1771,9.0.1
1,wh3_main_cataclysm_light_time_amok,false,false,true,wh3_main_cataclysm_light_time_amok_enemy,data/unit_stats/abilities/source_exports/db/special_ability_to_special_ability_phase_junctions_tables/data__.tsv,1772,9.0.1
1,wh3_main_cataclysm_light_time_amok,false,true,false,wh3_main_cataclysm_light_time_amok,data/unit_stats/abilities/source_exports/db/special_ability_to_special_ability_phase_junctions_tables/data__.tsv,1773,9.0.1
1,wh3_main_cataclysm_shadow_dance_of_despair,false,false,true,wh3_main_cataclysm_shadow_dance_of_despair,data/unit_stats/abilities/source_exports/db/special_ability_to_special_ability_phase_junctions_tables/data__.tsv,1774,9.0.1
1,wh3_main_character_abilities_arsebelcher,true,false,false,wh3_dlc20_unit_abilities_violent_wind,data/unit_stats/abilities/source_exports/db/special_ability_to_special_ability_phase_junctions_tables/data__.tsv,1775,9.0.1
1,wh3_main_character_abilities_dazs_song_of_winter_sunlight,true,true,false,wh3_main_character_abilities_dazs_song_of_winter_sunlight,data/unit_stats/abilities/source_exports/db/special_ability_to_special_ability_phase_junctions_tables/data__.tsv,1776,9.0.1
1,wh3_main_character_abilities_enchanted_metallurgy,true,true,false,wh3_main_character_abilities_enchanted_metallurgy,data/unit_stats/abilities/source_exports/db/special_ability_to_special_ability_phase_junctions_tables/data__.tsv,1777,9.0.1
1,wh3_main_character_abilities_enchanted_metallurgy_flaming,true,true,false,wh3_main_character_abilities_enchanted_metallurgy_flaming,data/unit_stats/abilities/source_exports/db/special_ability_to_special_ability_phase_junctions_tables/data__.tsv,1778,9.0.1
1,wh3_main_character_abilities_enchanted_metallurgy_piercing,true,true,false,wh3_main_character_abilities_enchanted_metallurgy_piercing,data/unit_stats/abilities/source_exports/db/special_ability_to_special_ability_phase_junctions_tables/data__.tsv,1779,9.0.1
1,wh3_main_character_abilities_enchanted_metallurgy_poison,true,true,false,wh3_main_character_abilities_enchanted_metallurgy_poison,data/unit_stats/abilities/source_exports/db/special_ability_to_special_ability_phase_junctions_tables/data__.tsv,1780,9.0.1
1,wh3_main_character_abilities_extra_ingredients,true,false,false,wh3_main_character_abilities_extra_ingredients,data/unit_stats/abilities/source_exports/db/special_ability_to_special_ability_phase_junctions_tables/data__.tsv,1781,9.0.1
1,wh3_main_character_abilities_flame_incarnate,true,false,false,wh3_main_character_abilities_flame_incarnate,data/unit_stats/abilities/source_exports/db/special_ability_to_special_ability_phase_junctions_tables/data__.tsv,1782,9.0.1
1,wh3_main_character_abilities_from_the_shadows,true,false,false,wh3_main_character_abilities_from_the_shadows,data/unit_stats/abilities/source_exports/db/special_ability_to_special_ability_phase_junctions_tables/data__.tsv,1783,9.0.1
1,wh3_main_character_abilities_locus_of_abjuration,true,true,false,wh3_main_character_abilities_locus_of_abjuration,data/unit_stats/abilities/source_exports/db/special_ability_to_special_ability_phase_junctions_tables/data__.tsv,1784,9.0.1
1,wh3_main_character_abilities_locus_of_beguilement,false,false,true,wh3_main_character_abilities_locus_of_beguilement,data/unit_stats/abilities/source_exports/db/special_ability_to_special_ability_phase_junctions_tables/data__.tsv,1785,9.0.1
1,wh3_main_character_abilities_locus_of_change,true,true,false,wh3_main_character_abilities_locus_of_change,data/unit_stats/abilities/source_exports/db/special_ability_to_special_ability_phase_junctions_tables/data__.tsv,1786,9.0.1
1,wh3_main_character_abilities_locus_of_conjuration,true,true,false,wh3_main_character_abilities_locus_of_conjuration,data/unit_stats/abilities/source_exports/db/special_ability_to_special_ability_phase_junctions_tables/data__.tsv,1787,9.0.1
1,wh3_main_character_abilities_locus_of_contagion,false,false,true,wh3_main_character_abilities_locus_of_contagion,data/unit_stats/abilities/source_exports/db/special_ability_to_special_ability_phase_junctions_tables/data__.tsv,1788,9.0.1
1,wh3_main_character_abilities_locus_of_fecundity,true,true,false,wh3_main_character_abilities_locus_of_fecundity,data/unit_stats/abilities/source_exports/db/special_ability_to_special_ability_phase_junctions_tables/data__.tsv,1789,9.0.1
1,wh3_main_character_abilities_locus_of_fury,true,true,false,wh3_main_character_abilities_locus_of_fury,data/unit_stats/abilities/source_exports/db/special_ability_to_special_ability_phase_junctions_tables/data__.tsv,1790,9.0.1
1,wh3_main_character_abilities_locus_of_grace,true,true,false,wh3_main_character_abilities_locus_of_grace,data/unit_stats/abilities/source_exports/db/special_ability_to_special_ability_phase_junctions_tables/data__.tsv,1791,9.0.1
1,wh3_main_character_abilities_locus_of_swiftness,true,true,false,wh3_main_character_abilities_locus_of_swiftness,data/unit_stats/abilities/source_exports/db/special_ability_to_special_ability_phase_junctions_tables/data__.tsv,1792,9.0.1
1,wh3_main_character_abilities_locus_of_virulence,true,true,false,wh3_main_character_abilities_locus_of_virulence,data/unit_stats/abilities/source_exports/db/special_ability_to_special_ability_phase_junctions_tables/data__.tsv,1793,9.0.1
1,wh3_main_character_abilities_locus_of_wrath,true,true,false,wh3_main_character_abilities_locus_of_wrath,data/unit_stats/abilities/source_exports/db/special_ability_to_special_ability_phase_junctions_tables/data__.tsv,1794,9.0.1
1,wh3_main_character_abilities_no_escape,false,false,true,wh3_main_character_abilities_no_escape,data/unit_stats/abilities/source_exports/db/special_ability_to_special_ability_phase_junctions_tables/data__.tsv,1795,9.0.1
1,wh3_main_character_abilities_salyaks_lullaby,true,true,false,wh3_main_character_abilities_salyaks_lullaby,data/unit_stats/abilities/source_exports/db/special_ability_to_special_ability_phase_junctions_tables/data__.tsv,1796,9.0.1
1,wh3_main_character_abilities_silence_the_prey,false,false,true,wh3_main_character_abilities_silence_the_prey,data/unit_stats/abilities/source_exports/db/special_ability_to_special_ability_phase_junctions_tables/data__.tsv,1797,9.0.1
1,wh3_main_character_abilities_tors_battle_hymn,true,true,false,wh3_main_character_abilities_tors_battle_hymn,data/unit_stats/abilities/source_exports/db/special_ability_to_special_ability_phase_junctions_tables/data__.tsv,1798,9.0.1
1,wh3_main_character_abilities_unyielding_defender,true,false,false,wh3_main_character_abilities_unyielding_defender,data/unit_stats/abilities/source_exports/db/special_ability_to_special_ability_phase_junctions_tables/data__.tsv,1799,9.0.1
1,wh3_main_character_abilities_ursuns_roar,true,true,false,wh3_main_character_abilities_ursuns_roar,data/unit_stats/abilities/source_exports/db/special_ability_to_special_ability_phase_junctions_tables/data__.tsv,1800,9.0.1
1,wh3_main_character_passive_bellyslapper,false,false,true,wh3_main_character_passive_bellyslapper,data/unit_stats/abilities/source_exports/db/special_ability_to_special_ability_phase_junctions_tables/data__.tsv,1801,9.0.1
1,wh3_main_character_passive_bigbellower,true,true,false,wh3_main_character_passive_bigbellower,data/unit_stats/abilities/source_exports/db/special_ability_to_special_ability_phase_junctions_tables/data__.tsv,1802,9.0.1
1,wh3_main_character_passive_deathcheater,true,false,false,wh3_main_character_abilities_deathcheater,data/unit_stats/abilities/source_exports/db/special_ability_to_special_ability_phase_junctions_tables/data__.tsv,1803,9.0.1
1,wh3_main_character_passive_enduring_devotion,true,true,false,wh3_main_unit_passive_enduring_devotion,data/unit_stats/abilities/source_exports/db/special_ability_to_special_ability_phase_junctions_tables/data__.tsv,1804,9.0.1
1,wh3_main_character_passive_grandfeaster,true,true,false,wh3_main_character_passive_grandfeaster,data/unit_stats/abilities/source_exports/db/special_ability_to_special_ability_phase_junctions_tables/data__.tsv,1805,9.0.1
1,wh3_main_character_passive_heroic_resilience,true,false,false,wh3_main_character_passive_heroic_resilience,data/unit_stats/abilities/source_exports/db/special_ability_to_special_ability_phase_junctions_tables/data__.tsv,1806,9.0.1
1,wh3_main_character_passive_kineater,true,true,false,wh3_main_character_abilities_kineater,data/unit_stats/abilities/source_exports/db/special_ability_to_special_ability_phase_junctions_tables/data__.tsv,1807,9.0.1
1,wh3_main_character_passive_loner,true,false,false,wh3_main_character_passive_loner,data/unit_stats/abilities/source_exports/db/special_ability_to_special_ability_phase_junctions_tables/data__.tsv,1808,9.0.1
1,wh3_main_character_passive_spotter,true,false,false,wh3_main_character_passive_spotter,data/unit_stats/abilities/source_exports/db/special_ability_to_special_ability_phase_junctions_tables/data__.tsv,1809,9.0.1
1,wh3_main_character_passive_the_courage_of_sacrifice,true,true,false,wh3_main_character_passive_the_courage_of_sacrifice,data/unit_stats/abilities/source_exports/db/special_ability_to_special_ability_phase_junctions_tables/data__.tsv,1810,9.0.1
1,wh3_main_character_passive_will_of_the_dragons,true,true,false,wh3_main_character_passive_will_of_the_dragons,data/unit_stats/abilities/source_exports/db/special_ability_to_special_ability_phase_junctions_tables/data__.tsv,1811,9.0.1
1,wh3_main_daemon_arms_abilities_gate_of_chaos,true,false,false,wh3_main_daemon_arms_abilities_gate_of_chaos,data/unit_stats/abilities/source_exports/db/special_ability_to_special_ability_phase_junctions_tables/data__.tsv,1812,9.0.1
1,wh3_main_daemon_arms_abilities_gate_of_chaos_upgraded,true,false,false,wh3_main_daemon_arms_abilities_gate_of_chaos_upgraded,data/unit_stats/abilities/source_exports/db/special_ability_to_special_ability_phase_junctions_tables/data__.tsv,1813,9.0.1
1,wh3_main_daemon_arms_abilities_mortal_blow,true,false,false,wh3_main_daemon_arms_abilities_mortal_blow,data/unit_stats/abilities/source_exports/db/special_ability_to_special_ability_phase_junctions_tables/data__.tsv,1814,9.0.1
1,wh3_main_daemon_arms_abilities_mortal_blow_upgraded,true,false,false,wh3_main_daemon_arms_abilities_mortal_blow_upgraded,data/unit_stats/abilities/source_exports/db/special_ability_to_special_ability_phase_junctions_tables/data__.tsv,1815,9.0.1
1,wh3_main_daemon_arms_passive_for_the_slaughter,true,true,false,wh3_main_daemon_arms_passive_for_the_slaughter_i,data/unit_stats/abilities/source_exports/db/special_ability_to_special_ability_phase_junctions_tables/data__.tsv,1816,9.0.1
2,wh3_main_daemon_arms_passive_for_the_slaughter,true,true,false,wh3_main_daemon_arms_passive_for_the_slaughter_ii,data/unit_stats/abilities/source_exports/db/special_ability_to_special_ability_phase_junctions_tables/data__.tsv,1817,9.0.1
3,wh3_main_daemon_arms_passive_for_the_slaughter,true,true,false,wh3_main_daemon_arms_passive_for_the_slaughter_iii,data/unit_stats/abilities/source_exports/db/special_ability_to_special_ability_phase_junctions_tables/data__.tsv,1818,9.0.1
1,wh3_main_daemon_arms_passive_for_the_slaughter_upgraded,true,true,false,wh3_main_daemon_arms_passive_for_the_slaughter_upgraded_i,data/unit_stats/abilities/source_exports/db/special_ability_to_special_ability_phase_junctions_tables/data__.tsv,1819,9.0.1
2,wh3_main_daemon_arms_passive_for_the_slaughter_upgraded,true,true,false,wh3_main_daemon_arms_passive_for_the_slaughter_upgraded_ii,data/unit_stats/abilities/source_exports/db/special_ability_to_special_ability_phase_junctions_tables/data__.tsv,1820,9.0.1
3,wh3_main_daemon_arms_passive_for_the_slaughter_upgraded,true,true,false,wh3_main_daemon_arms_passive_for_the_slaughter_upgraded_iii,data/unit_stats/abilities/source_exports/db/special_ability_to_special_ability_phase_junctions_tables/data__.tsv,1821,9.0.1
1,wh3_main_daemon_arms_passive_unending_feast,true,false,false,wh3_main_daemon_arms_passive_unending_feast,data/unit_stats/abilities/source_exports/db/special_ability_to_special_ability_phase_junctions_tables/data__.tsv,1822,9.0.1
1,wh3_main_daemon_arms_passive_unending_feast_upgraded,true,false,false,wh3_main_daemon_arms_passive_unending_feast_upgraded,data/unit_stats/abilities/source_exports/db/special_ability_to_special_ability_phase_junctions_tables/data__.tsv,1823,9.0.1
1,wh3_main_daemon_body_abilities_chaos_armour,true,false,false,wh3_main_daemon_body_abilities_chaos_armour,data/unit_stats/abilities/source_exports/db/special_ability_to_special_ability_phase_junctions_tables/data__.tsv,1824,9.0.1
1,wh3_main_daemon_body_abilities_winds_of_change,true,false,false,wh3_main_daemon_body_abilities_winds_of_change,data/unit_stats/abilities/source_exports/db/special_ability_to_special_ability_phase_junctions_tables/data__.tsv,1825,9.0.1
1,wh3_main_daemon_body_passive_restore_the_blighted,true,false,false,wh2_main_unit_passive_rebirth_buffer,data/unit_stats/abilities/source_exports/db/special_ability_to_special_ability_phase_junctions_tables/data__.tsv,1826,9.0.1
2,wh3_main_daemon_body_passive_restore_the_blighted,true,false,false,wh3_main_daemon_body_passive_restore_the_blighted,data/unit_stats/abilities/source_exports/db/special_ability_to_special_ability_phase_junctions_tables/data__.tsv,1827,9.0.1
1,wh3_main_daemon_body_passive_soporific_musk,false,false,true,wh3_main_daemon_body_passive_soporific_musk,data/unit_stats/abilities/source_exports/db/special_ability_to_special_ability_phase_junctions_tables/data__.tsv,1828,9.0.1
1,wh3_main_daemon_body_passive_tempered_rage,true,false,false,wh3_main_daemon_body_passive_tempered_rage,data/unit_stats/abilities/source_exports/db/special_ability_to_special_ability_phase_junctions_tables/data__.tsv,1829,9.0.1
1,wh3_main_daemon_head_abilities_call_for_power,true,false,false,wh3_main_daemon_head_abilities_call_for_power,data/unit_stats/abilities/source_exports/db/special_ability_to_special_ability_phase_junctions_tables/data__.tsv,1830,9.0.1
1,wh3_main_daemon_head_abilities_pestilent_regeneration,true,false,false,wh3_main_daemon_head_abilities_pestilent_regeneration,data/unit_stats/abilities/source_exports/db/special_ability_to_special_ability_phase_junctions_tables/data__.tsv,1831,9.0.1
1,wh3_main_daemon_head_abilities_word_of_change,false,false,true,wh3_main_daemon_head_abilities_word_of_change,data/unit_stats/abilities/source_exports/db/special_ability_to_special_ability_phase_junctions_tables/data__.tsv,1832,9.0.1
1,wh3_main_daemon_legs_abilities_daemonic_onslaught,true,false,false,wh3_main_daemon_legs_abilities_daemonic_onslaught,data/unit_stats/abilities/source_exports/db/special_ability_to_special_ability_phase_junctions_tables/data__.tsv,1833,9.0.1
1,wh3_main_daemon_legs_passive_sinful_footing,true,false,false,wh3_main_daemon_legs_passive_sinful_footing,data/unit_stats/abilities/source_exports/db/special_ability_to_special_ability_phase_junctions_tables/data__.tsv,1834,9.0.1
1,wh3_main_daemon_tail_passive_serpentine_tail,false,false,true,wh3_main_daemon_tail_passive_serpentine_tail,data/unit_stats/abilities/source_exports/db/special_ability_to_special_ability_phase_junctions_tables/data__.tsv,1835,9.0.1
1,wh3_main_daemon_wings_abilities_eldritch_aura,true,true,false,wh3_main_daemon_wings_abilities_eldritch_aura,data/unit_stats/abilities/source_exports/db/special_ability_to_special_ability_phase_junctions_tables/data__.tsv,1836,9.0.1
1,wh3_main_daemon_wings_abilities_purge_the_weak,true,false,false,wh3_main_daemon_wings_abilities_purge_the_weak,data/unit_stats/abilities/source_exports/db/special_ability_to_special_ability_phase_junctions_tables/data__.tsv,1837,9.0.1
1,wh3_main_daemon_wings_abilities_trophy_heads,false,false,true,wh3_main_daemon_wings_abilities_trophy_heads,data/unit_stats/abilities/source_exports/db/special_ability_to_special_ability_phase_junctions_tables/data__.tsv,1838,9.0.1
1,wh3_main_daemon_wings_abilities_winds_of_flight,true,false,false,wh3_main_daemon_wings_abilities_winds_of_flight,data/unit_stats/abilities/source_exports/db/special_ability_to_special_ability_phase_junctions_tables/data__.tsv,1839,9.0.1
1,wh3_main_hero_passive_strategist,true,true,false,wh3_main_lord_passive_strategist,data/unit_stats/abilities/source_exports/db/special_ability_to_special_ability_phase_junctions_tables/data__.tsv,1840,9.0.1
1,wh3_main_hidden_dummy_ogre_pre_battle_meat_1,true,false,false,wh3_main_hidden_dummy_ogre_pre_battle_meat_1,data/unit_stats/abilities/source_exports/db/special_ability_to_special_ability_phase_junctions_tables/data__.tsv,1841,9.0.1
1,wh3_main_hidden_dummy_ogre_pre_battle_meat_2,true,false,false,wh3_main_hidden_dummy_ogre_pre_battle_meat_2,data/unit_stats/abilities/source_exports/db/special_ability_to_special_ability_phase_junctions_tables/data__.tsv,1842,9.0.1
1,wh3_main_hidden_dummy_ogre_pre_battle_meat_3,true,false,false,wh3_main_hidden_dummy_ogre_pre_battle_meat_3,data/unit_stats/abilities/source_exports/db/special_ability_to_special_ability_phase_junctions_tables/data__.tsv,1843,9.0.1
1,wh3_main_hidden_dummy_ogre_pre_battle_meat_4,true,false,false,wh3_main_hidden_dummy_ogre_pre_battle_meat_4,data/unit_stats/abilities/source_exports/db/special_ability_to_special_ability_phase_junctions_tables/data__.tsv,1844,9.0.1
1,wh3_main_hidden_dummy_ogre_pre_battle_meat_5,true,false,false,wh3_main_hidden_dummy_ogre_pre_battle_meat_5,data/unit_stats/abilities/source_exports/db/special_ability_to_special_ability_phase_junctions_tables/data__.tsv,1845,9.0.1
1,wh3_main_item_abilities_alchemists_elixir_of_iron_skin,true,true,false,wh3_main_item_abilities_alchemists_elixir_of_iron_skin,data/unit_stats/abilities/source_exports/db/special_ability_to_special_ability_phase_junctions_tables/data__.tsv,1846,9.0.1
1,wh3_main_item_abilities_alchemists_elixir_of_puissance,true,true,false,wh3_main_item_abilities_alchemists_elixir_of_puissance,data/unit_stats/abilities/source_exports/db/special_ability_to_special_ability_phase_junctions_tables/data__.tsv,1847,9.0.1
1,wh3_main_item_abilities_alchemists_elixir_of_venom,true,true,false,wh3_main_item_abilities_alchemists_elixir_of_venom,data/unit_stats/abilities/source_exports/db/special_ability_to_special_ability_phase_junctions_tables/data__.tsv,1848,9.0.1
1,wh3_main_item_abilities_bloodstone,false,false,true,wh3_main_item_abilities_bloodstone,data/unit_stats/abilities/source_exports/db/special_ability_to_special_ability_phase_junctions_tables/data__.tsv,1849,9.0.1
1,wh3_main_item_abilities_fistful_of_laurels,true,true,false,wh3_main_item_abilities_fistful_of_laurels,data/unit_stats/abilities/source_exports/db/special_ability_to_special_ability_phase_junctions_tables/data__.tsv,1850,9.0.1
1,wh3_main_item_abilities_gastuvas_egg,true,true,false,wh3_main_item_abilities_gastuvas_egg,data/unit_stats/abilities/source_exports/db/special_ability_to_special_ability_phase_junctions_tables/data__.tsv,1851,9.0.1
1,wh3_main_item_abilities_gruts_sickle,false,true,false,wh3_main_item_abilities_gruts_sickle,data/unit_stats/abilities/source_exports/db/special_ability_to_special_ability_phase_junctions_tables/data__.tsv,1852,9.0.1
1,wh3_main_item_abilities_hellheart,false,false,true,wh3_main_item_abilities_hellheart,data/unit_stats/abilities/source_exports/db/special_ability_to_special_ability_phase_junctions_tables/data__.tsv,1853,9.0.1
1,wh3_main_item_abilities_maw_shard,true,true,false,wh3_main_item_abilities_maw_shard,data/unit_stats/abilities/source_exports/db/special_ability_to_special_ability_phase_junctions_tables/data__.tsv,1854,9.0.1
1,wh3_main_item_abilities_potion_of_farsight,true,false,false,wh3_main_item_abilities_potion_of_farsight,data/unit_stats/abilities/source_exports/db/special_ability_to_special_ability_phase_junctions_tables/data__.tsv,1855,9.0.1
1,wh3_main_item_abilities_prismatic_amplifier,true,false,false,wh3_main_item_abilities_prismatic_amplifier,data/unit_stats/abilities/source_exports/db/special_ability_to_special_ability_phase_junctions_tables/data__.tsv,1856,9.0.1
1,wh3_main_item_abilities_saint_annushkas_finger_bone,true,true,false,wh3_main_item_abilities_saint_annushkas_finger_bone,data/unit_stats/abilities/source_exports/db/special_ability_to_special_ability_phase_junctions_tables/data__.tsv,1857,9.0.1
1,wh3_main_item_abilities_scales_of_the_celestial_court,true,false,false,wh3_main_item_abilities_scales_of_the_celestial_court,data/unit_stats/abilities/source_exports/db/special_ability_to_special_ability_phase_junctions_tables/data__.tsv,1858,9.0.1
1,wh3_main_item_abilities_scroll_of_destiny,true,false,false,wh3_main_item_abilities_scroll_of_destiny,data/unit_stats/abilities/source_exports/db/special_ability_to_special_ability_phase_junctions_tables/data__.tsv,1859,9.0.1
1,wh3_main_item_abilities_snowflake_pendant,true,true,false,wh3_main_item_abilities_snowflake_pendant,data/unit_stats/abilities/source_exports/db/special_ability_to_special_ability_phase_junctions_tables/data__.tsv,1860,9.0.1
1,wh3_main_item_abilities_staff_of_wu_xing,true,false,false,wh3_main_item_abilities_staff_of_wu_xing,data/unit_stats/abilities/source_exports/db/special_ability_to_special_ability_phase_junctions_tables/data__.tsv,1861,9.0.1
1,wh3_main_item_abilities_steppe_hunters_horn,true,true,false,wh3_main_item_abilities_steppe_hunters_horn,data/unit_stats/abilities/source_exports/db/special_ability_to_special_ability_phase_junctions_tables/data__.tsv,1862,9.0.1
1,wh3_main_item_abilities_the_bloody_shackle,true,false,false,wh3_main_item_abilities_the_bloody_shackle,data/unit_stats/abilities/source_exports/db/special_ability_to_special_ability_phase_junctions_tables/data__.tsv,1863,9.0.1
1,wh3_main_item_abilities_the_chromatic_tome,true,true,false,wh3_main_item_abilities_the_chromatic_tome,data/unit_stats/abilities/source_exports/db/special_ability_to_special_ability_phase_junctions_tables/data__.tsv,1864,9.0.1
1,wh3_main_item_abilities_the_portalglyph,false,false,true,wh3_main_item_abilities_the_portalglyph,data/unit_stats/abilities/source_exports/db/special_ability_to_special_ability_phase_junctions_tables/data__.tsv,1865,9.0.1
1,wh3_main_item_abilities_the_rock_of_inevitability,false,false,true,wh3_main_item_abilities_the_rock_of_inevitability,data/unit_stats/abilities/source_exports/db/special_ability_to_special_ability_phase_junctions_tables/data__.tsv,1866,9.0.1
1,wh3_main_item_abilities_void_pendulum,false,false,true,wh3_main_item_abilities_void_pendulum,data/unit_stats/abilities/source_exports/db/special_ability_to_special_ability_phase_junctions_tables/data__.tsv,1867,9.0.1
1,wh3_main_item_passive_armour_of_ursun,true,false,false,wh3_main_item_passive_armour_of_ursun,data/unit_stats/abilities/source_exports/db/special_ability_to_special_ability_phase_junctions_tables/data__.tsv,1868,9.0.1
1,wh3_main_item_passive_balalaika_of_the_arari,true,true,false,wh3_main_item_passive_balalaika_of_the_arari,data/unit_stats/abilities/source_exports/db/special_ability_to_special_ability_phase_junctions_tables/data__.tsv,1869,9.0.1
1,wh3_main_item_passive_blood_of_the_motherland,true,true,false,wh3_main_item_passive_blood_of_the_motherland,data/unit_stats/abilities/source_exports/db/special_ability_to_special_ability_phase_junctions_tables/data__.tsv,1870,9.0.1
1,wh3_main_item_passive_brahmir_statue,false,false,true,wh3_main_item_abilities_brahmir_statue,data/unit_stats/abilities/source_exports/db/special_ability_to_special_ability_phase_junctions_tables/data__.tsv,1871,9.0.1
1,wh3_main_item_passive_catalytic_kiln,false,false,true,wh3_main_item_passive_catalytic_kiln,data/unit_stats/abilities/source_exports/db/special_ability_to_special_ability_phase_junctions_tables/data__.tsv,1872,9.0.1
1,wh3_main_item_passive_cauldron_of_the_great_maw_i,true,true,false,wh3_main_item_passive_cauldron_of_the_great_maw_i,data/unit_stats/abilities/source_exports/db/special_ability_to_special_ability_phase_junctions_tables/data__.tsv,1873,9.0.1
1,wh3_main_item_passive_cauldron_of_the_great_maw_ii,true,true,false,wh3_main_item_passive_cauldron_of_the_great_maw_ii,data/unit_stats/abilities/source_exports/db/special_ability_to_special_ability_phase_junctions_tables/data__.tsv,1874,9.0.1
1,wh3_main_item_passive_celestial_silk_robe,true,true,false,wh3_main_item_passive_celestial_silk_robe,data/unit_stats/abilities/source_exports/db/special_ability_to_special_ability_phase_junctions_tables/data__.tsv,1875,9.0.1
1,wh3_main_item_passive_cloak_of_po_mei,true,false,false,wh3_main_item_passive_cloak_of_po_mei,data/unit_stats/abilities/source_exports/db/special_ability_to_special_ability_phase_junctions_tables/data__.tsv,1876,9.0.1
1,wh3_main_item_passive_crystal_cloak,true,false,false,wh3_main_item_passive_crystal_cloak,data/unit_stats/abilities/source_exports/db/special_ability_to_special_ability_phase_junctions_tables/data__.tsv,1877,9.0.1
1,wh3_main_item_passive_enthralling_musk,false,false,true,wh3_main_item_abilities_enthralling_musk,data/unit_stats/abilities/source_exports/db/special_ability_to_special_ability_phase_junctions_tables/data__.tsv,1878,9.0.1
1,wh3_main_item_passive_ever_full_kovsh,true,true,false,wh3_main_item_abilities_ever_full_kovsh,data/unit_stats/abilities/source_exports/db/special_ability_to_special_ability_phase_junctions_tables/data__.tsv,1879,9.0.1
1,wh3_main_item_passive_fractured_clasp,false,false,true,wh3_main_item_abilities_fractured_clasp,data/unit_stats/abilities/source_exports/db/special_ability_to_special_ability_phase_junctions_tables/data__.tsv,1880,9.0.1
1,wh3_main_item_passive_gnoblar_thiefstone,true,true,false,wh3_main_item_abilities_gnoblar_thiefstone,data/unit_stats/abilities/source_exports/db/special_ability_to_special_ability_phase_junctions_tables/data__.tsv,1881,9.0.1
1,wh3_main_item_passive_greedy_fist,false,false,true,wh3_main_item_abilities_greedy_fist,data/unit_stats/abilities/source_exports/db/special_ability_to_special_ability_phase_junctions_tables/data__.tsv,1882,9.0.1
1,wh3_main_item_passive_gut_maw,true,true,false,wh3_main_item_passive_gut_maw,data/unit_stats/abilities/source_exports/db/special_ability_to_special_ability_phase_junctions_tables/data__.tsv,1883,9.0.1
1,wh3_main_item_passive_icon_of_endless_war,true,true,false,wh3_main_item_passive_icon_of_endless_war,data/unit_stats/abilities/source_exports/db/special_ability_to_special_ability_phase_junctions_tables/data__.tsv,1884,9.0.1
1,wh3_main_item_passive_icon_of_eternal_virulence,false,false,true,wh3_main_item_passive_icon_of_eternal_virulence_0,data/unit_stats/abilities/source_exports/db/special_ability_to_special_ability_phase_junctions_tables/data__.tsv,1885,9.0.1
2,wh3_main_item_passive_icon_of_eternal_virulence,false,false,true,wh3_main_item_passive_icon_of_eternal_virulence_1,data/unit_stats/abilities/source_exports/db/special_ability_to_special_ability_phase_junctions_tables/data__.tsv,1886,9.0.1
3,wh3_main_item_passive_icon_of_eternal_virulence,false,false,true,wh3_main_item_passive_icon_of_eternal_virulence_2,data/unit_stats/abilities/source_exports/db/special_ability_to_special_ability_phase_junctions_tables/data__.tsv,1887,9.0.1
1,wh3_main_item_passive_icon_of_sorcery,true,true,false,wh3_main_item_passive_icon_of_sorcery,data/unit_stats/abilities/source_exports/db/special_ability_to_special_ability_phase_junctions_tables/data__.tsv,1888,9.0.1
1,wh3_main_item_passive_iron_ice_armour,false,false,true,wh3_main_item_passive_iron_ice_armour,data/unit_stats/abilities/source_exports/db/special_ability_to_special_ability_phase_junctions_tables/data__.tsv,1889,9.0.1
1,wh3_main_item_passive_jade_amulet,true,false,false,wh3_main_item_passive_jade_amulet,data/unit_stats/abilities/source_exports/db/special_ability_to_special_ability_phase_junctions_tables/data__.tsv,1890,9.0.1
1,wh3_main_item_passive_jade_lion,true,true,false,wh3_main_item_passive_jade_lion,data/unit_stats/abilities/source_exports/db/special_ability_to_special_ability_phase_junctions_tables/data__.tsv,1891,9.0.1
1,wh3_main_item_passive_kite_of_the_uttermost_airs,false,false,true,wh3_main_item_passive_kite_of_the_uttermost_airs,data/unit_stats/abilities/source_exports/db/special_ability_to_special_ability_phase_junctions_tables/data__.tsv,1892,9.0.1
1,wh3_main_item_passive_mirror_of_the_ice_queen,false,false,true,wh3_main_item_passive_mirror_of_the_ice_queen,data/unit_stats/abilities/source_exports/db/special_ability_to_special_ability_phase_junctions_tables/data__.tsv,1893,9.0.1
1,wh3_main_item_passive_overtyrants_crown,true,true,false,wh3_main_item_passive_overtyrants_crown,data/unit_stats/abilities/source_exports/db/special_ability_to_special_ability_phase_junctions_tables/data__.tsv,1894,9.0.1
1,wh3_main_item_passive_pennant_of_the_great_orthodoxy,true,true,false,wh3_main_item_passive_pennant_of_the_great_orthodoxy,data/unit_stats/abilities/source_exports/db/special_ability_to_special_ability_phase_junctions_tables/data__.tsv,1895,9.0.1
1,wh3_main_item_passive_rock_eye,true,true,false,wh3_main_item_passive_rock_eye,data/unit_stats/abilities/source_exports/db/special_ability_to_special_ability_phase_junctions_tables/data__.tsv,1896,9.0.1
1,wh3_main_item_passive_rod_of_command,false,false,true,wh3_main_item_passive_rod_of_command_enemy,data/unit_stats/abilities/source_exports/db/special_ability_to_special_ability_phase_junctions_tables/data__.tsv,1897,9.0.1
1,wh3_main_item_passive_rod_of_command,true,true,false,wh3_main_item_passive_rod_of_command_friend,data/unit_stats/abilities/source_exports/db/special_ability_to_special_ability_phase_junctions_tables/data__.tsv,1898,9.0.1
1,wh3_main_item_passive_shield_of_sacrifice,true,true,false,wh3_main_item_passive_shield_of_sacrifice,data/unit_stats/abilities/source_exports/db/special_ability_to_special_ability_phase_junctions_tables/data__.tsv,1899,9.0.1
1,wh3_main_item_passive_shield_of_the_nan_gau,true,false,false,wh3_main_item_passive_shield_of_the_nan_gau_i,data/unit_stats/abilities/source_exports/db/special_ability_to_special_ability_phase_junctions_tables/data__.tsv,1900,9.0.1
2,wh3_main_item_passive_shield_of_the_nan_gau,true,false,false,wh3_main_item_passive_shield_of_the_nan_gau_ii,data/unit_stats/abilities/source_exports/db/special_ability_to_special_ability_phase_junctions_tables/data__.tsv,1901,9.0.1
3,wh3_main_item_passive_shield_of_the_nan_gau,true,false,false,wh3_main_item_passive_shield_of_the_nan_gau_iii,data/unit_stats/abilities/source_exports/db/special_ability_to_special_ability_phase_junctions_tables/data__.tsv,1902,9.0.1
1,wh3_main_item_passive_skullmantle,false,false,true,wh3_main_item_abilities_skullmantle,data/unit_stats/abilities/source_exports/db/special_ability_to_special_ability_phase_junctions_tables/data__.tsv,1903,9.0.1
1,wh3_main_lord_abilities_ballet_of_blows,true,false,false,wh3_main_lord_abilities_ballet_of_blows_1,data/unit_stats/abilities/source_exports/db/special_ability_to_special_ability_phase_junctions_tables/data__.tsv,1904,9.0.1
2,wh3_main_lord_abilities_ballet_of_blows,true,false,false,wh3_main_lord_abilities_ballet_of_blows_2,data/unit_stats/abilities/source_exports/db/special_ability_to_special_ability_phase_junctions_tables/data__.tsv,1905,9.0.1
3,wh3_main_lord_abilities_ballet_of_blows,true,false,false,wh3_main_lord_abilities_ballet_of_blows_3,data/unit_stats/abilities/source_exports/db/special_ability_to_special_ability_phase_junctions_tables/data__.tsv,1906,9.0.1
1,wh3_main_lord_abilities_blight_swarm,false,false,true,wh3_main_lord_abilities_blight_swarm,data/unit_stats/abilities/source_exports/db/special_ability_to_special_ability_phase_junctions_tables/data__.tsv,1907,9.0.1
1,wh3_main_lord_abilities_bloodthirst,true,false,false,wh3_main_lord_abilities_bloodthirst,data/unit_stats/abilities/source_exports/db/special_ability_to_special_ability_phase_junctions_tables/data__.tsv,1908,9.0.1
1,wh3_main_lord_abilities_daemonic_possession,false,false,true,wh3_main_lord_abilities_daemonic_possession,data/unit_stats/abilities/source_exports/db/special_ability_to_special_ability_phase_junctions_tables/data__.tsv,1909,9.0.1
1,wh3_main_lord_abilities_deathbringer,true,false,false,wh3_main_lord_abilities_deathbringer,data/unit_stats/abilities/source_exports/db/special_ability_to_special_ability_phase_junctions_tables/data__.tsv,1910,9.0.1
1,wh3_main_lord_abilities_deathbringer_upgraded,true,false,false,wh3_main_lord_abilities_deathbringer_upgraded,data/unit_stats/abilities/source_exports/db/special_ability_to_special_ability_phase_junctions_tables/data__.tsv,1911,9.0.1
1,wh3_main_lord_abilities_everyone_has_their_price,false,false,true,wh3_main_lord_abilities_everyone_has_their_price,data/unit_stats/abilities/source_exports/db/special_ability_to_special_ability_phase_junctions_tables/data__.tsv,1912,9.0.1
1,wh3_main_lord_abilities_eye_of_the_storm,true,false,false,wh3_main_lord_abilities_eye_of_the_storm,data/unit_stats/abilities/source_exports/db/special_ability_to_special_ability_phase_junctions_tables/data__.tsv,1913,9.0.1
1,wh3_main_lord_abilities_fury_of_ursun,true,false,false,wh3_main_lord_abilities_fury_of_ursun,data/unit_stats/abilities/source_exports/db/special_ability_to_special_ability_phase_junctions_tables/data__.tsv,1914,9.0.1
1,wh3_main_lord_abilities_gaze_of_fate,false,false,true,wh3_main_lord_abilities_gaze_of_fate,data/unit_stats/abilities/source_exports/db/special_ability_to_special_ability_phase_junctions_tables/data__.tsv,1915,9.0.1
1,wh3_main_lord_abilities_hidden_in_time,true,false,false,wh3_main_lord_abilities_hidden_in_time,data/unit_stats/abilities/source_exports/db/special_ability_to_special_ability_phase_junctions_tables/data__.tsv,1916,9.0.1
1,wh3_main_lord_abilities_inspired_assault_i,false,true,false,wh3_main_lord_abilities_inspired_assault_i,data/unit_stats/abilities/source_exports/db/special_ability_to_special_ability_phase_junctions_tables/data__.tsv,1917,9.0.1
1,wh3_main_lord_abilities_inspired_assault_ii,false,true,false,wh3_main_lord_abilities_inspired_assault_ii,data/unit_stats/abilities/source_exports/db/special_ability_to_special_ability_phase_junctions_tables/data__.tsv,1918,9.0.1
1,wh3_main_lord_abilities_inspired_assault_iii,false,true,false,wh3_main_lord_abilities_inspired_assault_iii,data/unit_stats/abilities/source_exports/db/special_ability_to_special_ability_phase_junctions_tables/data__.tsv,1919,9.0.1
1,wh3_main_lord_abilities_inspired_defence_i,false,true,false,wh3_main_lord_abilities_inspired_defence_i,data/unit_stats/abilities/source_exports/db/special_ability_to_special_ability_phase_junctions_tables/data__.tsv,1920,9.0.1
1,wh3_main_lord_abilities_inspired_defence_ii,false,true,false,wh3_main_lord_abilities_inspired_defence_ii,data/unit_stats/abilities/source_exports/db/special_ability_to_special_ability_phase_junctions_tables/data__.tsv,1921,9.0.1
1,wh3_main_lord_abilities_inspired_defence_iii,false,true,false,wh3_main_lord_abilities_inspired_defence_iii,data/unit_stats/abilities/source_exports/db/special_ability_to_special_ability_phase_junctions_tables/data__.tsv,1922,9.0.1
1,wh3_main_lord_abilities_inspired_marksmanship_i,false,true,false,wh3_main_lord_abilities_inspired_marksmanship_i,data/unit_stats/abilities/source_exports/db/special_ability_to_special_ability_phase_junctions_tables/data__.tsv,1923,9.0.1
1,wh3_main_lord_abilities_inspired_marksmanship_ii,false,true,false,wh3_main_lord_abilities_inspired_marksmanship_ii,data/unit_stats/abilities/source_exports/db/special_ability_to_special_ability_phase_junctions_tables/data__.tsv,1924,9.0.1
1,wh3_main_lord_abilities_inspired_marksmanship_iii,false,true,false,wh3_main_lord_abilities_inspired_marksmanship_iii,data/unit_stats/abilities/source_exports/db/special_ability_to_special_ability_phase_junctions_tables/data__.tsv,1925,9.0.1
1,wh3_main_lord_abilities_master_of_alchemy,true,true,false,wh3_main_lord_abilities_master_of_alchemy,data/unit_stats/abilities/source_exports/db/special_ability_to_special_ability_phase_junctions_tables/data__.tsv,1926,9.0.1
1,wh3_main_lord_abilities_master_of_alchemy_flaming,true,true,false,wh3_main_lord_abilities_master_of_alchemy_flaming,data/unit_stats/abilities/source_exports/db/special_ability_to_special_ability_phase_junctions_tables/data__.tsv,1927,9.0.1
1,wh3_main_lord_abilities_master_of_alchemy_piercing,true,true,false,wh3_main_lord_abilities_master_of_alchemy_piercing,data/unit_stats/abilities/source_exports/db/special_ability_to_special_ability_phase_junctions_tables/data__.tsv,1928,9.0.1
1,wh3_main_lord_abilities_master_of_alchemy_poison,true,true,false,wh3_main_lord_abilities_master_of_alchemy_poison,data/unit_stats/abilities/source_exports/db/special_ability_to_special_ability_phase_junctions_tables/data__.tsv,1929,9.0.1
1,wh3_main_lord_abilities_oracle_of_eternity,true,false,false,wh3_main_lord_abilities_oracle_of_eternity,data/unit_stats/abilities/source_exports/db/special_ability_to_special_ability_phase_junctions_tables/data__.tsv,1930,9.0.1
1,wh3_main_lord_abilities_plaguefathers_oration,true,true,false,wh3_main_lord_abilities_plaguefathers_oration,data/unit_stats/abilities/source_exports/db/special_ability_to_special_ability_phase_junctions_tables/data__.tsv,1931,9.0.1
1,wh3_main_lord_abilities_rage_embodied,false,false,true,wh3_main_lord_abilities_rage_embodied,data/unit_stats/abilities/source_exports/db/special_ability_to_special_ability_phase_junctions_tables/data__.tsv,1932,9.0.1
1,wh3_main_lord_abilities_rage_incarnate,false,false,true,wh3_main_lord_abilities_rage_incarnate,data/unit_stats/abilities/source_exports/db/special_ability_to_special_ability_phase_junctions_tables/data__.tsv,1933,9.0.1
1,wh3_main_lord_abilities_seductive_glory,false,false,true,wh3_main_lord_abilities_seductive_glory,data/unit_stats/abilities/source_exports/db/special_ability_to_special_ability_phase_junctions_tables/data__.tsv,1934,9.0.1
1,wh3_main_lord_abilities_shadow_shroud,true,false,false,wh3_main_lord_abilities_shadow_shroud,data/unit_stats/abilities/source_exports/db/special_ability_to_special_ability_phase_junctions_tables/data__.tsv,1935,9.0.1
1,wh3_main_lord_abilities_the_dark_master,false,false,true,wh3_main_lord_abilities_the_dark_master,data/unit_stats/abilities/source_exports/db/special_ability_to_special_ability_phase_junctions_tables/data__.tsv,1936,9.0.1
1,wh3_main_lord_abilities_virulent_contagion,false,false,true,wh3_main_lord_abilities_virulent_contagion,data/unit_stats/abilities/source_exports/db/special_ability_to_special_ability_phase_junctions_tables/data__.tsv,1937,9.0.1
1,wh3_main_lord_abilities_virulent_contagion_upgraded,false,false,true,wh3_main_lord_abilities_virulent_contagion_upgraded,data/unit_stats/abilities/source_exports/db/special_ability_to_special_ability_phase_junctions_tables/data__.tsv,1938,9.0.1
1,wh3_main_lord_abilities_willing_prey,false,false,true,wh3_main_lord_abilities_willing_prey,data/unit_stats/abilities/source_exports/db/special_ability_to_special_ability_phase_junctions_tables/data__.tsv,1939,9.0.1
1,wh3_main_lord_abilities_wrath_of_the_storm,true,true,false,wh3_main_lord_abilities_wrath_of_the_storm,data/unit_stats/abilities/source_exports/db/special_ability_to_special_ability_phase_junctions_tables/data__.tsv,1940,9.0.1
1,wh3_main_lord_abilities_wrathful_reaper,true,false,false,wh3_main_lord_abilities_wrathful_reaper,data/unit_stats/abilities/source_exports/db/special_ability_to_special_ability_phase_junctions_tables/data__.tsv,1941,9.0.1
1,wh3_main_lord_passive_allure_of_slaanesh,false,false,true,wh3_main_lord_passive_allure_of_slaanesh,data/unit_stats/abilities/source_exports/db/special_ability_to_special_ability_phase_junctions_tables/data__.tsv,1942,9.0.1
1,wh3_main_lord_passive_aura_of_majesty,false,false,true,wh3_main_lord_passive_aura_of_majesty,data/unit_stats/abilities/source_exports/db/special_ability_to_special_ability_phase_junctions_tables/data__.tsv,1943,9.0.1
1,wh3_main_lord_passive_blaze_of_devotion,true,true,false,wh3_main_lord_passive_blaze_of_devotion,data/unit_stats/abilities/source_exports/db/special_ability_to_special_ability_phase_junctions_tables/data__.tsv,1944,9.0.1
1,wh3_main_lord_passive_disdain_of_the_dragons,false,false,true,wh3_main_lord_passive_disdain_of_the_dragons,data/unit_stats/abilities/source_exports/db/special_ability_to_special_ability_phase_junctions_tables/data__.tsv,1945,9.0.1
1,wh3_main_lord_passive_feasting_on_fear,true,false,false,wh3_main_lord_passive_feasting_on_fear,data/unit_stats/abilities/source_exports/db/special_ability_to_special_ability_phase_junctions_tables/data__.tsv,1946,9.0.1
1,wh3_main_lord_passive_fetid_stench,false,false,true,wh3_main_lord_passive_fetid_stench,data/unit_stats/abilities/source_exports/db/special_ability_to_special_ability_phase_junctions_tables/data__.tsv,1947,9.0.1
1,wh3_main_lord_passive_fuelled_by_rage,true,false,false,wh3_main_lord_passive_fuelled_by_rage,data/unit_stats/abilities/source_exports/db/special_ability_to_special_ability_phase_junctions_tables/data__.tsv,1948,9.0.1
1,wh3_main_lord_passive_glamour_of_slaanesh,false,false,true,wh3_main_lord_passive_glamour_of_slaanesh,data/unit_stats/abilities/source_exports/db/special_ability_to_special_ability_phase_junctions_tables/data__.tsv,1949,9.0.1
1,wh3_main_lord_passive_grand_strategist,true,true,false,wh3_main_lord_passive_grand_strategist,data/unit_stats/abilities/source_exports/db/special_ability_to_special_ability_phase_junctions_tables/data__.tsv,1950,9.0.1
1,wh3_main_lord_passive_hardened_scale,true,false,false,wh3_main_lord_passive_hardened_scale,data/unit_stats/abilities/source_exports/db/special_ability_to_special_ability_phase_junctions_tables/data__.tsv,1951,9.0.1
1,wh3_main_lord_passive_harvester_of_souls,true,false,false,wh3_main_lord_passive_harvester_of_souls,data/unit_stats/abilities/source_exports/db/special_ability_to_special_ability_phase_junctions_tables/data__.tsv,1952,9.0.1
1,wh3_main_lord_passive_harvester_of_souls_upgraded,true,false,false,wh3_main_lord_passive_harvester_of_souls_upgraded,data/unit_stats/abilities/source_exports/db/special_ability_to_special_ability_phase_junctions_tables/data__.tsv,1953,9.0.1
1,wh3_main_lord_passive_hoardmaster,true,true,false,wh3_main_lord_passive_hoardmaster,data/unit_stats/abilities/source_exports/db/special_ability_to_special_ability_phase_junctions_tables/data__.tsv,1954,9.0.1
1,wh3_main_lord_passive_kill_for_khorne,true,true,false,wh3_main_lord_passive_kill_for_khorne,data/unit_stats/abilities/source_exports/db/special_ability_to_special_ability_phase_junctions_tables/data__.tsv,1955,9.0.1
1,wh3_main_lord_passive_lord_of_torment,true,false,false,wh3_main_lord_passive_lord_of_torment,data/unit_stats/abilities/source_exports/db/special_ability_to_special_ability_phase_junctions_tables/data__.tsv,1956,9.0.1
1,wh3_main_lord_passive_master_of_fates,true,true,false,wh3_main_lord_passive_master_of_fates,data/unit_stats/abilities/source_exports/db/special_ability_to_special_ability_phase_junctions_tables/data__.tsv,1957,9.0.1
1,wh3_main_lord_passive_nurgling_infestation,false,true,false,wh3_main_lord_passive_nurgling_infestation,data/unit_stats/abilities/source_exports/db/special_ability_to_special_ability_phase_junctions_tables/data__.tsv,1958,9.0.1
1,wh3_main_lord_passive_pestilent_decay,false,false,true,wh3_main_lord_passive_pestilent_decay,data/unit_stats/abilities/source_exports/db/special_ability_to_special_ability_phase_junctions_tables/data__.tsv,1959,9.0.1
1,wh3_main_lord_passive_prismatic_plurality,true,false,false,wh3_main_lord_passive_prismatic_plurality,data/unit_stats/abilities/source_exports/db/special_ability_to_special_ability_phase_junctions_tables/data__.tsv,1960,9.0.1
1,wh3_main_lord_passive_revel_in_slaughter,true,true,false,wh3_main_lord_passive_revel_in_slaughter,data/unit_stats/abilities/source_exports/db/special_ability_to_special_ability_phase_junctions_tables/data__.tsv,1961,9.0.1
1,wh3_main_lord_passive_seer_of_destiny,true,true,false,wh3_main_lord_passive_seer_of_destiny,data/unit_stats/abilities/source_exports/db/special_ability_to_special_ability_phase_junctions_tables/data__.tsv,1962,9.0.1
1,wh3_main_lord_passive_snacks,true,false,false,wh3_main_lord_passive_snacks,data/unit_stats/abilities/source_exports/db/special_ability_to_special_ability_phase_junctions_tables/data__.tsv,1963,9.0.1
1,wh3_main_lord_passive_soul_siphon,false,false,true,wh3_main_lord_passive_soul_siphon,data/unit_stats/abilities/source_exports/db/special_ability_to_special_ability_phase_junctions_tables/data__.tsv,1964,9.0.1
1,wh3_main_lord_passive_strategist,true,true,false,wh3_main_lord_passive_strategist,data/unit_stats/abilities/source_exports/db/special_ability_to_special_ability_phase_junctions_tables/data__.tsv,1965,9.0.1
1,wh3_main_lord_passive_ursuns_ward,true,false,false,wh3_main_lord_passive_ursuns_ward,data/unit_stats/abilities/source_exports/db/special_ability_to_special_ability_phase_junctions_tables/data__.tsv,1966,9.0.1
1,wh3_main_lord_passive_warding_iron,true,true,false,wh3_main_lord_passive_warding_iron,data/unit_stats/abilities/source_exports/db/special_ability_to_special_ability_phase_junctions_tables/data__.tsv,1967,9.0.1
1,wh3_main_lord_passive_whisper_of_glory,false,false,true,wh3_main_lord_passive_whisper_of_glory,data/unit_stats/abilities/source_exports/db/special_ability_to_special_ability_phase_junctions_tables/data__.tsv,1968,9.0.1
1,wh3_main_lord_passive_whispers_in_the_darkness,false,false,true,wh3_main_lord_passive_whispers_in_the_darkness,data/unit_stats/abilities/source_exports/db/special_ability_to_special_ability_phase_junctions_tables/data__.tsv,1969,9.0.1
1,wh3_main_lore_passive_blissful_rapture,true,true,false,wh3_main_lore_passive_blissful_rapture,data/unit_stats/abilities/source_exports/db/special_ability_to_special_ability_phase_junctions_tables/data__.tsv,1970,9.0.1
1,wh3_main_lore_passive_bloodgruel,true,false,false,wh3_main_lore_passive_bloodgruel,data/unit_stats/abilities/source_exports/db/special_ability_to_special_ability_phase_junctions_tables/data__.tsv,1971,9.0.1
1,wh3_main_lore_passive_children_of_nurgle,true,true,false,wh3_main_lore_passive_children_of_nurgle,data/unit_stats/abilities/source_exports/db/special_ability_to_special_ability_phase_junctions_tables/data__.tsv,1972,9.0.1
1,wh3_main_lore_passive_fires_of_change,true,true,false,wh3_main_lore_passive_fires_of_change,data/unit_stats/abilities/source_exports/db/special_ability_to_special_ability_phase_junctions_tables/data__.tsv,1973,9.0.1
1,wh3_main_lore_passive_freezing_winds,false,false,true,wh3_main_lore_passive_freezing_winds,data/unit_stats/abilities/source_exports/db/special_ability_to_special_ability_phase_junctions_tables/data__.tsv,1974,9.0.1
1,wh3_main_lore_passive_frost_shield,true,true,false,wh3_main_lore_passive_frost_shield,data/unit_stats/abilities/source_exports/db/special_ability_to_special_ability_phase_junctions_tables/data__.tsv,1975,9.0.1
1,wh3_main_lore_passive_power_of_yin,false,false,true,wh3_main_lore_passive_power_of_yin,data/unit_stats/abilities/source_exports/db/special_ability_to_special_ability_phase_junctions_tables/data__.tsv,1976,9.0.1
1,wh3_main_lore_passive_strength_of_yang,true,true,false,wh3_main_lore_passive_strength_of_yang,data/unit_stats/abilities/source_exports/db/special_ability_to_special_ability_phase_junctions_tables/data__.tsv,1977,9.0.1
1,wh3_main_mount_passive_totem_of_endless_bloodletting,true,true,false,wh3_main_mount_passive_totem_of_endless_bloodletting,data/unit_stats/abilities/source_exports/db/special_ability_to_special_ability_phase_junctions_tables/data__.tsv,1978,9.0.1
1,wh3_main_prisoners_butcher,false,true,false,wh3_main_prisoners_butcher,data/unit_stats/abilities/source_exports/db/special_ability_to_special_ability_phase_junctions_tables/data__.tsv,1979,9.0.1
1,wh3_main_prisoners_dismember,false,false,true,wh3_main_prisoners_dismember,data/unit_stats/abilities/source_exports/db/special_ability_to_special_ability_phase_junctions_tables/data__.tsv,1980,9.0.1
1,wh3_main_prisoners_massacre,false,true,false,wh3_main_prisoners_massacre,data/unit_stats/abilities/source_exports/db/special_ability_to_special_ability_phase_junctions_tables/data__.tsv,1981,9.0.1
1,wh3_main_pro_character_abilities_heroic_killing_blow_1,true,false,false,wh3_main_pro_character_abilities_heroic_killing_blow_1,data/unit_stats/abilities/source_exports/db/special_ability_to_special_ability_phase_junctions_tables/data__.tsv,1982,9.0.1
1,wh3_main_pro_character_abilities_heroic_killing_blow_2,true,false,false,wh3_main_pro_character_abilities_heroic_killing_blow_2,data/unit_stats/abilities/source_exports/db/special_ability_to_special_ability_phase_junctions_tables/data__.tsv,1983,9.0.1
1,wh3_main_pro_character_abilities_ursuns_roar,true,true,false,wh3_main_pro_character_abilities_ursuns_roar,data/unit_stats/abilities/source_exports/db/special_ability_to_special_ability_phase_junctions_tables/data__.tsv,1984,9.0.1
1,wh3_main_pro_character_abilities_ursuns_roar_1,true,true,false,wh3_main_pro_character_abilities_ursuns_roar_1,data/unit_stats/abilities/source_exports/db/special_ability_to_special_ability_phase_junctions_tables/data__.tsv,1985,9.0.1
1,wh3_main_pro_character_abilities_ursuns_roar_2,true,true,false,wh3_main_pro_character_abilities_ursuns_roar_2,data/unit_stats/abilities/source_exports/db/special_ability_to_special_ability_phase_junctions_tables/data__.tsv,1986,9.0.1
1,wh3_main_pro_character_abilities_ursuns_roar_3,true,true,false,wh3_main_pro_character_abilities_ursuns_roar_3,data/unit_stats/abilities/source_exports/db/special_ability_to_special_ability_phase_junctions_tables/data__.tsv,1987,9.0.1
1,wh3_main_pro_quest_passive_favour_of_the_ruinous_powers,true,true,false,wh3_main_pro_quest_passive_favour_of_the_ruinous_powers,data/unit_stats/abilities/source_exports/db/special_ability_to_special_ability_phase_junctions_tables/data__.tsv,1988,9.0.1
1,wh3_main_siege_defender,false,true,false,wh3_main_siege_defender,data/unit_stats/abilities/source_exports/db/special_ability_to_special_ability_phase_junctions_tables/data__.tsv,1989,9.0.1
1,wh3_main_siege_momentum,false,true,false,wh3_main_siege_momentum,data/unit_stats/abilities/source_exports/db/special_ability_to_special_ability_phase_junctions_tables/data__.tsv,1990,9.0.1
1,wh3_main_spell_bound_cascading_fire_cloak,true,true,false,wh_main_spell_fire_cascading_fire_cloak,data/unit_stats/abilities/source_exports/db/special_ability_to_special_ability_phase_junctions_tables/data__.tsv,1991,9.0.1
1,wh3_main_spell_bound_earth_blood,true,true,false,wh_dlc05_spell_life_earth_blood,data/unit_stats/abilities/source_exports/db/special_ability_to_special_ability_phase_junctions_tables/data__.tsv,1992,9.0.1
1,wh3_main_spell_bound_enfeebling_foe,false,false,true,wh_dlc05_spell_shadow_the_enfeebling_foe,data/unit_stats/abilities/source_exports/db/special_ability_to_special_ability_phase_junctions_tables/data__.tsv,1993,9.0.1
1,wh3_main_spell_bound_flock_of_doom,false,false,true,wh_dlc03_spell_beasts_flock_of_doom,data/unit_stats/abilities/source_exports/db/special_ability_to_special_ability_phase_junctions_tables/data__.tsv,1994,9.0.1
1,wh3_main_spell_bound_harmonic_convergence,true,true,false,wh_main_spell_heavens_harmonic_convergence,data/unit_stats/abilities/source_exports/db/special_ability_to_special_ability_phase_junctions_tables/data__.tsv,1995,9.0.1
1,wh3_main_spell_bound_phas_protection,true,true,false,wh_main_spell_light_phas_protection,data/unit_stats/abilities/source_exports/db/special_ability_to_special_ability_phase_junctions_tables/data__.tsv,1996,9.0.1
1,wh3_main_spell_bound_plague_of_rust,false,false,true,wh_main_spell_metal_plague_of_rust,data/unit_stats/abilities/source_exports/db/special_ability_to_special_ability_phase_junctions_tables/data__.tsv,1997,9.0.1
1,wh3_main_spell_bound_rancid_visitations,false,false,true,wh3_main_spell_bound_rancid_visitations,data/unit_stats/abilities/source_exports/db/special_ability_to_special_ability_phase_junctions_tables/data__.tsv,1998,9.0.1
1,wh3_main_spell_bound_spirit_leech,false,false,true,wh_main_spell_death_spirit_leech,data/unit_stats/abilities/source_exports/db/special_ability_to_special_ability_phase_junctions_tables/data__.tsv,1999,9.0.1
1,wh3_main_spell_bound_the_curse_of_anraheir,false,false,true,wh_dlc03_spell_beasts_the_curse_of_anraheir,data/unit_stats/abilities/source_exports/db/special_ability_to_special_ability_phase_junctions_tables/data__.tsv,2000,9.0.1
1,wh3_main_spell_bound_the_fate_of_bjuna,false,false,true,wh_main_spell_death_the_fate_of_bjuna,data/unit_stats/abilities/source_exports/db/special_ability_to_special_ability_phase_junctions_tables/data__.tsv,2001,9.0.1
1,wh3_main_spell_bound_transmutation_of_lead,false,false,true,wh3_main_spell_bound_transmutation_of_lead,data/unit_stats/abilities/source_exports/db/special_ability_to_special_ability_phase_junctions_tables/data__.tsv,2002,9.0.1
1,wh3_main_spell_great_maw_braingobbler,false,false,true,wh3_main_spell_great_maw_braingobbler,data/unit_stats/abilities/source_exports/db/special_ability_to_special_ability_phase_junctions_tables/data__.tsv,2003,9.0.1
1,wh3_main_spell_great_maw_braingobbler_upgraded,false,false,true,wh3_main_spell_great_maw_braingobbler_upgraded,data/unit_stats/abilities/source_exports/db/special_ability_to_special_ability_phase_junctions_tables/data__.tsv,2004,9.0.1
1,wh3_main_spell_great_maw_bullgorger,true,true,false,wh3_main_spell_great_maw_bullgorger,data/unit_stats/abilities/source_exports/db/special_ability_to_special_ability_phase_junctions_tables/data__.tsv,2005,9.0.1
1,wh3_main_spell_great_maw_bullgorger_upgraded,true,true,false,wh3_main_spell_great_maw_bullgorger_upgraded,data/unit_stats/abilities/source_exports/db/special_ability_to_special_ability_phase_junctions_tables/data__.tsv,2006,9.0.1
1,wh3_main_spell_great_maw_toothcracker,true,true,false,wh3_main_spell_great_maw_toothcracker,data/unit_stats/abilities/source_exports/db/special_ability_to_special_ability_phase_junctions_tables/data__.tsv,2007,9.0.1
1,wh3_main_spell_great_maw_toothcracker_upgraded,true,true,false,wh3_main_spell_great_maw_toothcracker_upgraded,data/unit_stats/abilities/source_exports/db/special_ability_to_special_ability_phase_junctions_tables/data__.tsv,2008,9.0.1
1,wh3_main_spell_great_maw_trollguts,true,true,false,wh3_main_spell_great_maw_trollguts,data/unit_stats/abilities/source_exports/db/special_ability_to_special_ability_phase_junctions_tables/data__.tsv,2009,9.0.1
1,wh3_main_spell_great_maw_trollguts_upgraded,true,true,false,wh3_main_spell_great_maw_trollguts_upgraded,data/unit_stats/abilities/source_exports/db/special_ability_to_special_ability_phase_junctions_tables/data__.tsv,2010,9.0.1
1,wh3_main_spell_ice_crystal_sanctuary,true,true,false,wh3_main_spell_ice_crystal_sanctuary,data/unit_stats/abilities/source_exports/db/special_ability_to_special_ability_phase_junctions_tables/data__.tsv,2011,9.0.1
1,wh3_main_spell_ice_crystal_sanctuary_upgraded,true,true,false,wh3_main_spell_ice_crystal_sanctuary_upgraded,data/unit_stats/abilities/source_exports/db/special_ability_to_special_ability_phase_junctions_tables/data__.tsv,2012,9.0.1
1,wh3_main_spell_ice_death_frost,false,false,true,wh3_main_spell_ice_death_frost,data/unit_stats/abilities/source_exports/db/special_ability_to_special_ability_phase_junctions_tables/data__.tsv,2013,9.0.1
1,wh3_main_spell_ice_death_frost_upgraded,false,false,true,wh3_main_spell_ice_death_frost_upgraded,data/unit_stats/abilities/source_exports/db/special_ability_to_special_ability_phase_junctions_tables/data__.tsv,2014,9.0.1
1,wh3_main_spell_ice_frost_blades,true,true,false,wh3_main_spell_ice_frost_blades,data/unit_stats/abilities/source_exports/db/special_ability_to_special_ability_phase_junctions_tables/data__.tsv,2015,9.0.1
1,wh3_main_spell_ice_frost_blades_upgraded,true,true,false,wh3_main_spell_ice_frost_blades_upgraded,data/unit_stats/abilities/source_exports/db/special_ability_to_special_ability_phase_junctions_tables/data__.tsv,2016,9.0.1
1,wh3_main_spell_ice_heart_of_winter,false,false,true,wh3_main_spell_ice_heart_of_winter_1,data/unit_stats/abilities/source_exports/db/special_ability_to_special_ability_phase_junctions_tables/data__.tsv,2017,9.0.1
2,wh3_main_spell_ice_heart_of_winter,false,false,true,wh3_main_spell_ice_heart_of_winter_2,data/unit_stats/abilities/source_exports/db/special_ability_to_special_ability_phase_junctions_tables/data__.tsv,2018,9.0.1
3,wh3_main_spell_ice_heart_of_winter,false,false,true,wh3_main_spell_ice_heart_of_winter_3,data/unit_stats/abilities/source_exports/db/special_ability_to_special_ability_phase_junctions_tables/data__.tsv,2019,9.0.1
4,wh3_main_spell_ice_heart_of_winter,false,false,true,wh3_main_spell_ice_heart_of_winter_4,data/unit_stats/abilities/source_exports/db/special_ability_to_special_ability_phase_junctions_tables/data__.tsv,2020,9.0.1
1,wh3_main_spell_ice_heart_of_winter_upgraded,false,false,true,wh3_main_spell_ice_heart_of_winter_upgraded_1,data/unit_stats/abilities/source_exports/db/special_ability_to_special_ability_phase_junctions_tables/data__.tsv,2021,9.0.1
2,wh3_main_spell_ice_heart_of_winter_upgraded,false,false,true,wh3_main_spell_ice_heart_of_winter_upgraded_2,data/unit_stats/abilities/source_exports/db/special_ability_to_special_ability_phase_junctions_tables/data__.tsv,2022,9.0.1
3,wh3_main_spell_ice_heart_of_winter_upgraded,false,false,true,wh3_main_spell_ice_heart_of_winter_upgraded_3,data/unit_stats/abilities/source_exports/db/special_ability_to_special_ability_phase_junctions_tables/data__.tsv,2023,9.0.1
4,wh3_main_spell_ice_heart_of_winter_upgraded,false,false,true,wh3_main_spell_ice_heart_of_winter_upgraded_4,data/unit_stats/abilities/source_exports/db/special_ability_to_special_ability_phase_junctions_tables/data__.tsv,2024,9.0.1
1,wh3_main_spell_ice_ice_sheet,false,false,true,wh3_main_spell_ice_ice_sheet,data/unit_stats/abilities/source_exports/db/special_ability_to_special_ability_phase_junctions_tables/data__.tsv,2025,9.0.1
1,wh3_main_spell_nurgle_curse_of_the_leper,true,true,false,wh3_main_spell_nurgle_curse_of_the_leper,data/unit_stats/abilities/source_exports/db/special_ability_to_special_ability_phase_junctions_tables/data__.tsv,2026,9.0.1
1,wh3_main_spell_nurgle_curse_of_the_leper_bound,true,true,false,wh3_main_spell_nurgle_curse_of_the_leper,data/unit_stats/abilities/source_exports/db/special_ability_to_special_ability_phase_junctions_tables/data__.tsv,2027,9.0.1
1,wh3_main_spell_nurgle_curse_of_the_leper_upgraded,true,true,false,wh3_main_spell_nurgle_curse_of_the_leper_upgraded,data/unit_stats/abilities/source_exports/db/special_ability_to_special_ability_phase_junctions_tables/data__.tsv,2028,9.0.1
1,wh3_main_spell_nurgle_fleshy_abundance,true,true,false,wh3_main_spell_nurgle_fleshy_abundance,data/unit_stats/abilities/source_exports/db/special_ability_to_special_ability_phase_junctions_tables/data__.tsv,2029,9.0.1
1,wh3_main_spell_nurgle_fleshy_abundance_bound,true,true,false,wh3_main_spell_nurgle_fleshy_abundance,data/unit_stats/abilities/source_exports/db/special_ability_to_special_ability_phase_junctions_tables/data__.tsv,2030,9.0.1
1,wh3_main_spell_nurgle_fleshy_abundance_upgraded,true,true,false,wh3_main_spell_nurgle_fleshy_abundance_upgraded,data/unit_stats/abilities/source_exports/db/special_ability_to_special_ability_phase_junctions_tables/data__.tsv,2031,9.0.1
1,wh3_main_spell_nurgle_miasma_of_pestilence,false,false,true,wh3_main_spell_nurgle_miasma_of_pestilence,data/unit_stats/abilities/source_exports/db/special_ability_to_special_ability_phase_junctions_tables/data__.tsv,2032,9.0.1
1,wh3_main_spell_nurgle_miasma_of_pestilence_bound,false,false,true,wh3_main_spell_nurgle_miasma_of_pestilence,data/unit_stats/abilities/source_exports/db/special_ability_to_special_ability_phase_junctions_tables/data__.tsv,2033,9.0.1
1,wh3_main_spell_nurgle_miasma_of_pestilence_upgraded,false,false,true,wh3_main_spell_nurgle_miasma_of_pestilence_upgraded,data/unit_stats/abilities/source_exports/db/special_ability_to_special_ability_phase_junctions_tables/data__.tsv,2034,9.0.1
1,wh3_main_spell_nurgle_rancid_visitations,false,false,true,wh3_main_spell_nurgle_rancid_visitations,data/unit_stats/abilities/source_exports/db/special_ability_to_special_ability_phase_junctions_tables/data__.tsv,2035,9.0.1
1,wh3_main_spell_nurgle_rancid_visitations_bound,false,false,true,wh3_main_spell_nurgle_rancid_visitations,data/unit_stats/abilities/source_exports/db/special_ability_to_special_ability_phase_junctions_tables/data__.tsv,2036,9.0.1
1,wh3_main_spell_nurgle_rancid_visitations_upgraded,false,false,true,wh3_main_spell_nurgle_rancid_visitations_upgraded,data/unit_stats/abilities/source_exports/db/special_ability_to_special_ability_phase_junctions_tables/data__.tsv,2037,9.0.1
1,wh3_main_spell_slaanesh_acquiescence,false,false,true,wh3_main_spell_slaanesh_acquiescence,data/unit_stats/abilities/source_exports/db/special_ability_to_special_ability_phase_junctions_tables/data__.tsv,2038,9.0.1
1,wh3_main_spell_slaanesh_acquiescence_bound,false,false,true,wh3_main_spell_slaanesh_acquiescence,data/unit_stats/abilities/source_exports/db/special_ability_to_special_ability_phase_junctions_tables/data__.tsv,2039,9.0.1
1,wh3_main_spell_slaanesh_acquiescence_upgraded,false,false,true,wh3_main_spell_slaanesh_acquiescence_upgraded,data/unit_stats/abilities/source_exports/db/special_ability_to_special_ability_phase_junctions_tables/data__.tsv,2040,9.0.1
1,wh3_main_spell_slaanesh_hysterical_frenzy,true,true,false,wh3_main_spell_slaanesh_hysterical_frenzy,data/unit_stats/abilities/source_exports/db/special_ability_to_special_ability_phase_junctions_tables/data__.tsv,2041,9.0.1
1,wh3_main_spell_slaanesh_hysterical_frenzy_bound,true,true,false,wh3_main_spell_slaanesh_hysterical_frenzy,data/unit_stats/abilities/source_exports/db/special_ability_to_special_ability_phase_junctions_tables/data__.tsv,2042,9.0.1
1,wh3_main_spell_slaanesh_hysterical_frenzy_upgraded,true,true,false,wh3_main_spell_slaanesh_hysterical_frenzy_upgraded,data/unit_stats/abilities/source_exports/db/special_ability_to_special_ability_phase_junctions_tables/data__.tsv,2043,9.0.1
1,wh3_main_spell_slaanesh_pavane_of_slaanesh,false,false,true,wh3_main_spell_slaanesh_pavane_of_slaanesh,data/unit_stats/abilities/source_exports/db/special_ability_to_special_ability_phase_junctions_tables/data__.tsv,2044,9.0.1
2,wh3_main_spell_slaanesh_pavane_of_slaanesh,false,false,true,wh3_main_spell_slaanesh_pavane_of_slaanesh_rampage,data/unit_stats/abilities/source_exports/db/special_ability_to_special_ability_phase_junctions_tables/data__.tsv,2045,9.0.1
1,wh3_main_spell_slaanesh_pavane_of_slaanesh_bound,false,false,true,wh3_main_spell_slaanesh_pavane_of_slaanesh,data/unit_stats/abilities/source_exports/db/special_ability_to_special_ability_phase_junctions_tables/data__.tsv,2046,9.0.1
2,wh3_main_spell_slaanesh_pavane_of_slaanesh_bound,false,false,true,wh3_main_spell_slaanesh_pavane_of_slaanesh_rampage,data/unit_stats/abilities/source_exports/db/special_ability_to_special_ability_phase_junctions_tables/data__.tsv,2047,9.0.1
1,wh3_main_spell_slaanesh_pavane_of_slaanesh_upgraded,false,false,true,wh3_main_spell_slaanesh_pavane_of_slaanesh_upgraded,data/unit_stats/abilities/source_exports/db/special_ability_to_special_ability_phase_junctions_tables/data__.tsv,2048,9.0.1
2,wh3_main_spell_slaanesh_pavane_of_slaanesh_upgraded,false,false,true,wh3_main_spell_slaanesh_pavane_of_slaanesh_upgraded_rampage,data/unit_stats/abilities/source_exports/db/special_ability_to_special_ability_phase_junctions_tables/data__.tsv,2049,9.0.1
1,wh3_main_spell_slaanesh_phantasmagoria,false,false,true,wh3_main_spell_slaanesh_phantasmagoria,data/unit_stats/abilities/source_exports/db/special_ability_to_special_ability_phase_junctions_tables/data__.tsv,2050,9.0.1
1,wh3_main_spell_slaanesh_phantasmagoria_bound,false,false,true,wh3_main_spell_slaanesh_phantasmagoria,data/unit_stats/abilities/source_exports/db/special_ability_to_special_ability_phase_junctions_tables/data__.tsv,2051,9.0.1
1,wh3_main_spell_slaanesh_phantasmagoria_upgraded,false,false,true,wh3_main_spell_slaanesh_phantasmagoria_upgraded,data/unit_stats/abilities/source_exports/db/special_ability_to_special_ability_phase_junctions_tables/data__.tsv,2052,9.0.1
1,wh3_main_spell_tempest_gust_of_true_flight,true,true,false,wh3_main_spell_tempest_gust_of_true_flight,data/unit_stats/abilities/source_exports/db/special_ability_to_special_ability_phase_junctions_tables/data__.tsv,2053,9.0.1
1,wh3_main_spell_tempest_gust_of_true_flight_upgraded,true,true,false,wh3_main_spell_tempest_gust_of_true_flight_upgraded,data/unit_stats/abilities/source_exports/db/special_ability_to_special_ability_phase_junctions_tables/data__.tsv,2054,9.0.1
1,wh3_main_spell_tempest_swiftwing,true,true,false,wh3_main_spell_tempest_swiftwing,data/unit_stats/abilities/source_exports/db/special_ability_to_special_ability_phase_junctions_tables/data__.tsv,2055,9.0.1
1,wh3_main_spell_tempest_swiftwing_upgraded,true,true,false,wh3_main_spell_tempest_swiftwing_upgraded,data/unit_stats/abilities/source_exports/db/special_ability_to_special_ability_phase_junctions_tables/data__.tsv,2056,9.0.1
1,wh3_main_spell_tzeentch_glean_magic,false,false,true,wh3_main_spell_tzeentch_glean_magic,data/unit_stats/abilities/source_exports/db/special_ability_to_special_ability_phase_junctions_tables/data__.tsv,2057,9.0.1
1,wh3_main_spell_tzeentch_glean_magic,true,false,false,wh3_main_spell_tzeentch_glean_magic_miscast,data/unit_stats/abilities/source_exports/db/special_ability_to_special_ability_phase_junctions_tables/data__.tsv,2058,9.0.1
1,wh3_main_spell_tzeentch_glean_magic_bound,false,false,true,wh3_main_spell_tzeentch_glean_magic,data/unit_stats/abilities/source_exports/db/special_ability_to_special_ability_phase_junctions_tables/data__.tsv,2059,9.0.1
1,wh3_main_spell_tzeentch_glean_magic_bound,true,false,false,wh3_main_spell_tzeentch_glean_magic_miscast,data/unit_stats/abilities/source_exports/db/special_ability_to_special_ability_phase_junctions_tables/data__.tsv,2060,9.0.1
1,wh3_main_spell_tzeentch_glean_magic_upgraded,false,false,true,wh3_main_spell_tzeentch_glean_magic_upgraded,data/unit_stats/abilities/source_exports/db/special_ability_to_special_ability_phase_junctions_tables/data__.tsv,2061,9.0.1
1,wh3_main_spell_tzeentch_glean_magic_upgraded,true,false,false,wh3_main_spell_tzeentch_glean_magic_upgraded_miscast,data/unit_stats/abilities/source_exports/db/special_ability_to_special_ability_phase_junctions_tables/data__.tsv,2062,9.0.1
1,wh3_main_spell_tzeentch_treason_of_tzeentch,false,false,true,wh3_main_spell_tzeentch_treason_of_tzeentch,data/unit_stats/abilities/source_exports/db/special_ability_to_special_ability_phase_junctions_tables/data__.tsv,2063,9.0.1
1,wh3_main_spell_tzeentch_treason_of_tzeentch_bound,false,false,true,wh3_main_spell_tzeentch_treason_of_tzeentch,data/unit_stats/abilities/source_exports/db/special_ability_to_special_ability_phase_junctions_tables/data__.tsv,2064,9.0.1
1,wh3_main_spell_tzeentch_treason_of_tzeentch_upgraded,false,false,true,wh3_main_spell_tzeentch_treason_of_tzeentch_upgraded,data/unit_stats/abilities/source_exports/db/special_ability_to_special_ability_phase_junctions_tables/data__.tsv,2065,9.0.1
1,wh3_main_spell_yang_jade_shield,true,true,false,wh3_main_spell_yang_jade_shield,data/unit_stats/abilities/source_exports/db/special_ability_to_special_ability_phase_junctions_tables/data__.tsv,2066,9.0.1
1,wh3_main_spell_yang_jade_shield_upgraded,true,true,false,wh3_main_spell_yang_jade_shield_upgraded,data/unit_stats/abilities/source_exports/db/special_ability_to_special_ability_phase_junctions_tables/data__.tsv,2067,9.0.1
1,wh3_main_spell_yang_might_of_heaven_and_earth,true,true,false,wh3_main_spell_yang_might_of_heaven_and_earth,data/unit_stats/abilities/source_exports/db/special_ability_to_special_ability_phase_junctions_tables/data__.tsv,2068,9.0.1
1,wh3_main_spell_yang_might_of_heaven_and_earth_upgraded,true,true,false,wh3_main_spell_yang_might_of_heaven_and_earth_upgraded,data/unit_stats/abilities/source_exports/db/special_ability_to_special_ability_phase_junctions_tables/data__.tsv,2069,9.0.1
1,wh3_main_spell_yang_stone_ground_stance,true,true,false,wh3_main_spell_yang_stone_ground_stance,data/unit_stats/abilities/source_exports/db/special_ability_to_special_ability_phase_junctions_tables/data__.tsv,2070,9.0.1
1,wh3_main_spell_yang_stone_ground_stance_upgraded,true,true,false,wh3_main_spell_yang_stone_ground_stance_upgraded,data/unit_stats/abilities/source_exports/db/special_ability_to_special_ability_phase_junctions_tables/data__.tsv,2071,9.0.1
1,wh3_main_spell_yin_cloak_of_jet,true,true,false,wh3_main_spell_yin_cloak_of_jet,data/unit_stats/abilities/source_exports/db/special_ability_to_special_ability_phase_junctions_tables/data__.tsv,2072,9.0.1
1,wh3_main_spell_yin_cloak_of_jet_upgraded,true,true,false,wh3_main_spell_yin_cloak_of_jet_upgraded,data/unit_stats/abilities/source_exports/db/special_ability_to_special_ability_phase_junctions_tables/data__.tsv,2073,9.0.1
1,wh3_main_spell_yin_missile_mirror,false,false,true,wh3_main_spell_yin_missile_mirror,data/unit_stats/abilities/source_exports/db/special_ability_to_special_ability_phase_junctions_tables/data__.tsv,2074,9.0.1
1,wh3_main_spell_yin_missile_mirror_upgraded,false,false,true,wh3_main_spell_yin_missile_mirror_upgraded,data/unit_stats/abilities/source_exports/db/special_ability_to_special_ability_phase_junctions_tables/data__.tsv,2075,9.0.1
1,wh3_main_spell_yin_storm_of_shadows,false,false,true,wh3_main_spell_yin_storm_of_shadows,data/unit_stats/abilities/source_exports/db/special_ability_to_special_ability_phase_junctions_tables/data__.tsv,2076,9.0.1
1,wh3_main_spell_yin_storm_of_shadows_upgraded,false,false,true,wh3_main_spell_yin_storm_of_shadows_upgraded,data/unit_stats/abilities/source_exports/db/special_ability_to_special_ability_phase_junctions_tables/data__.tsv,2077,9.0.1
1,wh3_main_tower_vision,false,false,true,wh3_main_tower_vision,data/unit_stats/abilities/source_exports/db/special_ability_to_special_ability_phase_junctions_tables/data__.tsv,2078,9.0.1
1,wh3_main_unit_abilities_gnoblar_traps,false,false,true,wh3_main_unit_abilities_gnoblar_traps_1,data/unit_stats/abilities/source_exports/db/special_ability_to_special_ability_phase_junctions_tables/data__.tsv,2079,9.0.1
1,wh3_main_unit_abilities_mimic_battle_harmony_elf,false,true,false,wh3_main_unit_passive_battle_harmony_elf,data/unit_stats/abilities/source_exports/db/special_ability_to_special_ability_phase_junctions_tables/data__.tsv,2080,9.0.1
1,wh3_main_unit_abilities_mimic_brutish_charge,true,false,false,wh3_main_unit_abilities_mimic_brutish_charge,data/unit_stats/abilities/source_exports/db/special_ability_to_special_ability_phase_junctions_tables/data__.tsv,2081,9.0.1
1,wh3_main_unit_abilities_mimic_by_our_blood,true,false,false,wh3_main_unit_passive_by_our_blood,data/unit_stats/abilities/source_exports/db/special_ability_to_special_ability_phase_junctions_tables/data__.tsv,2082,9.0.1
1,wh3_main_unit_abilities_necrotic_explosion,true,false,false,wh3_main_unit_abilities_necrotic_explosion_buffer,data/unit_stats/abilities/source_exports/db/special_ability_to_special_ability_phase_junctions_tables/data__.tsv,2083,9.0.1
2,wh3_main_unit_abilities_necrotic_explosion,true,false,false,wh3_main_unit_abilities_necrotic_explosion_death,data/unit_stats/abilities/source_exports/db/special_ability_to_special_ability_phase_junctions_tables/data__.tsv,2084,9.0.1
1,wh3_main_unit_abilities_stun_bomb,false,false,true,wh3_main_unit_abilities_stun_bomb,data/unit_stats/abilities/source_exports/db/special_ability_to_special_ability_phase_junctions_tables/data__.tsv,2085,9.0.1
1,wh3_main_unit_passive_arcane_mirth,true,false,false,wh3_main_unit_passive_arcane_mirth,data/unit_stats/abilities/source_exports/db/special_ability_to_special_ability_phase_junctions_tables/data__.tsv,2086,9.0.1
1,wh3_main_unit_passive_aura_of_immolation,false,false,true,wh3_main_unit_passive_aura_of_immolation,data/unit_stats/abilities/source_exports/db/special_ability_to_special_ability_phase_junctions_tables/data__.tsv,2087,9.0.1
1,wh3_main_unit_passive_aura_of_mutation,false,false,true,wh3_main_unit_passive_aura_of_mutation,data/unit_stats/abilities/source_exports/db/special_ability_to_special_ability_phase_junctions_tables/data__.tsv,2088,9.0.1
1,wh3_main_unit_passive_battle_harmony_yang,true,false,false,wh3_main_unit_passive_battle_harmony_yang,data/unit_stats/abilities/source_exports/db/special_ability_to_special_ability_phase_junctions_tables/data__.tsv,2089,9.0.1
1,wh3_main_unit_passive_battle_harmony_yin,true,false,false,wh3_main_unit_passive_battle_harmony_yin,data/unit_stats/abilities/source_exports/db/special_ability_to_special_ability_phase_junctions_tables/data__.tsv,2090,9.0.1
1,wh3_main_unit_passive_battlefield_indemnity,true,false,false,wh3_main_unit_passive_battlefield_indemnity,data/unit_stats/abilities/source_exports/db/special_ability_to_special_ability_phase_junctions_tables/data__.tsv,2091,9.0.1
1,wh3_main_unit_passive_by_our_blood,true,false,false,wh3_main_unit_passive_by_our_blood,data/unit_stats/abilities/source_exports/db/special_ability_to_special_ability_phase_junctions_tables/data__.tsv,2092,9.0.1
1,wh3_main_unit_passive_by_our_blood_upgrade,true,false,false,wh3_main_unit_passive_by_our_blood_upgrade,data/unit_stats/abilities/source_exports/db/special_ability_to_special_ability_phase_junctions_tables/data__.tsv,2093,9.0.1
1,wh3_main_unit_passive_chaotic_ebb,true,true,false,wh3_main_unit_passive_chaotic_ebb,data/unit_stats/abilities/source_exports/db/special_ability_to_special_ability_phase_junctions_tables/data__.tsv,2094,9.0.1
1,wh3_main_unit_passive_chaotic_surge,true,true,false,wh3_main_unit_passive_chaotic_surge,data/unit_stats/abilities/source_exports/db/special_ability_to_special_ability_phase_junctions_tables/data__.tsv,2095,9.0.1
1,wh3_main_unit_passive_cloud_of_flies,true,false,false,wh3_main_unit_passive_cloud_of_flies,data/unit_stats/abilities/source_exports/db/special_ability_to_special_ability_phase_junctions_tables/data__.tsv,2096,9.0.1
1,wh3_main_unit_passive_daemon_crusher,false,false,true,wh3_main_unit_passive_daemon_crusher,data/unit_stats/abilities/source_exports/db/special_ability_to_special_ability_phase_junctions_tables/data__.tsv,2097,9.0.1
1,wh3_main_unit_passive_daemon_crusher,true,false,false,wh3_main_unit_passive_daemon_crusher_self,data/unit_stats/abilities/source_exports/db/special_ability_to_special_ability_phase_junctions_tables/data__.tsv,2098,9.0.1
1,wh3_main_unit_passive_daemonic_instability_daemon,true,false,false,wh3_main_unit_passive_daemonic_instability_daemon_1,data/unit_stats/abilities/source_exports/db/special_ability_to_special_ability_phase_junctions_tables/data__.tsv,2099,9.0.1
1,wh3_main_unit_passive_daemonic_instability_daemon_ii,true,false,false,wh3_main_unit_passive_daemonic_instability_daemon_2,data/unit_stats/abilities/source_exports/db/special_ability_to_special_ability_phase_junctions_tables/data__.tsv,2100,9.0.1
1,wh3_main_unit_passive_daemonic_instability_khorne,true,false,false,wh3_main_unit_passive_daemonic_instability_khorne_1,data/unit_stats/abilities/source_exports/db/special_ability_to_special_ability_phase_junctions_tables/data__.tsv,2101,9.0.1
1,wh3_main_unit_passive_daemonic_instability_khorne_ii,true,false,false,wh3_main_unit_passive_daemonic_instability_khorne_2,data/unit_stats/abilities/source_exports/db/special_ability_to_special_ability_phase_junctions_tables/data__.tsv,2102,9.0.1
1,wh3_main_unit_passive_daemonic_instability_nurgle,true,false,false,wh3_main_unit_passive_daemonic_instability_nurgle_1,data/unit_stats/abilities/source_exports/db/special_ability_to_special_ability_phase_junctions_tables/data__.tsv,2103,9.0.1
1,wh3_main_unit_passive_daemonic_instability_nurgle_ii,true,false,false,wh3_main_unit_passive_daemonic_instability_nurgle_2,data/unit_stats/abilities/source_exports/db/special_ability_to_special_ability_phase_junctions_tables/data__.tsv,2104,9.0.1
1,wh3_main_unit_passive_daemonic_instability_slaanesh,true,false,false,wh3_main_unit_passive_daemonic_instability_slaanesh_1,data/unit_stats/abilities/source_exports/db/special_ability_to_special_ability_phase_junctions_tables/data__.tsv,2105,9.0.1
1,wh3_main_unit_passive_daemonic_instability_slaanesh_ii,true,false,false,wh3_main_unit_passive_daemonic_instability_slaanesh_2,data/unit_stats/abilities/source_exports/db/special_ability_to_special_ability_phase_junctions_tables/data__.tsv,2106,9.0.1
1,wh3_main_unit_passive_daemonic_instability_tzeentch,true,false,false,wh3_main_unit_passive_daemonic_instability_tzeentch_1,data/unit_stats/abilities/source_exports/db/special_ability_to_special_ability_phase_junctions_tables/data__.tsv,2107,9.0.1
1,wh3_main_unit_passive_daemonic_instability_tzeentch_ii,true,false,false,wh3_main_unit_passive_daemonic_instability_tzeentch_2,data/unit_stats/abilities/source_exports/db/special_ability_to_special_ability_phase_junctions_tables/data__.tsv,2108,9.0.1
1,wh3_main_unit_passive_defensive_stance,true,false,false,wh3_main_unit_passive_defensive_stance_buffer,data/unit_stats/abilities/source_exports/db/special_ability_to_special_ability_phase_junctions_tables/data__.tsv,2109,9.0.1
2,wh3_main_unit_passive_defensive_stance,true,false,false,wh3_main_unit_passive_defensive_stance,data/unit_stats/abilities/source_exports/db/special_ability_to_special_ability_phase_junctions_tables/data__.tsv,2110,9.0.1
1,wh3_main_unit_passive_eye_of_the_dragon,true,true,false,wh3_main_unit_passive_eye_of_the_dragon,data/unit_stats/abilities/source_exports/db/special_ability_to_special_ability_phase_junctions_tables/data__.tsv,2111,9.0.1
1,wh3_main_unit_passive_feasting_on_fear,true,false,false,wh3_main_lord_passive_feasting_on_fear,data/unit_stats/abilities/source_exports/db/special_ability_to_special_ability_phase_junctions_tables/data__.tsv,2112,9.0.1
1,wh3_main_unit_passive_gorefeast,true,false,false,wh3_main_unit_passive_gorefeast,data/unit_stats/abilities/source_exports/db/special_ability_to_special_ability_phase_junctions_tables/data__.tsv,2113,9.0.1
1,wh3_main_unit_passive_hellblade,true,false,false,wh3_main_unit_passive_hellblade,data/unit_stats/abilities/source_exports/db/special_ability_to_special_ability_phase_junctions_tables/data__.tsv,2114,9.0.1
1,wh3_main_unit_passive_lead_by_example,false,true,false,wh3_main_unit_passive_lead_by_example,data/unit_stats/abilities/source_exports/db/special_ability_to_special_ability_phase_junctions_tables/data__.tsv,2115,9.0.1
1,wh3_main_unit_passive_nexus_of_the_elemental_winds,true,false,false,wh3_main_unit_passive_nexus_of_the_elemental_winds,data/unit_stats/abilities/source_exports/db/special_ability_to_special_ability_phase_junctions_tables/data__.tsv,2116,9.0.1
1,wh3_main_unit_passive_permafrost_wards,true,false,false,wh3_main_unit_passive_permafrost_wards,data/unit_stats/abilities/source_exports/db/special_ability_to_special_ability_phase_junctions_tables/data__.tsv,2117,9.0.1
1,wh3_main_unit_passive_single_entity,true,false,false,wh3_main_unit_passive_single_entity,data/unit_stats/abilities/source_exports/db/special_ability_to_special_ability_phase_junctions_tables/data__.tsv,2118,9.0.1
1,wh3_main_unit_passive_skullfeast,true,false,false,wh3_main_unit_passive_skullfeast,data/unit_stats/abilities/source_exports/db/special_ability_to_special_ability_phase_junctions_tables/data__.tsv,2119,9.0.1
1,wh3_main_unit_passive_slime_trail,false,false,true,wh3_main_unit_passive_slime_trail,data/unit_stats/abilities/source_exports/db/special_ability_to_special_ability_phase_junctions_tables/data__.tsv,2120,9.0.1
1,wh3_main_unit_passive_soul_hunters,true,false,false,wh3_main_unit_passive_soul_hunters,data/unit_stats/abilities/source_exports/db/special_ability_to_special_ability_phase_junctions_tables/data__.tsv,2121,9.0.1
1,wh3_main_unit_passive_soulscent,true,false,false,wh3_main_unit_passive_soulscent,data/unit_stats/abilities/source_exports/db/special_ability_to_special_ability_phase_junctions_tables/data__.tsv,2122,9.0.1
1,wh3_main_unit_passive_unbinding_ancestral_warriors,true,false,false,wh3_main_unit_passive_unbinding_ancestral_warriors,data/unit_stats/abilities/source_exports/db/special_ability_to_special_ability_phase_junctions_tables/data__.tsv,2123,9.0.1
2,wh3_main_unit_passive_unbinding_ancestral_warriors,true,false,false,wh_main_unit_passive_unbinding_weak,data/unit_stats/abilities/source_exports/db/special_ability_to_special_ability_phase_junctions_tables/data__.tsv,2124,9.0.1
3,wh3_main_unit_passive_unbinding_ancestral_warriors,true,false,false,wh_main_unit_passive_unbinding_critical,data/unit_stats/abilities/source_exports/db/special_ability_to_special_ability_phase_junctions_tables/data__.tsv,2125,9.0.1
1,wh3_main_unit_passive_unbinding_bloodletters,true,false,false,wh3_main_unit_passive_unbinding_bloodletters,data/unit_stats/abilities/source_exports/db/special_ability_to_special_ability_phase_junctions_tables/data__.tsv,2126,9.0.1
2,wh3_main_unit_passive_unbinding_bloodletters,true,false,false,wh_main_unit_passive_unbinding_weak,data/unit_stats/abilities/source_exports/db/special_ability_to_special_ability_phase_junctions_tables/data__.tsv,2127,9.0.1
3,wh3_main_unit_passive_unbinding_bloodletters,true,false,false,wh_main_unit_passive_unbinding_critical,data/unit_stats/abilities/source_exports/db/special_ability_to_special_ability_phase_junctions_tables/data__.tsv,2128,9.0.1
1,wh3_main_unit_passive_unbinding_bloodthirster,true,false,false,wh3_main_unit_passive_unbinding_bloodthirster,data/unit_stats/abilities/source_exports/db/special_ability_to_special_ability_phase_junctions_tables/data__.tsv,2129,9.0.1
2,wh3_main_unit_passive_unbinding_bloodthirster,true,false,false,wh_main_unit_passive_unbinding_weak_large,data/unit_stats/abilities/source_exports/db/special_ability_to_special_ability_phase_junctions_tables/data__.tsv,2130,9.0.1
3,wh3_main_unit_passive_unbinding_bloodthirster,true,false,false,wh_main_unit_passive_unbinding_critical_large,data/unit_stats/abilities/source_exports/db/special_ability_to_special_ability_phase_junctions_tables/data__.tsv,2131,9.0.1
1,wh3_main_unit_passive_unbinding_blue_horrors,true,false,false,wh3_main_unit_passive_unbinding_blue_horrors,data/unit_stats/abilities/source_exports/db/special_ability_to_special_ability_phase_junctions_tables/data__.tsv,2132,9.0.1
2,wh3_main_unit_passive_unbinding_blue_horrors,true,false,false,wh_main_unit_passive_unbinding_weak,data/unit_stats/abilities/source_exports/db/special_ability_to_special_ability_phase_junctions_tables/data__.tsv,2133,9.0.1
3,wh3_main_unit_passive_unbinding_blue_horrors,true,false,false,wh_main_unit_passive_unbinding_critical,data/unit_stats/abilities/source_exports/db/special_ability_to_special_ability_phase_junctions_tables/data__.tsv,2134,9.0.1
1,wh3_main_unit_passive_unbinding_chaos_furies,true,false,false,wh3_main_unit_passive_unbinding_chaos_furies,data/unit_stats/abilities/source_exports/db/special_ability_to_special_ability_phase_junctions_tables/data__.tsv,2135,9.0.1
2,wh3_main_unit_passive_unbinding_chaos_furies,true,false,false,wh_main_unit_passive_unbinding_weak,data/unit_stats/abilities/source_exports/db/special_ability_to_special_ability_phase_junctions_tables/data__.tsv,2136,9.0.1
3,wh3_main_unit_passive_unbinding_chaos_furies,true,false,false,wh_main_unit_passive_unbinding_critical,data/unit_stats/abilities/source_exports/db/special_ability_to_special_ability_phase_junctions_tables/data__.tsv,2137,9.0.1
1,wh3_main_unit_passive_unbinding_daemonettes,true,false,false,wh3_main_unit_passive_unbinding_daemonettes,data/unit_stats/abilities/source_exports/db/special_ability_to_special_ability_phase_junctions_tables/data__.tsv,2138,9.0.1
2,wh3_main_unit_passive_unbinding_daemonettes,true,false,false,wh_main_unit_passive_unbinding_weak,data/unit_stats/abilities/source_exports/db/special_ability_to_special_ability_phase_junctions_tables/data__.tsv,2139,9.0.1
3,wh3_main_unit_passive_unbinding_daemonettes,true,false,false,wh_main_unit_passive_unbinding_critical,data/unit_stats/abilities/source_exports/db/special_ability_to_special_ability_phase_junctions_tables/data__.tsv,2140,9.0.1
1,wh3_main_unit_passive_unbinding_elemental_bear,true,false,false,wh3_main_unit_passive_unbinding_elemental_bear,data/unit_stats/abilities/source_exports/db/special_ability_to_special_ability_phase_junctions_tables/data__.tsv,2141,9.0.1
2,wh3_main_unit_passive_unbinding_elemental_bear,true,false,false,wh_main_unit_passive_unbinding_weak_large,data/unit_stats/abilities/source_exports/db/special_ability_to_special_ability_phase_junctions_tables/data__.tsv,2142,9.0.1
3,wh3_main_unit_passive_unbinding_elemental_bear,true,false,false,wh_main_unit_passive_unbinding_critical_large,data/unit_stats/abilities/source_exports/db/special_ability_to_special_ability_phase_junctions_tables/data__.tsv,2143,9.0.1
1,wh3_main_unit_passive_unbinding_exalted_plaguebearers,true,false,false,wh3_main_unit_passive_unbinding_exalted_plaguebearers,data/unit_stats/abilities/source_exports/db/special_ability_to_special_ability_phase_junctions_tables/data__.tsv,2144,9.0.1
2,wh3_main_unit_passive_unbinding_exalted_plaguebearers,true,false,false,wh_main_unit_passive_unbinding_weak,data/unit_stats/abilities/source_exports/db/special_ability_to_special_ability_phase_junctions_tables/data__.tsv,2145,9.0.1
3,wh3_main_unit_passive_unbinding_exalted_plaguebearers,true,false,false,wh_main_unit_passive_unbinding_critical,data/unit_stats/abilities/source_exports/db/special_ability_to_special_ability_phase_junctions_tables/data__.tsv,2146,9.0.1
1,wh3_main_unit_passive_unbinding_gorger,true,false,false,wh3_main_unit_passive_unbinding_gorger,data/unit_stats/abilities/source_exports/db/special_ability_to_special_ability_phase_junctions_tables/data__.tsv,2147,9.0.1
2,wh3_main_unit_passive_unbinding_gorger,true,false,false,wh_main_unit_passive_unbinding_weak,data/unit_stats/abilities/source_exports/db/special_ability_to_special_ability_phase_junctions_tables/data__.tsv,2148,9.0.1
3,wh3_main_unit_passive_unbinding_gorger,true,false,false,wh_main_unit_passive_unbinding_critical,data/unit_stats/abilities/source_exports/db/special_ability_to_special_ability_phase_junctions_tables/data__.tsv,2149,9.0.1
1,wh3_main_unit_passive_unbinding_great_unclean_one,true,false,false,wh3_main_unit_passive_unbinding_great_unclean_one,data/unit_stats/abilities/source_exports/db/special_ability_to_special_ability_phase_junctions_tables/data__.tsv,2150,9.0.1
2,wh3_main_unit_passive_unbinding_great_unclean_one,true,false,false,wh_main_unit_passive_unbinding_weak_large,data/unit_stats/abilities/source_exports/db/special_ability_to_special_ability_phase_junctions_tables/data__.tsv,2151,9.0.1
3,wh3_main_unit_passive_unbinding_great_unclean_one,true,false,false,wh_main_unit_passive_unbinding_critical_large,data/unit_stats/abilities/source_exports/db/special_ability_to_special_ability_phase_junctions_tables/data__.tsv,2152,9.0.1
1,wh3_main_unit_passive_unbinding_keeper_of_secrets,true,false,false,wh3_main_unit_passive_unbinding_keeper_of_secrets,data/unit_stats/abilities/source_exports/db/special_ability_to_special_ability_phase_junctions_tables/data__.tsv,2153,9.0.1
2,wh3_main_unit_passive_unbinding_keeper_of_secrets,true,false,false,wh_main_unit_passive_unbinding_weak_large,data/unit_stats/abilities/source_exports/db/special_ability_to_special_ability_phase_junctions_tables/data__.tsv,2154,9.0.1
3,wh3_main_unit_passive_unbinding_keeper_of_secrets,true,false,false,wh_main_unit_passive_unbinding_critical_large,data/unit_stats/abilities/source_exports/db/special_ability_to_special_ability_phase_junctions_tables/data__.tsv,2155,9.0.1
1,wh3_main_unit_passive_unbinding_lord_of_change,true,false,false,wh3_main_unit_passive_unbinding_lord_of_change,data/unit_stats/abilities/source_exports/db/special_ability_to_special_ability_phase_junctions_tables/data__.tsv,2156,9.0.1
2,wh3_main_unit_passive_unbinding_lord_of_change,true,false,false,wh_main_unit_passive_unbinding_weak_large,data/unit_stats/abilities/source_exports/db/special_ability_to_special_ability_phase_junctions_tables/data__.tsv,2157,9.0.1
3,wh3_main_unit_passive_unbinding_lord_of_change,true,false,false,wh_main_unit_passive_unbinding_critical_large,data/unit_stats/abilities/source_exports/db/special_ability_to_special_ability_phase_junctions_tables/data__.tsv,2158,9.0.1
1,wh3_main_unit_passive_unbinding_nurglings,true,false,false,wh3_main_unit_passive_unbinding_nurglings,data/unit_stats/abilities/source_exports/db/special_ability_to_special_ability_phase_junctions_tables/data__.tsv,2159,9.0.1
2,wh3_main_unit_passive_unbinding_nurglings,true,false,false,wh_main_unit_passive_unbinding_weak,data/unit_stats/abilities/source_exports/db/special_ability_to_special_ability_phase_junctions_tables/data__.tsv,2160,9.0.1
3,wh3_main_unit_passive_unbinding_nurglings,true,false,false,wh_main_unit_passive_unbinding_critical,data/unit_stats/abilities/source_exports/db/special_ability_to_special_ability_phase_junctions_tables/data__.tsv,2161,9.0.1
1,wh3_main_unit_passive_unbinding_pink_horrors,true,false,false,wh3_main_unit_passive_unbinding_pink_horrors,data/unit_stats/abilities/source_exports/db/special_ability_to_special_ability_phase_junctions_tables/data__.tsv,2162,9.0.1
2,wh3_main_unit_passive_unbinding_pink_horrors,true,false,false,wh_main_unit_passive_unbinding_weak,data/unit_stats/abilities/source_exports/db/special_ability_to_special_ability_phase_junctions_tables/data__.tsv,2163,9.0.1
3,wh3_main_unit_passive_unbinding_pink_horrors,true,false,false,wh_main_unit_passive_unbinding_critical,data/unit_stats/abilities/source_exports/db/special_ability_to_special_ability_phase_junctions_tables/data__.tsv,2164,9.0.1
1,wh3_main_unit_passive_unbinding_plaguebearers,true,false,false,wh3_main_unit_passive_unbinding_plaguebearers,data/unit_stats/abilities/source_exports/db/special_ability_to_special_ability_phase_junctions_tables/data__.tsv,2165,9.0.1
2,wh3_main_unit_passive_unbinding_plaguebearers,true,false,false,wh_main_unit_passive_unbinding_weak,data/unit_stats/abilities/source_exports/db/special_ability_to_special_ability_phase_junctions_tables/data__.tsv,2166,9.0.1
3,wh3_main_unit_passive_unbinding_plaguebearers,true,false,false,wh_main_unit_passive_unbinding_critical,data/unit_stats/abilities/source_exports/db/special_ability_to_special_ability_phase_junctions_tables/data__.tsv,2167,9.0.1
1,wh3_main_unit_passive_unbinding_snow_leopard,true,false,false,wh3_main_unit_passive_unbinding_snow_leopard,data/unit_stats/abilities/source_exports/db/special_ability_to_special_ability_phase_junctions_tables/data__.tsv,2168,9.0.1
2,wh3_main_unit_passive_unbinding_snow_leopard,true,false,false,wh_main_unit_passive_unbinding_weak,data/unit_stats/abilities/source_exports/db/special_ability_to_special_ability_phase_junctions_tables/data__.tsv,2169,9.0.1
3,wh3_main_unit_passive_unbinding_snow_leopard,true,false,false,wh_main_unit_passive_unbinding_critical,data/unit_stats/abilities/source_exports/db/special_ability_to_special_ability_phase_junctions_tables/data__.tsv,2170,9.0.1
1,wh3_main_weapon_abilities_banespear,false,false,true,wh3_main_weapon_abilities_banespear,data/unit_stats/abilities/source_exports/db/special_ability_to_special_ability_phase_junctions_tables/data__.tsv,2171,9.0.1
1,wh3_main_weapon_abilities_frost_shard_glaive,false,false,true,wh3_main_item_abilities_frost_shard_glaive,data/unit_stats/abilities/source_exports/db/special_ability_to_special_ability_phase_junctions_tables/data__.tsv,2172,9.0.1
1,wh3_main_weapon_abilities_sceptre_of_titans,true,false,false,wh3_main_weapon_abilities_sceptre_of_titans,data/unit_stats/abilities/source_exports/db/special_ability_to_special_ability_phase_junctions_tables/data__.tsv,2173,9.0.1
1,wh3_main_weapon_abilities_shard_blade,false,false,true,wh3_main_weapon_abilities_shard_blade,data/unit_stats/abilities/source_exports/db/special_ability_to_special_ability_phase_junctions_tables/data__.tsv,2174,9.0.1
1,wh3_main_weapon_abilities_skars_kraken_killer,true,false,false,wh3_main_weapon_abilities_skars_kraken_killer,data/unit_stats/abilities/source_exports/db/special_ability_to_special_ability_phase_junctions_tables/data__.tsv,2175,9.0.1
1,wh3_main_weapon_abilities_soulnetter,false,false,true,wh3_main_weapon_abilities_soulnetter,data/unit_stats/abilities/source_exports/db/special_ability_to_special_ability_phase_junctions_tables/data__.tsv,2176,9.0.1
1,wh3_main_weapon_abilities_staff_of_tomorrow,true,false,false,wh3_main_weapon_abilities_staff_of_tomorrow,data/unit_stats/abilities/source_exports/db/special_ability_to_special_ability_phase_junctions_tables/data__.tsv,2177,9.0.1
1,wh3_main_weapon_abilities_the_eternal_blade,true,true,false,wh3_main_weapon_abilities_the_eternal_blade,data/unit_stats/abilities/source_exports/db/special_ability_to_special_ability_phase_junctions_tables/data__.tsv,2178,9.0.1
1,wh3_main_weapon_abilities_the_tenderiser,true,true,false,wh3_main_weapon_abilities_the_tenderiser,data/unit_stats/abilities/source_exports/db/special_ability_to_special_ability_phase_junctions_tables/data__.tsv,2179,9.0.1
1,wh3_main_weapon_abilities_torment_blade,false,false,true,wh3_main_weapon_abilities_torment_blade,data/unit_stats/abilities/source_exports/db/special_ability_to_special_ability_phase_junctions_tables/data__.tsv,2180,9.0.1
1,wh3_main_weapon_abilities_ursuns_claws,true,true,false,wh3_main_item_abilities_ursuns_claws,data/unit_stats/abilities/source_exports/db/special_ability_to_special_ability_phase_junctions_tables/data__.tsv,2181,9.0.1
1,wh3_main_weapon_abilities_witstealer_sword,true,false,false,wh3_main_weapon_abilities_witstealer_sword,data/unit_stats/abilities/source_exports/db/special_ability_to_special_ability_phase_junctions_tables/data__.tsv,2182,9.0.1
1,wh3_main_weapon_passive_blade_of_shadows,true,false,false,wh3_main_weapon_passive_blade_of_shadows,data/unit_stats/abilities/source_exports/db/special_ability_to_special_ability_phase_junctions_tables/data__.tsv,2183,9.0.1
1,wh3_main_weapon_passive_blood_cleaver,true,false,false,wh3_main_weapon_passive_blood_cleaver,data/unit_stats/abilities/source_exports/db/special_ability_to_special_ability_phase_junctions_tables/data__.tsv,2184,9.0.1
1,wh3_main_weapon_passive_brazier_mace_of_ursun,true,false,false,wh3_main_weapon_passive_brazier_mace_of_ursun,data/unit_stats/abilities/source_exports/db/special_ability_to_special_ability_phase_junctions_tables/data__.tsv,2185,9.0.1
1,wh3_main_weapon_passive_chainsword,true,false,false,wh3_main_weapon_passive_chainsword,data/unit_stats/abilities/source_exports/db/special_ability_to_special_ability_phase_junctions_tables/data__.tsv,2186,9.0.1
1,wh3_main_weapon_passive_dawn_glaive,false,false,true,wh3_main_weapon_passive_dawn_glaive,data/unit_stats/abilities/source_exports/db/special_ability_to_special_ability_phase_junctions_tables/data__.tsv,2187,9.0.1
1,wh3_main_weapon_passive_dazhs_brazier,true,true,false,wh3_main_item_abilities_dazhs_brazier,data/unit_stats/abilities/source_exports/db/special_ability_to_special_ability_phase_junctions_tables/data__.tsv,2188,9.0.1
1,wh3_main_weapon_passive_plague_flail,false,false,true,wh3_main_item_abilities_plague_flail,data/unit_stats/abilities/source_exports/db/special_ability_to_special_ability_phase_junctions_tables/data__.tsv,2189,9.0.1
1,wh3_main_weapon_passive_slaughter_and_carnage,true,false,false,wh3_main_lord_abilities_slaughter_and_carnage,data/unit_stats/abilities/source_exports/db/special_ability_to_special_ability_phase_junctions_tables/data__.tsv,2190,9.0.1
1,wh3_main_weapon_passive_staff_of_change,false,false,true,wh3_main_item_abilities_staff_of_change,data/unit_stats/abilities/source_exports/db/special_ability_to_special_ability_phase_junctions_tables/data__.tsv,2191,9.0.1
1,wh3_main_weapon_passive_wand_of_whimsey,true,true,false,wh3_main_weapon_passive_wand_of_whimsey,data/unit_stats/abilities/source_exports/db/special_ability_to_special_ability_phase_junctions_tables/data__.tsv,2192,9.0.1
1,wh3_pro10_army_abilities_shard_of_tzeentch,true,true,false,wh3_pro10_army_abilities_shard_of_tzeentch,data/unit_stats/abilities/source_exports/db/special_ability_to_special_ability_phase_junctions_tables/data__.tsv,2193,9.0.1
1,wh3_pro11_hero_passive_bane_of_the_dead,false,false,true,wh3_pro11_hero_passive_bane_of_the_dead,data/unit_stats/abilities/source_exports/db/special_ability_to_special_ability_phase_junctions_tables/data__.tsv,2194,9.0.1
1,wh3_pro11_item_passive_bane_shield,false,false,true,wh3_pro11_item_passive_bane_shield_enemy,data/unit_stats/abilities/source_exports/db/special_ability_to_special_ability_phase_junctions_tables/data__.tsv,2195,9.0.1
1,wh3_pro11_item_passive_bane_shield,true,false,false,wh3_pro11_item_passive_bane_shield_self,data/unit_stats/abilities/source_exports/db/special_ability_to_special_ability_phase_junctions_tables/data__.tsv,2196,9.0.1
1,wh3_pro11_weapon_abilities_the_hammer_of_harry,true,false,false,wh3_pro11_weapon_abilities_the_hammer_of_harry,data/unit_stats/abilities/source_exports/db/special_ability_to_special_ability_phase_junctions_tables/data__.tsv,2197,9.0.1
1,wh3_pro12_hero_abilities_prey_of_the_blood_god,false,false,true,wh3_pro12_hero_abilities_prey_of_the_blood_god,data/unit_stats/abilities/source_exports/db/special_ability_to_special_ability_phase_junctions_tables/data__.tsv,2198,9.0.1
1,wh3_pro12_hero_passive_endless_hunter,false,false,true,wh3_pro12_hero_passive_endless_hunter,data/unit_stats/abilities/source_exports/db/special_ability_to_special_ability_phase_junctions_tables/data__.tsv,2199,9.0.1
1,wh3_pro12_hero_passive_talon_of_the_skull_throne,true,false,false,wh3_pro12_hero_passive_talon_of_the_skull_throne,data/unit_stats/abilities/source_exports/db/special_ability_to_special_ability_phase_junctions_tables/data__.tsv,2200,9.0.1
1,wh3_pro12_item_passive_brass_collar_of_bloody_vengeance,false,false,true,wh3_pro12_item_passive_brass_collar_of_bloody_vengeance,data/unit_stats/abilities/source_exports/db/special_ability_to_special_ability_phase_junctions_tables/data__.tsv,2201,9.0.1
1,wh3_pro12_unit_passive_unbinding_flesh_hounds,true,false,false,wh2_dlc16_unit_passive_unbinding_wolf_rats,data/unit_stats/abilities/source_exports/db/special_ability_to_special_ability_phase_junctions_tables/data__.tsv,2202,9.0.1
2,wh3_pro12_unit_passive_unbinding_flesh_hounds,true,false,false,wh_main_unit_passive_unbinding_weak,data/unit_stats/abilities/source_exports/db/special_ability_to_special_ability_phase_junctions_tables/data__.tsv,2203,9.0.1
3,wh3_pro12_unit_passive_unbinding_flesh_hounds,true,false,false,wh_main_unit_passive_unbinding_critical,data/unit_stats/abilities/source_exports/db/special_ability_to_special_ability_phase_junctions_tables/data__.tsv,2204,9.0.1
1,wh3_supplies_replenishment_ability_recharge_01,true,true,false,wh3_supplies_ability_recharge_01,data/unit_stats/abilities/source_exports/db/special_ability_to_special_ability_phase_junctions_tables/data__.tsv,2205,9.0.1
1,wh3_supplies_replenishment_ammunition_01,true,true,false,wh3_supplies_ammunition_01,data/unit_stats/abilities/source_exports/db/special_ability_to_special_ability_phase_junctions_tables/data__.tsv,2206,9.0.1
1,wh3_supplies_replenishment_encourage_01,true,true,false,wh3_supplies_rally_01,data/unit_stats/abilities/source_exports/db/special_ability_to_special_ability_phase_junctions_tables/data__.tsv,2207,9.0.1
1,wh3_supplies_replenishment_fatigue_01,true,true,false,wh3_supplies_fatigue_01,data/unit_stats/abilities/source_exports/db/special_ability_to_special_ability_phase_junctions_tables/data__.tsv,2208,9.0.1
1,wh3_supplies_replenishment_full_restore_01,true,true,false,wh3_supplies_full_restore_01,data/unit_stats/abilities/source_exports/db/special_ability_to_special_ability_phase_junctions_tables/data__.tsv,2209,9.0.1
1,wh3_supplies_replenishment_regen_01,true,true,false,wh3_supplies_regen_mortal_01,data/unit_stats/abilities/source_exports/db/special_ability_to_special_ability_phase_junctions_tables/data__.tsv,2210,9.0.1
1,wh3_supplies_replenishment_regen_magical_01,true,true,false,wh3_supplies_regen_magical_01,data/unit_stats/abilities/source_exports/db/special_ability_to_special_ability_phase_junctions_tables/data__.tsv,2211,9.0.1
1,wh3_supplies_replenishment_winds_of_magic_01,true,true,false,wh3_supplies_winds_of_magic_01,data/unit_stats/abilities/source_exports/db/special_ability_to_special_ability_phase_junctions_tables/data__.tsv,2212,9.0.1
1,wh3_supplies_upgrade_armour_01,true,true,false,wh3_supplies_armour_upgrade_01,data/unit_stats/abilities/source_exports/db/special_ability_to_special_ability_phase_junctions_tables/data__.tsv,2213,9.0.1
1,wh3_supplies_upgrade_armour_02,true,true,false,wh3_supplies_armour_upgrade_02,data/unit_stats/abilities/source_exports/db/special_ability_to_special_ability_phase_junctions_tables/data__.tsv,2214,9.0.1
1,wh3_supplies_upgrade_armour_03,true,true,false,wh3_supplies_armour_upgrade_03,data/unit_stats/abilities/source_exports/db/special_ability_to_special_ability_phase_junctions_tables/data__.tsv,2215,9.0.1
1,wh3_supplies_upgrade_missiles_01,true,true,false,wh3_supplies_missiles_upgrade_01,data/unit_stats/abilities/source_exports/db/special_ability_to_special_ability_phase_junctions_tables/data__.tsv,2216,9.0.1
1,wh3_supplies_upgrade_missiles_02,true,true,false,wh3_supplies_missiles_upgrade_02,data/unit_stats/abilities/source_exports/db/special_ability_to_special_ability_phase_junctions_tables/data__.tsv,2217,9.0.1
1,wh3_supplies_upgrade_missiles_03,true,true,false,wh3_supplies_missiles_upgrade_03,data/unit_stats/abilities/source_exports/db/special_ability_to_special_ability_phase_junctions_tables/data__.tsv,2218,9.0.1
1,wh3_supplies_upgrade_shields_01,true,true,false,wh3_supplies_shields_upgrade_01,data/unit_stats/abilities/source_exports/db/special_ability_to_special_ability_phase_junctions_tables/data__.tsv,2219,9.0.1
1,wh3_supplies_upgrade_shields_02,true,true,false,wh3_supplies_shields_upgrade_02,data/unit_stats/abilities/source_exports/db/special_ability_to_special_ability_phase_junctions_tables/data__.tsv,2220,9.0.1
1,wh3_supplies_upgrade_shields_03,true,true,false,wh3_supplies_shields_upgrade_03,data/unit_stats/abilities/source_exports/db/special_ability_to_special_ability_phase_junctions_tables/data__.tsv,2221,9.0.1
1,wh3_supplies_upgrade_weapons_01,true,true,false,wh3_supplies_weapons_upgrade_01,data/unit_stats/abilities/source_exports/db/special_ability_to_special_ability_phase_junctions_tables/data__.tsv,2222,9.0.1
1,wh3_supplies_upgrade_weapons_02,true,true,false,wh3_supplies_weapons_upgrade_02,data/unit_stats/abilities/source_exports/db/special_ability_to_special_ability_phase_junctions_tables/data__.tsv,2223,9.0.1
1,wh3_supplies_upgrade_weapons_03,true,true,false,wh3_supplies_weapons_upgrade_03,data/unit_stats/abilities/source_exports/db/special_ability_to_special_ability_phase_junctions_tables/data__.tsv,2224,9.0.1
1,wh3_supplies_upgrade_weapons_imbue_01,true,true,false,wh3_supplies_weapons_imbue_01,data/unit_stats/abilities/source_exports/db/special_ability_to_special_ability_phase_junctions_tables/data__.tsv,2225,9.0.1
1,wh3_supplies_upgrade_weapons_imbue_02,true,true,false,wh3_supplies_weapons_imbue_02,data/unit_stats/abilities/source_exports/db/special_ability_to_special_ability_phase_junctions_tables/data__.tsv,2226,9.0.1
1,wh3_survival_forge_1_face_of_the_forge,false,false,true,wh3_survival_forge_1_face_of_the_forge,data/unit_stats/abilities/source_exports/db/special_ability_to_special_ability_phase_junctions_tables/data__.tsv,2227,9.0.1
1,wh3_survival_forge_2_soul_of_the_forge,false,false,true,wh3_survival_forge_2_soul_of_the_forge,data/unit_stats/abilities/source_exports/db/special_ability_to_special_ability_phase_junctions_tables/data__.tsv,2228,9.0.1
1,wh3_survival_forge_3_depths_of_the_forge,false,false,true,wh3_survival_forge_3_depths_of_the_forge,data/unit_stats/abilities/source_exports/db/special_ability_to_special_ability_phase_junctions_tables/data__.tsv,2229,9.0.1
1,wh3_survival_khorne_1_icon_of_ruin,false,false,true,wh3_survival_khorne_1_ruin,data/unit_stats/abilities/source_exports/db/special_ability_to_special_ability_phase_junctions_tables/data__.tsv,2230,9.0.1
1,wh3_survival_khorne_2_icon_of_blood,false,false,true,wh3_survival_khorne_2_blood,data/unit_stats/abilities/source_exports/db/special_ability_to_special_ability_phase_junctions_tables/data__.tsv,2231,9.0.1
1,wh3_survival_khorne_3_icon_of_torment,false,false,true,wh3_survival_khorne_3_torment,data/unit_stats/abilities/source_exports/db/special_ability_to_special_ability_phase_junctions_tables/data__.tsv,2232,9.0.1
1,wh3_survival_nurgle_1_sapping_tree,false,false,true,wh3_survival_nurgle_1_garden,data/unit_stats/abilities/source_exports/db/special_ability_to_special_ability_phase_junctions_tables/data__.tsv,2233,9.0.1
1,wh3_survival_nurgle_2_seeping_tree,false,false,true,wh3_survival_nurgle_2_swamp,data/unit_stats/abilities/source_exports/db/special_ability_to_special_ability_phase_junctions_tables/data__.tsv,2234,9.0.1
1,wh3_survival_nurgle_3_stinging_tree,false,false,true,wh3_survival_nurgle_3_thorns,data/unit_stats/abilities/source_exports/db/special_ability_to_special_ability_phase_junctions_tables/data__.tsv,2235,9.0.1
1,wh3_survival_slaanesh_1_scent_of_vainglory,false,false,true,wh3_survival_slaanesh_1_vainglory,data/unit_stats/abilities/source_exports/db/special_ability_to_special_ability_phase_junctions_tables/data__.tsv,2236,9.0.1
1,wh3_survival_slaanesh_2_scent_of_joy,false,false,true,wh3_survival_slaanesh_2_joy,data/unit_stats/abilities/source_exports/db/special_ability_to_special_ability_phase_junctions_tables/data__.tsv,2237,9.0.1
1,wh3_survival_slaanesh_3_scent_of_indolency,false,false,true,wh3_survival_slaanesh_3_indolency,data/unit_stats/abilities/source_exports/db/special_ability_to_special_ability_phase_junctions_tables/data__.tsv,2238,9.0.1
1,wh3_survival_tzeentch_1_burning_crystal,false,false,true,wh3_survival_tzeentch_1_fires,data/unit_stats/abilities/source_exports/db/special_ability_to_special_ability_phase_junctions_tables/data__.tsv,2239,9.0.1
1,wh3_survival_tzeentch_2_deviating_crystal,false,false,true,wh3_survival_tzeentch_2_crystals,data/unit_stats/abilities/source_exports/db/special_ability_to_special_ability_phase_junctions_tables/data__.tsv,2240,9.0.1
1,wh3_survival_tzeentch_3_everclimbing_crystal,false,false,true,wh3_survival_tzeentch_3_time,data/unit_stats/abilities/source_exports/db/special_ability_to_special_ability_phase_junctions_tables/data__.tsv,2241,9.0.1
1,wh3_twa06_unit_abilities_dazs_song_of_winter_sunlight,true,true,false,wh3_main_character_abilities_dazs_song_of_winter_sunlight,data/unit_stats/abilities/source_exports/db/special_ability_to_special_ability_phase_junctions_tables/data__.tsv,2242,9.0.1
1,wh3_twa06_unit_active_conduit_of_infinity,true,true,false,wh3_twa06_unit_active_conduit_of_infinity,data/unit_stats/abilities/source_exports/db/special_ability_to_special_ability_phase_junctions_tables/data__.tsv,2243,9.0.1
1,wh3_twa06_unit_passive_adaptive_tactics,true,false,false,wh3_twa06_unit_passive_adaptive_tactics,data/unit_stats/abilities/source_exports/db/special_ability_to_special_ability_phase_junctions_tables/data__.tsv,2244,9.0.1
1,wh3_twa06_unit_passive_festering_gate,true,false,false,wh3_twa06_unit_passive_festering_gate,data/unit_stats/abilities/source_exports/db/special_ability_to_special_ability_phase_junctions_tables/data__.tsv,2245,9.0.1
1,wh3_twa06_unit_passive_gloom_of_flies,true,false,false,wh3_twa06_unit_passive_gloom_of_flies,data/unit_stats/abilities/source_exports/db/special_ability_to_special_ability_phase_junctions_tables/data__.tsv,2246,9.0.1
1,wh3_twa06_unit_passive_hungering_blades,true,false,false,wh3_twa06_unit_passive_hungering_blades,data/unit_stats/abilities/source_exports/db/special_ability_to_special_ability_phase_junctions_tables/data__.tsv,2247,9.0.1
1,wh3_twa07_unit_passive_mantle_of_immolation,false,false,true,wh3_twa07_unit_passive_mantle_of_immolation,data/unit_stats/abilities/source_exports/db/special_ability_to_special_ability_phase_junctions_tables/data__.tsv,2248,9.0.1
1,wh3_twa07_unit_passive_miasma_of_rot,true,true,false,wh3_twa07_unit_passive_miasma_of_rot,data/unit_stats/abilities/source_exports/db/special_ability_to_special_ability_phase_junctions_tables/data__.tsv,2249,9.0.1
1,wh3_twa07_unit_passive_obsessive_adoration,false,true,false,wh3_twa07_unit_passive_obsessive_adoration,data/unit_stats/abilities/source_exports/db/special_ability_to_special_ability_phase_junctions_tables/data__.tsv,2250,9.0.1
1,wh3_twa07_unit_passive_wasting_sickness,false,false,true,wh3_twa07_unit_passive_wasting_sickness,data/unit_stats/abilities/source_exports/db/special_ability_to_special_ability_phase_junctions_tables/data__.tsv,2251,9.0.1
1,wh3_twa08_spell_bound_enfeebling_foe_keeper_of_secrets_ror,false,false,true,wh_dlc05_spell_shadow_the_enfeebling_foe,data/unit_stats/abilities/source_exports/db/special_ability_to_special_ability_phase_junctions_tables/data__.tsv,2252,9.0.1
1,wh3_twa08_spell_bound_heart_of_winter_elemental_bear_ror,false,false,true,wh3_main_spell_ice_heart_of_winter_1,data/unit_stats/abilities/source_exports/db/special_ability_to_special_ability_phase_junctions_tables/data__.tsv,2253,9.0.1
2,wh3_twa08_spell_bound_heart_of_winter_elemental_bear_ror,false,false,true,wh3_main_spell_ice_heart_of_winter_2,data/unit_stats/abilities/source_exports/db/special_ability_to_special_ability_phase_junctions_tables/data__.tsv,2254,9.0.1
3,wh3_twa08_spell_bound_heart_of_winter_elemental_bear_ror,false,false,true,wh3_main_spell_ice_heart_of_winter_3,data/unit_stats/abilities/source_exports/db/special_ability_to_special_ability_phase_junctions_tables/data__.tsv,2255,9.0.1
4,wh3_twa08_spell_bound_heart_of_winter_elemental_bear_ror,false,false,true,wh3_main_spell_ice_heart_of_winter_4,data/unit_stats/abilities/source_exports/db/special_ability_to_special_ability_phase_junctions_tables/data__.tsv,2256,9.0.1
1,wh3_twa08_spell_bound_spirit_leech_great_unclean_one_ror,false,false,true,wh_main_spell_death_spirit_leech,data/unit_stats/abilities/source_exports/db/special_ability_to_special_ability_phase_junctions_tables/data__.tsv,2257,9.0.1
1,wh3_twa08_spell_bound_the_withering,false,false,true,wh_dlc05_spell_shadow_the_withering,data/unit_stats/abilities/source_exports/db/special_ability_to_special_ability_phase_junctions_tables/data__.tsv,2258,9.0.1
1,wh3_twa08_unit_abilities_defiling_deluge,false,false,true,wh3_twa08_unit_abilities_defiling_deluge_enemy,data/unit_stats/abilities/source_exports/db/special_ability_to_special_ability_phase_junctions_tables/data__.tsv,2259,9.0.1
1,wh3_twa08_unit_abilities_defiling_deluge,true,false,false,wh3_twa08_unit_abilities_defiling_deluge_self,data/unit_stats/abilities/source_exports/db/special_ability_to_special_ability_phase_junctions_tables/data__.tsv,2260,9.0.1
1,wh3_twa08_unit_abilities_glacial_defence,true,false,false,wh3_twa08_unit_abilities_glacial_defence,data/unit_stats/abilities/source_exports/db/special_ability_to_special_ability_phase_junctions_tables/data__.tsv,2261,9.0.1
1,wh3_twa08_unit_passive_goreshell,true,false,false,wh3_twa08_unit_passive_goreshell,data/unit_stats/abilities/source_exports/db/special_ability_to_special_ability_phase_junctions_tables/data__.tsv,2262,9.0.1
1,wh3_twa08_unit_passive_redirecting_aura,false,false,true,wh3_twa08_unit_passive_redirecting_aura,data/unit_stats/abilities/source_exports/db/special_ability_to_special_ability_phase_junctions_tables/data__.tsv,2263,9.0.1
1,wh3_twa10_unit_passive_barrier_boost,true,false,false,wh3_twa10_unit_passive_barrier_boost,data/unit_stats/abilities/source_exports/db/special_ability_to_special_ability_phase_junctions_tables/data__.tsv,2264,9.0.1
1,wh3_twa10_unit_passive_blisterback,true,false,false,wh3_twa10_unit_passive_blisterback,data/unit_stats/abilities/source_exports/db/special_ability_to_special_ability_phase_junctions_tables/data__.tsv,2265,9.0.1
1,wh3_twa10_unit_passive_waterbirth,true,false,false,wh3_twa10_unit_passive_waterbirth,data/unit_stats/abilities/source_exports/db/special_ability_to_special_ability_phase_junctions_tables/data__.tsv,2266,9.0.1
1,wh_dlc01_banner_passive_blasted_standard,true,true,false,wh_dlc01_banner_passive_blasted_standard,data/unit_stats/abilities/source_exports/db/special_ability_to_special_ability_phase_junctions_tables/data__.tsv,2267,9.0.1
1,wh_dlc01_item_passive_helm_of_many_eyes,true,false,false,wh_dlc01_item_passive_helm_of_many_eyes,data/unit_stats/abilities/source_exports/db/special_ability_to_special_ability_phase_junctions_tables/data__.tsv,2268,9.0.1
1,wh_dlc01_item_passive_the_crown_of_domination,false,true,false,wh_dlc01_item_passive_the_crown_of_domination,data/unit_stats/abilities/source_exports/db/special_ability_to_special_ability_phase_junctions_tables/data__.tsv,2269,9.0.1
1,wh_dlc01_item_passive_the_crown_of_domination,true,false,false,wh3_dlc20_item_passive_the_crown_of_domination_self,data/unit_stats/abilities/source_exports/db/special_ability_to_special_ability_phase_junctions_tables/data__.tsv,2270,9.0.1
1,wh_dlc01_unit_passive_unbinding_chaos_spawn,true,false,false,wh_dlc01_unit_passive_unbinding_chaos_spawn,data/unit_stats/abilities/source_exports/db/special_ability_to_special_ability_phase_junctions_tables/data__.tsv,2271,9.0.1
2,wh_dlc01_unit_passive_unbinding_chaos_spawn,true,false,false,wh_main_unit_passive_unbinding_weak_large,data/unit_stats/abilities/source_exports/db/special_ability_to_special_ability_phase_junctions_tables/data__.tsv,2272,9.0.1
3,wh_dlc01_unit_passive_unbinding_chaos_spawn,true,false,false,wh_main_unit_passive_unbinding_critical,data/unit_stats/abilities/source_exports/db/special_ability_to_special_ability_phase_junctions_tables/data__.tsv,2273,9.0.1
1,wh_dlc01_weapon_abilities_starcrusher,true,false,false,wh_dlc01_weapon_abilities_starcrusher,data/unit_stats/abilities/source_exports/db/special_ability_to_special_ability_phase_junctions_tables/data__.tsv,2274,9.0.1
1,wh_dlc01_weapon_abilities_sword_of_change,false,true,false,wh_dlc01_weapon_abilities_sword_of_change,data/unit_stats/abilities/source_exports/db/special_ability_to_special_ability_phase_junctions_tables/data__.tsv,2275,9.0.1
1,wh_dlc01_weapon_abilities_the_slayer_of_kings,true,false,false,wh_dlc01_weapon_abilities_the_slayer_of_kings,data/unit_stats/abilities/source_exports/db/special_ability_to_special_ability_phase_junctions_tables/data__.tsv,2276,9.0.1
1,wh_dlc01_weapon_passive_auric_armour,true,false,false,wh_dlc01_weapon_passive_auric_armour,data/unit_stats/abilities/source_exports/db/special_ability_to_special_ability_phase_junctions_tables/data__.tsv,2277,9.0.1
1,wh_dlc02_unit_passive_the_flag_of_blood_keep,true,false,false,wh_dlc02_unit_passive_the_flag_of_blood_keep,data/unit_stats/abilities/source_exports/db/special_ability_to_special_ability_phase_junctions_tables/data__.tsv,2278,9.0.1
1,wh_dlc03_banner_passive_manbane_standard,false,false,true,wh_dlc03_banner_passive_manbane_standard,data/unit_stats/abilities/source_exports/db/special_ability_to_special_ability_phase_junctions_tables/data__.tsv,2279,9.0.1
1,wh_dlc03_banner_passive_slug_skin,true,false,false,wh_dlc03_banner_passive_slug_skin,data/unit_stats/abilities/source_exports/db/special_ability_to_special_ability_phase_junctions_tables/data__.tsv,2280,9.0.1
1,wh_dlc03_banner_passive_totem_of_rust,false,false,true,wh_dlc03_banner_passive_totem_of_rust,data/unit_stats/abilities/source_exports/db/special_ability_to_special_ability_phase_junctions_tables/data__.tsv,2281,9.0.1
1,wh_dlc03_character_abilities_apocalyptic_vision,true,true,false,wh_dlc03_character_abilities_apocalyptic_vision,data/unit_stats/abilities/source_exports/db/special_ability_to_special_ability_phase_junctions_tables/data__.tsv,2282,9.0.1
1,wh_dlc03_character_abilities_blood_lust,true,true,false,wh_main_character_abilities_blood_lust,data/unit_stats/abilities/source_exports/db/special_ability_to_special_ability_phase_junctions_tables/data__.tsv,2283,9.0.1
1,wh_dlc03_character_abilities_call_of_violence,true,true,false,wh_dlc03_character_abilities_call_of_violence,data/unit_stats/abilities/source_exports/db/special_ability_to_special_ability_phase_junctions_tables/data__.tsv,2284,9.0.1
1,wh_dlc03_character_abilities_deadly_onslaught,true,false,false,wh_main_character_abilities_deadly_onslaught,data/unit_stats/abilities/source_exports/db/special_ability_to_special_ability_phase_junctions_tables/data__.tsv,2285,9.0.1
1,wh_dlc03_character_abilities_foe_seeker,true,false,false,wh_main_character_abilities_foe_seeker,data/unit_stats/abilities/source_exports/db/special_ability_to_special_ability_phase_junctions_tables/data__.tsv,2286,9.0.1
1,wh_dlc03_hero_passive_something_wicked_this_way_comes,false,false,true,wh_dlc03_hero_passive_something_wicked_this_way_comes,data/unit_stats/abilities/source_exports/db/special_ability_to_special_ability_phase_junctions_tables/data__.tsv,2287,9.0.1
1,wh_dlc03_hero_passive_strength_of_the_land_i,true,true,false,wh_dlc03_hero_passive_strength_of_the_land_i,data/unit_stats/abilities/source_exports/db/special_ability_to_special_ability_phase_junctions_tables/data__.tsv,2288,9.0.1
1,wh_dlc03_hero_passive_strength_of_the_land_ii,true,true,false,wh_dlc03_hero_passive_strength_of_the_land_ii,data/unit_stats/abilities/source_exports/db/special_ability_to_special_ability_phase_junctions_tables/data__.tsv,2289,9.0.1
1,wh_dlc03_hero_passive_strength_of_the_land_iii,true,true,false,wh_dlc03_hero_passive_strength_of_the_land_iii,data/unit_stats/abilities/source_exports/db/special_ability_to_special_ability_phase_junctions_tables/data__.tsv,2290,9.0.1
1,wh_dlc03_hero_passive_strength_of_the_land_iv,true,true,false,wh_dlc03_hero_passive_strength_of_the_land_iv,data/unit_stats/abilities/source_exports/db/special_ability_to_special_ability_phase_junctions_tables/data__.tsv,2291,9.0.1
1,wh_dlc03_hero_passive_the_unrelenting_warherd_i,true,true,false,wh_dlc03_hero_passive_the_unrelenting_warherd_i,data/unit_stats/abilities/source_exports/db/special_ability_to_special_ability_phase_junctions_tables/data__.tsv,2292,9.0.1
1,wh_dlc03_hero_passive_the_unrelenting_warherd_ii,true,true,false,wh_dlc03_hero_passive_the_unrelenting_warherd_ii,data/unit_stats/abilities/source_exports/db/special_ability_to_special_ability_phase_junctions_tables/data__.tsv,2293,9.0.1
1,wh_dlc03_hero_passive_the_unrelenting_warherd_iii,true,true,false,wh_dlc03_hero_passive_the_unrelenting_warherd_iii,data/unit_stats/abilities/source_exports/db/special_ability_to_special_ability_phase_junctions_tables/data__.tsv,2294,9.0.1
1,wh_dlc03_hero_passive_the_unrelenting_warherd_iv,true,true,false,wh_dlc03_hero_passive_the_unrelenting_warherd_iv,data/unit_stats/abilities/source_exports/db/special_ability_to_special_ability_phase_junctions_tables/data__.tsv,2295,9.0.1
1,wh_dlc03_hero_passive_unholy_power,true,false,false,wh_dlc03_hero_passive_unholy_power,data/unit_stats/abilities/source_exports/db/special_ability_to_special_ability_phase_junctions_tables/data__.tsv,2296,9.0.1
1,wh_dlc03_item_abilities_chalice_of_dark_rain,false,false,true,wh_dlc03_item_abilities_chalice_of_dark_rain,data/unit_stats/abilities/source_exports/db/special_ability_to_special_ability_phase_junctions_tables/data__.tsv,2297,9.0.1
1,wh_dlc03_item_abilities_hagtree_fetish,true,false,false,wh_dlc03_item_abilities_hagtree_fetish,data/unit_stats/abilities/source_exports/db/special_ability_to_special_ability_phase_junctions_tables/data__.tsv,2298,9.0.1
1,wh_dlc03_item_abilities_horn_of_the_first_beast,true,true,false,wh_dlc03_item_abilities_horn_of_the_first_beast,data/unit_stats/abilities/source_exports/db/special_ability_to_special_ability_phase_junctions_tables/data__.tsv,2299,9.0.1
1,wh_dlc03_item_abilities_jagged_dagger,true,false,false,wh_dlc03_item_abilities_jagged_dagger,data/unit_stats/abilities/source_exports/db/special_ability_to_special_ability_phase_junctions_tables/data__.tsv,2300,9.0.1
1,wh_dlc03_item_abilities_skull_of_rarkos,true,false,false,wh_dlc03_item_abilities_skull_of_rarkos,data/unit_stats/abilities/source_exports/db/special_ability_to_special_ability_phase_junctions_tables/data__.tsv,2301,9.0.1
1,wh_dlc03_item_passive_banner_of_the_fallen_kings,true,false,false,wh_dlc03_item_passive_banner_of_the_fallen_king,data/unit_stats/abilities/source_exports/db/special_ability_to_special_ability_phase_junctions_tables/data__.tsv,2302,9.0.1
1,wh_dlc03_item_passive_blackened_plate,true,true,false,wh_dlc03_item_passive_blackened_plate,data/unit_stats/abilities/source_exports/db/special_ability_to_special_ability_phase_junctions_tables/data__.tsv,2303,9.0.1
1,wh_dlc03_item_passive_icon_of_vilification,true,true,false,wh_dlc03_item_passive_icon_of_vilification,data/unit_stats/abilities/source_exports/db/special_ability_to_special_ability_phase_junctions_tables/data__.tsv,2304,9.0.1
1,wh_dlc03_item_passive_shard_of_the_herdstone,true,false,false,wh_dlc03_item_passive_shard_of_the_herdstone,data/unit_stats/abilities/source_exports/db/special_ability_to_special_ability_phase_junctions_tables/data__.tsv,2305,9.0.1
1,wh_dlc03_item_passive_the_dark_mail,true,false,false,wh_dlc03_item_passive_the_dark_mail,data/unit_stats/abilities/source_exports/db/special_ability_to_special_ability_phase_junctions_tables/data__.tsv,2306,9.0.1
1,wh_dlc03_item_passive_trollhide,true,false,false,wh_dlc03_item_passive_trollhide,data/unit_stats/abilities/source_exports/db/special_ability_to_special_ability_phase_junctions_tables/data__.tsv,2307,9.0.1
1,wh_dlc03_lord_passive_crush_the_weak,false,false,true,wh_dlc03_lord_passive_crush_the_weak,data/unit_stats/abilities/source_exports/db/special_ability_to_special_ability_phase_junctions_tables/data__.tsv,2308,9.0.1
1,wh_dlc03_lore_passive_bestial_surge,true,true,false,wh_dlc03_lore_passive_bestial_surge,data/unit_stats/abilities/source_exports/db/special_ability_to_special_ability_phase_junctions_tables/data__.tsv,2309,9.0.1
1,wh_dlc03_lore_passive_wild_heart,true,false,false,wh_dlc03_lore_passive_wild_heart,data/unit_stats/abilities/source_exports/db/special_ability_to_special_ability_phase_junctions_tables/data__.tsv,2310,9.0.1
1,wh_dlc03_quest_passive_poisoning,true,false,false,wh_dlc03_quest_passive_poisoning,data/unit_stats/abilities/source_exports/db/special_ability_to_special_ability_phase_junctions_tables/data__.tsv,2311,9.0.1
1,wh_dlc03_spell_beasts_flock_of_doom,false,false,true,wh_dlc03_spell_beasts_flock_of_doom,data/unit_stats/abilities/source_exports/db/special_ability_to_special_ability_phase_junctions_tables/data__.tsv,2312,9.0.1
1,wh_dlc03_spell_beasts_flock_of_doom_upgraded,false,false,true,wh_dlc03_spell_beasts_flock_of_doom_upgraded,data/unit_stats/abilities/source_exports/db/special_ability_to_special_ability_phase_junctions_tables/data__.tsv,2313,9.0.1
1,wh_dlc03_spell_beasts_panns_impenetrable_pelt,true,true,false,wh_dlc03_spell_beasts_panns_impenetrable_pelt,data/unit_stats/abilities/source_exports/db/special_ability_to_special_ability_phase_junctions_tables/data__.tsv,2314,9.0.1
1,wh_dlc03_spell_beasts_panns_impenetrable_pelt_summoned,true,true,false,wh_dlc03_spell_beasts_panns_impenetrable_pelt,data/unit_stats/abilities/source_exports/db/special_ability_to_special_ability_phase_junctions_tables/data__.tsv,2315,9.0.1
1,wh_dlc03_spell_beasts_panns_impenetrable_pelt_upgraded,true,true,false,wh_dlc03_spell_beasts_panns_impenetrable_pelt_upgraded,data/unit_stats/abilities/source_exports/db/special_ability_to_special_ability_phase_junctions_tables/data__.tsv,2316,9.0.1
1,wh_dlc03_spell_beasts_the_curse_of_anraheir,false,false,true,wh_dlc03_spell_beasts_the_curse_of_anraheir,data/unit_stats/abilities/source_exports/db/special_ability_to_special_ability_phase_junctions_tables/data__.tsv,2317,9.0.1
1,wh_dlc03_spell_beasts_the_curse_of_anraheir_upgraded,false,false,true,wh_dlc03_spell_beasts_the_curse_of_anraheir,data/unit_stats/abilities/source_exports/db/special_ability_to_special_ability_phase_junctions_tables/data__.tsv,2318,9.0.1
1,wh_dlc03_spell_beasts_wyssans_wildform,true,true,false,wh_dlc03_spell_beasts_wyssans_wildform,data/unit_stats/abilities/source_exports/db/special_ability_to_special_ability_phase_junctions_tables/data__.tsv,2319,9.0.1
1,wh_dlc03_spell_beasts_wyssans_wildform_upgraded,true,true,false,wh_dlc03_spell_beasts_wyssans_wildform,data/unit_stats/abilities/source_exports/db/special_ability_to_special_ability_phase_junctions_tables/data__.tsv,2320,9.0.1
1,wh_dlc03_spell_wild_devolve,false,false,true,wh_dlc03_spell_wild_devolve,data/unit_stats/abilities/source_exports/db/special_ability_to_special_ability_phase_junctions_tables/data__.tsv,2321,9.0.1
1,wh_dlc03_spell_wild_devolve_upgraded,false,false,true,wh_dlc03_spell_wild_devolve_upgraded,data/unit_stats/abilities/source_exports/db/special_ability_to_special_ability_phase_junctions_tables/data__.tsv,2322,9.0.1
1,wh_dlc03_spell_wild_mantle_of_ghorok,true,true,false,wh_dlc03_spell_wild_mantle_of_ghorok,data/unit_stats/abilities/source_exports/db/special_ability_to_special_ability_phase_junctions_tables/data__.tsv,2323,9.0.1
1,wh_dlc03_spell_wild_traitor_kin,false,false,true,wh_dlc03_spell_wild_traitor_kin,data/unit_stats/abilities/source_exports/db/special_ability_to_special_ability_phase_junctions_tables/data__.tsv,2324,9.0.1
1,wh_dlc03_spell_wild_traitor_kin_upgraded,false,false,true,wh_dlc03_spell_wild_traitor_kin_upgraded,data/unit_stats/abilities/source_exports/db/special_ability_to_special_ability_phase_junctions_tables/data__.tsv,2325,9.0.1
1,wh_dlc03_unit_abilities_slaughterers_call,true,true,false,wh_dlc03_unit_abilities_slaughterers_call,data/unit_stats/abilities/source_exports/db/special_ability_to_special_ability_phase_junctions_tables/data__.tsv,2326,9.0.1
1,wh_dlc03_unit_passive_bloodgreed,true,false,false,wh_dlc03_unit_passive_bloodgreed,data/unit_stats/abilities/source_exports/db/special_ability_to_special_ability_phase_junctions_tables/data__.tsv,2327,9.0.1
1,wh_dlc03_unit_passive_drunken,true,false,false,wh_dlc03_unit_passive_drunken,data/unit_stats/abilities/source_exports/db/special_ability_to_special_ability_phase_junctions_tables/data__.tsv,2328,9.0.1
1,wh_dlc03_unit_passive_primal_fury,true,false,false,wh_dlc03_unit_passive_primal_fury,data/unit_stats/abilities/source_exports/db/special_ability_to_special_ability_phase_junctions_tables/data__.tsv,2329,9.0.1
1,wh_dlc03_unit_passive_soul_eater,false,false,true,wh_dlc03_unit_passive_soul_eater,data/unit_stats/abilities/source_exports/db/special_ability_to_special_ability_phase_junctions_tables/data__.tsv,2330,9.0.1
1,wh_dlc03_unit_passive_unbinding_chaos_spawn,true,false,false,wh_dlc03_unit_passive_unbinding_chaos_spawn,data/unit_stats/abilities/source_exports/db/special_ability_to_special_ability_phase_junctions_tables/data__.tsv,2331,9.0.1
2,wh_dlc03_unit_passive_unbinding_chaos_spawn,true,false,false,wh_main_unit_passive_unbinding_weak_large,data/unit_stats/abilities/source_exports/db/special_ability_to_special_ability_phase_junctions_tables/data__.tsv,2332,9.0.1
3,wh_dlc03_unit_passive_unbinding_chaos_spawn,true,false,false,wh_main_unit_passive_unbinding_critical,data/unit_stats/abilities/source_exports/db/special_ability_to_special_ability_phase_junctions_tables/data__.tsv,2333,9.0.1
1,wh_dlc03_unit_passive_unbinding_cygor,true,false,false,wh_dlc03_unit_passive_unbinding_cygor,data/unit_stats/abilities/source_exports/db/special_ability_to_special_ability_phase_junctions_tables/data__.tsv,2334,9.0.1
2,wh_dlc03_unit_passive_unbinding_cygor,true,false,false,wh_main_unit_passive_unbinding_weak_large,data/unit_stats/abilities/source_exports/db/special_ability_to_special_ability_phase_junctions_tables/data__.tsv,2335,9.0.1
3,wh_dlc03_unit_passive_unbinding_cygor,true,false,false,wh_main_unit_passive_unbinding_critical,data/unit_stats/abilities/source_exports/db/special_ability_to_special_ability_phase_junctions_tables/data__.tsv,2336,9.0.1
1,wh_dlc03_unit_passive_unbinding_giant,true,false,false,wh_dlc03_unit_passive_unbinding_giant,data/unit_stats/abilities/source_exports/db/special_ability_to_special_ability_phase_junctions_tables/data__.tsv,2337,9.0.1
2,wh_dlc03_unit_passive_unbinding_giant,true,false,false,wh_main_unit_passive_unbinding_weak_large,data/unit_stats/abilities/source_exports/db/special_ability_to_special_ability_phase_junctions_tables/data__.tsv,2338,9.0.1
3,wh_dlc03_unit_passive_unbinding_giant,true,false,false,wh_main_unit_passive_unbinding_critical,data/unit_stats/abilities/source_exports/db/special_ability_to_special_ability_phase_junctions_tables/data__.tsv,2339,9.0.1
1,wh_dlc03_unit_passive_unbinding_manticore,true,false,false,wh_dlc03_unit_passive_unbinding_manticore,data/unit_stats/abilities/source_exports/db/special_ability_to_special_ability_phase_junctions_tables/data__.tsv,2340,9.0.1
2,wh_dlc03_unit_passive_unbinding_manticore,true,false,false,wh_main_unit_passive_unbinding_weak_manticore,data/unit_stats/abilities/source_exports/db/special_ability_to_special_ability_phase_junctions_tables/data__.tsv,2341,9.0.1
3,wh_dlc03_unit_passive_unbinding_manticore,true,false,false,wh_main_unit_passive_unbinding_critical,data/unit_stats/abilities/source_exports/db/special_ability_to_special_ability_phase_junctions_tables/data__.tsv,2342,9.0.1
1,wh_dlc03_weapon_abilities_axe_of_men,true,false,false,wh_dlc03_weapon_abilities_axe_of_men,data/unit_stats/abilities/source_exports/db/special_ability_to_special_ability_phase_junctions_tables/data__.tsv,2343,9.0.1
1,wh_dlc03_weapon_abilities_scourge,true,false,false,wh_dlc03_weapon_abilities_scourge,data/unit_stats/abilities/source_exports/db/special_ability_to_special_ability_phase_junctions_tables/data__.tsv,2344,9.0.1
1,wh_dlc03_weapon_passive_everbleed,true,false,false,wh_dlc03_weapon_passive_everbleed,data/unit_stats/abilities/source_exports/db/special_ability_to_special_ability_phase_junctions_tables/data__.tsv,2345,9.0.1
1,wh_dlc03_weapon_passive_mangelder,false,false,true,wh_dlc03_weapon_passive_mangelder,data/unit_stats/abilities/source_exports/db/special_ability_to_special_ability_phase_junctions_tables/data__.tsv,2346,9.0.1
1,wh_dlc03_weapon_passive_the_brass_cleaver,true,true,false,wh_dlc03_weapon_passive_the_brass_cleaver,data/unit_stats/abilities/source_exports/db/special_ability_to_special_ability_phase_junctions_tables/data__.tsv,2347,9.0.1
1,wh_dlc03_weapon_passive_the_middenland_runefang,true,false,false,wh_dlc03_weapon_passive_the_middenland_runefang,data/unit_stats/abilities/source_exports/db/special_ability_to_special_ability_phase_junctions_tables/data__.tsv,2348,9.0.1
1,wh_dlc04_hero_passive_divine_power,false,false,true,wh_dlc04_hero_passive_divine_power,data/unit_stats/abilities/source_exports/db/special_ability_to_special_ability_phase_junctions_tables/data__.tsv,2349,9.0.1
1,wh_dlc04_item_abilities_the_carstein_ring,true,false,false,wh_dlc04_item_abilities_the_carstein_ring,data/unit_stats/abilities/source_exports/db/special_ability_to_special_ability_phase_junctions_tables/data__.tsv,2350,9.0.1
1,wh_dlc04_item_abilities_the_liber_noctus,true,false,false,wh_dlc04_item_abilities_the_liber_noctus,data/unit_stats/abilities/source_exports/db/special_ability_to_special_ability_phase_junctions_tables/data__.tsv,2351,9.0.1
1,wh_dlc04_item_passive_jade_griffon,true,false,false,wh_dlc04_item_passive_jade_griffon,data/unit_stats/abilities/source_exports/db/special_ability_to_special_ability_phase_junctions_tables/data__.tsv,2352,9.0.1
1,wh_dlc04_lord_abilities_beguile,false,false,true,wh_dlc04_lord_abilities_beguile,data/unit_stats/abilities/source_exports/db/special_ability_to_special_ability_phase_junctions_tables/data__.tsv,2353,9.0.1
1,wh_dlc04_lord_passive_aura_of_dark_majesty,false,false,true,wh_dlc04_lord_passive_aura_of_dark_majesty,data/unit_stats/abilities/source_exports/db/special_ability_to_special_ability_phase_junctions_tables/data__.tsv,2354,9.0.1
1,wh_dlc04_quest_abilities_servant_of_nagash,true,true,false,wh_dlc04_quest_abilities_servant_of_nagash,data/unit_stats/abilities/source_exports/db/special_ability_to_special_ability_phase_junctions_tables/data__.tsv,2355,9.0.1
1,wh_dlc04_spell_bound_hammer_of_sigmar_upgraded,true,true,false,wh_dlc04_spell_bound_hammer_of_sigmar_upgraded,data/unit_stats/abilities/source_exports/db/special_ability_to_special_ability_phase_junctions_tables/data__.tsv,2356,9.0.1
1,wh_dlc04_spell_bound_net_of_amyntok,false,false,true,wh_main_spell_light_net_of_amyntok,data/unit_stats/abilities/source_exports/db/special_ability_to_special_ability_phase_junctions_tables/data__.tsv,2357,9.0.1
1,wh_dlc04_spell_bound_shield_of_faith_upgraded,true,true,false,wh_dlc04_spell_bound_shield_of_faith_upgraded,data/unit_stats/abilities/source_exports/db/special_ability_to_special_ability_phase_junctions_tables/data__.tsv,2358,9.0.1
1,wh_dlc04_spell_death_doom_and_darkness_strigoi,false,false,true,wh_main_spell_death_doom_and_darkness,data/unit_stats/abilities/source_exports/db/special_ability_to_special_ability_phase_junctions_tables/data__.tsv,2359,9.0.1
1,wh_dlc04_spell_death_soulblight_strigoi,false,false,true,wh_main_spell_death_soulblight,data/unit_stats/abilities/source_exports/db/special_ability_to_special_ability_phase_junctions_tables/data__.tsv,2360,9.0.1
1,wh_dlc04_spell_death_spirit_leech_strigoi,false,false,true,wh_main_spell_death_spirit_leech,data/unit_stats/abilities/source_exports/db/special_ability_to_special_ability_phase_junctions_tables/data__.tsv,2361,9.0.1
1,wh_dlc04_spell_vampires_curse_of_years_helman,false,false,true,wh_main_spell_vampires_curse_of_years,data/unit_stats/abilities/source_exports/db/special_ability_to_special_ability_phase_junctions_tables/data__.tsv,2362,9.0.1
1,wh_dlc04_spell_vampires_invocation_of_nehek_helman,true,true,false,wh_main_spell_vampires_invocation_of_nehek,data/unit_stats/abilities/source_exports/db/special_ability_to_special_ability_phase_junctions_tables/data__.tsv,2363,9.0.1
1,wh_dlc04_spell_vampires_invocation_of_nehek_strigoi,true,true,false,wh_main_spell_vampires_invocation_of_nehek,data/unit_stats/abilities/source_exports/db/special_ability_to_special_ability_phase_junctions_tables/data__.tsv,2364,9.0.1
1,wh_dlc04_spell_vampires_vanhels_danse_macabre_helman,true,true,false,wh_main_spell_vampires_vanhels_danse_macabre,data/unit_stats/abilities/source_exports/db/special_ability_to_special_ability_phase_junctions_tables/data__.tsv,2365,9.0.1
1,wh_dlc04_unit_passive_balefire,true,true,false,wh_dlc04_unit_passive_balefire,data/unit_stats/abilities/source_exports/db/special_ability_to_special_ability_phase_junctions_tables/data__.tsv,2366,9.0.1
1,wh_dlc04_unit_passive_blasphemous_tome,true,false,false,wh_dlc04_unit_passive_blasphemous_tome,data/unit_stats/abilities/source_exports/db/special_ability_to_special_ability_phase_junctions_tables/data__.tsv,2367,9.0.1
1,wh_dlc04_unit_passive_chilling_aura,false,false,true,wh_dlc04_unit_passive_chilling_aura,data/unit_stats/abilities/source_exports/db/special_ability_to_special_ability_phase_junctions_tables/data__.tsv,2368,9.0.1
1,wh_dlc04_unit_passive_strength_of_the_penitent,true,false,false,wh_dlc04_unit_passive_strength_of_the_penitent,data/unit_stats/abilities/source_exports/db/special_ability_to_special_ability_phase_junctions_tables/data__.tsv,2369,9.0.1
1,wh_dlc04_unit_passive_the_reliquary_binding,true,true,false,wh_dlc04_unit_passive_the_reliquary_binding,data/unit_stats/abilities/source_exports/db/special_ability_to_special_ability_phase_junctions_tables/data__.tsv,2370,9.0.1
1,wh_dlc04_unit_passive_the_reliquary_corruption,false,false,true,wh_dlc04_unit_passive_the_reliquary_corruption,data/unit_stats/abilities/source_exports/db/special_ability_to_special_ability_phase_junctions_tables/data__.tsv,2371,9.0.1
1,wh_dlc04_unit_passive_unbinding_crypt_ghouls,true,false,false,wh_dlc04_unit_passive_unbinding_crypt_ghouls,data/unit_stats/abilities/source_exports/db/special_ability_to_special_ability_phase_junctions_tables/data__.tsv,2372,9.0.1
2,wh_dlc04_unit_passive_unbinding_crypt_ghouls,true,false,false,wh_main_unit_passive_unbinding_weak,data/unit_stats/abilities/source_exports/db/special_ability_to_special_ability_phase_junctions_tables/data__.tsv,2373,9.0.1
3,wh_dlc04_unit_passive_unbinding_crypt_ghouls,true,false,false,wh_main_unit_passive_unbinding_critical,data/unit_stats/abilities/source_exports/db/special_ability_to_special_ability_phase_junctions_tables/data__.tsv,2374,9.0.1
1,wh_dlc04_unit_passive_unbinding_crypt_horrors,true,false,false,wh_dlc04_unit_passive_unbinding_crypt_horrors,data/unit_stats/abilities/source_exports/db/special_ability_to_special_ability_phase_junctions_tables/data__.tsv,2375,9.0.1
2,wh_dlc04_unit_passive_unbinding_crypt_horrors,true,false,false,wh_main_unit_passive_unbinding_weak_large,data/unit_stats/abilities/source_exports/db/special_ability_to_special_ability_phase_junctions_tables/data__.tsv,2376,9.0.1
3,wh_dlc04_unit_passive_unbinding_crypt_horrors,true,false,false,wh_main_unit_passive_unbinding_critical,data/unit_stats/abilities/source_exports/db/special_ability_to_special_ability_phase_junctions_tables/data__.tsv,2377,9.0.1
1,wh_dlc04_unit_passive_unbinding_grave_guard,true,false,false,wh_dlc04_unit_passive_unbinding_grave_guard,data/unit_stats/abilities/source_exports/db/special_ability_to_special_ability_phase_junctions_tables/data__.tsv,2378,9.0.1
2,wh_dlc04_unit_passive_unbinding_grave_guard,true,false,false,wh_main_unit_passive_unbinding_weak,data/unit_stats/abilities/source_exports/db/special_ability_to_special_ability_phase_junctions_tables/data__.tsv,2379,9.0.1
3,wh_dlc04_unit_passive_unbinding_grave_guard,true,false,false,wh_main_unit_passive_unbinding_critical,data/unit_stats/abilities/source_exports/db/special_ability_to_special_ability_phase_junctions_tables/data__.tsv,2380,9.0.1
1,wh_dlc04_unit_passive_unbinding_wight_king,true,false,false,wh_dlc04_unit_passive_unbinding_wight_king,data/unit_stats/abilities/source_exports/db/special_ability_to_special_ability_phase_junctions_tables/data__.tsv,2381,9.0.1
2,wh_dlc04_unit_passive_unbinding_wight_king,true,false,false,wh_main_unit_passive_unbinding_weak,data/unit_stats/abilities/source_exports/db/special_ability_to_special_ability_phase_junctions_tables/data__.tsv,2382,9.0.1
3,wh_dlc04_unit_passive_unbinding_wight_king,true,false,false,wh_main_unit_passive_unbinding_critical,data/unit_stats/abilities/source_exports/db/special_ability_to_special_ability_phase_junctions_tables/data__.tsv,2383,9.0.1
1,wh_dlc04_unit_passive_unholy_lodestone,true,true,false,wh_dlc04_unit_passive_unholy_lodestone,data/unit_stats/abilities/source_exports/db/special_ability_to_special_ability_phase_junctions_tables/data__.tsv,2384,9.0.1
1,wh_dlc04_unit_passive_vigour_mortis,true,true,false,wh_dlc04_unit_passive_vigour_mortis,data/unit_stats/abilities/source_exports/db/special_ability_to_special_ability_phase_junctions_tables/data__.tsv,2385,9.0.1
1,wh_dlc04_weapon_passive_blood_drinker,true,false,false,wh_dlc04_weapon_passive_blood_drinker,data/unit_stats/abilities/source_exports/db/special_ability_to_special_ability_phase_junctions_tables/data__.tsv,2386,9.0.1
1,wh_dlc05_banner_passive_banner_of_the_eternal_queen,true,true,false,wh_dlc05_banner_passive_banner_of_the_eternal_queen,data/unit_stats/abilities/source_exports/db/special_ability_to_special_ability_phase_junctions_tables/data__.tsv,2387,9.0.1
1,wh_dlc05_banner_passive_banner_of_the_hunter_king,true,true,false,wh_dlc05_banner_passive_banner_of_the_hunter_king,data/unit_stats/abilities/source_exports/db/special_ability_to_special_ability_phase_junctions_tables/data__.tsv,2388,9.0.1
1,wh_dlc05_character_abilities_prey_of_anath_raema,false,false,true,wh_dlc05_character_abilities_pray_of_anath_raema,data/unit_stats/abilities/source_exports/db/special_ability_to_special_ability_phase_junctions_tables/data__.tsv,2389,9.0.1
1,wh_dlc05_hero_passive_blessing_of_the_ancients,true,false,false,wh_dlc05_hero_passive_blessing_of_the_ancients,data/unit_stats/abilities/source_exports/db/special_ability_to_special_ability_phase_junctions_tables/data__.tsv,2390,9.0.1
1,wh_dlc05_hero_passive_hawkish_finesse,true,false,false,wh_dlc05_hero_passive_hawkish_finesse,data/unit_stats/abilities/source_exports/db/special_ability_to_special_ability_phase_junctions_tables/data__.tsv,2391,9.0.1
1,wh_dlc05_hero_passive_hawkish_precision,true,false,false,wh_dlc05_hero_passive_hawkish_precision,data/unit_stats/abilities/source_exports/db/special_ability_to_special_ability_phase_junctions_tables/data__.tsv,2392,9.0.1
1,wh_dlc05_item_abilities_horn_of_the_wild_hunt,true,true,false,wh_dlc05_item_abilities_horn_of_the_wild_hunt,data/unit_stats/abilities/source_exports/db/special_ability_to_special_ability_phase_junctions_tables/data__.tsv,2393,9.0.1
1,wh_dlc05_item_passive_cloak_of_isha,true,false,false,wh_dlc05_item_passive_cloak_of_isha,data/unit_stats/abilities/source_exports/db/special_ability_to_special_ability_phase_junctions_tables/data__.tsv,2394,9.0.1
1,wh_dlc05_lord_abilities_spirit_essence_of_chaos,false,false,true,wh_dlc05_lord_abilities_spirit_essence_of_chaos,data/unit_stats/abilities/source_exports/db/special_ability_to_special_ability_phase_junctions_tables/data__.tsv,2395,9.0.1
1,wh_dlc05_lord_abilities_spirit_essence_of_eternal_chaos,false,false,true,wh_dlc05_lord_abilities_spirit_essence_of_chaos,data/unit_stats/abilities/source_exports/db/special_ability_to_special_ability_phase_junctions_tables/data__.tsv,2396,9.0.1
1,wh_dlc05_lord_passive_call_of_the_woods,true,true,false,wh_dlc05_lord_passive_call_of_the_woods,data/unit_stats/abilities/source_exports/db/special_ability_to_special_ability_phase_junctions_tables/data__.tsv,2397,9.0.1
1,wh_dlc05_lord_passive_howl_of_the_forest,true,true,false,wh_dlc05_lord_passive_howl_of_the_forest,data/unit_stats/abilities/source_exports/db/special_ability_to_special_ability_phase_junctions_tables/data__.tsv,2398,9.0.1
1,wh_dlc05_lord_passive_sight_beyond_sight,true,true,false,wh_dlc05_lord_passive_sight_beyond_sight,data/unit_stats/abilities/source_exports/db/special_ability_to_special_ability_phase_junctions_tables/data__.tsv,2399,9.0.1
1,wh_dlc05_lord_passive_the_eye_of_kurnous,true,true,false,wh_dlc05_lord_passive_the_eye_of_kurnous,data/unit_stats/abilities/source_exports/db/special_ability_to_special_ability_phase_junctions_tables/data__.tsv,2400,9.0.1
1,wh_dlc05_lore_passive_life_bloom,true,true,false,wh_dlc05_lore_passive_life_bloom,data/unit_stats/abilities/source_exports/db/special_ability_to_special_ability_phase_junctions_tables/data__.tsv,2401,9.0.1
1,wh_dlc05_lore_passive_smoke_and_mirrors,true,true,false,wh_dlc05_lore_passive_smoke_and_mirrors,data/unit_stats/abilities/source_exports/db/special_ability_to_special_ability_phase_junctions_tables/data__.tsv,2402,9.0.1
1,wh_dlc05_quest_passive_aura_of_transmutation,true,false,false,wh_dlc05_quest_passive_aura_of_transmutation,data/unit_stats/abilities/source_exports/db/special_ability_to_special_ability_phase_junctions_tables/data__.tsv,2403,9.0.1
1,wh_dlc05_quest_passive_blessed_by_the_mage_queen,true,true,false,wh_dlc05_quest_passive_blessed_by_the_mage_queen,data/unit_stats/abilities/source_exports/db/special_ability_to_special_ability_phase_junctions_tables/data__.tsv,2404,9.0.1
2,wh_dlc05_quest_passive_blessed_by_the_mage_queen,true,true,false,wh_dlc05_quest_passive_blessed_by_the_mage_queen_1,data/unit_stats/abilities/source_exports/db/special_ability_to_special_ability_phase_junctions_tables/data__.tsv,2405,9.0.1
3,wh_dlc05_quest_passive_blessed_by_the_mage_queen,true,true,false,wh_dlc05_quest_passive_blessed_by_the_mage_queen_2,data/unit_stats/abilities/source_exports/db/special_ability_to_special_ability_phase_junctions_tables/data__.tsv,2406,9.0.1
1,wh_dlc05_quest_passive_corruptor_of_the_shadowgave,false,false,true,wh_dlc05_quest_passive_corruptor_of_the_shadowgave_2,data/unit_stats/abilities/source_exports/db/special_ability_to_special_ability_phase_junctions_tables/data__.tsv,2407,9.0.1
1,wh_dlc05_quest_passive_gift_of_slaanesh,true,false,false,wh_dlc05_quest_passive_gift_of_slaanesh,data/unit_stats/abilities/source_exports/db/special_ability_to_special_ability_phase_junctions_tables/data__.tsv,2408,9.0.1
1,wh_dlc05_spell_bound_shield_of_thorns,true,true,false,wh_dlc05_spell_life_shield_of_thorns,data/unit_stats/abilities/source_exports/db/special_ability_to_special_ability_phase_junctions_tables/data__.tsv,2409,9.0.1
1,wh_dlc05_spell_bound_the_curse_of_anraheir,false,false,true,wh_dlc03_spell_beasts_the_curse_of_anraheir,data/unit_stats/abilities/source_exports/db/special_ability_to_special_ability_phase_junctions_tables/data__.tsv,2410,9.0.1
1,wh_dlc05_spell_life_earth_blood,true,true,false,wh_dlc05_spell_life_earth_blood,data/unit_stats/abilities/source_exports/db/special_ability_to_special_ability_phase_junctions_tables/data__.tsv,2411,9.0.1
1,wh_dlc05_spell_life_earth_blood_branchwraith,true,true,false,wh_dlc05_spell_life_earth_blood,data/unit_stats/abilities/source_exports/db/special_ability_to_special_ability_phase_junctions_tables/data__.tsv,2412,9.0.1
1,wh_dlc05_spell_life_earth_blood_upgraded,true,true,false,wh_dlc05_spell_life_earth_blood_upgraded,data/unit_stats/abilities/source_exports/db/special_ability_to_special_ability_phase_junctions_tables/data__.tsv,2413,9.0.1
1,wh_dlc05_spell_life_flesh_to_stone,true,true,false,wh_dlc05_spell_life_flesh_to_stone,data/unit_stats/abilities/source_exports/db/special_ability_to_special_ability_phase_junctions_tables/data__.tsv,2414,9.0.1
1,wh_dlc05_spell_life_flesh_to_stone_upgraded,true,true,false,wh_dlc05_spell_life_flesh_to_stone_upgraded,data/unit_stats/abilities/source_exports/db/special_ability_to_special_ability_phase_junctions_tables/data__.tsv,2415,9.0.1
1,wh_dlc05_spell_life_regrowth,true,true,false,wh_dlc05_spell_life_regrowth,data/unit_stats/abilities/source_exports/db/special_ability_to_special_ability_phase_junctions_tables/data__.tsv,2416,9.0.1
1,wh_dlc05_spell_life_regrowth_upgraded,true,true,false,wh_dlc05_spell_life_regrowth_upgraded,data/unit_stats/abilities/source_exports/db/special_ability_to_special_ability_phase_junctions_tables/data__.tsv,2417,9.0.1
1,wh_dlc05_spell_life_shield_of_thorns,true,true,false,wh_dlc05_spell_life_shield_of_thorns,data/unit_stats/abilities/source_exports/db/special_ability_to_special_ability_phase_junctions_tables/data__.tsv,2418,9.0.1
1,wh_dlc05_spell_life_shield_of_thorns_branchwraith,true,true,false,wh_dlc05_spell_life_shield_of_thorns,data/unit_stats/abilities/source_exports/db/special_ability_to_special_ability_phase_junctions_tables/data__.tsv,2419,9.0.1
1,wh_dlc05_spell_life_shield_of_thorns_upgraded,true,true,false,wh_dlc05_spell_life_shield_of_thorns_upgraded,data/unit_stats/abilities/source_exports/db/special_ability_to_special_ability_phase_junctions_tables/data__.tsv,2420,9.0.1
1,wh_dlc05_spell_shadow_melkoths_mystifying_miasma,false,false,true,wh_dlc05_spell_shadow_melkoths_mystifying_miasma,data/unit_stats/abilities/source_exports/db/special_ability_to_special_ability_phase_junctions_tables/data__.tsv,2421,9.0.1
1,wh_dlc05_spell_shadow_melkoths_mystifying_miasma_branchwraith,false,false,true,wh_dlc05_spell_shadow_melkoths_mystifying_miasma,data/unit_stats/abilities/source_exports/db/special_ability_to_special_ability_phase_junctions_tables/data__.tsv,2422,9.0.1
1,wh_dlc05_spell_shadow_melkoths_mystifying_miasma_upgraded,false,false,true,wh_dlc05_spell_shadow_melkoths_mystifying_miasma_upgraded,data/unit_stats/abilities/source_exports/db/special_ability_to_special_ability_phase_junctions_tables/data__.tsv,2423,9.0.1
1,wh_dlc05_spell_shadow_okkams_mindrazor,true,true,false,wh_dlc05_spell_shadow_okkams_mindrazor,data/unit_stats/abilities/source_exports/db/special_ability_to_special_ability_phase_junctions_tables/data__.tsv,2424,9.0.1
1,wh_dlc05_spell_shadow_okkams_mindrazor_upgraded,true,true,false,wh_dlc05_spell_shadow_okkams_mindrazor_upgraded,data/unit_stats/abilities/source_exports/db/special_ability_to_special_ability_phase_junctions_tables/data__.tsv,2425,9.0.1
1,wh_dlc05_spell_shadow_the_enfeebling_foe,false,false,true,wh_dlc05_spell_shadow_the_enfeebling_foe,data/unit_stats/abilities/source_exports/db/special_ability_to_special_ability_phase_junctions_tables/data__.tsv,2426,9.0.1
1,wh_dlc05_spell_shadow_the_enfeebling_foe_upgraded,false,false,true,wh_dlc05_spell_shadow_the_enfeebling_foe_upgraded,data/unit_stats/abilities/source_exports/db/special_ability_to_special_ability_phase_junctions_tables/data__.tsv,2427,9.0.1
1,wh_dlc05_spell_shadow_the_withering,false,false,true,wh_dlc05_spell_shadow_the_withering,data/unit_stats/abilities/source_exports/db/special_ability_to_special_ability_phase_junctions_tables/data__.tsv,2428,9.0.1
1,wh_dlc05_spell_shadow_the_withering_branchwraith,false,false,true,wh_dlc05_spell_shadow_the_withering,data/unit_stats/abilities/source_exports/db/special_ability_to_special_ability_phase_junctions_tables/data__.tsv,2429,9.0.1
1,wh_dlc05_spell_shadow_the_withering_upgraded,false,false,true,wh_dlc05_spell_shadow_the_withering_upgraded,data/unit_stats/abilities/source_exports/db/special_ability_to_special_ability_phase_junctions_tables/data__.tsv,2430,9.0.1
1,wh_dlc05_unit_abilities_storm_of_blades,true,false,false,wh_dlc05_unit_abilities_storm_of_blades,data/unit_stats/abilities/source_exports/db/special_ability_to_special_ability_phase_junctions_tables/data__.tsv,2431,9.0.1
1,wh_dlc05_unit_abilities_the_shadows_coil,true,false,false,wh_dlc05_unit_abilities_the_shadows_coil,data/unit_stats/abilities/source_exports/db/special_ability_to_special_ability_phase_junctions_tables/data__.tsv,2432,9.0.1
1,wh_dlc05_unit_abilities_woven_mist,true,false,false,wh_dlc05_unit_abilities_woven_mist,data/unit_stats/abilities/source_exports/db/special_ability_to_special_ability_phase_junctions_tables/data__.tsv,2433,9.0.1
1,wh_dlc05_unit_passive_ancient_protector,false,false,true,wh_dlc05_unit_passive_ancient_protector,data/unit_stats/abilities/source_exports/db/special_ability_to_special_ability_phase_junctions_tables/data__.tsv,2434,9.0.1
1,wh_dlc05_unit_passive_guardians_of_the_wildwood,true,false,false,wh_dlc05_unit_passive_guardians_of_the_wildwood,data/unit_stats/abilities/source_exports/db/special_ability_to_special_ability_phase_junctions_tables/data__.tsv,2435,9.0.1
1,wh_dlc05_weapon_abilities_daiths_sword,false,false,true,wh_dlc05_weapon_abilities_daiths_sword,data/unit_stats/abilities/source_exports/db/special_ability_to_special_ability_phase_junctions_tables/data__.tsv,2436,9.0.1
1,wh_dlc05_weapon_abilities_el_syf,false,false,true,wh_dlc05_weapon_abilities_el_syf,data/unit_stats/abilities/source_exports/db/special_ability_to_special_ability_phase_junctions_tables/data__.tsv,2437,9.0.1
1,wh_dlc06_character_abilities_effagee_of_da_git,false,false,true,wh_dlc06_character_abilities_effagee_of_da_git,data/unit_stats/abilities/source_exports/db/special_ability_to_special_ability_phase_junctions_tables/data__.tsv,2438,9.0.1
1,wh_dlc06_item_passive_squiggly_beast,true,false,false,wh_dlc06_item_passive_squiggly_beast,data/unit_stats/abilities/source_exports/db/special_ability_to_special_ability_phase_junctions_tables/data__.tsv,2439,9.0.1
1,wh_dlc06_lord_abilities_mighty_oath_stone,true,true,false,wh_dlc06_lord_abilities_mighty_oath_stone,data/unit_stats/abilities/source_exports/db/special_ability_to_special_ability_phase_junctions_tables/data__.tsv,2440,9.0.1
1,wh_dlc06_lord_abilities_revenge_incarnate,true,false,false,wh_dlc06_lord_abilities_revenge_incarnate,data/unit_stats/abilities/source_exports/db/special_ability_to_special_ability_phase_junctions_tables/data__.tsv,2441,9.0.1
1,wh_dlc06_lord_abilities_spite_of_da_bad_moon,true,true,false,wh_dlc06_lord_abilities_spite_of_da_bad_moon,data/unit_stats/abilities/source_exports/db/special_ability_to_special_ability_phase_junctions_tables/data__.tsv,2442,9.0.1
1,wh_dlc06_lord_abilities_tricksy_traps,true,true,false,wh_dlc06_lord_abilities_tricksy_traps,data/unit_stats/abilities/source_exports/db/special_ability_to_special_ability_phase_junctions_tables/data__.tsv,2443,9.0.1
1,wh_dlc06_lord_passive_sneaky_schemes,true,false,false,wh_dlc06_lord_passive_sneaky_schemes,data/unit_stats/abilities/source_exports/db/special_ability_to_special_ability_phase_junctions_tables/data__.tsv,2444,9.0.1
1,wh_dlc06_lord_passive_warpaint_of_wurrzag,true,true,false,wh_dlc06_lord_passive_warpaint_of_wurrzag,data/unit_stats/abilities/source_exports/db/special_ability_to_special_ability_phase_junctions_tables/data__.tsv,2445,9.0.1
1,wh_dlc06_lord_passive_wurrzags_revenge,false,false,true,wh_dlc06_lord_passive_wurrzags_revenge,data/unit_stats/abilities/source_exports/db/special_ability_to_special_ability_phase_junctions_tables/data__.tsv,2446,9.0.1
1,wh_dlc06_quest_abilities_grand_faiths_bastion,true,true,false,wh_dlc06_quest_abilities_grand_faiths_bastion,data/unit_stats/abilities/source_exports/db/special_ability_to_special_ability_phase_junctions_tables/data__.tsv,2447,9.0.1
1,wh_dlc06_quest_passive_inquisitor_of_sigmar,true,false,false,wh_dlc06_quest_passive_inquisitor_of_sigmar,data/unit_stats/abilities/source_exports/db/special_ability_to_special_ability_phase_junctions_tables/data__.tsv,2448,9.0.1
1,wh_dlc06_quest_passive_squigs_go_boom,true,false,false,wh_dlc06_quest_passive_squigs_go_boom,data/unit_stats/abilities/source_exports/db/special_ability_to_special_ability_phase_junctions_tables/data__.tsv,2449,9.0.1
1,wh_dlc06_rune_abilities_master_rune_of_negation,true,true,false,wh_dlc06_rune_abilities_master_rune_of_negation,data/unit_stats/abilities/source_exports/db/special_ability_to_special_ability_phase_junctions_tables/data__.tsv,2450,9.0.1
1,wh_dlc06_rune_abilities_master_rune_of_oath_and_steel,true,true,false,wh_dlc06_rune_abilities_master_rune_of_oath_and_steel,data/unit_stats/abilities/source_exports/db/special_ability_to_special_ability_phase_junctions_tables/data__.tsv,2451,9.0.1
1,wh_dlc06_rune_passive_master_rune_of_slowness,false,false,true,wh_dlc06_rune_passive_master_rune_of_slowness,data/unit_stats/abilities/source_exports/db/special_ability_to_special_ability_phase_junctions_tables/data__.tsv,2452,9.0.1
1,wh_dlc06_rune_passive_rune_of_hearth_and_home,true,true,false,wh_dlc06_rune_passive_rune_of_hearth_and_home,data/unit_stats/abilities/source_exports/db/special_ability_to_special_ability_phase_junctions_tables/data__.tsv,2453,9.0.1
1,wh_dlc06_unit_abilities_marked_by_ulthar,false,false,true,wh_dlc06_unit_abilities_marked_by_ulthar,data/unit_stats/abilities/source_exports/db/special_ability_to_special_ability_phase_junctions_tables/data__.tsv,2454,9.0.1
1,wh_dlc06_unit_abilities_smoke_bomb,false,false,true,wh_dlc06_unit_abilities_smoke_bomb,data/unit_stats/abilities/source_exports/db/special_ability_to_special_ability_phase_junctions_tables/data__.tsv,2455,9.0.1
1,wh_dlc06_unit_passive_liquid_fortification,true,false,false,wh_dlc06_unit_passive_liquid_fortification,data/unit_stats/abilities/source_exports/db/special_ability_to_special_ability_phase_junctions_tables/data__.tsv,2456,9.0.1
1,wh_dlc06_unit_passive_opportunist_murderer,true,false,false,wh_dlc06_unit_passive_opportunist_murderer,data/unit_stats/abilities/source_exports/db/special_ability_to_special_ability_phase_junctions_tables/data__.tsv,2457,9.0.1
1,wh_dlc06_unit_passive_power_of_the_dragonback,true,false,false,wh_dlc06_unit_passive_power_of_the_dragonback,data/unit_stats/abilities/source_exports/db/special_ability_to_special_ability_phase_junctions_tables/data__.tsv,2458,9.0.1
1,wh_dlc06_unit_passive_squigs_go_wild,true,false,false,wh_dlc06_unit_passive_squigs_go_wild,data/unit_stats/abilities/source_exports/db/special_ability_to_special_ability_phase_junctions_tables/data__.tsv,2459,9.0.1
1,wh_dlc06_unit_passive_the_old_grumblers,true,true,false,wh_dlc06_unit_passive_the_old_grumblers,data/unit_stats/abilities/source_exports/db/special_ability_to_special_ability_phase_junctions_tables/data__.tsv,2460,9.0.1
1,wh_dlc06_unit_passive_unbinding_spider_hatchling,true,false,false,wh_dlc06_unit_passive_unbinding_spider_hatchling,data/unit_stats/abilities/source_exports/db/special_ability_to_special_ability_phase_junctions_tables/data__.tsv,2461,9.0.1
2,wh_dlc06_unit_passive_unbinding_spider_hatchling,true,false,false,wh_main_unit_passive_unbinding_weak,data/unit_stats/abilities/source_exports/db/special_ability_to_special_ability_phase_junctions_tables/data__.tsv,2462,9.0.1
3,wh_dlc06_unit_passive_unbinding_spider_hatchling,true,false,false,wh_main_unit_passive_unbinding_critical,data/unit_stats/abilities/source_exports/db/special_ability_to_special_ability_phase_junctions_tables/data__.tsv,2463,9.0.1
1,wh_dlc06_weapon_passive_bonewood_staff,true,true,false,wh_dlc06_weapon_passive_bonewoof_staff,data/unit_stats/abilities/source_exports/db/special_ability_to_special_ability_phase_junctions_tables/data__.tsv,2464,9.0.1
1,wh_dlc06_weapon_passive_hammer_of_angrund,true,false,false,wh_dlc06_weapon_passive_hammer_of_angrund,data/unit_stats/abilities/source_exports/db/special_ability_to_special_ability_phase_junctions_tables/data__.tsv,2465,9.0.1
1,wh_dlc07_character_abilities_heroic_killing_blow,true,false,false,wh_main_character_abilities_heroic_killing_blow,data/unit_stats/abilities/source_exports/db/special_ability_to_special_ability_phase_junctions_tables/data__.tsv,2466,9.0.1
1,wh_dlc07_hero_abilities_dolorous_blade,true,false,false,wh_dlc07_hero_abilities_dolorous_blade,data/unit_stats/abilities/source_exports/db/special_ability_to_special_ability_phase_junctions_tables/data__.tsv,2467,9.0.1
1,wh_dlc07_hero_passive_precise_control,true,true,false,wh_dlc07_hero_passive_precise_control,data/unit_stats/abilities/source_exports/db/special_ability_to_special_ability_phase_junctions_tables/data__.tsv,2468,9.0.1
1,wh_dlc07_hero_passive_sacred_guardian,true,false,false,wh_dlc07_hero_passive_sacred_guardian,data/unit_stats/abilities/source_exports/db/special_ability_to_special_ability_phase_junctions_tables/data__.tsv,2469,9.0.1
1,wh_dlc07_lord_abilities_favour_of_the_fay,true,true,false,wh_dlc07_lord_abilities_favour_of_the_fay,data/unit_stats/abilities/source_exports/db/special_ability_to_special_ability_phase_junctions_tables/data__.tsv,2470,9.0.1
1,wh_dlc07_lord_abilities_lions_shield,true,false,false,wh_dlc07_lord_abilities_lions_shield,data/unit_stats/abilities/source_exports/db/special_ability_to_special_ability_phase_junctions_tables/data__.tsv,2471,9.0.1
1,wh_dlc07_lord_passive_mist_of_the_lady,false,false,true,wh_dlc07_lord_passive_mist_of_the_lady,data/unit_stats/abilities/source_exports/db/special_ability_to_special_ability_phase_junctions_tables/data__.tsv,2472,9.0.1
1,wh_dlc07_lord_passive_spirit_of_the_tempest,true,true,false,wh_dlc07_lord_passive_spirit_of_the_tempest,data/unit_stats/abilities/source_exports/db/special_ability_to_special_ability_phase_junctions_tables/data__.tsv,2473,9.0.1
1,wh_dlc07_unit_formation_lance,true,false,false,wh_dlc07_unit_formation_lance_buffer,data/unit_stats/abilities/source_exports/db/special_ability_to_special_ability_phase_junctions_tables/data__.tsv,2474,9.0.1
2,wh_dlc07_unit_formation_lance,true,false,false,wh_dlc07_unit_formation_lance,data/unit_stats/abilities/source_exports/db/special_ability_to_special_ability_phase_junctions_tables/data__.tsv,2475,9.0.1
1,wh_dlc07_unit_passive_icon_of_devotion,true,true,false,wh_dlc07_unit_passive_icon_of_devotion,data/unit_stats/abilities/source_exports/db/special_ability_to_special_ability_phase_junctions_tables/data__.tsv,2476,9.0.1
1,wh_dlc07_unit_passive_impetuous,true,true,false,wh_dlc07_unit_passive_impetuous,data/unit_stats/abilities/source_exports/db/special_ability_to_special_ability_phase_junctions_tables/data__.tsv,2477,9.0.1
1,wh_dlc07_unit_passive_the_peasants_duty,true,false,false,wh_dlc07_unit_passive_the_peasants_duty,data/unit_stats/abilities/source_exports/db/special_ability_to_special_ability_phase_junctions_tables/data__.tsv,2478,9.0.1
1,wh_dlc08_character_abilities_hunter_of_champions,false,false,true,wh_dlc08_character_abilities_hunter_of_champions,data/unit_stats/abilities/source_exports/db/special_ability_to_special_ability_phase_junctions_tables/data__.tsv,2479,9.0.1
1,wh_dlc08_hero_passive_frenzied_assault,true,true,false,wh_dlc08_hero_passive_frenzied_assault,data/unit_stats/abilities/source_exports/db/special_ability_to_special_ability_phase_junctions_tables/data__.tsv,2480,9.0.1
1,wh_dlc08_hero_passive_ruinous_flesh,true,true,false,wh_dlc08_hero_passive_ruinious_flesh,data/unit_stats/abilities/source_exports/db/special_ability_to_special_ability_phase_junctions_tables/data__.tsv,2481,9.0.1
1,wh_dlc08_hero_passive_twisted_flesh_i,true,true,false,wh_dlc08_hero_passive_twisted_flesh_i,data/unit_stats/abilities/source_exports/db/special_ability_to_special_ability_phase_junctions_tables/data__.tsv,2482,9.0.1
1,wh_dlc08_hero_passive_twisted_flesh_ii,true,true,false,wh_dlc08_hero_passive_twisted_flesh_ii,data/unit_stats/abilities/source_exports/db/special_ability_to_special_ability_phase_junctions_tables/data__.tsv,2483,9.0.1
1,wh_dlc08_hero_passive_twisted_flesh_iii,true,true,false,wh_dlc08_hero_passive_twisted_flesh_iii,data/unit_stats/abilities/source_exports/db/special_ability_to_special_ability_phase_junctions_tables/data__.tsv,2484,9.0.1
1,wh_dlc08_hero_passive_vicious_assault_i,true,true,false,wh_dlc08_hero_passive_vicious_assault_i,data/unit_stats/abilities/source_exports/db/special_ability_to_special_ability_phase_junctions_tables/data__.tsv,2485,9.0.1
1,wh_dlc08_hero_passive_vicious_assault_ii,true,true,false,wh_dlc08_hero_passive_vicious_assault_ii,data/unit_stats/abilities/source_exports/db/special_ability_to_special_ability_phase_junctions_tables/data__.tsv,2486,9.0.1
1,wh_dlc08_hero_passive_vicious_assault_iii,true,true,false,wh_dlc08_hero_passive_vicious_assault_iii,data/unit_stats/abilities/source_exports/db/special_ability_to_special_ability_phase_junctions_tables/data__.tsv,2487,9.0.1
1,wh_dlc08_item_abilities_terrorgheist_skull,true,true,false,wh_dlc08_item_abilities_terrorgheist_skull,data/unit_stats/abilities/source_exports/db/special_ability_to_special_ability_phase_junctions_tables/data__.tsv,2488,9.0.1
1,wh_dlc08_item_abilities_the_wintertooth_crown,true,true,false,wh_dlc08_item_abilities_the_wintertooth_crown,data/unit_stats/abilities/source_exports/db/special_ability_to_special_ability_phase_junctions_tables/data__.tsv,2489,9.0.1
1,wh_dlc08_item_abilities_vial_of_troll_blood,true,true,false,wh_dlc08_item_abilities_vial_of_troll_blood,data/unit_stats/abilities/source_exports/db/special_ability_to_special_ability_phase_junctions_tables/data__.tsv,2490,9.0.1
1,wh_dlc08_lord_abilities_fight_or_die,true,true,false,wh_dlc08_unit_abilities_fight_or_die,data/unit_stats/abilities/source_exports/db/special_ability_to_special_ability_phase_junctions_tables/data__.tsv,2491,9.0.1
1,wh_dlc08_lord_abilities_seduction_of_the_serpent,true,false,false,wh_dlc08_unit_abilities_seduction_of_the_serpent,data/unit_stats/abilities/source_exports/db/special_ability_to_special_ability_phase_junctions_tables/data__.tsv,2492,9.0.1
1,wh_dlc08_lord_passive_daring_deathblow,true,false,false,wh_dlc08_lord_passive_daring_deathblow,data/unit_stats/abilities/source_exports/db/special_ability_to_special_ability_phase_junctions_tables/data__.tsv,2493,9.0.1
1,wh_dlc08_lord_passive_determined_deathblow,true,false,false,wh_dlc08_lord_passive_determined_deathblow,data/unit_stats/abilities/source_exports/db/special_ability_to_special_ability_phase_junctions_tables/data__.tsv,2494,9.0.1
1,wh_dlc08_lord_passive_rage,true,false,false,wh_dlc08_unit_abilities_rage_i,data/unit_stats/abilities/source_exports/db/special_ability_to_special_ability_phase_junctions_tables/data__.tsv,2495,9.0.1
1,wh_dlc08_quest_abilities_soul_binding,true,true,true,wh_dlc08_quest_abilities_soul_binding,data/unit_stats/abilities/source_exports/db/special_ability_to_special_ability_phase_junctions_tables/data__.tsv,2496,9.0.1
1,wh_dlc08_quest_passive_ancient_protector,false,true,false,wh_dlc08_quest_ancient_protector,data/unit_stats/abilities/source_exports/db/special_ability_to_special_ability_phase_junctions_tables/data__.tsv,2497,9.0.1
1,wh_dlc08_quest_passive_exploding_fart,false,false,true,wh_dlc08_quest_passive_exploding_fart,data/unit_stats/abilities/source_exports/db/special_ability_to_special_ability_phase_junctions_tables/data__.tsv,2498,9.0.1
1,wh_dlc08_quest_passive_favoured_by_the_god,true,true,false,wh_dlc08_quest_passive_favoured_by_the_god,data/unit_stats/abilities/source_exports/db/special_ability_to_special_ability_phase_junctions_tables/data__.tsv,2499,9.0.1
1,wh_dlc08_quest_passive_frost_aura,false,false,true,wh_dlc08_quest_passive_chilling_aura_boss,data/unit_stats/abilities/source_exports/db/special_ability_to_special_ability_phase_junctions_tables/data__.tsv,2500,9.0.1
1,wh_dlc08_quest_passive_lightening_down,true,true,false,wh_dlc08_quest_passive_lightening_down,data/unit_stats/abilities/source_exports/db/special_ability_to_special_ability_phase_junctions_tables/data__.tsv,2501,9.0.1
1,wh_dlc08_quest_passive_minor_lightening_down,true,true,false,wh_dlc08_quest_passive_lightening_down,data/unit_stats/abilities/source_exports/db/special_ability_to_special_ability_phase_junctions_tables/data__.tsv,2502,9.0.1
1,wh_dlc08_spell_bound_death_doom_and_darkness,false,false,true,wh_main_spell_death_doom_and_darkness,data/unit_stats/abilities/source_exports/db/special_ability_to_special_ability_phase_junctions_tables/data__.tsv,2503,9.0.1
1,wh_dlc08_spell_bound_flock_of_doom,false,false,true,wh_dlc03_spell_beasts_flock_of_doom,data/unit_stats/abilities/source_exports/db/special_ability_to_special_ability_phase_junctions_tables/data__.tsv,2504,9.0.1
1,wh_dlc08_spell_death_aspect_of_the_dreadknight_arzik,true,true,false,wh_main_spell_death_aspect_of_the_dreadknight,data/unit_stats/abilities/source_exports/db/special_ability_to_special_ability_phase_junctions_tables/data__.tsv,2505,9.0.1
1,wh_dlc08_spell_death_soulblight_arzik,false,false,true,wh_main_spell_death_soulblight,data/unit_stats/abilities/source_exports/db/special_ability_to_special_ability_phase_junctions_tables/data__.tsv,2506,9.0.1
1,wh_dlc08_spell_death_the_fate_of_bjuna_arzik,false,false,true,wh_main_spell_death_the_fate_of_bjuna,data/unit_stats/abilities/source_exports/db/special_ability_to_special_ability_phase_junctions_tables/data__.tsv,2507,9.0.1
1,wh_dlc08_spell_fire_flaming_sword_of_rhuin_kihar,true,true,false,wh_main_spell_fire_flaming_sword_of_rhuin,data/unit_stats/abilities/source_exports/db/special_ability_to_special_ability_phase_junctions_tables/data__.tsv,2508,9.0.1
1,wh_dlc08_spell_metal_final_transmutation_arzik,false,false,true,wh_main_spell_metal_final_transmutation,data/unit_stats/abilities/source_exports/db/special_ability_to_special_ability_phase_junctions_tables/data__.tsv,2509,9.0.1
1,wh_dlc08_spell_metal_plague_of_rust_kihar,false,false,true,wh_main_spell_metal_plague_of_rust,data/unit_stats/abilities/source_exports/db/special_ability_to_special_ability_phase_junctions_tables/data__.tsv,2510,9.0.1
1,wh_dlc08_spell_metal_transmutation_of_lead_kihar,false,false,true,wh_main_spell_metal_transmutation_of_lead,data/unit_stats/abilities/source_exports/db/special_ability_to_special_ability_phase_junctions_tables/data__.tsv,2511,9.0.1
1,wh_dlc08_unit_passive_berserk,true,false,false,wh_dlc08_unit_abilities_berserk_i,data/unit_stats/abilities/source_exports/db/special_ability_to_special_ability_phase_junctions_tables/data__.tsv,2512,9.0.1
2,wh_dlc08_unit_passive_berserk,true,false,false,wh_dlc08_unit_abilities_berserk_ii,data/unit_stats/abilities/source_exports/db/special_ability_to_special_ability_phase_junctions_tables/data__.tsv,2513,9.0.1
1,wh_dlc08_unit_passive_favour_of_the_ruinous_powers,true,true,false,wh_dlc08_unit_abilities_favour_of_the_ruinous_powers,data/unit_stats/abilities/source_exports/db/special_ability_to_special_ability_phase_junctions_tables/data__.tsv,2514,9.0.1
1,wh_dlc08_unit_passive_from_the_mist,true,false,false,wh_dlc08_unit_passive_from_the_mist,data/unit_stats/abilities/source_exports/db/special_ability_to_special_ability_phase_junctions_tables/data__.tsv,2515,9.0.1
1,wh_dlc08_unit_passive_rage,true,false,false,wh_dlc08_unit_abilities_rage_i,data/unit_stats/abilities/source_exports/db/special_ability_to_special_ability_phase_junctions_tables/data__.tsv,2516,9.0.1
1,wh_dlc08_weapon_abilities_stinky_giant_club,true,false,false,wh_dlc08_weapon_abilities_stinky_giant_club,data/unit_stats/abilities/source_exports/db/special_ability_to_special_ability_phase_junctions_tables/data__.tsv,2517,9.0.1
1,wh_dlc08_weapon_abilities_sword_of_torgald,true,false,false,wh_dlc08_weapon_abilities_sword_of_torgald,data/unit_stats/abilities/source_exports/db/special_ability_to_special_ability_phase_junctions_tables/data__.tsv,2518,9.0.1
1,wh_dlc08_weapon_passive_flaming_axe_of_cormac,true,false,false,wh_dlc08_weapon_passive_flaming_axe_of_cormac,data/unit_stats/abilities/source_exports/db/special_ability_to_special_ability_phase_junctions_tables/data__.tsv,2519,9.0.1
1,wh_dlc15_quest_passive_primal_rage,true,false,false,wh2_dlc10_quest_passive_primal_rage_i,data/unit_stats/abilities/source_exports/db/special_ability_to_special_ability_phase_junctions_tables/data__.tsv,2520,9.0.1
1,wh_dlc15_unit_passive_unbinding_rogue_idol,true,false,false,wh_dlc15_unit_passive_unbinding_rogue_idol,data/unit_stats/abilities/source_exports/db/special_ability_to_special_ability_phase_junctions_tables/data__.tsv,2521,9.0.1
2,wh_dlc15_unit_passive_unbinding_rogue_idol,true,false,false,wh_main_unit_passive_unbinding_weak_large,data/unit_stats/abilities/source_exports/db/special_ability_to_special_ability_phase_junctions_tables/data__.tsv,2522,9.0.1
3,wh_dlc15_unit_passive_unbinding_rogue_idol,true,false,false,wh_main_unit_passive_unbinding_critical_large,data/unit_stats/abilities/source_exports/db/special_ability_to_special_ability_phase_junctions_tables/data__.tsv,2523,9.0.1
1,wh_main_banner_passive_banner_of_eternal_flame,true,true,false,wh_main_banner_passive_banner_of_eternal_flame,data/unit_stats/abilities/source_exports/db/special_ability_to_special_ability_phase_junctions_tables/data__.tsv,2524,9.0.1
1,wh_main_banner_passive_banner_of_lost_holds,true,true,false,wh_main_banner_passive_banner_of_lost_holds,data/unit_stats/abilities/source_exports/db/special_ability_to_special_ability_phase_junctions_tables/data__.tsv,2525,9.0.1
1,wh_main_banner_passive_banner_of_rage,true,false,false,wh_main_banner_passive_banner_of_rage,data/unit_stats/abilities/source_exports/db/special_ability_to_special_ability_phase_junctions_tables/data__.tsv,2526,9.0.1
1,wh_main_banner_passive_gleaming_pennant,true,false,false,wh_main_banner_passive_gleaming_pennant,data/unit_stats/abilities/source_exports/db/special_ability_to_special_ability_phase_junctions_tables/data__.tsv,2527,9.0.1
1,wh_main_banner_passive_griffon_banner,false,false,true,wh_main_banner_passive_griffon_banner,data/unit_stats/abilities/source_exports/db/special_ability_to_special_ability_phase_junctions_tables/data__.tsv,2528,9.0.1
1,wh_main_banner_passive_scarecrow_banner,false,false,true,wh_main_banner_passive_scarecrow_banner,data/unit_stats/abilities/source_exports/db/special_ability_to_special_ability_phase_junctions_tables/data__.tsv,2529,9.0.1
1,wh_main_banner_passive_spider_banner,true,false,false,wh_main_banner_passive_spider_banner,data/unit_stats/abilities/source_exports/db/special_ability_to_special_ability_phase_junctions_tables/data__.tsv,2530,9.0.1
1,wh_main_banner_passive_the_screaming_banner,false,false,true,wh_main_banner_passive_the_screaming_banner,data/unit_stats/abilities/source_exports/db/special_ability_to_special_ability_phase_junctions_tables/data__.tsv,2531,9.0.1
1,wh_main_character_abilities_arcane_conduit,true,false,false,wh_main_character_abilities_arcane_conduit,data/unit_stats/abilities/source_exports/db/special_ability_to_special_ability_phase_junctions_tables/data__.tsv,2532,9.0.1
1,wh_main_character_abilities_blood_lust,true,true,false,wh_main_character_abilities_blood_lust,data/unit_stats/abilities/source_exports/db/special_ability_to_special_ability_phase_junctions_tables/data__.tsv,2533,9.0.1
1,wh_main_character_abilities_deadly_onslaught,true,false,false,wh_main_character_abilities_deadly_onslaught,data/unit_stats/abilities/source_exports/db/special_ability_to_special_ability_phase_junctions_tables/data__.tsv,2534,9.0.1
1,wh_main_character_abilities_foe_seeker,true,false,false,wh_main_character_abilities_foe_seeker,data/unit_stats/abilities/source_exports/db/special_ability_to_special_ability_phase_junctions_tables/data__.tsv,2535,9.0.1
1,wh_main_character_abilities_foe_seeker_summoned,true,false,false,wh_main_character_abilities_foe_seeker,data/unit_stats/abilities/source_exports/db/special_ability_to_special_ability_phase_junctions_tables/data__.tsv,2536,9.0.1
1,wh_main_character_abilities_get_back_ere,true,true,false,wh_main_character_abilities_get_back_ere,data/unit_stats/abilities/source_exports/db/special_ability_to_special_ability_phase_junctions_tables/data__.tsv,2537,9.0.1
1,wh_main_character_abilities_heroic_killing_blow,true,false,false,wh_main_character_abilities_heroic_killing_blow,data/unit_stats/abilities/source_exports/db/special_ability_to_special_ability_phase_junctions_tables/data__.tsv,2538,9.0.1
1,wh_main_character_abilities_magical_animus,true,true,false,wh_main_character_abilities_magical_animus,data/unit_stats/abilities/source_exports/db/special_ability_to_special_ability_phase_junctions_tables/data__.tsv,2539,9.0.1
1,wh_main_character_abilities_rally,true,true,false,wh_main_character_abilities_rally,data/unit_stats/abilities/source_exports/db/special_ability_to_special_ability_phase_junctions_tables/data__.tsv,2540,9.0.1
1,wh_main_character_abilities_red_fury,true,true,false,wh_main_character_abilities_red_fury,data/unit_stats/abilities/source_exports/db/special_ability_to_special_ability_phase_junctions_tables/data__.tsv,2541,9.0.1
1,wh_main_character_abilities_stand_or_die,true,true,false,wh_main_character_abilities_stand_or_die,data/unit_stats/abilities/source_exports/db/special_ability_to_special_ability_phase_junctions_tables/data__.tsv,2542,9.0.1
1,wh_main_character_abilities_stand_your_ground,true,true,false,wh_main_character_abilities_stand_your_ground,data/unit_stats/abilities/source_exports/db/special_ability_to_special_ability_phase_junctions_tables/data__.tsv,2543,9.0.1
1,wh_main_character_abilities_undeath_resurgent,true,true,false,wh_main_character_abilities_undeath_resurgent,data/unit_stats/abilities/source_exports/db/special_ability_to_special_ability_phase_junctions_tables/data__.tsv,2544,9.0.1
1,wh_main_character_abilities_waaagh,true,true,false,wh_main_character_abilities_waaagh,data/unit_stats/abilities/source_exports/db/special_ability_to_special_ability_phase_junctions_tables/data__.tsv,2545,9.0.1
1,wh_main_character_passive_benediction,true,true,false,wh_main_character_passive_benediction,data/unit_stats/abilities/source_exports/db/special_ability_to_special_ability_phase_junctions_tables/data__.tsv,2546,9.0.1
1,wh_main_character_passive_dark_benediction,true,true,false,wh_main_character_passive_dark_benediction,data/unit_stats/abilities/source_exports/db/special_ability_to_special_ability_phase_junctions_tables/data__.tsv,2547,9.0.1
1,wh_main_character_passive_evasion,true,false,false,wh_main_character_passive_evasion,data/unit_stats/abilities/source_exports/db/special_ability_to_special_ability_phase_junctions_tables/data__.tsv,2548,9.0.1
1,wh_main_character_passive_master_of_the_dead,true,true,false,wh_main_character_passive_master_of_the_dead,data/unit_stats/abilities/source_exports/db/special_ability_to_special_ability_phase_junctions_tables/data__.tsv,2549,9.0.1
1,wh_main_hero_abilities_accusation,false,false,true,wh_main_hero_abilities_accusation,data/unit_stats/abilities/source_exports/db/special_ability_to_special_ability_phase_junctions_tables/data__.tsv,2550,9.0.1
1,wh_main_hero_abilities_ballistics_calibration,true,true,false,wh_main_hero_abilities_ballistics_calibration,data/unit_stats/abilities/source_exports/db/special_ability_to_special_ability_phase_junctions_tables/data__.tsv,2551,9.0.1
1,wh_main_hero_abilities_faiths_bastion,true,false,false,wh_main_hero_abilities_faiths_bastion,data/unit_stats/abilities/source_exports/db/special_ability_to_special_ability_phase_junctions_tables/data__.tsv,2552,9.0.1
1,wh_main_hero_abilities_immortal_will,true,false,false,wh_main_hero_abilities_immortal_will,data/unit_stats/abilities/source_exports/db/special_ability_to_special_ability_phase_junctions_tables/data__.tsv,2553,9.0.1
1,wh_main_hero_abilities_mad_cap_mushrooms,true,false,false,wh_main_hero_abilities_mad_cap_mushrooms,data/unit_stats/abilities/source_exports/db/special_ability_to_special_ability_phase_junctions_tables/data__.tsv,2554,9.0.1
1,wh_main_hero_abilities_slippery,true,false,false,wh_main_hero_abilities_slippery,data/unit_stats/abilities/source_exports/db/special_ability_to_special_ability_phase_junctions_tables/data__.tsv,2555,9.0.1
1,wh_main_hero_passive_aura_of_the_lady,false,true,false,wh_main_hero_passive_aura_of_the_lady,data/unit_stats/abilities/source_exports/db/special_ability_to_special_ability_phase_junctions_tables/data__.tsv,2556,9.0.1
1,wh_main_hero_passive_extra_powder,true,true,false,wh_main_hero_passive_extra_powder,data/unit_stats/abilities/source_exports/db/special_ability_to_special_ability_phase_junctions_tables/data__.tsv,2557,9.0.1
1,wh_main_hero_passive_forgefire,false,false,true,wh_main_hero_passive_forgefire,data/unit_stats/abilities/source_exports/db/special_ability_to_special_ability_phase_junctions_tables/data__.tsv,2558,9.0.1
1,wh_main_hero_passive_swarm_of_flies,false,false,true,wh_main_hero_passive_swarm_of_flies,data/unit_stats/abilities/source_exports/db/special_ability_to_special_ability_phase_junctions_tables/data__.tsv,2559,9.0.1
1,wh_main_item_abilities_black_periapt,true,false,false,wh_main_item_abilities_black_periapt,data/unit_stats/abilities/source_exports/db/special_ability_to_special_ability_phase_junctions_tables/data__.tsv,2560,9.0.1
1,wh_main_item_abilities_channelling_staff,true,false,false,wh_main_item_abilities_channelling_staff,data/unit_stats/abilities/source_exports/db/special_ability_to_special_ability_phase_junctions_tables/data__.tsv,2561,9.0.1
1,wh_main_item_abilities_cloak_of_mists_and_shadows,true,false,false,wh_main_item_abilities_cloak_of_mists_and_shadows,data/unit_stats/abilities/source_exports/db/special_ability_to_special_ability_phase_junctions_tables/data__.tsv,2562,9.0.1
1,wh_main_item_abilities_crown_of_command,true,true,false,wh_main_item_abilities_crown_of_command,data/unit_stats/abilities/source_exports/db/special_ability_to_special_ability_phase_junctions_tables/data__.tsv,2563,9.0.1
1,wh_main_item_abilities_daemonic_strength,true,false,false,wh_main_item_abilities_daemonic_strength,data/unit_stats/abilities/source_exports/db/special_ability_to_special_ability_phase_junctions_tables/data__.tsv,2564,9.0.1
1,wh_main_item_abilities_dark_fortune,true,false,false,wh_main_item_abilities_dark_fortune,data/unit_stats/abilities/source_exports/db/special_ability_to_special_ability_phase_junctions_tables/data__.tsv,2565,9.0.1
1,wh_main_item_abilities_earthing_rod,true,false,false,wh_main_item_abilities_earthing_rod,data/unit_stats/abilities/source_exports/db/special_ability_to_special_ability_phase_junctions_tables/data__.tsv,2566,9.0.1
1,wh_main_item_abilities_forbidden_rod,true,false,false,wh_main_item_abilities_forbidden_rod,data/unit_stats/abilities/source_exports/db/special_ability_to_special_ability_phase_junctions_tables/data__.tsv,2567,9.0.1
1,wh_main_item_abilities_opal_amulet,true,false,false,wh_main_item_abilities_opal_amulet,data/unit_stats/abilities/source_exports/db/special_ability_to_special_ability_phase_junctions_tables/data__.tsv,2568,9.0.1
1,wh_main_item_abilities_pendant_of_slaanesh,true,false,false,wh_main_item_abilities_pendant_of_slaanesh,data/unit_stats/abilities/source_exports/db/special_ability_to_special_ability_phase_junctions_tables/data__.tsv,2569,9.0.1
1,wh_main_item_abilities_potion_of_foolhardiness,true,false,false,wh_main_item_abilities_potion_of_foolhardiness,data/unit_stats/abilities/source_exports/db/special_ability_to_special_ability_phase_junctions_tables/data__.tsv,2570,9.0.1
1,wh_main_item_abilities_potion_of_healing,true,false,false,wh_main_item_abilities_potion_of_healing,data/unit_stats/abilities/source_exports/db/special_ability_to_special_ability_phase_junctions_tables/data__.tsv,2571,9.0.1
1,wh_main_item_abilities_potion_of_speed,true,false,false,wh_main_item_abilities_potion_of_speed,data/unit_stats/abilities/source_exports/db/special_ability_to_special_ability_phase_junctions_tables/data__.tsv,2572,9.0.1
1,wh_main_item_abilities_potion_of_strength,true,false,false,wh_main_item_abilities_potion_of_strength,data/unit_stats/abilities/source_exports/db/special_ability_to_special_ability_phase_junctions_tables/data__.tsv,2573,9.0.1
1,wh_main_item_abilities_potion_of_toughness,true,false,false,wh_main_item_abilities_potion_of_toughness,data/unit_stats/abilities/source_exports/db/special_ability_to_special_ability_phase_junctions_tables/data__.tsv,2574,9.0.1
1,wh_main_item_abilities_power_stone,true,false,false,wh_main_item_abilities_power_stone,data/unit_stats/abilities/source_exports/db/special_ability_to_special_ability_phase_junctions_tables/data__.tsv,2575,9.0.1
1,wh_main_item_abilities_regenerating_flesh,true,false,false,wh_main_item_abilities_regenerating_flesh,data/unit_stats/abilities/source_exports/db/special_ability_to_special_ability_phase_junctions_tables/data__.tsv,2576,9.0.1
1,wh_main_item_abilities_sceptre_of_stability,true,true,false,wh_main_item_abilities_sceptre_of_stability,data/unit_stats/abilities/source_exports/db/special_ability_to_special_ability_phase_junctions_tables/data__.tsv,2577,9.0.1
1,wh_main_item_abilities_scroll_of_leeching,false,false,true,wh_main_item_abilities_scroll_of_leeching,data/unit_stats/abilities/source_exports/db/special_ability_to_special_ability_phase_junctions_tables/data__.tsv,2578,9.0.1
1,wh_main_item_abilities_scroll_of_power,true,true,false,wh_main_item_abilities_scroll_of_power,data/unit_stats/abilities/source_exports/db/special_ability_to_special_ability_phase_junctions_tables/data__.tsv,2579,9.0.1
1,wh_main_item_abilities_scroll_of_shielding,true,true,false,wh_main_item_abilities_scroll_of_shielding,data/unit_stats/abilities/source_exports/db/special_ability_to_special_ability_phase_junctions_tables/data__.tsv,2580,9.0.1
1,wh_main_item_abilities_silver_horn_of_vengeance,true,true,false,wh_main_item_abilities_silver_horn_of_vengeance,data/unit_stats/abilities/source_exports/db/special_ability_to_special_ability_phase_junctions_tables/data__.tsv,2581,9.0.1
1,wh_main_item_abilities_skull_of_katam,true,false,false,wh_main_item_abilities_skull_of_katam,data/unit_stats/abilities/source_exports/db/special_ability_to_special_ability_phase_junctions_tables/data__.tsv,2582,9.0.1
1,wh_main_item_abilities_skull_wand_of_kaloth,true,false,false,wh_main_item_abilities_skull_wand_of_kaloth,data/unit_stats/abilities/source_exports/db/special_ability_to_special_ability_phase_junctions_tables/data__.tsv,2583,9.0.1
1,wh_main_item_abilities_staff_of_volans,true,false,false,wh_main_item_abilities_staff_of_volans,data/unit_stats/abilities/source_exports/db/special_ability_to_special_ability_phase_junctions_tables/data__.tsv,2584,9.0.1
1,wh_main_item_abilities_tricksters_shard,false,false,true,wh_main_item_abilities_tricksters_shard,data/unit_stats/abilities/source_exports/db/special_ability_to_special_ability_phase_junctions_tables/data__.tsv,2585,9.0.1
1,wh_main_item_abilities_van_horstmanns_speculum,false,false,true,wh_main_item_abilities_van_horstmanns_speculum,data/unit_stats/abilities/source_exports/db/special_ability_to_special_ability_phase_junctions_tables/data__.tsv,2586,9.0.1
1,wh_main_item_abilities_wand_of_jet,true,false,false,wh_main_item_abilities_wand_of_jet,data/unit_stats/abilities/source_exports/db/special_ability_to_special_ability_phase_junctions_tables/data__.tsv,2587,9.0.1
1,wh_main_item_passive_featherfoe_torc,false,false,true,wh_main_item_passive_featherfoe_torc,data/unit_stats/abilities/source_exports/db/special_ability_to_special_ability_phase_junctions_tables/data__.tsv,2588,9.0.1
1,wh_main_item_passive_pidgeon_plucker_pendant,false,false,true,wh_main_item_passive_pidgeon_plucker_pendant,data/unit_stats/abilities/source_exports/db/special_ability_to_special_ability_phase_junctions_tables/data__.tsv,2589,9.0.1
1,wh_main_item_passive_seed_of_rebirth,true,false,false,wh_main_item_passive_seed_of_rebirth,data/unit_stats/abilities/source_exports/db/special_ability_to_special_ability_phase_junctions_tables/data__.tsv,2590,9.0.1
1,wh_main_item_passive_the_great_book_of_grudges,true,true,false,wh_main_item_passive_the_great_book_of_grudges,data/unit_stats/abilities/source_exports/db/special_ability_to_special_ability_phase_junctions_tables/data__.tsv,2591,9.0.1
1,wh_main_item_passive_the_other_tricksters_shard,false,false,true,wh_main_item_passive_the_other_tricksters_shard,data/unit_stats/abilities/source_exports/db/special_ability_to_special_ability_phase_junctions_tables/data__.tsv,2592,9.0.1
1,wh_main_item_passive_the_white_cloak_of_ulric,false,false,true,wh_main_item_passive_the_white_cloak_of_ulric,data/unit_stats/abilities/source_exports/db/special_ability_to_special_ability_phase_junctions_tables/data__.tsv,2593,9.0.1
1,wh_main_lord_abilities_master_of_the_black_arts,true,false,false,wh_main_lord_abilities_master_of_the_black_arts,data/unit_stats/abilities/source_exports/db/special_ability_to_special_ability_phase_junctions_tables/data__.tsv,2594,9.0.1
1,wh_main_lord_passive_beloved_son_of_bretonnia,false,true,false,wh_main_lord_passive_beloved_son_of_bretonnia,data/unit_stats/abilities/source_exports/db/special_ability_to_special_ability_phase_junctions_tables/data__.tsv,2595,9.0.1
1,wh_main_lord_passive_deathblow,true,false,false,wh_main_lord_passive_deathblow,data/unit_stats/abilities/source_exports/db/special_ability_to_special_ability_phase_junctions_tables/data__.tsv,2596,9.0.1
1,wh_main_lord_passive_get_on_wiv_it,true,true,false,wh_main_lord_passive_get_on_wiv_it,data/unit_stats/abilities/source_exports/db/special_ability_to_special_ability_phase_junctions_tables/data__.tsv,2597,9.0.1
1,wh_main_lord_passive_high_king,false,true,false,wh_main_lord_passive_high_king,data/unit_stats/abilities/source_exports/db/special_ability_to_special_ability_phase_junctions_tables/data__.tsv,2598,9.0.1
1,wh_main_lord_passive_hold_the_line,true,true,false,wh_main_lord_passive_hold_the_line,data/unit_stats/abilities/source_exports/db/special_ability_to_special_ability_phase_junctions_tables/data__.tsv,2599,9.0.1
1,wh_main_lord_passive_the_blessing_of_the_lady,true,false,false,wh_main_lord_passive_the_blessing_of_the_lady,data/unit_stats/abilities/source_exports/db/special_ability_to_special_ability_phase_junctions_tables/data__.tsv,2600,9.0.1
1,wh_main_lord_passive_the_blessing_of_the_lady_unit_upgrade,true,false,false,wh_main_lord_passive_the_blessing_of_the_lady,data/unit_stats/abilities/source_exports/db/special_ability_to_special_ability_phase_junctions_tables/data__.tsv,2601,9.0.1
1,wh_main_lord_passive_the_hunger,true,false,false,wh_main_lord_passive_the_hunger,data/unit_stats/abilities/source_exports/db/special_ability_to_special_ability_phase_junctions_tables/data__.tsv,2602,9.0.1
1,wh_main_lord_passive_the_ladys_champion,true,false,false,wh_main_lord_passive_the_ladys_champion,data/unit_stats/abilities/source_exports/db/special_ability_to_special_ability_phase_junctions_tables/data__.tsv,2603,9.0.1
1,wh_main_lore_passive_exorcism,true,true,false,wh_main_lore_passive_exorcism,data/unit_stats/abilities/source_exports/db/special_ability_to_special_ability_phase_junctions_tables/data__.tsv,2604,9.0.1
1,wh_main_lore_passive_kindleflame,false,false,true,wh_main_lore_passive_kindleflame,data/unit_stats/abilities/source_exports/db/special_ability_to_special_ability_phase_junctions_tables/data__.tsv,2605,9.0.1
1,wh_main_lore_passive_life_leeching,true,false,false,wh_main_lore_passive_life_leeching,data/unit_stats/abilities/source_exports/db/special_ability_to_special_ability_phase_junctions_tables/data__.tsv,2606,9.0.1
1,wh_main_lore_passive_metalshifting,true,true,false,wh_main_lore_passive_metalshifting,data/unit_stats/abilities/source_exports/db/special_ability_to_special_ability_phase_junctions_tables/data__.tsv,2607,9.0.1
1,wh_main_lore_passive_power_of_da_waaagh,true,false,false,wh_main_lore_passive_power_of_da_waaagh,data/unit_stats/abilities/source_exports/db/special_ability_to_special_ability_phase_junctions_tables/data__.tsv,2608,9.0.1
1,wh_main_lore_passive_roiling_skies,false,false,true,wh_main_lore_passive_roiling_skies,data/unit_stats/abilities/source_exports/db/special_ability_to_special_ability_phase_junctions_tables/data__.tsv,2609,9.0.1
1,wh_main_lore_passive_sneaky_stealin,false,false,true,wh_main_lore_passive_sneaky_stealin,data/unit_stats/abilities/source_exports/db/special_ability_to_special_ability_phase_junctions_tables/data__.tsv,2610,9.0.1
1,wh_main_lore_passive_the_curse_of_undeath,true,true,false,wh_main_lore_passive_the_curse_of_undeath,data/unit_stats/abilities/source_exports/db/special_ability_to_special_ability_phase_junctions_tables/data__.tsv,2611,9.0.1
1,wh_main_mark_passive_mark_of_khorne,true,false,false,wh_main_mark_passive_mark_of_khorne,data/unit_stats/abilities/source_exports/db/special_ability_to_special_ability_phase_junctions_tables/data__.tsv,2612,9.0.1
1,wh_main_mount_abilities_locus_of_hysh,false,false,true,wh_main_mount_abilities_locus_of_hysh,data/unit_stats/abilities/source_exports/db/special_ability_to_special_ability_phase_junctions_tables/data__.tsv,2613,9.0.1
1,wh_main_mount_passive_aura_of_protection,true,true,false,wh_main_mount_passive_aura_of_protection,data/unit_stats/abilities/source_exports/db/special_ability_to_special_ability_phase_junctions_tables/data__.tsv,2614,9.0.1
1,wh_main_mount_passive_bloodroar,false,false,true,wh_main_mount_passive_bloodroar,data/unit_stats/abilities/source_exports/db/special_ability_to_special_ability_phase_junctions_tables/data__.tsv,2615,9.0.1
1,wh_main_rune_abilities_ancestor_rune,true,true,false,wh_main_rune_abilities_ancestor_rune,data/unit_stats/abilities/source_exports/db/special_ability_to_special_ability_phase_junctions_tables/data__.tsv,2616,9.0.1
1,wh_main_rune_abilities_rune_of_courage,true,true,false,wh_main_rune_abilities_rune_of_courage,data/unit_stats/abilities/source_exports/db/special_ability_to_special_ability_phase_junctions_tables/data__.tsv,2617,9.0.1
1,wh_main_rune_abilities_rune_of_negation,true,true,false,wh_main_rune_abilities_rune_of_negation,data/unit_stats/abilities/source_exports/db/special_ability_to_special_ability_phase_junctions_tables/data__.tsv,2618,9.0.1
1,wh_main_rune_abilities_rune_of_oath_and_steel,true,true,false,wh_main_rune_abilities_rune_of_oath_and_steel,data/unit_stats/abilities/source_exports/db/special_ability_to_special_ability_phase_junctions_tables/data__.tsv,2619,9.0.1
1,wh_main_rune_abilities_rune_of_stoicism,true,true,false,wh_main_rune_abilities_rune_of_stoicism,data/unit_stats/abilities/source_exports/db/special_ability_to_special_ability_phase_junctions_tables/data__.tsv,2620,9.0.1
1,wh_main_rune_passive_master_rune_of_groth_one_eye,true,true,false,wh_main_rune_passive_master_rune_of_groth_one_eye,data/unit_stats/abilities/source_exports/db/special_ability_to_special_ability_phase_junctions_tables/data__.tsv,2621,9.0.1
1,wh_main_rune_passive_master_rune_of_grungni,true,true,false,wh_main_rune_passive_master_rune_of_grungni,data/unit_stats/abilities/source_exports/db/special_ability_to_special_ability_phase_junctions_tables/data__.tsv,2622,9.0.1
1,wh_main_rune_passive_master_rune_of_stromni_redbeard,true,true,false,wh_main_rune_passive_master_rune_of_stromni_redbeard,data/unit_stats/abilities/source_exports/db/special_ability_to_special_ability_phase_junctions_tables/data__.tsv,2623,9.0.1
1,wh_main_rune_passive_rune_of_slowness,false,false,true,wh_main_rune_passive_rune_of_slowness,data/unit_stats/abilities/source_exports/db/special_ability_to_special_ability_phase_junctions_tables/data__.tsv,2624,9.0.1
1,wh_main_spell_big_waaagh_ere_we_go,true,true,false,wh_main_spell_big_waaagh_ere_we_go,data/unit_stats/abilities/source_exports/db/special_ability_to_special_ability_phase_junctions_tables/data__.tsv,2625,9.0.1
1,wh_main_spell_big_waaagh_fists_of_gork,true,true,false,wh_main_spell_big_waaagh_fists_of_gork,data/unit_stats/abilities/source_exports/db/special_ability_to_special_ability_phase_junctions_tables/data__.tsv,2626,9.0.1
1,wh_main_spell_bound_bironas_timewarp,true,true,false,wh_main_spell_bound_bironas_timewarp,data/unit_stats/abilities/source_exports/db/special_ability_to_special_ability_phase_junctions_tables/data__.tsv,2627,9.0.1
1,wh_main_spell_bound_book_of_arkhan,true,true,false,wh_main_spell_bound_book_of_arkhan,data/unit_stats/abilities/source_exports/db/special_ability_to_special_ability_phase_junctions_tables/data__.tsv,2628,9.0.1
1,wh_main_spell_bound_hammer_of_sigmar,true,true,false,wh_main_spell_bound_hammer_of_sigmar,data/unit_stats/abilities/source_exports/db/special_ability_to_special_ability_phase_junctions_tables/data__.tsv,2629,9.0.1
1,wh_main_spell_bound_shield_of_faith,true,true,false,wh_main_spell_bound_shield_of_faith,data/unit_stats/abilities/source_exports/db/special_ability_to_special_ability_phase_junctions_tables/data__.tsv,2630,9.0.1
1,wh_main_spell_bound_staff_of_damnation,true,true,false,wh_main_spell_bound_staff_of_damnation,data/unit_stats/abilities/source_exports/db/special_ability_to_special_ability_phase_junctions_tables/data__.tsv,2631,9.0.1
1,wh_main_spell_death_aspect_of_the_dreadknight,true,true,false,wh_main_spell_death_aspect_of_the_dreadknight,data/unit_stats/abilities/source_exports/db/special_ability_to_special_ability_phase_junctions_tables/data__.tsv,2632,9.0.1
1,wh_main_spell_death_aspect_of_the_dreadknight_upgraded,true,true,false,wh_main_spell_death_aspect_of_the_dreadknight_upgraded,data/unit_stats/abilities/source_exports/db/special_ability_to_special_ability_phase_junctions_tables/data__.tsv,2633,9.0.1
1,wh_main_spell_death_doom_and_darkness,false,false,true,wh_main_spell_death_doom_and_darkness,data/unit_stats/abilities/source_exports/db/special_ability_to_special_ability_phase_junctions_tables/data__.tsv,2634,9.0.1
1,wh_main_spell_death_doom_and_darkness_upgraded,false,false,true,wh_main_spell_death_doom_and_darkness_upgraded,data/unit_stats/abilities/source_exports/db/special_ability_to_special_ability_phase_junctions_tables/data__.tsv,2635,9.0.1
1,wh_main_spell_death_soulblight,false,false,true,wh_main_spell_death_soulblight,data/unit_stats/abilities/source_exports/db/special_ability_to_special_ability_phase_junctions_tables/data__.tsv,2636,9.0.1
1,wh_main_spell_death_soulblight_upgraded,false,false,true,wh_main_spell_death_soulblight_upgraded,data/unit_stats/abilities/source_exports/db/special_ability_to_special_ability_phase_junctions_tables/data__.tsv,2637,9.0.1
1,wh_main_spell_death_spirit_leech,false,false,true,wh_main_spell_death_spirit_leech,data/unit_stats/abilities/source_exports/db/special_ability_to_special_ability_phase_junctions_tables/data__.tsv,2638,9.0.1
1,wh_main_spell_death_spirit_leech_upgraded,false,false,true,wh_main_spell_death_spirit_leech_upgraded,data/unit_stats/abilities/source_exports/db/special_ability_to_special_ability_phase_junctions_tables/data__.tsv,2639,9.0.1
1,wh_main_spell_death_the_fate_of_bjuna,false,false,true,wh_main_spell_death_the_fate_of_bjuna,data/unit_stats/abilities/source_exports/db/special_ability_to_special_ability_phase_junctions_tables/data__.tsv,2640,9.0.1
1,wh_main_spell_fire_cascading_fire_cloak,true,true,false,wh_main_spell_fire_cascading_fire_cloak,data/unit_stats/abilities/source_exports/db/special_ability_to_special_ability_phase_junctions_tables/data__.tsv,2641,9.0.1
1,wh_main_spell_fire_flaming_sword_of_rhuin,true,true,false,wh_main_spell_fire_flaming_sword_of_rhuin,data/unit_stats/abilities/source_exports/db/special_ability_to_special_ability_phase_junctions_tables/data__.tsv,2642,9.0.1
1,wh_main_spell_fire_flaming_sword_of_rhuin_upgraded,true,true,false,wh_main_spell_fire_flaming_sword_of_rhuin_upgraded,data/unit_stats/abilities/source_exports/db/special_ability_to_special_ability_phase_junctions_tables/data__.tsv,2643,9.0.1
1,wh_main_spell_heavens_curse_of_the_midnight_wind,false,false,true,wh_main_spell_heavens_curse_of_the_midnight_wind,data/unit_stats/abilities/source_exports/db/special_ability_to_special_ability_phase_junctions_tables/data__.tsv,2644,9.0.1
1,wh_main_spell_heavens_curse_of_the_midnight_wind_upgraded,false,false,true,wh_main_spell_heavens_curse_of_the_midnight_wind_upgraded,data/unit_stats/abilities/source_exports/db/special_ability_to_special_ability_phase_junctions_tables/data__.tsv,2645,9.0.1
1,wh_main_spell_heavens_harmonic_convergence,true,true,false,wh_main_spell_heavens_harmonic_convergence,data/unit_stats/abilities/source_exports/db/special_ability_to_special_ability_phase_junctions_tables/data__.tsv,2646,9.0.1
1,wh_main_spell_heavens_harmonic_convergence_upgraded,true,true,false,wh_main_spell_heavens_harmonic_convergence_upgraded,data/unit_stats/abilities/source_exports/db/special_ability_to_special_ability_phase_junctions_tables/data__.tsv,2647,9.0.1
1,wh_main_spell_light_bironas_timewarp,true,true,false,wh_main_spell_light_bironas_timewarp,data/unit_stats/abilities/source_exports/db/special_ability_to_special_ability_phase_junctions_tables/data__.tsv,2648,9.0.1
1,wh_main_spell_light_bironas_timewarp_upgraded,true,true,false,wh_main_spell_light_bironas_timewarp_upgraded,data/unit_stats/abilities/source_exports/db/special_ability_to_special_ability_phase_junctions_tables/data__.tsv,2649,9.0.1
1,wh_main_spell_light_light_of_battle,true,true,false,wh_main_spell_light_light_of_battle,data/unit_stats/abilities/source_exports/db/special_ability_to_special_ability_phase_junctions_tables/data__.tsv,2650,9.0.1
1,wh_main_spell_light_light_of_battle_upgraded,true,true,false,wh_main_spell_light_light_of_battle_upgraded,data/unit_stats/abilities/source_exports/db/special_ability_to_special_ability_phase_junctions_tables/data__.tsv,2651,9.0.1
1,wh_main_spell_light_net_of_amyntok,false,false,true,wh_main_spell_light_net_of_amyntok,data/unit_stats/abilities/source_exports/db/special_ability_to_special_ability_phase_junctions_tables/data__.tsv,2652,9.0.1
1,wh_main_spell_light_net_of_amyntok_upgraded,false,false,true,wh_main_spell_light_net_of_amyntok_upgraded,data/unit_stats/abilities/source_exports/db/special_ability_to_special_ability_phase_junctions_tables/data__.tsv,2653,9.0.1
1,wh_main_spell_light_phas_protection,true,true,false,wh_main_spell_light_phas_protection,data/unit_stats/abilities/source_exports/db/special_ability_to_special_ability_phase_junctions_tables/data__.tsv,2654,9.0.1
1,wh_main_spell_light_phas_protection_upgraded,true,true,false,wh_main_spell_light_phas_protection_upgraded,data/unit_stats/abilities/source_exports/db/special_ability_to_special_ability_phase_junctions_tables/data__.tsv,2655,9.0.1
1,wh_main_spell_lil_waaagh_gorkll_fix_it,false,false,true,wh_main_spell_lil_waaagh_gorkll_fix_it,data/unit_stats/abilities/source_exports/db/special_ability_to_special_ability_phase_junctions_tables/data__.tsv,2656,9.0.1
1,wh_main_spell_lil_waaagh_itchy_nuisance,false,false,true,wh_main_spell_lil_waaagh_itchy_nuisance,data/unit_stats/abilities/source_exports/db/special_ability_to_special_ability_phase_junctions_tables/data__.tsv,2657,9.0.1
1,wh_main_spell_lil_waaagh_night_shroud,true,true,false,wh_main_spell_lil_waaagh_night_shroud,data/unit_stats/abilities/source_exports/db/special_ability_to_special_ability_phase_junctions_tables/data__.tsv,2658,9.0.1
1,wh_main_spell_lil_waaagh_night_shroud_upgraded,true,true,false,wh_main_spell_lil_waaagh_night_shroud_upgraded,data/unit_stats/abilities/source_exports/db/special_ability_to_special_ability_phase_junctions_tables/data__.tsv,2659,9.0.1
1,wh_main_spell_lil_waaagh_sneaky_stabbin,true,true,false,wh_main_spell_lil_waaagh_sneaky_stabbin,data/unit_stats/abilities/source_exports/db/special_ability_to_special_ability_phase_junctions_tables/data__.tsv,2660,9.0.1
1,wh_main_spell_metal_final_transmutation,false,false,true,wh_main_spell_metal_final_transmutation,data/unit_stats/abilities/source_exports/db/special_ability_to_special_ability_phase_junctions_tables/data__.tsv,2661,9.0.1
1,wh_main_spell_metal_final_transmutation_upgraded,false,false,true,wh_main_spell_metal_final_transmutation_upgraded,data/unit_stats/abilities/source_exports/db/special_ability_to_special_ability_phase_junctions_tables/data__.tsv,2662,9.0.1
1,wh_main_spell_metal_glittering_robe,true,true,false,wh_main_spell_metal_glittering_robe,data/unit_stats/abilities/source_exports/db/special_ability_to_special_ability_phase_junctions_tables/data__.tsv,2663,9.0.1
1,wh_main_spell_metal_glittering_robe_upgraded,true,true,false,wh_main_spell_metal_glittering_robe_upgraded,data/unit_stats/abilities/source_exports/db/special_ability_to_special_ability_phase_junctions_tables/data__.tsv,2664,9.0.1
1,wh_main_spell_metal_plague_of_rust,false,false,true,wh_main_spell_metal_plague_of_rust,data/unit_stats/abilities/source_exports/db/special_ability_to_special_ability_phase_junctions_tables/data__.tsv,2665,9.0.1
1,wh_main_spell_metal_plague_of_rust_upgraded,false,false,true,wh_main_spell_metal_plague_of_rust_upgraded,data/unit_stats/abilities/source_exports/db/special_ability_to_special_ability_phase_junctions_tables/data__.tsv,2666,9.0.1
1,wh_main_spell_metal_transmutation_of_lead,false,false,true,wh_main_spell_metal_transmutation_of_lead,data/unit_stats/abilities/source_exports/db/special_ability_to_special_ability_phase_junctions_tables/data__.tsv,2667,9.0.1
1,wh_main_spell_metal_transmutation_of_lead_upgraded,false,false,true,wh_main_spell_metal_transmutation_of_lead_upgraded,data/unit_stats/abilities/source_exports/db/special_ability_to_special_ability_phase_junctions_tables/data__.tsv,2668,9.0.1
1,wh_main_spell_vampires_curse_of_years,false,false,true,wh_main_spell_vampires_curse_of_years,data/unit_stats/abilities/source_exports/db/special_ability_to_special_ability_phase_junctions_tables/data__.tsv,2669,9.0.1
1,wh_main_spell_vampires_invocation_of_nehek,true,true,false,wh_main_spell_vampires_invocation_of_nehek,data/unit_stats/abilities/source_exports/db/special_ability_to_special_ability_phase_junctions_tables/data__.tsv,2670,9.0.1
1,wh_main_spell_vampires_invocation_of_nehek_upgraded,true,true,false,wh_main_spell_vampires_invocation_of_nehek_upgraded,data/unit_stats/abilities/source_exports/db/special_ability_to_special_ability_phase_junctions_tables/data__.tsv,2671,9.0.1
1,wh_main_spell_vampires_vanhels_danse_macabre,true,true,false,wh_main_spell_vampires_vanhels_danse_macabre,data/unit_stats/abilities/source_exports/db/special_ability_to_special_ability_phase_junctions_tables/data__.tsv,2672,9.0.1
1,wh_main_spell_vampires_vanhels_danse_macabre_upgraded,true,true,false,wh_main_spell_vampires_vanhels_danse_macabre_upgraded,data/unit_stats/abilities/source_exports/db/special_ability_to_special_ability_phase_junctions_tables/data__.tsv,2673,9.0.1
1,wh_main_unit_abilities_black_nimbus,true,false,false,wh_main_unit_abilities_black_nimbus,data/unit_stats/abilities/source_exports/db/special_ability_to_special_ability_phase_junctions_tables/data__.tsv,2674,9.0.1
1,wh_main_unit_abilities_black_scythes,true,false,false,wh_main_unit_abilities_black_scythes,data/unit_stats/abilities/source_exports/db/special_ability_to_special_ability_phase_junctions_tables/data__.tsv,2675,9.0.1
1,wh_main_unit_abilities_blooood,true,false,false,wh_main_unit_abilities_blooood,data/unit_stats/abilities/source_exports/db/special_ability_to_special_ability_phase_junctions_tables/data__.tsv,2676,9.0.1
1,wh_main_unit_abilities_boom,true,false,false,wh_main_unit_abilities_boom,data/unit_stats/abilities/source_exports/db/special_ability_to_special_ability_phase_junctions_tables/data__.tsv,2677,9.0.1
1,wh_main_unit_abilities_entrenchment,true,true,false,wh_main_unit_abilities_entrenchment,data/unit_stats/abilities/source_exports/db/special_ability_to_special_ability_phase_junctions_tables/data__.tsv,2678,9.0.1
1,wh_main_unit_abilities_killing_blow,true,false,false,wh_main_unit_abilities_killing_blow,data/unit_stats/abilities/source_exports/db/special_ability_to_special_ability_phase_junctions_tables/data__.tsv,2679,9.0.1
1,wh_main_unit_abilities_unholy_vigour,true,false,false,wh_main_unit_abilities_unholy_vigour,data/unit_stats/abilities/source_exports/db/special_ability_to_special_ability_phase_junctions_tables/data__.tsv,2680,9.0.1
1,wh_main_unit_passive_deathblow,true,false,false,wh_main_lord_passive_deathblow,data/unit_stats/abilities/source_exports/db/special_ability_to_special_ability_phase_junctions_tables/data__.tsv,2681,9.0.1
1,wh_main_unit_passive_frenzy,true,false,false,wh_main_unit_passive_frenzy,data/unit_stats/abilities/source_exports/db/special_ability_to_special_ability_phase_junctions_tables/data__.tsv,2682,9.0.1
1,wh_main_unit_passive_regeneration,true,false,false,wh_main_unit_passive_regeneration,data/unit_stats/abilities/source_exports/db/special_ability_to_special_ability_phase_junctions_tables/data__.tsv,2683,9.0.1
1,wh_main_unit_passive_unbinding_critical,true,false,false,wh_main_unit_passive_unbinding_critical,data/unit_stats/abilities/source_exports/db/special_ability_to_special_ability_phase_junctions_tables/data__.tsv,2684,9.0.1
1,wh_main_unit_passive_unbinding_feral_cold_ones,true,false,false,wh_main_unit_passive_unbinding_feral_cold_ones,data/unit_stats/abilities/source_exports/db/special_ability_to_special_ability_phase_junctions_tables/data__.tsv,2685,9.0.1
2,wh_main_unit_passive_unbinding_feral_cold_ones,true,false,false,wh_main_unit_passive_unbinding_weak,data/unit_stats/abilities/source_exports/db/special_ability_to_special_ability_phase_junctions_tables/data__.tsv,2686,9.0.1
3,wh_main_unit_passive_unbinding_feral_cold_ones,true,false,false,wh_main_unit_passive_unbinding_critical,data/unit_stats/abilities/source_exports/db/special_ability_to_special_ability_phase_junctions_tables/data__.tsv,2687,9.0.1
1,wh_main_unit_passive_unbinding_skeleton_warriors,true,false,false,wh_main_unit_passive_unbinding_skeleton_warriors,data/unit_stats/abilities/source_exports/db/special_ability_to_special_ability_phase_junctions_tables/data__.tsv,2688,9.0.1
2,wh_main_unit_passive_unbinding_skeleton_warriors,true,false,false,wh_main_unit_passive_unbinding_weak,data/unit_stats/abilities/source_exports/db/special_ability_to_special_ability_phase_junctions_tables/data__.tsv,2689,9.0.1
3,wh_main_unit_passive_unbinding_skeleton_warriors,true,false,false,wh_main_unit_passive_unbinding_critical,data/unit_stats/abilities/source_exports/db/special_ability_to_special_ability_phase_junctions_tables/data__.tsv,2690,9.0.1
1,wh_main_unit_passive_unbinding_zombie,true,false,false,wh_main_unit_passive_unbinding_zombie,data/unit_stats/abilities/source_exports/db/special_ability_to_special_ability_phase_junctions_tables/data__.tsv,2691,9.0.1
2,wh_main_unit_passive_unbinding_zombie,true,false,false,wh_main_unit_passive_unbinding_weak,data/unit_stats/abilities/source_exports/db/special_ability_to_special_ability_phase_junctions_tables/data__.tsv,2692,9.0.1
3,wh_main_unit_passive_unbinding_zombie,true,false,false,wh_main_unit_passive_unbinding_critical,data/unit_stats/abilities/source_exports/db/special_ability_to_special_ability_phase_junctions_tables/data__.tsv,2693,9.0.1
1,wh_main_unit_passive_unstable,true,false,false,wh_main_unit_passive_unstable,data/unit_stats/abilities/source_exports/db/special_ability_to_special_ability_phase_junctions_tables/data__.tsv,2694,9.0.1
1,wh_main_unit_passive_unstable_mark_ii,true,false,false,wh_main_unit_passive_unstable_mark_ii,data/unit_stats/abilities/source_exports/db/special_ability_to_special_ability_phase_junctions_tables/data__.tsv,2695,9.0.1
1,wh_main_unit_passive_war_paint,true,true,false,wh_main_unit_passive_war_paint,data/unit_stats/abilities/source_exports/db/special_ability_to_special_ability_phase_junctions_tables/data__.tsv,2696,9.0.1
1,wh_main_weapon_abilities_axe_of_dargo,true,false,false,wh_main_weapon_abilities_axe_of_dargo,data/unit_stats/abilities/source_exports/db/special_ability_to_special_ability_phase_junctions_tables/data__.tsv,2697,9.0.1
1,wh_main_weapon_abilities_charmed_shield,true,false,false,wh_main_weapon_abilities_charmed_shield,data/unit_stats/abilities/source_exports/db/special_ability_to_special_ability_phase_junctions_tables/data__.tsv,2698,9.0.1
1,wh_main_weapon_abilities_filth_mace,true,false,false,wh_main_weapon_abilities_filth_mace,data/unit_stats/abilities/source_exports/db/special_ability_to_special_ability_phase_junctions_tables/data__.tsv,2699,9.0.1
1,wh_main_weapon_abilities_ghal_maraz,true,false,false,wh_main_weapon_abilities_ghal_maraz,data/unit_stats/abilities/source_exports/db/special_ability_to_special_ability_phase_junctions_tables/data__.tsv,2700,9.0.1
1,wh_main_weapon_abilities_gitsnik,true,false,false,wh_main_weapon_abilities_gitsnik,data/unit_stats/abilities/source_exports/db/special_ability_to_special_ability_phase_junctions_tables/data__.tsv,2701,9.0.1
1,wh_main_weapon_abilities_hellfire_sword,true,false,false,wh_main_weapon_abilities_hellfire_sword,data/unit_stats/abilities/source_exports/db/special_ability_to_special_ability_phase_junctions_tables/data__.tsv,2702,9.0.1
1,wh_main_weapon_abilities_helm_of_discord,false,false,true,wh_main_weapon_abilities_helm_of_discord,data/unit_stats/abilities/source_exports/db/special_ability_to_special_ability_phase_junctions_tables/data__.tsv,2703,9.0.1
1,wh_main_weapon_abilities_runefang,true,false,false,wh_main_weapon_abilities_runefang,data/unit_stats/abilities/source_exports/db/special_ability_to_special_ability_phase_junctions_tables/data__.tsv,2704,9.0.1
1,wh_main_weapon_abilities_sword_of_anti_heroes,true,false,false,wh_main_weapon_abilities_sword_of_anti_heroes,data/unit_stats/abilities/source_exports/db/special_ability_to_special_ability_phase_junctions_tables/data__.tsv,2705,9.0.1
1,wh_main_weapon_abilities_the_hammer_of_karak_drazh,false,false,true,wh_main_weapon_abilities_the_hammer_of_karak_drazh,data/unit_stats/abilities/source_exports/db/special_ability_to_special_ability_phase_junctions_tables/data__.tsv,2706,9.0.1
1,wh_main_weapon_abilities_the_mace_of_helsturm,true,false,false,wh_main_weapon_abilities_the_mace_of_helsturm,data/unit_stats/abilities/source_exports/db/special_ability_to_special_ability_phase_junctions_tables/data__.tsv,2707,9.0.1
1,wh_main_weapon_abilities_the_reikland_runefang,true,true,false,wh_main_weapon_abilities_the_reikland_runefang,data/unit_stats/abilities/source_exports/db/special_ability_to_special_ability_phase_junctions_tables/data__.tsv,2708,9.0.1
1,wh_main_weapon_abilities_the_sword_of_couronne,false,false,true,wh_main_weapon_abilities_the_sword_of_couronne,data/unit_stats/abilities/source_exports/db/special_ability_to_special_ability_phase_junctions_tables/data__.tsv,2709,9.0.1
1,wh_main_weapon_abilities_tormentor_sword,false,false,true,wh_main_weapon_abilities_tormentor_sword,data/unit_stats/abilities/source_exports/db/special_ability_to_special_ability_phase_junctions_tables/data__.tsv,2710,9.0.1
1,wh_main_weapon_passive_chaos_tomb_blade,true,true,false,wh_main_weapon_passive_chaos_tomb_blade,data/unit_stats/abilities/source_exports/db/special_ability_to_special_ability_phase_junctions_tables/data__.tsv,2711,9.0.1
1,wh_main_weapon_passive_glittering_scales,false,false,true,wh_main_weapon_passive_glittering_scales,data/unit_stats/abilities/source_exports/db/special_ability_to_special_ability_phase_junctions_tables/data__.tsv,2712,9.0.1
1,wh_main_weapon_passive_sword_of_unholy_power,true,false,false,wh_main_weapon_passive_sword_of_unholy_power,data/unit_stats/abilities/source_exports/db/special_ability_to_special_ability_phase_junctions_tables/data__.tsv,2713,9.0.1
1,wh_main_weapon_passive_warrior_bane,false,false,true,wh_main_weapon_passive_warrior_bane,data/unit_stats/abilities/source_exports/db/special_ability_to_special_ability_phase_junctions_tables/data__.tsv,2714,9.0.1
1,wh_pro01_item_passive_rune_helm_of_zhufbar,true,true,false,wh_pro01_item_passive_rune_helm_of_zhufbar,data/unit_stats/abilities/source_exports/db/special_ability_to_special_ability_phase_junctions_tables/data__.tsv,2715,9.0.1
1,wh_pro01_lord_abilities_flash_bomb,false,false,true,wh_pro01_lord_abilities_flash_bomb,data/unit_stats/abilities/source_exports/db/special_ability_to_special_ability_phase_junctions_tables/data__.tsv,2716,9.0.1
1,wh_pro01_lord_passive_grombrindal_has_no_fear,true,true,false,wh_pro01_lord_passive_grombrindal_has_no_fear,data/unit_stats/abilities/source_exports/db/special_ability_to_special_ability_phase_junctions_tables/data__.tsv,2717,9.0.1
1,wh_pro01_weapon_abilities_rune_axe_of_grombrindal,true,false,false,wh_pro01_weapon_abilities_rune_axe_of_grombrindal,data/unit_stats/abilities/source_exports/db/special_ability_to_special_ability_phase_junctions_tables/data__.tsv,2718,9.0.1
1,wh_pro02_item_abilities_blood_chalice_of_bathori,true,true,false,wh_pro02_item_abilities_blood_chalice_of_bathori,data/unit_stats/abilities/source_exports/db/special_ability_to_special_ability_phase_junctions_tables/data__.tsv,2719,9.0.1
1,wh_pro03_unit_passive_unbinding_krell,true,false,false,wh_pro03_unit_passive_unbinding_krell,data/unit_stats/abilities/source_exports/db/special_ability_to_special_ability_phase_junctions_tables/data__.tsv,2720,9.0.1
2,wh_pro03_unit_passive_unbinding_krell,true,false,false,wh_main_unit_passive_unbinding_weak,data/unit_stats/abilities/source_exports/db/special_ability_to_special_ability_phase_junctions_tables/data__.tsv,2721,9.0.1
3,wh_pro03_unit_passive_unbinding_krell,true,false,false,wh_main_unit_passive_unbinding_critical,data/unit_stats/abilities/source_exports/db/special_ability_to_special_ability_phase_junctions_tables/data__.tsv,2722,9.0.1
1,wh_pro03_unit_passive_unbinding_krell_upgraded,true,false,false,wh_pro03_unit_passive_unbinding_krell_upgraded,data/unit_stats/abilities/source_exports/db/special_ability_to_special_ability_phase_junctions_tables/data__.tsv,2723,9.0.1
2,wh_pro03_unit_passive_unbinding_krell_upgraded,true,false,false,wh_main_unit_passive_unbinding_weak,data/unit_stats/abilities/source_exports/db/special_ability_to_special_ability_phase_junctions_tables/data__.tsv,2724,9.0.1
3,wh_pro03_unit_passive_unbinding_krell_upgraded,true,false,false,wh_main_unit_passive_unbinding_critical,data/unit_stats/abilities/source_exports/db/special_ability_to_special_ability_phase_junctions_tables/data__.tsv,2725,9.0.1
1,wh_pro04_unit_abilities_apocalyptic_charge,true,true,false,wh_pro04_unit_passive_apocalyptic_charge,data/unit_stats/abilities/source_exports/db/special_ability_to_special_ability_phase_junctions_tables/data__.tsv,2726,9.0.1
1,wh_pro04_unit_abilities_enrage,true,false,false,wh_pro04_unit_abilities_enrage,data/unit_stats/abilities/source_exports/db/special_ability_to_special_ability_phase_junctions_tables/data__.tsv,2727,9.0.1
1,wh_pro04_unit_abilities_loecs_shroud,true,false,false,wh_pro04_unit_abilities_loecs_shroud,data/unit_stats/abilities/source_exports/db/special_ability_to_special_ability_phase_junctions_tables/data__.tsv,2728,9.0.1
1,wh_pro04_unit_abilities_soul_devourer,true,false,false,wh_pro04_unit_passive_soul_devourer,data/unit_stats/abilities/source_exports/db/special_ability_to_special_ability_phase_junctions_tables/data__.tsv,2729,9.0.1
1,wh_pro04_unit_abilities_warp_gaze,false,false,true,wh_pro04_unit_abilities_warp_gaze,data/unit_stats/abilities/source_exports/db/special_ability_to_special_ability_phase_junctions_tables/data__.tsv,2730,9.0.1
1,wh_pro04_unit_passive_guardian,false,true,false,wh_pro04_unit_passive_guardian,data/unit_stats/abilities/source_exports/db/special_ability_to_special_ability_phase_junctions_tables/data__.tsv,2731,9.0.1
1,wh_pro04_unit_passive_wildfire_aura,false,true,false,wh_pro04_unit_passive_wildfire_aura,data/unit_stats/abilities/source_exports/db/special_ability_to_special_ability_phase_junctions_tables/data__.tsv,2732,9.0.1
