id,duration,effect_type,requested_stance,cant_move,freeze_fatigue,fatigue_change_ratio,inspiration_aura_range_mod,ability_recharge_change,hp_change_frequency,damage_amount,max_damaged_entities,resurrect,mana_regen_mod,mana_max_depletion_mod,imbue_magical,imbue_ignition,imbue_contact,phase_display,phase_audio,is_hidden_in_ui,affects_allies,affects_enemies,replenish_ammo,composite_scene_group,spreading,freeze_recharge,heal_amount,barrier_heal_amount,remove_magical,execute_ratio,source_path,source_line,source_patch
wh2_dlc09_army_abilities_rictus_clanstone,48.0000,positive,,false,false,0.0000,0.0000,0.0000,0.0000,0,0,false,0.0000,0.0000,false,0,,,wh2_main_ability_mors_clanstone,false,true,true,0.0000,,,false,0.0000,0.0000,false,0.0000,data/unit_stats/source_exports/db/special_ability_phases_tables/data__.tsv,3,9.0.1
wh2_dlc09_army_abilities_sand_veil,89.0000,positive,,false,false,0.0000,0.0000,0.0000,0.0000,0,0,false,0.0000,0.0000,false,0,,wh2_dlc09_army_abilities_sand_veil,wh2_dlc09_ability_sand_veil_one_shot,false,true,true,0.0000,,,false,0.0000,0.0000,false,0.0000,data/unit_stats/source_exports/db/special_ability_phases_tables/data__.tsv,4,9.0.1
wh2_dlc09_army_ability_tomb_swarm,18.0000,negative,,false,false,0.0000,0.0000,0.0000,1.0000,6,25,false,0.0000,0.0000,false,0,,wh2_dlc09_army_abilities_tomb_swarm,wh2_dlc09_ability_tmb_negative,false,true,true,0.0000,,,false,0.0000,0.0000,false,0.0000,data/unit_stats/source_exports/db/special_ability_phases_tables/data__.tsv,5,9.0.1
wh2_dlc09_army_passive_realm_of_souls_ushabti_trigger,-1.0000,positive,,false,false,0.0000,0.0000,0.0000,0.0000,0,0,false,0.0000,0.0000,false,0,,,,true,true,true,0.0000,,,false,0.0000,0.0000,false,0.0000,data/unit_stats/source_exports/db/special_ability_phases_tables/data__.tsv,6,9.0.1
wh2_dlc09_character_abilities_curse_of_djaf,13.0000,negative,,false,false,0.0000,0.0000,0.0000,0.0000,0,0,false,0.0000,0.0000,false,0,,wh2_dlc09_abilities_curse_of_djaf,wh2_dlc09_ability_curse_of_djaf,false,true,true,0.0000,,,false,0.0000,0.0000,false,0.0000,data/unit_stats/source_exports/db/special_ability_phases_tables/data__.tsv,7,9.0.1
wh2_dlc09_character_abilities_curse_of_khsar,25.0000,negative,,false,false,0.0000,0.0000,0.0000,0.0000,0,0,false,0.0000,0.0000,false,0,,wh_main_generic_debuff_defence,wh2_dlc09_ability_tmb_negative,false,true,true,0.0000,,,false,0.0000,0.0000,false,0.0000,data/unit_stats/source_exports/db/special_ability_phases_tables/data__.tsv,8,9.0.1
wh2_dlc09_character_abilities_restore,24.0000,positive,,false,false,0.0000,0.0000,0.0000,1.0000,0,0,false,0.0000,0.0000,false,0,,wh_main_generic_hp_regen,wh2_dlc09_ability_tmb_positive,false,true,true,0.0000,,,false,0.0080,0.0000,false,0.0000,data/unit_stats/source_exports/db/special_ability_phases_tables/data__.tsv,9,9.0.1
wh2_dlc09_character_abilities_stay_here_ill_get_help,35.0000,positive,,false,false,0.0000,0.0000,0.0000,0.0000,0,0,false,0.0000,0.0000,false,0,,wh_main_generic_buff_morale,wh_ability_positive,false,true,true,0.0000,,,false,0.0000,0.0000,false,0.0000,data/unit_stats/source_exports/db/special_ability_phases_tables/data__.tsv,10,9.0.1
wh2_dlc09_character_abilities_stay_here_ill_get_help_miscast,35.0000,positive,,false,false,0.0000,0.0000,0.0000,0.0000,0,0,false,0.0000,0.0000,false,0,,wh2_main_spell_ruin_skitterleap,,false,true,false,0.0000,,,false,0.0000,0.0000,false,0.0000,data/unit_stats/source_exports/db/special_ability_phases_tables/data__.tsv,11,9.0.1
wh2_dlc09_character_abilities_strike_of_nagash,27.0000,positive,,false,false,0.0000,0.0000,0.0000,0.0000,0,0,false,0.0000,0.0000,false,0,,wh_main_generic_buff_attack,wh_ability_positive,false,true,true,0.0000,,,false,0.0000,0.0000,false,0.0000,data/unit_stats/source_exports/db/special_ability_phases_tables/data__.tsv,12,9.0.1
wh2_dlc09_character_abilities_strike_of_nehekhara,23.0000,positive,,false,false,0.0000,0.0000,0.0000,0.0000,0,0,false,0.0000,0.0000,false,0,,wh_main_generic_buff_attack,wh_ability_positive,false,true,true,0.0000,,,false,0.0000,0.0000,false,0.0000,data/unit_stats/source_exports/db/special_ability_phases_tables/data__.tsv,13,9.0.1
wh2_dlc09_character_abilities_strike_of_tombs,23.0000,positive,,false,false,0.0000,0.0000,0.0000,0.0000,0,0,false,0.0000,0.0000,false,0,,wh_main_generic_buff_attack,wh_ability_positive,false,true,true,0.0000,,,false,0.0000,0.0000,false,0.0000,data/unit_stats/source_exports/db/special_ability_phases_tables/data__.tsv,14,9.0.1
wh2_dlc09_character_abilities_tomb_king_rally,14.0000,positive,,false,false,0.0000,0.0000,0.0000,0.0000,0,0,false,0.0000,0.0000,false,0,,wh_main_generic_buff_morale,wh2_dlc09_ability_tmb_positive,false,true,true,0.0000,,,false,0.0000,0.0000,false,0.0000,data/unit_stats/source_exports/db/special_ability_phases_tables/data__.tsv,15,9.0.1
wh2_dlc09_character_abilities_tomb_king_rally_upgraded,10.0000,positive,,false,false,0.0000,0.0000,0.0000,1.0000,0,0,false,0.0000,0.0000,false,0,,wh_main_generic_buff_morale,wh2_dlc09_ability_tmb_positive,false,true,true,0.0000,,,false,0.0080,0.0000,false,0.0000,data/unit_stats/source_exports/db/special_ability_phases_tables/data__.tsv,16,9.0.1
wh2_dlc09_character_passive_befalling_curse,23.0000,negative,,false,false,0.0200,0.0000,0.0000,1.0000,5,25,false,0.0000,0.0000,false,0,,wh2_dlc09_abilities_befalling_curse,,false,true,true,0.0000,,,false,0.0000,0.0000,false,0.0000,data/unit_stats/source_exports/db/special_ability_phases_tables/data__.tsv,17,9.0.1
wh2_dlc09_character_passive_blessing_of_asaph,-1.0000,positive,,false,false,0.0000,0.0000,0.0000,0.0000,0,0,false,0.0000,0.0000,false,0,wh_main_unit_contact_poison,wh2_dlc09_abilities_blessing_of_asaph,,false,true,true,0.0000,,,false,0.0000,0.0000,false,0.0000,data/unit_stats/source_exports/db/special_ability_phases_tables/data__.tsv,18,9.0.1
wh2_dlc09_character_passive_stone_shaper,-1.0000,positive,,false,false,0.0000,0.0000,0.0000,0.0000,0,0,false,0.0000,0.0000,false,0,,wh_main_generic_buff_defence_passive,,false,true,true,0.0000,,,false,0.0000,0.0000,false,0.0000,data/unit_stats/source_exports/db/special_ability_phases_tables/data__.tsv,19,9.0.1
wh2_dlc09_character_passive_tretchs_raiders,-1.0000,positive,,false,false,0.0000,0.0000,0.0000,0.0000,0,0,false,0.0000,0.0000,false,0,,wh_main_generic_buff_attack_passive,,false,true,false,0.0000,,,false,0.0000,0.0000,false,0.0000,data/unit_stats/source_exports/db/special_ability_phases_tables/data__.tsv,20,9.0.1
wh2_dlc09_character_passive_true_blessing_of_asaph,-1.0000,positive,,false,false,0.0000,0.0000,0.0000,0.0000,0,0,false,0.0000,0.0000,true,0,wh_main_unit_contact_poison,wh2_dlc09_abilities_blessing_of_asaph,,false,true,true,0.0000,,,false,0.0000,0.0000,false,0.0000,data/unit_stats/source_exports/db/special_ability_phases_tables/data__.tsv,21,9.0.1
wh2_dlc09_character_passive_unyielding_will,-1.0000,positive,,false,false,0.0000,0.0000,0.0000,0.0000,0,0,false,0.0000,0.0000,false,0,,wh_main_generic_buff_attack_passive,,false,true,true,0.0000,,,false,0.0000,0.0000,false,0.0000,data/unit_stats/source_exports/db/special_ability_phases_tables/data__.tsv,22,9.0.1
wh2_dlc09_character_passive_wrath_of_the_creator,-1.0000,positive,,false,false,0.0000,0.0000,0.0000,0.0000,0,0,false,0.0000,0.0000,false,0,,wh_main_generic_buff_attack_passive,,false,true,true,0.0000,,,false,0.0000,0.0000,false,0.0000,data/unit_stats/source_exports/db/special_ability_phases_tables/data__.tsv,23,9.0.1
wh2_dlc09_faction_passive_realm_of_souls_tier_1,7.0000,positive,,false,false,0.0000,0.0000,0.0000,1.0000,0,0,true,0.0000,0.0000,false,0,,wh2_dlc09_abilities_realm_of_souls_tier_1,wh2_dlc09_ability_tmb_positive,false,true,false,0.0000,,,false,0.0020,0.0000,false,0.0000,data/unit_stats/source_exports/db/special_ability_phases_tables/data__.tsv,24,9.0.1
wh2_dlc09_faction_passive_realm_of_souls_tier_2,14.0000,positive,,false,false,0.0000,0.0000,0.0000,1.0000,0,0,true,0.0000,0.0000,false,0,,wh2_dlc09_abilities_realm_of_souls_tier_2,wh2_dlc09_ability_tmb_positive,false,true,false,0.0000,,,false,0.0020,0.0000,false,0.0000,data/unit_stats/source_exports/db/special_ability_phases_tables/data__.tsv,25,9.0.1
wh2_dlc09_faction_passive_realm_of_souls_tier_3,21.0000,positive,,false,false,0.0000,0.0000,0.0000,1.0000,0,0,true,0.0000,0.0000,false,0,,wh2_dlc09_abilities_realm_of_souls_tier_3,wh2_dlc09_ability_tmb_positive,false,true,false,0.0000,,,false,0.0020,0.0000,false,0.0000,data/unit_stats/source_exports/db/special_ability_phases_tables/data__.tsv,26,9.0.1
wh2_dlc09_item_abilities_amulet_of_phastah,22.0000,negative,,false,false,0.0000,0.0000,0.0000,0.0000,0,0,false,0.0000,0.0000,false,0,,,wh_ability_negative,false,true,true,0.0000,,,false,0.0000,0.0000,false,0.0000,data/unit_stats/source_exports/db/special_ability_phases_tables/data__.tsv,27,9.0.1
wh2_dlc09_item_abilities_cloak_of_the_dunes,73.0000,positive,,false,false,0.0000,0.0000,0.0000,0.0000,0,0,false,0.0000,0.0000,false,0,,,wh_ability_positive,false,true,true,0.0000,,,false,0.0000,0.0000,false,0.0000,data/unit_stats/source_exports/db/special_ability_phases_tables/data__.tsv,28,9.0.1
wh2_dlc09_item_abilities_elixir_of_might,36.0000,positive,,false,false,0.0000,0.0000,0.0000,0.0000,0,0,false,0.0000,0.0000,false,0,,wh_main_generic_buff_attack,wh_ability_positive,false,true,true,0.0000,,,false,0.0000,0.0000,false,0.0000,data/unit_stats/source_exports/db/special_ability_phases_tables/data__.tsv,29,9.0.1
wh2_dlc09_item_abilities_enkhils_kanopi,24.0000,positive,,false,false,0.0000,0.0000,0.0000,0.0000,0,0,false,0.0000,0.0000,false,0,,wh_main_generic_ward_save_magic,wh_ability_negative,false,true,true,0.0000,,,false,0.0000,0.0000,false,0.0000,data/unit_stats/source_exports/db/special_ability_phases_tables/data__.tsv,30,9.0.1
wh2_dlc09_item_abilities_hieratic_jar,33.0000,positive,,false,false,0.0000,0.0000,0.0000,1.0000,0,0,true,0.0000,0.0000,false,0,,wh_main_generic_hp_regen,wh_ability_positive,false,true,true,0.0000,,,false,0.0080,0.0000,false,0.0000,data/unit_stats/source_exports/db/special_ability_phases_tables/data__.tsv,31,9.0.1
wh2_dlc09_item_abilities_neferras_scrolls_of_mighty_incantations,31.0000,positive,,false,false,0.0000,0.0000,0.0000,0.0000,0,0,false,1.6000,0.2000,false,0,,wh2_main_generic_buff_wom_banner,wh_ability_positive_banner,false,true,true,0.0000,,,false,0.0000,0.0000,false,0.0000,data/unit_stats/source_exports/db/special_ability_phases_tables/data__.tsv,32,9.0.1
wh2_dlc09_item_abilities_staff_of_nagash,33.0000,positive,,false,false,0.0000,0.0000,-30.0000,0.0000,0,0,false,1.6000,0.0000,false,0,,wh2_main_generic_buff_wom_banner,wh_ability_positive_banner,false,true,true,0.0000,,,false,0.0000,0.0000,false,0.0000,data/unit_stats/source_exports/db/special_ability_phases_tables/data__.tsv,33,9.0.1
wh2_dlc09_item_passive_crown_of_nehekhara,-1.0000,positive,,false,false,0.0000,0.0000,0.0000,0.0000,0,0,false,0.0000,0.0000,false,0,,,,false,true,true,0.0000,,,false,0.0000,0.0000,false,0.0000,data/unit_stats/source_exports/db/special_ability_phases_tables/data__.tsv,34,9.0.1
wh2_dlc09_item_passive_lucky_skullhelm,17.0000,positive,,false,false,0.0000,0.0000,0.0000,0.0000,0,0,false,0.0000,0.0000,false,0,,wh_main_generic_ward_save_all,,false,true,true,0.0000,,,false,0.0000,0.0000,false,0.0000,data/unit_stats/source_exports/db/special_ability_phases_tables/data__.tsv,35,9.0.1
wh2_dlc09_item_passive_scorpion_armour,-1.0000,positive,,false,false,0.0000,0.0000,0.0000,0.0000,0,0,false,0.0000,0.0000,false,0,,,,false,true,true,0.0000,,,false,0.0000,0.0000,false,0.0000,data/unit_stats/source_exports/db/special_ability_phases_tables/data__.tsv,36,9.0.1
wh2_dlc09_item_passive_vambraces_of_the_sun,-1.0000,positive,,false,false,0.0000,0.0000,0.0000,0.0000,0,0,false,0.0000,0.0000,false,10,wh_dlc06_unit_contact_blinded,,,false,true,false,0.0000,,,false,0.0000,0.0000,false,0.0000,data/unit_stats/source_exports/db/special_ability_phases_tables/data__.tsv,37,9.0.1
wh2_dlc09_lord_abilities_the_liber_mortis,15.0000,positive,,false,false,0.0000,0.0000,0.0000,0.0000,0,0,false,0.0000,0.0000,false,0,,,wh2_dlc09_ability_liber_mortis,false,true,true,0.0000,,,false,0.0000,0.0000,false,0.0000,data/unit_stats/source_exports/db/special_ability_phases_tables/data__.tsv,38,9.0.1
wh2_dlc09_lord_passive_my_will_be_done,-1.0000,positive,,false,false,0.0000,0.0000,0.0000,0.0000,0,0,false,0.0000,0.0000,false,0,,wh_main_generic_buff_attack_passive,,false,true,true,0.0000,,,false,0.0000,0.0000,false,0.0000,data/unit_stats/source_exports/db/special_ability_phases_tables/data__.tsv,39,9.0.1
wh2_dlc09_lord_passive_my_will_be_done_upgraded,-1.0000,positive,,false,false,0.0000,0.0000,0.0000,0.0000,0,0,false,0.0000,0.0000,false,0,,wh_main_generic_buff_attack_passive,,false,true,true,0.0000,,,false,0.0000,0.0000,false,0.0000,data/unit_stats/source_exports/db/special_ability_phases_tables/data__.tsv,40,9.0.1
wh2_dlc09_lord_passive_the_curse,15.0000,negative,,false,false,0.0000,0.0000,0.0000,1.0000,5,25,false,0.0000,0.0000,false,0,,wh2_dlc09_abilities_the_curse,,false,true,true,0.0000,,,false,0.0000,0.0000,false,0.0000,data/unit_stats/source_exports/db/special_ability_phases_tables/data__.tsv,41,9.0.1
wh2_dlc09_lore_passive_the_restless_dead,6.0000,positive,,false,false,0.0000,0.0000,0.0000,1.0000,0,0,true,0.0000,0.0000,false,0,,,,false,true,true,0.0000,,,false,0.0020,0.0000,false,0.0000,data/unit_stats/source_exports/db/special_ability_phases_tables/data__.tsv,42,9.0.1
wh2_dlc09_quest_passive_full_hide,-1.0000,negative,,false,false,0.0000,0.0000,0.0000,0.0000,0,0,false,0.0000,0.0000,false,0,,,,true,true,false,0.0000,,,false,0.0000,0.0000,false,0.0000,data/unit_stats/source_exports/db/special_ability_phases_tables/data__.tsv,43,9.0.1
wh2_dlc09_spell_nehekhara_djafs_incantation_of_cursed_blades,25.0000,positive,,false,false,0.0000,0.0000,0.0000,0.0000,0,0,false,0.0000,0.0000,false,0,,wh2_dlc09_spell_nehekhara_djafs_incantation_of_cursed_blades,wh2_tmb_spell_nehekhara_djafs_incantation_of_cursed_blades,false,true,false,0.0000,,,false,0.0000,0.0000,false,0.0000,data/unit_stats/source_exports/db/special_ability_phases_tables/data__.tsv,44,9.0.1
wh2_dlc09_spell_nehekhara_djafs_incantation_of_cursed_blades_upgraded,25.0000,positive,,false,false,0.0000,0.0000,0.0000,0.0000,0,0,false,0.0000,0.0000,false,0,,wh2_dlc09_spell_nehekhara_djafs_incantation_of_cursed_blades,wh2_tmb_spell_nehekhara_djafs_incantation_of_cursed_blades,false,true,false,0.0000,,,false,0.0000,0.0000,false,0.0000,data/unit_stats/source_exports/db/special_ability_phases_tables/data__.tsv,45,9.0.1
wh2_dlc09_spell_nehekhara_nerus_incantation_of_protection,18.0000,positive,,false,false,0.0000,0.0000,0.0000,0.0000,0,0,false,0.0000,0.0000,false,0,,wh2_dlc09_spell_nehekhara_nerus_incantation_of_protection,wh2_tmb_spell_nehekhara_nerus_incantation_of_protection,false,true,false,0.0000,,,false,0.0000,0.0000,false,0.0000,data/unit_stats/source_exports/db/special_ability_phases_tables/data__.tsv,46,9.0.1
wh2_dlc09_spell_nehekhara_nerus_incantation_of_protection_upgraded,36.0000,positive,,false,false,0.0000,0.0000,0.0000,0.0000,0,0,false,0.0000,0.0000,false,0,,wh2_dlc09_spell_nehekhara_nerus_incantation_of_protection,wh2_tmb_spell_nehekhara_nerus_incantation_of_protection,false,true,false,0.0000,,,false,0.0000,0.0000,false,0.0000,data/unit_stats/source_exports/db/special_ability_phases_tables/data__.tsv,47,9.0.1
wh2_dlc09_spell_nehekhara_ptras_incantation_of_righteous_smiting,32.0000,positive,,false,false,0.0000,0.0000,0.0000,0.0000,0,0,false,0.0000,0.0000,false,0,,wh2_dlc09_spell_nehekhara_ptras_incantation_of_righteous_smiting,wh2_tmb_spell_nehekhara_ptras_incantation_of_righteous_smiting,false,true,false,0.0000,,,false,0.0000,0.0000,false,0.0000,data/unit_stats/source_exports/db/special_ability_phases_tables/data__.tsv,48,9.0.1
wh2_dlc09_spell_nehekhara_ptras_incantation_of_righteous_smiting_upgraded,32.0000,positive,,false,false,0.0000,0.0000,0.0000,0.0000,0,0,false,0.0000,0.0000,false,0,,wh2_dlc09_spell_nehekhara_ptras_incantation_of_righteous_smiting,wh2_tmb_spell_nehekhara_ptras_incantation_of_righteous_smiting,false,true,false,0.0000,,,false,0.0000,0.0000,false,0.0000,data/unit_stats/source_exports/db/special_ability_phases_tables/data__.tsv,49,9.0.1
wh2_dlc09_spell_nehekhara_usekhps_incantation_of_desiccation,38.0000,negative,,false,false,0.0000,0.0000,0.0000,0.0000,0,0,false,0.0000,0.0000,false,0,,wh2_dlc09_spell_nehekhara_usekhps_incantation_of_desiccation,wh2_tmb_spell_nehekhara_usekhps_incantation_of_dessication,false,false,true,0.0000,,,false,0.0000,0.0000,false,0.0000,data/unit_stats/source_exports/db/special_ability_phases_tables/data__.tsv,50,9.0.1
wh2_dlc09_spell_nehekhara_usekhps_incantation_of_desiccation_upgraded,38.0000,negative,,false,false,0.0000,0.0000,0.0000,0.0000,0,0,false,0.0000,0.0000,false,0,,wh2_dlc09_spell_nehekhara_usekhps_incantation_of_desiccation,wh2_tmb_spell_nehekhara_usekhps_incantation_of_dessication,false,false,true,0.0000,,,false,0.0000,0.0000,false,0.0000,data/unit_stats/source_exports/db/special_ability_phases_tables/data__.tsv,51,9.0.1
wh2_dlc09_spell_nehekhara_usirians_incantation_of_vengeance,22.0000,negative,,false,false,0.0000,0.0000,0.0000,1.0000,5,25,false,0.0000,0.0000,false,0,,wh2_dlc09_spell_nehekhara_usirians_incantation_of_vengeance,wh2_tmb_spell_nehekhara_usirians_incantation_of_vengeance,false,false,true,0.0000,,,false,0.0000,0.0000,false,0.0000,data/unit_stats/source_exports/db/special_ability_phases_tables/data__.tsv,52,9.0.1
wh2_dlc09_spell_nehekhara_usirians_incantation_of_vengeance_upgraded,22.0000,negative,,false,false,0.0000,0.0000,0.0000,1.0000,5,25,false,0.0000,0.0000,false,0,,wh2_dlc09_spell_nehekhara_usirians_incantation_of_vengeance,wh2_tmb_spell_nehekhara_usirians_incantation_of_vengeance,false,false,true,0.0000,,,false,0.0000,0.0000,false,0.0000,data/unit_stats/source_exports/db/special_ability_phases_tables/data__.tsv,53,9.0.1
wh2_dlc09_unit_contact_shieldbreaker,10.0000,negative,,false,false,0.0000,0.0000,0.0000,0.0000,0,0,false,0.0000,0.0000,false,0,,,,false,false,true,0.0000,,,false,0.0000,0.0000,false,0.0000,data/unit_stats/source_exports/db/special_ability_phases_tables/data__.tsv,54,9.0.1
wh2_dlc09_unit_passive_covenant_of_power,-1.0000,positive,,false,false,0.0000,0.0000,0.0000,0.0000,0,0,false,0.2000,0.0000,false,0,,,,false,true,true,0.0000,,,false,0.0000,0.0000,false,0.0000,data/unit_stats/source_exports/db/special_ability_phases_tables/data__.tsv,55,9.0.1
wh2_dlc09_unit_passive_guardian,-1.0000,positive,,false,false,0.0000,0.0000,0.0000,0.0000,0,0,false,0.0000,0.0000,false,0,,wh_main_generic_ward_save_all,,false,true,true,0.0000,,,false,0.0000,0.0000,false,0.0000,data/unit_stats/source_exports/db/special_ability_phases_tables/data__.tsv,56,9.0.1
wh2_dlc09_unit_passive_spirit_conduit,-1.0000,positive,,false,false,0.0000,0.0000,0.0000,0.0000,0,0,false,0.2000,0.0000,false,0,,,,false,true,true,0.0000,,,false,0.0000,0.0000,false,0.0000,data/unit_stats/source_exports/db/special_ability_phases_tables/data__.tsv,57,9.0.1
wh2_dlc09_unit_passive_unbinding_skeleton_warriors,47.0000,negative,,false,false,0.0000,0.0000,0.0000,1.0000,0,0,false,0.0000,0.0000,false,0,,wh_main_bound_entity_energy_small,wh2_dlc13_ability_summon_unbinding_generic_small_phase_01,false,true,true,0.0000,,,false,0.0000,0.0000,false,0.0000,data/unit_stats/source_exports/db/special_ability_phases_tables/data__.tsv,58,9.0.1
wh2_dlc09_unit_passive_unbinding_ushabti,57.0000,negative,,false,false,0.0000,0.0000,0.0000,1.0000,0,0,false,0.0000,0.0000,false,0,,wh_main_bound_entity_energy_small,wh2_dlc13_ability_summon_unbinding_generic_small_phase_01,false,true,true,0.0000,,,false,0.0000,0.0000,false,0.0000,data/unit_stats/source_exports/db/special_ability_phases_tables/data__.tsv,59,9.0.1
wh2_dlc09_unit_passive_unstable_mark_ii_sand,-1.0000,negative,,false,false,0.0000,0.0000,0.0000,0.2000,133,5,false,0.0000,0.0000,false,0,,wh2_dlc09_sand_crumble_II,,false,true,true,0.0000,,,false,0.0000,0.0000,false,0.0000,data/unit_stats/source_exports/db/special_ability_phases_tables/data__.tsv,60,9.0.1
wh2_dlc09_unit_passive_unstable_sand,-1.0000,negative,,false,false,0.0000,0.0000,0.0000,1.0000,28,1,false,0.0000,0.0000,false,0,,wh2_dlc09_sand_crumble,,false,true,true,0.0000,,,false,0.0000,0.0000,false,0.0000,data/unit_stats/source_exports/db/special_ability_phases_tables/data__.tsv,61,9.0.1
wh2_dlc09_weapon_abilities_blade_of_setep,44.0000,negative,,false,false,0.0000,0.0000,0.0000,0.0000,0,0,false,0.0000,0.0000,false,0,,wh2_dlc09_abilities_blade_of_setep,wh2_dlc09_ability_tmb_negative,false,true,true,0.0000,,,false,0.0000,0.0000,false,0.0000,data/unit_stats/source_exports/db/special_ability_phases_tables/data__.tsv,62,9.0.1
wh2_dlc09_weapon_abilities_blessed_blade_of_ptra,43.0000,positive,,false,false,0.0000,0.0000,0.0000,0.0000,0,0,false,0.0000,0.0000,true,10,wh_dlc06_unit_contact_blinded,wh_main_generic_buff_attack,wh_ability_positive,false,true,true,0.0000,,,false,0.0000,0.0000,false,0.0000,data/unit_stats/source_exports/db/special_ability_phases_tables/data__.tsv,63,9.0.1
wh2_dlc09_weapon_passive_the_liche_staff,15.0000,negative,,false,false,0.0000,0.0000,15.0000,0.0000,0,0,false,0.0000,0.0000,false,0,,wh2_main_generic_debuff_wom_banner,,false,true,true,0.0000,,,false,0.0000,0.0000,false,0.0000,data/unit_stats/source_exports/db/special_ability_phases_tables/data__.tsv,64,9.0.1
wh2_dlc10_character_abilities_entangle,15.0000,negative,,true,false,0.0000,0.0000,0.0000,0.0000,0,0,false,0.0000,0.0000,false,0,,wh2_dlc10_entangle_phase,wh_ability_negative,false,true,true,0.0000,,,false,0.0000,0.0000,false,0.0000,data/unit_stats/source_exports/db/special_ability_phases_tables/data__.tsv,65,9.0.1
wh2_dlc10_hef_unit_passive_ability_guardian,-1.0000,positive,,false,false,0.0000,0.0000,0.0000,0.0000,0,0,false,0.0000,0.0000,false,0,,wh_main_generic_ward_save_all,,false,true,false,0.0000,,,false,0.0000,0.0000,false,0.0000,data/unit_stats/source_exports/db/special_ability_phases_tables/data__.tsv,66,9.0.1
wh2_dlc10_hero_passive_quicksilver_shot,-1.0000,positive,,false,false,0.0000,0.0000,0.0000,0.0000,0,0,false,0.0000,0.0000,false,0,,,,false,true,true,0.0000,,,false,0.0000,0.0000,false,0.0000,data/unit_stats/source_exports/db/special_ability_phases_tables/data__.tsv,67,9.0.1
wh2_dlc10_item_abilities_fear_of_aramar,47.0000,negative,,false,false,0.0100,0.0000,0.0000,0.0000,0,0,false,0.0000,0.0000,false,0,,wh_main_generic_debuff_morale,wh2_dlc10_ability_fear_of_aramar,false,true,true,0.0000,,,false,0.0000,0.0000,false,0.0000,data/unit_stats/source_exports/db/special_ability_phases_tables/data__.tsv,68,9.0.1
wh2_dlc10_item_abilities_speed_of_lykos,36.0000,positive,,false,false,0.0000,0.0000,0.0000,0.0000,0,0,false,0.0000,0.0000,false,0,,wh2_dlc09_army_abilities_sand_veil,wh2_dlc09_ability_sand_veil_one_shot,false,true,true,0.0000,,,false,0.0000,0.0000,false,0.0000,data/unit_stats/source_exports/db/special_ability_phases_tables/data__.tsv,69,9.0.1
wh2_dlc10_item_abilities_star_of_avelorn,27.0000,positive,,false,false,0.0000,0.0000,0.0000,1.0000,0,0,false,0.0000,0.0000,false,0,,wh2_dlc10_item_abilities_star_of_avelorn,,false,true,true,0.0000,,,false,0.0080,0.0000,false,0.0000,data/unit_stats/source_exports/db/special_ability_phases_tables/data__.tsv,70,9.0.1
wh2_dlc10_item_abilities_stave_of_avelorn,40.0000,positive,,false,false,0.0000,0.0000,0.0000,0.0000,0,0,false,1.6000,0.0000,false,0,,wh2_main_generic_buff_wom_banner,wh_ability_positive_banner,false,true,true,0.0000,,,false,0.0000,0.0000,false,0.0000,data/unit_stats/source_exports/db/special_ability_phases_tables/data__.tsv,71,9.0.1
wh2_dlc10_item_abilities_the_amber_trance,25.0000,negative,,false,false,0.0000,0.0000,0.0000,0.0000,0,0,false,0.0000,0.0000,false,0,,wh_main_generic_debuff_morale,wh_ability_negative,false,false,true,0.0000,,,false,0.0000,0.0000,false,0.0000,data/unit_stats/source_exports/db/special_ability_phases_tables/data__.tsv,72,9.0.1
wh2_dlc10_item_abilities_the_amber_trance_self,25.0000,positive,,false,false,0.0000,0.0000,0.0000,0.0000,0,0,false,0.0000,0.0000,false,0,,wh_main_generic_buff_morale,,false,true,false,0.0000,,,false,0.0000,0.0000,false,0.0000,data/unit_stats/source_exports/db/special_ability_phases_tables/data__.tsv,73,9.0.1
wh2_dlc10_item_passive_amulet_of_dark_fire,-1.0000,positive,,false,false,0.0000,0.0000,0.0000,0.0000,0,0,false,0.0000,0.0000,false,0,,,,false,true,true,0.0000,,,false,0.0000,0.0000,false,0.0000,data/unit_stats/source_exports/db/special_ability_phases_tables/data__.tsv,74,9.0.1
wh2_dlc10_item_passive_banner_of_avelorn,-1.0000,positive,,false,false,0.0000,0.0000,0.0000,0.0000,0,0,false,0.2000,0.0000,false,0,,,,false,true,true,0.0000,,,false,0.0000,0.0000,false,0.0000,data/unit_stats/source_exports/db/special_ability_phases_tables/data__.tsv,75,9.0.1
wh2_dlc10_item_passive_dragon_slayers_fang,-1.0000,positive,,false,false,0.0000,0.0000,0.0000,0.0000,0,0,false,0.0000,0.0000,false,0,,wh_main_generic_buff_defence_passive,,false,true,true,0.0000,,,false,0.0000,0.0000,false,0.0000,data/unit_stats/source_exports/db/special_ability_phases_tables/data__.tsv,76,9.0.1
wh2_dlc10_item_passive_gate_keepers_belt,-1.0000,positive,,false,false,0.0000,0.0000,0.0000,0.0000,0,0,false,0.0000,0.0000,false,0,,wh_main_generic_ward_save_all_passive,,false,true,true,0.0000,,,false,0.0000,0.0000,false,0.0000,data/unit_stats/source_exports/db/special_ability_phases_tables/data__.tsv,77,9.0.1
wh2_dlc10_item_passive_gate_keepers_helm,-1.0000,positive,,false,false,0.0000,0.0000,0.0000,0.0000,0,0,false,0.0000,0.0000,false,0,,wh_main_generic_ward_save_missile_passive,,false,true,true,0.0000,,,false,0.0000,0.0000,false,0.0000,data/unit_stats/source_exports/db/special_ability_phases_tables/data__.tsv,78,9.0.1
wh2_dlc10_item_passive_ironbeards_bracers,-1.0000,positive,,false,false,0.0000,0.0000,0.0000,0.0000,0,0,false,0.0000,0.0000,false,0,,wh_main_generic_ward_save_all,,false,true,true,0.0000,,,false,0.0000,0.0000,false,0.0000,data/unit_stats/source_exports/db/special_ability_phases_tables/data__.tsv,79,9.0.1
wh2_dlc10_item_passive_ironbeards_ring,-1.0000,negative,,false,false,0.0000,0.0000,0.0000,0.0000,0,0,false,0.0000,0.0000,false,0,,,,false,true,true,0.0000,,,false,0.0000,0.0000,false,0.0000,data/unit_stats/source_exports/db/special_ability_phases_tables/data__.tsv,80,9.0.1
wh2_dlc10_item_passive_ironwardens_shield,-1.0000,positive,,false,false,0.0000,0.0000,0.0000,0.0000,0,0,false,0.0000,0.0000,false,0,,wh_main_generic_ward_save_all_passive,,false,true,true,0.0000,,,false,0.0000,0.0000,false,0.0000,data/unit_stats/source_exports/db/special_ability_phases_tables/data__.tsv,81,9.0.1
wh2_dlc10_item_passive_old_guards_armour,-1.0000,negative,,false,false,0.0000,0.0000,0.0000,0.0000,0,0,false,0.0000,0.0000,false,0,,wh_main_generic_debuff_attack_passive,,false,true,true,0.0000,,,false,0.0000,0.0000,false,0.0000,data/unit_stats/source_exports/db/special_ability_phases_tables/data__.tsv,82,9.0.1
wh2_dlc10_item_passive_old_guards_tankard,-1.0000,positive,,false,false,0.0000,0.0000,0.0000,1.0000,0,0,false,0.0000,0.0000,false,0,,wh_main_generic_hp_regen_passive,,false,true,true,0.0000,,,false,0.0010,0.0000,false,0.0000,data/unit_stats/source_exports/db/special_ability_phases_tables/data__.tsv,83,9.0.1
wh2_dlc10_item_passive_prospectors_spyglass,-1.0000,positive,,false,false,0.0000,0.0000,0.0000,0.0000,0,0,false,0.0000,0.0000,false,0,,wh_main_generic_buff_attack_passive,,false,true,true,0.0000,,,false,0.0000,0.0000,false,0.0000,data/unit_stats/source_exports/db/special_ability_phases_tables/data__.tsv,84,9.0.1
wh2_dlc10_item_passive_ring_of_vengeance,-1.0000,positive,,false,false,0.0000,0.0000,0.0000,0.0000,0,0,false,0.0000,0.0000,false,0,,wh_main_generic_buff_morale_attack_passive,,false,true,true,0.0000,,,false,0.0000,0.0000,false,0.0000,data/unit_stats/source_exports/db/special_ability_phases_tables/data__.tsv,85,9.0.1
wh2_dlc10_item_passive_shieldstone_of_isha,-1.0000,positive,,false,false,0.0000,0.0000,0.0000,0.0000,0,0,false,0.0000,0.0000,false,0,,,,false,true,true,0.0000,,,false,0.0000,0.0000,false,0.0000,data/unit_stats/source_exports/db/special_ability_phases_tables/data__.tsv,86,9.0.1
wh2_dlc10_item_passive_stone_of_midnight,-1.0000,positive,,false,false,0.0000,0.0000,0.0000,0.0000,0,0,false,0.0000,0.0000,false,0,,,,false,true,true,0.0000,,,false,0.0000,0.0000,false,0.0000,data/unit_stats/source_exports/db/special_ability_phases_tables/data__.tsv,87,9.0.1
wh2_dlc10_item_passive_the_shadow_crown,-1.0000,positive,,false,false,0.0000,0.0000,0.0000,0.0000,0,0,false,0.0000,0.0000,false,0,,,,false,true,true,0.0000,,,false,0.0000,0.0000,false,0.0000,data/unit_stats/source_exports/db/special_ability_phases_tables/data__.tsv,88,9.0.1
wh2_dlc10_lord_abilities_gaze_of_khaine,28.0000,positive,,false,false,0.0000,0.0000,0.0000,0.0000,0,0,false,0.0000,0.0000,false,0,,,,false,true,true,0.0000,,,false,0.0000,0.0000,false,0.0000,data/unit_stats/source_exports/db/special_ability_phases_tables/data__.tsv,89,9.0.1
wh2_dlc10_lord_abilities_mislead,62.0000,positive,,false,false,0.0000,0.0000,0.0000,0.0000,0,0,false,0.0000,0.0000,false,0,,wh2_dlc10_mislead_phase,wh2_dlc10_ability_mislead_caster,false,true,false,0.0000,,,false,0.0000,0.0000,false,0.0000,data/unit_stats/source_exports/db/special_ability_phases_tables/data__.tsv,90,9.0.1
wh2_dlc10_lord_abilities_oath_of_vengeance,44.0000,negative,,false,false,0.0000,0.0000,0.0000,0.0000,0,0,false,0.0000,0.0000,false,0,,wh_main_generic_debuff_defence,wh_ability_negative,false,true,true,0.0000,,,false,0.0000,0.0000,false,0.0000,data/unit_stats/source_exports/db/special_ability_phases_tables/data__.tsv,91,9.0.1
wh2_dlc10_lord_abilities_red_ruin,35.0000,positive,,false,false,0.0000,0.0000,0.0000,0.0000,0,0,false,0.0000,0.0000,false,0,,wh_main_generic_buff_attack,wh_ability_positive,false,true,true,0.0000,,,false,0.0000,0.0000,false,0.0000,data/unit_stats/source_exports/db/special_ability_phases_tables/data__.tsv,92,9.0.1
wh2_dlc10_lord_passive_blood_frenzy_1,30.0000,positive,,false,false,0.0000,0.0000,0.0000,0.0000,0,0,false,0.0000,0.0000,false,0,,wh2_dlc10_lord_phase_blood_frenzy_1,wh2_dlc10_lord_passive_blood_frenzy_1,false,true,true,0.0000,,,false,0.0000,0.0000,false,0.0000,data/unit_stats/source_exports/db/special_ability_phases_tables/data__.tsv,93,9.0.1
wh2_dlc10_lord_passive_blood_frenzy_2,30.0000,positive,,false,false,-0.0100,0.0000,0.0000,0.0000,0,0,false,0.0000,0.0000,false,0,,wh2_dlc10_lord_phase_blood_frenzy_2,wh2_dlc10_lord_passive_blood_frenzy_2,false,true,true,0.0000,,,false,0.0000,0.0000,false,0.0000,data/unit_stats/source_exports/db/special_ability_phases_tables/data__.tsv,94,9.0.1
wh2_dlc10_lord_passive_blood_frenzy_3,30.0000,positive,,false,false,-0.0200,0.0000,0.0000,0.0000,0,0,false,0.0000,0.0000,false,0,,wh2_dlc10_lord_phase_blood_frenzy_3,wh2_dlc10_lord_passive_blood_frenzy_3,false,true,true,0.0000,,,false,0.0000,0.0000,false,0.0000,data/unit_stats/source_exports/db/special_ability_phases_tables/data__.tsv,95,9.0.1
wh2_dlc10_lord_passive_boon_of_isha,-1.0000,positive,,false,false,0.0000,0.0000,0.0000,0.0000,0,0,false,0.0000,0.0000,true,0,,,,false,true,true,0.0000,,,false,0.0000,0.0000,false,0.0000,data/unit_stats/source_exports/db/special_ability_phases_tables/data__.tsv,96,9.0.1
wh2_dlc10_quest_abilities_insane_head,40.0000,positive,,false,false,0.0000,0.0000,0.0000,0.0000,0,0,false,0.0000,0.0000,false,0,,wh2_dlc10_insane_head,wh2_dlc10_quest_abilitiy_insane_head,false,true,true,0.0000,,,false,0.0000,0.0000,false,0.0000,data/unit_stats/source_exports/db/special_ability_phases_tables/data__.tsv,97,9.0.1
wh2_dlc10_quest_abilities_regenerating_head,15.0000,positive,,false,false,0.0000,0.0000,0.0000,1.0000,0,0,false,0.0000,0.0000,false,0,,wh_main_generic_hp_regen_passive,,false,false,true,0.0000,,,false,0.0160,0.0000,false,0.0000,data/unit_stats/source_exports/db/special_ability_phases_tables/data__.tsv,98,9.0.1
wh2_dlc10_quest_abilities_regenerating_head_dummy,25.0000,positive,,false,false,0.0000,0.0000,0.0000,1.0000,0,0,false,0.0000,0.0000,false,0,,,,true,false,true,0.0000,,,false,1.0000,0.0000,false,0.0000,data/unit_stats/source_exports/db/special_ability_phases_tables/data__.tsv,99,9.0.1
wh2_dlc10_quest_abilities_unidentified_hydra_head,15.0000,positive,,false,false,0.0000,0.0000,0.0000,1.0000,0,0,false,0.0000,0.0000,false,0,,wh_main_generic_hp_regen_passive,,false,false,true,0.0000,,,false,0.0080,0.0000,false,0.0000,data/unit_stats/source_exports/db/special_ability_phases_tables/data__.tsv,100,9.0.1
wh2_dlc10_quest_passive_mother_of_flame,-1.0000,positive,,false,false,0.0000,0.0000,0.0000,1.0000,0,0,false,0.0000,0.0000,false,0,wh_dlc06_unit_contact_flammable,wh2_dlc10_motherofflame,wh_main_spell_fire_cascading_fire_cloak,false,true,false,0.0000,,,false,0.0080,0.0000,false,0.0000,data/unit_stats/source_exports/db/special_ability_phases_tables/data__.tsv,101,9.0.1
wh2_dlc10_quest_passive_primal_rage_i,-1.0000,positive,,false,false,0.0000,0.0000,0.0000,0.0000,0,0,false,0.0000,0.0000,false,0,,wh_main_generic_buff_attack,wh_dlc08_ability_passive_rage,false,true,true,0.0000,,,false,0.0000,0.0000,false,0.0000,data/unit_stats/source_exports/db/special_ability_phases_tables/data__.tsv,102,9.0.1
wh2_dlc10_quest_passive_primal_rampage_i,45.0000,positive,,false,false,0.0000,0.0000,0.0000,0.0000,0,0,false,0.0000,0.0000,false,0,,wh2_dlc10_primalrampage1,,false,true,true,0.0000,,,false,0.0000,0.0000,false,0.0000,data/unit_stats/source_exports/db/special_ability_phases_tables/data__.tsv,103,9.0.1
wh2_dlc10_quest_passive_primal_rampage_i_hidden,-1.0000,negative,,false,false,0.0000,0.0000,0.0000,1.0000,67,2,false,0.0000,0.0000,false,0,,wh_dlc03_spell_wild_devolve,,false,false,true,0.0000,,,false,0.0000,0.0000,false,0.0000,data/unit_stats/source_exports/db/special_ability_phases_tables/data__.tsv,104,9.0.1
wh2_dlc10_quest_passive_primal_rampage_ii,45.0000,positive,,false,false,0.0000,0.0000,0.0000,0.0000,0,0,false,0.0000,0.0000,false,0,,wh2_dlc10_primalrampage2,,false,true,true,0.0000,,,false,0.0000,0.0000,false,0.0000,data/unit_stats/source_exports/db/special_ability_phases_tables/data__.tsv,105,9.0.1
wh2_dlc10_quest_passive_primal_rampage_ii_hidden,45.0000,negative,,false,false,0.0000,0.0000,0.0000,1.0000,67,2,false,0.0000,0.0000,false,0,,wh_dlc03_spell_wild_devolve,,false,false,true,0.0000,,,false,0.0000,0.0000,false,0.0000,data/unit_stats/source_exports/db/special_ability_phases_tables/data__.tsv,106,9.0.1
wh2_dlc10_quest_passive_primal_rampage_iii,45.0000,positive,,false,false,0.0000,0.0000,0.0000,0.0000,0,0,false,0.0000,0.0000,false,0,,wh2_dlc10_primalrampage3,,false,true,true,0.0000,,,false,0.0000,0.0000,false,0.0000,data/unit_stats/source_exports/db/special_ability_phases_tables/data__.tsv,107,9.0.1
wh2_dlc10_quest_passive_primal_rampage_iii_hidden,45.0000,negative,,false,false,0.0000,0.0000,0.0000,1.0000,133,2,false,0.0000,0.0000,false,0,,wh_dlc03_spell_wild_devolve,,false,false,true,0.0000,,,false,0.0000,0.0000,false,0.0000,data/unit_stats/source_exports/db/special_ability_phases_tables/data__.tsv,108,9.0.1
wh2_dlc10_quest_passive_the_rats_overwhelm,2.0000,positive,rebirth,false,false,0.0000,0.0000,0.0000,1.0000,0,0,false,0.0000,0.0000,false,0,,,,false,true,true,0.0000,,,false,0.0010,0.0000,false,0.0000,data/unit_stats/source_exports/db/special_ability_phases_tables/data__.tsv,109,9.0.1
wh2_dlc10_unit_passive_abyssal_howl,-1.0000,negative,,false,false,0.0000,0.0000,0.0000,0.0000,0,0,false,0.0000,0.0000,false,0,,wh_main_generic_debuff_defence_attack_morale_passive,wh2_dlc10_ability_abyssal_howl,false,true,true,0.0000,,,false,0.0000,0.0000,false,0.0000,data/unit_stats/source_exports/db/special_ability_phases_tables/data__.tsv,110,9.0.1
wh2_dlc10_unit_passive_the_trial_of_blades,15.0000,positive,,false,false,0.0000,0.0000,0.0000,0.0000,0,0,false,0.0000,0.0000,false,0,,wh_main_generic_buff_attack_passive,,false,true,true,0.0000,,,false,0.0000,0.0000,false,0.0000,data/unit_stats/source_exports/db/special_ability_phases_tables/data__.tsv,111,9.0.1
wh2_dlc10_unit_passive_unbinding_alith_anar_1,62.0000,negative,,false,false,0.0000,0.0000,0.0000,1.0000,0,0,false,0.0000,0.0000,false,0,,,wh2_dlc13_ability_summon_unbinding_generic_small_phase_01,false,true,true,0.0000,,,false,0.0000,0.0000,false,0.0000,data/unit_stats/source_exports/db/special_ability_phases_tables/data__.tsv,112,9.0.1
wh2_dlc10_unit_passive_unbinding_alith_anar_2,-1.0000,negative,,false,false,0.0000,0.0000,0.0000,1.0000,13300,1,false,0.0000,0.0000,false,0,,,wh2_dlc13_ability_summon_unbinding_generic_small_phase_02,false,true,true,0.0000,,,false,0.0000,0.0000,false,0.0000,data/unit_stats/source_exports/db/special_ability_phases_tables/data__.tsv,113,9.0.1
wh2_dlc10_unit_passive_unbreakable_hidden,-1.0000,positive,,false,false,0.0000,0.0000,0.0000,0.0000,0,0,false,0.0000,0.0000,false,0,,,,true,true,true,0.0000,,,false,0.0000,0.0000,false,0.0000,data/unit_stats/source_exports/db/special_ability_phases_tables/data__.tsv,114,9.0.1
wh2_dlc10_weapon_passive_dragon_slayers_axe,-1.0000,positive,,false,false,0.0000,0.0000,0.0000,0.0000,0,0,false,0.0000,0.0000,false,0,,wh_main_generic_buff_attack_passive,,false,true,true,0.0000,,,false,0.0000,0.0000,false,0.0000,data/unit_stats/source_exports/db/special_ability_phases_tables/data__.tsv,115,9.0.1
wh2_dlc10_weapon_passive_ironwardens_hammer,-1.0000,positive,,false,false,0.0000,0.0000,0.0000,0.0000,0,0,false,0.0000,0.0000,false,0,,wh2_main_generic_buff_speed_passive,,false,true,true,0.0000,,,false,0.0000,0.0000,false,0.0000,data/unit_stats/source_exports/db/special_ability_phases_tables/data__.tsv,116,9.0.1
wh2_dlc10_weapon_passive_shadow_of_khaine,60.0000,positive,,false,false,0.0000,0.0000,0.0000,0.0000,0,0,false,0.0000,0.0000,false,0,,wh2_dlc10_weapon_abilities_shadow_of_khaine,,false,true,true,0.0000,,,false,0.0000,0.0000,false,0.0000,data/unit_stats/source_exports/db/special_ability_phases_tables/data__.tsv,117,9.0.1
wh2_dlc10_weapon_passive_the_cursed_blade,10.0000,negative,,false,false,0.0000,0.0000,0.0000,1.0000,27,1,false,0.0000,0.0000,false,0,,wh_main_generic_hp_damage_passive,,false,true,true,0.0000,,,false,0.0000,0.0000,false,0.0000,data/unit_stats/source_exports/db/special_ability_phases_tables/data__.tsv,118,9.0.1
wh2_dlc11_army_abilities_shanty_verse_1,30.0000,positive,,false,false,0.0000,0.0000,0.0000,0.0000,0,0,false,0.0000,0.0000,false,0,,wh2_dlc11_army_abilities_shanty_verse_1,wh2_dlc11_ability_shanty_verse_01,false,true,true,0.0000,,,false,0.0000,0.0000,false,0.0000,data/unit_stats/source_exports/db/special_ability_phases_tables/data__.tsv,119,9.0.1
wh2_dlc11_army_abilities_shanty_verse_2,30.0000,positive,,false,false,0.0000,0.0000,0.0000,0.0000,0,0,false,0.0000,0.0000,false,0,,wh2_dlc11_army_abilities_shanty_verse_2,wh2_dlc11_ability_shanty_verse_02,false,true,true,0.0000,,,false,0.0000,0.0000,false,0.0000,data/unit_stats/source_exports/db/special_ability_phases_tables/data__.tsv,120,9.0.1
wh2_dlc11_army_abilities_shanty_verse_3,30.0000,positive,,false,false,0.0000,0.0000,0.0000,0.0000,0,0,false,0.0000,0.0000,false,0,,wh2_dlc11_army_abilities_shanty_verse_3,wh2_dlc11_ability_shanty_verse_03,false,true,true,0.0000,,,false,0.0000,0.0000,false,0.0000,data/unit_stats/source_exports/db/special_ability_phases_tables/data__.tsv,121,9.0.1
wh2_dlc11_character_abilities_all_hands_hoay,20.0000,positive,,false,false,0.0000,0.0000,0.0000,0.0000,0,0,false,0.0000,0.0000,false,0,,wh_main_generic_buff_morale,wh_ability_positive,false,true,true,0.0000,,,false,0.0000,0.0000,false,0.0000,data/unit_stats/source_exports/db/special_ability_phases_tables/data__.tsv,122,9.0.1
wh2_dlc11_character_abilities_avast_ye,14.0000,positive,,false,false,0.0000,0.0000,0.0000,0.0000,0,0,false,0.0000,0.0000,false,0,,wh_main_generic_buff_morale,wh_ability_positive,false,true,true,0.0000,,,false,0.0000,0.0000,false,0.0000,data/unit_stats/source_exports/db/special_ability_phases_tables/data__.tsv,123,9.0.1
wh2_dlc11_character_abilities_ballistic_enchantment,32.0000,positive,,false,false,0.0000,0.0000,0.0000,0.0000,0,0,false,0.0000,0.0000,false,0,,wh_main_generic_buff_attack,wh_ability_positive,false,true,true,0.0000,,,false,0.0000,0.0000,false,0.0000,data/unit_stats/source_exports/db/special_ability_phases_tables/data__.tsv,124,9.0.1
wh2_dlc11_character_abilities_cackle_fruit,12.0000,negative,,false,false,0.0000,0.0000,0.0000,0.0000,0,0,false,0.0000,0.0000,false,0,,,,false,false,true,0.0000,,,false,0.0000,0.0000,false,0.0000,data/unit_stats/source_exports/db/special_ability_phases_tables/data__.tsv,125,9.0.1
wh2_dlc11_character_abilities_hornswaggle,32.0000,negative,,false,false,0.0000,0.0000,0.0000,0.0000,0,0,false,0.0000,0.0000,false,0,,wh_main_generic_debuff_defence,wh2_dlc11_ability_cst_negative_aoe,false,true,true,0.0000,,,false,0.0000,0.0000,false,0.0000,data/unit_stats/source_exports/db/special_ability_phases_tables/data__.tsv,126,9.0.1
wh2_dlc11_character_abilities_pyromaniac,12.0000,negative,,false,false,0.0000,0.0000,0.0000,1.0000,5,25,false,0.0000,0.0000,false,0,,,,false,false,true,0.0000,,,false,0.0000,0.0000,false,0.0000,data/unit_stats/source_exports/db/special_ability_phases_tables/data__.tsv,127,9.0.1
wh2_dlc11_character_abilities_taunt,17.0000,negative,,false,false,0.0000,0.0000,0.0000,0.0000,0,0,false,0.0000,0.0000,false,0,,wh_main_generic_debuff_defence,wh2_dlc11_ability_cst_negative_aoe,false,true,true,0.0000,,,false,0.0000,0.0000,false,0.0000,data/unit_stats/source_exports/db/special_ability_phases_tables/data__.tsv,128,9.0.1
wh2_dlc11_hero_abilities_bomb_throw,4.0000,negative,,false,false,0.0000,0.0000,0.0000,1.0000,5,25,false,0.0000,0.0000,false,0,,,,false,true,true,0.0000,,,false,0.0000,0.0000,false,0.0000,data/unit_stats/source_exports/db/special_ability_phases_tables/data__.tsv,129,9.0.1
wh2_dlc11_hero_abilities_more_powder,10.0000,positive,,false,false,0.0000,0.0000,0.0000,0.0000,0,0,false,0.0000,0.0000,false,0,,wh_main_generic_buff_attack,wh_ability_positive,false,true,true,0.3000,,,false,0.0000,0.0000,false,0.0000,data/unit_stats/source_exports/db/special_ability_phases_tables/data__.tsv,130,9.0.1
wh2_dlc11_hero_passive_dead_eyes,-1.0000,positive,,false,false,0.0000,0.0000,0.0000,0.0000,0,0,false,0.0000,0.0000,false,0,,wh_main_generic_buff_attack_passive,,false,true,true,0.0000,,,false,0.0000,0.0000,false,0.0000,data/unit_stats/source_exports/db/special_ability_phases_tables/data__.tsv,131,9.0.1
wh2_dlc11_item_abilities_moonshine,15.0000,positive,,false,false,0.0000,0.0000,0.0000,1.0000,0,0,false,0.0000,0.0000,false,0,,wh_main_generic_buff_defence_banner,wh_ability_positive_banner,false,true,true,0.0000,,,false,0.0080,0.0000,false,0.0000,data/unit_stats/source_exports/db/special_ability_phases_tables/data__.tsv,132,9.0.1
wh2_dlc11_item_abilities_slann_gold,55.0000,negative,,false,false,0.0000,0.0000,0.0000,0.0000,0,0,false,-0.8000,0.0000,false,0,,wh2_main_generic_debuff_wom,wh2_dlc11_ability_cst_negative,false,false,true,0.0000,,,false,0.0000,0.0000,false,0.0000,data/unit_stats/source_exports/db/special_ability_phases_tables/data__.tsv,133,9.0.1
wh2_dlc11_item_passive_helm_of_the_kraken,-1.0000,positive,,false,false,0.0000,0.0000,0.0000,1.0000,0,0,false,0.0000,0.0000,false,0,,wh_main_generic_hp_regen_passive,,false,true,true,0.0000,,,false,0.0010,0.0000,false,0.0000,data/unit_stats/source_exports/db/special_ability_phases_tables/data__.tsv,134,9.0.1
wh2_dlc11_item_passive_the_bordeleaux_flabellum,15.0000,positive,,false,false,0.0000,0.0000,-10.0000,0.0000,0,0,false,0.4000,0.0000,false,0,,wh_main_generic_buff_morale_passive,,false,true,true,0.0000,,,false,0.0000,0.0000,false,0.0000,data/unit_stats/source_exports/db/special_ability_phases_tables/data__.tsv,135,9.0.1
wh2_dlc11_lord_abilities_claws_of_mourkain,34.0000,positive,,false,false,0.0000,0.0000,0.0000,0.0000,0,0,false,0.0000,0.0000,false,0,,wh_main_generic_buff_attack,wh_ability_positive_banner,false,false,true,0.0000,,,false,0.0000,0.0000,false,0.0000,data/unit_stats/source_exports/db/special_ability_phases_tables/data__.tsv,136,9.0.1
wh2_dlc11_lord_abilities_dark_protection,30.0000,positive,,false,false,0.0000,0.0000,0.0000,0.0000,0,0,false,0.0000,0.0000,false,0,,wh_main_generic_buff_defence,wh_ability_positive_banner,false,false,false,0.0000,,,false,0.0000,0.0000,false,0.0000,data/unit_stats/source_exports/db/special_ability_phases_tables/data__.tsv,137,9.0.1
wh2_dlc11_lord_abilities_dreaded_duelist,22.0000,positive,,false,false,0.0000,0.0000,0.0000,0.0000,0,0,false,0.0000,0.0000,false,0,,wh_main_generic_buff_defence_attack,wh_ability_positive_banner,false,true,true,0.0000,,,false,0.0000,0.0000,false,0.0000,data/unit_stats/source_exports/db/special_ability_phases_tables/data__.tsv,138,9.0.1
wh2_dlc11_lord_abilities_ghoul_king_of_ushoran,32.0000,positive,,false,false,0.0000,0.0000,0.0000,1.0000,0,0,false,0.0000,0.0000,false,0,,wh_main_generic_hp_regen,wh_ability_positive_banner,false,false,false,0.0000,,,false,0.0080,0.0000,false,0.0000,data/unit_stats/source_exports/db/special_ability_phases_tables/data__.tsv,139,9.0.1
wh2_dlc11_lord_abilities_heart_piercing,28.0000,positive,,false,false,0.0000,0.0000,0.0000,0.0000,0,0,false,0.0000,0.0000,false,0,wh_dlc06_unit_contact_sundered_armour,wh_main_generic_buff_attack,wh_ability_positive_banner,false,false,false,0.0000,,,false,0.0000,0.0000,false,0.0000,data/unit_stats/source_exports/db/special_ability_phases_tables/data__.tsv,140,9.0.1
wh2_dlc11_lord_abilities_lightning_reflexes,32.0000,positive,,false,false,0.0000,0.0000,0.0000,0.0000,0,0,false,0.0000,0.0000,false,0,,wh2_main_generic_buff_speed_passive,wh_ability_positive_one_shot,false,false,false,0.0000,,,false,0.0000,0.0000,false,0.0000,data/unit_stats/source_exports/db/special_ability_phases_tables/data__.tsv,141,9.0.1
wh2_dlc11_lord_abilities_mananns_luck,15.0000,positive,,false,false,0.0000,0.0000,0.0000,0.0000,0,0,false,0.0000,0.0000,false,0,,wh_main_generic_ward_save_all,wh_ability_positive_banner,false,false,false,0.0000,,,false,0.0000,0.0000,false,0.0000,data/unit_stats/source_exports/db/special_ability_phases_tables/data__.tsv,142,9.0.1
wh2_dlc11_lord_abilities_power_siphon,30.0000,negative,,false,false,0.0100,0.0000,15.0000,0.0000,0,0,false,0.0000,0.0000,false,0,,wh_main_generic_debuff_attack_passive,wh2_dlc11_ability_cst_negative,false,true,true,0.0000,,,false,0.0000,0.0000,false,0.0000,data/unit_stats/source_exports/db/special_ability_phases_tables/data__.tsv,143,9.0.1
wh2_dlc11_lord_abilities_seduction,41.0000,negative,,false,false,0.0000,0.0000,0.0000,0.0000,0,0,false,0.0000,0.0000,false,0,,wh_main_generic_debuff_attack,wh_ability_negative,false,false,true,0.0000,,,false,0.0000,0.0000,false,0.0000,data/unit_stats/source_exports/db/special_ability_phases_tables/data__.tsv,144,9.0.1
wh2_dlc11_lord_abilities_song_of_enthrallment,22.0000,negative,,false,false,0.0000,0.0000,0.0000,0.0000,0,0,false,0.0000,0.0000,false,0,,wh2_dlc11_deep_debuff_attack,wh2_dlc11_ability_enthrallment,false,true,true,0.0000,,,false,0.0000,0.0000,false,0.0000,data/unit_stats/source_exports/db/special_ability_phases_tables/data__.tsv,145,9.0.1
wh2_dlc11_lord_abilities_spearfishers_net,18.0000,negative,,true,false,0.0000,0.0000,0.0000,0.0000,0,0,false,0.0000,0.0000,false,0,,wh2_dlc11_ability_spearfishers_net,wh_ability_negative,false,false,true,0.0000,,,false,0.0000,0.0000,false,0.0000,data/unit_stats/source_exports/db/special_ability_phases_tables/data__.tsv,146,9.0.1
wh2_dlc11_lord_abilities_storm_of_the_night,22.0000,negative,,false,false,0.0000,0.0000,0.0000,1.0000,67,1,false,0.0000,0.0000,false,0,,wh2_dlc11_lord_abilities_storm_of_the_night,,false,false,true,0.0000,,,false,0.0000,0.0000,false,0.0000,data/unit_stats/source_exports/db/special_ability_phases_tables/data__.tsv,147,9.0.1
wh2_dlc11_lord_abilities_transfix,26.0000,positive,,false,false,0.0000,0.0000,0.0000,0.0000,0,0,false,0.0000,0.0000,false,0,wh_dlc06_unit_contact_discouraged,wh2_main_generic_buff_speed_passive,wh_ability_positive_one_shot,false,false,false,0.0000,,,false,0.0000,0.0000,false,0.0000,data/unit_stats/source_exports/db/special_ability_phases_tables/data__.tsv,148,9.0.1
wh2_dlc11_lord_passive_honour_or_death,-1.0000,positive,,false,false,0.0000,0.0000,0.0000,0.0000,0,0,false,0.0000,0.0000,false,0,,wh_main_generic_buff_morale_passive,,false,false,false,0.0000,,,false,0.0000,0.0000,false,0.0000,data/unit_stats/source_exports/db/special_ability_phases_tables/data__.tsv,149,9.0.1
wh2_dlc11_lord_passive_magical_void,-1.0000,positive,,false,false,0.0000,0.0000,0.0000,0.0000,0,0,false,0.0000,0.0000,false,0,,wh_main_generic_buff_defence_passive,,false,true,true,0.0000,,,false,0.0000,0.0000,false,0.0000,data/unit_stats/source_exports/db/special_ability_phases_tables/data__.tsv,150,9.0.1
wh2_dlc11_lord_passive_merciless_slaver,-1.0000,negative,,false,false,0.0000,0.0000,0.0000,0.0000,0,0,false,0.0000,0.0000,false,0,,wh_main_generic_debuff_morale_passive,,false,false,true,0.0000,,,false,0.0000,0.0000,false,0.0000,data/unit_stats/source_exports/db/special_ability_phases_tables/data__.tsv,151,9.0.1
wh2_dlc11_lore_passive_kiss_of_the_deep,4.0000,negative,,false,false,0.0000,0.0000,0.0000,1.0000,16,1,false,0.0000,0.0000,false,0,,,,false,false,true,0.0000,,,false,0.0000,0.0000,false,0.0000,data/unit_stats/source_exports/db/special_ability_phases_tables/data__.tsv,152,9.0.1
wh2_dlc11_quest_battle_supply,30.0000,positive,,false,false,-0.0100,0.0000,0.0000,1.0000,0,0,false,0.0000,0.0000,false,0,,wh_main_generic_hp_regen_passive,,false,true,true,1.0000,,,false,0.0080,0.0000,false,0.0000,data/unit_stats/source_exports/db/special_ability_phases_tables/data__.tsv,153,9.0.1
wh2_dlc11_spell_deep_fog_of_the_damned,35.0000,negative,,false,false,0.0000,0.0000,0.0000,0.0000,0,0,false,0.0000,0.0000,false,0,,wh_main_spell_heavens_curse_of_the_midnight_wind,wh2_dlc11_ability_fog_of_the_damned_debuff,false,true,true,0.0000,,,false,0.0000,0.0000,false,0.0000,data/unit_stats/source_exports/db/special_ability_phases_tables/data__.tsv,154,9.0.1
wh2_dlc11_spell_deep_fog_of_the_damned_upgraded,35.0000,negative,,false,false,0.0000,0.0000,0.0000,0.0000,0,0,false,0.0000,0.0000,false,0,,wh_main_spell_heavens_curse_of_the_midnight_wind,wh2_dlc11_ability_fog_of_the_damned_debuff,false,true,true,0.0000,,,false,0.0000,0.0000,false,0.0000,data/unit_stats/source_exports/db/special_ability_phases_tables/data__.tsv,155,9.0.1
wh2_dlc11_spell_deep_krakens_pull,10.0000,negative,,false,false,0.0000,0.0000,0.0000,0.0000,0,0,false,0.0000,0.0000,false,0,,wh_main_spell_heavens_curse_of_the_midnight_wind,,false,false,true,0.0000,,,false,0.0000,0.0000,false,0.0000,data/unit_stats/source_exports/db/special_ability_phases_tables/data__.tsv,156,9.0.1
wh2_dlc11_spell_deep_spiteful_shot,36.0000,positive,,false,false,0.0000,0.0000,0.0000,0.0000,0,0,false,0.0000,0.0000,true,0,,wh2_dlc11_spell_deep_spiteful_shot,wh2_dlc11_spell_deep_spiteful_shot,false,true,false,0.0000,,,false,0.0000,0.0000,false,0.0000,data/unit_stats/source_exports/db/special_ability_phases_tables/data__.tsv,157,9.0.1
wh2_dlc11_spell_deep_spiteful_shot_upgraded,72.0000,positive,,false,false,0.0000,0.0000,0.0000,0.0000,0,0,false,0.0000,0.0000,true,0,,wh2_dlc11_spell_deep_spiteful_shot,wh2_dlc11_spell_deep_spiteful_shot,false,true,false,0.0000,,,false,0.0000,0.0000,false,0.0000,data/unit_stats/source_exports/db/special_ability_phases_tables/data__.tsv,158,9.0.1
wh2_dlc11_spell_deep_tidecall,10.0000,negative,,false,false,0.0000,0.0000,0.0000,0.0000,0,0,false,0.0000,0.0000,false,0,,,,false,false,true,0.0000,,,false,0.0000,0.0000,false,0.0000,data/unit_stats/source_exports/db/special_ability_phases_tables/data__.tsv,159,9.0.1
wh2_dlc11_unit_contact_charmed,10.0000,negative,,false,false,0.0000,0.0000,0.0000,0.0000,0,0,false,0.0000,0.0000,false,0,,,,false,false,true,0.0000,,,false,0.0000,0.0000,false,0.0000,data/unit_stats/source_exports/db/special_ability_phases_tables/data__.tsv,160,9.0.1
wh2_dlc11_unit_contact_disrupted,10.0000,negative,,false,false,0.0000,0.0000,0.0000,0.0000,0,0,false,0.0000,0.0000,false,0,,,,false,false,true,0.0000,,,false,0.0000,0.0000,false,0.0000,data/unit_stats/source_exports/db/special_ability_phases_tables/data__.tsv,161,9.0.1
wh2_dlc11_unit_contact_monstrous_impact,10.0000,negative,,false,false,0.0000,0.0000,0.0000,0.0000,0,0,false,0.0000,0.0000,false,0,,,,false,true,true,0.0000,,,false,0.0000,0.0000,false,0.0000,data/unit_stats/source_exports/db/special_ability_phases_tables/data__.tsv,162,9.0.1
wh2_dlc11_unit_passive_abandon_ship,1.0000,positive,,false,false,0.0000,0.0000,0.0000,1.0000,3,1,false,0.0000,0.0000,false,0,,,wh2_dlc11_ability_abandon_ship,false,true,true,0.0000,,,false,0.0000,0.0000,false,0.0000,data/unit_stats/source_exports/db/special_ability_phases_tables/data__.tsv,163,9.0.1
wh2_dlc11_unit_passive_extra_powder,-1.0000,positive,,false,false,0.0000,0.0000,0.0000,0.0000,0,0,false,0.0000,0.0000,false,0,,wh2_dlc11_unit_passive_extra_powder,,false,true,true,0.0000,,,false,0.0000,0.0000,false,0.0000,data/unit_stats/source_exports/db/special_ability_phases_tables/data__.tsv,164,9.0.1
wh2_dlc11_unit_passive_gaseous_demise_buffer,0.1000,negative,,false,false,0.0000,0.0000,0.0000,0.0000,0,0,false,0.0000,0.0000,false,0,,wh_main_generic_crumble_II,wh2_dlc11_gaseous_demise,false,true,true,0.0000,,,false,0.0000,0.0000,false,0.0000,data/unit_stats/source_exports/db/special_ability_phases_tables/data__.tsv,165,9.0.1
wh2_dlc11_unit_passive_gaseous_demise_death,1.0000,negative,,false,false,0.0000,0.0000,0.0000,1.0000,5320,1,false,0.0000,0.0000,false,0,,wh_main_generic_crumble_II,,false,true,true,0.0000,,,false,0.0000,0.0000,false,0.0000,data/unit_stats/source_exports/db/special_ability_phases_tables/data__.tsv,166,9.0.1
wh2_dlc11_unit_passive_noxious_unstable_buffer,0.1000,negative,,false,false,0.0000,0.0000,0.0000,0.0000,0,0,false,0.0000,0.0000,false,0,,wh_main_generic_crumble_II,wh2_dlc11_gaseous_demise,false,true,true,0.0000,,,false,0.0000,0.0000,false,0.0000,data/unit_stats/source_exports/db/special_ability_phases_tables/data__.tsv,167,9.0.1
wh2_dlc11_unit_passive_noxious_unstable_mark_ii,-1.0000,negative,,false,false,0.0000,0.0000,0.0000,0.2000,5320,1,false,0.0000,0.0000,false,0,,wh_main_generic_crumble_II,,false,true,true,0.0000,,,false,0.0000,0.0000,false,0.0000,data/unit_stats/source_exports/db/special_ability_phases_tables/data__.tsv,168,9.0.1
wh2_dlc11_unit_passive_the_ravenous_dead,-1.0000,positive,,false,false,0.0000,0.0000,0.0000,1.0000,0,0,false,0.0000,0.0000,false,0,,,,false,true,true,0.0000,,,false,0.0040,0.0000,false,0.0000,data/unit_stats/source_exports/db/special_ability_phases_tables/data__.tsv,169,9.0.1
wh2_dlc11_unit_passive_unbinding_deckhands_mob,53.0000,negative,,false,false,0.0000,0.0000,0.0000,1.0000,0,0,false,0.0000,0.0000,false,0,,wh_main_bound_entity_energy_small,wh2_dlc13_ability_summon_unbinding_generic_small_phase_01,false,true,true,0.0000,,,false,0.0000,0.0000,false,0.0000,data/unit_stats/source_exports/db/special_ability_phases_tables/data__.tsv,170,9.0.1
wh2_dlc11_unit_passive_unbinding_gunnery_mob,86.0000,negative,,false,false,0.0000,0.0000,0.0000,1.0000,0,0,false,0.0000,0.0000,false,0,,wh_main_bound_entity_energy_small,wh2_dlc13_ability_summon_unbinding_generic_small_phase_01,false,true,true,0.0000,,,false,0.0000,0.0000,false,0.0000,data/unit_stats/source_exports/db/special_ability_phases_tables/data__.tsv,171,9.0.1
wh2_dlc11_unit_passive_unbinding_knights_of_the_realm,58.0000,negative,,false,false,0.0000,0.0000,0.0000,1.0000,0,0,false,0.0000,0.0000,false,0,,wh_main_bound_entity_energy_small,wh2_dlc13_ability_summon_unbinding_generic_small_phase_01,false,true,true,0.0000,,,false,0.0000,0.0000,false,0.0000,data/unit_stats/source_exports/db/special_ability_phases_tables/data__.tsv,172,9.0.1
wh2_dlc11_unit_passive_unbinding_rotting_prometheans,36.0000,negative,,false,false,0.0000,0.0000,0.0000,1.0000,0,0,false,0.0000,0.0000,false,0,,wh_main_bound_entity_energy_large,wh2_dlc13_ability_summon_unbinding_generic_large_phase_01,false,true,true,0.0000,,,false,0.0000,0.0000,false,0.0000,data/unit_stats/source_exports/db/special_ability_phases_tables/data__.tsv,173,9.0.1
wh2_dlc11_unit_passive_unbinding_varghulf,55.0000,negative,,false,false,0.0000,0.0000,0.0000,1.0000,0,0,false,0.0000,0.0000,false,0,,wh_main_bound_entity_energy_large,wh2_dlc13_ability_summon_unbinding_generic_large_phase_01,false,true,true,0.0000,,,false,0.0000,0.0000,false,0.0000,data/unit_stats/source_exports/db/special_ability_phases_tables/data__.tsv,174,9.0.1
wh2_dlc11_weapon_passive_krakens_bane,-1.0000,positive,,false,false,0.0000,0.0000,0.0000,0.0000,0,0,false,0.0000,0.0000,false,0,,wh_main_generic_buff_attack_passive,,false,true,true,0.0000,,,false,0.0000,0.0000,false,0.0000,data/unit_stats/source_exports/db/special_ability_phases_tables/data__.tsv,175,9.0.1
wh2_dlc12_army_abilities_warpstorm_doomrocket,16.0000,negative,,false,false,0.0000,0.0000,0.0000,1.0000,5,25,false,0.0000,0.0000,false,0,,,,false,true,true,0.0000,,,false,0.0000,0.0000,false,0.0000,data/unit_stats/source_exports/db/special_ability_phases_tables/data__.tsv,176,9.0.1
wh2_dlc12_character_abilities_brass_orb,13.0000,negative,,false,false,0.0000,0.0000,0.0000,1.0000,5,25,false,0.0000,0.0000,false,0,,,,false,true,true,0.0000,,,false,0.0000,0.0000,false,0.0000,data/unit_stats/source_exports/db/special_ability_phases_tables/data__.tsv,177,9.0.1
wh2_dlc12_character_abilities_supreme_shield_of_the_old_ones,18.0000,positive,,false,false,0.0000,0.0000,0.0000,0.0000,0,0,false,0.0000,0.0000,false,0,,wh_main_generic_buff_defence,wh2_dlc12_ability_supreme_shield_of_the_old_ones,false,true,true,0.0000,,,false,0.0000,0.0000,false,0.0000,data/unit_stats/source_exports/db/special_ability_phases_tables/data__.tsv,178,9.0.1
wh2_dlc12_item_passive_braid_of_bordeleaux,-1.0000,positive,,false,false,0.0000,0.0000,0.0000,0.0000,0,0,false,0.0000,0.0000,false,0,,wh_main_generic_buff_attack_passive,,false,true,true,0.0000,,,false,0.0000,0.0000,false,0.0000,data/unit_stats/source_exports/db/special_ability_phases_tables/data__.tsv,179,9.0.1
wh2_dlc12_item_passive_golden_death_mask,-1.0000,negative,,false,false,0.0000,0.0000,0.0000,0.0000,0,0,false,0.0000,0.0000,false,0,,wh_main_generic_debuff_attack_passive,,false,true,true,0.0000,,,false,0.0000,0.0000,false,0.0000,data/unit_stats/source_exports/db/special_ability_phases_tables/data__.tsv,180,9.0.1
wh2_dlc12_item_passive_mask_of_heavens,-1.0000,positive,,false,false,0.0000,0.0000,0.0000,0.0000,0,0,false,0.0000,0.0000,false,0,,wh_main_generic_buff_defence_passive,,false,true,true,0.0000,,,false,0.0000,0.0000,false,0.0000,data/unit_stats/source_exports/db/special_ability_phases_tables/data__.tsv,181,9.0.1
wh2_dlc12_item_passive_plaque_of_sotek,21.0000,positive,,false,false,0.0000,0.0000,0.0000,0.0000,0,0,false,0.0000,0.0000,false,0,,wh_main_generic_ward_save_all_passive,,false,true,true,0.0000,,,false,0.0000,0.0000,false,0.0000,data/unit_stats/source_exports/db/special_ability_phases_tables/data__.tsv,182,9.0.1
wh2_dlc12_lord_abilities_drop_sphere_of_tepok,30.0000,negative,,false,false,0.0000,0.0000,0.0000,0.0000,0,0,false,0.0000,0.0000,false,0,,wh2_dlc12_drop_sphere_contact,,false,false,true,0.0000,,,false,0.0000,0.0000,false,0.0000,data/unit_stats/source_exports/db/special_ability_phases_tables/data__.tsv,183,9.0.1
wh2_dlc12_lord_abilities_focus_instincts,40.0000,positive,,false,false,0.0000,0.0000,0.0000,0.0000,0,0,false,0.0000,0.0000,false,0,,wh_main_generic_buff_morale_passive,,false,true,false,0.0000,,,false,0.0000,0.0000,false,0.0000,data/unit_stats/source_exports/db/special_ability_phases_tables/data__.tsv,184,9.0.1
wh2_dlc12_lord_abilities_master_of_the_skies,31.0000,positive,,false,false,0.0000,0.0000,0.0000,0.0000,0,0,false,0.0000,0.0000,false,0,,wh_main_generic_buff_defence,wh_ability_positive_banner,false,true,true,0.0000,,,false,0.0000,0.0000,false,0.0000,data/unit_stats/source_exports/db/special_ability_phases_tables/data__.tsv,185,9.0.1
wh2_dlc12_lord_abilities_unlimited_power,26.0000,positive,,false,false,0.0000,0.0000,0.0000,0.0000,0,0,false,1.6000,0.2000,false,0,,wh2_dlc12_ability_unlimited_power,wh2_dlc12_ability_unlimited_power,false,true,true,0.0000,,,false,0.0000,0.0000,false,0.0000,data/unit_stats/source_exports/db/special_ability_phases_tables/data__.tsv,186,9.0.1
wh2_dlc12_lord_abilities_warriors_crest,30.0000,positive,,false,false,0.0000,0.0000,0.0000,0.0000,0,0,false,0.0000,0.0000,false,0,,wh_main_generic_buff_attack,wh_ability_positive,false,true,true,0.0000,,,false,0.0000,0.0000,false,0.0000,data/unit_stats/source_exports/db/special_ability_phases_tables/data__.tsv,187,9.0.1
wh2_dlc12_lord_passive_adrenaline_rush,15.0000,positive,,false,false,0.0000,0.0000,0.0000,0.0000,0,0,false,0.0000,0.0000,false,0,,wh_main_generic_buff_attack,,false,true,true,0.0000,,,false,0.0000,0.0000,false,0.0000,data/unit_stats/source_exports/db/special_ability_phases_tables/data__.tsv,188,9.0.1
wh2_dlc12_lord_passive_overload,44.0000,positive,,false,false,0.0000,0.0000,0.0000,0.0000,0,0,false,1.6000,0.2000,false,0,,wh2_main_generic_buff_wom_banner,wh_ability_negative_one_shot,false,true,true,0.0000,,,false,0.0000,0.0000,false,0.0000,data/unit_stats/source_exports/db/special_ability_phases_tables/data__.tsv,189,9.0.1
wh2_dlc12_lord_passive_secondwind_serum,15.0000,positive,,false,false,0.0000,0.0000,0.0000,1.0000,0,0,false,0.0000,0.0000,false,0,,wh_main_generic_hp_regen_passive,,false,true,true,0.0000,,,false,0.0080,0.0000,false,0.0000,data/unit_stats/source_exports/db/special_ability_phases_tables/data__.tsv,190,9.0.1
wh2_dlc12_unit_abilities_refuse_to_die,20.0000,positive,,false,false,0.0000,0.0000,0.0000,0.0000,0,0,false,0.0000,0.0000,false,0,,wh_main_generic_buff_morale,wh_ability_positive,false,true,true,0.0000,,,false,0.0000,0.0000,false,0.0000,data/unit_stats/source_exports/db/special_ability_phases_tables/data__.tsv,191,9.0.1
wh2_dlc12_unit_abilities_shield_of_chaqua,25.0000,positive,,false,false,0.0000,0.0000,0.0000,0.0000,0,0,false,0.0000,0.0000,false,0,,wh_main_generic_buff_defence,wh_ability_positive_aoe,false,true,true,0.0000,,,false,0.0000,0.0000,false,0.0000,data/unit_stats/source_exports/db/special_ability_phases_tables/data__.tsv,192,9.0.1
wh2_dlc12_unit_abilities_toad_rage,18.0000,positive,,false,false,0.0000,0.0000,0.0000,0.0000,0,0,false,0.0000,0.0000,false,0,,wh_main_generic_buff_attack,wh_ability_positive,false,true,true,0.0000,,,false,0.0000,0.0000,false,0.0000,data/unit_stats/source_exports/db/special_ability_phases_tables/data__.tsv,193,9.0.1
wh2_dlc12_unit_contact_flammable,20.0000,negative,,false,false,0.0000,0.0000,0.0000,0.0000,0,0,false,0.0000,0.0000,false,0,,,,false,false,true,0.0000,,,false,0.0000,0.0000,false,0.0000,data/unit_stats/source_exports/db/special_ability_phases_tables/data__.tsv,194,9.0.1
wh2_dlc12_unit_contact_sundered_armour,30.0000,negative,,false,false,0.0000,0.0000,0.0000,0.0000,0,0,false,0.0000,0.0000,false,0,,,,false,false,true,0.0000,,,false,0.0000,0.0000,false,0.0000,data/unit_stats/source_exports/db/special_ability_phases_tables/data__.tsv,195,9.0.1
wh2_dlc12_unit_contact_suppressive_fire,10.0000,negative,,false,false,0.0000,0.0000,0.0000,0.0000,0,0,false,0.0000,0.0000,false,0,,,,false,false,true,0.0000,,,false,0.0000,0.0000,false,0.0000,data/unit_stats/source_exports/db/special_ability_phases_tables/data__.tsv,196,9.0.1
wh2_dlc12_unit_passive_arcane_configuration,-1.0000,positive,,false,false,0.0000,0.0000,0.0000,0.0000,0,0,false,0.2000,0.0000,false,0,,,,false,true,true,0.0000,,,false,0.0000,0.0000,false,0.0000,data/unit_stats/source_exports/db/special_ability_phases_tables/data__.tsv,197,9.0.1
wh2_dlc12_unit_passive_blade_swirl,-1.0000,positive,,false,false,0.0000,0.0000,0.0000,0.0000,0,0,false,0.0000,0.0000,false,0,wh_dlc06_unit_contact_sundered_armour,,,false,true,true,0.0000,,,false,0.0000,0.0000,false,0.0000,data/unit_stats/source_exports/db/special_ability_phases_tables/data__.tsv,198,9.0.1
wh2_dlc12_unit_passive_demagoguery,-1.0000,positive,,false,false,0.0000,0.0000,0.0000,0.0000,0,0,false,0.0000,0.0000,false,0,,wh_main_generic_buff_defence_morale_passive,,false,true,true,0.0000,,,false,0.0000,0.0000,false,0.0000,data/unit_stats/source_exports/db/special_ability_phases_tables/data__.tsv,199,9.0.1
wh2_dlc12_unit_passive_endless_drum,5.0000,positive,,false,false,0.0000,0.0000,0.0000,0.0000,0,0,false,0.0000,0.0000,false,0,,wh_main_generic_buff_attack,,false,true,true,0.0300,,,false,0.0000,0.0000,false,0.0000,data/unit_stats/source_exports/db/special_ability_phases_tables/data__.tsv,200,9.0.1
wh2_dlc12_unit_passive_portent_of_warding,-1.0000,positive,,false,false,0.0000,0.0000,0.0000,0.0000,0,0,false,0.0000,0.0000,false,0,,wh_main_generic_ward_save_all_passive,,false,true,true,0.0000,,,false,0.0000,0.0000,false,0.0000,data/unit_stats/source_exports/db/special_ability_phases_tables/data__.tsv,201,9.0.1
wh2_dlc12_unit_passive_the_best_defence,-1.0000,positive,,false,false,0.0000,0.0000,0.0000,0.0000,0,0,false,0.0000,0.0000,false,0,,wh_main_generic_buff_defence_passive,,false,true,true,0.0000,,,false,0.0000,0.0000,false,0.0000,data/unit_stats/source_exports/db/special_ability_phases_tables/data__.tsv,202,9.0.1
wh2_dlc12_unit_passive_thunderous_one,3.0000,positive,,false,false,0.0000,0.0000,0.0000,0.0000,0,-1,false,0.0000,0.0000,false,0,,,,false,true,true,0.0000,,,false,0.0000,0.0000,false,0.0000,data/unit_stats/source_exports/db/special_ability_phases_tables/data__.tsv,203,9.0.1
wh2_dlc12_unit_passive_witness_me,-1.0000,positive,,false,false,0.0000,0.0000,0.0000,0.0000,0,-1,false,0.0000,0.0000,false,0,,wh_main_generic_buff_attack,,false,true,true,0.0000,,,false,0.0000,0.0000,false,0.0000,data/unit_stats/source_exports/db/special_ability_phases_tables/data__.tsv,204,9.0.1
wh2_dlc12_unit_passive_zzzap,10.0000,negative,,false,false,0.0000,0.0000,10.0000,0.0000,0,0,false,0.0000,0.0000,false,0,,,,false,false,true,0.0000,,,false,0.0000,0.0000,false,0.0000,data/unit_stats/source_exports/db/special_ability_phases_tables/data__.tsv,205,9.0.1
wh2_dlc12_weapon_passive_blade_of_the_ancient_skies,-1.0000,positive,,false,false,0.0000,0.0000,0.0000,0.0000,0,0,false,0.0000,0.0000,true,0,,wh_main_generic_buff_attack_passive,,false,true,true,0.0000,,,false,0.0000,0.0000,false,0.0000,data/unit_stats/source_exports/db/special_ability_phases_tables/data__.tsv,206,9.0.1
wh2_dlc12_weapon_passive_blade_of_the_serpents_tongue,-1.0000,positive,,false,false,0.0000,0.0000,0.0000,0.0000,0,0,false,0.0000,0.0000,false,0,wh_main_unit_contact_poison,wh_main_generic_buff_attack_passive,,false,true,true,0.0000,,,false,0.0000,0.0000,false,0.0000,data/unit_stats/source_exports/db/special_ability_phases_tables/data__.tsv,207,9.0.1
wh2_dlc13_armour_passive_obsinite_plate,-1.0000,negative,,false,false,0.0000,0.0000,0.0000,0.0000,0,0,false,0.0000,0.0000,false,0,,wh_main_generic_debuff_attack_passive,,false,true,true,0.0000,,,false,0.0000,0.0000,false,0.0000,data/unit_stats/source_exports/db/special_ability_phases_tables/data__.tsv,208,9.0.1
wh2_dlc13_army_abilities_protection_of_quetzl,35.0000,positive,,false,false,0.0000,0.0000,0.0000,0.0000,0,0,false,0.0000,0.0000,false,0,,wh2_dlc13_abilities_protection_of_quetzl,wh2_dlc13_ability_protection_of_quetzl,false,true,true,0.0000,,,false,0.0000,0.0000,false,0.0000,data/unit_stats/source_exports/db/special_ability_phases_tables/data__.tsv,209,9.0.1
wh2_dlc13_army_abilities_protection_of_quetzl_upgraded,55.0000,positive,,false,false,0.0000,0.0000,0.0000,0.0000,0,0,false,0.0000,0.0000,false,0,,wh2_dlc13_abilities_protection_of_quetzl,wh2_dlc13_ability_protection_of_quetzl,false,true,true,0.0000,,,false,0.0000,0.0000,false,0.0000,data/unit_stats/source_exports/db/special_ability_phases_tables/data__.tsv,210,9.0.1
wh2_dlc13_character_abilities_patch_up,7.0000,positive,,false,false,0.0000,0.0000,0.0000,1.0000,0,0,false,0.0000,0.0000,false,0,,wh_main_generic_hp_regen,wh_ability_positive,false,true,true,0.0000,,,false,0.0160,0.0000,false,0.0000,data/unit_stats/source_exports/db/special_ability_phases_tables/data__.tsv,211,9.0.1
wh2_dlc13_character_ability_big_boom_contact,16.0000,negative,,false,false,0.0000,0.0000,0.0000,0.0000,0,0,false,0.0000,0.0000,false,0,,wh_main_generic_debuff_defence_passive,,false,false,true,0.0000,,,false,0.0000,0.0000,false,0.0000,data/unit_stats/source_exports/db/special_ability_phases_tables/data__.tsv,212,9.0.1
wh2_dlc13_character_ability_hunters_call,32.0000,positive,,false,false,0.0000,0.0000,0.0000,0.0000,0,0,false,0.0000,0.0000,false,0,,wh_main_generic_buff_defence_morale_passive,wh_ability_positive_aoe,false,true,true,0.0000,,,false,0.0000,0.0000,false,0.0000,data/unit_stats/source_exports/db/special_ability_phases_tables/data__.tsv,213,9.0.1
wh2_dlc13_character_ability_ishas_rain_contact,9.0000,negative,,false,false,0.0000,0.0000,0.0000,0.0000,0,0,false,0.0000,0.0000,false,0,,wh_main_generic_debuff_attack_banner,,false,false,true,0.0000,,,false,0.0000,0.0000,false,0.0000,data/unit_stats/source_exports/db/special_ability_phases_tables/data__.tsv,214,9.0.1
wh2_dlc13_final_battle_abilities_shield_of_the_old_ones,180.0000,positive,,false,false,0.0000,0.0000,0.0000,0.0000,0,0,false,0.0000,0.0000,false,0,,wh_main_generic_buff_defence,wh2_main_ability_shield_of_the_old_ones,false,true,true,0.0000,,,false,0.0000,0.0000,false,0.0000,data/unit_stats/source_exports/db/special_ability_phases_tables/data__.tsv,215,9.0.1
wh2_dlc13_final_battle_character_abilities_jorek_ammo_replenishment,5.0000,positive,,false,false,0.0000,0.0000,0.0000,0.0000,0,0,false,0.0000,0.0000,false,0,,wh_main_shadow_buff_attack_passive,wh_ability_positive_aoe,false,true,false,0.1000,,,false,0.0000,0.0000,false,0.0000,data/unit_stats/source_exports/db/special_ability_phases_tables/data__.tsv,216,9.0.1
wh2_dlc13_final_battle_character_abilities_rodrik_ward_save_reduction,-1.0000,negative,,false,false,0.0000,0.0000,0.0000,0.0000,0,0,false,0.0000,0.0000,false,0,,wh_main_generic_debuff_defence,,false,false,true,0.0000,,,false,0.0000,0.0000,false,0.0000,data/unit_stats/source_exports/db/special_ability_phases_tables/data__.tsv,217,9.0.1
wh2_dlc13_item_abilities_shield_of_aeons,23.0000,positive,,false,false,0.0000,0.0000,0.0000,0.0000,0,0,false,0.0000,0.0000,false,0,,wh_main_generic_buff_defence,wh_ability_positive_aoe,false,true,true,0.0000,,,false,0.0000,0.0000,false,0.0000,data/unit_stats/source_exports/db/special_ability_phases_tables/data__.tsv,218,9.0.1
wh2_dlc13_item_passive_band_of_loyalty,-1.0000,positive,,false,false,0.0000,0.0000,0.0000,0.0000,0,0,false,0.0000,0.0000,false,0,,wh_main_generic_ward_save_all_passive,,false,false,false,0.0000,,,false,0.0000,0.0000,false,0.0000,data/unit_stats/source_exports/db/special_ability_phases_tables/data__.tsv,219,9.0.1
wh2_dlc13_item_passive_golden_tributes,-1.0000,positive,,false,false,-0.0100,0.0000,0.0000,0.0000,0,0,false,0.0000,0.0000,false,0,,wh_main_generic_buff_attack_passive,,false,true,true,0.0000,,,false,0.0000,0.0000,false,0.0000,data/unit_stats/source_exports/db/special_ability_phases_tables/data__.tsv,220,9.0.1
wh2_dlc13_item_passive_resilient_spirit,1.1000,positive,,false,false,0.0000,0.0000,0.0000,1.0000,0,0,false,0.0000,0.0000,false,0,,wh2_main_unit_passive_rebirth,,false,true,true,0.0000,,,false,0.1200,0.0000,false,0.0000,data/unit_stats/source_exports/db/special_ability_phases_tables/data__.tsv,221,9.0.1
wh2_dlc13_lord_abilities_aura_of_inertia,24.0000,negative,,false,false,0.0100,0.0000,0.0000,0.0000,0,0,false,0.0000,0.0000,false,0,,wh_main_generic_debuff_morale,wh_ability_negative_aoe,false,true,true,0.0000,,,false,0.0000,0.0000,false,0.0000,data/unit_stats/source_exports/db/special_ability_phases_tables/data__.tsv,222,9.0.1
wh2_dlc13_lord_abilities_funnel_of_flame,33.0000,positive,,false,false,0.0000,0.0000,0.0000,0.0000,0,0,false,0.0000,0.0000,false,10,,wh2_dlc13_lord_abilities_hail_of_fire,wh2_dlc13_ability_hail_of_fire,false,true,true,0.0000,,,false,0.0000,0.0000,false,0.0000,data/unit_stats/source_exports/db/special_ability_phases_tables/data__.tsv,223,9.0.1
wh2_dlc13_lord_abilities_hail_of_fire,22.0000,positive,,false,false,0.0000,0.0000,0.0000,0.0000,0,0,false,0.0000,0.0000,false,10,,wh2_dlc13_lord_abilities_hail_of_fire,wh2_dlc13_ability_hail_of_fire,false,true,true,0.0000,,,false,0.0000,0.0000,false,0.0000,data/unit_stats/source_exports/db/special_ability_phases_tables/data__.tsv,224,9.0.1
wh2_dlc13_lord_abilities_hunters_snare,11.0000,negative,,true,false,0.0000,0.0000,0.0000,0.0000,0,0,false,0.0000,0.0000,false,0,,wh_dlc05_ability_pray_of_anath_raema,wh2_main_unit_abilities_snare_net,false,true,true,0.0000,,,false,0.0000,0.0000,false,0.0000,data/unit_stats/source_exports/db/special_ability_phases_tables/data__.tsv,225,9.0.1
wh2_dlc13_lord_abilities_hunters_trap,22.0000,negative,,true,false,0.0000,0.0000,0.0000,0.0000,0,0,false,0.0000,0.0000,false,0,,wh_dlc05_ability_pray_of_anath_raema,wh2_main_unit_abilities_snare_net,false,true,true,0.0000,,,false,0.0000,0.0000,false,0.0000,data/unit_stats/source_exports/db/special_ability_phases_tables/data__.tsv,226,9.0.1
wh2_dlc13_lord_abilities_miasma_of_despair,16.0000,negative,,false,false,0.0100,0.0000,0.0000,0.0000,0,0,false,0.0000,0.0000,false,0,,wh_main_generic_debuff_morale,wh2_dlc13_ability_miasma_of_despair,false,true,true,0.0000,,,false,0.0000,0.0000,false,0.0000,data/unit_stats/source_exports/db/special_ability_phases_tables/data__.tsv,227,9.0.1
wh2_dlc13_lord_abilities_monstrous_strength,35.0000,positive,,false,false,0.0000,0.0000,0.0000,0.0000,0,0,false,0.0000,0.0000,false,0,,wh_main_generic_buff_attack,wh_ability_positive,false,true,true,0.0000,,,false,0.0000,0.0000,false,0.0000,data/unit_stats/source_exports/db/special_ability_phases_tables/data__.tsv,228,9.0.1
wh2_dlc13_lord_abilities_oil_flask,18.0000,negative,,false,false,0.0000,0.0000,0.0000,0.0000,0,0,false,0.0000,0.0000,false,0,,,,false,false,true,0.0000,,,false,0.0000,0.0000,false,0.0000,data/unit_stats/source_exports/db/special_ability_phases_tables/data__.tsv,229,9.0.1
wh2_dlc13_lord_abilities_primal_roar,25.0000,positive,,false,false,0.0000,0.0000,0.0000,0.0000,0,0,false,0.0000,0.0000,false,0,,wh_main_generic_buff_attack,wh_ability_positive_aoe,false,true,true,0.0000,,,false,0.0000,0.0000,false,0.0000,data/unit_stats/source_exports/db/special_ability_phases_tables/data__.tsv,230,9.0.1
wh2_dlc13_lord_abilities_rock_of_itza,24.0000,positive,,false,false,-0.0300,0.0000,0.0000,0.0000,0,0,false,0.0000,0.0000,false,0,,wh_main_generic_buff_defence,wh_ability_positive,false,true,true,0.0000,,,false,0.0000,0.0000,false,0.0000,data/unit_stats/source_exports/db/special_ability_phases_tables/data__.tsv,231,9.0.1
wh2_dlc13_lord_passive_endurance_aura,-1.0000,positive,,false,false,0.0000,0.0000,0.0000,0.0000,0,0,false,0.0000,0.0000,false,0,,wh_main_generic_buff_attack_passive,,false,true,true,0.0000,,,false,0.0000,0.0000,false,0.0000,data/unit_stats/source_exports/db/special_ability_phases_tables/data__.tsv,232,9.0.1
wh2_dlc13_lord_passive_fleet_footed,-1.0000,positive,,false,false,0.0000,0.0000,0.0000,0.0000,0,0,false,0.0000,0.0000,false,0,,wh_main_generic_buff_attack_passive,,false,true,true,0.0000,,,false,0.0000,0.0000,false,0.0000,data/unit_stats/source_exports/db/special_ability_phases_tables/data__.tsv,233,9.0.1
wh2_dlc13_lord_passive_merely_a_fleshwound,-1.0000,positive,,false,false,0.0000,0.0000,0.0000,0.0000,0,0,false,0.0000,0.0000,false,0,,wh_main_generic_buff_attack_passive,,false,true,true,0.0000,,,false,0.0000,0.0000,false,0.0000,data/unit_stats/source_exports/db/special_ability_phases_tables/data__.tsv,234,9.0.1
wh2_dlc13_lord_passive_to_the_death,-1.0000,positive,,false,false,0.0000,0.0000,0.0000,0.0000,0,0,false,0.0000,0.0000,false,0,,wh_main_generic_buff_attack_passive,,false,true,true,0.0000,,,false,0.0000,0.0000,false,0.0000,data/unit_stats/source_exports/db/special_ability_phases_tables/data__.tsv,235,9.0.1
wh2_dlc13_lord_passive_trueshot_aura,-1.0000,positive,,false,false,0.0000,0.0000,0.0000,0.0000,0,0,false,0.0000,0.0000,false,0,,wh_main_generic_buff_attack_passive,,false,true,true,0.0000,,,false,0.0000,0.0000,false,0.0000,data/unit_stats/source_exports/db/special_ability_phases_tables/data__.tsv,236,9.0.1
wh2_dlc13_unit_abilities_bathed_in_blood,-1.0000,positive,,false,false,0.0000,0.0000,0.0000,0.0000,0,0,false,0.0000,0.0000,false,0,,wh_main_generic_buff_attack_passive,,false,true,true,0.0000,,,false,0.0000,0.0000,false,0.0000,data/unit_stats/source_exports/db/special_ability_phases_tables/data__.tsv,237,9.0.1
wh2_dlc13_unit_abilities_blinding_radiance,-1.0000,negative,,false,false,0.0000,0.0000,0.0000,0.0000,0,0,false,0.0000,0.0000,false,0,,wh_main_generic_debuff_attack_passive,,false,true,true,0.0000,,,false,0.0000,0.0000,false,0.0000,data/unit_stats/source_exports/db/special_ability_phases_tables/data__.tsv,238,9.0.1
wh2_dlc13_unit_passive_dread_aversion,-1.0000,negative,,false,false,0.0000,0.0000,0.0000,0.0000,0,0,false,0.0000,0.0000,false,0,,wh_main_generic_buff_defence_morale_passive,,false,true,true,0.0000,,,false,0.0000,0.0000,false,0.0000,data/unit_stats/source_exports/db/special_ability_phases_tables/data__.tsv,239,9.0.1
wh2_dlc13_unit_passive_grim_resolve,-1.0000,positive,,false,false,0.0000,0.0000,0.0000,0.0000,0,0,false,0.0000,0.0000,false,0,,wh_main_generic_buff_defence_morale_passive,,false,true,true,0.0000,,,false,0.0000,0.0000,false,0.0000,data/unit_stats/source_exports/db/special_ability_phases_tables/data__.tsv,240,9.0.1
wh2_dlc13_weapon_abilities_averland_runefang,33.0000,negative,,false,false,0.0000,0.0000,0.0000,0.0000,0,0,false,0.0000,0.0000,false,0,,wh_dlc05_spell_shadow_the_enfeebling_foe,wh_ability_negative,false,true,true,0.0000,,,false,0.0000,0.0000,false,0.0000,data/unit_stats/source_exports/db/special_ability_phases_tables/data__.tsv,241,9.0.1
wh2_dlc13_weapon_abilities_drakwald_runefang,39.0000,positive,,false,false,-0.0300,0.0000,0.0000,0.0000,0,0,false,0.0000,0.0000,false,0,,wh_main_generic_buff_attack,wh_ability_positive,false,true,true,0.0000,,,false,0.0000,0.0000,false,0.0000,data/unit_stats/source_exports/db/special_ability_phases_tables/data__.tsv,242,9.0.1
wh2_dlc13_weapon_abilities_hochland_runefang,24.0000,negative,,false,false,0.0000,0.0000,0.0000,0.0000,0,0,false,0.0000,0.0000,false,0,,wh_main_spell_metal_plague_of_rust,wh_ability_negative_aoe,false,true,true,0.0000,,,false,0.0000,0.0000,false,0.0000,data/unit_stats/source_exports/db/special_ability_phases_tables/data__.tsv,243,9.0.1
wh2_dlc13_weapon_abilities_mace_of_ulumak,24.0000,positive,,false,false,0.0000,0.0000,0.0000,0.0000,0,0,false,0.0000,0.0000,false,0,wh2_dlc17_unit_contact_dazed,wh_main_generic_buff_attack,wh_ability_positive,false,true,true,0.0000,,,false,0.0000,0.0000,false,0.0000,data/unit_stats/source_exports/db/special_ability_phases_tables/data__.tsv,244,9.0.1
wh2_dlc13_weapon_abilities_nordland_runefang,22.0000,negative,,false,false,0.0000,0.0000,0.0000,1.0000,5,25,false,0.0000,0.0000,false,0,,wh_main_hero_abilities_accusation,wh_ability_negative_aoe,false,true,true,0.0000,,,false,0.0000,0.0000,false,0.0000,data/unit_stats/source_exports/db/special_ability_phases_tables/data__.tsv,245,9.0.1
wh2_dlc13_weapon_abilities_ostermark_runefang,27.0000,positive,,false,false,0.0000,0.0000,0.0000,0.0000,0,0,false,0.0000,0.0000,false,0,,wh_main_shadow_buff_attack_passive,wh_ability_positive_aoe,false,true,true,0.0000,,,false,0.0000,0.0000,false,0.0000,data/unit_stats/source_exports/db/special_ability_phases_tables/data__.tsv,246,9.0.1
wh2_dlc13_weapon_abilities_ostland_runefang,38.0000,positive,,false,false,0.0000,0.0000,0.0000,0.0000,0,0,false,0.0000,0.0000,false,0,,wh_main_generic_buff_attack,wh_ability_positive,false,true,true,0.0000,,,false,0.0000,0.0000,false,0.0000,data/unit_stats/source_exports/db/special_ability_phases_tables/data__.tsv,247,9.0.1
wh2_dlc13_weapon_abilities_talabecland_runefang,41.0000,positive,,false,false,0.0000,0.0000,0.0000,0.0000,0,0,false,0.0000,0.0000,false,0,wh_dlc06_unit_contact_sundered_armour,wh_main_shadow_buff_attack_passive,wh_ability_positive,false,true,true,0.0000,,,false,0.0000,0.0000,false,0.0000,data/unit_stats/source_exports/db/special_ability_phases_tables/data__.tsv,248,9.0.1
wh2_dlc13_weapon_abilities_wissenland_runefang,29.0000,negative,,false,false,0.0100,0.0000,0.0000,0.0000,0,0,false,0.0000,0.0000,false,0,,wh_main_generic_debuff_attack_passive,wh_ability_negative,false,true,true,0.0000,,,false,0.0000,0.0000,false,0.0000,data/unit_stats/source_exports/db/special_ability_phases_tables/data__.tsv,249,9.0.1
wh2_dlc13_weapon_passive_solland_runefang,-1.0000,negative,,false,false,0.0000,0.0000,0.0000,0.0000,0,0,false,0.0000,0.0000,false,0,,wh_main_generic_debuff_attack_passive,,false,true,true,0.0000,,,false,0.0000,0.0000,false,0.0000,data/unit_stats/source_exports/db/special_ability_phases_tables/data__.tsv,250,9.0.1
wh2_dlc13_weapon_passive_stirland_runefang,-1.0000,positive,,false,false,0.0000,0.0000,0.0000,0.0000,0,0,false,0.0000,0.0000,false,0,,wh_main_generic_buff_attack_passive,,false,true,true,0.0000,,,false,0.0000,0.0000,false,0.0000,data/unit_stats/source_exports/db/special_ability_phases_tables/data__.tsv,251,9.0.1
wh2_dlc14_character_abilities_from_the_shadows,58.0000,positive,,false,false,0.0000,0.0000,0.0000,0.0000,0,0,false,0.0000,0.0000,false,0,,wh_main_generic_buff_defence,wh_ability_positive,false,true,false,0.0000,,,false,0.0000,0.0000,false,0.0000,data/unit_stats/source_exports/db/special_ability_phases_tables/data__.tsv,252,9.0.1
wh2_dlc14_character_abilities_henri_le_massif_exploit_weakness,-1.0000,negative,,false,false,0.0000,0.0000,0.0000,0.0000,0,0,false,0.0000,0.0000,false,0,,wh_main_generic_debuff_defence,wh_ability_negative_aoe,false,false,true,0.0000,,,false,0.0000,0.0000,false,0.0000,data/unit_stats/source_exports/db/special_ability_phases_tables/data__.tsv,253,9.0.1
wh2_dlc14_character_passive_discombobulate,120.0000,negative,,false,false,0.0000,0.0000,0.0000,0.0000,0,0,false,0.0000,0.0000,false,0,,wh_main_generic_debuff_morale_passive,wh_ability_negative_aoe,false,false,true,0.0000,,,false,0.0000,0.0000,false,0.0000,data/unit_stats/source_exports/db/special_ability_phases_tables/data__.tsv,254,9.0.1
wh2_dlc14_contact_maddening,10.0000,negative,,false,false,0.0000,0.0000,0.0000,0.0000,0,0,false,0.0000,0.0000,false,0,,,,false,false,true,0.0000,,,false,0.0000,0.0000,false,0.0000,data/unit_stats/source_exports/db/special_ability_phases_tables/data__.tsv,255,9.0.1
wh2_dlc14_item_passive_idol_of_darkness,-1.0000,negative,,false,false,0.0000,0.0000,0.0000,0.0000,0,0,false,0.0000,0.0000,false,0,,wh2_main_generic_buff_speed_passive,,false,true,true,0.0000,,,false,0.0000,0.0000,false,0.0000,data/unit_stats/source_exports/db/special_ability_phases_tables/data__.tsv,256,9.0.1
wh2_dlc14_item_passive_the_cloak_of_shadows,-1.0000,negative,,false,false,0.0000,0.0000,0.0000,0.0000,0,0,false,0.0000,0.0000,false,0,,wh_main_generic_debuff_defence_passive,,false,true,true,0.0000,,,false,0.0000,0.0000,false,0.0000,data/unit_stats/source_exports/db/special_ability_phases_tables/data__.tsv,257,9.0.1
wh2_dlc14_lord_abilities_beastslaver,34.0000,positive,,false,false,0.0000,0.0000,0.0000,0.0000,0,0,false,0.0000,0.0000,false,0,,wh_main_generic_buff_attack,wh_ability_positive,false,true,true,0.0000,,,false,0.0000,0.0000,false,0.0000,data/unit_stats/source_exports/db/special_ability_phases_tables/data__.tsv,258,9.0.1
wh2_dlc14_lord_abilities_bloodstorm,9.0000,positive,,false,false,0.0000,0.0000,0.0000,0.0000,0,0,false,0.0000,0.0000,false,0,,,wh_ability_positive_one_shot,false,true,true,0.0000,,,false,0.0000,0.0000,false,0.0000,data/unit_stats/source_exports/db/special_ability_phases_tables/data__.tsv,259,9.0.1
wh2_dlc14_lord_abilities_deathmasters_sigil,7.0000,negative,,true,false,0.0000,0.0000,0.0000,0.0000,0,0,false,0.0000,0.0000,false,0,,,wh_ability_negative_one_shot,false,true,true,0.0000,,,false,0.0000,0.0000,false,0.0000,data/unit_stats/source_exports/db/special_ability_phases_tables/data__.tsv,260,9.0.1
wh2_dlc14_lord_abilities_looming_dread,31.0000,negative,,false,false,0.0000,0.0000,0.0000,0.0000,0,0,false,0.0000,0.0000,false,0,,wh_main_generic_debuff_defence,wh_ability_negative,false,true,true,0.0000,,,false,0.0000,0.0000,false,0.0000,data/unit_stats/source_exports/db/special_ability_phases_tables/data__.tsv,261,9.0.1
wh2_dlc14_lord_abilities_reaper_of_souls,9.0000,negative,,false,false,0.0000,0.0000,0.0000,1.0000,96,1,false,0.0000,0.0000,false,0,,wh2_dlc14_abilities_reaper_of_souls,wh2_dlc14_ability_reaper_of_souls,false,true,true,0.0000,,,false,0.0000,0.0000,false,0.0000,data/unit_stats/source_exports/db/special_ability_phases_tables/data__.tsv,262,9.0.1
wh2_dlc14_lord_abilities_reaper_of_souls_miscast,9.0000,positive,,false,false,0.0000,0.0000,0.0000,1.0000,0,0,false,0.0000,0.0000,false,0,,,,false,true,false,0.0000,,,false,0.0080,0.0000,false,0.0000,data/unit_stats/source_exports/db/special_ability_phases_tables/data__.tsv,263,9.0.1
wh2_dlc14_lord_abilities_the_blood_price,22.0000,positive,,false,false,0.0000,0.0000,0.0000,2.0000,60,1,false,0.0000,0.0000,false,0,,wh2_dlc14_lord_abilities_the_blood_price,wh2_dlc14_ability_blood_price,false,true,true,0.0000,,,false,0.0000,0.0000,false,0.0000,data/unit_stats/source_exports/db/special_ability_phases_tables/data__.tsv,264,9.0.1
wh2_dlc14_lord_abilities_the_daemons_curse,34.0000,negative,,false,false,0.0000,0.0000,0.0000,0.0000,0,0,false,0.0000,0.0000,false,0,,wh2_dlc14_lord_abilities_the_daemons_curse,wh2_dlc14_ability_daemons_curse,false,true,true,0.0000,,,false,0.0000,0.0000,false,0.0000,data/unit_stats/source_exports/db/special_ability_phases_tables/data__.tsv,265,9.0.1
wh2_dlc14_lord_abilities_the_daemons_curse_miscast,12.0000,negative,,false,false,0.0000,0.0000,0.0000,2.0000,100,1,false,0.0000,0.0000,false,0,,,,false,true,false,0.0000,,,false,0.0000,0.0000,false,0.0000,data/unit_stats/source_exports/db/special_ability_phases_tables/data__.tsv,266,9.0.1
wh2_dlc14_lord_abilities_whiplash,21.0000,positive,,false,false,0.0000,0.0000,0.0000,0.0000,0,0,false,0.0000,0.0000,false,0,,wh_main_generic_buff_attack,wh_ability_positive,false,true,true,0.0000,,,false,0.0000,0.0000,false,0.0000,data/unit_stats/source_exports/db/special_ability_phases_tables/data__.tsv,267,9.0.1
wh2_dlc14_lord_passive_fleur_de_lys_banner,-1.0000,positive,,false,false,0.0000,0.0000,0.0000,0.0000,0,0,false,0.0000,0.0000,false,0,,wh_main_generic_buff_defence_attack_passive,,false,true,true,0.0000,,,false,0.0000,0.0000,false,0.0000,data/unit_stats/source_exports/db/special_ability_phases_tables/data__.tsv,268,9.0.1
wh2_dlc14_lord_passive_tzarkan,-1.0000,positive,,false,false,0.0000,0.0000,0.0000,1.0000,18,1,false,0.0000,0.0000,false,0,,,,false,true,true,0.0000,,,false,0.0000,0.0000,false,0.0000,data/unit_stats/source_exports/db/special_ability_phases_tables/data__.tsv,269,9.0.1
wh2_dlc14_lore_passive_toxic_rain,10.0000,negative,,false,false,0.0000,0.0000,0.0000,0.0000,0,0,false,0.0000,0.0000,false,0,,,,false,true,true,0.0000,,,false,0.0000,0.0000,false,0.0000,data/unit_stats/source_exports/db/special_ability_phases_tables/data__.tsv,270,9.0.1
wh2_dlc14_spell_ruin_flensing_ruin,22.0000,negative,,false,false,0.0000,0.0000,0.0000,2.0000,100,1,false,0.0000,0.0000,false,0,,wh2_dlc14_spell_ruin_flensing_ruin,wh2_dlc14_spell_ruin_flensing_ruin,false,true,true,0.0000,,,false,0.0000,0.0000,false,0.0000,data/unit_stats/source_exports/db/special_ability_phases_tables/data__.tsv,271,9.0.1
wh2_dlc14_spell_ruin_flensing_ruin_upgraded,34.0000,negative,,false,false,0.0000,0.0000,0.0000,2.0000,100,1,false,0.0000,0.0000,false,0,,wh2_dlc14_spell_ruin_flensing_ruin,wh2_dlc14_spell_ruin_flensing_ruin_upgraded,false,true,true,0.0000,,,false,0.0000,0.0000,false,0.0000,data/unit_stats/source_exports/db/special_ability_phases_tables/data__.tsv,272,9.0.1
wh2_dlc14_spell_stealth_armour_of_darkness,44.0000,positive,,false,false,0.0000,0.0000,0.0000,0.0000,0,0,false,0.0000,0.0000,false,0,,wh2_dlc14_spell_stealth_armour_of_darkness,wh2_dlc14_spell_stealth_armour_of_darkness,false,true,true,0.0000,,,false,0.0000,0.0000,false,0.0000,data/unit_stats/source_exports/db/special_ability_phases_tables/data__.tsv,273,9.0.1
wh2_dlc14_spell_stealth_armour_of_darkness_upgraded,44.0000,positive,,false,false,0.0000,0.0000,0.0000,0.0000,0,0,false,0.0000,0.0000,false,0,,wh2_dlc14_spell_stealth_armour_of_darkness,wh2_dlc14_spell_stealth_armour_of_darkness_upgraded,false,true,true,0.0000,,,false,0.0000,0.0000,false,0.0000,data/unit_stats/source_exports/db/special_ability_phases_tables/data__.tsv,274,9.0.1
wh2_dlc14_spell_stealth_brittle_bone,39.0000,negative,,false,false,0.0100,0.0000,0.0000,0.0000,0,0,false,0.0000,0.0000,false,0,,wh2_dlc14_spell_stealth_brittle_bone,wh2_dlc14_spell_stealth_brittle_bone,false,true,true,0.0000,,,false,0.0000,0.0000,false,0.0000,data/unit_stats/source_exports/db/special_ability_phases_tables/data__.tsv,275,9.0.1
wh2_dlc14_spell_stealth_brittle_bone_upgraded,39.0000,negative,,false,false,0.0100,0.0000,0.0000,0.0000,0,0,false,0.0000,0.0000,false,0,,wh2_dlc14_spell_stealth_brittle_bone,wh2_dlc14_spell_stealth_brittle_bone_upgraded,false,true,true,0.0000,,,false,0.0000,0.0000,false,0.0000,data/unit_stats/source_exports/db/special_ability_phases_tables/data__.tsv,276,9.0.1
wh2_dlc14_spell_stealth_veil_of_shadows,12.0000,negative,,false,false,0.0000,0.0000,0.0000,0.0000,0,0,false,0.0000,0.0000,false,0,,,,false,false,true,0.0000,,,false,0.0000,0.0000,false,0.0000,data/unit_stats/source_exports/db/special_ability_phases_tables/data__.tsv,277,9.0.1
wh2_dlc14_unit_abilities_doppelgang,60.0000,positive,,false,false,0.0000,0.0000,0.0000,0.0000,0,0,false,0.0000,0.0000,false,0,,,wh2_dlc14_ability_doppelgang,false,true,false,0.0000,,,false,0.0000,0.0000,false,0.0000,data/unit_stats/source_exports/db/special_ability_phases_tables/data__.tsv,278,9.0.1
wh2_dlc14_unit_abilities_seismic_snare,13.0000,negative,,true,false,0.0000,0.0000,0.0000,0.0000,0,0,false,0.0000,0.0000,false,0,,wh2_dlc14_abilities_seismic_snare,,false,true,true,0.0000,,,false,0.0000,0.0000,false,0.0000,data/unit_stats/source_exports/db/special_ability_phases_tables/data__.tsv,279,9.0.1
wh2_dlc14_unit_abilities_wail_of_malice,7.0000,negative,,false,false,0.0000,0.0000,0.0000,1.0000,10,18,false,0.0000,0.0000,false,0,,,,false,true,true,0.0000,,,false,0.0000,0.0000,false,0.0000,data/unit_stats/source_exports/db/special_ability_phases_tables/data__.tsv,280,9.0.1
wh2_dlc14_unit_abilities_warp_quake,17.0000,negative,,false,false,0.0000,0.0000,0.0000,0.5000,5,18,false,0.0000,0.0000,false,0,,wh2_dlc14_spell_ruin_flensing_ruin,,false,true,true,0.0000,,,false,0.0000,0.0000,false,0.0000,data/unit_stats/source_exports/db/special_ability_phases_tables/data__.tsv,281,9.0.1
wh2_dlc14_unit_contact_poisoned_wind,12.0000,negative,,false,false,0.0000,0.0000,0.0000,4.0000,4,25,false,0.0000,0.0000,false,0,,wh2_dlc14_spell_stealth_brittle_bone,wh3_dlc29_army_abilities_poisoned_wind_contact,false,true,true,0.0000,,,false,0.0000,0.0000,false,0.0000,data/unit_stats/source_exports/db/special_ability_phases_tables/data__.tsv,282,9.0.1
wh2_dlc14_unit_contact_poisoned_wind_alt,12.0000,negative,,false,false,0.0000,0.0000,0.0000,4.0000,4,25,false,0.0000,0.0000,false,0,,wh2_dlc14_spell_stealth_brittle_bone,wh3_dlc29_army_abilities_poisoned_wind_contact,false,true,true,0.0000,,,false,0.0000,0.0000,false,0.0000,data/unit_stats/source_exports/db/special_ability_phases_tables/data__.tsv,283,9.0.1
wh2_dlc14_unit_passive_aura_of_agony,-1.0000,negative,,false,false,0.0000,0.0000,0.0000,0.0000,0,0,false,0.0000,0.0000,false,0,,wh_main_generic_debuff_defence_passive,,false,true,true,0.0000,,,false,0.0000,0.0000,false,0.0000,data/unit_stats/source_exports/db/special_ability_phases_tables/data__.tsv,284,9.0.1
wh2_dlc14_unit_passive_aura_of_ardour,-1.0000,positive,,false,false,0.0000,0.0000,0.0000,0.0000,0,0,false,0.0000,0.0000,false,0,,wh_main_generic_buff_attack_passive,,false,true,true,0.0000,,,false,0.0000,0.0000,false,0.0000,data/unit_stats/source_exports/db/special_ability_phases_tables/data__.tsv,285,9.0.1
wh2_dlc14_unit_passive_barbed_net,-1.0000,negative,,false,false,0.0000,0.0000,0.0000,0.0000,0,0,false,0.0000,0.0000,false,0,,wh_main_generic_debuff_defence_passive,,false,true,true,0.0000,,,false,0.0000,0.0000,false,0.0000,data/unit_stats/source_exports/db/special_ability_phases_tables/data__.tsv,286,9.0.1
wh2_dlc14_unit_passive_crowfeast,-1.0000,positive,,false,false,0.0000,0.0000,0.0000,1.0000,0,0,false,0.0000,0.0000,false,0,,wh2_dlc14_def_crowfeast,,false,true,true,0.0000,,,false,0.0020,0.0000,false,0.0000,data/unit_stats/source_exports/db/special_ability_phases_tables/data__.tsv,287,9.0.1
wh2_dlc14_unit_passive_duck_and_weave,-1.0000,positive,,false,false,0.0000,0.0000,0.0000,0.0000,0,0,false,0.0000,0.0000,false,0,,wh_main_generic_buff_defence_passive,,false,true,true,0.0000,,,false,0.0000,0.0000,false,0.0000,data/unit_stats/source_exports/db/special_ability_phases_tables/data__.tsv,288,9.0.1
wh2_dlc14_unit_passive_unbinding_eshin_triads_ror_1,60.0000,negative,,false,false,0.0000,0.0000,0.0000,0.0000,0,0,false,0.0000,0.0000,false,0,,,wh2_dlc13_ability_summon_unbinding_generic_small_phase_01,false,true,true,0.0000,,,false,0.0000,0.0000,false,0.0000,data/unit_stats/source_exports/db/special_ability_phases_tables/data__.tsv,289,9.0.1
wh2_dlc14_unit_passive_unbinding_eshin_triads_ror_2,-1.0000,negative,,false,false,0.0000,0.0000,0.0000,1.0000,85,-1,false,0.0000,0.0000,false,0,,,wh2_dlc13_ability_summon_unbinding_generic_small_phase_02,true,true,true,0.0000,,,false,0.0000,0.0000,false,0.0000,data/unit_stats/source_exports/db/special_ability_phases_tables/data__.tsv,290,9.0.1
wh2_dlc14_unit_passive_unbinding_stormvermin_0,40.0000,negative,,false,false,0.0000,0.0000,0.0000,0.0000,0,0,false,0.0000,0.0000,false,0,,wh_main_bound_entity_energy_small,wh2_dlc13_ability_summon_unbinding_generic_small_phase_01,false,true,true,0.0000,,,false,0.0000,0.0000,false,0.0000,data/unit_stats/source_exports/db/special_ability_phases_tables/data__.tsv,291,9.0.1
wh2_dlc14_unit_passive_unbinding_stormvermin_1,50.0000,negative,,false,false,0.0000,0.0000,0.0000,0.0000,0,0,false,0.0000,0.0000,false,0,,wh_main_bound_entity_energy_small,wh2_dlc13_ability_summon_unbinding_generic_small_phase_01,false,true,true,0.0000,,,false,0.0000,0.0000,false,0.0000,data/unit_stats/source_exports/db/special_ability_phases_tables/data__.tsv,292,9.0.1
wh2_dlc14_weapon_abilities_sword_of_lyonesse,24.0000,positive,,false,false,0.0000,0.0000,0.0000,0.0000,0,0,false,0.0000,0.0000,false,0,,wh_main_generic_buff_attack,wh_ability_positive,false,true,true,0.0000,,,false,0.0000,0.0000,false,0.0000,data/unit_stats/source_exports/db/special_ability_phases_tables/data__.tsv,293,9.0.1
wh2_dlc14_weapon_abilities_warpsword_of_khaine,-1.0000,positive,,false,false,0.0000,0.0000,0.0000,1.0000,0,0,false,0.0000,0.0000,false,0,,,,false,true,true,0.0000,,,false,0.0018,0.0000,false,0.0000,data/unit_stats/source_exports/db/special_ability_phases_tables/data__.tsv,294,9.0.1
wh2_dlc14_weapon_abilities_whirl_of_weeping_blades,5.0000,negative,,true,false,0.0000,0.0000,0.0000,0.0000,0,0,false,0.0000,0.0000,false,0,,,,false,true,false,0.0000,,,false,0.0000,0.0000,false,0.0000,data/unit_stats/source_exports/db/special_ability_phases_tables/data__.tsv,295,9.0.1
wh2_dlc15_abilities_fermented_fungi,15.0000,negative,,false,false,0.0000,0.0000,0.0000,0.0000,0,0,false,0.0000,0.0000,false,0,,wh2_dlc15_abilities_fermented_fungi,wh2_dlc15_ability_fermented_fungi,false,true,true,0.0000,,,false,0.0000,0.0000,false,0.0000,data/unit_stats/source_exports/db/special_ability_phases_tables/data__.tsv,296,9.0.1
wh2_dlc15_army_abilities_azhags_big_waaagh,18.0000,positive,,false,false,0.0000,0.0000,0.0000,0.0000,0,0,false,0.0000,0.0000,false,0,,wh2_dlc10_waaagh,wh_main_character_abilities_waaagh,false,true,true,0.0000,,,false,0.0000,0.0000,false,0.0000,data/unit_stats/source_exports/db/special_ability_phases_tables/data__.tsv,297,9.0.1
wh2_dlc15_army_abilities_azhags_waaagh,18.0000,positive,,false,false,0.0000,0.0000,0.0000,0.0000,0,0,false,0.0000,0.0000,false,0,,wh2_dlc10_waaagh,wh_main_character_abilities_waaagh,false,true,true,0.0000,,,false,0.0000,0.0000,false,0.0000,data/unit_stats/source_exports/db/special_ability_phases_tables/data__.tsv,298,9.0.1
wh2_dlc15_army_abilities_big_waaagh,18.0000,positive,,false,false,0.0000,0.0000,0.0000,0.0000,0,0,false,0.0000,0.0000,false,0,,wh2_dlc10_waaagh,wh_main_character_abilities_waaagh,false,true,true,0.0000,,,false,0.0000,0.0000,false,0.0000,data/unit_stats/source_exports/db/special_ability_phases_tables/data__.tsv,299,9.0.1
wh2_dlc15_army_abilities_envelop_in_mist,43.0000,positive,,false,false,0.0000,0.0000,0.0000,0.0000,0,0,false,0.0000,0.0000,false,0,,wh2_dlc15_ability_envelop_in_mist,wh2_dlc15_ability_envelop_in_mist,false,true,true,0.0000,,,false,0.0000,0.0000,false,0.0000,data/unit_stats/source_exports/db/special_ability_phases_tables/data__.tsv,300,9.0.1
wh2_dlc15_army_abilities_grimgors_big_waaagh,18.0000,positive,,false,false,0.0000,0.0000,0.0000,0.0000,0,0,false,0.0000,0.0000,false,0,,wh2_dlc10_waaagh,wh_main_character_abilities_waaagh,false,true,true,0.0000,,,false,0.0000,0.0000,false,0.0000,data/unit_stats/source_exports/db/special_ability_phases_tables/data__.tsv,301,9.0.1
wh2_dlc15_army_abilities_grimgors_waaagh,18.0000,positive,,false,false,0.0000,0.0000,0.0000,0.0000,0,0,false,0.0000,0.0000,false,0,,wh2_dlc10_waaagh,wh_main_character_abilities_waaagh,false,true,true,0.0000,,,false,0.0000,0.0000,false,0.0000,data/unit_stats/source_exports/db/special_ability_phases_tables/data__.tsv,302,9.0.1
wh2_dlc15_army_abilities_groms_big_waaagh,18.0000,positive,,false,false,0.0000,0.0000,0.0000,1.0000,0,0,false,0.0000,0.0000,false,0,,wh2_dlc10_waaagh,wh_main_character_abilities_waaagh,false,true,true,0.0000,,,false,0.0080,0.0000,false,0.0000,data/unit_stats/source_exports/db/special_ability_phases_tables/data__.tsv,303,9.0.1
wh2_dlc15_army_abilities_groms_waaagh,18.0000,positive,,false,false,0.0000,0.0000,0.0000,1.0000,0,0,false,0.0000,0.0000,false,0,,wh2_dlc10_waaagh,wh_main_character_abilities_waaagh,false,true,true,0.0000,,,false,0.0080,0.0000,false,0.0000,data/unit_stats/source_exports/db/special_ability_phases_tables/data__.tsv,304,9.0.1
wh2_dlc15_army_abilities_invocation_of_ending,12.0000,negative,,false,false,0.0000,0.0000,30.0000,0.0000,0,0,false,0.0000,0.0000,false,0,,wh2_main_generic_debuff_wom,wh_ability_negative_aoe,false,true,true,0.0000,,,false,0.0000,0.0000,false,0.0000,data/unit_stats/source_exports/db/special_ability_phases_tables/data__.tsv,305,9.0.1
wh2_dlc15_army_abilities_oath_of_replenishment,21.0000,positive,,false,false,-0.0900,0.0000,0.0000,0.0000,0,0,false,0.0000,0.0000,false,0,,wh_main_generic_buff_defence,wh_ability_positive_aoe_army_wide,false,true,true,0.3000,,,false,0.0000,0.0000,false,0.0000,data/unit_stats/source_exports/db/special_ability_phases_tables/data__.tsv,306,9.0.1
wh2_dlc15_army_abilities_oath_of_replenishment_upgraded,21.0000,positive,,false,false,0.0000,0.0000,0.0000,0.0000,0,0,false,0.0000,0.0000,false,0,,wh_main_generic_buff_defence,wh_ability_positive_aoe_army_wide,false,true,true,0.3000,,,false,0.0000,0.0000,false,0.0000,data/unit_stats/source_exports/db/special_ability_phases_tables/data__.tsv,307,9.0.1
wh2_dlc15_army_abilities_skarsniks_big_waaagh,18.0000,positive,,false,false,0.0000,0.0000,0.0000,0.0000,0,0,false,0.0000,0.0000,false,0,,wh2_dlc10_waaagh,wh_main_character_abilities_waaagh,false,true,true,0.0000,,,false,0.0000,0.0000,false,0.0000,data/unit_stats/source_exports/db/special_ability_phases_tables/data__.tsv,308,9.0.1
wh2_dlc15_army_abilities_skarsniks_waaagh,18.0000,positive,,false,false,0.0000,0.0000,0.0000,0.0000,0,0,false,0.0000,0.0000,false,0,,wh2_dlc10_waaagh,wh_main_character_abilities_waaagh,false,true,true,0.0000,,,false,0.0000,0.0000,false,0.0000,data/unit_stats/source_exports/db/special_ability_phases_tables/data__.tsv,309,9.0.1
wh2_dlc15_army_abilities_unleash_the_winds,15.0000,positive,,false,false,0.0000,0.0000,-30.0000,0.0000,0,0,false,3.2000,0.4000,false,0,,wh2_main_generic_buff_wom_banner,wh_ability_positive_banner,false,true,true,0.0000,,,false,0.0000,0.0000,false,0.0000,data/unit_stats/source_exports/db/special_ability_phases_tables/data__.tsv,310,9.0.1
wh2_dlc15_army_abilities_waaagh,18.0000,positive,,false,false,0.0000,0.0000,0.0000,0.0000,0,0,false,0.0000,0.0000,false,0,,wh2_dlc10_waaagh,wh_main_character_abilities_waaagh,false,true,true,0.0000,,,false,0.0000,0.0000,false,0.0000,data/unit_stats/source_exports/db/special_ability_phases_tables/data__.tsv,311,9.0.1
wh2_dlc15_army_abilities_wurrzags_big_waaagh,18.0000,positive,,false,false,0.0000,0.0000,0.0000,0.0000,0,0,false,0.0000,0.0000,false,0,,wh2_dlc10_waaagh,wh_main_character_abilities_waaagh,false,true,true,0.0000,,,false,0.0000,0.0000,false,0.0000,data/unit_stats/source_exports/db/special_ability_phases_tables/data__.tsv,312,9.0.1
wh2_dlc15_army_abilities_wurrzags_waaagh,18.0000,positive,,false,false,0.0000,0.0000,0.0000,0.0000,0,0,false,0.0000,0.0000,false,0,,wh2_dlc10_waaagh,wh_main_character_abilities_waaagh,false,true,true,0.0000,,,false,0.0000,0.0000,false,0.0000,data/unit_stats/source_exports/db/special_ability_phases_tables/data__.tsv,313,9.0.1
wh2_dlc15_banner_passive_da_immortulz,-1.0000,positive,,false,false,0.0000,0.0000,0.0000,0.0000,0,0,false,0.0000,0.0000,false,0,,wh_main_generic_buff_defence_passive,,false,true,true,0.0000,,,false,0.0000,0.0000,false,0.0000,data/unit_stats/source_exports/db/special_ability_phases_tables/data__.tsv,314,9.0.1
wh2_dlc15_character_abilities_sausage_busta,36.0000,positive,,false,false,0.0000,0.0000,0.0000,0.0000,0,0,false,0.0000,0.0000,false,0,,wh2_dlc10_waaagh,wh_main_character_abilities_waaagh,false,true,true,0.0000,,,false,0.0000,0.0000,false,0.0000,data/unit_stats/source_exports/db/special_ability_phases_tables/data__.tsv,315,9.0.1
wh2_dlc15_character_abilities_slimy_smoothie,7.0000,positive,,false,false,0.0000,0.0000,0.0000,1.0000,0,0,false,0.0000,0.0000,false,0,,wh_main_generic_hp_regen_passive,,false,true,true,0.0000,,,false,0.0160,0.0000,false,0.0000,data/unit_stats/source_exports/db/special_ability_phases_tables/data__.tsv,316,9.0.1
wh2_dlc15_character_abilities_they_needs_stabbin,29.0000,negative,,false,false,0.0000,0.0000,0.0000,0.0000,0,0,false,0.0000,0.0000,false,0,,wh_main_generic_debuff_defence,wh_ability_negative_banner,false,true,true,0.0000,,,false,0.0000,0.0000,false,0.0000,data/unit_stats/source_exports/db/special_ability_phases_tables/data__.tsv,317,9.0.1
wh2_dlc15_character_abilities_wardens_cage,25.0000,negative,,true,false,0.0000,0.0000,0.0000,1.0000,20,1,false,0.0000,0.0000,false,0,,wh2_dlc15_abilities_wardens_cage,wh2_dlc15_ability_wardens_cage,false,true,true,0.0000,,,false,0.0000,0.0000,false,0.0000,data/unit_stats/source_exports/db/special_ability_phases_tables/data__.tsv,318,9.0.1
wh2_dlc15_hero_abilites_mither,15.0000,negative,,false,false,0.0000,0.0000,0.0000,0.0000,0,0,false,0.0000,0.0000,false,0,,wh_main_generic_debuff_morale,wh_ability_negative,false,true,true,0.0000,,,false,0.0000,0.0000,false,0.0000,data/unit_stats/source_exports/db/special_ability_phases_tables/data__.tsv,319,9.0.1
wh2_dlc15_hero_passive_ballistics_instructor,-1.0000,positive,,false,false,0.0000,0.0000,0.0000,0.0000,0,0,false,0.0000,0.0000,false,0,,wh_main_generic_ward_save_missile_passive,,false,true,true,0.0000,,,false,0.0000,0.0000,false,0.0000,data/unit_stats/source_exports/db/special_ability_phases_tables/data__.tsv,320,9.0.1
wh2_dlc15_item_abilities_armour_of_caledor,20.0000,positive,,true,false,-0.1000,0.0000,-120.0000,1.0000,0,0,false,0.0000,0.0000,false,0,,wh_main_generic_buff_attack_banner,wh_ability_positive,false,true,true,0.0000,,,false,0.0160,0.0000,false,0.0000,data/unit_stats/source_exports/db/special_ability_phases_tables/data__.tsv,321,9.0.1
wh2_dlc15_item_abilities_azhags_ard_armour,38.0000,positive,,false,false,0.0000,0.0000,0.0000,0.0000,0,0,false,0.0000,0.0000,false,0,,wh_main_generic_buff_defence,wh_ability_positive,false,true,true,0.0000,,,false,0.0000,0.0000,false,0.0000,data/unit_stats/source_exports/db/special_ability_phases_tables/data__.tsv,322,9.0.1
wh2_dlc15_item_abilities_blood_forged_armour,12.0000,positive,,false,false,0.0000,0.0000,0.0000,0.0000,0,0,false,0.0000,0.0000,false,0,,,wh_ability_positive_one_shot,false,true,true,0.0000,,,false,0.0000,0.0000,false,0.0000,data/unit_stats/source_exports/db/special_ability_phases_tables/data__.tsv,323,9.0.1
wh2_dlc15_item_abilities_helm_of_yvresse,17.0000,positive,,false,false,0.0000,0.0000,0.0000,0.0000,0,0,false,0.0000,0.0000,false,0,,wh2_dlc15_ability_helm_of_yvresse,wh2_dlc15_ability_helm_of_yvreese,false,true,true,0.0000,,,false,0.0000,0.0000,false,0.0000,data/unit_stats/source_exports/db/special_ability_phases_tables/data__.tsv,324,9.0.1
wh2_dlc15_item_abilities_lucky_banner,25.0000,positive,,false,false,0.0000,0.0000,0.0000,0.0000,0,0,false,0.0000,0.0000,false,0,,wh_main_generic_buff_defence_passive,,false,false,true,0.0000,,,false,0.0000,0.0000,false,0.0000,data/unit_stats/source_exports/db/special_ability_phases_tables/data__.tsv,325,9.0.1
wh2_dlc15_item_abilities_vine_dragon_scale,14.0000,negative,,true,false,0.0000,0.0000,0.0000,0.0000,0,0,false,0.0000,0.0000,false,0,,wh2_dlc15_ability_vine_dragon_scale,wh2_dlc15_ability_dragon_vine_scales,false,true,true,0.0000,,,false,0.0000,0.0000,false,0.0000,data/unit_stats/source_exports/db/special_ability_phases_tables/data__.tsv,326,9.0.1
wh2_dlc15_lord_abilities_bad_trip,28.0000,negative,,false,false,0.0000,0.0000,0.0000,0.0000,0,0,false,0.0000,0.0000,false,0,,wh_main_generic_debuff_defence,wh_ability_negative_one_shot,false,true,true,0.0000,,,false,0.0000,0.0000,false,0.0000,data/unit_stats/source_exports/db/special_ability_phases_tables/data__.tsv,327,9.0.1
wh2_dlc15_lord_abilities_da_great_un_iz_ere,21.0000,positive,,false,false,0.0000,0.0000,0.0000,0.0000,0,0,false,0.0000,0.0000,false,0,,wh_main_generic_buff_defence,wh_ability_positive,false,true,true,0.0000,,,false,0.0000,0.0000,false,0.0000,data/unit_stats/source_exports/db/special_ability_phases_tables/data__.tsv,328,9.0.1
wh2_dlc15_lord_abilities_dont_even_try_it,18.0000,negative,,false,false,0.0000,0.0000,15.0000,2.0000,144,1,false,0.0000,0.0000,false,0,,wh_main_generic_hp_damage_passive,wh_ability_negative_one_shot,false,true,true,0.0000,,,false,0.0000,0.0000,false,0.0000,data/unit_stats/source_exports/db/special_ability_phases_tables/data__.tsv,329,9.0.1
wh2_dlc15_lord_abilities_dragonhorn,16.0000,positive,,false,false,0.0000,0.0000,0.0000,0.0000,0,0,false,0.0000,0.0000,false,0,,wh_main_generic_buff_attack,wh_ability_positive_aoe_army_wide,false,true,true,0.0000,,,false,0.0000,0.0000,false,0.0000,data/unit_stats/source_exports/db/special_ability_phases_tables/data__.tsv,330,9.0.1
wh2_dlc15_lord_abilities_lord_of_dragons,22.0000,negative,,false,false,0.0000,0.0000,0.0000,0.0000,0,0,false,0.0000,0.0000,false,0,,wh_main_generic_debuff_attack,wh_ability_negative,false,false,true,0.0000,,,false,0.0000,0.0000,false,0.0000,data/unit_stats/source_exports/db/special_ability_phases_tables/data__.tsv,331,9.0.1
wh2_dlc15_lord_abilities_smash_em_faster,30.0000,positive,,false,false,0.0000,0.0000,0.0000,0.0000,0,0,false,0.0000,0.0000,false,0,,wh_main_generic_buff_attack,wh_ability_positive_aoe,false,true,true,0.0000,,,false,0.0000,0.0000,false,0.0000,data/unit_stats/source_exports/db/special_ability_phases_tables/data__.tsv,332,9.0.1
wh2_dlc15_lord_abilities_wardens_stand,-1.0000,positive,,false,false,0.0000,0.0000,0.0000,0.0000,0,0,false,0.0000,0.0000,false,0,,wh_main_generic_buff_defence_morale_passive,,false,true,true,0.0000,,,false,0.0000,0.0000,false,0.0000,data/unit_stats/source_exports/db/special_ability_phases_tables/data__.tsv,333,9.0.1
wh2_dlc15_lord_abilities_youre_next,24.0000,negative,,false,false,0.0000,0.0000,0.0000,0.0000,0,0,false,0.0000,0.0000,false,0,,wh_main_generic_debuff_defence,wh_ability_negative,false,true,true,0.0000,,,false,0.0000,0.0000,false,0.0000,data/unit_stats/source_exports/db/special_ability_phases_tables/data__.tsv,334,9.0.1
wh2_dlc15_lord_passive_best_of_da_best,-1.0000,positive,,false,false,0.0000,0.0000,0.0000,0.0000,0,0,false,0.0000,0.0000,false,0,,wh_main_generic_buff_defence_passive,,false,true,true,0.0000,,,false,0.0000,0.0000,false,0.0000,data/unit_stats/source_exports/db/special_ability_phases_tables/data__.tsv,335,9.0.1
wh2_dlc15_lord_passive_language_of_da_boyz,-1.0000,positive,,false,false,0.0000,0.0000,0.0000,0.0000,0,0,false,0.0000,0.0000,false,0,,wh_main_generic_buff_morale_attack_passive,,false,true,false,0.0000,,,false,0.0000,0.0000,false,0.0000,data/unit_stats/source_exports/db/special_ability_phases_tables/data__.tsv,336,9.0.1
wh2_dlc15_lord_passive_mistwalkers_barrage,3.0000,positive,,false,false,0.0000,0.0000,0.0000,0.0000,0,0,false,0.0000,0.0000,false,0,,,,false,true,true,0.0000,,,false,0.0000,0.0000,false,0.0000,data/unit_stats/source_exports/db/special_ability_phases_tables/data__.tsv,337,9.0.1
wh2_dlc15_unit_abilities_exploding_unit,-1.0000,positive,,false,false,0.0000,0.0000,0.0000,0.0000,0,0,false,0.0000,0.0000,false,0,,wh2_dlc11_unit_passive_extra_powder,,false,true,true,0.0000,,,false,0.0000,0.0000,false,0.0000,data/unit_stats/source_exports/db/special_ability_phases_tables/data__.tsv,338,9.0.1
wh2_dlc15_unit_abilities_mighty_roar,25.0000,negative,,false,false,0.0000,0.0000,0.0000,0.0000,0,0,false,0.0000,0.0000,false,0,,wh2_dlc15_unit_abilities_mighty_roar,wh_ability_negative_aoe,false,false,true,0.0000,,,false,0.0000,0.0000,false,0.0000,data/unit_stats/source_exports/db/special_ability_phases_tables/data__.tsv,339,9.0.1
wh2_dlc15_unit_abilities_mimic_cold_blooded,40.0000,positive,,false,false,-0.1000,0.0000,0.0000,0.0000,0,0,false,0.0000,0.0000,false,0,,wh2_main_character_abilities_cold_blooded,wh2_main_ability_cold_blooded,false,true,true,0.0000,,,false,0.0000,0.0000,false,0.0000,data/unit_stats/source_exports/db/special_ability_phases_tables/data__.tsv,340,9.0.1
wh2_dlc15_unit_abilities_mimic_grand_hammer_of_faith,50.0000,positive,,false,false,0.0000,0.0000,0.0000,0.0000,0,0,false,0.0000,0.0000,false,0,,wh_main_generic_buff_attack_banner,wh_ability_positive_one_shot,false,true,true,0.0000,,,false,0.0000,0.0000,false,0.0000,data/unit_stats/source_exports/db/special_ability_phases_tables/data__.tsv,341,9.0.1
wh2_dlc15_unit_abilities_rock_bottom,1.0000,positive,,false,false,0.0000,0.0000,0.0000,1.0000,350,1,false,0.0000,0.0000,false,0,,,wh_ability_positive,false,true,true,0.3000,,,false,0.0000,0.0000,false,0.0000,data/unit_stats/source_exports/db/special_ability_phases_tables/data__.tsv,342,9.0.1
wh2_dlc15_unit_active_mimic_ruinshelter,60.0000,positive,,false,false,0.0000,0.0000,0.0000,0.0000,0,0,false,0.0000,0.0000,false,0,,wh_main_generic_buff_attack,,false,true,true,0.0000,,,false,0.0000,0.0000,false,0.0000,data/unit_stats/source_exports/db/special_ability_phases_tables/data__.tsv,343,9.0.1
wh2_dlc15_unit_contact_nightgoblin_poison,10.0000,negative,,false,false,0.0000,0.0000,0.0000,2.0000,4,4,false,0.0000,0.0000,false,0,,,,false,false,true,0.0000,,,false,0.0000,0.0000,false,0.0000,data/unit_stats/source_exports/db/special_ability_phases_tables/data__.tsv,344,9.0.1
wh2_dlc15_unit_contact_orrible_smell,10.0000,negative,,false,false,0.0000,0.0000,0.0000,0.0000,0,0,false,0.0000,0.0000,false,0,,,,false,false,true,0.0000,,,false,0.0000,0.0000,false,0.0000,data/unit_stats/source_exports/db/special_ability_phases_tables/data__.tsv,345,9.0.1
wh2_dlc15_unit_contact_rattled,20.0000,negative,,false,false,0.0000,0.0000,0.0000,0.0000,0,0,false,0.0000,0.0000,false,0,,,,false,false,true,0.0000,,,false,0.0000,0.0000,false,0.0000,data/unit_stats/source_exports/db/special_ability_phases_tables/data__.tsv,346,9.0.1
wh2_dlc15_unit_contact_scorched,10.0000,negative,,false,false,0.0000,0.0000,0.0000,0.0000,0,0,false,0.0000,0.0000,false,0,,,,false,false,true,0.0000,,,false,0.0000,0.0000,false,0.0000,data/unit_stats/source_exports/db/special_ability_phases_tables/data__.tsv,347,9.0.1
wh2_dlc15_unit_contact_shackolot_breath,20.0000,negative,,false,false,0.0000,0.0000,0.0000,0.0000,0,0,false,0.0000,0.0000,false,0,,,,false,false,true,0.0000,,,false,0.0000,0.0000,false,0.0000,data/unit_stats/source_exports/db/special_ability_phases_tables/data__.tsv,348,9.0.1
wh2_dlc15_unit_passive_ghostly_protection,-1.0000,positive,,false,false,0.0000,0.0000,0.0000,0.0000,0,0,false,0.0000,0.0000,false,0,,,,false,true,true,0.0000,,,false,0.0000,0.0000,false,0.0000,data/unit_stats/source_exports/db/special_ability_phases_tables/data__.tsv,349,9.0.1
wh2_dlc15_unit_passive_giant_explodin_spores,1.0000,positive,,false,false,0.0000,0.0000,0.0000,0.0000,0,0,false,0.0000,0.0000,false,0,,wh_main_generic_buff_attack,,false,true,true,0.0000,,,false,0.0000,0.0000,false,0.0000,data/unit_stats/source_exports/db/special_ability_phases_tables/data__.tsv,350,9.0.1
wh2_dlc15_unit_passive_gorduz_poison,-1.0000,positive,,false,false,0.0000,0.0000,0.0000,0.0000,0,0,false,0.0000,0.0000,false,0,wh3_dlc23_unit_contact_gorduz_poison,,,false,true,true,0.0000,,,false,0.0000,0.0000,false,0.0000,data/unit_stats/source_exports/db/special_ability_phases_tables/data__.tsv,351,9.0.1
wh2_dlc15_unit_passive_grim_discipline,-1.0000,positive,,false,false,0.0000,0.0000,0.0000,0.0000,0,0,false,0.0000,0.0000,false,0,,,,false,true,true,0.0000,,,false,0.0000,0.0000,false,0.0000,data/unit_stats/source_exports/db/special_ability_phases_tables/data__.tsv,352,9.0.1
wh2_dlc15_unit_passive_ignore_pain,-1.0000,positive,,false,false,0.0000,0.0000,0.0000,1.0000,0,0,false,0.0000,0.0000,false,0,,,,false,true,true,0.0000,,,false,0.0010,0.0000,false,0.0000,data/unit_stats/source_exports/db/special_ability_phases_tables/data__.tsv,353,9.0.1
wh2_dlc15_unit_passive_immense_power,-1.0000,positive,,false,false,0.0000,0.0000,0.0000,0.0000,0,0,false,0.0000,0.0000,false,0,wh_dlc06_unit_contact_sundered_armour,,,false,true,true,0.0000,,,false,0.0000,0.0000,false,0.0000,data/unit_stats/source_exports/db/special_ability_phases_tables/data__.tsv,354,9.0.1
wh2_dlc15_unit_passive_journeys_end,-1.0000,positive,,false,false,0.0000,0.0000,0.0000,0.0000,0,0,false,0.0000,0.0000,false,0,,wh_main_generic_buff_attack_passive,,false,true,true,0.0000,,,false,0.0000,0.0000,false,0.0000,data/unit_stats/source_exports/db/special_ability_phases_tables/data__.tsv,355,9.0.1
wh2_dlc15_unit_passive_mimic_ethereal,-1.0000,positive,,false,false,0.0000,0.0000,0.0000,0.0000,0,0,false,0.0000,0.0000,false,0,,,,false,true,true,0.0000,,,false,0.0000,0.0000,false,0.0000,data/unit_stats/source_exports/db/special_ability_phases_tables/data__.tsv,356,9.0.1
wh2_dlc15_unit_passive_mimic_forest_walker,-1.0000,positive,,false,false,0.0000,0.0000,0.0000,0.0000,0,0,false,0.0000,0.0000,false,0,,,,false,true,true,0.0000,,,false,0.0000,0.0000,false,0.0000,data/unit_stats/source_exports/db/special_ability_phases_tables/data__.tsv,357,9.0.1
wh2_dlc15_unit_passive_monstrous_disease,-1.0000,positive,,false,false,0.0000,0.0000,0.0000,0.0000,0,0,false,0.0000,0.0000,false,0,wh_main_unit_contact_morale,,,false,true,true,0.0000,,,false,0.0000,0.0000,false,0.0000,data/unit_stats/source_exports/db/special_ability_phases_tables/data__.tsv,358,9.0.1
wh2_dlc15_unit_passive_nightgoblin_poison,-1.0000,positive,,false,false,0.0000,0.0000,0.0000,0.0000,0,0,false,0.0000,0.0000,false,0,wh2_dlc15_unit_contact_nightgoblin_poison,,,false,true,true,0.0000,,,false,0.0000,0.0000,false,0.0000,data/unit_stats/source_exports/db/special_ability_phases_tables/data__.tsv,359,9.0.1
wh2_dlc15_unit_passive_omen_of_hope,-1.0000,positive,,false,false,-0.0100,0.0000,0.0000,0.0000,0,0,false,0.0000,0.0000,false,0,,wh_main_generic_buff_morale,,false,true,false,0.0000,,,false,0.0000,0.0000,false,0.0000,data/unit_stats/source_exports/db/special_ability_phases_tables/data__.tsv,360,9.0.1
wh2_dlc15_unit_passive_overwhelming_odour,-1.0000,negative,,false,false,0.0000,0.0000,0.0000,0.0000,0,0,false,0.0000,0.0000,false,0,,wh_main_generic_debuff_attack_passive,,false,true,true,0.0000,,,false,0.0000,0.0000,false,0.0000,data/unit_stats/source_exports/db/special_ability_phases_tables/data__.tsv,361,9.0.1
wh2_dlc15_unit_passive_padded_shield,-1.0000,positive,,false,false,0.0000,0.0000,0.0000,0.0000,0,0,false,0.0000,0.0000,false,0,,,,false,true,true,0.0000,,,false,0.0000,0.0000,false,0.0000,data/unit_stats/source_exports/db/special_ability_phases_tables/data__.tsv,362,9.0.1
wh2_dlc15_unit_passive_pump_harder_ladz,25.0000,positive,,false,false,0.0000,0.0000,0.0000,0.0000,0,0,false,0.0000,0.0000,false,0,,wh2_main_generic_buff_speed_passive,,false,true,true,0.0000,,,false,0.0000,0.0000,false,0.0000,data/unit_stats/source_exports/db/special_ability_phases_tables/data__.tsv,363,9.0.1
wh2_dlc15_unit_passive_regeneration_map,-1.0000,positive,,false,false,0.0000,0.0000,0.0000,1.0000,0,0,false,0.0000,0.0000,false,0,,,,false,true,true,0.0000,,,false,0.0010,0.0000,false,0.0000,data/unit_stats/source_exports/db/special_ability_phases_tables/data__.tsv,364,9.0.1
wh2_dlc15_unit_passive_rubble_and_ruin_tier_1,-1.0000,neutral,,false,false,0.0000,0.0000,0.0000,0.0000,0,0,false,0.0000,0.0000,false,0,,,,false,false,false,0.0000,,,false,0.0000,0.0000,false,0.0000,data/unit_stats/source_exports/db/special_ability_phases_tables/data__.tsv,365,9.0.1
wh2_dlc15_unit_passive_rubble_and_ruin_tier_2,-1.0000,neutral,,false,false,0.0000,0.0000,0.0000,0.0000,0,0,false,0.0000,0.0000,false,0,,,,false,false,false,0.0000,,,false,0.0000,0.0000,false,0.0000,data/unit_stats/source_exports/db/special_ability_phases_tables/data__.tsv,366,9.0.1
wh2_dlc15_unit_passive_rubble_and_ruin_tier_3,-1.0000,neutral,,false,false,0.0000,0.0000,0.0000,0.0000,0,0,false,0.0000,0.0000,false,0,,,,false,false,false,0.0000,,,false,0.0000,0.0000,false,0.0000,data/unit_stats/source_exports/db/special_ability_phases_tables/data__.tsv,367,9.0.1
wh2_dlc15_unit_passive_sorcery_weapon,-1.0000,positive,,false,false,0.0000,0.0000,0.0000,0.0000,0,0,false,0.2000,0.0000,false,0,,,,false,true,true,0.0000,,,false,0.0000,0.0000,false,0.0000,data/unit_stats/source_exports/db/special_ability_phases_tables/data__.tsv,368,9.0.1
wh2_dlc15_unit_passive_spiky_skin,-1.0000,positive,,false,false,0.0000,0.0000,0.0000,0.0000,0,0,false,0.0000,0.0000,false,0,,,,false,true,true,0.0000,,,false,0.0000,0.0000,false,0.0000,data/unit_stats/source_exports/db/special_ability_phases_tables/data__.tsv,369,9.0.1
wh2_dlc15_unit_passive_spirit_of_gork_or_mork,-1.0000,positive,,false,false,0.0000,0.0000,0.0000,0.0000,0,0,false,0.0000,0.0000,false,0,,wh_main_generic_buff_defence_morale_passive,,false,true,false,0.0000,,,false,0.0000,0.0000,false,0.0000,data/unit_stats/source_exports/db/special_ability_phases_tables/data__.tsv,370,9.0.1
wh2_dlc15_unit_passive_thermal_thorax,-1.0000,negative,,false,false,0.0000,0.0000,0.0000,1.0000,4,4,false,0.0000,0.0000,false,0,,wh_main_generic_hp_damage_passive,,false,true,true,0.0000,,,false,0.0000,0.0000,false,0.0000,data/unit_stats/source_exports/db/special_ability_phases_tables/data__.tsv,371,9.0.1
wh2_dlc15_unit_passive_unending_volley,5.0000,positive,,false,false,0.0000,0.0000,0.0000,0.0000,0,0,false,0.0000,0.0000,false,0,,wh_main_generic_buff_attack,,false,true,true,0.0300,,,false,0.0000,0.0000,false,0.0000,data/unit_stats/source_exports/db/special_ability_phases_tables/data__.tsv,372,9.0.1
wh2_dlc15_weapon_abilities_axe_of_grom,29.0000,positive,,false,false,0.0000,0.0000,0.0000,0.0000,0,0,false,0.0000,0.0000,false,0,wh_dlc06_unit_contact_sundered_armour,wh_main_generic_buff_attack_passive,,false,false,true,0.0000,,,false,0.0000,0.0000,false,0.0000,data/unit_stats/source_exports/db/special_ability_phases_tables/data__.tsv,373,9.0.1
wh2_dlc15_weapon_abilities_fangsword_of_eltharion,31.0000,positive,,false,false,0.0000,0.0000,0.0000,0.0000,0,0,false,0.0000,0.0000,true,0,,,,false,true,true,0.0000,,,false,0.0000,0.0000,false,0.0000,data/unit_stats/source_exports/db/special_ability_phases_tables/data__.tsv,374,9.0.1
wh2_dlc15_weapon_abilities_star_lance,29.0000,positive,,false,false,0.0000,0.0000,0.0000,0.0000,0,0,false,0.0000,0.0000,false,10,wh2_dlc12_unit_contact_flammable,wh2_main_generic_buff_speed_passive,wh_ability_positive,false,false,true,0.0000,,,false,0.0000,0.0000,false,0.0000,data/unit_stats/source_exports/db/special_ability_phases_tables/data__.tsv,375,9.0.1
wh2_dlc15_weapon_passive_slaggas_slashas,-1.0000,positive,,false,false,0.0000,0.0000,0.0000,0.0000,0,0,false,0.0000,0.0000,false,0,,wh_main_generic_buff_attack_passive,,false,true,true,0.0000,,,false,0.0000,0.0000,false,0.0000,data/unit_stats/source_exports/db/special_ability_phases_tables/data__.tsv,376,9.0.1
wh2_dlc16_army_abilities_siege_attacker_hidden,-1.0000,positive,,false,false,0.0000,0.0000,0.0000,0.0000,0,-1,false,0.0000,0.0000,false,0,,,,false,true,true,0.0000,,,false,0.0000,0.0000,false,0.0000,data/unit_stats/source_exports/db/special_ability_phases_tables/data__.tsv,377,9.0.1
wh2_dlc16_character_abilities_befuddlement_of_mischiefs,11.0000,negative,,true,false,0.0000,0.0000,0.0000,0.0000,0,-1,false,0.0000,0.0000,false,0,,wh_dlc05_ability_pray_of_anath_raema,wh2_main_unit_abilities_snare_net,false,true,true,0.0000,,,false,0.0000,0.0000,false,0.0000,data/unit_stats/source_exports/db/special_ability_phases_tables/data__.tsv,378,9.0.1
wh2_dlc16_character_abilities_blight_of_terrors,20.0000,negative,,false,false,0.0000,0.0000,0.0000,0.0000,0,0,false,0.0000,0.0000,false,0,,wh_main_generic_debuff_morale,wh_ability_negative_aoe,false,true,true,0.0000,,,false,0.0000,0.0000,false,0.0000,data/unit_stats/source_exports/db/special_ability_phases_tables/data__.tsv,379,9.0.1
wh2_dlc16_character_abilities_muster_of_malevolents,15.0000,negative,,false,false,1.0000,0.0000,0.0000,2.0000,144,1,false,0.0000,0.0000,false,0,,wh_dlc05_spell_shadow_melkoths_mystifying_miasma,wh_ability_negative_banner,false,true,true,0.0000,,,false,0.0000,0.0000,false,0.0000,data/unit_stats/source_exports/db/special_ability_phases_tables/data__.tsv,380,9.0.1
wh2_dlc16_character_abilities_pageant_of_shrikes,20.0000,negative,,false,false,0.0000,0.0000,0.0000,0.0000,0,-1,false,0.0000,0.0000,false,0,,wh_main_generic_debuff_attack,wh_ability_negative_banner,false,true,true,-0.6000,,,false,0.0000,0.0000,false,0.0000,data/unit_stats/source_exports/db/special_ability_phases_tables/data__.tsv,381,9.0.1
wh2_dlc16_character_passive_annoyance_of_netlings,-1.0000,negative,,false,false,0.0000,0.0000,0.0000,0.0000,0,-1,false,0.0000,0.0000,false,0,,wh_main_generic_debuff_attack_passive,,false,true,true,0.0000,,,false,0.0000,0.0000,false,0.0000,data/unit_stats/source_exports/db/special_ability_phases_tables/data__.tsv,382,9.0.1
wh2_dlc16_character_passive_cluster_of_radiants,-1.0000,positive,,false,false,0.0000,0.0000,0.0000,0.0000,0,-1,false,0.4000,0.0000,false,0,,,,false,true,true,0.0000,,,false,0.0000,0.0000,false,0.0000,data/unit_stats/source_exports/db/special_ability_phases_tables/data__.tsv,383,9.0.1
wh2_dlc16_character_passive_murder_of_spites,-1.0000,negative,,false,false,0.0000,0.0000,0.0000,1.0000,2,4,false,0.0000,0.0000,false,0,,wh_main_generic_hp_damage_passive,wh_ability_negative,false,true,true,0.0000,,,false,0.0000,0.0000,false,0.0000,data/unit_stats/source_exports/db/special_ability_phases_tables/data__.tsv,384,9.0.1
wh2_dlc16_character_passive_resplendence_of_luminescents,-1.0000,positive,,false,false,0.0000,0.0000,0.0000,0.0000,0,-1,false,0.0000,0.0000,false,0,,wh_main_generic_buff_attack_passive,,false,true,true,0.0000,,,false,0.0000,0.0000,false,0.0000,data/unit_stats/source_exports/db/special_ability_phases_tables/data__.tsv,385,9.0.1
wh2_dlc16_hero_abilities_evisceration,4.0000,negative,rebirth,true,false,0.0000,0.0000,0.0000,0.0000,0,-1,false,0.0000,0.0000,false,0,,,,false,true,true,0.0000,,,false,0.0000,0.0000,false,0.0000,data/unit_stats/source_exports/db/special_ability_phases_tables/data__.tsv,386,9.0.1
wh2_dlc16_hero_abilities_shock_collar,24.0000,positive,,false,false,0.0000,0.0000,0.0000,0.0000,0,-1,false,0.0000,0.0000,false,0,,wh_main_generic_buff_morale_attack,wh_ability_positive,false,true,true,0.0000,,,false,0.0000,0.0000,false,0.0000,data/unit_stats/source_exports/db/special_ability_phases_tables/data__.tsv,387,9.0.1
wh2_dlc16_hero_abilities_warp_frenzy,29.0000,positive,,false,false,0.0000,0.0000,0.0000,0.0000,0,-1,false,0.0000,0.0000,false,0,,wh_main_generic_buff_attack,,false,true,true,0.0000,,,false,0.0000,0.0000,false,0.0000,data/unit_stats/source_exports/db/special_ability_phases_tables/data__.tsv,388,9.0.1
wh2_dlc16_hero_passive_blood_shield,-1.0000,positive,,false,false,0.0000,0.0000,0.0000,0.0000,0,-1,false,0.0000,0.0000,false,0,,wh_main_generic_buff_defence_morale_passive,,false,true,true,0.0000,,,false,0.0000,0.0000,false,0.0000,data/unit_stats/source_exports/db/special_ability_phases_tables/data__.tsv,389,9.0.1
wh2_dlc16_hero_passive_dance_of_loec,-1.0000,positive,,false,false,0.0000,0.0000,0.0000,0.0000,0,-1,false,0.0000,0.0000,false,0,,wh_main_generic_buff_defence_passive,,false,true,true,0.0000,,,false,0.0000,0.0000,false,0.0000,data/unit_stats/source_exports/db/special_ability_phases_tables/data__.tsv,390,9.0.1
wh2_dlc16_hero_passive_fickle_guardian,-1.0000,positive,,false,false,0.0000,0.0000,0.0000,0.0000,0,-1,false,0.0000,0.0000,false,0,,wh_main_generic_buff_defence_passive,,false,true,true,0.0000,,,false,0.0000,0.0000,false,0.0000,data/unit_stats/source_exports/db/special_ability_phases_tables/data__.tsv,391,9.0.1
wh2_dlc16_hero_passive_possessed_by_the_trickster_god,-1.0000,positive,,false,false,0.0000,0.0000,0.0000,0.0000,0,-1,false,0.0000,0.0000,false,0,,wh_main_generic_buff_defence_passive,,false,true,true,0.0000,,,false,0.0000,0.0000,false,0.0000,data/unit_stats/source_exports/db/special_ability_phases_tables/data__.tsv,392,9.0.1
wh2_dlc16_hero_passive_power_grab,-1.0000,positive,,false,false,0.0000,0.0000,0.0000,0.0000,0,-1,false,0.0000,0.0000,false,0,,wh_main_generic_buff_morale,,false,true,true,0.0000,,,false,0.0000,0.0000,false,0.0000,data/unit_stats/source_exports/db/special_ability_phases_tables/data__.tsv,393,9.0.1
wh2_dlc16_hero_passive_running_with_the_pack,-1.0000,positive,,false,false,0.0000,0.0000,0.0000,1.0000,0,0,false,0.0000,0.0000,false,0,,wh_main_generic_hp_regen_passive,,false,true,true,0.0000,,,false,0.0010,0.0000,false,0.0000,data/unit_stats/source_exports/db/special_ability_phases_tables/data__.tsv,394,9.0.1
wh2_dlc16_item_abilities_berry_wine,14.0000,positive,,false,false,-0.1000,0.0000,0.0000,0.5000,0,-1,false,0.0000,0.0000,false,0,,wh_main_generic_hp_regen,wh2_dlc16_item_abilities_berry_wine,false,true,true,0.0000,,,false,0.0160,0.0000,false,0.0000,data/unit_stats/source_exports/db/special_ability_phases_tables/data__.tsv,395,9.0.1
wh2_dlc16_item_abilities_dreaming_ring_i,13.0000,positive,,false,false,0.0000,0.0000,0.0000,0.5000,0,0,false,0.0000,0.0000,false,0,,wh_main_generic_hp_regen,wh_ability_positive,false,true,true,0.0000,,,false,0.0080,0.0000,false,0.0000,data/unit_stats/source_exports/db/special_ability_phases_tables/data__.tsv,396,9.0.1
wh2_dlc16_item_abilities_dreaming_ring_ii,13.0000,positive,,false,false,0.0000,0.0000,0.0000,0.5000,0,0,false,0.0000,0.0000,false,0,,wh_main_generic_hp_regen,wh_ability_positive,false,true,true,0.0000,,,false,0.0160,0.0000,false,0.0000,data/unit_stats/source_exports/db/special_ability_phases_tables/data__.tsv,397,9.0.1
wh2_dlc16_item_abilities_dreaming_ring_iii,17.0000,positive,,false,false,-0.1000,0.0000,0.0000,0.5000,0,0,false,0.0000,0.0000,false,0,,wh_main_generic_hp_regen,wh_ability_positive,false,true,true,0.0000,,,false,0.0160,0.0000,false,0.0000,data/unit_stats/source_exports/db/special_ability_phases_tables/data__.tsv,398,9.0.1
wh2_dlc16_item_abilities_twilight_horn_i,33.0000,positive,,false,false,0.0000,0.0000,0.0000,0.0000,0,-1,false,0.0000,0.0000,false,0,,wh_main_generic_buff_attack,wh_ability_positive_one_shot,false,true,true,0.0000,,,false,0.0000,0.0000,false,0.0000,data/unit_stats/source_exports/db/special_ability_phases_tables/data__.tsv,399,9.0.1
wh2_dlc16_item_abilities_twilight_horn_ii,36.0000,positive,,false,false,0.0000,0.0000,0.0000,0.0000,0,-1,false,0.0000,0.0000,false,0,,wh_main_generic_buff_attack,wh_ability_positive_one_shot,false,true,true,0.0000,,,false,0.0000,0.0000,false,0.0000,data/unit_stats/source_exports/db/special_ability_phases_tables/data__.tsv,400,9.0.1
wh2_dlc16_item_passive_dragon_mask_i,-1.0000,negative,,false,false,0.0000,0.0000,0.0000,0.0000,0,-1,false,0.0000,0.0000,false,0,,wh_main_generic_debuff_defence_passive,,false,true,true,0.0000,,,false,0.0000,0.0000,false,0.0000,data/unit_stats/source_exports/db/special_ability_phases_tables/data__.tsv,401,9.0.1
wh2_dlc16_item_passive_dragon_mask_ii,-1.0000,negative,,false,false,0.0000,0.0000,0.0000,0.0000,0,-1,false,0.0000,0.0000,false,0,,wh_main_generic_debuff_defence_passive,,false,true,true,0.0000,,,false,0.0000,0.0000,false,0.0000,data/unit_stats/source_exports/db/special_ability_phases_tables/data__.tsv,402,9.0.1
wh2_dlc16_item_passive_dragon_mask_iii,-1.0000,negative,,false,false,0.0000,0.0000,0.0000,0.0000,0,-1,false,0.0000,0.0000,false,0,,wh_main_generic_debuff_defence_passive,,false,true,true,0.0000,,,false,0.0000,0.0000,false,0.0000,data/unit_stats/source_exports/db/special_ability_phases_tables/data__.tsv,403,9.0.1
wh2_dlc16_item_passive_fang_of_taalroth,15.0000,negative,,false,false,0.0000,0.0000,15.0000,0.0000,0,-1,false,0.0000,0.0000,false,0,,wh2_main_generic_debuff_wom,,false,true,true,0.0000,,,false,0.0000,0.0000,false,0.0000,data/unit_stats/source_exports/db/special_ability_phases_tables/data__.tsv,404,9.0.1
wh2_dlc16_item_passive_twilight_helm,-1.0000,positive,,false,false,0.0000,0.0000,0.0000,0.0000,0,-1,false,0.0000,0.0000,false,0,,wh_main_generic_buff_defence_passive,,false,true,true,0.0000,,,false,0.0000,0.0000,false,0.0000,data/unit_stats/source_exports/db/special_ability_phases_tables/data__.tsv,405,9.0.1
wh2_dlc16_lord_abilities_loecs_blessing,32.0000,positive,,false,false,0.0000,0.0000,0.0000,0.0000,0,-1,false,0.0000,0.0000,false,0,,wh2_dlc09_abilities_befalling_curse,wh2_dlc16_ability_loecs_blessing,false,true,true,0.0000,,,false,0.0000,0.0000,false,0.0000,data/unit_stats/source_exports/db/special_ability_phases_tables/data__.tsv,406,9.0.1
wh2_dlc16_lord_abilities_remouldered,24.0000,positive,,false,false,0.0000,0.0000,0.0000,1.0000,0,-1,false,0.0000,0.0000,false,0,,wh_main_generic_hp_regen,wh_ability_positive,false,true,true,0.0000,,,false,0.0050,0.0000,false,0.0000,data/unit_stats/source_exports/db/special_ability_phases_tables/data__.tsv,407,9.0.1
wh2_dlc16_lord_passive_ashen_fields,-1.0000,negative,,false,false,0.0000,0.0000,0.0000,0.0000,0,0,false,0.0000,0.0000,false,0,,,,false,false,true,0.0000,,,false,0.0000,0.0000,false,0.0000,data/unit_stats/source_exports/db/special_ability_phases_tables/data__.tsv,408,9.0.1
wh2_dlc16_lord_passive_ceithin_hars_tenacity,-1.0000,positive,,false,false,0.0000,0.0000,0.0000,0.0000,0,-1,false,0.0000,0.0000,false,0,,wh_main_generic_buff_attack_passive,,false,true,true,0.0000,,,false,0.0000,0.0000,false,0.0000,data/unit_stats/source_exports/db/special_ability_phases_tables/data__.tsv,409,9.0.1
wh2_dlc16_lord_passive_conjoined_destiny_countdown,30.0000,positive,,false,false,0.0000,0.0000,0.0000,0.0000,0,-1,false,0.0000,0.0000,false,0,,wh2_dlc16_abilities_conjoined_destiny_countdown,wh2_dlc16_ability_conjoined_destiny_countdown,false,true,true,0.0000,,,false,0.0000,0.0000,false,0.0000,data/unit_stats/source_exports/db/special_ability_phases_tables/data__.tsv,410,9.0.1
wh2_dlc16_lord_passive_conjoined_destiny_heal,1.1000,positive,,false,false,0.0000,0.0000,0.0000,1.0000,0,-1,false,0.0000,0.0000,false,0,,wh2_main_unit_passive_rebirth,,false,true,true,0.0000,,,false,0.2500,0.0000,false,0.0000,data/unit_stats/source_exports/db/special_ability_phases_tables/data__.tsv,411,9.0.1
wh2_dlc16_lord_passive_fanatical_resolve_1,-1.0000,positive,,false,false,0.0000,0.0000,0.0000,0.0000,0,-1,false,0.0000,0.0000,false,0,,wh_main_generic_buff_attack_passive,,false,true,true,0.0000,,,false,0.0000,0.0000,false,0.0000,data/unit_stats/source_exports/db/special_ability_phases_tables/data__.tsv,412,9.0.1
wh2_dlc16_lord_passive_gwindalors_vantage,-1.0000,positive,,false,false,0.0000,0.0000,0.0000,0.0000,0,-1,false,0.0000,0.0000,false,0,,wh_main_generic_buff_attack_passive,,false,true,true,0.0000,,,false,0.0000,0.0000,false,0.0000,data/unit_stats/source_exports/db/special_ability_phases_tables/data__.tsv,413,9.0.1
wh2_dlc16_lord_passive_master_controller,-1.0000,positive,,false,false,0.0000,0.0000,0.0000,0.0000,0,-1,false,0.0000,0.0000,false,0,,wh_main_generic_buff_defence_morale_passive,,false,true,true,0.0000,,,false,0.0000,0.0000,false,0.0000,data/unit_stats/source_exports/db/special_ability_phases_tables/data__.tsv,414,9.0.1
wh2_dlc16_lord_passive_orion_forest_spotting,-1.0000,positive,,false,false,0.0000,0.0000,0.0000,0.0000,0,-1,false,0.0000,0.0000,false,0,,,,false,true,false,0.0000,,,false,0.0000,0.0000,false,0.0000,data/unit_stats/source_exports/db/special_ability_phases_tables/data__.tsv,415,9.0.1
wh2_dlc16_lore_passive_ancients_protection,15.0000,positive,,false,false,0.0000,0.0000,0.0000,0.0000,0,-1,false,0.0000,0.0000,false,0,,,,false,true,true,0.0000,,,false,0.0000,0.0000,false,0.0000,data/unit_stats/source_exports/db/special_ability_phases_tables/data__.tsv,416,9.0.1
wh2_dlc16_lore_passive_wrath_of_the_wood,15.0000,positive,,false,false,0.0000,0.0000,0.0000,0.0000,0,-1,false,0.0000,0.0000,false,0,,,,false,true,true,0.0000,,,false,0.0000,0.0000,false,0.0000,data/unit_stats/source_exports/db/special_ability_phases_tables/data__.tsv,417,9.0.1
wh2_dlc16_unit_abilities_acidic_musk_glands,19.0000,negative,,false,false,0.0000,0.0000,0.0000,1.0000,9,18,false,0.0000,0.0000,false,0,,wh2_dlc16_acidic_musk_glands,wh_ability_negative,false,true,true,0.0000,,,false,0.0000,0.0000,false,0.0000,data/unit_stats/source_exports/db/special_ability_phases_tables/data__.tsv,418,9.0.1
wh2_dlc16_unit_abilities_cellular_instability,6.0000,negative,,false,false,0.0000,0.0000,0.0000,0.5000,50,1,false,0.0000,0.0000,false,0,,,,false,true,true,0.0000,,,false,0.0000,0.0000,false,0.0000,data/unit_stats/source_exports/db/special_ability_phases_tables/data__.tsv,419,9.0.1
wh2_dlc16_unit_abilities_fluid_injection,22.0000,positive,,false,false,0.0000,0.0000,0.0000,0.0000,0,-1,false,0.0000,0.0000,false,0,,wh_main_generic_buff_attack,wh_ability_positive,false,true,true,0.0000,,,false,0.0000,0.0000,false,0.0000,data/unit_stats/source_exports/db/special_ability_phases_tables/data__.tsv,420,9.0.1
wh2_dlc16_unit_abilities_neuroparasites,21.0000,positive,,false,false,0.0000,0.0000,0.0000,0.5000,0,-1,true,0.0000,0.0000,false,0,,wh3_dlc23_skv_neuroparasites,wh2_ability_neuroparasites,false,true,true,0.0000,,,false,0.0160,0.0000,false,0.0000,data/unit_stats/source_exports/db/special_ability_phases_tables/data__.tsv,421,9.0.1
wh2_dlc16_unit_abilities_whirling_death,-1.0000,positive,,false,false,0.0000,0.0000,0.0000,0.0000,0,-1,false,0.0000,0.0000,false,0,,wh_main_generic_buff_attack,,false,true,true,0.0000,,,true,0.0000,0.0000,false,0.0000,data/unit_stats/source_exports/db/special_ability_phases_tables/data__.tsv,422,9.0.1
wh2_dlc16_unit_contact_cursed,10.0000,negative,,false,false,0.0000,0.0000,0.0000,2.0000,4,25,false,0.0000,0.0000,false,0,,wh2_dlc14_spell_stealth_brittle_bone,,false,true,true,0.0000,,,false,0.0000,0.0000,false,0.0000,data/unit_stats/source_exports/db/special_ability_phases_tables/data__.tsv,423,9.0.1
wh2_dlc16_unit_contact_weakened,30.0000,negative,,false,false,0.0000,0.0000,0.0000,0.0000,0,0,false,0.0000,0.0000,false,0,,,,false,false,true,0.0000,,,false,0.0000,0.0000,false,0.0000,data/unit_stats/source_exports/db/special_ability_phases_tables/data__.tsv,424,9.0.1
wh2_dlc16_unit_passive_glamoured,-1.0000,negative,,false,false,0.0000,0.0000,0.0000,0.0000,0,-1,false,0.0000,0.0000,false,0,,wh2_dlc16_abilities_passive_glamoured,,false,true,true,0.0000,,,false,0.0000,0.0000,false,0.0000,data/unit_stats/source_exports/db/special_ability_phases_tables/data__.tsv,425,9.0.1
wh2_dlc16_unit_passive_glamoured_lv2,-1.0000,negative,,false,false,0.0000,0.0000,0.0000,0.0000,0,-1,false,0.0000,0.0000,false,0,,wh2_dlc16_abilities_passive_glamoured,,false,true,true,0.0000,,,false,0.0000,0.0000,false,0.0000,data/unit_stats/source_exports/db/special_ability_phases_tables/data__.tsv,426,9.0.1
wh2_dlc16_unit_passive_instability_1,-1.0000,negative,,false,false,0.0000,0.0000,0.0000,0.5000,8,1,false,0.0000,0.0000,false,0,,wh_main_generic_hp_damage_passive,,false,true,true,0.0000,,,false,0.0000,0.0000,false,0.0000,data/unit_stats/source_exports/db/special_ability_phases_tables/data__.tsv,427,9.0.1
wh2_dlc16_unit_passive_instability_2,-1.0000,negative,,false,false,0.0000,0.0000,0.0000,0.5000,8,1,false,0.0000,0.0000,false,0,,wh_main_generic_hp_damage_passive,,false,true,true,0.0000,,,false,0.0000,0.0000,false,0.0000,data/unit_stats/source_exports/db/special_ability_phases_tables/data__.tsv,428,9.0.1
wh2_dlc16_unit_passive_instability_3,-1.0000,negative,,false,false,0.0000,0.0000,0.0000,0.5000,8,1,false,0.0000,0.0000,false,0,,wh_main_generic_hp_damage_passive,,false,true,true,0.0000,,,false,0.0000,0.0000,false,0.0000,data/unit_stats/source_exports/db/special_ability_phases_tables/data__.tsv,429,9.0.1
wh2_dlc16_unit_passive_instability_4,1.0000,negative,,false,false,0.0000,0.0000,0.0000,0.1000,1000,-1,false,0.0000,0.0000,false,0,,,,false,true,true,0.0000,,,false,0.0000,0.0000,false,0.0000,data/unit_stats/source_exports/db/special_ability_phases_tables/data__.tsv,430,9.0.1
wh2_dlc16_unit_passive_instability_4_buffer,0.1000,negative,,false,false,0.0000,0.0000,0.0000,0.0000,0,0,false,0.0000,0.0000,false,0,,,,false,true,true,0.0000,,,false,0.0000,0.0000,false,0.0000,data/unit_stats/source_exports/db/special_ability_phases_tables/data__.tsv,431,9.0.1
wh2_dlc16_unit_passive_madness_of_khaine,-1.0000,positive,,false,false,0.0000,0.0000,0.0000,0.0000,0,-1,false,0.0000,0.0000,false,0,wh2_main_unit_contact_witch_elf_poison,,,false,true,true,0.0000,,,false,0.0000,0.0000,false,0.0000,data/unit_stats/source_exports/db/special_ability_phases_tables/data__.tsv,432,9.0.1
wh2_dlc16_unit_passive_propane_perspiration,-1.0000,negative,,false,false,0.0000,0.0000,0.0000,0.0000,0,-1,false,0.0000,0.0000,false,0,,wh_main_generic_debuff_defence_passive,,false,true,true,0.0000,,,false,0.0000,0.0000,false,0.0000,data/unit_stats/source_exports/db/special_ability_phases_tables/data__.tsv,433,9.0.1
wh2_dlc16_unit_passive_scurry_away_improved,-1.0000,positive,,false,false,0.0000,0.0000,0.0000,0.0000,0,-1,false,0.0000,0.0000,false,0,,wh2_main_generic_buff_speed_passive,,false,true,true,0.0000,,,false,0.0000,0.0000,false,0.0000,data/unit_stats/source_exports/db/special_ability_phases_tables/data__.tsv,434,9.0.1
wh2_dlc16_unit_passive_unbinding_critical_forest_dragon,5.0000,negative,,false,false,0.0000,0.0000,0.0000,0.2000,1000,10,false,0.0000,0.0000,false,0,,wh_main_bound_entity_energy_large_extreme,wh2_dlc13_ability_summon_unbinding_generic_phase_03,false,true,true,0.0000,,,false,0.0000,0.0000,false,0.0000,data/unit_stats/source_exports/db/special_ability_phases_tables/data__.tsv,435,9.0.1
wh2_dlc16_unit_passive_unbinding_dryads,53.0000,negative,,false,false,0.0000,0.0000,0.0000,0.0000,0,0,false,0.0000,0.0000,false,0,,wh_main_bound_entity_energy_small,wh2_dlc13_ability_summon_unbinding_generic_small_phase_01,false,true,true,0.0000,,,false,0.0000,0.0000,false,0.0000,data/unit_stats/source_exports/db/special_ability_phases_tables/data__.tsv,436,9.0.1
wh2_dlc16_unit_passive_unbinding_forest_dragon,30.0000,negative,,false,false,0.0000,0.0000,0.0000,0.0000,0,0,false,0.0000,0.0000,false,0,,wh2_main_bound_entity_energy_eagle,wh2_dlc13_ability_summon_unbinding_generic_large_phase_01,false,true,true,0.0000,,,false,0.0000,0.0000,false,0.0000,data/unit_stats/source_exports/db/special_ability_phases_tables/data__.tsv,437,9.0.1
wh2_dlc16_unit_passive_unbinding_rat_ogres,42.0000,negative,,false,false,0.0000,0.0000,0.0000,0.0000,0,0,false,0.0000,0.0000,false,0,,wh_main_bound_entity_energy_large,wh2_dlc13_ability_summon_unbinding_generic_large_phase_01,false,true,true,0.0000,,,false,0.0000,0.0000,false,0.0000,data/unit_stats/source_exports/db/special_ability_phases_tables/data__.tsv,438,9.0.1
wh2_dlc16_unit_passive_unbinding_weak_forest_dragon,30.0000,negative,,false,false,0.0000,0.0000,0.0000,0.2000,8,1,false,0.0000,0.0000,false,0,,wh_main_bound_entity_energy_large_low,wh2_dlc13_ability_summon_unbinding_generic_large_phase_02,false,true,true,0.0000,,,false,0.0000,0.0000,false,0.0000,data/unit_stats/source_exports/db/special_ability_phases_tables/data__.tsv,439,9.0.1
wh2_dlc16_unit_passive_unbinding_wolf_rats,55.0000,negative,,false,false,0.0000,0.0000,0.0000,0.0000,0,0,false,0.0000,0.0000,false,0,,wh_main_bound_entity_energy_small,wh2_dlc13_ability_summon_unbinding_generic_small_phase_01,false,true,true,0.0000,,,false,0.0000,0.0000,false,0.0000,data/unit_stats/source_exports/db/special_ability_phases_tables/data__.tsv,440,9.0.1
wh2_dlc16_unit_passive_yewberry_infusion,-1.0000,positive,,false,false,0.0000,0.0000,0.0000,0.0000,0,-1,false,0.0000,0.0000,false,0,wh_main_unit_contact_poison,wh_main_generic_buff_attack_passive,,false,true,true,0.0000,,,false,0.0000,0.0000,false,0.0000,data/unit_stats/source_exports/db/special_ability_phases_tables/data__.tsv,441,9.0.1
wh2_dlc16_weapon_abilities_creature_killer,38.0000,positive,,false,false,0.0000,0.0000,0.0000,0.0000,0,-1,false,0.0000,0.0000,false,0,,wh_main_generic_buff_attack,wh_ability_positive_aoe,false,true,true,0.0000,,,false,0.0000,0.0000,false,0.0000,data/unit_stats/source_exports/db/special_ability_phases_tables/data__.tsv,442,9.0.1
wh2_dlc16_weapon_abilities_dragon_spear,25.0000,positive,,false,false,0.0000,0.0000,0.0000,0.0000,0,-1,false,0.0000,0.0000,false,0,,wh_main_generic_buff_attack,,false,true,true,0.0000,,,false,0.0000,0.0000,false,0.0000,data/unit_stats/source_exports/db/special_ability_phases_tables/data__.tsv,443,9.0.1
wh2_dlc16_weapon_abilities_eagle_bow,25.0000,positive,,false,false,0.0000,0.0000,0.0000,0.0000,0,-1,false,0.0000,0.0000,false,0,,wh_main_generic_buff_attack,wh_ability_positive_banner,false,true,true,0.0000,,,false,0.0000,0.0000,false,0.0000,data/unit_stats/source_exports/db/special_ability_phases_tables/data__.tsv,444,9.0.1
wh2_dlc17_army_abilities_ancestral_rune_of_grungni,35.0000,positive,,false,false,0.0000,0.0000,0.0000,0.0000,0,-1,false,0.0000,0.0000,false,0,,wh2_dlc13_abilities_protection_of_quetzl,wh2_dlc17_ability_ancestral_rune_of_grugni,false,true,true,0.0000,,,false,0.0000,0.0000,false,0.0000,data/unit_stats/source_exports/db/special_ability_phases_tables/data__.tsv,445,9.0.1
wh2_dlc17_army_abilities_ancestral_rune_of_valaya,24.0000,positive,,false,false,-0.1000,0.0000,0.0000,1.0000,0,0,false,0.0000,0.0000,false,0,,wh2_dlc17_ability_ancestral_rune_of_valaya_banner_buff,wh2_dlc17_ability_ancestral_rune_of_valaya,false,true,true,0.0000,,,false,0.0160,0.0000,false,0.0000,data/unit_stats/source_exports/db/special_ability_phases_tables/data__.tsv,446,9.0.1
wh2_dlc17_army_abilities_cacophonous_assault,45.0000,negative,,false,false,0.0000,0.0000,0.0000,0.0000,0,-1,false,0.0000,0.0000,false,0,,wh_main_generic_debuff_morale_passive,wh_ability_negative_aoe,false,true,true,0.0000,,,false,0.0000,0.0000,false,0.0000,data/unit_stats/source_exports/db/special_ability_phases_tables/data__.tsv,447,9.0.1
wh2_dlc17_army_abilities_cacophonous_assault_upgraded,60.0000,negative,,false,false,0.0000,0.0000,0.0000,0.0000,0,-1,false,0.0000,0.0000,false,0,,wh_main_generic_debuff_morale_passive,wh_ability_negative_aoe,false,true,true,0.0000,,,false,0.0000,0.0000,false,0.0000,data/unit_stats/source_exports/db/special_ability_phases_tables/data__.tsv,448,9.0.1
wh2_dlc17_army_abilities_touched_by_the_moon_1,44.0000,positive,,false,false,0.0000,0.0000,0.0000,0.0000,0,-1,false,0.0000,0.0000,false,0,,wh2_dlc10_primalrampage3,wh_dlc03_spell_wild_mantle_of_ghorok,false,true,true,0.0000,,,false,0.0000,0.0000,false,0.0000,data/unit_stats/source_exports/db/special_ability_phases_tables/data__.tsv,449,9.0.1
wh2_dlc17_army_abilities_touched_by_the_moon_2,1.0000,negative,,false,false,0.0000,0.0000,0.0000,0.2000,1500,10,false,0.0000,0.0000,false,0,,wh_main_bound_entity_energy_small_extreme,,false,true,true,0.0000,,,false,0.0000,0.0000,false,0.0000,data/unit_stats/source_exports/db/special_ability_phases_tables/data__.tsv,450,9.0.1
wh2_dlc17_army_abilities_vile_entropy,20.0000,negative,,false,false,0.0000,0.0000,0.0000,0.0000,0,-1,false,0.0000,0.0000,false,0,,wh2_main_spell_plague_wither,wh2_main_spell_plague_wither,false,true,true,-0.6000,,,false,0.0000,0.0000,false,0.0000,data/unit_stats/source_exports/db/special_ability_phases_tables/data__.tsv,451,9.0.1
wh2_dlc17_character_abilities_hunter_of_champions_upgraded,24.0000,negative,,true,false,0.0000,0.0000,0.0000,0.0000,0,-1,false,0.0000,0.0000,false,0,,wh_dlc08_spell_nor_hunter_of_champions,wh_ability_negative,false,true,true,0.0000,,,false,0.0000,0.0000,false,0.0000,data/unit_stats/source_exports/db/special_ability_phases_tables/data__.tsv,452,9.0.1
wh2_dlc17_hero_passive_something_wicked_this_way_comes_upgrade,-1.0000,negative,,false,false,0.0000,0.0000,0.0000,0.0000,0,-1,false,0.0000,0.0000,false,0,,,,false,true,true,0.0000,,,false,0.0000,0.0000,false,0.0000,data/unit_stats/source_exports/db/special_ability_phases_tables/data__.tsv,453,9.0.1
wh2_dlc17_hero_passive_will_of_the_dark_gods,-1.0000,positive,,false,false,0.0000,0.0000,0.0000,0.0000,0,-1,false,0.0000,0.0000,false,0,,wh_main_generic_buff_defence_morale_passive,,false,true,true,0.0000,,,false,0.0000,0.0000,false,0.0000,data/unit_stats/source_exports/db/special_ability_phases_tables/data__.tsv,454,9.0.1
wh2_dlc17_item_passive_thoreks_rune_armour,-1.0000,positive,,false,false,0.0000,0.0000,0.0000,0.0000,0,-1,false,0.0000,0.0000,false,0,,wh_main_generic_buff_defence_passive,,false,true,true,0.0000,,,false,0.0000,0.0000,false,0.0000,data/unit_stats/source_exports/db/special_ability_phases_tables/data__.tsv,455,9.0.1
wh2_dlc17_lord_abilities_barbed_knuckle_boxing,29.0000,positive,,false,false,0.0000,0.0000,0.0000,0.0000,0,0,false,0.0000,0.0000,false,0,,wh_main_generic_buff_attack,wh_ability_positive,false,true,true,0.0000,,,false,0.0000,0.0000,false,0.0000,data/unit_stats/source_exports/db/special_ability_phases_tables/data__.tsv,456,9.0.1
wh2_dlc17_lord_abilities_brass_body,41.0000,positive,,false,false,0.0000,0.0000,0.0000,0.0000,0,-1,false,0.0000,0.0000,false,0,,wh_main_generic_buff_defence,wh_ability_positive,false,true,true,0.0000,,,false,0.0000,0.0000,false,0.0000,data/unit_stats/source_exports/db/special_ability_phases_tables/data__.tsv,457,9.0.1
wh2_dlc17_lord_abilities_master_predator,-1.0000,positive,,false,false,0.0000,0.0000,0.0000,0.0000,0,-1,false,0.0000,0.0000,false,0,,wh_main_generic_buff_attack,,false,true,true,0.0000,,,false,0.0000,0.0000,false,0.0000,data/unit_stats/source_exports/db/special_ability_phases_tables/data__.tsv,458,9.0.1
wh2_dlc17_lord_abilities_rune_of_doom,16.0000,positive,,false,false,0.0000,0.0000,0.0000,0.0000,0,-1,false,0.0000,0.0000,false,0,,wh2_dlc17_ability_banner_rune_of_doom,wh_ability_positive_aoe_army_wide,false,true,true,0.0000,,,false,0.0000,0.0000,false,0.0000,data/unit_stats/source_exports/db/special_ability_phases_tables/data__.tsv,459,9.0.1
wh2_dlc17_lord_passive_aura_of_dark_majesty_upgrade,-1.0000,negative,,false,false,0.0000,0.0000,0.0000,0.0000,0,-1,false,0.0000,0.0000,false,0,,wh_main_generic_debuff_morale_passive,,false,true,true,0.0000,,,false,0.0000,0.0000,false,0.0000,data/unit_stats/source_exports/db/special_ability_phases_tables/data__.tsv,460,9.0.1
wh2_dlc17_lord_passive_distorted_reality,-1.0000,negative,,false,false,0.0000,0.0000,0.0000,0.0000,0,-1,false,0.0000,0.0000,false,0,,wh_main_generic_debuff_attack_passive,,false,true,true,0.0000,,,false,0.0000,0.0000,false,0.0000,data/unit_stats/source_exports/db/special_ability_phases_tables/data__.tsv,461,9.0.1
wh2_dlc17_lord_passive_master_of_the_ancient_lore,5.0000,positive,,false,false,0.0000,0.0000,-5.0000,0.0000,0,-1,false,0.0000,0.0000,false,0,,wh2_main_generic_buff_wom_banner,,false,true,true,0.0000,,,false,0.0000,0.0000,false,0.0000,data/unit_stats/source_exports/db/special_ability_phases_tables/data__.tsv,462,9.0.1
wh2_dlc17_lord_passive_shattering_aura,-1.0000,negative,,false,false,0.0000,0.0000,0.0000,0.0000,0,-1,false,0.0000,0.0000,false,0,,wh_main_generic_debuff_defence_passive,,false,true,true,0.0000,,,false,0.0000,0.0000,false,0.0000,data/unit_stats/source_exports/db/special_ability_phases_tables/data__.tsv,463,9.0.1
wh2_dlc17_passive_aura_of_vile_transmutation,-1.0000,negative,,false,false,0.0000,0.0000,0.0000,1.0000,8,4,false,0.0000,0.0000,false,0,,wh_main_generic_hp_damage_passive,,false,true,true,0.0000,,,false,0.0000,0.0000,false,0.0000,data/unit_stats/source_exports/db/special_ability_phases_tables/data__.tsv,464,9.0.1
wh2_dlc17_rune_abilities_master_rune_of_breaking,55.0000,positive,,false,false,0.0000,0.0000,0.0000,0.0000,0,-1,false,0.0000,0.0000,false,0,wh_dlc06_unit_contact_sundered_armour,wh_main_shadow_buff_attack_passive,wh2_dlc17_ability_rune_of_breaking,false,true,true,0.0000,,,false,0.0000,0.0000,false,0.0000,data/unit_stats/source_exports/db/special_ability_phases_tables/data__.tsv,465,9.0.1
wh2_dlc17_rune_abilities_master_rune_of_slowness,45.0000,negative,,false,false,0.0000,0.0000,0.0000,0.0000,0,-1,false,0.0000,0.0000,false,0,,wh_main_generic_debuff_defence,wh2_dlc17_ability_rune_of_slowness,false,true,true,0.0000,,,false,0.0000,0.0000,false,0.0000,data/unit_stats/source_exports/db/special_ability_phases_tables/data__.tsv,466,9.0.1
wh2_dlc17_rune_abilities_master_rune_of_speed,40.0000,positive,,false,false,0.0000,0.0000,0.0000,0.0000,0,-1,false,0.0000,0.0000,false,0,,wh_main_generic_buff_attack,wh2_dlc17_ability_rune_of_speed,false,true,true,0.0000,,,false,0.0000,0.0000,false,0.0000,data/unit_stats/source_exports/db/special_ability_phases_tables/data__.tsv,467,9.0.1
wh2_dlc17_rune_abilities_rune_of_breaking,33.0000,positive,,false,false,0.0000,0.0000,0.0000,0.0000,0,-1,false,0.0000,0.0000,false,0,wh_dlc06_unit_contact_sundered_armour,wh_main_shadow_buff_attack_passive,wh2_dlc17_ability_rune_of_breaking,false,true,true,0.0000,,,false,0.0000,0.0000,false,0.0000,data/unit_stats/source_exports/db/special_ability_phases_tables/data__.tsv,468,9.0.1
wh2_dlc17_rune_abilities_rune_of_slowness,30.0000,negative,,false,false,0.0000,0.0000,0.0000,0.0000,0,-1,false,0.0000,0.0000,false,0,,wh_main_generic_debuff_defence,wh2_dlc17_ability_rune_of_slowness,false,true,true,0.0000,,,false,0.0000,0.0000,false,0.0000,data/unit_stats/source_exports/db/special_ability_phases_tables/data__.tsv,469,9.0.1
wh2_dlc17_rune_abilities_rune_of_speed,30.0000,positive,,false,false,0.0000,0.0000,0.0000,0.0000,0,-1,false,0.0000,0.0000,false,0,,wh_main_generic_buff_attack,wh2_dlc17_ability_rune_of_speed,false,true,true,0.0000,,,false,0.0000,0.0000,false,0.0000,data/unit_stats/source_exports/db/special_ability_phases_tables/data__.tsv,470,9.0.1
wh2_dlc17_rune_passive_master_rune_of_spite,-1.0000,negative,,false,false,0.0000,0.0000,0.0000,1.0000,4,4,false,0.0000,0.0000,false,0,,wh_main_generic_hp_damage_passive,,false,true,true,0.0000,,,false,0.0000,0.0000,false,0.0000,data/unit_stats/source_exports/db/special_ability_phases_tables/data__.tsv,471,9.0.1
wh2_dlc17_spell_bound_unending_flock_of_doom,-1.0000,negative,,false,false,0.0000,0.0000,0.0000,1.0000,6,4,false,0.0000,0.0000,false,0,,wh_dlc03_spell_beasts_flock_of_doom_upgraded,wh_dlc03_spell_beasts_flock_of_doom,false,true,true,0.0000,,,false,0.0000,0.0000,false,0.0000,data/unit_stats/source_exports/db/special_ability_phases_tables/data__.tsv,472,9.0.1
wh2_dlc17_spell_wild_mantle_of_ghorok_upgraded,52.0000,positive,,false,false,0.0000,0.0000,0.0000,0.0000,0,0,false,0.0000,0.0000,false,0,,wh_dlc03_spell_wild_mantle_of_ghorok,wh_dlc03_spell_wild_mantle_of_ghorok,false,true,true,0.0000,,,false,0.0000,0.0000,false,0.0000,data/unit_stats/source_exports/db/special_ability_phases_tables/data__.tsv,473,9.0.1
wh2_dlc17_unit_abilities_primeval_roar,31.0000,positive,,false,false,0.0000,0.0000,0.0000,0.0000,0,-1,false,0.0000,0.0000,false,0,,wh_main_generic_buff_attack,wh_ability_positive,false,true,true,0.0000,,,false,0.0000,0.0000,false,0.0000,data/unit_stats/source_exports/db/special_ability_phases_tables/data__.tsv,474,9.0.1
wh2_dlc17_unit_contact_dazed,10.0000,negative,,false,false,0.0000,0.0000,0.0000,0.0000,0,0,false,0.0000,0.0000,false,0,,,,false,false,true,0.0000,,,false,0.0000,0.0000,false,0.0000,data/unit_stats/source_exports/db/special_ability_phases_tables/data__.tsv,475,9.0.1
wh2_dlc17_unit_contact_slow_death,15.0000,negative,,false,false,0.0000,0.0000,0.0000,2.0000,44,1,false,0.0000,0.0000,false,0,,wh2_dlc14_spell_stealth_brittle_bone,,false,false,true,0.0000,,,false,0.0000,0.0000,false,0.0000,data/unit_stats/source_exports/db/special_ability_phases_tables/data__.tsv,476,9.0.1
wh2_dlc17_unit_contact_soteks_poison,2.0000,negative,,false,false,0.0000,0.0000,0.0000,1.0000,0,0,false,0.0000,0.0000,false,0,,wh_main_generic_imbuement_poison,,false,true,true,0.0000,,,false,0.0000,0.0000,false,0.0000,data/unit_stats/source_exports/db/special_ability_phases_tables/data__.tsv,477,9.0.1
wh2_dlc17_unit_passive_aura_of_madness,-1.0000,negative,,false,false,0.0000,0.0000,0.0000,1.0000,4,4,false,0.0000,0.0000,false,0,,wh_main_generic_hp_damage_passive,,false,true,true,0.0000,,,false,0.0000,0.0000,false,0.0000,data/unit_stats/source_exports/db/special_ability_phases_tables/data__.tsv,478,9.0.1
wh2_dlc17_unit_passive_bloodgreed_upgraded,-1.0000,positive,,false,false,0.0000,0.0000,0.0000,1.0000,0,-1,false,0.0000,0.0000,false,0,,wh_dlc03_unit_passive_bloodgreed,,false,true,true,0.0000,,,false,0.0010,0.0000,false,0.0000,data/unit_stats/source_exports/db/special_ability_phases_tables/data__.tsv,479,9.0.1
wh2_dlc17_unit_passive_boost_army_vision,-1.0000,positive,,false,false,0.0000,0.0000,0.0000,0.0000,0,-1,false,0.0000,0.0000,false,0,,,,true,true,false,0.0000,,,false,0.0000,0.0000,false,0.0000,data/unit_stats/source_exports/db/special_ability_phases_tables/data__.tsv,480,9.0.1
wh2_dlc17_unit_passive_drunken_bravado,-1.0000,positive,,false,false,0.0000,0.0000,0.0000,1.0000,0,-1,false,0.0000,0.0000,false,0,,,,false,true,true,0.0000,,,false,0.0010,0.0000,false,0.0000,data/unit_stats/source_exports/db/special_ability_phases_tables/data__.tsv,481,9.0.1
wh2_dlc17_unit_passive_greater_aura_of_madness,-1.0000,negative,,false,false,0.0000,0.0000,0.0000,1.0000,6,4,false,0.0000,0.0000,false,0,,wh_main_generic_hp_damage_passive,,false,true,true,0.0000,,,false,0.0000,0.0000,false,0.0000,data/unit_stats/source_exports/db/special_ability_phases_tables/data__.tsv,482,9.0.1
wh2_dlc17_unit_passive_horrible_regeneration,-1.0000,positive,,false,false,0.0000,0.0000,0.0000,1.0000,0,0,true,0.0000,0.0000,false,0,,,,false,true,true,0.0000,,,false,0.0010,0.0000,false,0.0000,data/unit_stats/source_exports/db/special_ability_phases_tables/data__.tsv,483,9.0.1
wh2_dlc17_unit_passive_master_of_the_sacred_places,-1.0000,positive,,false,false,0.0000,0.0000,0.0000,0.0000,0,-1,false,0.0000,0.0000,false,0,,,,false,true,true,0.0000,,,false,0.0000,0.0000,false,0.0000,data/unit_stats/source_exports/db/special_ability_phases_tables/data__.tsv,484,9.0.1
wh2_dlc17_unit_passive_searing_bile_blood,2.0000,positive,,false,false,0.0000,0.0000,0.0000,0.0000,0,-1,false,0.0000,0.0000,false,0,,,,false,true,true,0.0000,,,false,0.0000,0.0000,false,0.0000,data/unit_stats/source_exports/db/special_ability_phases_tables/data__.tsv,485,9.0.1
wh2_dlc17_unit_passive_spurting_bile_blood,2.0000,positive,,false,false,0.0000,0.0000,0.0000,0.0000,0,-1,false,0.0000,0.0000,false,0,,,,false,true,true,0.0000,,,false,0.0000,0.0000,false,0.0000,data/unit_stats/source_exports/db/special_ability_phases_tables/data__.tsv,486,9.0.1
wh2_dlc17_unit_passive_strength_from_flesh,-1.0000,positive,,false,false,0.0000,0.0000,0.0000,1.0000,0,0,false,0.0000,0.0000,false,0,,,,false,true,true,0.0000,,,false,0.0015,0.0000,false,0.0000,data/unit_stats/source_exports/db/special_ability_phases_tables/data__.tsv,487,9.0.1
wh2_dlc17_unit_passive_wayfarer,-1.0000,positive,,false,false,0.0000,0.0000,0.0000,0.0000,0,-1,false,0.0000,0.0000,false,0,,,,false,true,true,0.0000,,,false,0.0000,0.0000,false,0.0000,data/unit_stats/source_exports/db/special_ability_phases_tables/data__.tsv,488,9.0.1
wh2_dlc17_unit_passive_wightblades,-1.0000,positive,,false,false,0.0000,0.0000,0.0000,0.0000,0,-1,false,0.0000,0.0000,false,0,wh2_dlc16_unit_contact_weakened,,,false,true,false,0.0000,,,false,0.0000,0.0000,false,0.0000,data/unit_stats/source_exports/db/special_ability_phases_tables/data__.tsv,489,9.0.1
wh2_dlc17_weapon_passive_rune_tortured_axes,-1.0000,positive,,false,false,0.0000,0.0000,0.0000,0.0000,0,-1,false,0.0000,0.0000,false,0,,wh_main_generic_buff_attack_passive,,false,true,true,0.0000,,,false,0.0000,0.0000,false,0.0000,data/unit_stats/source_exports/db/special_ability_phases_tables/data__.tsv,490,9.0.1
wh2_dlc25_hero_passive_grim_resolve,-1.0000,positive,,false,false,0.0000,0.0000,0.0000,0.0000,0,0,false,0.0000,0.0000,false,0,,wh_main_generic_buff_defence_morale_passive,,false,true,true,0.0000,,,false,0.0000,0.0000,false,0.0000,data/unit_stats/source_exports/db/special_ability_phases_tables/data__.tsv,491,9.0.1
wh2_dlc25_hero_passive_tools_of_judgement,-1.0000,positive,,false,false,0.0000,0.0000,0.0000,0.0000,0,0,false,0.0000,0.0000,false,0,,wh_main_generic_buff_attack_passive,wh_ability_positive_one_shot,false,true,true,0.0000,,,false,0.0000,0.0000,false,0.0000,data/unit_stats/source_exports/db/special_ability_phases_tables/data__.tsv,492,9.0.1
wh2_dlc26_unit_contact_red_venom,10.0000,negative,,false,false,0.0000,0.0000,0.0000,0.0000,0,0,false,0.0000,0.0000,false,0,,,,false,false,true,0.0000,,,false,0.0000,0.0000,false,0.0000,data/unit_stats/source_exports/db/special_ability_phases_tables/data__.tsv,493,9.0.1
wh2_main_army_abilities_channeling_spire,-1.0000,positive,,false,false,0.0000,0.0000,0.0000,0.0000,0,0,false,0.8000,0.1000,false,0,,wh2_main_generic_buff_wom_banner,wh2_main_ability_channeling_spire,false,true,true,0.0000,,,false,0.0000,0.0000,false,0.0000,data/unit_stats/source_exports/db/special_ability_phases_tables/data__.tsv,494,9.0.1
wh2_main_army_abilities_dark_conduit,27.0000,negative,,false,false,1.0000,0.0000,90.0000,0.0000,0,0,false,0.0000,0.0000,false,0,,wh_main_generic_buff_attack_banner,wh_ability_positive_one_shot,false,true,true,0.0000,,,false,0.0000,0.0000,false,0.0000,data/unit_stats/source_exports/db/special_ability_phases_tables/data__.tsv,495,9.0.1
wh2_main_army_abilities_eshin_clanstone,22.0000,negative,,false,false,0.0000,0.0000,0.0000,1.0000,5,25,false,0.0000,0.0000,false,0,,,wh2_main_ability_eshin_clanstone,false,true,true,0.0000,,,false,0.0000,0.0000,false,0.0000,data/unit_stats/source_exports/db/special_ability_phases_tables/data__.tsv,496,9.0.1
wh2_main_army_abilities_holy_stela,57.0000,negative,,false,false,0.0000,0.0000,0.0000,0.0000,0,0,false,0.0000,0.0000,false,0,,,wh2_main_ability_holy_stela,false,true,true,0.0000,,,false,0.0000,0.0000,false,0.0000,data/unit_stats/source_exports/db/special_ability_phases_tables/data__.tsv,497,9.0.1
wh2_main_army_abilities_lure_of_the_pale_queen,11.0000,negative,,true,false,0.0000,0.0000,0.0000,0.0000,0,0,false,0.0000,0.0000,false,0,,wh2_main_abilities_lure_of_the_pale_queen,wh_ability_negative,false,true,true,0.0000,,,false,0.0000,0.0000,false,0.0000,data/unit_stats/source_exports/db/special_ability_phases_tables/data__.tsv,498,9.0.1
wh2_main_army_abilities_mors_clanstone,28.0000,positive,,false,false,0.0000,0.0000,0.0000,0.0000,0,0,false,0.0000,0.0000,false,0,,,wh2_main_ability_mors_clanstone,false,true,true,0.0000,,,false,0.0000,0.0000,false,0.0000,data/unit_stats/source_exports/db/special_ability_phases_tables/data__.tsv,499,9.0.1
wh2_main_army_abilities_moulder_clanstone,22.0000,positive,,false,false,0.0000,0.0000,0.0000,1.0000,0,0,true,0.0000,0.0000,false,0,,,wh2_main_ability_moulder_clanstone,false,true,true,0.0000,,,false,0.0080,0.0000,false,0.0000,data/unit_stats/source_exports/db/special_ability_phases_tables/data__.tsv,500,9.0.1
wh2_main_army_abilities_pestilens_clanstone,75.0000,positive,,false,false,0.0000,0.0000,0.0000,0.0000,0,0,false,0.0000,0.0000,false,0,wh_main_unit_contact_poison,,wh2_main_ability_pestilens_clanstone,false,true,true,0.0000,,,false,0.0000,0.0000,false,0.0000,data/unit_stats/source_exports/db/special_ability_phases_tables/data__.tsv,501,9.0.1
wh2_main_army_abilities_skryre_clanstone,52.0000,negative,,false,false,0.0000,0.0000,0.0000,0.0000,0,0,false,0.0000,0.0000,false,0,,,wh2_main_ability_skryre_clanstone,false,true,true,0.0000,,,false,0.0000,0.0000,false,0.0000,data/unit_stats/source_exports/db/special_ability_phases_tables/data__.tsv,502,9.0.1
wh2_main_army_abilities_skyre_clanstone,52.0000,negative,,false,false,0.0000,0.0000,0.0000,0.0000,0,-1,false,0.0000,0.0000,false,0,,,wh2_main_ability_skyre_clanstone,false,true,true,0.0000,,,false,0.0000,0.0000,false,0.0000,data/unit_stats/source_exports/db/special_ability_phases_tables/data__.tsv,503,9.0.1
wh2_main_army_abilities_temple_of_mists,38.0000,negative,,false,false,0.0000,0.0000,0.0000,0.0000,0,0,false,0.0000,0.0000,false,0,,,wh2_main_ability_temple_of_mists,false,true,true,0.0000,,,false,0.0000,0.0000,false,0.0000,data/unit_stats/source_exports/db/special_ability_phases_tables/data__.tsv,504,9.0.1
wh2_main_banner_passive_battle_banner,-1.0000,negative,,false,false,0.0000,0.0000,0.0000,0.0000,0,0,false,0.0000,0.0000,false,0,,wh_main_generic_debuff_morale_passive,,false,true,true,0.0000,,,false,0.0000,0.0000,false,0.0000,data/unit_stats/source_exports/db/special_ability_phases_tables/data__.tsv,505,9.0.1
wh2_main_banner_passive_sacred_banner_of_the_horned_rat,-1.0000,negative,,false,false,0.0000,0.0000,0.0000,0.0000,0,0,false,0.0000,0.0000,false,0,,wh_main_generic_debuff_morale_passive,,false,true,true,0.0000,,,false,0.0000,0.0000,false,0.0000,data/unit_stats/source_exports/db/special_ability_phases_tables/data__.tsv,506,9.0.1
wh2_main_banner_passive_storm_banner,-1.0000,negative,,false,false,0.0000,0.0000,0.0000,0.0000,0,0,false,0.0000,0.0000,false,0,,wh_main_generic_debuff_attack_passive,,false,true,true,0.0000,,,false,0.0000,0.0000,false,0.0000,data/unit_stats/source_exports/db/special_ability_phases_tables/data__.tsv,507,9.0.1
wh2_main_character_abilities_assassins_trophy,29.0000,negative,,false,false,0.0000,0.0000,0.0000,0.0000,0,0,false,0.0000,0.0000,false,0,,wh_main_generic_debuff_attack,wh_ability_negative_one_shot,false,true,true,0.0000,,,false,0.0000,0.0000,false,0.0000,data/unit_stats/source_exports/db/special_ability_phases_tables/data__.tsv,508,9.0.1
wh2_main_character_abilities_black_lotus,44.0000,positive,,false,false,0.0000,0.0000,0.0000,0.0000,0,0,false,0.0000,0.0000,false,0,wh_dlc06_unit_contact_discouraged,wh_main_generic_buff_attack,wh_ability_positive,false,true,true,0.0000,,,false,0.0000,0.0000,false,0.0000,data/unit_stats/source_exports/db/special_ability_phases_tables/data__.tsv,509,9.0.1
wh2_main_character_abilities_cold_blooded,40.0000,positive,,false,false,0.0000,0.0000,0.0000,0.0000,0,0,false,0.0000,0.0000,false,0,,wh2_main_character_abilities_cold_blooded,wh2_main_ability_cold_blooded,false,true,true,0.0000,,,false,0.0000,0.0000,false,0.0000,data/unit_stats/source_exports/db/special_ability_phases_tables/data__.tsv,510,9.0.1
wh2_main_character_abilities_dark_venom,40.0000,positive,,false,false,0.0000,0.0000,0.0000,0.0000,0,0,false,0.0000,0.0000,false,0,,wh_main_generic_buff_attack,wh_ability_positive,false,true,true,0.0000,,,false,0.0000,0.0000,false,0.0000,data/unit_stats/source_exports/db/special_ability_phases_tables/data__.tsv,511,9.0.1
wh2_main_character_abilities_shield_of_the_old_ones,17.0000,positive,,false,false,0.0000,0.0000,0.0000,0.0000,0,0,false,0.0000,0.0000,false,0,,wh_main_generic_buff_defence,wh2_main_ability_shield_of_the_old_ones,false,true,true,0.0000,,,false,0.0000,0.0000,false,0.0000,data/unit_stats/source_exports/db/special_ability_phases_tables/data__.tsv,512,9.0.1
wh2_main_character_abilities_swiftness_of_itzl,32.0000,positive,,false,false,0.0000,0.0000,0.0000,0.0000,0,0,false,0.0000,0.0000,false,0,,,wh_ability_positive_one_shot,false,true,true,0.0000,,,false,0.0000,0.0000,false,0.0000,data/unit_stats/source_exports/db/special_ability_phases_tables/data__.tsv,513,9.0.1
wh2_main_character_abilities_verminous_valour,17.0000,positive,,false,false,0.0000,0.0000,0.0000,0.0000,0,0,false,0.0000,0.0000,false,0,,,wh_ability_positive_one_shot,false,true,true,0.0000,,,false,0.0000,0.0000,false,0.0000,data/unit_stats/source_exports/db/special_ability_phases_tables/data__.tsv,514,9.0.1
wh2_main_character_abilities_witchbrew,24.0000,positive,,false,false,0.0000,0.0000,0.0000,0.0000,0,0,false,0.0000,0.0000,false,0,,,wh_ability_positive_one_shot,false,true,true,0.0000,,,false,0.0000,0.0000,false,0.0000,data/unit_stats/source_exports/db/special_ability_phases_tables/data__.tsv,515,9.0.1
wh2_main_character_passive_aura_of_pestilence,-1.0000,negative,,false,false,0.0000,0.0000,0.0000,0.0000,0,0,false,0.0000,0.0000,false,0,,wh2_main_character_passive_aura_of_pestilence,,false,true,true,0.0000,,,false,0.0000,0.0000,false,0.0000,data/unit_stats/source_exports/db/special_ability_phases_tables/data__.tsv,516,9.0.1
wh2_main_character_passive_darken_the_skies,-1.0000,positive,,false,false,0.0000,0.0000,0.0000,0.0000,0,0,false,0.0000,0.0000,false,0,,,,false,true,true,0.0000,,,false,0.0000,0.0000,false,0.0000,data/unit_stats/source_exports/db/special_ability_phases_tables/data__.tsv,517,9.0.1
wh2_main_character_passive_fallen_mages,-1.0000,negative,,false,false,0.0000,0.0000,0.0000,1.0000,13299,-1,false,0.0000,0.0000,false,0,,,,false,true,true,0.0000,,,false,0.0000,0.0000,false,0.0000,data/unit_stats/source_exports/db/special_ability_phases_tables/data__.tsv,518,9.0.1
wh2_main_character_passive_grand_arcane_conduit,-1.0000,positive,,false,false,0.0000,0.0000,0.0000,0.0000,0,0,false,0.6000,0.0000,false,0,,,,false,true,true,0.0000,,,false,0.0000,0.0000,false,0.0000,data/unit_stats/source_exports/db/special_ability_phases_tables/data__.tsv,519,9.0.1
wh2_main_character_passive_horn_of_isha,-1.0000,positive,,false,false,0.0000,0.0000,0.0000,0.0000,0,0,false,0.0000,0.0000,false,0,,wh_main_generic_buff_attack_passive,,false,true,true,0.0000,,,false,0.0000,0.0000,false,0.0000,data/unit_stats/source_exports/db/special_ability_phases_tables/data__.tsv,520,9.0.1
wh2_main_character_passive_loose,-1.0000,positive,,false,false,0.0000,0.0000,0.0000,0.0000,0,0,false,0.0000,0.0000,false,0,,,,false,true,true,0.0000,,,false,0.0000,0.0000,false,0.0000,data/unit_stats/source_exports/db/special_ability_phases_tables/data__.tsv,521,9.0.1
wh2_main_faction_abilities_murderous_mastery,120.0000,positive,,false,false,-0.0100,0.0000,0.0000,0.0000,0,0,false,0.0000,0.0000,false,0,,wh2_main_faction_abilities_murderous_prowess,wh_ability_positive,false,true,true,0.0000,,,false,0.0000,0.0000,false,0.0000,data/unit_stats/source_exports/db/special_ability_phases_tables/data__.tsv,522,9.0.1
wh2_main_faction_abilities_murderous_prowess,90.0000,positive,,false,false,-0.0100,0.0000,0.0000,0.0000,0,0,false,0.0000,0.0000,false,0,,wh2_main_faction_abilities_murderous_prowess,wh2_main_ability_murderous_prowess,false,true,true,0.0000,,,false,0.0000,0.0000,false,0.0000,data/unit_stats/source_exports/db/special_ability_phases_tables/data__.tsv,523,9.0.1
wh2_main_faction_abilities_murderous_prowess_indicator,-1.0000,positive,,false,false,0.0000,0.0000,0.0000,0.0000,0,0,false,0.0000,0.0000,false,0,,wh2_main_faction_abilities_murderous_prowess_indicator,wh2_main_ability_murderous_prowess,true,true,true,0.0000,,,false,0.0000,0.0000,false,0.0000,data/unit_stats/source_exports/db/special_ability_phases_tables/data__.tsv,524,9.0.1
wh2_main_item_abilities_amulet_of_itzl,18.0000,positive,,false,false,0.0000,0.0000,0.0000,0.0000,0,0,false,0.0000,0.0000,false,0,,wh_main_generic_ward_save_all,wh2_main_ability_amulet_of_itzl,false,true,true,0.0000,,,false,0.0000,0.0000,false,0.0000,data/unit_stats/source_exports/db/special_ability_phases_tables/data__.tsv,525,9.0.1
wh2_main_item_abilities_armour_of_the_stars,73.0000,positive,,false,false,0.0000,0.0000,0.0000,0.0000,0,0,false,0.0000,0.0000,false,0,,wh2_main_item_abilities_armour_of_the_stars,wh2_main_ability_armour_of_the_stars,false,true,true,0.0000,,,false,0.0000,0.0000,false,0.0000,data/unit_stats/source_exports/db/special_ability_phases_tables/data__.tsv,526,9.0.1
wh2_main_item_abilities_aura_of_quetzl,25.0000,positive,,false,false,0.0000,0.0000,0.0000,0.0000,0,0,false,0.0000,0.0000,false,0,,wh_main_generic_buff_defence,wh_ability_positive,false,true,true,0.0000,,,false,0.0000,0.0000,false,0.0000,data/unit_stats/source_exports/db/special_ability_phases_tables/data__.tsv,527,9.0.1
wh2_main_item_abilities_blade_of_bel_korhadris,38.0000,positive,,false,false,0.0000,0.0000,0.0000,0.0000,0,0,false,0.0000,0.0000,false,0,,wh_main_generic_buff_attack,wh_ability_positive,false,true,true,0.0000,,,false,0.0000,0.0000,false,0.0000,data/unit_stats/source_exports/db/special_ability_phases_tables/data__.tsv,528,9.0.1
wh2_main_item_abilities_blood_statuette_of_spite,14.0000,negative,,false,false,0.0000,0.0000,0.0000,1.0000,5,25,false,0.0000,0.0000,false,0,,wh_main_hero_abilities_accusation,wh_ability_negative,false,true,true,0.0000,,,false,0.0000,0.0000,false,0.0000,data/unit_stats/source_exports/db/special_ability_phases_tables/data__.tsv,529,9.0.1
wh2_main_item_abilities_book_of_hoeth,36.0000,positive,,false,false,0.0000,0.0000,0.0000,0.0000,0,0,false,1.6000,0.0000,false,0,,wh2_main_generic_buff_wom_banner,wh_ability_positive_banner,false,true,true,0.0000,,,false,0.0000,0.0000,false,0.0000,data/unit_stats/source_exports/db/special_ability_phases_tables/data__.tsv,530,9.0.1
wh2_main_item_abilities_cube_of_darkness,18.0000,negative,,false,false,0.0000,0.0000,0.0000,0.0000,0,0,false,-0.4000,0.0000,false,0,,wh2_main_generic_debuff_wom_banner,wh_ability_negative_one_shot,false,true,true,0.0000,,,false,0.0000,0.0000,false,0.0000,data/unit_stats/source_exports/db/special_ability_phases_tables/data__.tsv,531,9.0.1
wh2_main_item_abilities_dragonhorn,28.0000,positive,,false,false,0.0000,0.0000,0.0000,0.0000,0,0,false,0.0000,0.0000,false,0,,wh_main_generic_buff_attack,wh_ability_positive,false,true,true,0.0000,,,false,0.0000,0.0000,false,0.0000,data/unit_stats/source_exports/db/special_ability_phases_tables/data__.tsv,532,9.0.1
wh2_main_item_abilities_pearl_of_infinite_bleakness,44.0000,positive,,false,false,0.0000,0.0000,0.0000,0.0000,0,0,false,0.0000,0.0000,false,0,,wh_main_generic_buff_morale,wh_ability_positive,false,true,true,0.0000,,,false,0.0000,0.0000,false,0.0000,data/unit_stats/source_exports/db/special_ability_phases_tables/data__.tsv,533,9.0.1
wh2_main_item_abilities_plaque_of_dominion,20.0000,negative,,false,false,0.0000,0.0000,0.0000,0.0000,0,0,false,0.0000,0.0000,false,0,,wh_main_generic_debuff_morale,wh2_main_ability_plaque_of_dominion,false,true,true,0.0000,,,false,0.0000,0.0000,false,0.0000,data/unit_stats/source_exports/db/special_ability_phases_tables/data__.tsv,534,9.0.1
wh2_main_item_abilities_rival_hide_talisman,31.0000,negative,,false,false,0.0000,0.0000,0.0000,0.0000,0,0,false,0.0000,0.0000,false,0,,wh_main_generic_debuff_attack,wh_ability_negative,false,true,true,0.0000,,,false,0.0000,0.0000,false,0.0000,data/unit_stats/source_exports/db/special_ability_phases_tables/data__.tsv,535,9.0.1
wh2_main_item_abilities_rod_of_corruption,11.0000,negative,,false,false,0.0000,0.0000,0.0000,1.0000,10,25,false,0.0000,0.0000,false,0,,wh_main_hero_abilities_accusation,wh_ability_negative,false,true,true,0.0000,,,false,0.0000,0.0000,false,0.0000,data/unit_stats/source_exports/db/special_ability_phases_tables/data__.tsv,536,9.0.1
wh2_main_item_abilities_scrying_stone,30.0000,positive,,false,false,0.0000,0.0000,0.0000,0.0000,0,0,false,0.0000,0.0000,false,0,,wh_main_generic_ward_save_all,wh2_main_ability_scrying_stone,false,true,true,0.0000,,,false,0.0000,0.0000,false,0.0000,data/unit_stats/source_exports/db/special_ability_phases_tables/data__.tsv,537,9.0.1
wh2_main_item_abilities_skalm,33.0000,positive,,false,false,0.0000,0.0000,0.0000,1.0000,0,0,false,0.0000,0.0000,false,0,,wh_main_generic_hp_regen,wh_ability_positive,false,true,true,0.0000,,,false,0.0080,0.0000,false,0.0000,data/unit_stats/source_exports/db/special_ability_phases_tables/data__.tsv,538,9.0.1
wh2_main_item_abilities_skavenbrew,47.0000,positive,,false,false,0.0000,0.0000,0.0000,0.0000,0,0,false,0.0000,0.0000,false,0,,wh_main_generic_buff_attack,wh_ability_positive,false,true,true,0.0000,,,false,0.0000,0.0000,false,0.0000,data/unit_stats/source_exports/db/special_ability_phases_tables/data__.tsv,539,9.0.1
wh2_main_item_abilities_starwood_staff,23.0000,positive,,false,false,0.0000,0.0000,0.0000,0.0000,0,0,false,0.0000,0.4000,false,0,,wh2_main_generic_buff_wom_banner,wh_ability_positive_banner,false,true,true,0.0000,,,false,0.0000,0.0000,false,0.0000,data/unit_stats/source_exports/db/special_ability_phases_tables/data__.tsv,540,9.0.1
wh2_main_item_abilities_talisman_of_loec,67.0000,positive,,false,false,0.0000,0.0000,0.0000,0.0000,0,0,false,0.0000,0.0000,false,0,,wh_main_generic_buff_attack,wh_ability_positive,false,true,true,0.0000,,,false,0.0000,0.0000,false,0.0000,data/unit_stats/source_exports/db/special_ability_phases_tables/data__.tsv,541,9.0.1
wh2_main_item_abilities_the_bane_shield,44.0000,positive,,false,false,0.0000,0.0000,0.0000,0.0000,0,0,false,0.0000,0.0000,false,0,,wh_main_generic_buff_defence,wh_ability_positive,false,true,true,0.0000,,,false,0.0000,0.0000,false,0.0000,data/unit_stats/source_exports/db/special_ability_phases_tables/data__.tsv,542,9.0.1
wh2_main_item_abilities_the_guiding_eye,18.0000,positive,,false,false,0.0000,0.0000,0.0000,0.0000,0,0,false,0.0000,0.0000,false,0,,wh_main_generic_buff_attack,wh_ability_positive,false,true,true,0.0000,,,false,0.0000,0.0000,false,0.0000,data/unit_stats/source_exports/db/special_ability_phases_tables/data__.tsv,543,9.0.1
wh2_main_item_abilities_the_horn_of_kygor,20.0000,positive,,false,false,0.0000,0.0000,0.0000,0.0000,0,0,false,0.0000,0.0000,false,0,,wh_main_generic_buff_attack,wh_ability_positive,false,true,true,0.0000,,,false,0.0000,0.0000,false,0.0000,data/unit_stats/source_exports/db/special_ability_phases_tables/data__.tsv,544,9.0.1
wh2_main_item_abilities_the_liber_bubonicus,15.0000,negative,,false,false,0.0000,0.0000,0.0000,1.0000,67,1,false,0.0000,0.0000,false,0,,wh_main_hero_abilities_accusation,wh_ability_negative,false,true,true,0.0000,,,false,0.0000,0.0000,false,0.0000,data/unit_stats/source_exports/db/special_ability_phases_tables/data__.tsv,545,9.0.1
wh2_main_item_abilities_the_tricksters_pendant,16.0000,negative,,false,false,0.0000,0.0000,0.0000,0.0000,0,0,false,0.0000,0.0000,false,0,,wh_main_generic_debuff_attack,wh_ability_negative,false,true,true,0.0000,,,false,0.0000,0.0000,false,0.0000,data/unit_stats/source_exports/db/special_ability_phases_tables/data__.tsv,546,9.0.1
wh2_main_item_abilities_the_vortex_shard,31.0000,negative,,false,false,0.0000,0.0000,0.0000,0.0000,0,0,false,-0.8000,0.0000,false,0,,wh2_main_generic_debuff_wom_banner,wh_ability_negative_banner,false,true,true,0.0000,,,false,0.0000,0.0000,false,0.0000,data/unit_stats/source_exports/db/special_ability_phases_tables/data__.tsv,547,9.0.1
wh2_main_item_abilities_warpstorm_scroll,29.0000,negative,,false,false,0.0000,0.0000,0.0000,1.0000,67,1,false,0.0000,0.0000,false,0,,wh_main_hero_abilities_accusation,wh_ability_negative,false,true,true,0.0000,,,false,0.0000,0.0000,false,0.0000,data/unit_stats/source_exports/db/special_ability_phases_tables/data__.tsv,548,9.0.1
wh2_main_item_abilities_worlds_edge_armour,57.0000,positive,,false,false,0.0000,0.0000,0.0000,0.0000,0,0,false,0.0000,0.0000,false,0,,wh_main_generic_buff_defence,wh_ability_positive,false,true,true,0.0000,,,false,0.0000,0.0000,false,0.0000,data/unit_stats/source_exports/db/special_ability_phases_tables/data__.tsv,549,9.0.1
wh2_main_item_passive_blessed_tome,-1.0000,positive,,false,false,0.0000,0.0000,0.0000,0.0000,0,0,false,0.0000,0.0000,false,0,,wh_main_generic_buff_morale_passive,,false,true,true,0.0000,,,false,0.0000,0.0000,false,0.0000,data/unit_stats/source_exports/db/special_ability_phases_tables/data__.tsv,550,9.0.1
wh2_main_item_passive_circlet_of_iron,-1.0000,positive,,false,false,0.0000,0.0000,0.0000,0.0000,0,0,false,0.8000,0.0000,false,0,,,,false,true,false,0.0000,,,false,0.0000,0.0000,false,0.0000,data/unit_stats/source_exports/db/special_ability_phases_tables/data__.tsv,551,9.0.1
wh2_main_item_passive_curse_charm_of_tepok,-1.0000,negative,,false,false,0.0000,0.0000,0.0000,0.0000,0,0,false,0.0000,0.0000,false,0,,wh_main_generic_debuff_attack_passive,,false,true,true,0.0000,,,false,0.0000,0.0000,false,0.0000,data/unit_stats/source_exports/db/special_ability_phases_tables/data__.tsv,552,9.0.1
wh2_main_item_passive_darkstar_cloak,-1.0000,positive,,false,false,0.0000,0.0000,0.0000,0.0000,0,0,false,0.4000,0.0000,false,0,,wh_main_generic_buff_attack_passive,,false,true,true,0.0000,,,false,0.0000,0.0000,false,0.0000,data/unit_stats/source_exports/db/special_ability_phases_tables/data__.tsv,553,9.0.1
wh2_main_item_passive_diamond_guardian_phoenix,-1.0000,positive,,false,false,0.0000,0.0000,0.0000,0.0000,0,0,false,0.0000,0.0000,false,0,,wh_main_generic_ward_save_magic_passive,,false,true,true,0.0000,,,false,0.0000,0.0000,false,0.0000,data/unit_stats/source_exports/db/special_ability_phases_tables/data__.tsv,554,9.0.1
wh2_main_item_passive_enchanted_spyglass,-1.0000,positive,,false,false,0.0000,0.0000,0.0000,0.0000,0,0,false,0.0000,0.0000,true,0,,wh_main_generic_ward_save_missile_passive,,false,true,true,0.0000,,,false,0.0000,0.0000,false,0.0000,data/unit_stats/source_exports/db/special_ability_phases_tables/data__.tsv,555,9.0.1
wh2_main_item_passive_heart_of_averlorn,1.1000,positive,,false,false,0.0000,0.0000,0.0000,1.1000,0,0,false,0.0000,0.0000,false,0,,wh2_main_unit_passive_rebirth,,false,true,true,0.0000,,,false,0.2500,0.0000,false,0.0000,data/unit_stats/source_exports/db/special_ability_phases_tables/data__.tsv,556,9.0.1
wh2_main_item_passive_loremasters_cloak,-1.0000,positive,,false,false,0.0000,0.0000,0.0000,0.0000,0,0,false,0.0000,0.0000,false,0,,wh_main_generic_ward_save_magic_passive,,false,true,true,0.0000,,,false,0.0000,0.0000,false,0.0000,data/unit_stats/source_exports/db/special_ability_phases_tables/data__.tsv,557,9.0.1
wh2_main_item_passive_pipes_of_piebald,-1.0000,negative,,false,false,0.0000,0.0000,0.0000,0.0000,0,0,false,0.0000,0.0000,false,0,,wh_main_generic_debuff_attack_passive,,false,true,true,0.0000,,,false,0.0000,0.0000,false,0.0000,data/unit_stats/source_exports/db/special_ability_phases_tables/data__.tsv,558,9.0.1
wh2_main_item_passive_portents_of_verminous_doom,-1.0000,negative,,false,false,0.0000,0.0000,0.0000,0.0000,0,0,false,0.0000,0.0000,false,0,,wh_main_generic_debuff_morale_passive,,false,true,true,0.0000,,,false,0.0000,0.0000,false,0.0000,data/unit_stats/source_exports/db/special_ability_phases_tables/data__.tsv,559,9.0.1
wh2_main_item_passive_ring_of_hotek,-1.0000,negative,,false,false,0.0000,0.0000,0.0000,0.0000,0,0,false,0.0000,0.0000,false,0,,wh_main_generic_debuff_attack_passive,,false,true,true,0.0000,,,false,0.0000,0.0000,false,0.0000,data/unit_stats/source_exports/db/special_ability_phases_tables/data__.tsv,560,9.0.1
wh2_main_item_passive_ruby_guardian_phoenix,-1.0000,positive,,false,false,0.0000,0.0000,0.0000,0.0000,0,0,false,0.0000,0.0000,false,10,,wh_main_generic_ward_save_missile_passive,,false,true,true,0.0000,,,false,0.0000,0.0000,false,0.0000,data/unit_stats/source_exports/db/special_ability_phases_tables/data__.tsv,561,9.0.1
wh2_main_item_passive_sacred_incense,-1.0000,positive,,false,false,0.0000,0.0000,0.0000,0.0000,0,0,false,0.0000,0.0000,false,0,,wh_main_generic_ward_save_missile_passive,,false,true,true,0.0000,,,false,0.0000,0.0000,false,0.0000,data/unit_stats/source_exports/db/special_ability_phases_tables/data__.tsv,562,9.0.1
wh2_main_item_passive_sapphire_guardian_phoenix,-1.0000,positive,,false,false,0.0000,0.0000,0.0000,0.0000,0,0,false,0.0000,0.0000,true,0,,wh_main_generic_ward_save_magic_passive,,false,true,true,0.0000,,,false,0.0000,0.0000,false,0.0000,data/unit_stats/source_exports/db/special_ability_phases_tables/data__.tsv,563,9.0.1
wh2_main_item_passive_scroll_of_hoeth,32.0000,negative,,false,false,0.0000,0.0000,30.0000,0.0000,0,0,false,-0.4000,0.0000,false,0,,wh2_main_generic_debuff_wom_banner,wh_ability_negative_banner,false,true,true,0.0000,,,false,0.0000,0.0000,false,0.0000,data/unit_stats/source_exports/db/special_ability_phases_tables/data__.tsv,564,9.0.1
wh2_main_item_passive_shadow_magnet_trinket,-1.0000,positive,,false,false,0.0000,0.0000,0.0000,0.0000,0,0,false,0.0000,0.0000,false,0,,wh_main_generic_buff_defence_passive,,false,true,true,0.0000,,,false,0.0000,0.0000,false,0.0000,data/unit_stats/source_exports/db/special_ability_phases_tables/data__.tsv,565,9.0.1
wh2_main_item_passive_shield_of_distraction,-1.0000,negative,,false,false,0.0000,0.0000,0.0000,0.0000,0,0,false,0.0000,0.0000,false,0,,wh_main_generic_debuff_attack_passive,,false,true,true,0.0000,,,false,0.0000,0.0000,false,0.0000,data/unit_stats/source_exports/db/special_ability_phases_tables/data__.tsv,566,9.0.1
wh2_main_item_passive_shield_of_ghrond,-1.0000,negative,,false,false,0.0000,0.0000,0.0000,0.0000,0,0,false,0.0000,0.0000,false,0,,wh_main_generic_debuff_attack_passive,,false,true,true,0.0000,,,false,0.0000,0.0000,false,0.0000,data/unit_stats/source_exports/db/special_ability_phases_tables/data__.tsv,567,9.0.1
wh2_main_item_passive_sunburst_standard_of_hexoatl,-1.0000,positive,,false,false,0.0000,0.0000,0.0000,0.0000,0,0,false,0.0000,0.0000,false,0,,wh_main_generic_buff_defence_passive,,false,true,true,0.0000,,,false,0.0000,0.0000,false,0.0000,data/unit_stats/source_exports/db/special_ability_phases_tables/data__.tsv,568,9.0.1
wh2_main_item_passive_supreme_spellshield,-1.0000,negative,,false,false,0.0000,0.0000,0.0000,0.0000,0,0,false,-0.2000,-0.0500,false,0,,wh_main_generic_debuff_attack_passive,,false,true,true,0.0000,,,false,0.0000,0.0000,false,0.0000,data/unit_stats/source_exports/db/special_ability_phases_tables/data__.tsv,569,9.0.1
wh2_main_item_passive_supreme_spellshield_miscast,-1.0000,positive,,false,false,0.0000,0.0000,0.0000,0.0000,0,0,false,0.0000,0.0000,false,0,,wh_main_generic_buff_attack_passive,,false,false,false,0.0000,,,false,0.0000,0.0000,false,0.0000,data/unit_stats/source_exports/db/special_ability_phases_tables/data__.tsv,570,9.0.1
wh2_main_item_passive_the_book_of_the_phoenix,1.1000,positive,,false,false,0.0000,0.0000,0.0000,1.0000,0,0,false,0.0000,0.0000,false,0,,wh2_main_unit_passive_rebirth,,false,true,true,0.0000,,,false,0.1200,0.0000,false,0.0000,data/unit_stats/source_exports/db/special_ability_phases_tables/data__.tsv,571,9.0.1
wh2_main_item_passive_war_drum_of_xahutec,-1.0000,positive,,false,false,0.0000,0.0000,0.0000,0.0000,0,0,false,0.0000,0.0000,false,0,,wh_main_generic_buff_morale_attack_passive,,false,true,true,0.0000,,,false,0.0000,0.0000,false,0.0000,data/unit_stats/source_exports/db/special_ability_phases_tables/data__.tsv,572,9.0.1
wh2_main_item_passive_warp_shard_armour,-1.0000,negative,,false,false,0.0000,0.0000,0.0000,0.0000,0,0,false,0.0000,0.0000,false,0,,wh_main_generic_debuff_defence_passive,,false,true,true,0.0000,,,false,0.0000,0.0000,false,0.0000,data/unit_stats/source_exports/db/special_ability_phases_tables/data__.tsv,573,9.0.1
wh2_main_item_passive_warpstone_armour,-1.0000,negative,,false,false,0.0000,0.0000,0.0000,1.0000,5,2,false,0.0000,0.0000,false,0,,wh_main_hero_abilities_accusation,,false,true,true,0.0000,,,false,0.0000,0.0000,false,0.0000,data/unit_stats/source_exports/db/special_ability_phases_tables/data__.tsv,574,9.0.1
wh2_main_lord_abilities_feint_and_reposte,28.0000,positive,,false,false,0.0000,0.0000,0.0000,0.0000,0,0,false,0.0000,0.0000,false,0,,wh_main_generic_buff_attack,wh_ability_positive,false,true,true,0.0000,,,false,0.0000,0.0000,false,0.0000,data/unit_stats/source_exports/db/special_ability_phases_tables/data__.tsv,575,9.0.1
wh2_main_lord_abilities_potion_of_charoi,9.0000,positive,,false,false,0.0000,0.0000,30.0000,1.0000,0,0,false,0.0000,0.0000,false,0,,wh2_main_abilities_potion_of_charoi,wh_ability_positive,false,true,true,0.0000,,,false,0.0080,0.0000,false,0.0000,data/unit_stats/source_exports/db/special_ability_phases_tables/data__.tsv,576,9.0.1
wh2_main_lord_abilities_sacred_spawning_of_xhotl,20.0000,positive,,false,false,-0.0100,0.0000,0.0000,0.0000,0,0,false,0.0000,0.0000,false,0,,wh_main_generic_ward_save_all,wh2_main_ability_amulet_of_itzl,false,true,true,0.0000,,,false,0.0000,0.0000,false,0.0000,data/unit_stats/source_exports/db/special_ability_phases_tables/data__.tsv,577,9.0.1
wh2_main_lord_abilities_trophy_heads,36.0000,negative,,false,false,0.0000,0.0000,0.0000,0.0000,0,0,false,0.0000,0.0000,false,0,,wh_main_generic_debuff_attack,wh_ability_negative,false,true,true,0.0000,,,false,0.0000,0.0000,false,0.0000,data/unit_stats/source_exports/db/special_ability_phases_tables/data__.tsv,578,9.0.1
wh2_main_lord_passive_enchanting_beauty,-1.0000,negative,,false,false,0.0000,0.0000,0.0000,0.0000,0,0,false,0.0000,0.0000,false,0,,wh_main_generic_debuff_attack_passive,,false,true,true,0.0000,,,false,0.0000,0.0000,false,0.0000,data/unit_stats/source_exports/db/special_ability_phases_tables/data__.tsv,579,9.0.1
wh2_main_lord_passive_glamour_of_hoeth,-1.0000,positive,,false,false,0.0000,0.0000,0.0000,0.0000,0,0,false,0.0000,0.0000,false,0,,wh_main_generic_buff_defence_morale_passive,,false,true,true,0.0000,,,false,0.0000,0.0000,false,0.0000,data/unit_stats/source_exports/db/special_ability_phases_tables/data__.tsv,580,9.0.1
wh2_main_lord_passive_kindle_the_fury,-1.0000,positive,,false,false,0.0000,0.0000,0.0000,0.0000,0,0,false,0.0000,0.0000,false,0,,wh_main_generic_buff_attack_passive,,false,true,true,0.0000,,,false,0.0000,0.0000,false,0.0000,data/unit_stats/source_exports/db/special_ability_phases_tables/data__.tsv,581,9.0.1
wh2_main_lord_passive_strength_through_spite,-1.0000,positive,,false,false,0.0000,0.0000,0.0000,0.0000,0,0,false,0.0000,0.0000,false,0,,wh_main_generic_buff_attack_passive,,false,true,true,0.0000,,,false,0.0000,0.0000,false,0.0000,data/unit_stats/source_exports/db/special_ability_phases_tables/data__.tsv,582,9.0.1
wh2_main_lore_passive_musk_of_fear,8.0000,negative,,false,false,0.0000,0.0000,0.0000,0.0000,0,0,false,0.0000,0.0000,false,0,,,,false,true,true,0.0000,,,false,0.0000,0.0000,false,0.0000,data/unit_stats/source_exports/db/special_ability_phases_tables/data__.tsv,583,9.0.1
wh2_main_lore_passive_plague_rash,5.0000,negative,,false,false,0.0100,0.0000,0.0000,0.0000,0,0,false,0.0000,0.0000,false,0,,,,false,true,true,0.0000,,,false,0.0000,0.0000,false,0.0000,data/unit_stats/source_exports/db/special_ability_phases_tables/data__.tsv,584,9.0.1
wh2_main_lore_passive_shield_of_saphery,9.0000,positive,,false,false,0.0000,0.0000,0.0000,0.0000,0,0,false,0.0000,0.0000,false,0,,,,false,true,true,0.0000,,,false,0.0000,0.0000,false,0.0000,data/unit_stats/source_exports/db/special_ability_phases_tables/data__.tsv,585,9.0.1
wh2_main_lore_passive_spiteful_conjuration,18.0000,negative,,false,false,0.0000,0.0000,0.0000,0.0000,0,0,false,0.0000,0.0000,false,0,,,,false,true,true,0.0000,,,false,0.0000,0.0000,false,0.0000,data/unit_stats/source_exports/db/special_ability_phases_tables/data__.tsv,586,9.0.1
wh2_main_mount_abilities_unholy_clamour,18.0000,positive,,false,false,-0.0100,0.0000,0.0000,0.0000,0,0,false,0.0000,0.0000,false,0,,,wh2_ability_unholy_clamour,false,true,true,0.0000,,,false,0.0000,0.0000,false,0.0000,data/unit_stats/source_exports/db/special_ability_phases_tables/data__.tsv,587,9.0.1
wh2_main_mount_passive_billowing_death,-1.0000,negative,,false,false,0.0000,0.0000,0.0000,1.0000,5,2,false,0.0000,0.0000,false,0,,wh2_main_mount_passive_billowing_death,,false,true,true,0.0000,,,false,0.0000,0.0000,false,0.0000,data/unit_stats/source_exports/db/special_ability_phases_tables/data__.tsv,588,9.0.1
wh2_main_mount_passive_wall_of_unholy_sound,-1.0000,positive,,false,false,0.0000,0.0000,0.0000,0.0000,0,0,false,0.0000,0.0000,false,0,,wh_main_generic_buff_attack_passive,,false,true,true,0.0000,,,false,0.0000,0.0000,false,0.0000,data/unit_stats/source_exports/db/special_ability_phases_tables/data__.tsv,589,9.0.1
wh2_main_spell_bound_black_staff,20.0000,positive,,false,false,0.0000,0.0000,0.0000,1.0000,33,1,false,0.8000,0.7000,false,0,,wh2_main_spell_dark_magic_power_of_darkness,wh_main_spell_dark_magic_power_of_darkness,false,true,true,0.0000,,,false,0.0000,0.0000,false,0.0000,data/unit_stats/source_exports/db/special_ability_phases_tables/data__.tsv,590,9.0.1
wh2_main_spell_bound_embers_of_the_phoenix,28.0000,positive,,false,false,0.0000,0.0000,0.0000,0.0000,0,0,false,0.0000,0.0000,true,10,,wh_main_spell_fire_flaming_sword_of_rhuin,wh_ability_positive,false,true,true,0.0000,,,false,0.0000,0.0000,false,0.0000,data/unit_stats/source_exports/db/special_ability_phases_tables/data__.tsv,591,9.0.1
wh2_main_spell_bound_radiant_gem_of_hoeth,10.0000,positive,,false,false,0.0000,0.0000,0.0000,1.0000,0,0,false,0.0000,0.0000,false,0,,wh2_main_spell_high_magic_apothesis,wh2_main_spell_high_magic_apotheosis,false,true,true,0.0000,,,false,0.0080,0.0000,false,0.0000,data/unit_stats/source_exports/db/special_ability_phases_tables/data__.tsv,592,9.0.1
wh2_main_spell_bound_ring_of_corin,22.0000,negative,,false,false,0.0000,0.0000,30.0000,1.0000,67,1,false,0.0000,0.0000,false,0,,wh2_main_spell_high_magic_arcane_unforgiving,wh2_main_spell_high_magic_arcane_unforging,false,true,true,0.0000,,,false,0.0000,0.0000,false,0.0000,data/unit_stats/source_exports/db/special_ability_phases_tables/data__.tsv,593,9.0.1
wh2_main_spell_bound_the_seerstaff_of_saphery,22.0000,positive,,false,false,0.0000,0.0000,0.0000,0.0000,0,0,false,0.0000,0.0000,false,0,,wh2_main_spell_high_magic_hand_of_glory,wh2_main_spell_high_magic_hand_of_glory,false,true,true,0.0000,,,false,0.0000,0.0000,false,0.0000,data/unit_stats/source_exports/db/special_ability_phases_tables/data__.tsv,594,9.0.1
wh2_main_spell_bound_whip_of_agony,31.0000,negative,,false,false,0.0000,0.0000,0.0000,0.0000,0,0,false,0.0000,0.0000,false,0,,wh2_main_spell_dark_magic_word_of_pain,wh_main_spell_dark_magic_word_of_pain,false,true,true,0.0000,,,false,0.0000,0.0000,false,0.0000,data/unit_stats/source_exports/db/special_ability_phases_tables/data__.tsv,595,9.0.1
wh2_main_spell_dark_magic_chillwind,20.0000,negative,,false,false,0.0000,0.0000,0.0000,0.0000,0,0,false,0.0000,0.0000,false,0,,,,false,false,true,0.0000,,,false,0.0000,0.0000,false,0.0000,data/unit_stats/source_exports/db/special_ability_phases_tables/data__.tsv,596,9.0.1
wh2_main_spell_dark_magic_chillwind_upgraded,20.0000,negative,,false,false,0.0000,0.0000,0.0000,0.0000,0,0,false,0.0000,0.0000,false,0,,,,false,false,true,0.0000,,,false,0.0000,0.0000,false,0.0000,data/unit_stats/source_exports/db/special_ability_phases_tables/data__.tsv,597,9.0.1
wh2_main_spell_dark_magic_power_of_darkness,20.0000,positive,,false,false,0.0000,0.0000,0.0000,1.0000,33,1,false,0.8000,0.7000,false,0,,wh2_main_spell_dark_magic_power_of_darkness,wh_main_spell_dark_magic_power_of_darkness,false,true,true,0.0000,,,false,0.0000,0.0000,false,0.0000,data/unit_stats/source_exports/db/special_ability_phases_tables/data__.tsv,598,9.0.1
wh2_main_spell_dark_magic_soul_stealer,12.0000,negative,,false,false,0.0000,0.0000,0.0000,1.0000,75,1,false,0.0000,0.0000,false,0,,wh2_main_spell_dark_magic_soul_stealer,wh_main_spell_dark_magic_soul_stealer,false,true,true,0.0000,,,false,0.0000,0.0000,false,0.0000,data/unit_stats/source_exports/db/special_ability_phases_tables/data__.tsv,599,9.0.1
wh2_main_spell_dark_magic_soul_stealer_miscast,12.0000,positive,,false,false,0.0000,0.0000,0.0000,1.0000,0,0,false,0.0000,0.0000,false,0,,,,false,true,false,0.0000,,,false,0.0080,0.0000,false,0.0000,data/unit_stats/source_exports/db/special_ability_phases_tables/data__.tsv,600,9.0.1
wh2_main_spell_dark_magic_word_of_pain,40.0000,negative,,false,false,0.0000,0.0000,0.0000,0.0000,0,0,false,0.0000,0.0000,false,0,,wh2_main_spell_dark_magic_word_of_pain,wh_main_spell_dark_magic_word_of_pain,false,true,true,0.0000,,,false,0.0000,0.0000,false,0.0000,data/unit_stats/source_exports/db/special_ability_phases_tables/data__.tsv,601,9.0.1
wh2_main_spell_dark_magic_word_of_pain_upgraded,40.0000,negative,,false,false,0.0000,0.0000,0.0000,0.0000,0,0,false,0.0000,0.0000,false,0,,wh2_main_spell_dark_magic_word_of_pain,wh_main_spell_dark_magic_word_of_pain,false,true,true,0.0000,,,false,0.0000,0.0000,false,0.0000,data/unit_stats/source_exports/db/special_ability_phases_tables/data__.tsv,602,9.0.1
wh2_main_spell_high_magic_apotheosis,10.0000,positive,,false,false,0.0000,0.0000,0.0000,1.0000,0,0,false,0.0000,0.0000,false,0,,wh2_main_spell_high_magic_apothesis,wh2_main_spell_high_magic_apotheosis,false,true,true,0.0000,,,false,0.0080,0.0000,false,0.0000,data/unit_stats/source_exports/db/special_ability_phases_tables/data__.tsv,603,9.0.1
wh2_main_spell_high_magic_arcane_unforging,22.0000,negative,,false,false,0.0000,0.0000,30.0000,1.0000,67,1,false,0.0000,0.0000,false,0,,wh2_main_spell_high_magic_arcane_unforgiving,wh2_main_spell_high_magic_arcane_unforging,false,true,true,0.0000,,,false,0.0000,0.0000,false,0.0000,data/unit_stats/source_exports/db/special_ability_phases_tables/data__.tsv,604,9.0.1
wh2_main_spell_high_magic_arcane_unforging_upgraded,22.0000,negative,,false,false,0.0000,0.0000,45.0000,1.0000,67,1,false,0.0000,0.0000,false,0,,wh2_main_spell_high_magic_arcane_unforgiving,wh2_main_spell_high_magic_arcane_unforging,false,true,true,0.0000,,,false,0.0000,0.0000,false,0.0000,data/unit_stats/source_exports/db/special_ability_phases_tables/data__.tsv,605,9.0.1
wh2_main_spell_high_magic_hand_of_glory,29.0000,positive,,false,false,0.0000,0.0000,0.0000,0.0000,0,0,false,0.0000,0.0000,false,0,,wh2_main_spell_high_magic_hand_of_glory,wh2_main_spell_high_magic_hand_of_glory,false,true,true,0.0000,,,false,0.0000,0.0000,false,0.0000,data/unit_stats/source_exports/db/special_ability_phases_tables/data__.tsv,606,9.0.1
wh2_main_spell_high_magic_hand_of_glory_upgraded,29.0000,positive,,false,false,0.0000,0.0000,0.0000,0.0000,0,0,false,0.0000,0.0000,false,0,,wh2_main_spell_high_magic_hand_of_glory,wh2_main_spell_high_magic_hand_of_glory,false,true,true,0.0000,,,false,0.0000,0.0000,false,0.0000,data/unit_stats/source_exports/db/special_ability_phases_tables/data__.tsv,607,9.0.1
wh2_main_spell_high_magic_tempest,17.0000,negative,,false,false,0.0000,0.0000,0.0000,1.0000,67,1,false,0.0000,0.0000,false,0,,wh2_main_spell_high_magic_tempest,,false,false,true,0.0000,,,false,0.0000,0.0000,false,0.0000,data/unit_stats/source_exports/db/special_ability_phases_tables/data__.tsv,608,9.0.1
wh2_main_spell_high_magic_tempest_upgraded,17.0000,negative,,false,false,0.0000,0.0000,0.0000,1.0000,133,1,false,0.0000,0.0000,false,0,,wh2_main_spell_high_magic_tempest,,false,false,true,0.0000,,,false,0.0000,0.0000,false,0.0000,data/unit_stats/source_exports/db/special_ability_phases_tables/data__.tsv,609,9.0.1
wh2_main_spell_plague_bless_with_filth,22.0000,positive,,false,false,0.0000,0.0000,0.0000,0.0000,0,0,false,0.0000,0.0000,false,0,wh_main_unit_contact_poison,wh2_main_spell_plague_bless_with_filth,wh2_main_spell_plague_bless_with_filth,false,true,true,0.0000,,,false,0.0000,0.0000,false,0.0000,data/unit_stats/source_exports/db/special_ability_phases_tables/data__.tsv,610,9.0.1
wh2_main_spell_plague_bless_with_filth_upgraded,44.0000,positive,,false,false,0.0000,0.0000,0.0000,0.0000,0,0,false,0.0000,0.0000,false,0,wh_main_unit_contact_poison,wh2_main_spell_plague_bless_with_filth,wh2_main_spell_plague_bless_with_filth,false,true,true,0.0000,,,false,0.0000,0.0000,false,0.0000,data/unit_stats/source_exports/db/special_ability_phases_tables/data__.tsv,611,9.0.1
wh2_main_spell_plague_wither,50.0000,negative,,false,false,0.0000,0.0000,0.0000,0.0000,0,0,false,0.0000,0.0000,false,0,,wh2_main_spell_plague_wither,wh2_main_spell_plague_wither,false,true,true,0.0000,,,false,0.0000,0.0000,false,0.0000,data/unit_stats/source_exports/db/special_ability_phases_tables/data__.tsv,612,9.0.1
wh2_main_spell_plague_wither_upgraded,50.0000,negative,,false,false,0.0000,0.0000,0.0000,0.0000,0,0,false,0.0000,0.0000,false,0,,wh2_main_spell_plague_wither,wh2_main_spell_plague_wither,false,true,true,0.0000,,,false,0.0000,0.0000,false,0.0000,data/unit_stats/source_exports/db/special_ability_phases_tables/data__.tsv,613,9.0.1
wh2_main_spell_ruin_death_frenzy,28.0000,positive,,false,false,0.0000,0.0000,0.0000,0.0000,0,0,false,0.0000,0.0000,false,0,,wh2_main_spell_ruin_death_frenzy,wh_main_spell_ruin_death_frenzy,false,true,true,0.0000,,,false,0.0000,0.0000,false,0.0000,data/unit_stats/source_exports/db/special_ability_phases_tables/data__.tsv,614,9.0.1
wh2_main_spell_ruin_howling_warpgale,14.0000,negative,,true,false,0.0000,0.0000,0.0000,0.0000,0,0,false,0.0000,0.0000,false,0,,wh2_main_spell_ruin_howling_warpgale,wh_main_spell_ruin_howling_warpgale,false,true,true,0.0000,,,false,0.0000,0.0000,false,0.0000,data/unit_stats/source_exports/db/special_ability_phases_tables/data__.tsv,615,9.0.1
wh2_main_spell_ruin_howling_warpgale_upgraded,28.0000,negative,,true,false,0.0000,0.0000,0.0000,0.0000,0,0,false,0.0000,0.0000,false,0,,wh2_main_spell_ruin_howling_warpgale,wh_main_spell_ruin_howling_warpgale,false,true,true,0.0000,,,false,0.0000,0.0000,false,0.0000,data/unit_stats/source_exports/db/special_ability_phases_tables/data__.tsv,616,9.0.1
wh2_main_spell_ruin_skitterleap,25.0000,positive,,false,false,0.0000,0.0000,0.0000,0.0000,0,0,false,0.0000,0.0000,false,0,,wh2_main_spell_ruin_skitterleap,wh2_dlc14_spell_stealth_skitterleap,false,true,true,0.0000,,,false,0.0000,0.0000,false,0.0000,data/unit_stats/source_exports/db/special_ability_phases_tables/data__.tsv,617,9.0.1
wh2_main_spell_ruin_skitterleap_upgraded,25.0000,positive,,false,false,0.0000,0.0000,0.0000,0.0000,0,0,false,0.0000,0.0000,false,0,,wh2_main_spell_ruin_skitterleap,wh2_dlc14_spell_stealth_skitterleap,false,true,true,0.0000,,,false,0.0000,0.0000,false,0.0000,data/unit_stats/source_exports/db/special_ability_phases_tables/data__.tsv,618,9.0.1
wh2_main_unit_abilities_concealment_bombs,73.0000,positive,,false,false,0.0000,0.0000,0.0000,0.0000,0,0,false,0.0000,0.0000,false,0,,wh2_main_unit_abilities_concealment_bombs,wh2_main_unit_abilities_concealment_bombs,false,true,true,0.0000,,,false,0.0000,0.0000,false,0.0000,data/unit_stats/source_exports/db/special_ability_phases_tables/data__.tsv,619,9.0.1
wh2_main_unit_abilities_fury_of_khaine,28.0000,positive,,false,false,0.0000,0.0000,0.0000,0.0000,0,0,false,0.0000,0.0000,false,0,,wh_main_generic_buff_attack,wh_ability_positive,false,true,true,0.0000,,,false,0.0000,0.0000,false,0.0000,data/unit_stats/source_exports/db/special_ability_phases_tables/data__.tsv,620,9.0.1
wh2_main_unit_abilities_hidden_blade,-1.0000,positive,,false,false,0.0000,0.0000,0.0000,1.0000,0,0,false,0.0000,0.0000,false,0,,,,true,true,true,0.0000,,,false,0.0000,0.0000,false,0.0000,data/unit_stats/source_exports/db/special_ability_phases_tables/data__.tsv,621,9.0.1
wh2_main_unit_abilities_revivification_crystal,20.0000,positive,,false,false,0.0000,0.0000,0.0000,1.0000,0,0,true,0.0000,0.0000,false,0,,wh_main_generic_hp_regen,wh_ability_positive,false,true,true,0.0000,,,false,0.0050,0.0000,false,0.0000,data/unit_stats/source_exports/db/special_ability_phases_tables/data__.tsv,622,9.0.1
wh2_main_unit_contact_healing_heavy,1.0000,positive,,false,false,0.0000,0.0000,0.0000,1.0000,0,0,false,0.0000,0.0000,false,0,,wh_main_generic_hp_regen_passive,,false,true,false,0.0000,,,false,0.2500,0.0000,false,0.0000,data/unit_stats/source_exports/db/special_ability_phases_tables/data__.tsv,623,9.0.1
wh2_main_unit_contact_healing_light,1.0000,positive,,false,false,0.0000,0.0000,0.0000,1.0000,0,0,false,0.0000,0.0000,false,0,,wh_main_generic_hp_regen_passive,,false,true,false,0.0000,,,false,0.0240,0.0000,false,0.0000,data/unit_stats/source_exports/db/special_ability_phases_tables/data__.tsv,624,9.0.1
wh2_main_unit_contact_kill_self,3.0000,negative,,false,false,0.0000,0.0000,0.0000,0.5000,2660,-1,false,0.0000,0.0000,false,0,,,,false,true,false,0.0000,,,false,0.0000,0.0000,false,0.0000,data/unit_stats/source_exports/db/special_ability_phases_tables/data__.tsv,625,9.0.1
wh2_main_unit_contact_noxious_breath,20.0000,negative,,false,false,0.0000,0.0000,0.0000,0.0000,0,0,false,0.0000,0.0000,false,0,,,,false,false,true,0.0000,,,false,0.0000,0.0000,false,0.0000,data/unit_stats/source_exports/db/special_ability_phases_tables/data__.tsv,626,9.0.1
wh2_main_unit_contact_plague_monk_censer_morale,10.0000,negative,,false,false,0.0000,0.0000,0.0000,0.0000,0,0,false,0.0000,0.0000,false,0,,,,false,false,true,0.0000,,,false,0.0000,0.0000,false,0.0000,data/unit_stats/source_exports/db/special_ability_phases_tables/data__.tsv,627,9.0.1
wh2_main_unit_contact_souls,3.0000,negative,,false,false,0.0000,0.0000,0.0000,1.0000,5,25,false,0.0000,0.0000,false,0,,wh_main_unit_contact_souls,wh2_main_spell_high_magic_soul_quench_tail,false,false,true,0.0000,,,false,0.0000,0.0000,false,0.0000,data/unit_stats/source_exports/db/special_ability_phases_tables/data__.tsv,628,9.0.1
wh2_main_unit_contact_weeping_blade,35.0000,negative,,false,false,0.0000,0.0000,0.0000,0.0000,0,0,false,0.0000,0.0000,false,0,,wh2_main_unit_contact_weeping_blade,,false,false,true,0.0000,,,false,0.0000,0.0000,false,0.0000,data/unit_stats/source_exports/db/special_ability_phases_tables/data__.tsv,629,9.0.1
wh2_main_unit_contact_witch_elf_poison,15.0000,negative,,false,false,0.0000,0.0000,0.0000,0.0000,0,0,false,0.0000,0.0000,false,0,,,,false,false,true,0.0000,,,false,0.0000,0.0000,false,0.0000,data/unit_stats/source_exports/db/special_ability_phases_tables/data__.tsv,630,9.0.1
wh2_main_unit_passive_another_takes_its_place,1.0000,positive,,false,false,0.0000,0.0000,0.0000,1.0000,0,0,false,0.0000,0.0000,false,0,,wh2_main_unit_passive_another_takes_its_place,,false,true,true,0.0000,,,false,0.1200,0.0000,false,0.0000,data/unit_stats/source_exports/db/special_ability_phases_tables/data__.tsv,631,9.0.1
wh2_main_unit_passive_attuned_to_magic,-1.0000,positive,,false,false,0.0000,0.0000,0.0000,0.0000,0,0,false,0.0000,0.0000,true,0,,wh3_dlc24_attuned_to_magic,,false,true,true,0.0000,,,false,0.0000,0.0000,false,0.0000,data/unit_stats/source_exports/db/special_ability_phases_tables/data__.tsv,632,9.0.1
wh2_main_unit_passive_blizzard_aura,-1.0000,negative,,false,false,0.0000,0.0000,0.0000,0.0000,0,0,false,0.0000,0.0000,false,0,,wh_main_generic_debuff_attack_passive,,false,true,true,0.0000,,,false,0.0000,0.0000,false,0.0000,data/unit_stats/source_exports/db/special_ability_phases_tables/data__.tsv,633,9.0.1
wh2_main_unit_passive_bloodshield_of_khaine,-1.0000,positive,,false,false,0.0000,0.0000,0.0000,0.0000,0,0,false,0.0000,0.0000,false,0,,wh_main_generic_buff_defence_passive,,false,true,true,0.0000,,,false,0.0000,0.0000,false,0.0000,data/unit_stats/source_exports/db/special_ability_phases_tables/data__.tsv,634,9.0.1
wh2_main_unit_passive_martial_mastery,-1.0000,positive,,false,false,0.0000,0.0000,0.0000,0.0000,0,0,false,0.0000,0.0000,false,0,,,,false,true,true,0.0000,,,false,0.0000,0.0000,false,0.0000,data/unit_stats/source_exports/db/special_ability_phases_tables/data__.tsv,635,9.0.1
wh2_main_unit_passive_martial_prowess,-1.0000,positive,,false,false,0.0000,0.0000,0.0000,0.0000,0,0,false,0.0000,0.0000,false,0,,,,false,true,true,0.0000,,,false,0.0000,0.0000,false,0.0000,data/unit_stats/source_exports/db/special_ability_phases_tables/data__.tsv,636,9.0.1
wh2_main_unit_passive_primal_instincts,-1.0000,positive,,false,false,0.0000,0.0000,0.0000,0.0000,0,0,false,0.0000,0.0000,false,0,,,,false,true,true,0.0000,,,false,0.0000,0.0000,false,0.0000,data/unit_stats/source_exports/db/special_ability_phases_tables/data__.tsv,637,9.0.1
wh2_main_unit_passive_rebirth,2.0000,positive,rebirth,false,false,0.0000,0.0000,0.0000,1.0000,0,0,false,0.0000,0.0000,false,0,,wh2_main_unit_passive_rebirth,,false,true,true,0.0000,,,false,0.2500,0.0000,false,0.0000,data/unit_stats/source_exports/db/special_ability_phases_tables/data__.tsv,638,9.0.1
wh2_main_unit_passive_rebirth_buffer,1.0000,positive,,false,false,0.0000,0.0000,0.0000,0.0000,0,0,false,0.0000,0.0000,false,0,,,,false,true,true,0.0000,,,false,0.0000,0.0000,false,0.0000,data/unit_stats/source_exports/db/special_ability_phases_tables/data__.tsv,639,9.0.1
wh2_main_unit_passive_rebirth_miscast,1.0000,negative,,false,false,0.0000,0.0000,0.0000,0.2000,6650,1,false,0.0000,0.0000,false,0,,wh2_main_rebirth_miscast,,false,true,false,0.0000,,,false,0.0000,0.0000,false,0.0000,data/unit_stats/source_exports/db/special_ability_phases_tables/data__.tsv,640,9.0.1
wh2_main_unit_passive_scurry_away,-1.0000,positive,,false,false,0.0000,0.0000,0.0000,0.0000,0,0,false,0.0000,0.0000,false,0,,wh2_main_generic_buff_speed_passive,,false,true,true,0.0000,,,false,0.0000,0.0000,false,0.0000,data/unit_stats/source_exports/db/special_ability_phases_tables/data__.tsv,641,9.0.1
wh2_main_unit_passive_snare_net,-1.0000,negative,,false,false,0.0000,0.0000,0.0000,0.0000,0,0,false,0.0000,0.0000,false,0,,wh_main_generic_debuff_defence_passive,wh2_main_unit_abilities_snare_net,false,true,true,0.0000,,,false,0.0000,0.0000,false,0.0000,data/unit_stats/source_exports/db/special_ability_phases_tables/data__.tsv,642,9.0.1
wh2_main_unit_passive_strength_in_numbers,-1.0000,positive,,false,false,0.0000,0.0000,0.0000,0.0000,0,0,false,0.0000,0.0000,false,0,,,,false,true,true,0.0000,,,false,0.0000,0.0000,false,0.0000,data/unit_stats/source_exports/db/special_ability_phases_tables/data__.tsv,643,9.0.1
wh2_main_unit_passive_too_horrible_to_die,2.0000,positive,,false,false,0.0000,0.0000,0.0000,1.0000,0,0,false,0.0000,0.0000,false,0,,wh2_main_unit_passive_rebirth,,false,true,true,0.0000,,,false,0.1000,0.0000,false,0.0000,data/unit_stats/source_exports/db/special_ability_phases_tables/data__.tsv,644,9.0.1
wh2_main_unit_passive_unbinding_clanrats,32.0000,negative,,false,false,0.0000,0.0000,0.0000,1.0000,0,0,false,0.0000,0.0000,false,0,,wh2_main_bound_entity_energy_rat,wh2_dlc13_ability_summon_unbinding_generic_small_phase_01,false,true,true,0.0000,,,false,0.0000,0.0000,false,0.0000,data/unit_stats/source_exports/db/special_ability_phases_tables/data__.tsv,645,9.0.1
wh2_main_unit_passive_unbinding_clanrats_small,32.0000,negative,,false,false,0.0000,0.0000,0.0000,1.0000,0,0,false,0.0000,0.0000,false,0,,wh2_main_bound_entity_energy_rat,wh2_dlc13_ability_summon_unbinding_generic_small_phase_01,false,true,true,0.0000,,,false,0.0000,0.0000,false,0.0000,data/unit_stats/source_exports/db/special_ability_phases_tables/data__.tsv,646,9.0.1
wh2_main_unit_passive_unbinding_great_eagle,75.0000,negative,,false,false,0.0000,0.0000,0.0000,1.0000,0,0,false,0.0000,0.0000,false,0,,wh2_main_bound_entity_energy_eagle,wh2_dlc13_ability_summon_unbinding_generic_large_phase_01,false,true,true,0.0000,,,false,0.0000,0.0000,false,0.0000,data/unit_stats/source_exports/db/special_ability_phases_tables/data__.tsv,647,9.0.1
wh2_main_unit_passive_unbinding_plague_monks,55.0000,negative,,false,false,0.0000,0.0000,0.0000,1.0000,0,0,false,0.0000,0.0000,false,0,,wh_main_bound_entity_energy_small,wh2_dlc13_ability_summon_unbinding_generic_small_phase_01,false,true,true,0.0000,,,false,0.0000,0.0000,false,0.0000,data/unit_stats/source_exports/db/special_ability_phases_tables/data__.tsv,648,9.0.1
wh2_main_unit_passive_unbinding_skaven_slaves,64.0000,negative,,false,false,0.0000,0.0000,0.0000,1.0000,0,0,false,0.0000,0.0000,false,0,,wh_main_bound_entity_energy_small,wh2_dlc13_ability_summon_unbinding_generic_small_phase_01,false,true,true,0.0000,,,false,0.0000,0.0000,false,0.0000,data/unit_stats/source_exports/db/special_ability_phases_tables/data__.tsv,649,9.0.1
wh2_main_unit_passive_unbinding_skink_priest,85.0000,negative,,false,false,0.0000,0.0000,0.0000,1.0000,0,0,false,0.0000,0.0000,false,0,,wh_main_bound_entity_energy_small,wh2_dlc13_ability_summon_unbinding_generic_small_phase_01,false,true,true,0.0000,,,false,0.0000,0.0000,false,0.0000,data/unit_stats/source_exports/db/special_ability_phases_tables/data__.tsv,650,9.0.1
wh2_main_weapon_abilities_dwarf_gouger,36.0000,positive,,false,false,0.0000,0.0000,0.0000,0.0000,0,0,false,0.0000,0.0000,false,0,,wh_main_generic_buff_attack,wh_ability_positive,false,true,true,0.0000,,,false,0.0000,0.0000,false,0.0000,data/unit_stats/source_exports/db/special_ability_phases_tables/data__.tsv,651,9.0.1
wh2_main_weapon_abilities_hydra_blade,38.0000,positive,,false,false,0.0000,0.0000,0.0000,0.0000,0,0,false,0.0000,0.0000,false,0,,wh_main_generic_buff_attack,wh_ability_positive,false,true,true,0.0000,,,false,0.0000,0.0000,false,0.0000,data/unit_stats/source_exports/db/special_ability_phases_tables/data__.tsv,652,9.0.1
wh2_main_weapon_abilities_sword_of_teclis,23.0000,positive,,false,false,0.0000,0.0000,0.0000,0.0000,0,0,false,0.0000,0.2000,false,0,,wh2_main_generic_buff_wom_banner,wh_ability_negative,false,true,true,0.0000,,,false,0.0000,0.0000,false,0.0000,data/unit_stats/source_exports/db/special_ability_phases_tables/data__.tsv,653,9.0.1
wh2_main_weapon_abilities_web_of_shadows,17.0000,negative,,false,false,0.0000,0.0000,0.0000,1.0000,67,1,false,0.0000,0.0000,false,0,,wh_main_hero_abilities_accusation,wh_ability_negative,false,true,true,0.0000,,,false,0.0000,0.0000,false,0.0000,data/unit_stats/source_exports/db/special_ability_phases_tables/data__.tsv,654,9.0.1
wh2_main_weapon_bound_winged_staff,7.0000,negative,,false,false,0.0000,0.0000,0.0000,1.0000,5,25,false,0.0000,0.0000,false,0,,wh_dlc03_spell_beast_flock_of_doom,wh_dlc03_spell_beasts_flock_of_doom,false,true,true,0.0000,,,false,0.0000,0.0000,false,0.0000,data/unit_stats/source_exports/db/special_ability_phases_tables/data__.tsv,655,9.0.1
wh2_main_weapon_passive_chillblade,-1.0000,negative,,false,false,0.0000,0.0000,0.0000,0.0000,0,0,false,0.0000,0.0000,false,0,,wh_main_generic_debuff_attack_passive,,false,true,true,0.0000,,,false,0.0000,0.0000,false,0.0000,data/unit_stats/source_exports/db/special_ability_phases_tables/data__.tsv,656,9.0.1
wh2_main_weapon_passive_destroyer,15.0000,negative,,false,false,0.0000,0.0000,15.0000,0.0000,0,0,false,0.0000,0.0000,false,0,,,,false,true,true,0.0000,,,false,0.0000,0.0000,false,0.0000,data/unit_stats/source_exports/db/special_ability_phases_tables/data__.tsv,657,9.0.1
wh2_main_weapon_passive_heartrender_and_the_darksword,-1.0000,negative,,false,false,0.0000,0.0000,0.0000,0.0000,0,0,false,0.0000,0.0000,false,0,,wh_main_generic_debuff_attack_passive,,false,true,true,0.0000,,,false,0.0000,0.0000,false,0.0000,data/unit_stats/source_exports/db/special_ability_phases_tables/data__.tsv,658,9.0.1
wh2_pro08_character_abilities_gotrek_doom,22.0000,positive,,false,false,0.0000,0.0000,0.0000,0.0000,0,0,false,0.0000,0.0000,false,0,,wh_main_generic_buff_defence,wh_ability_positive,false,true,true,0.0000,,,false,0.0000,0.0000,false,0.0000,data/unit_stats/source_exports/db/special_ability_phases_tables/data__.tsv,659,9.0.1
wh2_pro08_character_abilities_helping_hand,22.0000,positive,,false,false,0.0000,0.0000,0.0000,0.0000,0,0,false,0.0000,0.0000,false,0,,wh_main_generic_buff_attack,wh_ability_positive,false,true,true,0.0000,,,false,0.0000,0.0000,false,0.0000,data/unit_stats/source_exports/db/special_ability_phases_tables/data__.tsv,660,9.0.1
wh2_pro08_character_passive_blood_oath,-1.0000,positive,,false,false,0.0000,0.0000,0.0000,1.0000,0,0,false,0.0000,0.0000,false,0,,,,false,true,true,0.0000,,,false,0.0020,0.0000,false,0.0000,data/unit_stats/source_exports/db/special_ability_phases_tables/data__.tsv,661,9.0.1
wh2_pro08_character_passive_heroic_fortitude,2.0000,positive,,false,false,0.0000,0.0000,0.0000,1.0000,0,0,false,0.0000,0.0000,false,0,,wh2_main_unit_passive_rebirth,,false,true,true,0.0000,,,false,0.1200,0.0000,false,0.0000,data/unit_stats/source_exports/db/special_ability_phases_tables/data__.tsv,662,9.0.1
wh2_pro08_unit_contact_dampen,10.0000,negative,,false,false,0.0000,0.0000,0.0000,0.0000,0,0,false,0.0000,0.0000,false,0,,,,false,false,true,0.0000,,,false,0.0000,0.0000,true,0.0000,data/unit_stats/source_exports/db/special_ability_phases_tables/data__.tsv,663,9.0.1
wh2_pro08_weapon_abilities_karaghul,28.0000,positive,,false,false,0.0000,0.0000,0.0000,0.0000,0,0,false,0.0000,0.0000,false,10,,wh_main_generic_buff_attack,wh_ability_positive,false,true,true,0.0000,,,false,0.0000,0.0000,false,0.0000,data/unit_stats/source_exports/db/special_ability_phases_tables/data__.tsv,664,9.0.1
wh2_pro08_weapon_abilities_rune_axe_of_gotrek,36.0000,positive,,false,false,0.0000,0.0000,0.0000,0.0000,0,0,false,0.0000,0.0000,false,0,wh2_pro08_unit_contact_dampen,wh_main_generic_buff_attack,wh_ability_positive,false,true,true,0.0000,,,false,0.0000,0.0000,false,0.0000,data/unit_stats/source_exports/db/special_ability_phases_tables/data__.tsv,665,9.0.1
wh2_pro10_army_abilities_shard_of_tzeentch,-1.0000,positive,,false,false,0.0000,0.0000,0.0000,0.0000,0,0,false,0.8000,0.1000,false,0,,,,false,true,true,0.0000,,,false,0.0000,0.0000,false,0.0000,data/unit_stats/source_exports/db/special_ability_phases_tables/data__.tsv,666,9.0.1
wh2_twa03_item_passive_beast_armour_of_karond_kar,-1.0000,positive,,false,false,0.0000,0.0000,0.0000,0.0000,0,-1,false,0.0000,0.0000,false,0,,wh_main_generic_buff_defence_passive,,false,true,true,0.0000,,,false,0.0000,0.0000,false,0.0000,data/unit_stats/source_exports/db/special_ability_phases_tables/data__.tsv,667,9.0.1
wh2_twa03_lord_abilities_beastlords_gaze,40.0000,positive,,false,false,0.0000,0.0000,0.0000,0.0000,0,-1,false,0.0000,0.0000,false,0,,wh_main_generic_buff_morale,wh_ability_positive,false,true,true,0.0000,,,false,0.0000,0.0000,false,0.0000,data/unit_stats/source_exports/db/special_ability_phases_tables/data__.tsv,668,9.0.1
wh2_twa03_lord_passive_beastlords_presence,-1.0000,positive,,false,false,0.0000,0.0000,0.0000,0.0000,0,-1,false,0.0000,0.0000,false,0,,wh_main_generic_buff_morale_passive,,false,true,true,0.0000,,,false,0.0000,0.0000,false,0.0000,data/unit_stats/source_exports/db/special_ability_phases_tables/data__.tsv,669,9.0.1
wh2_twa03_weapon_abilities_whip_of_agony,29.0000,negative,,false,false,0.0000,0.0000,0.0000,0.0000,0,-1,false,0.0000,0.0000,false,0,,wh2_twa03_weapon_abilities_whip_of_agony,wh_ability_positive,false,true,true,0.0000,,,false,0.0000,0.0000,false,0.0000,data/unit_stats/source_exports/db/special_ability_phases_tables/data__.tsv,670,9.0.1
wh3_cp1_character_abilities_magic_prayer,27.0000,positive,,false,false,0.0000,0.0000,0.0000,0.0000,0,-1,false,1.3000,0.2000,false,0,,wh2_main_generic_buff_wom,wh_ability_positive_IND,false,true,true,0.0000,,,false,0.0000,0.0000,false,0.0000,data/unit_stats/source_exports/db/special_ability_phases_tables/data__.tsv,671,9.0.1
wh3_cp1_character_abilities_offense_prayer,40.0000,positive,,false,false,0.0000,0.0000,0.0000,0.0000,0,-1,false,0.0000,0.0000,false,0,wh2_dlc12_unit_contact_sundered_armour,wh_main_generic_buff_attack_banner,wh_ability_positive_banner,false,true,true,0.0000,,,false,0.0000,0.0000,false,0.0000,data/unit_stats/source_exports/db/special_ability_phases_tables/data__.tsv,672,9.0.1
wh3_cp1_character_abilities_protection_prayer,32.0000,positive,,false,false,-0.0100,0.0000,0.0000,0.8000,0,-1,false,0.0000,0.0000,false,0,,wh_main_generic_hp_regen,wh_ability_positive_banner,false,true,true,0.0000,,,false,0.0052,0.0000,false,0.0000,data/unit_stats/source_exports/db/special_ability_phases_tables/data__.tsv,673,9.0.1
wh3_cp1_character_abilities_terrifying_presence_enemy,28.0000,negative,,false,false,0.0000,0.0000,0.0000,0.0000,0,-1,false,0.0000,0.0000,false,0,,wh_main_generic_debuff_morale,wh_ability_negative_aoe,false,true,true,0.0000,,,false,0.0000,0.0000,false,0.0000,data/unit_stats/source_exports/db/special_ability_phases_tables/data__.tsv,674,9.0.1
wh3_cp1_character_abilities_terrifying_presence_self,28.0000,positive,,false,false,0.0000,0.0000,0.0000,0.0000,0,-1,false,0.0000,0.0000,false,0,,wh_main_generic_buff_attack,wh_ability_positive_IND,false,true,true,0.0000,,,false,0.0000,0.0000,false,0.0000,data/unit_stats/source_exports/db/special_ability_phases_tables/data__.tsv,675,9.0.1
wh3_cp1_character_passive_fuelled_by_vengeance,-1.0000,positive,,false,false,0.0000,0.0000,0.0000,0.0000,0,-1,false,0.0000,0.0000,false,0,,,,false,true,true,0.0000,,,false,0.0000,0.0000,false,0.0000,data/unit_stats/source_exports/db/special_ability_phases_tables/data__.tsv,676,9.0.1
wh3_cp1_character_passive_kamau_magic,24.0000,positive,,false,false,0.0000,0.0000,0.0000,0.0000,0,-1,false,0.0000,0.0000,true,0,,,,false,true,true,0.0000,,,false,0.0000,0.0000,false,0.0000,data/unit_stats/source_exports/db/special_ability_phases_tables/data__.tsv,677,9.0.1
wh3_cp1_character_passive_kamau_offence,24.0000,positive,,false,false,0.0000,0.0000,0.0000,0.0000,0,-1,false,0.0000,0.0000,false,0,,,,false,true,true,0.0000,,,false,0.0000,0.0000,false,0.0000,data/unit_stats/source_exports/db/special_ability_phases_tables/data__.tsv,678,9.0.1
wh3_cp1_character_passive_kamau_protect,24.0000,positive,,false,false,0.0000,0.0000,0.0000,0.0000,0,-1,false,0.0000,0.0000,false,0,,,,false,true,true,0.0000,,,false,0.0000,0.0000,false,0.0000,data/unit_stats/source_exports/db/special_ability_phases_tables/data__.tsv,679,9.0.1
wh3_cp1_character_passive_will_of_the_dragons,-1.0000,positive,,false,false,0.0000,0.0000,0.0000,0.0000,0,0,false,0.0000,0.0000,false,0,,wh_main_generic_buff_morale_passive,,false,true,true,0.0000,,,false,0.0000,0.0000,false,0.0000,data/unit_stats/source_exports/db/special_ability_phases_tables/data__.tsv,680,9.0.1
wh3_cp1_item_passive_arcane_trinket,-1.0000,positive,,false,false,0.0000,0.0000,0.0000,0.0000,0,0,false,0.0000,0.0000,false,0,,wh_main_generic_buff_attack_banner,,false,true,false,0.0000,,,false,0.0000,0.0000,false,0.0000,data/unit_stats/source_exports/db/special_ability_phases_tables/data__.tsv,681,9.0.1
wh3_cp1_lord_abilities_guiding_strike,29.0000,positive,,false,false,0.0000,0.0000,0.0000,0.0000,0,-1,false,0.0000,0.0000,false,0,wh2_dlc16_unit_contact_weakened,wh_main_generic_buff_attack_banner,wh_ability_positive_IND,false,true,true,0.0000,,,false,0.0000,0.0000,false,0.0000,data/unit_stats/source_exports/db/special_ability_phases_tables/data__.tsv,682,9.0.1
wh3_cp1_lord_abilities_hidden_huntress,20.0000,negative,,false,false,0.0000,0.0000,0.0000,0.0000,0,0,false,0.0000,0.0000,false,0,,wh_main_generic_debuff_defence_banner,wh_ability_negative_No_GRP,false,true,true,0.0000,,,false,0.0000,0.0000,false,0.0000,data/unit_stats/source_exports/db/special_ability_phases_tables/data__.tsv,683,9.0.1
wh3_cp1_lord_abilities_hidden_huntress_upgraded,20.0000,negative,,false,false,0.0000,0.0000,0.0000,0.0000,0,0,false,0.0000,0.0000,false,0,,wh_main_generic_debuff_defence_banner,wh_ability_negative_No_GRP,false,true,true,0.0000,,,false,0.0000,0.0000,false,0.0000,data/unit_stats/source_exports/db/special_ability_phases_tables/data__.tsv,684,9.0.1
wh3_cp1_lord_abilities_mastered_strike,34.0000,positive,,false,false,0.0000,0.0000,0.0000,0.0000,0,-1,false,0.0000,0.0000,false,0,wh2_dlc16_unit_contact_weakened,wh_main_generic_buff_attack_banner,wh_ability_positive_IND,false,true,true,0.0000,,,false,0.0000,0.0000,false,0.0000,data/unit_stats/source_exports/db/special_ability_phases_tables/data__.tsv,685,9.0.1
wh3_cp1_lord_abilities_predatory_instincts,25.0000,positive,,false,false,0.0000,0.0000,0.0000,0.0000,0,-1,false,0.0000,0.0000,false,0,,wh_main_generic_buff_attack,wh3_cp1_ability_cth_predatory_instincts,false,true,true,0.0000,,,false,0.0000,0.0000,false,0.0000,data/unit_stats/source_exports/db/special_ability_phases_tables/data__.tsv,686,9.0.1
wh3_cp1_lord_passive_fire_warrior,-1.0000,positive,,false,false,0.0000,0.0000,0.0000,0.0000,0,-1,false,0.0000,0.0000,false,50,,wh3_main_daemon_arms_abilities_for_the_slaughter_1,,false,true,true,0.0000,,,false,0.0000,0.0000,false,0.0000,data/unit_stats/source_exports/db/special_ability_phases_tables/data__.tsv,687,9.0.1
wh3_cp1_lord_passive_master_of_the_hunt,-1.0000,negative,,false,false,0.0000,0.0000,0.0000,0.0000,0,-1,false,0.0000,0.0000,false,0,,,,false,true,true,0.0000,,,false,0.0000,0.0000,false,0.0000,data/unit_stats/source_exports/db/special_ability_phases_tables/data__.tsv,688,9.0.1
wh3_cp1_lord_passive_white_tiger,-1.0000,positive,,false,false,0.0000,0.0000,0.0000,0.0000,0,-1,false,0.0000,0.0000,false,0,,,,false,true,true,0.0000,,,false,0.0000,0.0000,false,0.0000,data/unit_stats/source_exports/db/special_ability_phases_tables/data__.tsv,689,9.0.1
wh3_cp1_passive_thousand_claws,-1.0000,positive,,false,false,0.0000,0.0000,0.0000,0.0000,0,-1,false,0.0000,0.0000,false,0,,wh_main_generic_buff_defence_passive,,false,true,true,0.0000,,,false,0.0000,0.0000,false,0.0000,data/unit_stats/source_exports/db/special_ability_phases_tables/data__.tsv,690,9.0.1
wh3_cp1_unit_contact_brutal_wounds,10.0000,negative,,false,false,0.0000,0.0000,0.0000,2.0000,32,1,false,0.0000,0.0000,false,0,,wh3_dlc24_dark_blood,,false,false,true,0.0000,,,false,0.0000,0.0000,false,0.0000,data/unit_stats/source_exports/db/special_ability_phases_tables/data__.tsv,691,9.0.1
wh3_cp1_unit_passive_absorb_magic,-1.0000,negative,,false,false,0.0000,0.0000,0.0000,0.0000,0,0,false,0.0000,0.0000,false,0,,wh3_dlc23_sorcerous_miasma,,false,true,true,0.0000,,,false,0.0000,0.0000,true,0.0000,data/unit_stats/source_exports/db/special_ability_phases_tables/data__.tsv,692,9.0.1
wh3_cp1_unit_passive_abundant_powder,-1.0000,positive,,false,false,0.0000,0.0000,0.0000,0.0000,0,0,false,0.0000,0.0000,false,0,,wh2_dlc11_unit_passive_extra_powder,,false,true,true,0.0000,,,false,0.0000,0.0000,false,0.0000,data/unit_stats/source_exports/db/special_ability_phases_tables/data__.tsv,693,9.0.1
wh3_cp1_unit_passive_astromantic_warding,-1.0000,positive,,false,false,0.0000,0.0000,0.0000,0.0000,0,0,false,0.0000,0.0000,false,0,,wh_main_generic_buff_defence_morale_passive,,false,true,false,0.0000,,,false,0.0000,0.0000,false,0.0000,data/unit_stats/source_exports/db/special_ability_phases_tables/data__.tsv,694,9.0.1
wh3_cp1_unit_passive_attuned_to_magic,-1.0000,positive,,false,false,0.0000,0.0000,0.0000,0.0000,0,0,false,0.0000,0.0000,true,0,,wh3_dlc24_attuned_to_magic,,false,true,true,0.0000,,,false,0.0000,0.0000,false,0.0000,data/unit_stats/source_exports/db/special_ability_phases_tables/data__.tsv,695,9.0.1
wh3_cp1_unit_passive_celestial_radiation,-1.0000,positive,,false,false,0.0000,0.0000,0.0000,0.0000,0,0,false,0.0000,0.0000,false,0,,,,false,true,true,0.0000,,,false,0.0000,0.0000,false,0.0000,data/unit_stats/source_exports/db/special_ability_phases_tables/data__.tsv,696,9.0.1
wh3_cp1_unit_passive_defensive_tactician_i,25.0000,neutral,,false,false,0.0000,0.0000,0.0000,0.0000,0,-1,false,0.0000,0.0000,false,0,,,,false,true,true,0.0000,,,false,0.0000,0.0000,false,0.0000,data/unit_stats/source_exports/db/special_ability_phases_tables/data__.tsv,697,9.0.1
wh3_cp1_unit_passive_defensive_tactician_ii,-1.0000,positive,,false,false,0.0000,0.0000,0.0000,0.0000,0,-1,false,0.0000,0.0000,false,0,,wh_main_generic_buff_defence_attack_banner,,false,true,true,0.0000,,,false,0.0000,0.0000,false,0.0000,data/unit_stats/source_exports/db/special_ability_phases_tables/data__.tsv,698,9.0.1
wh3_cp1_unit_passive_dragon_scale_armour,-1.0000,positive,,false,false,0.0000,0.0000,0.0000,0.0000,0,0,false,0.0000,0.0000,false,0,,wh_main_generic_buff_defence_morale_passive,,false,true,true,0.0000,,,false,0.0000,0.0000,false,0.0000,data/unit_stats/source_exports/db/special_ability_phases_tables/data__.tsv,699,9.0.1
wh3_cp1_unit_passive_embrace_the_pain,-1.0000,positive,,false,false,0.0000,0.0000,0.0000,0.0000,0,0,false,0.0000,0.0000,false,0,,wh_main_generic_buff_attack_passive,,false,true,true,0.0000,,,false,0.0000,0.0000,false,0.0000,data/unit_stats/source_exports/db/special_ability_phases_tables/data__.tsv,700,9.0.1
wh3_cp1_unit_passive_ferocious_ambush,20.0000,positive,,false,false,0.0000,0.0000,0.0000,0.0000,0,0,false,0.0000,0.0000,false,0,,wh_main_generic_buff_attack,,false,true,true,0.0000,,,false,0.0000,0.0000,false,0.0000,data/unit_stats/source_exports/db/special_ability_phases_tables/data__.tsv,701,9.0.1
wh3_cp1_unit_passive_ferocious_charge,22.0000,positive,,false,false,0.0000,0.0000,0.0000,0.0000,0,0,false,0.0000,0.0000,false,0,,wh_main_generic_buff_attack,,false,true,true,0.0000,,,false,0.0000,0.0000,false,0.0000,data/unit_stats/source_exports/db/special_ability_phases_tables/data__.tsv,702,9.0.1
wh3_cp1_unit_passive_heavenly_bonds,-1.0000,positive,,false,false,0.0000,0.0000,0.0000,0.0000,0,0,false,0.0000,0.0000,false,0,,wh_main_generic_buff_defence_morale_passive,,false,true,false,0.0000,,,false,0.0000,0.0000,false,0.0000,data/unit_stats/source_exports/db/special_ability_phases_tables/data__.tsv,703,9.0.1
wh3_cp1_unit_passive_hold_formation,-1.0000,positive,,false,false,0.0000,0.0000,0.0000,0.0000,0,0,false,0.0000,0.0000,false,0,,wh3_main_unit_passive_battle_harmony_yang,,false,true,true,0.0000,,,false,0.0000,0.0000,false,0.0000,data/unit_stats/source_exports/db/special_ability_phases_tables/data__.tsv,704,9.0.1
wh3_cp1_unit_passive_icon_of_the_great_cities_upgraded,-1.0000,positive,,false,false,0.0000,0.0000,0.0000,0.0000,0,0,false,0.0000,0.0000,false,0,,,,false,true,true,0.0000,,,false,0.0000,0.0000,false,0.0000,data/unit_stats/source_exports/db/special_ability_phases_tables/data__.tsv,705,9.0.1
wh3_cp1_unit_passive_implacable_spirit_i,25.0000,neutral,,false,false,0.0000,0.0000,0.0000,0.0000,0,-1,false,0.0000,0.0000,false,0,,,,false,true,true,0.0000,,,false,0.0000,0.0000,false,0.0000,data/unit_stats/source_exports/db/special_ability_phases_tables/data__.tsv,706,9.0.1
wh3_cp1_unit_passive_implacable_spirit_ii,-1.0000,positive,,false,false,0.0000,0.0000,0.0000,0.0000,0,-1,false,0.0000,0.0000,false,0,,wh_main_generic_buff_defence_attack_banner,,false,true,true,0.0000,,,false,0.0000,0.0000,false,0.0000,data/unit_stats/source_exports/db/special_ability_phases_tables/data__.tsv,707,9.0.1
wh3_cp1_unit_passive_pack_hunters,-1.0000,positive,,false,false,0.0000,0.0000,0.0000,0.0000,0,0,false,0.0000,0.0000,false,0,,wh3_main_unit_passive_battle_harmony_yang,,false,true,true,0.0000,,,false,0.0000,0.0000,false,0.0000,data/unit_stats/source_exports/db/special_ability_phases_tables/data__.tsv,708,9.0.1
wh3_cp1_unit_passive_relentless_hunters,-1.0000,positive,,false,false,0.0000,0.0000,0.0000,0.0000,0,0,false,0.0000,0.0000,false,0,,wh_main_generic_buff_attack_passive,,false,true,true,0.0000,,,false,0.0000,0.0000,false,0.0000,data/unit_stats/source_exports/db/special_ability_phases_tables/data__.tsv,709,9.0.1
wh3_cp1_unit_passive_spotters_i,25.0000,neutral,,false,false,0.0000,0.0000,0.0000,0.0000,0,-1,false,0.0000,0.0000,false,0,,,,false,true,true,0.0000,,,false,0.0000,0.0000,false,0.0000,data/unit_stats/source_exports/db/special_ability_phases_tables/data__.tsv,710,9.0.1
wh3_cp1_unit_passive_spotters_ii,-1.0000,positive,,false,false,0.0000,0.0000,0.0000,0.0000,0,-1,false,0.0000,0.0000,false,0,,wh_main_generic_buff_attack_banner,,false,true,true,0.0000,,,false,0.0000,0.0000,false,0.0000,data/unit_stats/source_exports/db/special_ability_phases_tables/data__.tsv,711,9.0.1
wh3_cp1_unit_passive_unbinding_iron_claw_summoned,55.0000,negative,,false,false,0.0000,0.0000,0.0000,1.0000,0,0,false,0.0000,0.0000,false,0,,wh_main_bound_entity_energy_small,wh2_dlc13_ability_summon_unbinding_generic_small_phase_01,false,true,true,0.0000,,,false,0.0000,0.0000,false,0.0000,data/unit_stats/source_exports/db/special_ability_phases_tables/data__.tsv,712,9.0.1
wh3_cp1_unit_passive_unstable_alchemy,-1.0000,negative,,false,false,0.0000,0.0000,0.0000,0.0000,0,0,false,0.0000,0.0000,false,0,,,,false,true,true,0.0000,,,false,0.0000,0.0000,true,0.0000,data/unit_stats/source_exports/db/special_ability_phases_tables/data__.tsv,713,9.0.1
wh3_cp1_weapon_abilities_blades_of_shang_yang,32.0000,positive,,false,false,0.0000,0.0000,0.0000,0.0000,0,0,false,0.0000,0.0000,false,0,wh_dlc06_unit_contact_flammable,wh_main_generic_buff_attack_banner,wh_ability_positive_IND,false,true,true,0.0000,,,false,0.0000,0.0000,false,0.0000,data/unit_stats/source_exports/db/special_ability_phases_tables/data__.tsv,714,9.0.1
wh3_cp1_weapon_abilities_tyrants_talon,27.0000,positive,,false,false,0.0000,0.0000,0.0000,0.0000,0,-1,false,0.0000,0.0000,false,0,wh3_cp1_unit_contact_brutal_wounds,wh_main_generic_buff_attack_banner,wh_ability_positive_IND,false,true,true,0.0000,,,false,0.0000,0.0000,false,0.0000,data/unit_stats/source_exports/db/special_ability_phases_tables/data__.tsv,715,9.0.1
wh3_demo_survival_khorne_blood,-1.0000,negative,,false,false,0.0000,0.0000,0.0000,0.0000,0,0,false,0.0000,0.0000,false,0,,,,false,true,true,0.0000,,,false,0.0000,0.0000,false,0.0000,data/unit_stats/source_exports/db/special_ability_phases_tables/data__.tsv,716,9.0.1
wh3_demo_survival_khorne_ruin,-1.0000,negative,,false,false,0.0000,0.0000,0.0000,0.0000,0,0,false,0.0000,0.0000,false,0,,,,false,true,true,0.0000,,,false,0.0000,0.0000,false,0.0000,data/unit_stats/source_exports/db/special_ability_phases_tables/data__.tsv,717,9.0.1
wh3_demo_survival_khorne_torment,-1.0000,negative,,false,false,0.0000,0.0000,0.0000,0.0000,0,0,false,0.0000,0.0000,false,0,,,,false,true,true,0.0000,,,false,0.0000,0.0000,false,0.0000,data/unit_stats/source_exports/db/special_ability_phases_tables/data__.tsv,718,9.0.1
wh3_dlc20_character_passive_acid_ichor,-1.0000,positive,,false,false,0.0000,0.0000,0.0000,0.0000,0,-1,false,0.0000,0.0000,false,0,,wh_main_generic_buff_defence_passive,,false,true,true,0.0000,,,false,0.0000,0.0000,false,0.0000,data/unit_stats/source_exports/db/special_ability_phases_tables/data__.tsv,719,9.0.1
wh3_dlc20_character_passive_soul_feeder,9.0000,positive,,false,false,0.0000,0.0000,0.0000,1.0000,0,0,false,0.0000,0.0000,false,0,,wh_main_generic_hp_regen_passive,,false,true,true,0.0000,,,false,0.0040,0.0000,false,0.0000,data/unit_stats/source_exports/db/special_ability_phases_tables/data__.tsv,720,9.0.1
wh3_dlc20_contact_effect_euphoria,10.0000,negative,,false,false,0.0000,0.0000,0.0000,0.0000,0,0,false,0.0000,0.0000,false,0,,wh_main_generic_debuff_attack,wh_ability_positive,false,true,true,0.0000,,,false,0.0000,0.0000,false,0.0000,data/unit_stats/source_exports/db/special_ability_phases_tables/data__.tsv,721,9.0.1
wh3_dlc20_item_abilities_daemonshield,13.0000,positive,,false,false,0.0000,0.0000,0.0000,0.0000,0,-1,false,0.0000,0.0000,false,0,,wh3_dlc20_ability_daemonshield,wh3_dlc20_ability_daemon_shield,false,true,true,0.0000,,,false,0.0000,0.0000,false,0.0000,data/unit_stats/source_exports/db/special_ability_phases_tables/data__.tsv,722,9.0.1
wh3_dlc20_item_abilities_pestilent_potions,25.0000,negative,,false,false,0.0000,0.0000,0.0000,0.0000,0,0,false,0.0000,0.0000,false,0,,wh3_dlc20_abilities_festus_pestilent_potions,wh3_main_lord_dlc20_abilities_pestilent_potions,false,true,true,0.0000,,wh3_dlc20_item_abilities_pestilent_potions,false,0.0000,0.0000,false,0.0000,data/unit_stats/source_exports/db/special_ability_phases_tables/data__.tsv,723,9.0.1
wh3_dlc20_item_abilities_the_armour_of_morkar,29.0000,positive,,false,false,0.0000,0.0000,0.0000,0.0000,0,-1,false,0.0000,0.0000,false,0,,wh_main_generic_buff_defence,wh3_dlc20_ability_armour_of_morkar,false,true,true,0.0000,,,false,0.0000,0.0000,false,0.0000,data/unit_stats/source_exports/db/special_ability_phases_tables/data__.tsv,724,9.0.1
wh3_dlc20_item_passive_armour_of_damnation,-1.0000,positive,,false,false,0.0000,0.0000,0.0000,0.0000,0,0,false,0.0000,0.0000,false,0,,wh_main_generic_buff_defence,wh_ability_positive,false,true,true,0.0000,,,false,0.0000,0.0000,false,0.0000,data/unit_stats/source_exports/db/special_ability_phases_tables/data__.tsv,725,9.0.1
wh3_dlc20_item_passive_axe_of_khorne,-1.0000,positive,,false,false,0.0000,0.0000,0.0000,0.0000,0,0,false,0.0000,0.0000,false,0,,wh_main_generic_buff_morale_attack_passive,,false,true,true,0.0000,,,false,0.0000,0.0000,false,0.0000,data/unit_stats/source_exports/db/special_ability_phases_tables/data__.tsv,726,9.0.1
wh3_dlc20_item_passive_blasphemous_amulet,-1.0000,positive,,false,false,0.0000,0.0000,0.0000,0.0000,0,-1,false,0.0000,0.0000,true,10,,wh_main_generic_buff_attack_passive,,false,true,true,0.0000,,,false,0.0000,0.0000,false,0.0000,data/unit_stats/source_exports/db/special_ability_phases_tables/data__.tsv,727,9.0.1
wh3_dlc20_item_passive_bronze_armour_of_zhrakk,-1.0000,positive,,false,false,0.0000,0.0000,0.0000,0.0000,0,-1,false,0.0000,0.0000,false,0,,wh_main_generic_buff_defence_attack,,false,true,true,0.0000,,,false,0.0000,0.0000,false,0.0000,data/unit_stats/source_exports/db/special_ability_phases_tables/data__.tsv,728,9.0.1
wh3_dlc20_item_passive_crown_of_everlasting_conquest,-1.0000,positive,,false,false,0.0000,0.0000,0.0000,1.0000,0,0,false,0.0000,0.0000,false,0,,wh_main_generic_hp_regen_passive,,false,true,true,0.0000,,,false,0.0015,0.0000,false,0.0000,data/unit_stats/source_exports/db/special_ability_phases_tables/data__.tsv,729,9.0.1
wh3_dlc20_item_passive_doom_totem,-1.0000,negative,,false,false,0.0000,0.0000,0.0000,0.0000,0,-1,false,0.0000,0.0000,false,0,,wh_main_generic_debuff_morale_passive,wh_ability_negative_one_shot,false,true,true,0.0000,,,false,0.0000,0.0000,false,0.0000,data/unit_stats/source_exports/db/special_ability_phases_tables/data__.tsv,730,9.0.1
wh3_dlc20_item_passive_the_beguiling_gem,-1.0000,negative,,false,false,0.0000,0.0000,0.0000,0.0000,0,0,false,0.0000,0.0000,false,0,,wh_main_generic_debuff_attack,wh_dlc20_ability_beguiling_gem,false,true,true,0.0000,,,false,0.0000,0.0000,false,0.0000,data/unit_stats/source_exports/db/special_ability_phases_tables/data__.tsv,731,9.0.1
wh3_dlc20_item_passive_the_crown_of_domination_self,-1.0000,positive,,false,false,0.0000,0.0000,0.0000,0.0000,0,0,false,0.0000,0.0000,false,0,,wh_main_generic_buff_morale_passive,,false,true,true,0.0000,,,false,0.0000,0.0000,false,0.0000,data/unit_stats/source_exports/db/special_ability_phases_tables/data__.tsv,732,9.0.1
wh3_dlc20_item_passive_the_scarlet_armour,-1.0000,negative,,false,false,0.0000,0.0000,0.0000,0.0000,0,-1,false,0.0000,0.0000,false,0,,wh_main_generic_debuff_defence_passive,,false,true,true,0.0000,,,false,0.0000,0.0000,false,0.0000,data/unit_stats/source_exports/db/special_ability_phases_tables/data__.tsv,733,9.0.1
wh3_dlc20_item_passive_vessel_of_chaos,20.0000,positive,,false,false,0.0000,0.0000,0.0000,1.0000,0,-1,false,0.0000,0.0000,false,0,,wh3_dlc20_ability_passive_vessel_of_chaos,,false,true,true,0.0000,,,false,0.0000,0.0100,false,0.0000,data/unit_stats/source_exports/db/special_ability_phases_tables/data__.tsv,734,9.0.1
wh3_dlc20_item_the_passive_festering_shroud,-1.0000,positive,,false,false,0.0000,0.0000,0.0000,0.0000,0,0,false,0.0000,0.0000,false,0,,wh_main_generic_buff_defence_passive,,false,true,true,0.0000,,,false,0.0000,0.0000,false,0.0000,data/unit_stats/source_exports/db/special_ability_phases_tables/data__.tsv,735,9.0.1
wh3_dlc20_lord_abilities_harbinger_of_pestilence,-1.0000,negative,,false,false,0.0000,0.0000,0.0000,1.0000,4,6,false,0.0000,0.0000,false,0,,wh3_dlc20_abilities_festus_harbinger_of_pestilence,wh3_dlc29_spell_undeath_harbinger_of_pestilence,false,true,true,0.0000,,,false,0.0000,0.0000,false,0.0000,data/unit_stats/source_exports/db/special_ability_phases_tables/data__.tsv,736,9.0.1
wh3_dlc20_lord_abilities_healing_elixirs,-1.0000,positive,,false,false,0.0000,0.0000,0.0000,1.0000,0,-1,false,0.0000,0.0000,false,0,,wh3_dlc20_abilities_festus_healing_elixirs_banner,wh3_main_lord_dlc20_abilities_potions_of_elixirs,false,true,true,0.0000,,,false,0.0010,0.0000,false,0.0000,data/unit_stats/source_exports/db/special_ability_phases_tables/data__.tsv,737,9.0.1
wh3_dlc20_lord_abilities_tempest_rage,36.0000,positive,cast_up_short,false,false,0.0000,0.0000,0.0000,0.0000,0,-1,false,0.0000,0.0000,false,0,,wh3_dlc20_lord_abilities_tempest_rage,wh3_dlc20_ability_tempest_rage,false,true,true,0.0000,,,false,0.0000,0.0000,false,0.0000,data/unit_stats/source_exports/db/special_ability_phases_tables/data__.tsv,738,9.0.1
wh3_dlc20_lord_abilities_temptator,19.0000,positive,,false,false,0.0000,0.0000,0.0000,0.0000,0,-1,false,0.0000,0.0000,false,0,,wh3_dlc20_ability_temptator,wh3_dlc20_ability_sla_temptator,false,true,true,0.0000,,,false,0.0000,0.0000,false,0.0000,data/unit_stats/source_exports/db/special_ability_phases_tables/data__.tsv,739,9.0.1
wh3_dlc20_lord_passive_domineering_aura,-1.0000,negative,,false,false,0.0000,0.0000,0.0000,0.0000,0,0,false,0.0000,0.0000,false,0,,wh_main_generic_debuff_morale_passive,,false,true,true,0.0000,,,false,0.0000,0.0000,false,0.0000,data/unit_stats/source_exports/db/special_ability_phases_tables/data__.tsv,740,9.0.1
wh3_dlc20_lord_passive_paragon_of_carnage,-1.0000,positive,,false,false,0.0000,0.0000,0.0000,0.0000,0,0,false,0.0000,0.0000,false,0,,wh_main_generic_buff_morale_attack_passive,,false,true,true,0.0000,,,false,0.0000,0.0000,false,0.0000,data/unit_stats/source_exports/db/special_ability_phases_tables/data__.tsv,741,9.0.1
wh3_dlc20_lord_passive_paragon_of_change,-1.0000,positive,,false,false,0.0000,0.0000,0.0000,1.0000,0,0,false,0.0000,0.0000,false,0,,wh3_dlc20_lord_passive_paragon_of_change,wh_dlc20_ability_paragon_of_change,false,true,true,0.0000,,,false,0.0000,0.0020,false,0.0000,data/unit_stats/source_exports/db/special_ability_phases_tables/data__.tsv,742,9.0.1
wh3_dlc20_lord_passive_paragon_of_decay,-1.0000,negative,,false,false,0.0000,0.0000,0.0000,0.0000,0,0,false,0.0000,0.0000,false,0,,wh_main_generic_debuff_attack,,false,true,true,0.0000,,,false,0.0000,0.0000,false,0.0000,data/unit_stats/source_exports/db/special_ability_phases_tables/data__.tsv,743,9.0.1
wh3_dlc20_lord_passive_paragon_of_excess,-1.0000,negative,,false,false,0.0000,0.0000,0.0000,0.0000,0,0,false,0.0000,0.0000,false,0,,wh_main_generic_debuff_attack,,false,true,true,0.0000,,,false,0.0000,0.0000,false,0.0000,data/unit_stats/source_exports/db/special_ability_phases_tables/data__.tsv,744,9.0.1
wh3_dlc20_lord_passive_paragon_of_ruin,-1.0000,positive,,false,false,0.0000,0.0000,0.0000,0.0000,0,0,false,0.0000,0.0000,false,0,,wh_main_generic_buff_attack_passive,,false,true,true,0.0000,,,false,0.0000,0.0000,false,0.0000,data/unit_stats/source_exports/db/special_ability_phases_tables/data__.tsv,745,9.0.1
wh3_dlc20_lord_passive_the_gaze_of_khorne,-1.0000,positive,,false,false,0.0000,0.0000,0.0000,0.0000,0,-1,false,0.0000,0.0000,false,0,,wh_main_generic_buff_morale_attack_passive,,false,true,true,0.0000,,,false,0.0000,0.0000,false,0.0000,data/unit_stats/source_exports/db/special_ability_phases_tables/data__.tsv,746,9.0.1
wh3_dlc20_lord_passive_the_twisted_twin,-1.0000,positive,,false,false,0.0000,0.0000,0.0000,0.0000,0,-1,false,0.0000,0.0000,false,0,,wh_main_generic_buff_attack_passive,,false,true,true,0.0000,,,false,0.0000,0.0000,false,0.0000,data/unit_stats/source_exports/db/special_ability_phases_tables/data__.tsv,747,9.0.1
wh3_dlc20_quest_passive_daemonblade_mages,6.0000,positive,cast_up_long,false,false,0.0000,0.0000,0.0000,0.0000,0,0,false,0.0000,0.0000,false,0,,,,true,true,true,0.0000,,,false,0.0000,0.0000,false,0.0000,data/unit_stats/source_exports/db/special_ability_phases_tables/data__.tsv,748,9.0.1
wh3_dlc20_survival_aob_altar_of_battle,-1.0000,positive,,false,false,-0.0500,0.0000,0.0000,0.0000,0,0,false,0.0000,0.0000,false,0,,,,false,true,true,0.0000,,,false,0.0000,0.0000,false,0.0000,data/unit_stats/source_exports/db/special_ability_phases_tables/data__.tsv,749,9.0.1
wh3_dlc20_survival_aob_mark_of_leader,-1.0000,positive,,false,false,0.0000,0.0000,0.0000,0.0000,0,0,false,0.0000,0.0000,false,0,,,,false,true,true,0.0000,,,false,0.0000,0.0000,false,0.0000,data/unit_stats/source_exports/db/special_ability_phases_tables/data__.tsv,750,9.0.1
wh3_dlc20_survival_aob_mark_of_sentinel,-1.0000,positive,,false,false,0.0000,0.0000,0.0000,0.0000,0,0,false,0.0000,0.0000,false,0,,,,false,true,true,0.0000,,,false,0.0000,0.0000,false,0.0000,data/unit_stats/source_exports/db/special_ability_phases_tables/data__.tsv,751,9.0.1
wh3_dlc20_survival_aob_mark_of_sorcerer,-1.0000,positive,,false,false,0.0000,0.0000,0.0000,0.0000,0,0,false,0.0000,0.0000,false,0,,,,false,true,true,0.0000,,,false,0.0000,0.0000,false,0.0000,data/unit_stats/source_exports/db/special_ability_phases_tables/data__.tsv,752,9.0.1
wh3_dlc20_survival_aob_mark_of_vanguard,-1.0000,positive,,false,false,0.0000,0.0000,0.0000,0.0000,0,0,false,0.0000,0.0000,false,0,,,,false,true,true,0.0000,,,false,0.0000,0.0000,false,0.0000,data/unit_stats/source_exports/db/special_ability_phases_tables/data__.tsv,753,9.0.1
wh3_dlc20_unit_abilities_storm_rage,24.0000,positive,,false,false,0.0000,0.0000,0.0000,0.0000,0,-1,false,0.0000,0.0000,false,0,,wh3_dlc20_unit_abilities_storm_rage,wh3_dlc20_ability_storm_rage,false,true,true,0.0000,wh3_dlc20_ability_storm_rage,,false,0.0000,0.0000,false,0.0000,data/unit_stats/source_exports/db/special_ability_phases_tables/data__.tsv,754,9.0.1
wh3_dlc20_unit_abilities_violent_wind,4.0000,negative,rebirth,false,false,0.0000,0.0000,0.0000,0.0000,0,-1,false,0.0000,0.0000,false,0,,,,false,true,true,0.0000,,,false,0.0000,0.0000,false,0.0000,data/unit_stats/source_exports/db/special_ability_phases_tables/data__.tsv,755,9.0.1
wh3_dlc20_unit_contact_corrosion,10.0000,negative,,false,false,0.0000,0.0000,0.0000,0.0000,0,0,false,0.0000,0.0000,false,0,,,,false,false,true,0.0000,,wh3_dlc20_unit_contact_corrosion,false,0.0000,0.0000,false,0.0000,data/unit_stats/source_exports/db/special_ability_phases_tables/data__.tsv,756,9.0.1
wh3_dlc20_unit_passive_giver_of_abundant_glory,-1.0000,positive,,false,false,0.0000,0.0000,0.0000,1.0000,0,0,false,0.0000,0.0000,false,0,,wh3_dlc20_abilities_giver_of_abundant_glory,wh3_dlc20_ability_giver_of_abundant_glory,false,true,true,0.0000,,,false,0.0010,0.0000,false,0.0000,data/unit_stats/source_exports/db/special_ability_phases_tables/data__.tsv,757,9.0.1
wh3_dlc20_unit_passive_giver_of_arcane_glory,-1.0000,positive,,false,false,0.0000,0.0000,0.0000,0.0000,0,0,false,0.0000,0.0000,false,0,,wh3_dlc20_abilities_giver_of_arcane_glory,wh3_dlc20_ability_giver_of_arcane_glory,false,true,true,0.0000,,,false,0.0000,0.0000,false,0.0000,data/unit_stats/source_exports/db/special_ability_phases_tables/data__.tsv,758,9.0.1
wh3_dlc20_unit_passive_giver_of_arcane_glory_self,-1.0000,positive,,false,false,0.0000,0.0000,0.0000,0.0000,0,0,false,1.0000,0.1500,false,0,,wh3_dlc20_abilities_giver_of_arcane_glory,wh3_dlc20_ability_giver_of_arcane_glory,false,true,true,0.0000,,,false,0.0000,0.0000,false,0.0000,data/unit_stats/source_exports/db/special_ability_phases_tables/data__.tsv,759,9.0.1
wh3_dlc20_unit_passive_giver_of_furious_glory,-1.0000,positive,,false,false,0.0000,0.0000,0.0000,0.0000,0,0,false,0.0000,0.0000,false,0,,wh3_dlc20_abilities_giver_of_furious_glory,wh3_dlc20_ability_giver_of_furious_glory,false,true,true,0.0000,,,false,0.0000,0.0000,false,0.0000,data/unit_stats/source_exports/db/special_ability_phases_tables/data__.tsv,760,9.0.1
wh3_dlc20_unit_passive_giver_of_glory,-1.0000,positive,,false,false,-0.0100,0.0000,0.0000,0.0000,0,0,false,0.0000,0.0000,false,0,,wh3_dlc20_abilities_giver_of_glory,wh3_dlc20_ability_giver_of_glory,false,true,true,0.0000,,,false,0.0000,0.0000,false,0.0000,data/unit_stats/source_exports/db/special_ability_phases_tables/data__.tsv,761,9.0.1
wh3_dlc20_unit_passive_giver_of_torturous_glory,-1.0000,negative,,false,false,0.0000,0.0000,0.0000,1.0000,6,4,false,0.0000,0.0000,false,0,,wh3_dlc20_abilities_giver_of_torturous_glory,wh3_dlc20_ability_giver_of_torturous_glory,false,true,true,0.0000,,,false,0.0000,0.0000,false,0.0000,data/unit_stats/source_exports/db/special_ability_phases_tables/data__.tsv,762,9.0.1
wh3_dlc20_unit_passive_murderous_charge,25.0000,positive,,false,false,0.0000,0.0000,0.0000,0.0000,0,0,false,0.0000,0.0000,false,0,,wh2_main_generic_buff_speed_passive,,false,true,true,0.0000,,,false,0.0000,0.0000,false,0.0000,data/unit_stats/source_exports/db/special_ability_phases_tables/data__.tsv,763,9.0.1
wh3_dlc20_unit_passive_supreme_vanity,-1.0000,positive,,false,false,0.0000,0.0000,0.0000,0.0000,0,-1,false,0.0000,0.0000,false,0,,wh_main_generic_buff_defence_passive,,false,true,true,0.0000,,,false,0.0000,0.0000,false,0.0000,data/unit_stats/source_exports/db/special_ability_phases_tables/data__.tsv,764,9.0.1
wh3_dlc20_weapon_abilities_aether_sword,27.0000,positive,,false,false,0.0000,0.0000,0.0000,0.0000,0,0,false,0.0000,0.0000,true,0,wh2_dlc12_unit_contact_sundered_armour,wh_main_generic_buff_attack,wh_ability_positive,false,true,true,0.0000,,,false,0.0000,0.0000,false,0.0000,data/unit_stats/source_exports/db/special_ability_phases_tables/data__.tsv,765,9.0.1
wh3_dlc20_weapon_abilities_daemonblade,32.0000,positive,,false,false,0.0000,0.0000,0.0000,0.0000,0,-1,false,0.0000,0.0000,false,0,wh_dlc06_unit_contact_discouraged,wh3_dlc20_ability_daemonblade,wh3_dlc20_ability_sla_daemonblade,false,true,true,0.0000,,,false,0.0000,0.0000,false,0.0000,data/unit_stats/source_exports/db/special_ability_phases_tables/data__.tsv,766,9.0.1
wh3_dlc20_weapon_abilities_rapier_of_ecstasy,17.0000,positive,,false,false,0.0000,0.0000,0.0000,0.0000,0,0,false,0.0000,0.0000,false,0,wh3_dlc20_contact_effect_euphoria,wh_main_generic_buff_attack,wh_ability_positive,false,true,true,0.0000,,,false,0.0000,0.0000,false,0.0000,data/unit_stats/source_exports/db/special_ability_phases_tables/data__.tsv,767,9.0.1
wh3_dlc20_weapon_abilities_sliverslash,26.0000,positive,,false,false,0.0000,0.0000,0.0000,0.0000,0,-1,false,0.0000,0.0000,true,0,wh_dlc06_unit_contact_sundered_armour,wh_main_generic_buff_attack,wh_ability_positive,false,true,true,0.0000,,,false,0.0000,0.0000,false,0.0000,data/unit_stats/source_exports/db/special_ability_phases_tables/data__.tsv,768,9.0.1
wh3_dlc23_arcane_passive_blood_shard,-1.0000,positive,,false,false,0.0000,0.0000,0.0000,0.0000,0,0,false,0.0000,0.0000,false,0,,,,false,true,true,0.0000,,,false,0.0000,0.0000,false,0.0000,data/unit_stats/source_exports/db/special_ability_phases_tables/data__.tsv,769,9.0.1
wh3_dlc23_army_abilities_armour_of_contempt,26.0000,positive,,false,false,0.0000,0.0000,0.0000,0.0000,0,-1,false,0.0000,0.0000,false,0,,wh3_dlc23_hashut_breath_of_hatred,wh_ability_positive,false,true,true,0.0000,,,false,0.0000,0.0000,false,0.0000,data/unit_stats/source_exports/db/special_ability_phases_tables/data__.tsv,770,9.0.1
wh3_dlc23_barricade_monument_chd,-1.0000,positive,,false,false,0.0000,0.0000,0.0000,0.0000,0,0,false,0.0000,0.0000,false,0,,wh_main_generic_buff_attack_passive,,false,true,true,0.0000,,,false,0.0000,0.0000,false,0.0000,data/unit_stats/source_exports/db/special_ability_phases_tables/data__.tsv,771,9.0.1
wh3_dlc23_bound_abilities_breath_of_hatred,31.0000,positive,,false,false,0.0000,0.0000,0.0000,0.0000,0,0,false,0.0000,0.0000,false,10,wh_dlc06_unit_contact_sundered_armour,wh3_dlc23_hashut_breath_of_hatred,wh_ability_positive,false,true,true,0.0000,,,false,0.0000,0.0000,false,0.0000,data/unit_stats/source_exports/db/special_ability_phases_tables/data__.tsv,772,9.0.1
wh3_dlc23_character_abilities_breath_of_hatred,31.0000,positive,,false,false,0.0000,0.0000,0.0000,0.0000,0,0,false,0.0000,0.0000,false,10,wh_dlc06_unit_contact_sundered_armour,wh3_dlc23_hashut_breath_of_hatred,wh_ability_positive,false,true,true,0.0000,,,false,0.0000,0.0000,false,0.0000,data/unit_stats/source_exports/db/special_ability_phases_tables/data__.tsv,773,9.0.1
wh3_dlc23_character_abilities_reforge,19.0000,positive,,false,false,0.0000,0.0000,0.0000,1.0000,0,-1,false,0.0000,0.0000,false,0,,wh3_dlc23_reforge,wh3_dlc23_spell_reforge,false,true,true,0.0000,,,false,0.0080,0.0000,false,0.0000,data/unit_stats/source_exports/db/special_ability_phases_tables/data__.tsv,774,9.0.1
wh3_dlc23_character_abilities_skjalandirs_fall,39.0000,positive,,false,false,0.0000,0.0000,0.0000,0.0000,0,0,false,0.0000,0.0000,false,0,wh3_dlc23_unit_contact_blinded,wh2_dlc13_lord_abilities_hail_of_fire,wh2_dlc13_ability_hail_of_fire,false,true,true,0.0000,,,false,0.0000,0.0000,false,0.0000,data/unit_stats/source_exports/db/special_ability_phases_tables/data__.tsv,775,9.0.1
wh3_dlc23_character_abilities_sword_dance_enemy,23.0000,negative,,false,false,0.0000,0.0000,0.0000,0.0000,0,0,false,0.0000,0.0000,false,0,,wh_main_generic_debuff_attack,wh_ability_negative_aoe,false,true,true,0.0000,,,false,0.0000,0.0000,false,0.0000,data/unit_stats/source_exports/db/special_ability_phases_tables/data__.tsv,776,9.0.1
wh3_dlc23_character_abilities_sword_dance_self,23.0000,positive,,false,false,0.0000,0.0000,0.0000,0.0000,0,0,false,0.0000,0.0000,false,0,,wh_main_generic_buff_defence_banner,wh_ability_positive_banner,false,true,true,0.0000,,,false,0.0000,0.0000,false,0.0000,data/unit_stats/source_exports/db/special_ability_phases_tables/data__.tsv,777,9.0.1
wh3_dlc23_character_passive_infernal_engineer,-1.0000,positive,,false,false,0.0000,0.0000,0.0000,0.0000,0,-1,false,0.0000,0.0000,false,0,,wh3_dlc23_hashut_breath_of_hatred,wh_ability_positive,false,true,true,0.0000,,,false,0.0000,0.0000,false,0.0000,data/unit_stats/source_exports/db/special_ability_phases_tables/data__.tsv,778,9.0.1
wh3_dlc23_character_passive_lesser_hunger,-1.0000,positive,,false,false,0.0000,0.0000,0.0000,1.0000,0,0,false,0.0000,0.0000,false,0,,,,false,true,true,0.0000,,,false,0.0010,0.0000,false,0.0000,data/unit_stats/source_exports/db/special_ability_phases_tables/data__.tsv,779,9.0.1
wh3_dlc23_character_passive_malign_authority,-1.0000,positive,,false,false,0.0000,0.0000,0.0000,0.0000,0,0,false,0.0000,0.0000,false,0,,wh_main_generic_buff_morale_passive,,false,true,true,0.0000,,,false,0.0000,0.0000,false,0.0000,data/unit_stats/source_exports/db/special_ability_phases_tables/data__.tsv,780,9.0.1
wh3_dlc23_contact_armour_destruction,10.0000,negative,,false,false,0.0000,0.0000,0.0000,0.0000,0,0,false,0.0000,0.0000,false,0,,,,false,false,true,0.0000,,,false,0.0000,0.0000,false,0.0000,data/unit_stats/source_exports/db/special_ability_phases_tables/data__.tsv,781,9.0.1
wh3_dlc23_final_battle_kb_pillars,-1.0000,positive,,false,false,0.0000,0.0000,0.0000,0.0000,0,0,false,0.0000,0.0000,false,0,,,,false,true,true,0.0000,,,false,0.0000,0.0000,false,0.0000,data/unit_stats/source_exports/db/special_ability_phases_tables/data__.tsv,782,9.0.1
wh3_dlc23_final_battle_kb_pumps,-1.0000,positive,,false,false,0.0000,0.0000,0.0000,0.0000,0,0,false,0.0000,0.0000,false,0,,,,false,true,true,0.0000,,,false,0.0000,0.0000,false,0.0000,data/unit_stats/source_exports/db/special_ability_phases_tables/data__.tsv,783,9.0.1
wh3_dlc23_hero_abilities_crooked_dice_i,30.0000,positive,,false,false,0.0000,0.0000,0.0000,0.0000,0,-1,false,0.0000,0.0000,false,0,,wh3_dlc23_crooked_dice_i,wh_ability_positive,false,true,true,0.0000,,,false,0.0000,0.0000,false,0.0000,data/unit_stats/source_exports/db/special_ability_phases_tables/data__.tsv,784,9.0.1
wh3_dlc23_hero_abilities_crooked_dice_ii,30.0000,positive,,false,false,0.0000,0.0000,0.0000,0.0000,0,-1,false,0.0000,0.0000,false,0,,wh3_dlc23_crooked_dice_ii,wh_ability_positive,false,true,true,0.0000,,,false,0.0000,0.0000,false,0.0000,data/unit_stats/source_exports/db/special_ability_phases_tables/data__.tsv,785,9.0.1
wh3_dlc23_hero_abilities_crooked_dice_iii,30.0000,positive,,false,false,0.0000,0.0000,0.0000,0.0000,0,-1,false,0.0000,0.0000,false,0,,wh3_dlc23_crooked_dice_iii,wh_ability_positive,false,true,true,0.0000,,,false,0.0000,0.0000,false,0.0000,data/unit_stats/source_exports/db/special_ability_phases_tables/data__.tsv,786,9.0.1
wh3_dlc23_hero_passive_lucky_git_i,5.0000,neutral,,false,false,0.0000,0.0000,0.0000,0.0000,0,-1,false,0.0000,0.0000,false,0,,,,false,true,true,0.0000,,,false,0.0000,0.0000,false,0.0000,data/unit_stats/source_exports/db/special_ability_phases_tables/data__.tsv,787,9.0.1
wh3_dlc23_hero_passive_lucky_git_ii,30.0000,positive,,false,false,0.0000,0.0000,0.0000,1.5000,0,-1,false,0.0000,0.0000,false,0,,wh2_main_unit_passive_rebirth,,false,true,true,0.0000,,,false,0.0060,0.0000,false,0.0000,data/unit_stats/source_exports/db/special_ability_phases_tables/data__.tsv,788,9.0.1
wh3_dlc23_hero_passive_the_hunger,-1.0000,positive,,false,false,0.0000,0.0000,0.0000,1.0000,0,0,false,0.0000,0.0000,false,0,,,,false,true,true,0.0000,,,false,0.0010,0.0000,false,0.0000,data/unit_stats/source_exports/db/special_ability_phases_tables/data__.tsv,789,9.0.1
wh3_dlc23_item_abilities_ancestral_vengeance_gazul,10.0000,negative,,false,false,0.0000,0.0000,0.0000,0.0000,0,0,false,0.0000,0.0000,false,0,,,,false,false,false,0.0000,,,false,0.0000,0.0000,false,0.0000,data/unit_stats/source_exports/db/special_ability_phases_tables/data__.tsv,790,9.0.1
wh3_dlc23_item_abilities_armour_of_gazrakh,48.0000,positive,,false,false,0.0000,0.0000,0.0000,0.0000,0,-1,false,0.0000,0.0000,false,0,,wh_main_generic_buff_defence,,false,true,true,0.0000,,,false,0.0000,0.0000,false,0.0000,data/unit_stats/source_exports/db/special_ability_phases_tables/data__.tsv,791,9.0.1
wh3_dlc23_item_abilities_black_gem_of_gnar,13.0000,positive,,false,false,0.0000,0.0000,0.0000,0.0000,0,0,false,0.0000,0.0000,false,0,,wh3_dlc20_ability_daemonshield,wh3_dlc23_ability_black_gem_of_gnar,false,true,true,0.0000,,,false,0.0000,0.0000,false,0.0000,data/unit_stats/source_exports/db/special_ability_phases_tables/data__.tsv,792,9.0.1
wh3_dlc23_item_abilities_daemon_flask_of_ashak,5.0000,negative,,false,false,0.0000,0.0000,0.0000,1.0000,0,0,false,0.0000,0.0000,false,0,,wh3_dlc23_daemon_flask_of_ashak_self,wh3_dlc23_item_abilities_daemon_flask_of_hashut,true,true,true,0.0000,,,false,0.0000,0.0000,false,0.0000,data/unit_stats/source_exports/db/special_ability_phases_tables/data__.tsv,793,9.0.1
wh3_dlc23_item_abilities_darkened_mist_valaya,20.0000,negative,,false,false,0.0000,0.0000,0.0000,1.0000,7,25,false,0.0000,0.0000,false,0,,wh3_dlc23_darkened_mist,wh3_dlc23_spell_darkened_mist,false,true,true,0.0000,,wh3_dlc23_item_abilities_darkened_mist_valaya,false,0.0000,0.0000,false,0.0000,data/unit_stats/source_exports/db/special_ability_phases_tables/data__.tsv,794,9.0.1
wh3_dlc23_item_abilities_dweomer_leach_orb_enemy,22.0000,negative,,false,false,0.0000,0.0000,0.0000,0.0000,0,-1,false,-0.6000,-0.1000,false,0,,wh2_main_generic_debuff_wom,,false,true,true,0.0000,,,false,0.0000,0.0000,false,0.0000,data/unit_stats/source_exports/db/special_ability_phases_tables/data__.tsv,795,9.0.1
wh3_dlc23_item_abilities_dweomer_leach_orb_self,22.0000,positive,,false,false,0.0000,0.0000,0.0000,0.0000,0,-1,false,1.0000,0.2000,false,0,,wh2_main_generic_buff_wom,,false,true,true,0.0000,,,false,0.0000,0.0000,false,0.0000,data/unit_stats/source_exports/db/special_ability_phases_tables/data__.tsv,796,9.0.1
wh3_dlc23_item_abilities_embrace_of_skavor,-1.0000,positive,,false,false,0.0000,0.0000,0.0000,1.0000,0,0,false,0.0000,0.0000,false,0,,wh_main_generic_hp_regen_passive,wh_ability_positive_banner,false,true,true,0.0000,,,false,0.0030,0.0000,false,0.0000,data/unit_stats/source_exports/db/special_ability_phases_tables/data__.tsv,797,9.0.1
wh3_dlc23_item_abilities_ever_burning_light_grungni,-1.0000,positive,,false,false,0.0000,0.0000,0.0000,0.0000,0,0,false,0.0000,0.0000,false,100,wh_dlc06_unit_contact_blinded,wh_main_generic_buff_defence_morale_passive,,false,true,true,0.0000,,,false,0.0000,0.0000,false,0.0000,data/unit_stats/source_exports/db/special_ability_phases_tables/data__.tsv,798,9.0.1
wh3_dlc23_item_abilities_hammer_of_smednir,10.0000,negative,,false,false,0.0000,0.0000,0.0000,0.0000,0,0,false,0.0000,0.0000,false,0,,wh_main_generic_debuff_defence,wh_ability_negative,false,true,true,0.0000,,,false,0.0000,0.0000,false,0.0000,data/unit_stats/source_exports/db/special_ability_phases_tables/data__.tsv,799,9.0.1
wh3_dlc23_item_abilities_morgrims_eye,32.0000,positive,,false,false,0.0000,0.0000,0.0000,0.0000,0,0,false,0.0000,0.0000,false,0,,wh_main_generic_buff_attack,wh_ability_positive,false,true,true,0.0000,,,false,0.0000,0.0000,false,0.0000,data/unit_stats/source_exports/db/special_ability_phases_tables/data__.tsv,800,9.0.1
wh3_dlc23_item_abilities_rune_of_thungni,40.0000,positive,,false,false,0.0000,0.0000,0.0000,0.0000,0,-1,false,0.0000,0.0000,false,0,wh_dlc06_unit_contact_sundered_armour,wh_main_shadow_buff_attack_passive,wh_dlc05_spell_shadow_okkams_mindrazor,false,true,true,0.0000,,,false,0.0000,0.0000,false,0.0000,data/unit_stats/source_exports/db/special_ability_phases_tables/data__.tsv,801,9.0.1
wh3_dlc23_item_abilities_slayer_for_chaos_grimnir,24.0000,positive,,false,false,0.0000,0.0000,0.0000,0.0000,0,0,false,0.0000,0.0000,false,0,,wh_main_generic_buff_morale,wh_ability_positive,false,true,true,0.0000,,,false,0.0000,0.0000,false,0.0000,data/unit_stats/source_exports/db/special_ability_phases_tables/data__.tsv,802,9.0.1
wh3_dlc23_item_abilities_spell_wrought_sceptre,50.0000,positive,,false,false,0.0000,0.0000,-30.0000,0.0000,0,-1,false,0.0000,0.0000,false,0,,wh_main_generic_buff_attack,,false,true,true,0.0000,,,false,0.0000,0.0000,false,0.0000,data/unit_stats/source_exports/db/special_ability_phases_tables/data__.tsv,803,9.0.1
wh3_dlc23_item_ability_the_vial_of_hashut,60.0000,negative,,false,false,0.0000,0.0000,0.0000,0.0000,0,0,false,0.0000,0.0000,false,0,,wh3_dlc23_hashut_curse_of_hashut,wh3_dlc23_spell_hashut_curse_of_hashut,false,true,true,0.0000,,,false,0.0000,0.0000,false,0.0000,data/unit_stats/source_exports/db/special_ability_phases_tables/data__.tsv,804,9.0.1
wh3_dlc23_item_contact_daemon_flask_of_ashak,10.0000,negative,,false,false,0.0000,0.0000,0.0000,1.0000,0,0,false,0.0000,0.0000,false,0,,wh3_dlc23_daemon_flask_of_ashak_enemy,,false,true,true,0.0000,,,false,0.0000,0.0000,false,0.0000,data/unit_stats/source_exports/db/special_ability_phases_tables/data__.tsv,805,9.0.1
wh3_dlc23_item_passive_chalice_of_blood_and_darkness,13.0000,positive,,false,false,0.0000,0.0000,0.0000,1.0000,0,0,false,0.0000,0.0000,false,0,,wh3_dlc23_reforge,wh3_dlc23_spell_reforge,false,true,true,0.0000,,,false,0.0080,0.0000,false,0.0000,data/unit_stats/source_exports/db/special_ability_phases_tables/data__.tsv,806,9.0.1
wh3_dlc23_item_passive_chaos_runeshield,-1.0000,positive,,false,false,0.0000,0.0000,0.0000,0.0000,0,-1,false,0.0000,0.0000,false,0,,,,false,true,true,0.0000,,,false,0.0000,0.0000,false,0.0000,data/unit_stats/source_exports/db/special_ability_phases_tables/data__.tsv,807,9.0.1
wh3_dlc23_item_passive_daemonspite_crucible,-1.0000,positive,,false,false,0.0000,0.0000,0.0000,0.0000,0,-1,false,0.0000,0.0000,false,0,,,,false,true,true,0.0000,,,false,0.0000,0.0000,false,0.0000,data/unit_stats/source_exports/db/special_ability_phases_tables/data__.tsv,808,9.0.1
wh3_dlc23_item_passive_hellshard_amulet,-1.0000,positive,,false,false,0.0000,0.0000,0.0000,0.0000,0,0,false,0.0000,0.0000,false,0,,wh_main_generic_buff_defence,,false,true,true,0.0000,,,false,0.0000,0.0000,false,0.0000,data/unit_stats/source_exports/db/special_ability_phases_tables/data__.tsv,809,9.0.1
wh3_dlc23_item_passive_stone_mantle,-1.0000,positive,,false,false,0.0000,0.0000,0.0000,0.0000,0,0,false,0.0000,0.0000,false,0,,,,false,true,true,0.0000,,,false,0.0000,0.0000,false,0.0000,data/unit_stats/source_exports/db/special_ability_phases_tables/data__.tsv,810,9.0.1
wh3_dlc23_item_passive_talisman_of_obsidian,-1.0000,negative,,false,false,0.0000,0.0000,0.0000,0.0000,0,0,false,0.0000,0.0000,false,0,,wh_main_generic_debuff_attack,,false,true,true,0.0000,,,false,0.0000,0.0000,true,0.0000,data/unit_stats/source_exports/db/special_ability_phases_tables/data__.tsv,811,9.0.1
wh3_dlc23_lord_abilities_sadistic_snare,33.0000,negative,,true,false,0.0000,0.0000,0.0000,0.0000,0,-1,false,0.0000,0.0000,false,0,,wh2_dlc11_ability_spearfishers_net,wh2_main_unit_abilities_snare_net,false,true,true,0.0000,,,false,0.0000,0.0000,false,0.0000,data/unit_stats/source_exports/db/special_ability_phases_tables/data__.tsv,812,9.0.1
wh3_dlc23_lord_passive_boundless_cruelty,-1.0000,negative,,false,false,0.0000,0.0000,0.0000,0.0000,0,-1,false,0.0000,0.0000,false,0,,wh_main_generic_debuff_morale_passive,,false,true,true,0.0000,,,false,0.0000,0.0000,false,0.0000,data/unit_stats/source_exports/db/special_ability_phases_tables/data__.tsv,813,9.0.1
wh3_dlc23_lord_passive_champions_of_the_maw,-1.0000,positive,,false,false,0.0000,0.0000,0.0000,0.0000,0,0,false,0.0000,0.0000,false,0,,,,false,true,true,0.0000,,,false,0.0000,0.0000,false,0.0000,data/unit_stats/source_exports/db/special_ability_phases_tables/data__.tsv,814,9.0.1
wh3_dlc23_lord_passive_dark_renown,-1.0000,positive,,false,false,0.0000,0.0000,0.0000,0.0000,0,0,false,0.0000,0.0000,false,0,,wh_main_generic_buff_attack,,false,true,true,0.0000,,,false,0.0000,0.0000,false,0.0000,data/unit_stats/source_exports/db/special_ability_phases_tables/data__.tsv,815,9.0.1
wh3_dlc23_lord_passive_mechanical_overdrive,-1.0000,positive,,false,false,0.0000,0.0000,0.0000,0.0000,0,0,false,0.0000,0.0000,false,0,,wh_main_generic_buff_attack_banner,,false,true,true,0.0000,,,false,0.0000,0.0000,false,0.0000,data/unit_stats/source_exports/db/special_ability_phases_tables/data__.tsv,816,9.0.1
wh3_dlc23_lord_passive_presence_of_clan_angrund,-1.0000,positive,,false,false,0.0000,0.0000,0.0000,0.0000,0,0,false,0.0000,0.0000,false,0,,,,false,true,true,0.0000,,,false,0.0000,0.0000,false,0.0000,data/unit_stats/source_exports/db/special_ability_phases_tables/data__.tsv,817,9.0.1
wh3_dlc23_lord_passive_presence_of_the_high_king,-1.0000,positive,,false,false,0.0000,0.0000,0.0000,0.0000,0,0,false,0.0000,0.0000,false,0,,,,false,true,true,0.0000,,,false,0.0000,0.0000,false,0.0000,data/unit_stats/source_exports/db/special_ability_phases_tables/data__.tsv,818,9.0.1
wh3_dlc23_lord_passive_presence_of_the_master_runelord,-1.0000,positive,,false,false,0.0000,0.0000,0.0000,0.0000,0,0,false,0.0000,0.0000,true,0,,,,false,true,true,0.0000,,,false,0.0000,0.0000,false,0.0000,data/unit_stats/source_exports/db/special_ability_phases_tables/data__.tsv,819,9.0.1
wh3_dlc23_lore_passive_killing_fire,5.0000,negative,,false,false,0.0000,0.0000,0.0000,1.0000,6,10,false,0.0000,0.0000,false,0,,wh3_dlc23_hashut_killing_fire,wh3_dlc23_spell_hashut_passive_killing_fire,false,true,true,0.0000,,,false,0.0000,0.0000,false,0.0000,data/unit_stats/source_exports/db/special_ability_phases_tables/data__.tsv,820,9.0.1
wh3_dlc23_mount_passive_horseback_progidy,-1.0000,positive,,false,false,0.0000,0.0000,0.0000,0.0000,0,-1,false,0.0000,0.0000,false,0,,,,false,true,true,0.0000,,,false,0.0000,0.0000,false,0.0000,data/unit_stats/source_exports/db/special_ability_phases_tables/data__.tsv,821,9.0.1
wh3_dlc23_spell_hashut_ash_storm,32.0000,negative,,false,false,0.0000,0.0000,0.0000,0.0000,0,0,false,0.0000,0.0000,false,0,,wh3_dlc23_hashut_ash_storm,wh3_dlc23_spell_hashut_ash_storm,false,true,true,0.0000,,,false,0.0000,0.0000,false,0.0000,data/unit_stats/source_exports/db/special_ability_phases_tables/data__.tsv,822,9.0.1
wh3_dlc23_spell_hashut_ash_storm_upgraded,48.0000,negative,,false,false,0.0000,0.0000,0.0000,0.0000,0,0,false,0.0000,0.0000,false,0,,wh3_dlc23_hashut_ash_storm,wh3_dlc23_spell_hashut_ash_storm,false,true,true,0.0000,,,false,0.0000,0.0000,false,0.0000,data/unit_stats/source_exports/db/special_ability_phases_tables/data__.tsv,823,9.0.1
wh3_dlc23_spell_hashut_curse_of_hashut,10.0000,negative,,false,false,0.0000,0.0000,0.0000,1.0000,67,1,false,0.0000,0.0000,false,0,,wh3_dlc23_hashut_curse_of_hashut,wh3_dlc23_spell_hashut_curse_of_hashut,false,false,true,0.0000,,,false,0.0000,0.0000,false,0.0000,data/unit_stats/source_exports/db/special_ability_phases_tables/data__.tsv,824,9.0.1
wh3_dlc23_spell_hashut_curse_of_hashut_upgraded,16.0000,negative,,false,false,0.0000,0.0000,0.0000,1.0000,67,1,false,0.0000,0.0000,false,0,,wh3_dlc23_hashut_curse_of_hashut,wh3_dlc23_spell_hashut_curse_of_hashut,false,false,true,0.0000,,,false,0.0000,0.0000,false,0.0000,data/unit_stats/source_exports/db/special_ability_phases_tables/data__.tsv,825,9.0.1
wh3_dlc23_spell_hashut_dark_subjugation,17.0000,negative,,false,false,0.0000,0.0000,0.0000,0.0000,0,0,false,0.0000,0.0000,false,0,,wh3_dlc23_dark_subjugation,wh3_dlc23_spell_hashut_dark_subjugation,false,true,true,0.0000,,,false,0.0000,0.0000,false,0.0000,data/unit_stats/source_exports/db/special_ability_phases_tables/data__.tsv,826,9.0.1
wh3_dlc23_spell_hashut_dark_subjugation_upgraded,35.0000,negative,,false,false,0.0000,0.0000,0.0000,0.0000,0,0,false,0.0000,0.0000,false,0,,wh3_dlc23_dark_subjugation,wh3_dlc23_spell_hashut_dark_subjugation,false,true,true,0.0000,,,false,0.0000,0.0000,false,0.0000,data/unit_stats/source_exports/db/special_ability_phases_tables/data__.tsv,827,9.0.1
wh3_dlc23_unit_abilities_more_power,28.0000,positive,,false,false,0.0000,0.0000,0.0000,0.0000,0,0,false,0.0000,0.0000,false,0,,,wh_ability_positive_one_shot,false,true,true,0.0000,,,false,0.0000,0.0000,false,0.0000,data/unit_stats/source_exports/db/special_ability_phases_tables/data__.tsv,828,9.0.1
wh3_dlc23_unit_contact_blinded,26.0000,negative,,false,false,0.0000,0.0000,0.0000,0.0000,0,0,false,0.0000,0.0000,false,0,,,,false,false,true,0.0000,,,false,0.0000,0.0000,false,0.0000,data/unit_stats/source_exports/db/special_ability_phases_tables/data__.tsv,829,9.0.1
wh3_dlc23_unit_contact_gorduz_poison,10.0000,negative,,false,false,0.0000,0.0000,0.0000,2.0000,4,4,false,0.0000,0.0000,false,0,,,,false,false,true,0.0000,,,false,0.0000,0.0000,false,0.0000,data/unit_stats/source_exports/db/special_ability_phases_tables/data__.tsv,830,9.0.1
wh3_dlc23_unit_passive_backstabbers,-1.0000,positive,,false,false,0.0000,0.0000,0.0000,0.0000,0,0,false,0.0000,0.0000,false,0,,wh_main_generic_buff_attack_banner,,false,true,false,0.0000,,,false,0.0000,0.0000,false,0.0000,data/unit_stats/source_exports/db/special_ability_phases_tables/data__.tsv,831,9.0.1
wh3_dlc23_unit_passive_blazing_body,-1.0000,positive,,false,false,0.0000,0.0000,0.0000,0.0000,0,-1,false,0.0000,0.0000,false,0,,wh3_dlc23_blazing_body,,false,true,true,0.0000,,,false,0.0000,0.0000,false,0.0000,data/unit_stats/source_exports/db/special_ability_phases_tables/data__.tsv,832,9.0.1
wh3_dlc23_unit_passive_burning_bright,-1.0000,positive,,false,false,0.0000,0.0000,0.0000,0.0000,0,0,false,0.0000,0.0000,false,0,,,,false,true,true,0.0000,,,false,0.0000,0.0000,false,0.0000,data/unit_stats/source_exports/db/special_ability_phases_tables/data__.tsv,833,9.0.1
wh3_dlc23_unit_passive_cowardly_despoilers,-1.0000,positive,,false,false,0.0000,0.0000,0.0000,0.0000,0,-1,false,0.0000,0.0000,false,0,,wh_main_generic_buff_attack,,false,true,true,0.0000,,,false,0.0000,0.0000,false,0.0000,data/unit_stats/source_exports/db/special_ability_phases_tables/data__.tsv,834,9.0.1
wh3_dlc23_unit_passive_daemonic_rebirth_i,20.0000,neutral,,false,false,0.0000,0.0000,0.0000,0.0000,0,-1,false,0.0000,0.0000,false,0,,,,false,true,true,0.0000,,,false,0.0000,0.0000,false,0.0000,data/unit_stats/source_exports/db/special_ability_phases_tables/data__.tsv,835,9.0.1
wh3_dlc23_unit_passive_daemonic_rebirth_ii,1.1000,positive,,false,false,0.0000,0.0000,0.0000,1.0000,0,-1,true,0.0000,0.0000,false,0,,wh2_main_unit_passive_rebirth,,false,true,true,0.0000,,,false,0.2500,0.0000,false,0.0000,data/unit_stats/source_exports/db/special_ability_phases_tables/data__.tsv,836,9.0.1
wh3_dlc23_unit_passive_dampening_miasma,-1.0000,negative,,false,false,0.0000,0.0000,20.0000,0.0000,0,0,false,0.0000,0.0000,false,0,,,,false,true,true,0.0000,,,false,0.0000,0.0000,false,0.0000,data/unit_stats/source_exports/db/special_ability_phases_tables/data__.tsv,837,9.0.1
wh3_dlc23_unit_passive_dig_in_i,25.0000,neutral,,false,false,0.0000,0.0000,0.0000,0.0000,0,-1,false,0.0000,0.0000,false,0,,,,false,true,true,0.0000,,,false,0.0000,0.0000,false,0.0000,data/unit_stats/source_exports/db/special_ability_phases_tables/data__.tsv,838,9.0.1
wh3_dlc23_unit_passive_dig_in_ii,-1.0000,positive,,false,false,0.0000,0.0000,0.0000,0.0000,0,-1,false,0.0000,0.0000,false,0,,wh_main_generic_buff_defence_attack_banner,,false,true,true,0.0000,,,false,0.0000,0.0000,false,0.0000,data/unit_stats/source_exports/db/special_ability_phases_tables/data__.tsv,839,9.0.1
wh3_dlc23_unit_passive_dig_in_long_range_upgraded_i,25.0000,neutral,,false,false,0.0000,0.0000,0.0000,0.0000,0,-1,false,0.0000,0.0000,false,0,,,,false,true,true,0.0000,,,false,0.0000,0.0000,false,0.0000,data/unit_stats/source_exports/db/special_ability_phases_tables/data__.tsv,840,9.0.1
wh3_dlc23_unit_passive_dig_in_long_range_upgraded_ii,-1.0000,positive,,false,false,0.0000,0.0000,0.0000,0.0000,0,-1,false,0.0000,0.0000,false,0,,wh_main_generic_buff_defence_attack_banner,,false,true,true,0.0000,,,false,0.0000,0.0000,false,0.0000,data/unit_stats/source_exports/db/special_ability_phases_tables/data__.tsv,841,9.0.1
wh3_dlc23_unit_passive_dig_in_short_range_upgraded_i,5.0000,neutral,,false,false,0.0000,0.0000,0.0000,0.0000,0,-1,false,0.0000,0.0000,false,0,,,,false,true,true,0.0000,,,false,0.0000,0.0000,false,0.0000,data/unit_stats/source_exports/db/special_ability_phases_tables/data__.tsv,842,9.0.1
wh3_dlc23_unit_passive_dig_in_short_range_upgraded_ii,-1.0000,positive,,false,false,0.0000,0.0000,0.0000,0.0000,0,-1,false,0.0000,0.0000,false,0,,wh_main_generic_buff_defence_attack_banner,,false,true,true,0.0000,,,false,0.0000,0.0000,false,0.0000,data/unit_stats/source_exports/db/special_ability_phases_tables/data__.tsv,843,9.0.1
wh3_dlc23_unit_passive_extra_reload,5.0000,positive,,false,false,0.0000,0.0000,0.0000,0.0000,0,0,false,0.0000,0.0000,false,0,,wh_main_generic_buff_attack,,false,true,true,0.0500,,,false,0.0000,0.0000,false,0.0000,data/unit_stats/source_exports/db/special_ability_phases_tables/data__.tsv,844,9.0.1
wh3_dlc23_unit_passive_hellbound,-1.0000,positive,,false,false,0.0000,0.0000,0.0000,0.0000,0,0,false,0.0000,0.0000,true,0,,wh3_dlc23_ability_hellbound,,false,true,true,0.0000,,,false,0.0000,0.0000,false,0.0000,data/unit_stats/source_exports/db/special_ability_phases_tables/data__.tsv,845,9.0.1
wh3_dlc23_unit_passive_hellish_frenzy,-1.0000,positive,,false,false,0.0000,0.0000,0.0000,0.0000,0,0,false,0.0000,0.0000,false,0,,wh3_dlc23_hashut_breath_of_hatred,,false,true,true,0.0000,,,false,0.0000,0.0000,false,0.0000,data/unit_stats/source_exports/db/special_ability_phases_tables/data__.tsv,846,9.0.1
wh3_dlc23_unit_passive_oath_of_contempt,-1.0000,positive,,false,false,0.0000,0.0000,0.0000,0.0000,0,-1,false,0.0000,0.0000,false,0,,wh_main_generic_buff_defence,,false,true,true,0.0000,,,false,0.0000,0.0000,false,0.0000,data/unit_stats/source_exports/db/special_ability_phases_tables/data__.tsv,847,9.0.1
wh3_dlc23_unit_passive_pelt_of_wulfag,-1.0000,negative,,false,false,0.0000,0.0000,0.0000,0.0000,0,0,false,0.0000,0.0000,false,0,,wh_main_generic_debuff_defence_passive,,false,false,true,0.0000,,,false,0.0000,0.0000,false,0.0000,data/unit_stats/source_exports/db/special_ability_phases_tables/data__.tsv,848,9.0.1
wh3_dlc23_unit_passive_revel_in_fear,-1.0000,positive,,false,false,0.0000,0.0000,0.0000,0.0000,0,0,false,0.0000,0.0000,false,0,,wh_main_generic_buff_attack,,false,true,true,0.0000,,,false,0.0000,0.0000,false,0.0000,data/unit_stats/source_exports/db/special_ability_phases_tables/data__.tsv,849,9.0.1
wh3_dlc23_unit_passive_sorcerous_miasma,-1.0000,negative,,false,false,0.0000,0.0000,0.0000,0.0000,0,0,false,0.0000,0.0000,false,0,,wh3_dlc23_sorcerous_miasma,,false,true,true,0.0000,,,false,0.0000,0.0000,true,0.0000,data/unit_stats/source_exports/db/special_ability_phases_tables/data__.tsv,850,9.0.1
wh3_dlc23_unit_passive_standard_of_zharr,-1.0000,positive,,false,false,0.0000,0.0000,0.0000,0.0000,0,-1,false,0.0000,0.0000,false,0,,wh_main_generic_buff_defence,,false,true,true,0.0000,,,false,0.0000,0.0000,false,0.0000,data/unit_stats/source_exports/db/special_ability_phases_tables/data__.tsv,851,9.0.1
wh3_dlc23_unit_passive_unbinding_hobgoblin_cutthroats,42.0000,negative,,false,false,0.0000,0.0000,0.0000,0.0000,0,0,false,0.0000,0.0000,false,0,,wh_main_bound_entity_energy_small,wh2_dlc13_ability_summon_unbinding_generic_small_phase_01,false,true,true,0.0000,,,false,0.0000,0.0000,false,0.0000,data/unit_stats/source_exports/db/special_ability_phases_tables/data__.tsv,852,9.0.1
wh3_dlc23_unit_passive_unbinding_kdaai_fireborn,42.0000,negative,,false,false,0.0000,0.0000,0.0000,0.0000,0,0,false,0.0000,0.0000,false,0,,wh_main_bound_entity_energy_large,wh2_dlc13_ability_summon_unbinding_generic_large_phase_01,false,true,true,0.0000,,,false,0.0000,0.0000,false,0.0000,data/unit_stats/source_exports/db/special_ability_phases_tables/data__.tsv,853,9.0.1
wh3_dlc23_unit_passive_undying_will,-1.0000,positive,,false,false,-0.0100,0.0000,0.0000,0.0000,0,0,false,0.0000,0.0000,false,0,,wh_main_generic_buff_defence_passive,,false,true,true,0.0000,,,false,0.0000,0.0000,false,0.0000,data/unit_stats/source_exports/db/special_ability_phases_tables/data__.tsv,854,9.0.1
wh3_dlc23_weapon_abilities_black_hammer_of_hashut,32.0000,positive,,false,false,0.0000,0.0000,0.0000,0.0000,0,0,false,0.0000,0.0000,false,0,wh2_dlc12_unit_contact_flammable,wh_main_generic_buff_attack,,false,true,true,0.0000,,,false,0.0000,0.0000,false,0.0000,data/unit_stats/source_exports/db/special_ability_phases_tables/data__.tsv,855,9.0.1
wh3_dlc23_weapon_abilities_dagger_of_malice,17.0000,positive,,false,false,0.0000,0.0000,0.0000,0.0000,0,-1,false,0.0000,0.0000,false,0,wh_main_unit_contact_poison,wh_main_generic_buff_attack,,false,true,true,0.0000,,,false,0.0000,0.0000,false,0.0000,data/unit_stats/source_exports/db/special_ability_phases_tables/data__.tsv,856,9.0.1
wh3_dlc23_weapon_abilities_dark_mace,30.0000,negative,,false,false,0.0100,0.0000,0.0000,0.0000,0,-1,false,0.0000,0.0000,false,0,,wh_main_generic_debuff_attack,,false,true,true,0.0000,,,false,0.0000,0.0000,false,0.0000,data/unit_stats/source_exports/db/special_ability_phases_tables/data__.tsv,857,9.0.1
wh3_dlc23_weapon_abilities_silver_dagger,32.0000,positive,,false,false,0.0000,0.0000,0.0000,0.0000,0,0,false,0.0000,0.0000,true,0,,,wh3_dlc23_magic_abilities_silver_dagger,false,true,true,0.0000,,,false,0.0000,0.0000,false,0.0000,data/unit_stats/source_exports/db/special_ability_phases_tables/data__.tsv,858,9.0.1
wh3_dlc23_weapon_abilities_the_graven_sceptre,24.0000,positive,,false,false,0.0000,0.0000,0.0000,0.0000,0,-1,false,0.0000,0.0000,true,0,,wh_main_generic_buff_attack_banner,,false,true,true,0.0000,,,false,0.0000,0.0000,false,0.0000,data/unit_stats/source_exports/db/special_ability_phases_tables/data__.tsv,859,9.0.1
wh3_dlc23_weapon_passive_life_bane_blade,-1.0000,positive,,false,false,0.0000,0.0000,0.0000,1.0000,0,0,false,0.0000,0.0000,false,0,,,,false,true,true,0.0000,,,false,0.0010,0.0000,false,0.0000,data/unit_stats/source_exports/db/special_ability_phases_tables/data__.tsv,860,9.0.1
wh3_dlc23_weapon_passive_the_obsidian_axe,-1.0000,positive,,false,false,0.0000,0.0000,0.0000,0.0000,0,-1,false,0.0000,0.0000,false,0,,wh_main_generic_buff_attack_banner,,false,true,true,0.0000,,,false,0.0000,0.0000,false,0.0000,data/unit_stats/source_exports/db/special_ability_phases_tables/data__.tsv,861,9.0.1
wh3_dlc24_active_abilities_agonys_succession,21.0000,negative,,false,false,0.0000,0.0000,0.0000,1.0000,10,10,false,0.0000,0.0000,false,0,,wh3_dlc24_agonys_succession,,false,true,true,0.0000,,wh3_dlc24_active_abilities_agonys_succession,false,0.0000,0.0000,false,0.0000,data/unit_stats/source_exports/db/special_ability_phases_tables/data__.tsv,862,9.0.1
wh3_dlc24_character_abilities_bastions_defenders,30.0000,positive,,false,false,0.0000,0.0000,0.0000,0.0000,0,0,false,0.0000,0.0000,false,0,,wh_main_generic_buff_defence,wh3_dlc24_cth_ability_bastions_defenders,false,true,false,0.0000,,,false,0.0000,0.0000,false,0.0000,data/unit_stats/source_exports/db/special_ability_phases_tables/data__.tsv,863,9.0.1
wh3_dlc24_character_abilities_change_or_die,22.0000,positive,,false,false,0.0000,0.0000,0.0000,0.0000,0,0,false,0.0000,0.0000,false,0,,wh_main_tzeentch_generic_entity_buff_defence,wh_ability_positive,false,true,true,0.0000,,,false,0.0000,0.0000,false,0.0000,data/unit_stats/source_exports/db/special_ability_phases_tables/data__.tsv,864,9.0.1
wh3_dlc24_character_abilities_colossal_strike,32.0000,positive,,false,false,0.0000,0.0000,0.0000,0.0000,0,0,false,0.0000,0.0000,false,0,,wh_main_tzeentch_generic_entity_buff_attack,wh_ability_positive,false,true,true,0.0000,,,false,0.0000,0.0000,false,0.0000,data/unit_stats/source_exports/db/special_ability_phases_tables/data__.tsv,865,9.0.1
wh3_dlc24_character_abilities_fury_of_the_land,35.0000,positive,,false,false,0.0000,0.0000,0.0000,0.0000,0,0,false,0.0000,0.0000,true,0,,wh3_dlc24_curse_of_the_ancient_widow_upcast,wh_ability_positive,false,true,true,0.0000,,,false,0.0000,0.0000,false,0.0000,data/unit_stats/source_exports/db/special_ability_phases_tables/data__.tsv,866,9.0.1
wh3_dlc24_character_abilities_giant_leap,5.0000,negative,rebirth,true,false,0.0000,0.0000,0.0000,0.0000,0,-1,false,0.0000,0.0000,false,0,,,,false,true,true,0.0000,,,false,0.0000,0.0000,false,0.0000,data/unit_stats/source_exports/db/special_ability_phases_tables/data__.tsv,867,9.0.1
wh3_dlc24_character_abilities_watched_by_the_watcher,60.0000,negative,,false,false,0.0000,0.0000,0.0000,0.0000,0,0,false,0.0000,0.0000,false,0,,wh3_dlc24_ability_mark_of_yin,wh3_dlc24_saytang_watched_by_the_watcher,false,true,true,0.0000,,,false,0.0000,0.0000,false,0.0000,data/unit_stats/source_exports/db/special_ability_phases_tables/data__.tsv,868,9.0.1
wh3_dlc24_character_passive_bulwark_of_the_gate_i,10.0000,positive,,false,false,0.0000,0.0000,0.0000,0.0000,0,0,false,0.0000,0.0000,false,0,,,,false,true,true,0.0000,,,false,0.0000,0.0000,false,0.0000,data/unit_stats/source_exports/db/special_ability_phases_tables/data__.tsv,869,9.0.1
wh3_dlc24_character_passive_bulwark_of_the_gate_ii,-1.0000,positive,,false,false,0.0000,0.0000,0.0000,0.0000,0,0,false,0.0000,0.0000,false,0,,,,false,true,true,0.0000,,,false,0.0000,0.0000,false,0.0000,data/unit_stats/source_exports/db/special_ability_phases_tables/data__.tsv,870,9.0.1
wh3_dlc24_character_passive_master_of_the_stone_legions,-1.0000,positive,,false,false,0.0000,0.0000,0.0000,0.0000,0,0,false,0.0000,0.0000,false,0,,wh_main_generic_buff_morale_passive,wh_ability_positive_one_shot,false,true,true,0.0000,,,false,0.0000,0.0000,false,0.0000,data/unit_stats/source_exports/db/special_ability_phases_tables/data__.tsv,871,9.0.1
wh3_dlc24_character_passive_spell_syphon,-1.0000,positive,,false,false,0.0000,0.0000,0.0000,0.0000,0,0,false,0.6000,0.0000,false,0,,wh3_dlc24_character_passive_spell_syphon,wh3_dlc24_tzeentch_spell_syphon,false,true,true,0.0000,,,false,0.0000,0.0000,false,0.0000,data/unit_stats/source_exports/db/special_ability_phases_tables/data__.tsv,872,9.0.1
wh3_dlc24_contact_soul_crash,3.0000,negative,,false,false,0.0000,0.0000,0.0000,1.0000,15,25,false,0.0000,0.0000,false,0,,wh_main_unit_contact_souls,wh2_main_spell_high_magic_soul_quench_tail,true,false,true,0.0000,,,false,0.0000,0.0000,false,0.0000,data/unit_stats/source_exports/db/special_ability_phases_tables/data__.tsv,873,9.0.1
wh3_dlc24_cth_sky_lantern_crane_gun_bullet_debuff,10.0000,negative,,false,false,0.0000,0.0000,0.0000,0.0000,0,0,false,0.0000,0.0000,false,0,,,,false,false,true,0.0000,,,false,0.0000,0.0000,false,0.0000,data/unit_stats/source_exports/db/special_ability_phases_tables/data__.tsv,874,9.0.1
wh3_dlc24_effect_contact_phase_windstruck,30.0000,negative,,false,false,0.0000,0.0000,0.0000,0.0000,0,-1,false,0.0000,0.0000,false,0,,,,false,true,true,0.0000,,,false,0.0000,0.0000,false,0.0000,data/unit_stats/source_exports/db/special_ability_phases_tables/data__.tsv,875,9.0.1
wh3_dlc24_hero_abilities_thorns_aura,30.0000,negative,,false,false,0.0000,0.0000,0.0000,0.0000,0,0,false,0.0000,0.0000,false,0,,wh3_dlc24_lord_passive_thorns_aura,wh3_dlc24_ability_thorns_aura,false,true,false,0.0000,,,false,0.0000,0.0000,false,0.0000,data/unit_stats/source_exports/db/special_ability_phases_tables/data__.tsv,876,9.0.1
wh3_dlc24_hero_abilities_vorozhejas_foresight,25.0000,negative,,false,false,0.0000,0.0000,0.0000,0.0000,0,0,false,0.0000,0.0000,false,0,,wh3_dlc24_vorozheja_foresight,wh3_dlc24_Vorozhejas_Foresight,false,true,true,0.0000,,,false,0.0000,0.0000,false,0.0000,data/unit_stats/source_exports/db/special_ability_phases_tables/data__.tsv,877,9.0.1
wh3_dlc24_hero_abilities_znarkharjas_ward,26.0000,positive,,false,false,0.0000,0.0000,0.0000,0.0000,0,0,false,0.0000,0.0000,false,0,,wh3_dlc24_znarkharjas_ward_banner,wh3_dlc24_Znarkharjas_Ward,false,true,true,0.0000,,,false,0.0000,0.0000,false,0.0000,data/unit_stats/source_exports/db/special_ability_phases_tables/data__.tsv,878,9.0.1
wh3_dlc24_hero_passive_assume_command,-1.0000,positive,,false,false,0.0000,0.0000,0.0000,0.0000,0,-1,false,0.0000,0.0000,false,0,,wh_main_generic_buff_morale,wh3_dlc24_assume_command,false,true,true,0.0000,,,false,0.0000,0.0000,false,0.0000,data/unit_stats/source_exports/db/special_ability_phases_tables/data__.tsv,879,9.0.1
wh3_dlc24_hero_passive_meeting_of_the_minds,-1.0000,positive,,false,false,0.0000,0.0000,0.0000,0.0000,0,-1,false,0.0000,0.0000,false,0,,wh_main_generic_buff_attack_passive,,false,true,true,0.0000,,,false,0.0000,0.0000,false,0.0000,data/unit_stats/source_exports/db/special_ability_phases_tables/data__.tsv,880,9.0.1
wh3_dlc24_item_abilities_blessed_helm_of_the_oblast,30.0000,positive,,false,false,0.0000,0.0000,0.0000,0.0000,0,0,false,0.0000,0.0000,false,0,,wh_main_generic_buff_attack,wh_ability_positive,false,true,true,0.0000,,,false,0.0000,0.0000,false,0.0000,data/unit_stats/source_exports/db/special_ability_phases_tables/data__.tsv,881,9.0.1
wh3_dlc24_item_abilities_book_of_secrets_death,20.0000,negative,,false,false,0.0000,0.0000,0.0000,1.0000,10,25,false,0.0000,0.0000,false,0,,wh_main_spell_death_the_fate_of_bjuna,wh3_dlc24_book_of_secrets_death,false,true,true,0.0000,wh3_dlc20_fate_of_bjuna,,false,0.0000,0.0000,false,0.0000,data/unit_stats/source_exports/db/special_ability_phases_tables/data__.tsv,882,9.0.1
wh3_dlc24_item_abilities_book_of_secrets_fire,20.0000,negative,,false,false,0.0000,0.0000,0.0000,0.0000,0,0,false,0.0000,0.0000,false,0,,wh3_dlc24_book_of_secrets_fire,wh3_dlc24_book_of_secrets_fire,false,true,true,0.0000,,,false,0.0000,0.0000,false,0.0000,data/unit_stats/source_exports/db/special_ability_phases_tables/data__.tsv,883,9.0.1
wh3_dlc24_item_abilities_book_of_secrets_shadows,20.0000,negative,,false,false,0.0000,0.0000,0.0000,0.0000,0,0,false,0.0000,0.0000,false,0,,wh_dlc05_spell_shadow_the_enfeebling_foe,wh3_dlc24_book_of_secrets_shadows,false,true,true,0.0000,,,false,0.0000,0.0000,false,0.0000,data/unit_stats/source_exports/db/special_ability_phases_tables/data__.tsv,884,9.0.1
wh3_dlc24_item_abilities_mirror_of_knowledge,40.0000,negative,,false,false,0.0000,0.0000,0.0000,0.0000,0,0,false,0.0000,0.0000,false,0,,wh3_dlc24_mirror_of_knowledge,wh3_dlc24_spell_tze_mirror_of_knowledge,false,true,true,0.0000,,,false,0.0000,0.0000,false,0.0000,data/unit_stats/source_exports/db/special_ability_phases_tables/data__.tsv,885,9.0.1
wh3_dlc24_item_abilities_the_golden_eye_of_tzeentch,33.0000,positive,,false,false,0.0000,0.0000,0.0000,1.0000,0,0,false,0.0000,0.0000,false,0,,wh_main_tzeentch_generic_entity_buff_defence,wh_ability_positive,false,true,true,0.0000,,,false,0.0000,0.0080,false,0.0000,data/unit_stats/source_exports/db/special_ability_phases_tables/data__.tsv,886,9.0.1
wh3_dlc24_item_passive_divining_rod,-1.0000,positive,,false,false,0.0000,0.0000,0.0000,0.0000,0,0,false,0.4000,0.0000,false,0,,,,false,true,true,0.0000,,,false,0.0000,0.0000,false,0.0000,data/unit_stats/source_exports/db/special_ability_phases_tables/data__.tsv,887,9.0.1
wh3_dlc24_item_passive_sentient_stormcloud,10.0000,positive,,false,false,0.0000,0.0000,0.0000,0.0000,0,-1,false,0.0000,0.0000,false,0,,,,false,true,true,0.0000,,,false,0.0000,0.0000,false,0.0000,data/unit_stats/source_exports/db/special_ability_phases_tables/data__.tsv,888,9.0.1
wh3_dlc24_item_passive_totem_of_ursus,-1.0000,negative,,false,false,0.0000,0.0000,0.0000,0.0000,0,0,false,0.0000,0.0000,false,0,,wh_main_generic_debuff_attack_passive,,false,false,true,0.0000,,,false,0.0000,0.0000,true,0.0000,data/unit_stats/source_exports/db/special_ability_phases_tables/data__.tsv,889,9.0.1
wh3_dlc24_lord_abilities_armour_of_the_dragons_gaze_1,-1.0000,positive,,false,false,0.0000,0.0000,0.0000,0.0000,0,0,false,0.0000,0.0000,false,0,,,,false,true,false,0.0000,,,false,0.0000,0.0000,false,0.0000,data/unit_stats/source_exports/db/special_ability_phases_tables/data__.tsv,890,9.0.1
wh3_dlc24_lord_abilities_armour_of_the_dragons_gaze_2,-1.0000,positive,,false,false,0.0000,0.0000,0.0000,0.0000,0,0,false,0.0000,0.0000,false,0,,,,false,true,false,0.0000,,,false,0.0000,0.0000,false,0.0000,data/unit_stats/source_exports/db/special_ability_phases_tables/data__.tsv,891,9.0.1
wh3_dlc24_lord_abilities_breath_of_life,-1.0000,positive,,false,false,-0.0100,0.0000,0.0000,1.0000,0,0,false,0.0000,0.0000,false,0,,wh3_dlc24_lord_abilities_breath_of_life,,false,true,true,0.0000,,,false,0.0010,0.0000,false,0.0000,data/unit_stats/source_exports/db/special_ability_phases_tables/data__.tsv,892,9.0.1
wh3_dlc24_lord_abilities_celestial_sweep,4.0000,negative,rebirth,true,false,0.0000,0.0000,0.0000,0.0000,0,-1,false,0.0000,0.0000,false,0,,,,false,true,true,0.0000,,,false,0.0000,0.0000,false,0.0000,data/unit_stats/source_exports/db/special_ability_phases_tables/data__.tsv,893,9.0.1
wh3_dlc24_lord_abilities_cowled_and_cloaked,-1.0000,positive,,false,false,0.0000,0.0000,0.0000,0.0000,0,0,false,0.0000,0.0000,false,0,,wh3_dlc24_lord_abilities_cowled_and_cloaked,,false,true,true,0.0000,,,false,0.0000,0.0000,false,0.0000,data/unit_stats/source_exports/db/special_ability_phases_tables/data__.tsv,894,9.0.1
wh3_dlc24_lord_abilities_crown_of_claws,-1.0000,positive,,false,false,0.0000,0.0000,0.0000,0.0000,0,0,false,0.0000,0.0000,false,0,,wh3_dlc24_ostankya_crown_of_claws,wh_ability_positive_one_shot,false,true,true,0.0000,,,false,0.0000,0.0000,false,0.0000,data/unit_stats/source_exports/db/special_ability_phases_tables/data__.tsv,895,9.0.1
wh3_dlc24_lord_abilities_deceiving_shadows,20.0000,positive,,false,false,0.0000,0.0000,0.0000,0.0000,0,0,false,0.0000,0.0000,false,0,,wh3_dlc24_ability_deceiving_shadows,,false,true,false,0.0000,,,false,0.0000,0.0000,false,0.0000,data/unit_stats/source_exports/db/special_ability_phases_tables/data__.tsv,896,9.0.1
wh3_dlc24_lord_abilities_dragons_fang,20.0000,positive,,false,false,0.0000,0.0000,0.0000,0.0000,0,0,false,0.0000,0.0000,false,0,,wh_main_generic_buff_attack_banner,,false,true,true,0.0000,,,false,0.0000,0.0000,false,0.0000,data/unit_stats/source_exports/db/special_ability_phases_tables/data__.tsv,897,9.0.1
wh3_dlc24_lord_abilities_gulyas,23.0000,positive,,false,false,-0.0100,0.0000,0.0000,1.0000,0,0,false,0.0000,0.0000,false,0,,wh3_dlc24_ostankya_gulyas,wh3_dlc24_mother_ostankya_gulyas,false,true,true,0.0000,,,false,0.0008,0.0000,false,0.0000,data/unit_stats/source_exports/db/special_ability_phases_tables/data__.tsv,898,9.0.1
wh3_dlc24_lord_abilities_lampreys_bite,1.0000,negative,,false,false,0.0000,0.0000,0.0000,0.0000,0,0,false,0.0000,0.0000,false,0,,,wh_ability_positive_one_shot,false,true,true,0.0000,,,false,0.0000,0.0000,false,0.0000,data/unit_stats/source_exports/db/special_ability_phases_tables/data__.tsv,899,9.0.1
wh3_dlc24_lord_abilities_lord_of_grand_cathay,16.0000,positive,,false,false,0.0000,0.0000,0.0000,0.0000,0,0,false,0.0000,0.0000,false,0,,wh_main_generic_buff_defence_morale_passive,,false,true,true,0.0000,,,false,0.0000,0.0000,false,0.0000,data/unit_stats/source_exports/db/special_ability_phases_tables/data__.tsv,900,9.0.1
wh3_dlc24_lord_abilities_the_emperors_executioner,2.0000,negative,,false,false,0.0000,0.0000,0.0000,1.0000,732,1,false,0.0000,0.0000,false,0,,,,false,false,true,0.0000,,,false,0.0000,0.0000,false,0.2000,data/unit_stats/source_exports/db/special_ability_phases_tables/data__.tsv,901,9.0.1
wh3_dlc24_lord_abilities_the_emperors_executioner_upgrade,2.0000,negative,,false,false,0.0000,0.0000,0.0000,1.0000,732,1,false,0.0000,0.0000,false,0,,,,false,false,true,0.0000,,,false,0.0000,0.0000,false,0.3300,data/unit_stats/source_exports/db/special_ability_phases_tables/data__.tsv,902,9.0.1
wh3_dlc24_lord_passive_cursed_frontier,-1.0000,positive,,false,false,0.0000,0.0000,0.0000,0.0000,0,0,false,0.0000,0.0000,false,0,,wh_main_generic_buff_attack,,false,true,true,0.0000,,,false,0.0000,0.0000,false,0.0000,data/unit_stats/source_exports/db/special_ability_phases_tables/data__.tsv,903,9.0.1
wh3_dlc24_lord_passive_kislev_unite,-1.0000,positive,,false,false,0.0000,0.0000,0.0000,0.0000,0,0,false,0.0000,0.0000,false,0,,,wh_ability_positive_one_shot,false,true,true,0.0000,,,false,0.0000,0.0000,false,0.0000,data/unit_stats/source_exports/db/special_ability_phases_tables/data__.tsv,904,9.0.1
wh3_dlc24_lord_passive_the_burning_vambraces_1,4.0000,positive,,false,false,0.0000,0.0000,0.0000,1.0000,0,0,false,0.0000,0.0000,false,0,,wh3_main_abilities_hardened_scale,wh3_dlc24_lord_abilities_burning_vambraces,false,true,true,0.0000,,,false,0.0800,0.0000,false,0.0000,data/unit_stats/source_exports/db/special_ability_phases_tables/data__.tsv,905,9.0.1
wh3_dlc24_lord_passive_the_burning_vambraces_2,20.0000,positive,,false,false,0.0000,0.0000,0.0000,0.0000,0,0,false,0.0000,0.0000,false,0,,wh3_main_abilities_hardened_scale,wh3_dlc24_lord_abilities_burning_vambraces,false,true,true,0.0000,,,false,0.0000,0.0000,false,0.0000,data/unit_stats/source_exports/db/special_ability_phases_tables/data__.tsv,906,9.0.1
wh3_dlc24_lord_passive_tzarinas_guardian,-1.0000,positive,,false,false,0.0000,0.0000,0.0000,0.0000,0,0,false,0.0000,0.0000,false,0,,wh_main_generic_ward_save_all,wh_ability_positive_one_shot,false,true,true,0.0000,,,false,0.0000,0.0000,false,0.0000,data/unit_stats/source_exports/db/special_ability_phases_tables/data__.tsv,907,9.0.1
wh3_dlc24_lord_passive_vambraces_of_yin,-1.0000,negative,,false,false,0.0000,0.0000,0.0000,0.0000,0,0,false,0.0000,0.0000,false,0,,wh_main_generic_debuff_attack_passive,wh_ability_negative_aoe,false,true,true,0.0000,,,false,0.0000,0.0000,false,0.0000,data/unit_stats/source_exports/db/special_ability_phases_tables/data__.tsv,908,9.0.1
wh3_dlc24_lore_passive_fate_of_interlopers_ally,11.0000,positive,,false,false,0.0000,0.0000,0.0000,0.0000,0,0,false,0.0000,0.0000,false,0,,,,false,true,true,0.0000,,,false,0.0000,0.0000,false,0.0000,data/unit_stats/source_exports/db/special_ability_phases_tables/data__.tsv,909,9.0.1
wh3_dlc24_lore_passive_fate_of_interlopers_enemy,11.0000,negative,,false,false,0.0000,0.0000,0.0000,0.0000,0,0,false,0.0000,0.0000,false,0,,,,false,true,true,0.0000,,,false,0.0000,0.0000,false,0.0000,data/unit_stats/source_exports/db/special_ability_phases_tables/data__.tsv,910,9.0.1
wh3_dlc24_mount_passive_wounded_pride,-1.0000,positive,,false,false,0.0000,0.0000,0.0000,0.0000,0,0,false,0.0000,0.0000,false,0,,wh_main_generic_buff_attack_passive,,false,true,true,0.0000,,,false,0.0000,0.0000,false,0.0000,data/unit_stats/source_exports/db/special_ability_phases_tables/data__.tsv,911,9.0.1
wh3_dlc24_passive_abilities_harrowing_coil_slow,20.0000,negative,,false,false,0.0000,0.0000,0.0000,0.0000,0,-1,false,0.0000,0.0000,false,0,,wh3_dlc24_harrowing_coil,wh3_dlc24_harrowing_coil,false,true,true,0.0000,,,false,0.0000,0.0000,false,0.0000,data/unit_stats/source_exports/db/special_ability_phases_tables/data__.tsv,912,9.0.1
wh3_dlc24_passive_abilities_harrowing_coil_wait,60.0000,negative,,false,false,0.0000,0.0000,0.0000,0.0000,0,-1,false,0.0000,0.0000,false,0,,,,false,true,true,0.0000,,,false,0.0000,0.0000,false,0.0000,data/unit_stats/source_exports/db/special_ability_phases_tables/data__.tsv,913,9.0.1
wh3_dlc24_passive_abilities_spirited_away,10.0000,negative,,false,false,0.0000,0.0000,0.0000,1.0000,2660,100,false,0.0000,0.0000,false,0,,,wh3_dlc24_spirited_away,false,true,false,0.0000,,,false,0.0000,0.0000,false,0.0000,data/unit_stats/source_exports/db/special_ability_phases_tables/data__.tsv,914,9.0.1
wh3_dlc24_passive_shield_of_thorns,-1.0000,positive,,false,false,0.0000,0.0000,0.0000,0.0000,0,-1,false,0.0000,0.0000,false,0,,,,false,true,true,0.0000,,,false,0.0000,0.0000,false,0.0000,data/unit_stats/source_exports/db/special_ability_phases_tables/data__.tsv,915,9.0.1
wh3_dlc24_remove_fear_and_terror_attribute_hidden_ability,-1.0000,negative,,false,false,0.0000,0.0000,0.0000,0.0000,0,0,false,0.0000,0.0000,false,0,,,,true,false,true,0.0000,,,false,0.0000,0.0000,false,0.0000,data/unit_stats/source_exports/db/special_ability_phases_tables/data__.tsv,916,9.0.1
wh3_dlc24_spell_bound_missile_mirror,18.0000,negative,,false,false,0.0000,0.0000,0.0000,0.0000,0,0,false,0.0000,0.0000,false,0,,wh3_main_spell_yin_missile_mirror,wh3__spell_yin_missile_mirror,false,true,true,0.0000,,,false,0.0000,0.0000,false,0.0000,data/unit_stats/source_exports/db/special_ability_phases_tables/data__.tsv,917,9.0.1
wh3_dlc24_spell_hags_curse_of_the_ancient_witch,27.0000,negative,,false,false,0.0000,0.0000,0.0000,0.0000,0,0,false,0.0000,0.0000,false,0,,wh3_dlc24_curse_of_the_ancient_widow,wh3_dlc24_curse_of_the_ancient_widow,false,false,true,0.0000,,wh3_dlc24_spell_hags_curse_of_the_ancient_witch,false,0.0000,0.0000,false,0.0000,data/unit_stats/source_exports/db/special_ability_phases_tables/data__.tsv,918,9.0.1
wh3_dlc24_spell_hags_curse_of_the_ancient_witch_upgraded,24.0000,positive,,false,false,0.0000,0.0000,0.0000,0.0000,0,0,false,0.0000,0.0000,true,0,,wh3_dlc24_curse_of_the_ancient_widow_upcast,wh3_dlc24_curse_of_the_ancient_widow,false,true,false,0.0000,,wh3_dlc24_spell_hags_curse_of_the_ancient_witch_upgraded,false,0.0000,0.0000,false,0.0000,data/unit_stats/source_exports/db/special_ability_phases_tables/data__.tsv,919,9.0.1
wh3_dlc24_spell_hags_malediction_of_madness,15.0000,negative,,false,false,0.0000,0.0000,0.0000,1.0000,0,0,false,0.0000,0.0000,false,0,,wh3_dlc24_malediction_of_madness,wh3_dlc24_malediction_of_madness,false,false,true,0.0000,,,false,0.0000,0.0000,false,0.0000,data/unit_stats/source_exports/db/special_ability_phases_tables/data__.tsv,920,9.0.1
wh3_dlc24_spell_hags_malediction_of_madness_upgraded,43.0000,positive,,false,false,0.0000,0.0000,0.0000,0.0000,0,0,false,0.0000,0.0000,false,0,,wh3_dlc24_malediction_of_madness_upcast,wh3_dlc24_malediction_of_madness,false,true,true,0.0000,,,false,0.0000,0.0000,false,0.0000,data/unit_stats/source_exports/db/special_ability_phases_tables/data__.tsv,921,9.0.1
wh3_dlc24_spell_hags_the_forbidden_fens,24.0000,negative,,false,false,0.0100,0.0000,0.0000,0.0000,0,0,false,0.0000,0.0000,false,0,,wh3_dlc24_spell_hag_the_forbidden_fens,wh3_dlc24_spell_hag_generic_wisp,false,true,true,0.0000,,,false,0.0000,0.0000,false,0.0000,data/unit_stats/source_exports/db/special_ability_phases_tables/data__.tsv,922,9.0.1
wh3_dlc24_spell_hags_the_forbidden_fens_upgraded,21.0000,positive,,false,false,-0.0100,0.0000,0.0000,0.0000,0,0,false,0.0000,0.0000,false,0,,wh3_dlc24_spell_hag_the_forbidden_fens_upcast,wh3_dlc24_spell_hag_generic_wisp_upgraded,false,true,false,0.0000,,,false,0.0000,0.0000,false,0.0000,data/unit_stats/source_exports/db/special_ability_phases_tables/data__.tsv,923,9.0.1
wh3_dlc24_spell_hags_vengeance_of_spirits,11.0000,negative,,false,false,0.0000,0.0000,0.0000,1.0000,5,25,false,0.0000,0.0000,false,0,,wh3_dlc24_spell_hag_spirit_hex,wh3_dlc24_spell_hag_venegance_of_spirit,false,false,true,0.0000,,,false,0.0000,0.0000,false,0.0000,data/unit_stats/source_exports/db/special_ability_phases_tables/data__.tsv,924,9.0.1
wh3_dlc24_spell_hags_vengeance_of_spirits_upgraded,19.0000,positive,,false,false,0.0000,0.0000,0.0000,1.0000,33,1,false,0.6000,0.0000,false,0,,wh3_dlc24_spell_hag_spirit_hex_upcast,wh3_dlc24_spell_hag_generic_wisp_upgraded,false,true,false,0.0000,,,false,0.0000,0.0000,false,0.0000,data/unit_stats/source_exports/db/special_ability_phases_tables/data__.tsv,925,9.0.1
wh3_dlc24_spell_hags_witchbrew_upgraded_contact,7.0000,positive,,false,false,-0.0100,0.0000,0.0000,1.0000,0,0,false,0.0000,0.0000,false,0,,,,false,true,false,0.0000,,,false,0.0060,0.0000,false,0.0000,data/unit_stats/source_exports/db/special_ability_phases_tables/data__.tsv,926,9.0.1
wh3_dlc24_unit_abilities_arcane_charge,-1.0000,positive,,false,false,0.0000,0.0000,0.0000,0.0000,0,0,false,0.0000,0.0000,false,0,,wh3_dlc24_ability_arcane_charge,wh3_dlc24_arcane_charge,false,true,true,0.0000,,,false,0.0000,0.0000,false,0.0000,data/unit_stats/source_exports/db/special_ability_phases_tables/data__.tsv,927,9.0.1
wh3_dlc24_unit_abilities_bastion_of_the_great_cities,-1.0000,positive,music_looped_ability_2,false,false,0.0000,0.0000,0.0000,0.0000,0,0,false,0.0000,0.0000,false,0,,wh_main_generic_buff_defence,,false,true,false,0.0000,,,false,0.0000,0.0000,false,0.0000,data/unit_stats/source_exports/db/special_ability_phases_tables/data__.tsv,928,9.0.1
wh3_dlc24_unit_abilities_disdain_of_the_dragon_emperor,-1.0000,positive,music_looped_ability_3,false,false,0.0000,0.0000,0.0000,0.0000,0,0,false,0.0000,0.0000,false,0,,wh_main_generic_buff_defence_morale_passive,,false,true,true,0.0000,,,false,0.0000,0.0000,false,0.0000,data/unit_stats/source_exports/db/special_ability_phases_tables/data__.tsv,929,9.0.1
wh3_dlc24_unit_abilities_fearsome_roar,25.0000,negative,,false,false,0.0000,0.0000,0.0000,0.0000,0,0,false,0.0000,0.0000,false,0,,wh3_dlc24_unit_abilities_fearsome_roar,wh_ability_negative_aoe,false,false,true,0.0000,,,false,0.0000,0.0000,false,0.0000,data/unit_stats/source_exports/db/special_ability_phases_tables/data__.tsv,930,9.0.1
wh3_dlc24_unit_abilities_fury_of_the_falling_blade,-1.0000,positive,music_looped_ability_1,false,false,0.0000,0.0000,0.0000,0.0000,0,-1,false,0.0000,0.0000,true,0,,wh_main_generic_buff_attack,,false,true,true,0.0000,,,false,0.0000,0.0000,false,0.0000,data/unit_stats/source_exports/db/special_ability_phases_tables/data__.tsv,931,9.0.1
wh3_dlc24_unit_abilities_guardian_shield,-1.0000,positive,,false,false,0.0000,0.0000,0.0000,0.0000,0,0,false,0.0000,0.0000,false,0,,wh3_dlc24_guardian_shield,,false,true,true,0.0000,,,false,0.0000,0.0000,false,0.0000,data/unit_stats/source_exports/db/special_ability_phases_tables/data__.tsv,932,9.0.1
wh3_dlc24_unit_abilities_guardian_shield_enemy,-1.0000,negative,,false,false,0.0000,0.0000,0.0000,0.0000,0,0,false,0.0000,0.0000,false,0,,wh3_dlc24_guardian_shield,,false,false,true,0.0000,,,false,0.0000,0.0000,true,0.0000,data/unit_stats/source_exports/db/special_ability_phases_tables/data__.tsv,933,9.0.1
wh3_dlc24_unit_abilities_hags_denial,44.0000,positive,,false,false,0.0000,0.0000,0.0000,0.0000,0,-1,false,0.0000,0.0000,false,0,,wh3_dlc24_hags_denial,wh3_dlc24_hags_denial,false,true,false,0.0000,,,false,0.0000,0.0000,false,0.0000,data/unit_stats/source_exports/db/special_ability_phases_tables/data__.tsv,934,9.0.1
wh3_dlc24_unit_abilities_howl_of_the_great_beast,25.0000,negative,,false,false,0.0000,0.0000,0.0000,0.0000,0,0,false,0.0000,0.0000,false,0,,wh2_dlc15_unit_abilities_mighty_roar,wh_ability_negative_aoe,false,false,true,0.0000,,,false,0.0000,0.0000,false,0.0000,data/unit_stats/source_exports/db/special_ability_phases_tables/data__.tsv,935,9.0.1
wh3_dlc24_unit_abilities_icon_of_the_great_cities,-1.0000,positive,,false,false,0.0000,0.0000,0.0000,0.0000,0,0,false,0.0000,0.0000,false,0,,,,false,true,true,0.0000,,,false,0.0000,0.0000,false,0.0000,data/unit_stats/source_exports/db/special_ability_phases_tables/data__.tsv,936,9.0.1
wh3_dlc24_unit_abilities_jade_conduit,-1.0000,positive,,false,false,0.0000,0.0000,0.0000,0.0000,0,0,false,0.2000,0.0000,false,0,,wh3_dlc24_jade_conduit,wh3_dlc24_jade_conduit,false,true,true,0.0000,,,false,0.0000,0.0000,false,0.0000,data/unit_stats/source_exports/db/special_ability_phases_tables/data__.tsv,937,9.0.1
wh3_dlc24_unit_abilities_maelstrom_of_change,7.0000,negative,,false,false,0.0000,0.0000,0.0000,1.0000,10,25,false,0.0000,0.0000,false,0,,wh3_dlc24_unit_abilities_maelstrom_of_change,wh3_dlc24_maelstrom_of_change,false,true,true,0.0000,,wh3_dlc24_unit_abilities_maelstrom_of_change,false,0.0000,0.0000,false,0.0000,data/unit_stats/source_exports/db/special_ability_phases_tables/data__.tsv,938,9.0.1
wh3_dlc24_unit_abilities_mark_of_yin,28.0000,negative,,false,false,0.0000,0.0000,0.0000,0.0000,0,0,false,0.0000,0.0000,false,0,,wh3_dlc24_ability_mark_of_yin,wh_ability_negative_banner,false,true,true,0.0000,,,false,0.0000,0.0000,false,0.0000,data/unit_stats/source_exports/db/special_ability_phases_tables/data__.tsv,939,9.0.1
wh3_dlc24_unit_abilities_moon_flare,11.5000,negative,rebirth,true,false,0.0000,0.0000,0.0000,0.0000,0,-1,false,0.0000,0.0000,false,0,,,,false,true,true,0.0000,,,false,0.0000,0.0000,false,0.0000,data/unit_stats/source_exports/db/special_ability_phases_tables/data__.tsv,940,9.0.1
wh3_dlc24_unit_abilities_pack_trap,10.0000,negative,,true,false,0.0300,0.0000,0.0000,0.0000,0,0,false,0.0000,0.0000,false,0,,wh3_dlc24_generic_net_debuff,wh_ability_negative,false,true,true,0.0000,,,false,0.0000,0.0000,false,0.0000,data/unit_stats/source_exports/db/special_ability_phases_tables/data__.tsv,941,9.0.1
wh3_dlc24_unit_abilities_petrifying_gaze_1,8.0000,negative,,false,false,0.0000,0.0000,0.0000,0.0000,0,0,false,0.0000,0.0000,false,0,,wh3_dlc24_ability_petrifying_gaze,wh_ability_negative_one_shot,false,true,true,0.0000,,,false,0.0000,0.0000,false,0.0000,data/unit_stats/source_exports/db/special_ability_phases_tables/data__.tsv,942,9.0.1
wh3_dlc24_unit_abilities_petrifying_gaze_2,8.0000,negative,,false,false,0.0000,0.0000,0.0000,0.0000,0,0,false,0.0000,0.0000,false,0,,wh3_dlc24_ability_petrifying_gaze,wh_ability_negative_one_shot,false,true,true,0.0000,,,false,0.0000,0.0000,false,0.0000,data/unit_stats/source_exports/db/special_ability_phases_tables/data__.tsv,943,9.0.1
wh3_dlc24_unit_abilities_petrifying_gaze_3,8.0000,negative,,false,false,0.0000,0.0000,0.0000,0.0000,0,0,false,0.0000,0.0000,false,0,,wh3_dlc24_ability_petrifying_gaze,wh_ability_negative_one_shot,false,true,true,0.0000,,,false,0.0000,0.0000,false,0.0000,data/unit_stats/source_exports/db/special_ability_phases_tables/data__.tsv,944,9.0.1
wh3_dlc24_unit_abilities_petrifying_gaze_4,8.0000,negative,,true,false,0.0000,0.0000,0.0000,0.0000,0,0,false,0.0000,0.0000,false,0,,wh3_dlc24_ability_petrifying_gaze,wh_ability_negative_one_shot,false,true,true,0.0000,,,false,0.0000,0.0000,false,0.0000,data/unit_stats/source_exports/db/special_ability_phases_tables/data__.tsv,945,9.0.1
wh3_dlc24_unit_abilities_tide_of_transformation_1,32.0000,negative,,false,false,0.0000,0.0000,0.0000,0.0000,0,0,false,0.0000,0.0000,false,0,,wh3_dlc24_tide_of_transformation_1,,false,true,true,0.0000,,,false,0.0000,0.0000,false,0.0000,data/unit_stats/source_exports/db/special_ability_phases_tables/data__.tsv,946,9.0.1
wh3_dlc24_unit_abilities_tide_of_transformation_2,4.0000,negative,,false,false,0.0000,0.0000,0.0000,1.0000,24,25,false,0.0000,0.0000,false,0,,wh3_dlc24_tide_of_transformation_2,,false,true,true,0.0000,,,false,0.0000,0.0000,false,0.0000,data/unit_stats/source_exports/db/special_ability_phases_tables/data__.tsv,947,9.0.1
wh3_dlc24_unit_contact_dark_blood,10.0000,negative,,false,false,0.0000,0.0000,0.0000,0.0000,0,0,false,0.0000,0.0000,false,0,,wh3_dlc24_dark_blood,wh_ability_negative_one_shot,false,true,true,0.0000,,,false,0.0000,0.0000,false,0.0000,data/unit_stats/source_exports/db/special_ability_phases_tables/data__.tsv,948,9.0.1
wh3_dlc24_unit_contact_frozen,6.0000,positive,,true,false,0.0000,0.0000,0.0000,0.0000,0,0,false,0.0000,0.0000,false,0,,wh3_main_ice_crystal_sanctuary,wh3_main_spell_ice_crystal_sanctuary,false,true,true,0.0000,,,false,0.0000,0.0000,false,0.0000,data/unit_stats/source_exports/db/special_ability_phases_tables/data__.tsv,949,9.0.1
wh3_dlc24_unit_passive_bears_bulwark,-1.0000,positive,,false,false,0.0000,0.0000,0.0000,0.0000,0,0,false,0.0000,0.0000,false,0,,,,false,true,true,0.0000,,,false,0.0000,0.0000,false,0.0000,data/unit_stats/source_exports/db/special_ability_phases_tables/data__.tsv,950,9.0.1
wh3_dlc24_unit_passive_craven_scent,30.0000,negative,,false,false,0.0000,0.0000,0.0000,0.0000,0,0,false,0.0000,0.0000,false,0,,,,false,true,true,0.0000,,,false,0.0000,0.0000,false,0.0000,data/unit_stats/source_exports/db/special_ability_phases_tables/data__.tsv,951,9.0.1
wh3_dlc24_unit_passive_deadeyes_sting,-1.0000,positive,,false,false,0.0000,0.0000,0.0000,0.0000,0,0,false,0.0000,0.0000,false,0,,,,false,true,true,0.0000,,,false,0.0000,0.0000,false,0.0000,data/unit_stats/source_exports/db/special_ability_phases_tables/data__.tsv,952,9.0.1
wh3_dlc24_unit_passive_ember_dread,-1.0000,positive,,false,false,0.0000,0.0000,0.0000,0.0000,0,0,false,0.0000,0.0000,false,10,,,,false,true,true,0.0000,,,false,0.0000,0.0000,false,0.0000,data/unit_stats/source_exports/db/special_ability_phases_tables/data__.tsv,953,9.0.1
wh3_dlc24_unit_passive_entropous,-1.0000,negative,,false,false,0.0000,0.0000,0.0000,0.0000,0,0,false,0.0000,0.0000,false,0,,,,false,true,true,0.0000,,,false,0.0000,0.0000,false,0.0000,data/unit_stats/source_exports/db/special_ability_phases_tables/data__.tsv,954,9.0.1
wh3_dlc24_unit_passive_eternal_duty,-1.0000,positive,,false,false,0.0000,0.0000,0.0000,0.0000,0,0,false,0.0000,0.0000,false,0,,wh_main_generic_buff_morale_passive,,false,true,true,0.0000,,,false,0.0000,0.0000,false,0.0000,data/unit_stats/source_exports/db/special_ability_phases_tables/data__.tsv,955,9.0.1
wh3_dlc24_unit_passive_eyes_of_the_empress,-1.0000,positive,,false,false,0.0000,0.0000,0.0000,0.0000,0,0,false,0.0000,0.0000,false,0,,,,false,true,true,0.0000,,,false,0.0000,0.0000,false,0.0000,data/unit_stats/source_exports/db/special_ability_phases_tables/data__.tsv,956,9.0.1
wh3_dlc24_unit_passive_feral_rage,40.0000,negative,,false,false,0.0000,0.0000,0.0000,0.0000,0,0,false,0.0000,0.0000,false,0,,,,false,true,true,0.0000,,,false,0.0000,0.0000,false,0.0000,data/unit_stats/source_exports/db/special_ability_phases_tables/data__.tsv,957,9.0.1
wh3_dlc24_unit_passive_fragmentii,-1.0000,negative,,false,false,0.0000,0.0000,0.0000,1.0000,12,4,false,0.0000,0.0000,false,0,,,,false,true,true,0.0000,,,false,0.0000,0.0000,false,0.0000,data/unit_stats/source_exports/db/special_ability_phases_tables/data__.tsv,958,9.0.1
wh3_dlc24_unit_passive_frostwyverns_toil,-1.0000,positive,,false,false,0.0000,0.0000,0.0000,0.0000,0,0,false,0.0000,0.0000,false,0,,,,false,true,true,0.0000,,,false,0.0000,0.0000,false,0.0000,data/unit_stats/source_exports/db/special_ability_phases_tables/data__.tsv,959,9.0.1
wh3_dlc24_unit_passive_gait_of_thorns,-1.0000,negative,,false,false,0.0100,0.0000,0.0000,0.0000,0,0,false,0.0000,0.0000,false,0,,,,false,true,true,0.0000,,,false,0.0000,0.0000,false,0.0000,data/unit_stats/source_exports/db/special_ability_phases_tables/data__.tsv,960,9.0.1
wh3_dlc24_unit_passive_gift_of_mutation,-1.0000,positive,,false,false,0.0000,0.0000,0.0000,0.0000,0,0,false,0.0000,0.0000,false,0,,wh3_dlc24_unit_abilities_gift_of_mutation,wh_ability_positive_banner,false,true,true,0.0000,,,false,0.0000,0.0000,false,0.0000,data/unit_stats/source_exports/db/special_ability_phases_tables/data__.tsv,961,9.0.1
wh3_dlc24_unit_passive_hushed_cast,-1.0000,negative,,false,false,0.0000,0.0000,0.0000,0.0000,0,0,false,-0.4000,0.0000,false,0,,,,false,true,true,0.0000,,,false,0.0000,0.0000,false,0.0000,data/unit_stats/source_exports/db/special_ability_phases_tables/data__.tsv,962,9.0.1
wh3_dlc24_unit_passive_incarnate_flock_of_doom,-1.0000,negative,,false,false,0.0000,0.0000,0.0000,1.0000,8,2,false,0.0000,0.0000,false,0,,wh3_dlc24_incarnate_flock_of_doom,,false,true,true,0.0000,,,false,0.0000,0.0000,false,0.0000,data/unit_stats/source_exports/db/special_ability_phases_tables/data__.tsv,963,9.0.1
wh3_dlc24_unit_passive_incarnates_wrath,-1.0000,positive,,false,false,0.0000,0.0000,0.0000,0.0000,0,0,false,0.0000,0.0000,false,0,,,,false,true,true,0.0000,,,false,0.0000,0.0000,false,0.0000,data/unit_stats/source_exports/db/special_ability_phases_tables/data__.tsv,964,9.0.1
wh3_dlc24_unit_passive_inversus,-1.0000,negative,,false,false,0.0000,0.0000,0.0000,0.0000,0,0,false,0.0000,0.0000,false,0,,,,false,true,true,0.0000,,,false,0.0000,0.0000,false,0.0000,data/unit_stats/source_exports/db/special_ability_phases_tables/data__.tsv,965,9.0.1
wh3_dlc24_unit_passive_leshys_embrace,1.0000,positive,,false,false,0.0000,0.0000,0.0000,1.0000,0,0,false,0.0000,0.0000,false,0,,,,false,true,true,0.0000,,,false,0.5000,0.0000,false,0.0000,data/unit_stats/source_exports/db/special_ability_phases_tables/data__.tsv,966,9.0.1
wh3_dlc24_unit_passive_predatory_fighter,10.0000,positive,,false,false,0.0000,0.0000,0.0000,0.0000,0,0,false,0.0000,0.0000,false,0,,wh_main_generic_buff_attack_passive,,false,true,true,0.0000,,,false,0.0000,0.0000,false,0.0000,data/unit_stats/source_exports/db/special_ability_phases_tables/data__.tsv,967,9.0.1
wh3_dlc24_unit_passive_rats_grit,-1.0000,positive,,false,false,0.0000,0.0000,0.0000,0.0000,0,0,false,0.0000,0.0000,false,0,,,,false,true,true,0.0000,,,false,0.0000,0.0000,false,0.0000,data/unit_stats/source_exports/db/special_ability_phases_tables/data__.tsv,968,9.0.1
wh3_dlc24_unit_passive_sacred_duty,-1.0000,positive,,false,false,0.0000,0.0000,0.0000,0.0000,0,0,false,0.0000,0.0000,false,0,,wh_main_generic_buff_morale_passive,,false,true,true,0.0000,,,false,0.0000,0.0000,false,0.0000,data/unit_stats/source_exports/db/special_ability_phases_tables/data__.tsv,969,9.0.1
wh3_dlc24_unit_passive_solar_engine,-1.0000,positive,,false,false,-0.0025,0.0000,0.0000,0.0000,0,0,false,0.0000,0.0000,false,0,,wh_main_generic_buff_morale_passive,,false,true,false,0.0000,,,false,0.0000,0.0000,false,0.0000,data/unit_stats/source_exports/db/special_ability_phases_tables/data__.tsv,970,9.0.1
wh3_dlc24_unit_passive_spawn_kin_kroxigors,-1.0000,positive,,false,false,0.0000,0.0000,0.0000,0.0000,0,0,false,0.0000,0.0000,false,0,,wh3_main_unit_passive_battle_harmony_yang,,false,true,true,0.0000,,,false,0.0000,0.0000,false,0.0000,data/unit_stats/source_exports/db/special_ability_phases_tables/data__.tsv,971,9.0.1
wh3_dlc24_unit_passive_spawn_kin_kroxigors_upgraded,-1.0000,positive,,false,false,0.0000,0.0000,0.0000,0.0000,0,0,false,0.0000,0.0000,false,0,,wh3_main_unit_passive_battle_harmony_yang,,false,true,true,0.0000,,,false,0.0000,0.0000,false,0.0000,data/unit_stats/source_exports/db/special_ability_phases_tables/data__.tsv,972,9.0.1
wh3_dlc24_unit_passive_spawn_kin_skinks,-1.0000,positive,,false,false,0.0000,0.0000,0.0000,0.0000,0,0,false,0.0000,0.0000,false,0,,wh3_main_unit_passive_battle_harmony_yin,,false,true,true,0.0000,,,false,0.0000,0.0000,false,0.0000,data/unit_stats/source_exports/db/special_ability_phases_tables/data__.tsv,973,9.0.1
wh3_dlc24_unit_passive_spawn_kin_skinks_upgraded,-1.0000,positive,,false,false,0.0000,0.0000,0.0000,0.0000,0,0,false,0.0000,0.0000,false,0,,wh3_main_unit_passive_battle_harmony_yin,,false,true,true,0.0000,,,false,0.0000,0.0000,false,0.0000,data/unit_stats/source_exports/db/special_ability_phases_tables/data__.tsv,974,9.0.1
wh3_dlc24_unit_passive_typhlosis,-1.0000,negative,,false,false,0.0000,0.0000,0.0000,0.0000,0,0,false,0.0000,0.0000,false,0,,,,false,false,true,0.0000,,,false,0.0000,0.0000,false,0.0000,data/unit_stats/source_exports/db/special_ability_phases_tables/data__.tsv,975,9.0.1
wh3_dlc24_unit_passive_unbinding_changeling_1,62.0000,negative,,false,false,0.0000,0.0000,0.0000,1.0000,0,0,false,0.0000,0.0000,false,0,,,wh2_dlc13_ability_summon_unbinding_generic_small_phase_01,false,true,true,0.0000,,,false,0.0000,0.0000,false,0.0000,data/unit_stats/source_exports/db/special_ability_phases_tables/data__.tsv,976,9.0.1
wh3_dlc24_unit_passive_unbinding_changeling_2,-1.0000,negative,,false,false,0.0000,0.0000,0.0000,1.0000,13300,1,false,0.0000,0.0000,false,0,,,wh2_dlc13_ability_summon_unbinding_generic_small_phase_02,false,true,true,0.0000,,,false,0.0000,0.0000,false,0.0000,data/unit_stats/source_exports/db/special_ability_phases_tables/data__.tsv,977,9.0.1
wh3_dlc24_unit_passive_unbinding_critical_thing_in_the_woods,5.0000,negative,,false,false,0.0000,0.0000,0.0000,0.2000,998,10,false,0.0000,0.0000,false,0,,wh3_dlc24_bound_entity_energy_thing_in_the_woods_extreme,wh2_dlc13_ability_summon_unbinding_generic_phase_03,false,true,true,0.0000,,,false,0.0000,0.0000,false,0.0000,data/unit_stats/source_exports/db/special_ability_phases_tables/data__.tsv,978,9.0.1
wh3_dlc24_unit_passive_unbinding_koldunjas_spirit,50.0000,negative,,false,false,0.0000,0.0000,0.0000,1.0000,0,0,false,0.0000,0.0000,false,0,,wh3_dlc24_koldunja_spirit_bear_energy,wh2_dlc13_ability_summon_unbinding_generic_large_phase_01,false,true,true,0.0000,,,false,0.0000,0.0000,false,0.0000,data/unit_stats/source_exports/db/special_ability_phases_tables/data__.tsv,979,9.0.1
wh3_dlc24_unit_passive_unbinding_thing_in_the_woods,42.0000,negative,,false,false,0.0000,0.0000,0.0000,0.0000,0,0,false,0.0000,0.0000,false,0,,wh3_dlc24_bound_entity_energy_thing_in_the_woods,wh2_dlc13_ability_summon_unbinding_generic_large_phase_01,false,true,true,0.0000,,,false,0.0000,0.0000,false,0.0000,data/unit_stats/source_exports/db/special_ability_phases_tables/data__.tsv,980,9.0.1
wh3_dlc24_unit_passive_unbinding_weak_thing_in_the_woods,30.0000,negative,,false,false,0.0000,0.0000,0.0000,0.2000,11,1,false,0.0000,0.0000,false,0,,wh3_dlc24_bound_entity_energy_thing_in_the_woods_low,wh2_dlc13_ability_summon_unbinding_generic_large_phase_02,false,true,true,0.0000,,,false,0.0000,0.0000,false,0.0000,data/unit_stats/source_exports/db/special_ability_phases_tables/data__.tsv,981,9.0.1
wh3_dlc24_unit_passive_unburdened_step,-1.0000,positive,,false,false,0.0000,0.0000,0.0000,0.0000,0,0,false,0.0000,0.0000,false,0,,,,false,true,true,0.0000,,,false,0.0000,0.0000,false,0.0000,data/unit_stats/source_exports/db/special_ability_phases_tables/data__.tsv,982,9.0.1
wh3_dlc24_unit_passive_whiff_of_madness,-1.0000,negative,,false,false,0.0000,0.0000,0.0000,0.0000,0,0,false,0.0000,0.0000,false,0,,,,false,true,true,0.0000,,,false,0.0000,0.0000,false,0.0000,data/unit_stats/source_exports/db/special_ability_phases_tables/data__.tsv,983,9.0.1
wh3_dlc24_unit_passive_wraith_sight,-1.0000,positive,,false,false,0.0000,0.0000,0.0000,0.0000,0,0,false,0.0000,0.0000,false,0,,,,false,true,true,0.0000,,,false,0.0000,0.0000,false,0.0000,data/unit_stats/source_exports/db/special_ability_phases_tables/data__.tsv,984,9.0.1
wh3_dlc24_weapon_abilities_ursuns_claw,17.0000,positive,,false,false,0.0000,0.0000,0.0000,0.0000,0,0,false,0.0000,0.0000,false,0,wh3_dlc24_unit_contact_frozen,wh_main_generic_buff_attack_banner,wh_ability_positive_one_shot,false,true,true,0.0000,,,false,0.0000,0.0000,false,0.0000,data/unit_stats/source_exports/db/special_ability_phases_tables/data__.tsv,985,9.0.1
wh3_dlc25_army_abilities_bjuna_bombard,10.0000,negative,,false,false,0.0000,0.0000,0.0000,1.0000,5,25,false,0.0000,0.0000,false,0,,wh3_dlc25_army_abilities_bjuna_bombard,wh3_dlc25_ability_bjuna_bombard,false,true,true,0.0000,wh3_dlc25_ability_bjuna_bombard,,false,0.0000,0.0000,false,0.0000,data/unit_stats/source_exports/db/special_ability_phases_tables/data__.tsv,986,9.0.1
wh3_dlc25_army_abilities_spirit_barrage,5.0000,negative,,false,false,0.0000,0.0000,0.0000,1.0000,600,1,false,0.0000,0.0000,false,0,,wh3_dlc25_army_abilities_spirit_barrage,,false,false,true,0.0000,,,false,0.0000,0.0000,false,0.0000,data/unit_stats/source_exports/db/special_ability_phases_tables/data__.tsv,987,9.0.1
wh3_dlc25_army_passive_abilities_plague_afflicted,-1.0000,negative,,false,false,0.0000,0.0000,0.0000,1.0000,2,10,false,0.0000,0.0000,false,0,,wh_main_generic_hp_damage_passive,,false,true,true,0.0000,,,false,0.0000,0.0000,false,0.0000,data/unit_stats/source_exports/db/special_ability_phases_tables/data__.tsv,988,9.0.1
wh3_dlc25_army_passive_abilities_plague_afflicted_improved,-1.0000,negative,,false,false,0.0000,0.0000,0.0000,1.0000,4,10,false,0.0000,0.0000,false,0,,wh_main_generic_hp_damage_passive,,false,true,true,0.0000,,,false,0.0000,0.0000,false,0.0000,data/unit_stats/source_exports/db/special_ability_phases_tables/data__.tsv,989,9.0.1
wh3_dlc25_character_abilities_get_em,11.0000,negative,,true,false,0.0000,0.0000,0.0000,0.0000,0,0,false,0.0000,0.0000,false,0,,wh3_dlc24_generic_net_debuff,wh2_main_unit_abilities_snare_net,false,true,true,0.0000,,,false,0.0000,0.0000,false,0.0000,data/unit_stats/source_exports/db/special_ability_phases_tables/data__.tsv,990,9.0.1
wh3_dlc25_character_abilities_hurricane_of_death,6.0000,negative,rebirth,true,false,0.0000,0.0000,0.0000,0.0000,0,-1,false,0.0000,0.0000,false,0,,,,false,true,true,0.0000,,,false,0.0000,0.0000,false,0.0000,data/unit_stats/source_exports/db/special_ability_phases_tables/data__.tsv,991,9.0.1
wh3_dlc25_character_abilities_passive_witness_me,-1.0000,positive,,false,false,0.0000,0.0000,0.0000,0.0000,0,-1,false,0.0000,0.0000,false,0,,wh_main_generic_buff_attack,,false,true,true,0.0000,,,false,0.0000,0.0000,false,0.0000,data/unit_stats/source_exports/db/special_ability_phases_tables/data__.tsv,992,9.0.1
wh3_dlc25_character_ability_sands_of_sickness_ally,25.0000,positive,,false,false,-0.0100,0.0000,0.0000,0.0000,0,0,false,0.0000,0.0000,false,0,,wh3_dlc25_epidemius_ability_sands_of_sickness,wh3_dlc25_sands_of_sickness,false,true,false,0.0000,,wh3_dlc25_item_abilities_sands_of_sickness_ally,false,0.0000,0.0000,false,0.0000,data/unit_stats/source_exports/db/special_ability_phases_tables/data__.tsv,993,9.0.1
wh3_dlc25_character_ability_sands_of_sickness_enemy,25.0000,negative,,false,false,0.0000,0.0000,0.0000,0.0000,0,0,false,0.0000,0.0000,false,0,,wh3_dlc25_epidemius_ability_sands_of_sickness,wh3_dlc25_sands_of_sickness,false,false,true,0.0000,,wh3_dlc25_item_abilities_sands_of_sickness_enemy,false,0.0000,0.0000,false,0.0000,data/unit_stats/source_exports/db/special_ability_phases_tables/data__.tsv,994,9.0.1
wh3_dlc25_character_passive_artillery_master,-1.0000,positive,,false,false,0.0000,0.0000,0.0000,0.0000,0,0,false,0.0000,0.0000,false,0,,wh2_dlc11_unit_passive_extra_powder,wh3_dlc25_ability_artillery_master,false,true,true,0.0000,,,false,0.0000,0.0000,false,0.0000,data/unit_stats/source_exports/db/special_ability_phases_tables/data__.tsv,995,9.0.1
wh3_dlc25_character_passive_befouled_charge_ally,-1.0000,positive,,false,false,0.0000,0.0000,0.0000,0.0000,0,0,false,0.0000,0.0000,false,0,,wh3_nur_entity_buff_speed,,false,true,true,0.0000,,,false,0.0000,0.0000,false,0.0000,data/unit_stats/source_exports/db/special_ability_phases_tables/data__.tsv,996,9.0.1
wh3_dlc25_character_passive_befouled_charge_enemy,-1.0000,negative,,false,false,0.0000,0.0000,0.0000,0.0000,0,0,false,0.0000,0.0000,false,0,,wh3_dlc25_nur_debuff,,false,true,true,0.0000,,,false,0.0000,0.0000,false,0.0000,data/unit_stats/source_exports/db/special_ability_phases_tables/data__.tsv,997,9.0.1
wh3_dlc25_character_passive_blood_oath_improved,-1.0000,positive,,false,false,0.0000,0.0000,0.0000,1.0000,0,0,false,0.0000,0.0000,false,0,,,,false,true,true,0.0000,,,false,0.0025,0.0000,false,0.0000,data/unit_stats/source_exports/db/special_ability_phases_tables/data__.tsv,998,9.0.1
wh3_dlc25_character_passive_corrupted_flesh,-1.0000,positive,,false,false,0.0000,0.0000,0.0000,0.0000,0,0,false,0.0000,0.0000,false,0,,,,false,true,true,0.0000,,,false,0.0000,0.0000,false,0.0000,data/unit_stats/source_exports/db/special_ability_phases_tables/data__.tsv,999,9.0.1
wh3_dlc25_character_passive_master_of_ballistics,-1.0000,positive,,false,false,0.0000,0.0000,0.0000,0.0000,0,0,false,0.0000,0.0000,false,0,,wh2_dlc11_unit_passive_extra_powder,wh3_dlc25_ability_master_of_balistics,false,true,true,0.0000,,,false,0.0000,0.0000,false,0.0000,data/unit_stats/source_exports/db/special_ability_phases_tables/data__.tsv,1000,9.0.1
wh3_dlc25_character_passive_monster_master,-1.0000,positive,,false,false,0.0000,0.0000,0.0000,0.0000,0,-1,false,0.0000,0.0000,false,0,,wh_main_generic_buff_defence_morale_passive,,false,true,true,0.0000,,,false,0.0000,0.0000,false,0.0000,data/unit_stats/source_exports/db/special_ability_phases_tables/data__.tsv,1001,9.0.1
wh3_dlc25_character_passive_rampaging_presence,30.0000,negative,,false,false,0.0000,0.0000,0.0000,0.0000,0,0,false,0.0000,0.0000,false,0,,,,false,true,true,0.0000,,,false,0.0000,0.0000,false,0.0000,data/unit_stats/source_exports/db/special_ability_phases_tables/data__.tsv,1002,9.0.1
wh3_dlc25_character_passive_slayer_of_legend,-1.0000,positive,,false,false,0.0000,0.0000,0.0000,0.0000,0,0,false,0.0000,0.0000,false,0,,wh_main_generic_buff_attack_passive,,false,true,true,0.0000,,,false,0.0000,0.0000,false,0.0000,data/unit_stats/source_exports/db/special_ability_phases_tables/data__.tsv,1003,9.0.1
wh3_dlc25_character_passive_tally_of_pestilence,-1.0000,positive,,false,false,0.0000,0.0000,0.0000,0.0000,0,-1,false,0.0000,0.0000,false,0,,wh3_dlc20_abilities_giver_of_abundant_glory,wh3_dlc25_tally_of_pestilence,false,true,true,0.0000,,,false,0.0000,0.0000,false,0.0000,data/unit_stats/source_exports/db/special_ability_phases_tables/data__.tsv,1004,9.0.1
wh3_dlc25_character_passive_tempered_aura,-1.0000,positive,,false,false,0.0000,0.0000,0.0000,0.0000,0,0,false,0.0000,0.0000,false,0,,wh_main_generic_buff_attack_passive,,false,true,true,0.0000,,,false,0.0000,0.0000,false,0.0000,data/unit_stats/source_exports/db/special_ability_phases_tables/data__.tsv,1005,9.0.1
wh3_dlc25_character_passive_the_war_mourner,-1.0000,positive,,false,false,0.0000,0.0000,0.0000,0.0000,0,0,false,0.0000,0.0000,true,0,,wh_main_generic_buff_attack_passive,wh3_dlc25_ability_the_war_mourner,false,true,true,0.0000,,,false,0.0000,0.0000,false,0.0000,data/unit_stats/source_exports/db/special_ability_phases_tables/data__.tsv,1006,9.0.1
wh3_dlc25_character_passive_worthy_foe,-1.0000,positive,,false,false,0.0000,0.0000,0.0000,0.0000,0,-1,false,0.0000,0.0000,false,0,,,,false,true,false,0.0000,,,false,0.0000,0.0000,false,0.0000,data/unit_stats/source_exports/db/special_ability_phases_tables/data__.tsv,1007,9.0.1
wh3_dlc25_effect_abilities_nemesis_crown_stage_3,-1.0000,negative,,false,false,0.0000,0.0000,0.0000,1.0000,10,25,false,0.0000,0.0000,false,0,,wh2_dlc10_weapon_abilities_shadow_of_khaine,wh2_dlc09_ability_tmb_negative,false,true,true,0.0000,,,false,0.0000,0.0000,false,0.0000,data/unit_stats/source_exports/db/special_ability_phases_tables/data__.tsv,1008,9.0.1
wh3_dlc25_effect_enemy_healing_power_reduction,-1.0000,negative,,false,false,0.0000,0.0000,0.0000,0.0000,0,-1,false,0.0000,0.0000,false,0,,,,false,false,true,0.0000,,,false,0.0000,0.0000,false,0.0000,data/unit_stats/source_exports/db/special_ability_phases_tables/data__.tsv,1009,9.0.1
wh3_dlc25_faction_abilities_murderous_mastery_upgraded,180.0000,positive,,false,false,-0.0100,0.0000,0.0000,0.0000,0,0,false,0.0000,0.0000,false,0,,wh2_main_faction_abilities_murderous_prowess,wh_ability_positive,false,true,true,0.0000,,,false,0.0000,0.0000,false,0.0000,data/unit_stats/source_exports/db/special_ability_phases_tables/data__.tsv,1010,9.0.1
wh3_dlc25_faction_abilities_murderous_mastery_upgraded_2,240.0000,positive,,false,false,-0.0100,0.0000,0.0000,0.0000,0,0,false,0.0000,0.0000,false,0,,wh2_main_faction_abilities_murderous_prowess,wh_ability_positive,false,true,true,0.0000,,,false,0.0000,0.0000,false,0.0000,data/unit_stats/source_exports/db/special_ability_phases_tables/data__.tsv,1011,9.0.1
wh3_dlc25_hero_abilities_titan_headsman,29.0000,negative,,false,false,0.0000,0.0000,0.0000,0.0000,0,0,false,0.0000,0.0000,false,0,,wh_main_generic_debuff_defence_passive,wh_ability_negative,false,false,true,0.0000,,,false,0.0000,0.0000,false,0.0000,data/unit_stats/source_exports/db/special_ability_phases_tables/data__.tsv,1012,9.0.1
wh3_dlc25_hero_passive_fearsome_combatant,-1.0000,negative,,false,false,0.0000,0.0000,0.0000,0.0000,0,0,false,0.0000,0.0000,false,0,,wh_main_generic_debuff_morale_passive,wh_ability_negative,false,false,true,0.0000,,,false,0.0000,0.0000,false,0.0000,data/unit_stats/source_exports/db/special_ability_phases_tables/data__.tsv,1013,9.0.1
wh3_dlc25_hero_passive_the_hand_of_judgement,-1.0000,positive,,false,false,0.0000,0.0000,0.0000,0.0000,0,-1,false,0.0000,0.0000,false,0,,wh_main_generic_buff_defence,wh_ability_positive,false,true,true,0.0000,,,false,0.0000,0.0000,false,0.0000,data/unit_stats/source_exports/db/special_ability_phases_tables/data__.tsv,1014,9.0.1
wh3_dlc25_item_abilities_deaths_timekeeper_enemy,10.0000,negative,,false,false,0.0000,0.0000,0.0000,1.0000,67,1,false,0.0000,0.0000,false,0,,wh3_dlc25_item_abilities_deaths_timekeeper_enemy,wh3_dlc24_ability_deaths_timekeeper,false,false,true,0.0000,,,false,0.0000,0.0000,false,0.0000,data/unit_stats/source_exports/db/special_ability_phases_tables/data__.tsv,1015,9.0.1
wh3_dlc25_item_abilities_deaths_timekeeper_self,10.0000,positive,,false,false,0.0000,0.0000,0.0000,1.0000,0,0,false,0.0000,0.0000,false,0,,wh3_dlc25_item_abilities_deaths_timekeeper_self,,false,true,false,0.0000,,,false,0.0100,0.0000,false,0.0000,data/unit_stats/source_exports/db/special_ability_phases_tables/data__.tsv,1016,9.0.1
wh3_dlc25_item_abilities_necrotic_phylactry,18.0000,positive,,false,false,0.0000,0.0000,0.0000,0.0000,0,-1,false,0.0000,0.0000,false,0,,wh_main_generic_buff_defence,wh3_dlc25_nur_abilities_necrotic_phylactery,false,true,true,0.0000,,wh3_dlc25_item_abilities_necrotic_phylactry,false,0.0000,0.0000,false,0.0000,data/unit_stats/source_exports/db/special_ability_phases_tables/data__.tsv,1017,9.0.1
wh3_dlc25_item_abilities_ominous_powder_i,30.0000,negative,,false,false,0.0000,0.0000,0.0000,1.0000,26,1,false,0.0000,0.0000,false,0,,wh3_dlc23_crooked_dice_i,wh_ability_positive,false,true,true,0.0000,,,false,0.0000,0.0000,false,0.0000,data/unit_stats/source_exports/db/special_ability_phases_tables/data__.tsv,1018,9.0.1
wh3_dlc25_item_abilities_ominous_powder_ii,30.0000,positive,,false,false,0.0000,0.0000,0.0000,0.0000,0,-1,false,0.0000,0.0000,true,0,,wh3_dlc23_crooked_dice_ii,wh_ability_positive,false,true,true,0.0000,,,false,0.0000,0.0000,false,0.0000,data/unit_stats/source_exports/db/special_ability_phases_tables/data__.tsv,1019,9.0.1
wh3_dlc25_item_abilities_ominous_powder_iii,30.0000,positive,,false,false,0.0000,0.0000,0.0000,0.0000,0,-1,false,0.0000,0.0000,true,0,,wh3_dlc23_crooked_dice_iii,wh_ability_positive,false,true,true,0.0000,,,false,0.0000,0.0000,false,0.0000,data/unit_stats/source_exports/db/special_ability_phases_tables/data__.tsv,1020,9.0.1
wh3_dlc25_item_abilities_stormlance,32.0000,positive,,false,false,0.0000,0.0000,0.0000,0.0000,0,0,false,0.0000,0.0000,false,10,,wh3_dlc20_unit_abilities_storm_rage,wh3_dlc25_ability_stormlance,false,false,true,0.0000,,,false,0.0000,0.0000,false,0.0000,data/unit_stats/source_exports/db/special_ability_phases_tables/data__.tsv,1021,9.0.1
wh3_dlc25_item_abilities_the_gold_standard,13.0000,positive,,false,false,0.0000,0.0000,0.0000,0.0000,0,0,false,0.0000,0.0000,false,0,,wh3_dlc25_the_gold_standard,wh3_dlc25_item_the_gold_standard,false,true,false,0.0000,,,false,0.0000,0.0000,false,0.0000,data/unit_stats/source_exports/db/special_ability_phases_tables/data__.tsv,1022,9.0.1
wh3_dlc25_item_passive_baleflame_amulet,7.0000,negative,,false,false,0.0000,0.0000,0.0000,1.0000,200,1,false,0.0000,0.0000,false,0,,,,false,false,true,0.0000,,,false,0.0000,0.0000,false,0.0000,data/unit_stats/source_exports/db/special_ability_phases_tables/data__.tsv,1023,9.0.1
wh3_dlc25_item_passive_cloak_of_anraheir,-1.0000,negative,,false,false,0.0000,0.0000,0.0000,0.0000,0,0,false,0.0000,0.0000,false,0,,wh_main_generic_debuff_morale,,false,true,true,0.0000,,,false,0.0000,0.0000,false,0.0000,data/unit_stats/source_exports/db/special_ability_phases_tables/data__.tsv,1024,9.0.1
wh3_dlc25_item_passive_the_eyes_of_grungni,-1.0000,positive,,false,false,0.0000,0.0000,0.0000,0.0000,0,0,false,0.0000,0.0000,false,0,,wh2_dlc11_unit_passive_extra_powder,wh3_dlc25_ability_the_eyes_of_grungi,false,true,true,0.0000,,,false,0.0000,0.0000,false,0.0000,data/unit_stats/source_exports/db/special_ability_phases_tables/data__.tsv,1025,9.0.1
wh3_dlc25_item_passives_armour_of_tarnus,14.0000,positive,,false,false,0.0000,0.0000,0.0000,0.0000,0,0,false,0.0000,0.0000,false,0,,wh_main_generic_ward_save_all_passive,wh3_dlc25_armour_of_tarnus,false,true,true,0.0000,,,false,0.0000,0.0000,false,0.0000,data/unit_stats/source_exports/db/special_ability_phases_tables/data__.tsv,1026,9.0.1
wh3_dlc25_lord_abilities_darkwalker,30.0000,positive,,false,false,0.0000,0.0000,0.0000,0.0000,0,-1,false,0.0000,0.0000,false,0,,wh_main_generic_buff_defence,wh_ability_positive,false,true,true,0.0000,,,false,0.0000,0.0000,false,0.0000,data/unit_stats/source_exports/db/special_ability_phases_tables/data__.tsv,1027,9.0.1
wh3_dlc25_lord_abilities_deranged_munitions,30.0000,positive,,false,false,0.0000,0.0000,0.0000,0.0000,0,0,false,0.0000,0.0000,true,0,,wh_main_generic_buff_attack,wh_main_unit_abilities_entrenchment,false,true,true,0.0000,,,false,0.0000,0.0000,false,0.0000,data/unit_stats/source_exports/db/special_ability_phases_tables/data__.tsv,1028,9.0.1
wh3_dlc25_lord_abilities_gift_of_the_father_tier_1,10.0000,negative,,false,false,0.0000,0.0000,0.0000,1.0000,2660,100,false,0.0000,0.0000,false,0,,wh3_main_nurgle_miasma_of_pestilence,,false,true,true,0.0000,,,false,0.0000,0.0000,false,0.0000,data/unit_stats/source_exports/db/special_ability_phases_tables/data__.tsv,1029,9.0.1
wh3_dlc25_lord_abilities_gift_of_the_father_tier_2,10.0000,negative,,false,false,0.0000,0.0000,0.0000,1.0000,2660,100,false,0.0000,0.0000,false,0,,wh3_main_nurgle_miasma_of_pestilence,,false,true,true,0.0000,,,false,0.0000,0.0000,false,0.0000,data/unit_stats/source_exports/db/special_ability_phases_tables/data__.tsv,1030,9.0.1
wh3_dlc25_lord_abilities_gift_of_the_father_tier_3,10.0000,negative,,false,false,0.0000,0.0000,0.0000,1.0000,2660,100,false,0.0000,0.0000,false,0,,wh3_main_nurgle_miasma_of_pestilence,,false,true,true,0.0000,,,false,0.0000,0.0000,false,0.0000,data/unit_stats/source_exports/db/special_ability_phases_tables/data__.tsv,1031,9.0.1
wh3_dlc25_lord_abilities_gift_of_the_father_tier_4,10.0000,negative,,false,false,0.0000,0.0000,0.0000,1.0000,2660,100,false,0.0000,0.0000,false,0,,wh3_main_nurgle_miasma_of_pestilence,,false,true,true,0.0000,,,false,0.0000,0.0000,false,0.0000,data/unit_stats/source_exports/db/special_ability_phases_tables/data__.tsv,1032,9.0.1
wh3_dlc25_lord_abilities_glorious_death,40.0000,positive,,false,false,0.0000,0.0000,0.0000,0.0000,0,-1,false,0.0000,0.0000,false,0,,wh3_dlc24_ability_glorious_death,wh3_dlc25_dwf_glorious_death,false,true,false,0.0000,,,false,0.0000,0.0000,false,0.0000,data/unit_stats/source_exports/db/special_ability_phases_tables/data__.tsv,1033,9.0.1
wh3_dlc25_lord_abilities_nurgles_favoured_son,40.0000,positive,,false,false,0.0000,0.0000,0.0000,0.0000,0,0,false,0.0000,0.0000,false,0,,wh3_dlc25_nurgles_favored_son_buff_defence,wh3_main_lord_dlc20_abilities_potions_of_elixirs,false,true,true,0.0000,,,false,0.0000,0.0000,false,0.0000,data/unit_stats/source_exports/db/special_ability_phases_tables/data__.tsv,1034,9.0.1
wh3_dlc25_lord_abilities_rot_or_die,18.0000,positive,,false,false,0.0000,0.0000,0.0000,0.0000,0,0,false,0.0000,0.0000,false,0,,wh3_main_nurgle_miasma_of_pestilence,wh3_dlc25_nur_ability_rot_or_die,false,true,true,0.0000,,wh3_dlc25_lord_abilities_rot_or_die,false,0.0000,0.0000,false,0.0000,data/unit_stats/source_exports/db/special_ability_phases_tables/data__.tsv,1035,9.0.1
wh3_dlc25_lord_passive_crowns_corruption_level_1,-1.0000,negative,,false,false,0.0000,0.0000,0.0000,1.0000,4,10,false,0.0000,0.0000,false,0,,wh3_dlc25_lord_passive_crowns_corruption,,false,true,true,0.0000,,,false,0.0000,0.0000,false,0.0000,data/unit_stats/source_exports/db/special_ability_phases_tables/data__.tsv,1036,9.0.1
wh3_dlc25_lord_passive_crowns_corruption_level_2,-1.0000,negative,,false,false,0.0000,0.0000,0.0000,1.0000,6,10,false,0.0000,0.0000,false,0,,wh3_dlc25_lord_passive_crowns_corruption,,false,true,true,0.0000,,,false,0.0000,0.0000,false,0.0000,data/unit_stats/source_exports/db/special_ability_phases_tables/data__.tsv,1037,9.0.1
wh3_dlc25_lord_passive_crowns_corruption_level_3,-1.0000,negative,,false,false,0.0000,0.0000,0.0000,1.0000,8,10,false,0.0000,0.0000,false,0,,wh3_dlc25_lord_passive_crowns_corruption,,false,true,true,0.0000,,,false,0.0000,0.0000,false,0.0000,data/unit_stats/source_exports/db/special_ability_phases_tables/data__.tsv,1038,9.0.1
wh3_dlc25_lord_passive_feast_of_the_maggot_lord,7.0000,negative,,false,false,0.0000,0.0000,0.0000,1.0000,424,1,false,0.0000,0.0000,false,0,,wh3_dlc25_feast_of_the_maggot_lord,wh3_dlc25_feast_of_the_maggot_lord,false,false,true,0.0000,,,false,0.0000,0.0000,false,0.0000,data/unit_stats/source_exports/db/special_ability_phases_tables/data__.tsv,1039,9.0.1
wh3_dlc25_lord_passive_feast_of_the_maggot_lord_buffer,7.0000,positive,,false,false,0.0000,0.0000,0.0000,1.0000,0,0,false,0.0000,0.0000,false,0,,wh_main_generic_hp_regen_passive,wh3_ability_pestilent_regeneration,false,true,false,0.0000,,,false,0.0300,0.0000,false,0.0000,data/unit_stats/source_exports/db/special_ability_phases_tables/data__.tsv,1040,9.0.1
wh3_dlc25_lord_passive_living_darkness,-1.0000,negative,,false,false,0.0000,0.0000,0.0000,0.0000,0,0,false,0.0000,0.0000,false,0,,wh3_dlc25_lord_passive_living_darkness,wh3_dlc25_living_darkness,false,true,true,0.0000,,,false,0.0000,0.0000,true,0.0000,data/unit_stats/source_exports/db/special_ability_phases_tables/data__.tsv,1041,9.0.1
wh3_dlc25_lord_passive_living_darkness_self,-1.0000,positive,,false,false,0.0000,0.0000,0.0000,0.0000,0,0,false,0.0000,0.0000,false,0,,wh_main_generic_buff_defence,wh3_dlc25_living_darkness,false,true,true,0.0000,,,false,0.0000,0.0000,false,0.0000,data/unit_stats/source_exports/db/special_ability_phases_tables/data__.tsv,1042,9.0.1
wh3_dlc25_lord_passive_rotting_host,-1.0000,negative,,false,false,0.0000,0.0000,0.0000,0.0000,0,0,false,0.0000,0.0000,false,0,,,,false,true,true,0.0000,,,false,0.0000,0.0000,false,0.0000,data/unit_stats/source_exports/db/special_ability_phases_tables/data__.tsv,1043,9.0.1
wh3_dlc25_lord_passive_vessel_of_malice_gnashrak,-1.0000,positive,,false,false,0.0000,0.0000,0.0000,0.0000,0,0,false,0.0000,0.0000,false,0,,wh_main_generic_ward_save_all,,false,true,true,0.0000,,,false,0.0000,0.0000,false,0.0000,data/unit_stats/source_exports/db/special_ability_phases_tables/data__.tsv,1044,9.0.1
wh3_dlc25_lord_passive_vessel_of_malice_icky,-1.0000,positive,,false,false,0.0000,0.0000,0.0000,0.0000,0,0,false,0.0000,0.0000,false,0,,wh_main_generic_ward_save_all,,false,true,true,0.0000,,,false,0.0000,0.0000,false,0.0000,data/unit_stats/source_exports/db/special_ability_phases_tables/data__.tsv,1045,9.0.1
wh3_dlc25_lord_passive_vessel_of_malice_luggn,-1.0000,positive,,false,false,0.0000,0.0000,0.0000,0.0000,0,0,false,0.0000,0.0000,false,0,,wh_main_generic_ward_save_all,,false,true,true,0.0000,,,false,0.0000,0.0000,false,0.0000,data/unit_stats/source_exports/db/special_ability_phases_tables/data__.tsv,1046,9.0.1
wh3_dlc25_mount_passive_aura_of_protection_upgraded,-1.0000,positive,,false,false,0.0000,0.0000,0.0000,0.0000,0,0,false,0.0000,0.0000,false,0,,wh_main_generic_ward_save_all_passive,,false,true,true,0.0000,,,false,0.0000,0.0000,false,0.0000,data/unit_stats/source_exports/db/special_ability_phases_tables/data__.tsv,1047,9.0.1
wh3_dlc25_quest_passive_rogue_idol_qb,-1.0000,positive,,false,false,0.0000,0.0000,0.0000,0.0000,0,0,false,0.0000,0.0000,false,0,,,,false,true,true,0.0000,,,false,0.0000,0.0000,false,0.0000,data/unit_stats/source_exports/db/special_ability_phases_tables/data__.tsv,1048,9.0.1
wh3_dlc25_unit_abilities_full_power,28.0000,positive,,false,false,0.0000,0.0000,0.0000,0.0000,0,0,false,0.0000,0.0000,false,0,,,wh3_dlc25_ability_full_power,false,true,true,0.0000,,,false,0.0000,0.0000,false,0.0000,data/unit_stats/source_exports/db/special_ability_phases_tables/data__.tsv,1049,9.0.1
wh3_dlc25_unit_abilities_thunderburner,-1.0000,positive,,false,false,0.0000,0.0000,0.0000,0.2000,30,1,false,0.0000,0.0000,false,0,,,wh3_dlc25_unit_abilities_thunderburner,false,true,true,0.0000,,,false,0.0000,0.0000,false,0.0000,data/unit_stats/source_exports/db/special_ability_phases_tables/data__.tsv,1050,9.0.1
wh3_dlc25_unit_abilities_thunderburner_upgraded,-1.0000,positive,,false,false,0.0000,0.0000,0.0000,0.2000,10,1,false,0.0000,0.0000,false,0,,,wh3_dlc25_unit_abilities_thunderburner,false,true,true,0.0000,,,false,0.0000,0.0000,false,0.0000,data/unit_stats/source_exports/db/special_ability_phases_tables/data__.tsv,1051,9.0.1
wh3_dlc25_unit_abilities_whirlwind_of_death,6.0000,negative,rebirth,true,false,0.0000,0.0000,0.0000,0.0000,0,-1,false,0.0000,0.0000,false,0,,,,false,true,true,0.0000,,,false,0.0000,0.0000,false,0.0000,data/unit_stats/source_exports/db/special_ability_phases_tables/data__.tsv,1052,9.0.1
wh3_dlc25_unit_contact_contagious_lethargy,10.0000,negative,,false,false,0.0000,0.0000,0.0000,0.0000,0,0,false,0.0000,0.0000,false,0,,,,false,true,true,0.0000,,,false,0.0000,0.0000,false,0.0000,data/unit_stats/source_exports/db/special_ability_phases_tables/data__.tsv,1053,9.0.1
wh3_dlc25_unit_contact_erosion,10.0000,negative,,false,false,0.0000,0.0000,0.0000,0.0000,0,0,false,0.0000,0.0000,false,0,,,,false,true,true,-0.0300,,,false,0.0000,0.0000,false,0.0000,data/unit_stats/source_exports/db/special_ability_phases_tables/data__.tsv,1054,9.0.1
wh3_dlc25_unit_contact_frostfire,10.0000,negative,,false,false,0.0000,0.0000,0.0000,0.0000,0,0,false,0.0000,0.0000,false,0,,,,false,false,true,0.0000,,,false,0.0000,0.0000,false,0.0000,data/unit_stats/source_exports/db/special_ability_phases_tables/data__.tsv,1055,9.0.1
wh3_dlc25_unit_contact_soulblight,18.0000,negative,,false,false,0.0000,0.0000,0.0000,0.0000,0,0,false,0.0000,0.0000,false,0,,wh3_dlc25_contact_soulblight,wh3_dlc25_contact_soulblight,false,false,true,0.0000,,,false,0.0000,0.0000,false,0.0000,data/unit_stats/source_exports/db/special_ability_phases_tables/data__.tsv,1056,9.0.1
wh3_dlc25_unit_contact_suffocating,20.0000,negative,,false,false,0.0100,0.0000,0.0000,0.0000,0,0,false,0.0000,0.0000,false,0,,,wh3_dlc25_ability_unspeakable_foulness_suffocating,false,false,true,0.0000,,,false,0.0000,0.0000,false,0.0000,data/unit_stats/source_exports/db/special_ability_phases_tables/data__.tsv,1057,9.0.1
wh3_dlc25_unit_formation_shieldwall,-1.0000,positive,,false,false,0.0000,0.0000,0.0000,0.0000,0,0,false,0.0000,0.0000,false,0,,,,false,true,true,0.0000,,,false,0.0000,0.0000,false,0.0000,data/unit_stats/source_exports/db/special_ability_phases_tables/data__.tsv,1058,9.0.1
wh3_dlc25_unit_formation_shieldwall_upgraded,-1.0000,positive,,false,false,0.0000,0.0000,0.0000,0.0000,0,0,false,0.0000,0.0000,false,0,,,,false,true,true,0.0000,,,false,0.0000,0.0000,false,0.0000,data/unit_stats/source_exports/db/special_ability_phases_tables/data__.tsv,1059,9.0.1
wh3_dlc25_unit_passive_ashes_and_steam,-1.0000,negative,,false,false,0.0000,0.0000,0.0000,1.0000,8,4,false,0.0000,0.0000,false,0,,wh3_main_cataclysm_ashes_and_dust,wh3_dlc25_spell_cremation_engine,false,true,true,0.0000,,,false,0.0000,0.0000,false,0.0000,data/unit_stats/source_exports/db/special_ability_phases_tables/data__.tsv,1060,9.0.1
wh3_dlc25_unit_passive_awe_inspiring_sight,-1.0000,positive,,false,false,-0.0200,0.0000,0.0000,0.0000,0,0,false,0.0000,0.0000,false,0,,wh_main_generic_buff_defence_morale_passive,wh_ability_positive_one_shot,false,true,false,0.0000,,,false,0.0000,0.0000,false,0.0000,data/unit_stats/source_exports/db/special_ability_phases_tables/data__.tsv,1061,9.0.1
wh3_dlc25_unit_passive_blackpowder_discipline_i,10.0000,neutral,,false,false,0.0000,0.0000,0.0000,0.0000,0,-1,false,0.0000,0.0000,false,0,,,,false,true,false,0.0000,,,false,0.0000,0.0000,false,0.0000,data/unit_stats/source_exports/db/special_ability_phases_tables/data__.tsv,1062,9.0.1
wh3_dlc25_unit_passive_blackpowder_discipline_ii,-1.0000,positive,,false,false,0.0000,0.0000,0.0000,0.0000,0,-1,false,0.0000,0.0000,false,0,,wh_main_generic_buff_defence_attack_banner,,false,true,false,0.0000,,,false,0.0000,0.0000,false,0.0000,data/unit_stats/source_exports/db/special_ability_phases_tables/data__.tsv,1063,9.0.1
wh3_dlc25_unit_passive_corrosive_bile,-1.0000,positive,,false,false,0.0000,0.0000,0.0000,0.0000,0,-1,false,0.0000,0.0000,false,0,,,,false,true,true,0.0000,,,false,0.0000,0.0000,false,0.0000,data/unit_stats/source_exports/db/special_ability_phases_tables/data__.tsv,1064,9.0.1
wh3_dlc25_unit_passive_doom_and_despair,-1.0000,negative,,false,false,0.0000,0.0000,0.0000,0.0000,0,0,false,0.0000,0.0000,false,0,,wh_main_generic_debuff_morale_passive,,false,false,true,0.0000,,,false,0.0000,0.0000,false,0.0000,data/unit_stats/source_exports/db/special_ability_phases_tables/data__.tsv,1065,9.0.1
wh3_dlc25_unit_passive_dwarf_rum,-1.0000,negative,,false,false,0.0000,0.0000,0.0000,0.0000,0,0,false,0.0000,0.0000,false,0,,wh_main_generic_debuff_attack_passive,,false,false,true,0.0000,,,false,0.0000,0.0000,false,0.0000,data/unit_stats/source_exports/db/special_ability_phases_tables/data__.tsv,1066,9.0.1
wh3_dlc25_unit_passive_emergency_repairs,2.0000,positive,,false,false,0.0000,0.0000,0.0000,1.0000,0,0,false,0.0000,0.0000,false,0,,wh2_main_unit_passive_rebirth,wh3_dlc25_emergency_repairs,false,true,true,0.0000,,,false,0.1000,0.0000,false,0.0000,data/unit_stats/source_exports/db/special_ability_phases_tables/data__.tsv,1067,9.0.1
wh3_dlc25_unit_passive_flaming_sword_of_rhuin_aoe,-1.0000,positive,,false,false,0.0000,0.0000,0.0000,0.0000,0,0,false,0.0000,0.0000,true,10,,,,false,true,true,0.0000,,,false,0.0000,0.0000,false,0.0000,data/unit_stats/source_exports/db/special_ability_phases_tables/data__.tsv,1068,9.0.1
wh3_dlc25_unit_passive_iron_resolve,-1.0000,positive,,false,false,0.0000,0.0000,0.0000,0.0000,0,0,false,0.0000,0.0000,false,0,,wh_main_generic_buff_defence_passive,,false,true,true,0.0000,,,false,0.0000,0.0000,false,0.0000,data/unit_stats/source_exports/db/special_ability_phases_tables/data__.tsv,1069,9.0.1
wh3_dlc25_unit_passive_kindleflame_aoe,-1.0000,negative,,false,false,0.0000,0.0000,0.0000,0.0000,0,0,false,0.0000,0.0000,false,0,,,,false,true,true,0.0000,,,false,0.0000,0.0000,false,0.0000,data/unit_stats/source_exports/db/special_ability_phases_tables/data__.tsv,1070,9.0.1
wh3_dlc25_unit_passive_last_rites,-1.0000,positive,,false,false,0.0000,0.0000,0.0000,0.0000,0,0,false,0.8000,0.1000,false,0,,wh3_dlc20_abilities_giver_of_arcane_glory,wh3_dlc20_ability_giver_of_arcane_glory,false,true,true,0.0000,,,false,0.0000,0.0000,false,0.0000,data/unit_stats/source_exports/db/special_ability_phases_tables/data__.tsv,1071,9.0.1
wh3_dlc25_unit_passive_mealworms,-1.0000,positive,,false,false,0.0000,0.0000,0.0000,1.0000,0,0,false,0.0000,0.0000,false,0,,wh3_main_abilities_snacks,,false,true,true,0.0000,,,false,0.0000,0.0000,false,0.0000,data/unit_stats/source_exports/db/special_ability_phases_tables/data__.tsv,1072,9.0.1
wh3_dlc25_unit_passive_rampaging_behemoth,-1.0000,positive,,false,false,0.0000,0.0000,0.0000,0.0000,0,0,false,0.0000,0.0000,false,0,,wh_main_generic_buff_attack_passive,,false,true,false,0.0000,,,false,0.0000,0.0000,false,0.0000,data/unit_stats/source_exports/db/special_ability_phases_tables/data__.tsv,1073,9.0.1
wh3_dlc25_unit_passive_rear_guardian,-1.0000,positive,,false,false,0.0000,0.0000,0.0000,0.0000,0,0,false,0.0000,0.0000,false,0,,wh_main_generic_ward_save_all,wh3_dlc25_ability_rear_gaurdian,false,true,true,0.0000,,,false,0.0000,0.0000,false,0.0000,data/unit_stats/source_exports/db/special_ability_phases_tables/data__.tsv,1074,9.0.1
wh3_dlc25_unit_passive_spearports,-1.0000,positive,,false,false,0.0000,0.0000,0.0000,0.0000,0,-1,false,0.0000,0.0000,false,0,,wh_main_generic_buff_defence_passive,,false,true,true,0.0000,,,false,0.0000,0.0000,false,0.0000,data/unit_stats/source_exports/db/special_ability_phases_tables/data__.tsv,1075,9.0.1
wh3_dlc25_unit_passive_tears_of_nurgle,20.0000,negative,,false,false,0.0100,0.0000,0.0000,0.0000,0,-1,false,0.0000,0.0000,false,0,,wh3_dlc25_unit_passive_tears_of_nurgle,,false,true,true,0.0000,,wh3_dlc25_unit_passive_tears_of_nurgle,false,0.0000,0.0000,false,0.0000,data/unit_stats/source_exports/db/special_ability_phases_tables/data__.tsv,1076,9.0.1
wh3_dlc25_unit_passive_the_blessing_of_the_father,-1.0000,positive,,false,false,0.0000,0.0000,0.0000,0.0000,0,0,false,0.0000,0.0000,false,0,,wh_main_generic_ward_save_all_passive,,false,true,true,0.0000,,,false,0.0000,0.0000,false,0.0000,data/unit_stats/source_exports/db/special_ability_phases_tables/data__.tsv,1077,9.0.1
wh3_dlc25_unit_passive_unbinding_gyrocopter,50.0000,negative,,false,false,0.0000,0.0000,0.0000,1.0000,0,0,false,0.0000,0.0000,false,0,,wh_main_bound_entity_energy_small,wh2_dlc13_ability_summon_unbinding_generic_small_phase_01,false,true,true,0.0000,,,false,0.0000,0.0000,false,0.0000,data/unit_stats/source_exports/db/special_ability_phases_tables/data__.tsv,1078,9.0.1
wh3_dlc25_unit_passive_unbinding_spirit_of_grungni,150.0000,negative,,false,false,0.0000,0.0000,0.0000,1.0000,0,0,false,0.0000,0.0000,false,0,,,,false,true,true,0.0000,,,false,0.0000,0.0000,false,0.0000,data/unit_stats/source_exports/db/special_ability_phases_tables/data__.tsv,1079,9.0.1
wh3_dlc25_unit_passive_unbinding_spirit_of_grungni_disengage,5.0000,negative,,false,false,0.0000,0.0000,0.0000,1.0000,16000,-1,false,0.0000,0.0000,false,0,,,,false,true,true,0.0000,,,false,0.0000,0.0000,false,0.0000,data/unit_stats/source_exports/db/special_ability_phases_tables/data__.tsv,1080,9.0.1
wh3_dlc25_unit_passive_unbinding_spirit_of_grungni_upgraded,195.0000,negative,,false,false,0.0000,0.0000,0.0000,1.0000,0,0,false,0.0000,0.0000,false,0,,,,false,true,true,0.0000,,,false,0.0000,0.0000,false,0.0000,data/unit_stats/source_exports/db/special_ability_phases_tables/data__.tsv,1081,9.0.1
wh3_dlc25_unit_passive_unbinding_spirit_of_grungni_upgraded_2,240.0000,negative,,false,false,0.0000,0.0000,0.0000,1.0000,0,0,false,0.0000,0.0000,false,0,,,,false,true,true,0.0000,,,false,0.0000,0.0000,false,0.0000,data/unit_stats/source_exports/db/special_ability_phases_tables/data__.tsv,1082,9.0.1
wh3_dlc25_unit_passive_wards_of_grimnir,-1.0000,positive,,false,false,0.0000,0.0000,0.0000,0.0000,0,0,false,0.0000,0.0000,false,0,,wh_main_generic_buff_defence_passive,wh3_dlc25_ability_wards_of_grimnir,false,true,true,0.0000,,,false,0.0000,0.0000,false,0.0000,data/unit_stats/source_exports/db/special_ability_phases_tables/data__.tsv,1083,9.0.1
wh3_dlc25_unit_passive_weapons_of_malice,-1.0000,positive,,false,false,0.0000,0.0000,0.0000,0.0000,0,0,false,0.0000,0.0000,false,0,,wh_main_generic_ward_save_all,,false,true,true,0.0000,,,false,0.0000,0.0000,false,0.0000,data/unit_stats/source_exports/db/special_ability_phases_tables/data__.tsv,1084,9.0.1
wh3_dlc25_weapon_abilities_axes_of_kadrin,21.0000,positive,,false,false,0.0000,0.0000,0.0000,0.0000,0,0,false,0.0000,0.0000,false,0,,wh3_main_abilities_wrathful_reaper,wh3_dlc25_ability_axes_of_kadrin,false,true,true,0.0000,,,false,0.0000,0.0000,false,0.0000,data/unit_stats/source_exports/db/special_ability_phases_tables/data__.tsv,1085,9.0.1
wh3_dlc25_weapon_abilities_liarsbane,28.0000,positive,,false,false,0.0000,0.0000,0.0000,0.0000,0,-1,false,0.0000,0.0000,false,0,,wh_main_generic_buff_attack,wh_ability_positive,false,true,true,0.0000,,,false,0.0000,0.0000,false,0.0000,data/unit_stats/source_exports/db/special_ability_phases_tables/data__.tsv,1086,9.0.1
wh3_dlc25_weapon_abilities_makaissons_persuader,17.0000,positive,,false,false,0.0000,0.0000,0.0000,1.0000,0,-1,false,0.0000,0.0000,false,0,,wh3_dlc25_makaissons_persuader,wh3_dlc25_makaissons_persuader,false,true,true,0.3000,,,false,0.0100,0.0000,false,0.0000,data/unit_stats/source_exports/db/special_ability_phases_tables/data__.tsv,1087,9.0.1
wh3_dlc25_weapon_abilities_sword_of_filth,20.0000,negative,,false,false,0.0000,0.0000,0.0000,0.0000,0,0,false,0.0000,0.0000,false,0,,wh3_dlc25_sword_of_filth,wh3_dlc25_nur_sword_of_filth,false,true,true,0.0000,,wh3_dlc25_weapon_abilities_sword_of_filth,false,0.0000,0.0000,false,0.0000,data/unit_stats/source_exports/db/special_ability_phases_tables/data__.tsv,1088,9.0.1
wh3_dlc25_weapon_abilities_the_black_cleaver,36.0000,positive,,false,false,0.0000,0.0000,0.0000,0.0000,0,0,false,0.0000,0.0000,true,0,,wh3_dlc20_abilities_nurgle_giver_of_glory,wh3_dlc25_ability_black_cleaver,false,true,true,0.0000,,,false,0.0000,0.0000,false,0.0000,data/unit_stats/source_exports/db/special_ability_phases_tables/data__.tsv,1089,9.0.1
wh3_dlc25_weapon_abilities_the_father_of_blades_enemy,33.0000,negative,,false,false,0.0000,0.0000,0.0000,0.0000,0,0,false,0.0000,0.0000,false,0,,wh_main_generic_debuff_attack,wh_ability_positive_one_shot,false,true,true,0.0000,,,false,0.0000,0.0000,false,0.0000,data/unit_stats/source_exports/db/special_ability_phases_tables/data__.tsv,1090,9.0.1
wh3_dlc25_weapon_abilities_the_father_of_blades_self,33.0000,positive,,false,false,0.0000,0.0000,0.0000,0.0000,0,0,false,0.0000,0.0000,false,0,,wh_main_generic_buff_attack_banner,wh3_dlc25_nur_abilities_father_of_blades,false,true,true,0.0000,,,false,0.0000,0.0000,false,0.0000,data/unit_stats/source_exports/db/special_ability_phases_tables/data__.tsv,1091,9.0.1
wh3_dlc25_weapon_passive_the_pale_scythe,-1.0000,positive,,false,false,0.0000,0.0000,0.0000,0.0000,0,-1,false,0.0000,0.0000,false,0,,,wh_ability_positive_one_shot,false,true,true,0.0000,,,false,0.0000,0.0000,false,0.0000,data/unit_stats/source_exports/db/special_ability_phases_tables/data__.tsv,1092,9.0.1
wh3_dlc26_army_abilities_blood_gods_shackles,34.0000,negative,,true,false,0.0000,0.0000,0.0000,0.0000,0,0,false,0.0000,0.0000,false,0,,wh3_pro11_karanak_prey_of_the_blood_god,wh3_dlc26_ability_slayer_sword,false,true,true,0.0000,,,false,0.0000,0.0000,false,0.0000,data/unit_stats/source_exports/db/special_ability_phases_tables/data__.tsv,1093,9.0.1
wh3_dlc26_army_abilities_blood_gods_shackles_upgraded,34.0000,negative,,true,false,0.0000,0.0000,0.0000,0.0000,0,0,false,0.0000,0.0000,false,0,,wh3_pro11_karanak_prey_of_the_blood_god,wh3_dlc26_ability_slayer_sword,false,true,true,0.0000,,,false,0.0000,0.0000,false,0.0000,data/unit_stats/source_exports/db/special_ability_phases_tables/data__.tsv,1094,9.0.1
wh3_dlc26_army_abilities_gorbads_big_waaagh,27.0000,positive,,false,false,0.0000,0.0000,0.0000,0.0000,0,0,false,0.0000,0.0000,false,0,,wh2_dlc10_waaagh,wh_main_character_abilities_waaagh,false,true,true,0.0000,,,false,0.0000,0.0000,false,0.0000,data/unit_stats/source_exports/db/special_ability_phases_tables/data__.tsv,1095,9.0.1
wh3_dlc26_army_abilities_gorbads_waaagh,27.0000,positive,,false,false,0.0000,0.0000,0.0000,0.0000,0,0,false,0.0000,0.0000,false,0,,wh2_dlc10_waaagh,wh_main_character_abilities_waaagh,false,true,true,0.0000,,,false,0.0000,0.0000,false,0.0000,data/unit_stats/source_exports/db/special_ability_phases_tables/data__.tsv,1096,9.0.1
wh3_dlc26_character_abilities_bloody_onslaught,38.0000,negative,,false,false,0.0000,0.0000,0.0000,0.0000,0,0,false,0.0000,0.0000,false,0,,wh_main_generic_debuff_defence_banner,wh_ability_negative_banner,false,true,true,0.0000,,,false,0.0000,0.0000,false,0.0000,data/unit_stats/source_exports/db/special_ability_phases_tables/data__.tsv,1097,9.0.1
wh3_dlc26_character_abilities_cash_cascade,30.0000,positive,,false,false,0.0000,0.0000,0.0000,0.0000,0,-1,false,0.0000,0.0000,false,0,,,wh3_dlc26_ability_cash_cascade,false,true,true,0.0000,,,false,0.0000,0.0000,false,0.0000,data/unit_stats/source_exports/db/special_ability_phases_tables/data__.tsv,1098,9.0.1
wh3_dlc26_character_abilities_crimson_juggernaut,25.0000,positive,,false,false,0.0000,0.0000,0.0000,0.0000,0,0,false,0.0000,0.0000,false,0,,,,false,true,true,0.0000,,,false,0.0000,0.0000,false,0.0000,data/unit_stats/source_exports/db/special_ability_phases_tables/data__.tsv,1099,9.0.1
wh3_dlc26_character_abilities_da_boss_as_a_plan,20.0000,positive,,false,false,0.0000,0.0000,0.0000,0.0000,0,0,false,0.0000,0.0000,false,0,,wh_main_generic_buff_defence,wh_ability_positive,false,true,true,0.0000,,,false,0.0000,0.0000,false,0.0000,data/unit_stats/source_exports/db/special_ability_phases_tables/data__.tsv,1100,9.0.1
wh3_dlc26_character_abilities_empowering_shrooms,35.0000,positive,,false,false,0.0000,0.0000,0.0000,0.0000,0,0,false,0.0000,0.0000,false,0,,wh_main_generic_buff_attack,wh_ability_positive,false,true,false,0.0000,,,false,0.0000,0.0000,false,0.0000,data/unit_stats/source_exports/db/special_ability_phases_tables/data__.tsv,1101,9.0.1
wh3_dlc26_character_abilities_headhunt,31.0000,negative,,false,false,0.0000,0.0000,0.0000,0.0000,0,0,false,0.0000,0.0000,false,0,,wh3_dlc26_ogr_ability_paymaster_headhunt,wh_ability_negative_banner,false,true,true,0.0000,,,false,0.0000,0.0000,false,0.0000,data/unit_stats/source_exports/db/special_ability_phases_tables/data__.tsv,1102,9.0.1
wh3_dlc26_character_abilities_inevitable_horror,33.0000,negative,,false,false,0.0100,0.0000,0.0000,0.0000,0,0,false,0.0000,0.0000,false,0,,wh_main_generic_debuff_morale,wh_ability_negative,false,true,true,0.0000,,,false,0.0000,0.0000,false,0.0000,data/unit_stats/source_exports/db/special_ability_phases_tables/data__.tsv,1103,9.0.1
wh3_dlc26_character_abilities_mumbo_jumbo_chant_allies,30.0000,positive,,false,false,0.0000,0.0000,0.0000,0.0000,0,0,false,0.0000,0.0000,false,0,,wh_main_generic_buff_morale_attack_passive,wh_ability_positive,false,true,true,0.0000,,,false,0.0000,0.0000,false,0.0000,data/unit_stats/source_exports/db/special_ability_phases_tables/data__.tsv,1104,9.0.1
wh3_dlc26_character_abilities_mumbo_jumbo_chant_self,30.0000,positive,,true,false,0.0000,0.0000,0.0000,0.0000,0,0,false,0.0000,0.0000,false,0,,,,false,true,true,0.0000,,,false,0.0000,0.0000,false,0.0000,data/unit_stats/source_exports/db/special_ability_phases_tables/data__.tsv,1105,9.0.1
wh3_dlc26_character_abilities_orcs_are_da_best,27.0000,positive,,false,false,0.0000,0.0000,0.0000,0.0000,0,0,false,0.0000,0.0000,false,0,,wh_main_generic_buff_attack,,false,true,true,0.0000,,,false,0.0000,0.0000,false,0.0000,data/unit_stats/source_exports/db/special_ability_phases_tables/data__.tsv,1106,9.0.1
wh3_dlc26_character_abilities_puncture,38.0000,positive,,false,false,0.0000,0.0000,0.0000,0.0000,0,0,false,0.0000,0.0000,false,0,wh_dlc06_unit_contact_sundered_armour,wh_main_generic_buff_attack_banner,,false,true,true,0.0000,,,false,0.0000,0.0000,false,0.0000,data/unit_stats/source_exports/db/special_ability_phases_tables/data__.tsv,1107,9.0.1
wh3_dlc26_character_abilities_spider_web_attack,18.0000,negative,,true,false,0.0000,0.0000,0.0000,0.0000,0,0,false,0.0000,0.0000,false,0,,wh2_dlc11_ability_spearfishers_net,wh3_dlc26_unit_abilities_web_attack,false,false,true,0.0000,,,false,0.0000,0.0000,false,0.0000,data/unit_stats/source_exports/db/special_ability_phases_tables/data__.tsv,1108,9.0.1
wh3_dlc26_character_abilities_sting_of_snagla,30.0000,negative,,false,false,0.0000,0.0000,0.0000,0.0000,0,0,false,0.0000,0.0000,false,0,,wh_main_generic_debuff_defence,wh_ability_negative,false,false,true,0.0000,,,false,0.0000,0.0000,false,0.0000,data/unit_stats/source_exports/db/special_ability_phases_tables/data__.tsv,1109,9.0.1
wh3_dlc26_character_abilities_were_you_goin,25.0000,positive,,false,false,0.0000,0.0000,0.0000,0.0000,0,0,false,0.0000,0.0000,false,0,,wh_main_generic_buff_defence,wh_ability_positive_banner,false,true,false,0.0000,,,false,0.0000,0.0000,false,0.0000,data/unit_stats/source_exports/db/special_ability_phases_tables/data__.tsv,1110,9.0.1
wh3_dlc26_character_passive_belly_stance,-1.0000,positive,,false,false,0.0000,0.0000,0.0000,0.0000,0,0,false,0.0000,0.0000,false,0,,wh_main_generic_buff_defence,,false,true,true,0.0000,,,false,0.0000,0.0000,false,0.0000,data/unit_stats/source_exports/db/special_ability_phases_tables/data__.tsv,1111,9.0.1
wh3_dlc26_character_passive_blood_thirst,-1.0000,neutral,,false,false,0.0000,0.0000,0.0000,0.0000,0,0,false,0.0000,0.0000,false,0,,wh_main_generic_ward_save_all,,false,true,true,0.0000,,,false,0.0000,0.0000,false,0.0000,data/unit_stats/source_exports/db/special_ability_phases_tables/data__.tsv,1112,9.0.1
wh3_dlc26_character_passive_bloodborn,1.0000,positive,,false,false,0.0000,0.0000,0.0000,1.0000,0,0,false,0.0000,0.0000,false,0,,wh2_main_unit_passive_rebirth,,false,true,true,0.0000,,,false,0.2000,0.0000,false,0.0000,data/unit_stats/source_exports/db/special_ability_phases_tables/data__.tsv,1113,9.0.1
wh3_dlc26_character_passive_cheerleaderz,-1.0000,positive,,false,false,0.0000,0.0000,0.0000,0.0000,0,-1,false,0.0000,0.0000,false,0,,wh_main_generic_buff_attack_passive,,false,true,true,0.0000,,,false,0.0000,0.0000,false,0.0000,data/unit_stats/source_exports/db/special_ability_phases_tables/data__.tsv,1114,9.0.1
wh3_dlc26_character_passive_cloak_of_skulls,-1.0000,positive,,false,false,0.0000,0.0000,0.0000,0.0000,0,-1,false,0.0000,0.0000,false,0,,wh3_dlc20_abilities_giver_of_furious_glory,wh3_dlc20_ability_giver_of_furious_glory,false,true,true,0.0000,,,false,0.0000,0.0000,false,0.0000,data/unit_stats/source_exports/db/special_ability_phases_tables/data__.tsv,1115,9.0.1
wh3_dlc26_character_passive_cloak_of_skulls_ii,-1.0000,positive,,false,false,0.0000,0.0000,0.0000,0.0000,0,-1,false,0.0000,0.0000,false,0,,wh3_dlc20_abilities_giver_of_furious_glory,wh3_dlc20_ability_giver_of_furious_glory,false,true,true,0.0000,,,false,0.0000,0.0000,false,0.0000,data/unit_stats/source_exports/db/special_ability_phases_tables/data__.tsv,1116,9.0.1
wh3_dlc26_character_passive_cloak_of_skulls_iii,-1.0000,positive,,false,false,0.0000,0.0000,0.0000,0.0000,0,-1,false,0.0000,0.0000,false,0,,wh3_dlc20_abilities_giver_of_furious_glory,wh3_dlc20_ability_giver_of_furious_glory,false,true,true,0.0000,,,false,0.0000,0.0000,false,0.0000,data/unit_stats/source_exports/db/special_ability_phases_tables/data__.tsv,1117,9.0.1
wh3_dlc26_character_passive_da_great_leader,-1.0000,positive,,false,false,0.0000,0.0000,0.0000,0.0000,0,-1,false,0.0000,0.0000,false,0,,wh_main_generic_buff_defence_attack_passive,,false,true,false,0.0000,,,false,0.0000,0.0000,false,0.0000,data/unit_stats/source_exports/db/special_ability_phases_tables/data__.tsv,1118,9.0.1
wh3_dlc26_character_passive_da_master_planner,-1.0000,positive,,false,false,0.0000,0.0000,0.0000,0.0000,0,0,false,0.0000,0.0000,false,0,,,,false,true,true,0.0000,,,false,0.0000,0.0000,false,0.0000,data/unit_stats/source_exports/db/special_ability_phases_tables/data__.tsv,1119,9.0.1
wh3_dlc26_character_passive_dreaded_aura,-1.0000,negative,,false,false,0.0000,0.0000,0.0000,0.0000,0,0,false,0.0000,0.0000,false,0,,wh_main_generic_debuff_morale_passive,,false,true,true,0.0000,,,false,0.0000,0.0000,false,0.0000,data/unit_stats/source_exports/db/special_ability_phases_tables/data__.tsv,1120,9.0.1
wh3_dlc26_character_passive_forboding_executioner,2.0000,negative,,false,false,0.0000,0.0000,0.0000,1.0000,732,1,false,0.0000,0.0000,false,0,,,,false,true,true,0.0000,,,false,0.0000,0.0000,false,0.3000,data/unit_stats/source_exports/db/special_ability_phases_tables/data__.tsv,1121,9.0.1
wh3_dlc26_character_passive_goin_commando,-1.0000,positive,,false,false,0.0000,0.0000,0.0000,0.0000,0,0,false,0.0000,0.0000,false,0,,,,false,true,true,0.0000,,,false,0.0000,0.0000,false,0.0000,data/unit_stats/source_exports/db/special_ability_phases_tables/data__.tsv,1122,9.0.1
wh3_dlc26_character_passive_gold_glorious_gold,-1.0000,positive,,false,false,0.0000,0.0000,0.0000,0.0000,0,-1,false,0.0000,0.0000,false,0,,,,false,true,true,0.0000,,,false,0.0000,0.0000,false,0.0000,data/unit_stats/source_exports/db/special_ability_phases_tables/data__.tsv,1123,9.0.1
wh3_dlc26_character_passive_lead_da_charge,-1.0000,positive,,false,false,0.0000,0.0000,0.0000,0.0000,0,0,false,0.0000,0.0000,false,0,,wh_main_generic_buff_attack_passive,,false,true,true,0.0000,,,false,0.0000,0.0000,false,0.0000,data/unit_stats/source_exports/db/special_ability_phases_tables/data__.tsv,1124,9.0.1
wh3_dlc26_character_passive_shot_in_the_dark,-1.0000,positive,,false,false,0.0000,0.0000,0.0000,0.0000,0,0,false,0.0000,0.0000,false,0,,wh_main_generic_buff_attack_passive,,false,true,true,0.0000,,,false,0.0000,0.0000,false,0.0000,data/unit_stats/source_exports/db/special_ability_phases_tables/data__.tsv,1125,9.0.1
wh3_dlc26_character_passive_skaramors_butchers,-1.0000,positive,,false,false,0.0000,0.0000,0.0000,0.0000,0,0,false,0.0000,0.0000,false,0,wh2_dlc12_unit_contact_sundered_armour,wh_main_generic_buff_defence,,false,true,true,0.0000,,,false,0.0000,0.0000,false,0.0000,data/unit_stats/source_exports/db/special_ability_phases_tables/data__.tsv,1126,9.0.1
wh3_dlc26_character_passive_warpaint,-1.0000,positive,,false,false,0.0000,0.0000,0.0000,0.0000,0,0,false,0.0000,0.0000,false,0,,,,false,true,true,0.0000,,,false,0.0000,0.0000,false,0.0000,data/unit_stats/source_exports/db/special_ability_phases_tables/data__.tsv,1127,9.0.1
wh3_dlc26_contact_cohesion_shattered,20.0000,negative,,false,false,0.0000,0.0000,0.0000,0.0000,0,0,false,0.0000,0.0000,false,0,,,,false,false,true,0.0000,,,false,0.0000,0.0000,false,0.0000,data/unit_stats/source_exports/db/special_ability_phases_tables/data__.tsv,1128,9.0.1
wh3_dlc26_contact_phase_inevitable_end,10.0000,negative,,false,false,0.0000,0.0000,0.0000,0.0000,0,0,false,0.0000,0.0000,false,0,,wh3_dlc24_dark_blood,wh_ability_negative_one_shot,false,false,true,0.0000,,,false,0.0000,0.0000,false,0.0000,data/unit_stats/source_exports/db/special_ability_phases_tables/data__.tsv,1129,9.0.1
wh3_dlc26_hero_abilities_dinner_bell,55.0000,positive,,false,false,0.0000,0.0000,-35.0000,0.0000,0,0,false,0.0000,0.0000,false,0,,wh_main_generic_buff_attack,wh_ability_positive,false,true,true,0.0000,,,false,0.0000,0.0000,false,0.0000,data/unit_stats/source_exports/db/special_ability_phases_tables/data__.tsv,1130,9.0.1
wh3_dlc26_hero_abilities_ruthless_cruelty,20.0000,negative,,false,false,0.0000,0.0000,0.0000,0.0000,0,-1,false,0.0000,0.0000,false,0,,,,false,true,true,0.0000,,,false,0.0000,0.0000,false,0.0000,data/unit_stats/source_exports/db/special_ability_phases_tables/data__.tsv,1131,9.0.1
wh3_dlc26_hero_passive_simmering_fury,-1.0000,positive,,false,false,0.0000,0.0000,0.0000,0.0000,0,-1,false,0.0000,0.0000,false,0,,,,false,true,true,0.0000,,,false,0.0000,0.0000,false,0.0000,data/unit_stats/source_exports/db/special_ability_phases_tables/data__.tsv,1132,9.0.1
wh3_dlc26_item_abilities_bugmans_xxxxxx,18.0000,positive,,false,false,-0.0100,0.0000,0.0000,1.0000,0,0,false,0.0000,0.0000,false,0,,wh3_dlc26_ogr_bugsmans_ability_heal,wh3_dlc26_ability_buggmans_xxxxxx,false,true,true,0.0000,,,false,0.0170,0.0000,false,0.0000,data/unit_stats/source_exports/db/special_ability_phases_tables/data__.tsv,1133,9.0.1
wh3_dlc26_item_passive_brass_collar_of_khorne,-1.0000,positive,,false,false,0.0000,0.0000,0.0000,0.0000,0,0,false,0.0000,0.0000,false,0,,wh3_dlc20_abilities_giver_of_furious_glory,wh3_dlc20_ability_giver_of_furious_glory,false,true,true,0.0000,,,false,0.0000,0.0000,false,0.0000,data/unit_stats/source_exports/db/special_ability_phases_tables/data__.tsv,1134,9.0.1
wh3_dlc26_lord_abilities_blood_sacrifice_ally,10.0000,positive,,false,false,0.0000,0.0000,0.0000,1.0000,0,0,false,0.0000,0.0000,false,0,,wh_main_generic_hp_regen,wh_ability_positive_banner,false,true,true,0.0000,,,false,0.0100,0.0000,false,0.0000,data/unit_stats/source_exports/db/special_ability_phases_tables/data__.tsv,1135,9.0.1
wh3_dlc26_lord_abilities_blood_sacrifice_self,10.0000,negative,,false,false,0.0000,0.0000,0.0000,1.0000,144,1,false,0.0000,0.0000,false,0,,wh_main_generic_hp_damage_passive,wh_ability_negative_one_shot,false,true,true,0.0000,,,false,0.0000,0.0000,false,0.0000,data/unit_stats/source_exports/db/special_ability_phases_tables/data__.tsv,1136,9.0.1
wh3_dlc26_lord_abilities_eye_of_khorne,10.0000,negative,,false,false,0.0000,0.0000,0.0000,1.0000,2660,100,false,0.0000,0.0000,false,0,,wh_dlc03_spell_beast_flock_of_doom,,false,true,true,0.0000,,,false,0.0000,0.0000,false,0.0000,data/unit_stats/source_exports/db/special_ability_phases_tables/data__.tsv,1137,9.0.1
wh3_dlc26_lord_abilities_feasting_frenzy,27.0000,positive,,false,false,0.0000,0.0000,0.0000,0.0000,0,0,false,0.0000,0.0000,false,0,,wh3_main_spell_great_maw_bullgorger,wh3_main_spell_great_maw_bullgorger,false,true,true,0.0000,,,false,0.0000,0.0000,false,0.0000,data/unit_stats/source_exports/db/special_ability_phases_tables/data__.tsv,1138,9.0.1
wh3_dlc26_lord_abilities_gaze_of_khorne,2.0000,negative,,true,false,0.0000,0.0000,0.0000,0.0000,0,-1,false,0.0000,0.0000,false,0,,,,false,true,true,0.0000,,,false,0.0000,0.0000,false,0.0000,data/unit_stats/source_exports/db/special_ability_phases_tables/data__.tsv,1139,9.0.1
wh3_dlc26_lord_abilities_guru_of_war_guard,-1.0000,positive,,false,false,0.0000,0.0000,0.0000,0.0000,0,0,false,0.0000,0.0000,false,0,,,,false,true,false,0.0000,,,false,0.0000,0.0000,false,0.0000,data/unit_stats/source_exports/db/special_ability_phases_tables/data__.tsv,1140,9.0.1
wh3_dlc26_lord_abilities_guru_of_war_strike,-1.0000,positive,,false,false,0.0000,0.0000,0.0000,0.0000,0,0,false,0.0000,0.0000,false,0,,,,false,true,false,0.0000,,,false,0.0000,0.0000,false,0.0000,data/unit_stats/source_exports/db/special_ability_phases_tables/data__.tsv,1141,9.0.1
wh3_dlc26_lord_abilities_murderous_exhortations,20.0000,negative,,false,false,0.0000,0.0000,0.0000,1.0000,5,10,false,0.0000,0.0000,false,0,,wh_main_generic_hp_damage_passive,wh_ability_negative_banner,false,true,true,0.0000,,,false,0.0000,0.0000,false,0.0000,data/unit_stats/source_exports/db/special_ability_phases_tables/data__.tsv,1142,9.0.1
wh3_dlc26_lord_abilities_pilgrimage_of_skulls,21.0000,positive,,false,false,-0.0100,0.0000,0.0000,0.0000,0,-1,false,0.0000,0.0000,false,0,,wh_main_generic_buff_morale,wh_ability_positive,false,true,true,0.0000,,,false,0.0000,0.0000,false,0.0000,data/unit_stats/source_exports/db/special_ability_phases_tables/data__.tsv,1143,9.0.1
wh3_dlc26_lord_abilities_wild_abandon,25.0000,positive,,false,false,0.0000,0.0000,0.0000,0.0000,0,-1,false,0.0000,0.0000,false,0,,wh_main_generic_buff_attack,wh_ability_positive,false,true,true,0.0000,,,false,0.0000,0.0000,false,0.0000,data/unit_stats/source_exports/db/special_ability_phases_tables/data__.tsv,1144,9.0.1
wh3_dlc26_lord_passive_battlefield_secrets,-1.0000,positive,,false,false,0.0000,0.0000,0.0000,0.0000,0,0,false,0.0000,0.0000,false,0,,,,false,true,false,0.0000,,,false,0.0000,0.0000,false,0.0000,data/unit_stats/source_exports/db/special_ability_phases_tables/data__.tsv,1145,9.0.1
wh3_dlc26_lord_passive_been_there_done_that,-1.0000,negative,,false,false,0.0000,0.0000,0.0000,0.0000,0,-1,false,0.0000,0.0000,false,0,,wh_main_generic_debuff_defence_passive,,false,true,true,0.0000,,,false,0.0000,0.0000,false,0.0000,data/unit_stats/source_exports/db/special_ability_phases_tables/data__.tsv,1146,9.0.1
wh3_dlc26_lord_passive_bone_to_pot,-1.0000,positive,,false,false,0.0000,0.0000,0.0000,0.0000,0,0,false,1.0000,0.1500,false,0,,wh3_dlc20_abilities_giver_of_arcane_glory,wh3_dlc20_ability_giver_of_arcane_glory,false,true,true,0.0000,,,false,0.0000,0.0000,false,0.0000,data/unit_stats/source_exports/db/special_ability_phases_tables/data__.tsv,1147,9.0.1
wh3_dlc26_lord_passive_desert_tigress,33.0000,positive,,false,false,0.0000,0.0000,0.0000,0.0000,0,0,false,0.0000,0.0000,false,0,,,,false,true,true,0.0000,,,false,0.0000,0.0000,false,0.0000,data/unit_stats/source_exports/db/special_ability_phases_tables/data__.tsv,1148,9.0.1
wh3_dlc26_lord_passive_gruesome_display,-1.0000,negative,,false,false,0.0000,0.0000,0.0000,0.0000,0,-1,false,0.0000,0.0000,false,0,,wh_main_generic_debuff_defence_passive,,false,true,true,0.0000,,,false,0.0000,0.0000,false,0.0000,data/unit_stats/source_exports/db/special_ability_phases_tables/data__.tsv,1149,9.0.1
wh3_dlc26_lord_passive_thirst_for_challenge,-1.0000,positive,,false,false,0.0000,0.0000,0.0000,0.0000,0,0,false,0.0000,0.0000,false,0,,wh_main_generic_buff_attack_passive,,false,true,true,0.0000,,,false,0.0000,0.0000,false,0.0000,data/unit_stats/source_exports/db/special_ability_phases_tables/data__.tsv,1150,9.0.1
wh3_dlc26_unit_abilities_acid_vomit_audio,14.0000,neutral,,false,false,0.0000,0.0000,0.0000,0.0000,0,-1,false,0.0000,0.0000,false,0,,wh_main_generic_crumble_II,,true,true,true,0.0000,,,false,0.0000,0.0000,false,0.0000,data/unit_stats/source_exports/db/special_ability_phases_tables/data__.tsv,1151,9.0.1
wh3_dlc26_unit_abilities_acid_vomit_debuff,10.0000,negative,,false,false,0.0000,0.0000,0.0000,0.0000,0,0,false,0.0000,0.0000,false,0,,wh_main_generic_debuff_morale,,false,false,true,0.0000,,,false,0.0000,0.0000,false,0.0000,data/unit_stats/source_exports/db/special_ability_phases_tables/data__.tsv,1152,9.0.1
wh3_dlc26_unit_abilities_blow_apart,1.1000,negative,,false,false,0.0000,0.0000,0.0000,0.2000,26600,1,false,0.0000,0.0000,false,0,,wh_main_generic_crumble_II,wh2_dlc11_gaseous_demise,false,true,true,0.0000,,,false,0.0000,0.0000,false,0.0000,data/unit_stats/source_exports/db/special_ability_phases_tables/data__.tsv,1153,9.0.1
wh3_dlc26_unit_abilities_eat_da_runts_ally,10.0000,negative,,false,false,0.0000,0.0000,0.0000,1.0000,144,1,false,0.0000,0.0000,false,0,,wh_main_generic_hp_damage_passive,wh_ability_negative_one_shot,false,true,true,0.0000,,,false,0.0000,0.0000,false,0.0000,data/unit_stats/source_exports/db/special_ability_phases_tables/data__.tsv,1154,9.0.1
wh3_dlc26_unit_abilities_eat_da_runts_self,10.0000,positive,,false,false,-0.0150,0.0000,0.0000,1.0000,0,0,false,0.0000,0.0000,false,0,,wh_main_generic_hp_regen,wh_ability_positive_banner,false,true,true,0.0000,,,false,0.0150,0.0000,false,0.0000,data/unit_stats/source_exports/db/special_ability_phases_tables/data__.tsv,1155,9.0.1
wh3_dlc26_unit_abilities_force_of_total_destruction,1.1000,negative,,false,false,0.0000,0.0000,0.0000,0.2000,26600,1,false,0.0000,0.0000,false,0,,wh_main_generic_crumble_II,wh2_dlc11_gaseous_demise,false,true,true,0.0000,,,false,0.0000,0.0000,false,0.0000,data/unit_stats/source_exports/db/special_ability_phases_tables/data__.tsv,1156,9.0.1
wh3_dlc26_unit_abilities_immovable_bulwark,-1.0000,positive,,false,false,0.0000,0.0000,0.0000,0.0000,0,0,false,0.0000,0.0000,false,0,,,wh_ability_positive_one_shot,false,true,true,0.0000,,,false,0.0000,0.0000,false,0.0000,data/unit_stats/source_exports/db/special_ability_phases_tables/data__.tsv,1157,9.0.1
wh3_dlc26_unit_abilities_maneater_smoke_bomb,24.0000,positive,,false,false,0.0000,0.0000,0.0000,0.0000,0,0,false,0.0000,0.0000,false,0,,,,false,true,true,0.0000,,,false,0.0000,0.0000,false,0.0000,data/unit_stats/source_exports/db/special_ability_phases_tables/data__.tsv,1158,9.0.1
wh3_dlc26_unit_abilities_marked_for_eatin,29.0000,negative,,false,false,0.0000,0.0000,0.0000,0.0000,0,0,false,0.0000,0.0000,false,0,,wh_main_generic_debuff_defence,wh_ability_negative,false,true,true,0.0000,,,false,0.0000,0.0000,false,0.0000,data/unit_stats/source_exports/db/special_ability_phases_tables/data__.tsv,1159,9.0.1
wh3_dlc26_unit_abilities_net_dem_up,18.0000,negative,,true,false,0.0000,0.0000,0.0000,0.0000,0,0,false,0.0000,0.0000,false,0,,wh2_dlc11_ability_spearfishers_net,wh3_dlc26_unit_abilities_net_dem_up,false,true,true,0.0000,,,false,0.0000,0.0000,false,0.0000,data/unit_stats/source_exports/db/special_ability_phases_tables/data__.tsv,1160,9.0.1
wh3_dlc26_unit_abilities_splode_da_big_one_buffer,6.8000,negative,rebirth,true,false,0.0000,0.0000,0.0000,0.0000,0,0,false,0.0000,0.0000,false,0,,,wh2_dlc11_gaseous_demise,false,true,true,0.0000,,,false,0.0000,0.0000,false,0.0000,data/unit_stats/source_exports/db/special_ability_phases_tables/data__.tsv,1161,9.0.1
wh3_dlc26_unit_abilities_splode_da_big_one_death,0.2000,negative,,false,false,0.0000,0.0000,0.0000,0.2000,26600,1,false,0.0000,0.0000,false,0,,,,false,true,true,0.0000,,,false,0.0000,0.0000,false,0.0000,data/unit_stats/source_exports/db/special_ability_phases_tables/data__.tsv,1162,9.0.1
wh3_dlc26_unit_abilities_unstoppable_choppas,-1.0000,positive,,false,false,0.0000,0.0000,0.0000,0.0000,0,0,false,0.0000,0.0000,false,0,,,wh_ability_positive_one_shot,false,true,true,0.0000,,,false,0.0000,0.0000,false,0.0000,data/unit_stats/source_exports/db/special_ability_phases_tables/data__.tsv,1163,9.0.1
wh3_dlc26_unit_contact_disemboweled,10.0000,negative,,false,false,0.0000,0.0000,0.0000,2.0000,44,1,false,0.0000,0.0000,false,0,,wh3_dlc24_dark_blood,wh_ability_negative_one_shot,false,false,true,0.0000,,,false,0.0000,0.0000,false,0.0000,data/unit_stats/source_exports/db/special_ability_phases_tables/data__.tsv,1164,9.0.1
wh3_dlc26_unit_contact_sticky_webs,10.0000,negative,,false,false,0.0100,0.0000,0.0000,0.0000,0,0,false,0.0000,0.0000,false,0,,,,false,true,true,0.0000,,,false,0.0000,0.0000,false,0.0000,data/unit_stats/source_exports/db/special_ability_phases_tables/data__.tsv,1165,9.0.1
wh3_dlc26_unit_contact_stinkee_arrer,10.0000,negative,,false,false,0.0000,0.0000,0.0000,2.0000,4,4,false,0.0000,0.0000,false,0,,,,false,true,true,0.0000,,,false,0.0000,0.0000,false,0.0000,data/unit_stats/source_exports/db/special_ability_phases_tables/data__.tsv,1166,9.0.1
wh3_dlc26_unit_passive_arrer_catchers_allies,15.0000,positive,,false,false,0.0000,0.0000,0.0000,0.0000,0,0,false,0.0000,0.0000,false,0,,,,false,true,true,0.1000,,,false,0.0000,0.0000,false,0.0000,data/unit_stats/source_exports/db/special_ability_phases_tables/data__.tsv,1167,9.0.1
wh3_dlc26_unit_passive_arrer_catchers_self,-1.0000,positive,,false,false,0.0000,0.0000,0.0000,0.0000,0,0,false,0.0000,0.0000,false,0,,wh_main_generic_buff_defence_passive,,false,true,true,0.0000,,,false,0.0000,0.0000,false,0.0000,data/unit_stats/source_exports/db/special_ability_phases_tables/data__.tsv,1168,9.0.1
wh3_dlc26_unit_passive_aura_of_frost,-1.0000,negative,,false,false,0.0000,0.0000,0.0000,0.0000,0,0,false,0.0000,0.0000,false,0,,wh_dlc08_chill_cloud,,false,true,true,0.0000,,,false,0.0000,0.0000,false,0.0000,data/unit_stats/source_exports/db/special_ability_phases_tables/data__.tsv,1169,9.0.1
wh3_dlc26_unit_passive_big_banner_boyz,-1.0000,positive,,false,false,0.0000,0.0000,0.0000,0.0000,0,0,false,0.0000,0.0000,false,0,,,,false,true,true,0.0000,,,false,0.0000,0.0000,false,0.0000,data/unit_stats/source_exports/db/special_ability_phases_tables/data__.tsv,1170,9.0.1
wh3_dlc26_unit_passive_blockerz,-1.0000,positive,,false,false,0.0000,0.0000,0.0000,0.0000,0,0,false,0.0000,0.0000,false,0,,wh_main_generic_buff_defence_passive,,false,true,true,0.0000,,,false,0.0000,0.0000,false,0.0000,data/unit_stats/source_exports/db/special_ability_phases_tables/data__.tsv,1171,9.0.1
wh3_dlc26_unit_passive_broodmothers,-1.0000,negative,,false,false,0.0000,0.0000,0.0000,1.0000,8,4,false,0.0000,0.0000,false,0,,wh_main_generic_hp_damage_passive,,false,true,true,0.0000,,,false,0.0000,0.0000,false,0.0000,data/unit_stats/source_exports/db/special_ability_phases_tables/data__.tsv,1172,9.0.1
wh3_dlc26_unit_passive_carrion_frenzy,-1.0000,positive,,false,false,0.0000,0.0000,0.0000,0.0000,0,-1,false,0.0000,0.0000,false,0,,wh_main_generic_buff_attack,,false,true,true,0.0000,,,false,0.0000,0.0000,false,0.0000,data/unit_stats/source_exports/db/special_ability_phases_tables/data__.tsv,1173,9.0.1
wh3_dlc26_unit_passive_da_alpha_ammer,-1.0000,positive,,false,false,0.0000,0.0000,0.0000,0.0000,0,0,false,0.0000,0.0000,false,0,,wh_main_generic_buff_attack_passive,,false,true,true,0.0000,,,false,0.0000,0.0000,false,0.0000,data/unit_stats/source_exports/db/special_ability_phases_tables/data__.tsv,1174,9.0.1
wh3_dlc26_unit_passive_earthquake,-1.0000,negative,,false,false,0.0000,0.0000,0.0000,0.0000,0,0,false,0.0000,0.0000,false,0,,wh_main_generic_debuff_attack_passive,,false,true,true,0.0000,,,false,0.0000,0.0000,false,0.0000,data/unit_stats/source_exports/db/special_ability_phases_tables/data__.tsv,1175,9.0.1
wh3_dlc26_unit_passive_erd_mentality,-1.0000,positive,,false,false,0.0000,0.0000,0.0000,0.0000,0,0,false,0.0000,0.0000,false,0,,wh_main_generic_buff_attack_passive,,false,true,true,0.0000,,,false,0.0000,0.0000,false,0.0000,data/unit_stats/source_exports/db/special_ability_phases_tables/data__.tsv,1176,9.0.1
wh3_dlc26_unit_passive_fury_of_the_skullthrone,22.0000,positive,,false,false,0.0000,0.0000,0.0000,0.0000,0,0,false,0.0000,0.0000,false,0,,wh3_main_daemon_arms_abilities_for_the_slaughter_1,,false,true,true,0.0000,,,false,0.0000,0.0000,false,0.0000,data/unit_stats/source_exports/db/special_ability_phases_tables/data__.tsv,1177,9.0.1
wh3_dlc26_unit_passive_gorbads_boyz,-1.0000,positive,,false,false,0.0000,0.0000,0.0000,0.0000,0,0,false,0.0000,0.0000,false,0,,wh_main_generic_buff_attack_passive,,false,true,true,0.0000,,,false,0.0000,0.0000,false,0.0000,data/unit_stats/source_exports/db/special_ability_phases_tables/data__.tsv,1178,9.0.1
wh3_dlc26_unit_passive_grey_supremacy,-1.0000,positive,,false,false,0.0000,0.0000,0.0000,0.0000,0,-1,false,0.0000,0.0000,false,0,,wh_main_generic_buff_defence_attack_passive,,false,true,true,0.0000,,,false,0.0000,0.0000,false,0.0000,data/unit_stats/source_exports/db/special_ability_phases_tables/data__.tsv,1179,9.0.1
wh3_dlc26_unit_passive_hellraiser,6.0000,positive,,false,false,0.0000,0.0000,0.0000,0.0000,0,-1,false,0.0000,0.0000,false,0,,,wh3_dlc26_unit_passive_hellraiser,false,true,true,0.0000,,,false,0.0000,0.0000,false,0.0000,data/unit_stats/source_exports/db/special_ability_phases_tables/data__.tsv,1180,9.0.1
wh3_dlc26_unit_passive_keep_bossin,-1.0000,positive,,false,false,0.0000,0.0000,0.0000,0.0000,0,0,false,0.0000,0.0000,false,0,,wh_main_generic_buff_attack_passive,,false,true,true,0.0000,,,false,0.0000,0.0000,false,0.0000,data/unit_stats/source_exports/db/special_ability_phases_tables/data__.tsv,1181,9.0.1
wh3_dlc26_unit_passive_keep_em_ungry,70.0000,positive,,false,false,0.0000,0.0000,0.0000,0.0000,0,0,false,0.0000,0.0000,false,0,,wh_main_generic_buff_attack,,false,true,true,0.0000,,,false,0.0000,0.0000,false,0.0000,data/unit_stats/source_exports/db/special_ability_phases_tables/data__.tsv,1182,9.0.1
wh3_dlc26_unit_passive_load_yerself,-1.0000,positive,,false,false,0.0000,0.0000,0.0000,0.0000,0,0,false,0.0000,0.0000,false,0,,wh_main_generic_buff_attack_passive,,false,true,true,0.0000,,,false,0.0000,0.0000,false,0.0000,data/unit_stats/source_exports/db/special_ability_phases_tables/data__.tsv,1183,9.0.1
wh3_dlc26_unit_passive_overwhelming_odour_upgrading,-1.0000,negative,,false,false,0.0000,0.0000,0.0000,0.0000,0,0,false,0.0000,0.0000,false,0,,wh_main_generic_debuff_attack_passive,,false,true,true,0.0000,,,false,0.0000,0.0000,false,0.0000,data/unit_stats/source_exports/db/special_ability_phases_tables/data__.tsv,1184,9.0.1
wh3_dlc26_unit_passive_piggy_back_joust,-1.0000,positive,,false,false,0.0000,0.0000,0.0000,0.0000,0,-1,false,0.0000,0.0000,false,0,wh3_main_unit_contact_disorientated,,,false,true,true,0.0000,,,false,0.0000,0.0000,false,0.0000,data/unit_stats/source_exports/db/special_ability_phases_tables/data__.tsv,1185,9.0.1
wh3_dlc26_unit_passive_runes_of_binding,-1.0000,positive,,false,false,0.0000,0.0000,0.0000,0.0000,0,-1,false,0.0000,0.0000,true,0,,,,false,true,true,0.0000,,,false,0.0000,0.0000,false,0.0000,data/unit_stats/source_exports/db/special_ability_phases_tables/data__.tsv,1186,9.0.1
wh3_dlc26_unit_passive_shoot_da_runts,-1.0000,positive,,false,false,0.0000,0.0000,0.0000,0.0000,0,0,false,0.0000,0.0000,false,0,,wh_main_generic_buff_attack_passive,,false,true,true,0.0000,,,false,0.0000,0.0000,false,0.0000,data/unit_stats/source_exports/db/special_ability_phases_tables/data__.tsv,1187,9.0.1
wh3_dlc26_unit_passive_smasherz,-1.0000,positive,,false,false,0.0000,0.0000,0.0000,0.0000,0,0,false,0.0000,0.0000,false,0,,wh_main_generic_buff_attack_passive,,false,true,true,0.0000,,,false,0.0000,0.0000,false,0.0000,data/unit_stats/source_exports/db/special_ability_phases_tables/data__.tsv,1188,9.0.1
wh3_dlc26_unit_passive_stick_em_like_pigs,-1.0000,positive,,false,false,0.0000,0.0000,0.0000,0.0000,0,0,false,0.0000,0.0000,false,0,,wh_main_generic_buff_defence_attack_passive,,false,true,true,0.0000,,,false,0.0000,0.0000,false,0.0000,data/unit_stats/source_exports/db/special_ability_phases_tables/data__.tsv,1189,9.0.1
wh3_dlc26_unit_passive_surprise_savagery,-1.0000,positive,,false,false,0.0000,0.0000,0.0000,0.0000,0,0,false,0.0000,0.0000,false,0,,wh2_main_generic_buff_speed_passive,,false,true,true,0.0000,,,false,0.0000,0.0000,false,0.0000,data/unit_stats/source_exports/db/special_ability_phases_tables/data__.tsv,1190,9.0.1
wh3_dlc26_unit_passive_unbinding_squig_herd,85.0000,negative,,false,false,0.0000,0.0000,0.0000,0.0000,0,0,false,0.0000,0.0000,false,0,,wh_main_bound_entity_energy_small,wh2_dlc13_ability_summon_unbinding_generic_small_phase_01,false,true,true,0.0000,,,false,0.0000,0.0000,false,0.0000,data/unit_stats/source_exports/db/special_ability_phases_tables/data__.tsv,1191,9.0.1
wh3_dlc26_unit_passive_uncanny_coordination,-1.0000,positive,,false,false,0.0000,0.0000,0.0000,0.0000,0,-1,false,0.0000,0.0000,false,0,,,,false,true,true,0.0000,,,false,0.0000,0.0000,false,0.0000,data/unit_stats/source_exports/db/special_ability_phases_tables/data__.tsv,1192,9.0.1
wh3_dlc26_unit_passive_webweavin,-1.0000,negative,,false,false,0.0300,0.0000,0.0000,0.0000,0,0,false,0.0000,0.0000,false,0,,wh_main_generic_debuff_defence,,false,true,true,0.0000,,,false,0.0000,0.0000,false,0.0000,data/unit_stats/source_exports/db/special_ability_phases_tables/data__.tsv,1193,9.0.1
wh3_dlc26_weapon_abilities_bloodstorm_blades,35.0000,positive,,false,false,0.0000,0.0000,0.0000,0.0000,0,-1,false,0.0000,0.0000,false,0,,wh3_dlc26_ability_kho_bloodstorm_blades,wh3_dlc26_ability_bloodstormblades,false,true,true,0.0000,,,false,0.0000,0.0000,false,0.0000,data/unit_stats/source_exports/db/special_ability_phases_tables/data__.tsv,1194,9.0.1
wh3_dlc26_weapon_abilities_fangspike,29.0000,positive,,false,false,0.0000,0.0000,0.0000,0.0000,0,0,false,0.0000,0.0000,false,0,,wh_main_generic_buff_attack_banner,wh_ability_positive_one_shot,false,true,true,0.0000,,,false,0.0000,0.0000,false,0.0000,data/unit_stats/source_exports/db/special_ability_phases_tables/data__.tsv,1195,9.0.1
wh3_dlc26_weapon_abilities_great_gutgouger,22.0000,positive,,false,false,0.0000,0.0000,0.0000,0.0000,0,0,false,0.0000,0.0000,false,0,wh2_dlc11_unit_contact_monstrous_impact,wh_main_generic_buff_attack_banner,wh_ability_positive_one_shot,false,true,true,0.0000,,,false,0.0000,0.0000,false,0.0000,data/unit_stats/source_exports/db/special_ability_phases_tables/data__.tsv,1196,9.0.1
wh3_dlc26_weapon_abilities_morglor_the_mangler,23.0000,positive,,false,false,0.0000,0.0000,0.0000,0.0000,0,0,false,0.0000,0.0000,false,0,,wh_main_generic_buff_attack_banner,wh_ability_positive_one_shot,false,true,true,0.0000,,,false,0.0000,0.0000,false,0.0000,data/unit_stats/source_exports/db/special_ability_phases_tables/data__.tsv,1197,9.0.1
wh3_dlc26_weapon_abilities_the_slayer_sword,22.0000,positive,,false,false,0.0000,0.0000,0.0000,0.0000,0,0,false,0.0000,0.0000,false,0,wh2_dlc16_unit_contact_weakened,wh3_dlc20_abilities_giver_of_furious_glory,wh3_dlc26_ability_slayer_sword,false,true,true,0.0000,,,false,0.0000,0.0000,false,0.0000,data/unit_stats/source_exports/db/special_ability_phases_tables/data__.tsv,1198,9.0.1
wh3_dlc26_weapon_passive_destroyer_of_khorne,-1.0000,positive,,false,false,0.0000,0.0000,0.0000,0.0000,0,0,false,0.0000,0.0000,false,0,,wh3_dlc20_abilities_giver_of_furious_glory,wh3_dlc20_ability_giver_of_furious_glory,false,true,true,0.0000,,,false,0.0000,0.0000,false,0.0000,data/unit_stats/source_exports/db/special_ability_phases_tables/data__.tsv,1199,9.0.1
wh3_dlc27_anc_dechala_gift_adoration,-1.0000,positive,,false,false,0.0000,0.0000,0.0000,0.0000,0,-1,false,0.0000,0.0000,false,0,,,,false,true,true,0.0000,,,false,0.0000,0.0000,false,0.0000,data/unit_stats/source_exports/db/special_ability_phases_tables/data__.tsv,1200,9.0.1
wh3_dlc27_anc_dechala_gift_death,-1.0000,negative,,false,false,0.0000,0.0000,0.0000,0.0000,0,-1,false,0.0000,0.0000,false,0,,,,false,true,true,0.0000,,,false,0.0000,0.0000,false,0.0000,data/unit_stats/source_exports/db/special_ability_phases_tables/data__.tsv,1201,9.0.1
wh3_dlc27_army_abilities_eternal_dance_tempo_3_denial_of_death,24.0000,positive,,false,false,0.0000,0.0000,0.0000,0.0000,0,-1,false,0.0000,0.0000,false,0,,wh3_dlc27_sla_ability_eternal_dance_tempo_3_denial_of_death,wh3_dlc27_army_abilities_eternal_dance_tempo_3_denial_of_death,false,true,true,0.0000,,,false,0.0000,0.0000,false,0.0000,data/unit_stats/source_exports/db/special_ability_phases_tables/data__.tsv,1202,9.0.1
wh3_dlc27_army_abilities_eternal_dance_tempo_3_fate_of_desperation,48.0000,negative,,false,false,0.0000,0.0000,0.0000,0.0000,0,-1,false,0.0000,0.0000,false,0,,wh3_main_spell_slaanesh_phantasmagoria,wh3_main_spell_slaanesh_phantasmagoria,false,true,true,0.0000,,,false,0.0000,0.0000,false,0.0000,data/unit_stats/source_exports/db/special_ability_phases_tables/data__.tsv,1203,9.0.1
wh3_dlc27_army_abilities_eternal_dance_tempo_3_insidious_allure,24.0000,negative,,false,false,0.0000,0.0000,0.0000,1.0000,6,50,false,0.0000,0.0000,false,0,,wh3_main_spell_slaanesh_pavane_of_slaanesh,wh3_dlc27_army_abilities_eternal_dance_tempo_3_insidious_allure,false,true,true,0.0000,,,false,0.0000,0.0000,false,0.0000,data/unit_stats/source_exports/db/special_ability_phases_tables/data__.tsv,1204,9.0.1
wh3_dlc27_army_abilities_eternal_dance_tempo_3_jesters_laughter,48.0000,negative,,false,false,0.0000,0.0000,0.0000,1.0000,6,20,false,0.0000,0.0000,false,0,,wh2_main_spell_ruin_howling_warpgale,wh_main_spell_ruin_howling_warpgale,false,true,true,0.0000,,,false,0.0000,0.0000,false,0.0000,data/unit_stats/source_exports/db/special_ability_phases_tables/data__.tsv,1205,9.0.1
wh3_dlc27_army_abilities_eternal_dance_tempo_3_nectar_of_the_daemonette,36.0000,positive,,false,false,0.0000,0.0000,0.0000,1.0000,0,-1,false,0.0000,0.0000,false,0,,wh3_main_spell_slaanesh_hysterical_frenzy,wh3_main_spell_slaanesh_hysterical_frenzy,false,true,true,0.0000,,,false,0.0150,0.0000,false,0.0000,data/unit_stats/source_exports/db/special_ability_phases_tables/data__.tsv,1206,9.0.1
wh3_dlc27_army_abilities_eternal_dance_tempo_3_needful_caress,36.0000,positive,,false,false,0.0000,0.0000,0.0000,0.0000,0,-1,false,0.0000,0.0000,false,0,,wh_main_generic_buff_defence,wh3_dlc27_army_abilities_eternal_dance_tempo_3_needful_caress,false,true,false,0.0000,,,false,0.0000,0.0000,false,0.0000,data/unit_stats/source_exports/db/special_ability_phases_tables/data__.tsv,1207,9.0.1
wh3_dlc27_army_abilities_eternal_dance_tempo_3_path_of_indulgence,24.0000,positive,,false,false,-0.0100,0.0000,0.0000,1.0000,0,-1,false,0.0000,0.0000,false,0,,wh_main_generic_hp_regen,wh_ability_positive_aoe_army_wide,false,true,false,0.0000,,,false,0.0080,0.0000,false,0.0000,data/unit_stats/source_exports/db/special_ability_phases_tables/data__.tsv,1208,9.0.1
wh3_dlc27_army_abilities_eternal_dance_tempo_3_poisonous_aroma,10.0000,negative,,false,false,0.0000,0.0000,0.0000,1.0000,100,1,false,0.0000,0.0000,false,0,,wh3_main_spell_slaanesh_pavane_of_slaanesh,wh3_dlc27_army_abilities_eternal_dance_tempo_3_poisonous_aroma,false,false,true,0.0000,,wh3_dlc27_army_abilities_eternal_dance_tempo_3_poisonous_aroma,false,0.0000,0.0000,false,0.2000,data/unit_stats/source_exports/db/special_ability_phases_tables/data__.tsv,1209,9.0.1
wh3_dlc27_army_abilities_eternal_dance_tempo_3_revelry_and_madness,48.0000,positive,,false,false,0.0000,0.0000,0.0000,0.0000,0,0,false,0.0000,0.0000,false,0,wh2_dlc14_contact_maddening,wh_main_generic_buff_attack,wh_ability_positive_aoe_army_wide,false,true,true,0.0000,,,false,0.0000,0.0000,false,0.0000,data/unit_stats/source_exports/db/special_ability_phases_tables/data__.tsv,1210,9.0.1
wh3_dlc27_army_abilities_eternal_dance_tempo_3_streams_of_euphoria,48.0000,positive,,false,false,0.0000,0.0000,0.0000,0.0000,0,0,false,0.0000,0.0000,false,0,wh3_dlc20_contact_effect_euphoria,wh_main_generic_buff_attack,wh_ability_positive,false,true,true,0.0000,,,false,0.0000,0.0000,false,0.0000,data/unit_stats/source_exports/db/special_ability_phases_tables/data__.tsv,1211,9.0.1
wh3_dlc27_army_abilities_eternal_dance_tempo_3_submission_to_the_prince,36.0000,negative,,true,false,0.0000,0.0000,0.0000,0.0000,0,-1,false,0.0000,0.0000,false,0,,wh3_main_spell_slaanesh_acquiescence,wh3_dlc27_army_abilities_eternal_dance_tempo_3_submission_to_the_prince,false,false,true,0.0000,,,false,0.0000,0.0000,false,0.0000,data/unit_stats/source_exports/db/special_ability_phases_tables/data__.tsv,1212,9.0.1
wh3_dlc27_army_abilities_ships_of_the_line,10.0000,positive,,false,false,0.0000,0.0000,0.0000,0.0000,0,0,false,0.0000,0.0000,false,0,,wh_main_generic_buff_attack,wh_ability_positive,false,true,true,0.2500,,,false,0.0000,0.0000,false,0.0000,data/unit_stats/source_exports/db/special_ability_phases_tables/data__.tsv,1213,9.0.1
wh3_dlc27_army_abilities_war_supplies,10.0000,positive,,false,false,0.0000,0.0000,0.0000,0.0000,0,0,false,0.0000,0.0000,false,0,,wh_main_generic_buff_attack,wh_ability_positive,false,true,true,0.1500,,,false,0.0000,0.0000,false,0.0000,data/unit_stats/source_exports/db/special_ability_phases_tables/data__.tsv,1214,9.0.1
wh3_dlc27_army_passive_eternal_dance_tempo_3_consuming_waltz_enemies,-1.0000,negative,,false,false,0.0000,0.0000,0.0000,1.0000,8,4,false,0.0000,0.0000,false,0,,wh_main_generic_hp_damage_passive,,false,false,true,0.0000,,,false,0.0000,0.0000,false,0.0000,data/unit_stats/source_exports/db/special_ability_phases_tables/data__.tsv,1215,9.0.1
wh3_dlc27_army_passive_eternal_dance_tempo_3_consuming_waltz_self,-1.0000,positive,,false,false,0.0000,0.0000,0.0000,1.0000,0,0,false,0.0000,0.0000,false,0,,wh_main_generic_hp_regen,,false,true,false,0.0000,,,false,0.0020,0.0000,false,0.0000,data/unit_stats/source_exports/db/special_ability_phases_tables/data__.tsv,1216,9.0.1
wh3_dlc27_army_passive_eternal_dance_tempo_3_footsteps_of_sorrow,12.0000,negative,,false,false,0.0000,0.0000,0.0000,1.0000,30,2,false,0.0000,0.0000,false,0,,wh3_main_spell_slaanesh_pavane_of_slaanesh,wh3_main_spell_slaanesh_pavane_of_slaanesh,false,true,true,0.0000,,,false,0.0000,0.0000,false,0.0000,data/unit_stats/source_exports/db/special_ability_phases_tables/data__.tsv,1217,9.0.1
wh3_dlc27_army_passive_eternal_dance_tempo_3_masters_ascendancy,-1.0000,positive,,false,false,0.0000,0.0000,0.0000,0.0000,0,0,false,0.0000,0.0000,false,0,,wh_main_generic_buff_attack,,false,true,true,0.0000,,,false,0.0000,0.0000,false,0.0000,data/unit_stats/source_exports/db/special_ability_phases_tables/data__.tsv,1218,9.0.1
wh3_dlc27_character_abilities_captain_of_the_phoenix_guard,43.0000,positive,,false,false,0.0000,0.0000,0.0000,1.0000,0,0,false,0.0000,0.0000,false,0,,wh_main_generic_ward_save_all,wh_main_item_abilities_potion_of_healing,false,true,false,0.0000,,,false,0.0050,0.0000,false,0.0000,data/unit_stats/source_exports/db/special_ability_phases_tables/data__.tsv,1219,9.0.1
wh3_dlc27_character_abilities_envelop_in_mist_bound,22.0000,positive,,false,false,0.0000,0.0000,0.0000,0.0000,0,0,false,0.0000,0.0000,false,0,,wh2_dlc15_ability_envelop_in_mist,wh2_dlc15_ability_envelop_in_mist,false,true,true,0.0000,,,false,0.0000,0.0000,false,0.0000,data/unit_stats/source_exports/db/special_ability_phases_tables/data__.tsv,1220,9.0.1
wh3_dlc27_character_abilities_iron_hand_captain,42.0000,positive,,false,false,0.0000,0.0000,0.0000,0.0000,0,0,false,0.0000,0.0000,false,0,,wh3_dlc27_character_abilities_iron_hand_captain,wh_ability_positive_aoe,false,true,false,0.0000,,,false,0.0000,0.0000,false,0.0000,data/unit_stats/source_exports/db/special_ability_phases_tables/data__.tsv,1221,9.0.1
wh3_dlc27_character_abilities_master_of_mists,58.0000,positive,,false,false,0.0000,0.0000,0.0000,0.0000,0,0,false,0.0000,0.0000,false,0,,,wh3_dlc27_character_abilities_master_of_mists,false,true,false,0.0000,,,false,0.0000,0.0000,false,0.0000,data/unit_stats/source_exports/db/special_ability_phases_tables/data__.tsv,1222,9.0.1
wh3_dlc27_character_abilities_master_of_mists_custom,36.0000,positive,,false,false,0.0000,0.0000,0.0000,0.0000,0,0,false,0.0000,0.0000,false,0,,,wh3_dlc27_character_abilities_master_of_mists,false,true,false,0.0000,,,false,0.0000,0.0000,false,0.0000,data/unit_stats/source_exports/db/special_ability_phases_tables/data__.tsv,1223,9.0.1
wh3_dlc27_character_abilities_murderous_mastery,120.0000,positive,,false,false,0.0000,0.0000,0.0000,0.0000,0,0,false,0.0000,0.0000,false,0,,,,false,true,true,0.0000,,,false,0.0000,0.0000,false,0.0000,data/unit_stats/source_exports/db/special_ability_phases_tables/data__.tsv,1224,9.0.1
wh3_dlc27_character_abilities_slezuzus_voice,26.0000,negative,,false,false,0.0000,0.0000,0.0000,0.0000,0,-1,false,0.0000,0.0000,false,0,,wh_main_generic_buff_morale,wh_ability_positive_aoe_army_wide,false,true,true,0.0000,,,false,0.0000,0.0000,false,0.0000,data/unit_stats/source_exports/db/special_ability_phases_tables/data__.tsv,1225,9.0.1
wh3_dlc27_character_abilities_the_black_tongue,21.0000,negative,,false,false,0.0000,0.0000,0.0000,0.0000,0,-1,false,0.0000,0.0000,false,0,,,,false,true,true,0.0000,,,false,0.0000,0.0000,false,0.0000,data/unit_stats/source_exports/db/special_ability_phases_tables/data__.tsv,1226,9.0.1
wh3_dlc27_character_passive_backstabbing_sorcery,18.0000,negative,,false,false,0.0000,0.0000,0.0000,0.5000,8,1,false,0.0000,0.0000,false,0,,,,false,false,true,0.0000,,,false,0.0000,0.0000,false,0.0000,data/unit_stats/source_exports/db/special_ability_phases_tables/data__.tsv,1227,9.0.1
wh3_dlc27_character_passive_banner_of_depravity_ally,-1.0000,positive,,false,false,0.0000,0.0000,0.0000,0.0000,0,0,false,0.0000,0.0000,false,0,,wh_main_generic_buff_morale_passive,,false,true,true,0.0000,,,false,0.0000,0.0000,false,0.0000,data/unit_stats/source_exports/db/special_ability_phases_tables/data__.tsv,1228,9.0.1
wh3_dlc27_character_passive_banner_of_depravity_enemy,-1.0000,negative,,false,false,0.0000,0.0000,0.0000,0.0000,0,0,false,0.0000,0.0000,false,0,,wh_main_generic_debuff_defence,,false,true,true,0.0000,,,false,0.0000,0.0000,false,0.0000,data/unit_stats/source_exports/db/special_ability_phases_tables/data__.tsv,1229,9.0.1
wh3_dlc27_character_passive_chaos_familiar,-1.0000,positive,,false,false,0.0000,0.0000,0.0000,0.0000,0,0,false,0.2000,0.0000,false,0,,,,false,true,true,0.0000,,,false,0.0000,0.0000,false,0.0000,data/unit_stats/source_exports/db/special_ability_phases_tables/data__.tsv,1230,9.0.1
wh3_dlc27_character_passive_dangerous_practice,3.0000,negative,,false,false,0.0000,0.0000,0.0000,1.0000,75,1,false,0.0000,0.0000,false,0,,,,false,false,true,0.0000,,,false,0.0000,0.0000,false,0.0000,data/unit_stats/source_exports/db/special_ability_phases_tables/data__.tsv,1231,9.0.1
wh3_dlc27_character_passive_glorious_slaughter,-1.0000,positive,,false,false,0.0000,0.0000,0.0000,0.0000,0,0,false,0.0000,0.0000,false,0,,,,false,true,true,0.0000,,,false,0.0000,0.0000,false,0.0000,data/unit_stats/source_exports/db/special_ability_phases_tables/data__.tsv,1232,9.0.1
wh3_dlc27_character_passive_hounds_gaze,-1.0000,positive,,false,false,0.0000,0.0000,0.0000,0.0000,0,-1,false,0.0000,0.0000,false,0,,wh_main_generic_buff_attack_passive,,false,true,true,0.0000,,,false,0.0000,0.0000,false,0.0000,data/unit_stats/source_exports/db/special_ability_phases_tables/data__.tsv,1233,9.0.1
wh3_dlc27_character_passive_infernal_puppet,-1.0000,negative,,false,false,0.0000,0.0000,0.0000,0.0000,0,0,false,0.0000,0.0000,false,0,,,,false,true,true,0.0000,,,false,0.0000,0.0000,false,0.0000,data/unit_stats/source_exports/db/special_ability_phases_tables/data__.tsv,1234,9.0.1
wh3_dlc27_character_passive_mark_of_asuryan,-1.0000,negative,,false,false,0.0000,0.0000,0.0000,1.0000,4,25,false,0.0000,0.0000,false,0,,wh3_dlc27_mark_of_asuryan,wh3_dlc27_character_passive_mark_of_asuryan,false,false,true,0.0000,,,false,0.0000,0.0000,false,0.0000,data/unit_stats/source_exports/db/special_ability_phases_tables/data__.tsv,1235,9.0.1
wh3_dlc27_character_passive_supernatural_mist,-1.0000,positive,,false,false,0.0000,0.0000,0.0000,0.0000,0,0,false,0.0000,0.0000,false,0,,wh_main_generic_buff_defence,,false,true,true,0.0000,,,false,0.0000,0.0000,false,0.0000,data/unit_stats/source_exports/db/special_ability_phases_tables/data__.tsv,1236,9.0.1
wh3_dlc27_character_passive_thrill_of_battle,-1.0000,positive,,false,false,0.0000,0.0000,0.0000,0.0000,0,-1,false,0.0000,0.0000,false,0,,,,false,true,true,0.0000,,,false,0.0000,0.0000,false,0.0000,data/unit_stats/source_exports/db/special_ability_phases_tables/data__.tsv,1237,9.0.1
wh3_dlc27_character_passive_war_cry,22.0000,positive,,false,false,0.0000,0.0000,0.0000,0.0000,0,-1,false,0.0000,0.0000,false,0,,dlc27_hero_beorg_warcry_entity,wh3_dlc27_character_passive_war_cry,false,true,false,0.0000,,,false,0.0000,0.0000,false,0.0000,data/unit_stats/source_exports/db/special_ability_phases_tables/data__.tsv,1238,9.0.1
wh3_dlc27_effect_contact_phase_windstruck_short,12.0000,negative,,false,false,0.0000,0.0000,0.0000,0.0000,0,-1,false,0.0000,0.0000,false,0,,,,false,true,true,0.0000,,,false,0.0000,0.0000,false,0.0000,data/unit_stats/source_exports/db/special_ability_phases_tables/data__.tsv,1239,9.0.1
wh3_dlc27_hero_abilities_favoured_by_the_matriarch,26.0000,positive,,false,false,0.0000,0.0000,0.0000,0.0000,0,-1,false,0.0000,0.0000,false,0,,wh_main_generic_buff_morale_attack,wh_ability_positive_aoe_army_wide,false,true,false,0.0000,,,false,0.0000,0.0000,false,0.0000,data/unit_stats/source_exports/db/special_ability_phases_tables/data__.tsv,1240,9.0.1
wh3_dlc27_hero_passive_disarm,-1.0000,negative,,false,false,0.0000,0.0000,0.0000,0.0000,0,0,false,0.0000,0.0000,false,0,,,,false,true,true,0.0000,,,false,0.0000,0.0000,false,0.0000,data/unit_stats/source_exports/db/special_ability_phases_tables/data__.tsv,1241,9.0.1
wh3_dlc27_hero_passive_shrouding_mists,-1.0000,positive,,false,false,0.0000,0.0000,0.0000,0.0000,0,-1,false,0.0000,0.0000,false,0,,,,false,true,false,0.0000,,,false,0.0000,0.0000,false,0.0000,data/unit_stats/source_exports/db/special_ability_phases_tables/data__.tsv,1242,9.0.1
wh3_dlc27_item_abilities_bear_fang_talisman,25.0000,positive,,false,false,0.0000,0.0000,0.0000,0.0000,0,-1,false,0.0000,0.0000,false,0,,wh_main_generic_ward_save_all,wh_ability_positive,false,true,true,0.0000,,,false,0.0000,0.0000,false,0.0000,data/unit_stats/source_exports/db/special_ability_phases_tables/data__.tsv,1243,9.0.1
wh3_dlc27_item_abilities_elixir_of_damnation,19.0000,positive,,false,false,0.0000,0.0000,0.0000,0.0000,0,-1,false,0.0000,0.0000,false,0,wh3_dlc27_unit_contact_elixir_of_damnation,wh3_dlc27_lord_dechala_elixir_of_damnation,wh3_dlc27_ability_elixir_of_damnation,false,true,true,0.0000,,,false,0.0000,0.0000,false,0.0000,data/unit_stats/source_exports/db/special_ability_phases_tables/data__.tsv,1244,9.0.1
wh3_dlc27_item_abilities_null_stone,35.0000,negative,,false,false,0.0000,0.0000,0.0000,0.0000,0,0,false,0.0000,0.0000,false,0,,,wh3_dlc27_item_abilities_null_stone,false,true,true,0.0000,,,false,0.0000,0.0000,true,0.0000,data/unit_stats/source_exports/db/special_ability_phases_tables/data__.tsv,1245,9.0.1
wh3_dlc27_item_abilities_power_familiar,22.0000,positive,,false,false,0.0000,0.0000,0.0000,0.0000,0,-1,false,0.0000,0.0000,false,0,,wh3_dlc27_item_abilities_power_familiar,wh_ability_positive_one_shot,false,true,true,0.0000,,,false,0.0000,0.0000,false,0.0000,data/unit_stats/source_exports/db/special_ability_phases_tables/data__.tsv,1246,9.0.1
wh3_dlc27_item_abilities_preyton_horn_allies,24.0000,positive,,false,false,0.0000,0.0000,0.0000,0.0000,0,-1,false,0.0000,0.0000,false,0,,wh_main_generic_buff_morale,,false,true,false,0.0000,,,false,0.0000,0.0000,false,0.0000,data/unit_stats/source_exports/db/special_ability_phases_tables/data__.tsv,1247,9.0.1
wh3_dlc27_item_abilities_preyton_horn_enemy,24.0000,negative,,false,false,0.0000,0.0000,0.0000,0.0000,0,-1,false,0.0000,0.0000,false,0,,wh_main_generic_debuff_morale,,false,false,true,0.0000,,,false,0.0000,0.0000,false,0.0000,data/unit_stats/source_exports/db/special_ability_phases_tables/data__.tsv,1248,9.0.1
wh3_dlc27_item_abilities_staff_of_the_masque_enemy,23.0000,negative,,false,false,0.0100,0.0000,0.0000,1.0000,5,15,false,0.0000,0.0000,false,0,,wh_main_generic_debuff_defence,wh_ability_negative,false,true,true,0.0000,,,false,0.0000,0.0000,false,0.0000,data/unit_stats/source_exports/db/special_ability_phases_tables/data__.tsv,1249,9.0.1
wh3_dlc27_item_abilities_staff_of_the_masque_self,23.0000,positive,,false,false,-0.0100,0.0000,0.0000,1.0000,0,0,false,0.0000,0.0000,false,0,,,,false,true,true,0.0000,,,false,0.0050,0.0000,false,0.0000,data/unit_stats/source_exports/db/special_ability_phases_tables/data__.tsv,1250,9.0.1
wh3_dlc27_item_abilities_warrior_familiar,57.0000,positive,,false,false,0.0000,0.0000,0.0000,0.0000,0,-1,false,0.0000,0.0000,false,0,,wh3_dlc27_item_abilities_warrior_familiar,wh_ability_positive_one_shot,false,true,true,0.0000,,,false,0.0000,0.0000,false,0.0000,data/unit_stats/source_exports/db/special_ability_phases_tables/data__.tsv,1251,9.0.1
wh3_dlc27_item_passive_annulian_crystal,-1.0000,negative,,false,false,0.0000,0.0000,0.0000,0.0000,0,0,false,-0.1000,0.0000,false,0,,,,false,false,true,0.0000,,,false,0.0000,0.0000,false,0.0000,data/unit_stats/source_exports/db/special_ability_phases_tables/data__.tsv,1252,9.0.1
wh3_dlc27_item_passive_armour_of_the_old_gods,1.5000,positive,,false,false,-0.3000,0.0000,0.0000,1.5000,0,0,false,0.0000,0.0000,false,0,,wh2_main_unit_passive_rebirth,,false,true,true,0.0000,,,false,0.3000,0.0000,false,0.0000,data/unit_stats/source_exports/db/special_ability_phases_tables/data__.tsv,1253,9.0.1
wh3_dlc27_item_passive_blade_of_the_old_gods,-1.0000,positive,,false,false,0.0000,0.0000,0.0000,0.0000,0,-1,false,0.0000,0.0000,false,0,,wh_main_generic_buff_defence,,false,true,true,0.0000,,,false,0.0000,0.0000,false,0.0000,data/unit_stats/source_exports/db/special_ability_phases_tables/data__.tsv,1254,9.0.1
wh3_dlc27_item_passive_carrion_spine,-1.0000,positive,,false,false,0.0000,0.0000,0.0000,0.0000,0,-1,false,0.0000,0.0000,false,0,,wh2_main_generic_buff_speed_passive,,false,true,false,0.0000,,,false,0.0000,0.0000,false,0.0000,data/unit_stats/source_exports/db/special_ability_phases_tables/data__.tsv,1255,9.0.1
wh3_dlc27_item_passive_charm_of_the_gods_allies,-1.0000,positive,,false,false,0.0000,0.0000,0.0000,0.0000,0,-1,false,0.0000,0.0000,false,0,,wh_main_generic_buff_defence,,false,true,true,0.0000,,,false,0.0000,0.0000,false,0.0000,data/unit_stats/source_exports/db/special_ability_phases_tables/data__.tsv,1256,9.0.1
wh3_dlc27_item_passive_charm_of_the_gods_self,-1.0000,positive,,false,false,0.0000,0.0000,0.0000,1.0000,0,-1,false,0.0000,0.0000,false,0,,wh_main_generic_hp_regen_passive,,false,false,true,0.0000,,,false,0.0015,0.0000,false,0.0000,data/unit_stats/source_exports/db/special_ability_phases_tables/data__.tsv,1257,9.0.1
wh3_dlc27_item_passive_frost_fane_axe,-1.0000,positive,,false,false,0.0000,0.0000,0.0000,0.0000,0,0,false,0.0000,0.0000,false,0,,wh_main_generic_buff_attack,,false,true,true,0.0000,,,false,0.0000,0.0000,false,0.0000,data/unit_stats/source_exports/db/special_ability_phases_tables/data__.tsv,1258,9.0.1
wh3_dlc27_item_passive_golden_shield,-1.0000,negative,,false,false,0.0000,0.0000,0.0000,0.0000,0,0,false,0.0000,0.0000,false,0,,,,false,false,true,0.0000,,,false,0.0000,0.0000,false,0.0000,data/unit_stats/source_exports/db/special_ability_phases_tables/data__.tsv,1259,9.0.1
wh3_dlc27_item_passive_icon_of_the_old_gods,-1.0000,positive,,false,false,0.0000,0.0000,0.0000,0.0000,0,-1,false,0.0000,0.0000,false,0,,wh_main_generic_buff_attack,,false,true,true,0.0000,,,false,0.0000,0.0000,false,0.0000,data/unit_stats/source_exports/db/special_ability_phases_tables/data__.tsv,1260,9.0.1
wh3_dlc27_item_passive_skinhidden_plate,-1.0000,positive,,false,false,0.0000,0.0000,0.0000,0.0000,0,-1,false,0.0000,0.0000,false,0,,,,false,true,true,0.0000,,,false,0.0000,0.0000,false,0.0000,data/unit_stats/source_exports/db/special_ability_phases_tables/data__.tsv,1261,9.0.1
wh3_dlc27_item_passive_stone_of_shyish,20.0000,positive,,false,false,0.0000,0.0000,0.0000,0.0000,0,-1,false,0.0000,0.1000,false,0,,wh2_main_generic_buff_wom,,false,true,true,0.0000,,,false,0.0000,0.0000,false,0.0000,data/unit_stats/source_exports/db/special_ability_phases_tables/data__.tsv,1262,9.0.1
wh3_dlc27_item_passive_temakadors_gauntlets,-1.0000,positive,,false,false,0.0000,0.0000,0.0000,0.0000,0,0,false,0.0000,0.0000,false,0,,wh3_dlc27_item_passive_temakadors_gauntlets,wh_ability_positive,false,true,false,0.0000,,,false,0.0000,0.0000,false,0.0000,data/unit_stats/source_exports/db/special_ability_phases_tables/data__.tsv,1263,9.0.1
wh3_dlc27_lord_abilities_chanson_of_caging_allies,-1.0000,positive,,false,false,0.0000,0.0000,0.0000,0.0000,0,-1,false,0.0000,0.0000,false,0,,wh_main_generic_buff_defence_banner,wh_ability_positive_banner,false,true,true,0.0000,,,false,0.0000,0.0000,false,0.0000,data/unit_stats/source_exports/db/special_ability_phases_tables/data__.tsv,1264,9.0.1
wh3_dlc27_lord_abilities_chanson_of_caging_enemies,-1.0000,negative,,false,false,0.0130,0.0000,0.0000,0.0000,0,-1,false,0.0000,0.0000,false,0,,wh_main_generic_buff_defence_banner,wh_ability_negative_banner,false,true,true,0.0000,,,false,0.0000,0.0000,false,0.0000,data/unit_stats/source_exports/db/special_ability_phases_tables/data__.tsv,1265,9.0.1
wh3_dlc27_lord_abilities_daggerdance,-1.0000,positive,,false,false,0.0000,0.0000,0.0000,0.0000,0,-1,false,0.0000,0.0000,false,0,,wh_main_generic_ward_save_all,wh_ability_positive_banner,false,true,true,0.0000,,,false,0.0000,0.0000,false,0.0000,data/unit_stats/source_exports/db/special_ability_phases_tables/data__.tsv,1266,9.0.1
wh3_dlc27_lord_abilities_dance_of_destruction,-1.0000,positive,,false,false,0.0000,0.0000,0.0000,0.0000,0,-1,false,0.0000,0.0000,false,0,,wh_main_generic_buff_defence_banner,wh_ability_positive_IND,false,true,true,0.0000,,,false,0.0000,0.0000,false,0.0000,data/unit_stats/source_exports/db/special_ability_phases_tables/data__.tsv,1267,9.0.1
wh3_dlc27_lord_abilities_offering_to_the_gods_1,1.0000,negative,,false,false,0.0000,0.0000,0.0000,1.0000,400,3,false,0.0000,0.0000,false,0,,wh3_dlc27_lord_abilities_offering_to_the_gods,wh_ability_positive_banner,false,true,false,0.0000,,,false,0.0000,0.0000,false,0.0000,data/unit_stats/source_exports/db/special_ability_phases_tables/data__.tsv,1268,9.0.1
wh3_dlc27_lord_abilities_offering_to_the_gods_2,42.0000,positive,,false,false,0.0000,0.0000,0.0000,0.0000,0,0,false,0.0000,0.0000,false,0,,wh3_dlc27_lord_abilities_offering_to_the_gods,wh_ability_positive_banner,false,true,false,0.0000,,,false,0.0000,0.0000,false,0.0000,data/unit_stats/source_exports/db/special_ability_phases_tables/data__.tsv,1269,9.0.1
wh3_dlc27_lord_abilities_quicksilver_strike,29.0000,positive,,false,false,0.0000,0.0000,0.0000,0.0000,0,0,false,0.0000,0.0000,false,0,,wh_main_generic_buff_attack,wh_ability_positive,false,true,false,0.0000,,,false,0.0000,0.0000,false,0.0000,data/unit_stats/source_exports/db/special_ability_phases_tables/data__.tsv,1270,9.0.1
wh3_dlc27_lord_abilities_the_dance_of_dreaming,-1.0000,negative,,false,false,0.0000,0.0000,0.0000,1.0000,4,5,false,0.0000,0.0000,false,0,,wh_main_generic_buff_defence_banner,wh_ability_negative_banner,false,true,true,0.0000,,,false,0.0000,0.0000,false,0.0000,data/unit_stats/source_exports/db/special_ability_phases_tables/data__.tsv,1271,9.0.1
wh3_dlc27_lord_abilities_the_praise_of_slaanesh,-1.0000,positive,,false,false,0.0000,0.0000,0.0000,0.0000,0,-1,false,0.0000,0.0000,false,0,,wh_main_generic_buff_attack_banner,wh_ability_positive_IND,false,true,true,0.0000,,,false,0.0000,0.0000,false,0.0000,data/unit_stats/source_exports/db/special_ability_phases_tables/data__.tsv,1272,9.0.1
wh3_dlc27_lord_abilities_the_waltz_of_lethargy_allies,-1.0000,positive,,false,false,0.0000,0.0000,0.0000,0.0000,0,-1,false,0.0000,0.0000,false,0,,wh_main_generic_buff_defence_banner,wh_ability_positive_banner,false,true,true,0.0000,,,false,0.0000,0.0000,false,0.0000,data/unit_stats/source_exports/db/special_ability_phases_tables/data__.tsv,1273,9.0.1
wh3_dlc27_lord_abilities_the_waltz_of_lethargy_enemies,-1.0000,negative,,false,false,0.0000,0.0000,0.0000,0.0000,0,-1,false,0.0000,0.0000,false,0,,wh_main_generic_buff_defence_banner,wh_ability_negative_banner,false,true,true,0.0000,,,false,0.0000,0.0000,false,0.0000,data/unit_stats/source_exports/db/special_ability_phases_tables/data__.tsv,1274,9.0.1
wh3_dlc27_lord_abilities_whirlwind_of_pleasure,5.0000,negative,rebirth,true,false,0.0000,0.0000,0.0000,0.0000,0,-1,false,0.0000,0.0000,false,0,,,,false,true,true,0.0000,,,false,0.0000,0.0000,false,0.0000,data/unit_stats/source_exports/db/special_ability_phases_tables/data__.tsv,1275,9.0.1
wh3_dlc27_lord_passive_naval_discipline,-1.0000,positive,,false,false,0.0000,0.0000,0.0000,0.0000,0,0,false,0.0000,0.0000,false,0,,,,false,true,false,0.0000,,,false,0.0000,0.0000,false,0.0000,data/unit_stats/source_exports/db/special_ability_phases_tables/data__.tsv,1276,9.0.1
wh3_dlc27_lord_passive_soul_siphon_upgraded,-1.0000,negative,,false,false,0.0000,0.0000,0.0000,1.0000,8,4,false,0.0000,0.0000,false,0,,wh_main_generic_hp_damage_passive,,false,true,true,0.0000,,,false,0.0000,0.0000,false,0.0000,data/unit_stats/source_exports/db/special_ability_phases_tables/data__.tsv,1277,9.0.1
wh3_dlc27_lore_passive_obscuring_mists,12.0000,positive,,false,false,0.0000,0.0000,0.0000,0.0000,0,0,false,0.0000,0.0000,false,0,,,,false,true,true,0.0000,,,false,0.0000,0.0000,false,0.0000,data/unit_stats/source_exports/db/special_ability_phases_tables/data__.tsv,1278,9.0.1
wh3_dlc27_qb_unit_abilities_bitter_sting,30.0000,negative,,false,false,0.0050,0.0000,0.0000,0.0000,0,0,false,0.0000,0.0000,false,0,,,,false,true,true,0.0000,,,false,0.0000,0.0000,false,0.0000,data/unit_stats/source_exports/db/special_ability_phases_tables/data__.tsv,1279,9.0.1
wh3_dlc27_qb_unit_abilities_bloodsport,-1.0000,positive,,false,false,0.0000,0.0000,0.0000,0.0000,0,-1,false,0.0000,0.0000,false,0,,wh_main_generic_buff_attack,,false,true,true,0.0000,,,false,0.0000,0.0000,false,0.0000,data/unit_stats/source_exports/db/special_ability_phases_tables/data__.tsv,1280,9.0.1
wh3_dlc27_qb_unit_abilities_brutality,-1.0000,positive,,false,false,0.0000,0.0000,0.0000,0.0000,0,0,false,0.0000,0.0000,false,0,,,,false,true,true,0.0000,,,false,0.0000,0.0000,false,0.0000,data/unit_stats/source_exports/db/special_ability_phases_tables/data__.tsv,1281,9.0.1
wh3_dlc27_qb_unit_abilities_corrosive_coating,-1.0000,positive,,false,false,0.0000,0.0000,0.0000,0.0000,0,0,false,0.0000,0.0000,false,0,,,,false,false,false,0.0000,,,false,0.0000,0.0000,false,0.0000,data/unit_stats/source_exports/db/special_ability_phases_tables/data__.tsv,1282,9.0.1
wh3_dlc27_qb_unit_abilities_frenzied_challenge,15.0000,negative,,false,false,0.0000,0.0000,0.0000,0.0000,0,0,false,0.0000,0.0000,false,0,,,,false,true,true,0.0000,,,false,0.0000,0.0000,false,0.0000,data/unit_stats/source_exports/db/special_ability_phases_tables/data__.tsv,1283,9.0.1
wh3_dlc27_qb_unit_abilities_guttural_roar,25.0000,negative,,false,false,0.0000,0.0000,0.0000,0.0000,0,0,false,0.0000,0.0000,false,0,,wh3_dlc24_unit_abilities_fearsome_roar,wh_ability_negative_aoe,false,false,true,0.0000,,,false,0.0000,0.0000,false,0.0000,data/unit_stats/source_exports/db/special_ability_phases_tables/data__.tsv,1284,9.0.1
wh3_dlc27_qb_unit_abilities_insanity,-1.0000,negative,,false,false,0.0000,0.0000,0.0000,0.0000,0,0,false,0.0000,0.0000,false,0,,,,false,true,true,0.0000,,,false,0.0000,0.0000,false,0.0000,data/unit_stats/source_exports/db/special_ability_phases_tables/data__.tsv,1285,9.0.1
wh3_dlc27_qb_unit_abilities_petrifying_aura_01,12.0000,negative,,false,false,0.0000,0.0000,0.0000,0.0000,0,0,false,0.0000,0.0000,false,0,,wh3_dlc24_ability_petrifying_gaze,wh_ability_negative_one_shot,false,true,true,0.0000,,,false,0.0000,0.0000,false,0.0000,data/unit_stats/source_exports/db/special_ability_phases_tables/data__.tsv,1286,9.0.1
wh3_dlc27_qb_unit_abilities_petrifying_aura_02,20.0000,negative,,false,false,0.0000,0.0000,0.0000,0.0000,0,0,false,0.0000,0.0000,false,0,,wh3_dlc24_ability_petrifying_gaze,wh_ability_negative_one_shot,false,true,true,0.0000,,,false,0.0000,0.0000,false,0.0000,data/unit_stats/source_exports/db/special_ability_phases_tables/data__.tsv,1287,9.0.1
wh3_dlc27_qb_unit_abilities_petrifying_aura_03,28.0000,negative,,false,false,0.0000,0.0000,0.0000,0.0000,0,0,false,0.0000,0.0000,false,0,,wh3_dlc24_ability_petrifying_gaze,wh_ability_negative_one_shot,false,true,true,0.0000,,,false,0.0000,0.0000,false,0.0000,data/unit_stats/source_exports/db/special_ability_phases_tables/data__.tsv,1288,9.0.1
wh3_dlc27_qb_unit_abilities_petrifying_aura_04,12.0000,negative,,true,false,0.0000,0.0000,0.0000,0.0000,0,0,false,0.0000,0.0000,false,0,,wh3_dlc24_ability_petrifying_gaze,wh_ability_negative_one_shot,false,true,true,0.0000,,,false,0.0000,0.0000,false,0.0000,data/unit_stats/source_exports/db/special_ability_phases_tables/data__.tsv,1289,9.0.1
wh3_dlc27_qb_unit_abilities_razor_sharp_teeth,-1.0000,positive,,false,false,0.0000,0.0000,0.0000,0.0000,0,0,false,0.0000,0.0000,false,0,,wh_main_generic_buff_attack,,false,true,true,0.0000,,,false,0.0000,0.0000,false,0.0000,data/unit_stats/source_exports/db/special_ability_phases_tables/data__.tsv,1290,9.0.1
wh3_dlc27_qb_unit_abilities_runt_of_the_litter,-1.0000,positive,,false,false,0.0000,0.0000,0.0000,0.0000,0,0,false,0.0000,0.0000,false,0,,wh_main_generic_buff_attack,,false,true,true,0.0000,,,false,0.0000,0.0000,false,0.0000,data/unit_stats/source_exports/db/special_ability_phases_tables/data__.tsv,1291,9.0.1
wh3_dlc27_qb_unit_abilities_shatter,-1.0000,negative,,false,false,0.0000,0.0000,0.0000,1.0000,16,4,false,0.0000,0.0000,false,0,,,wh_ability_negative_banner,false,true,true,0.0000,,,false,0.0000,0.0000,false,0.0000,data/unit_stats/source_exports/db/special_ability_phases_tables/data__.tsv,1292,9.0.1
wh3_dlc27_qb_unit_abilities_terrible_malice,2.0000,negative,,false,false,0.0000,0.0000,0.0000,1.0000,732,1,false,0.0000,0.0000,false,0,,,,false,false,true,0.0000,,,false,0.0000,0.0000,false,0.2000,data/unit_stats/source_exports/db/special_ability_phases_tables/data__.tsv,1293,9.0.1
wh3_dlc27_qb_unit_abilities_too_stubborn_to_die,-1.0000,positive,,false,false,0.0000,0.0000,0.0000,0.0000,0,0,false,0.0000,0.0000,false,0,,,,false,true,true,0.0000,,,false,0.0000,0.0000,false,0.0000,data/unit_stats/source_exports/db/special_ability_phases_tables/data__.tsv,1294,9.0.1
wh3_dlc27_qb_unit_abilities_visions_of_madness,10.0000,negative,,false,false,0.0250,0.0000,0.0000,0.0000,0,0,false,0.0000,0.0000,false,0,,,,false,true,true,0.0000,,wh3_dlc27_qb_unit_abilities_visions_of_madness,false,0.0000,0.0000,false,0.0000,data/unit_stats/source_exports/db/special_ability_phases_tables/data__.tsv,1295,9.0.1
wh3_dlc27_qb_unit_passive_ascendants_hubris,-1.0000,positive,,false,false,0.0000,0.0000,0.0000,0.0000,0,0,false,0.0000,0.0000,false,0,,wh_main_generic_buff_attack,,false,true,true,0.0000,,,false,0.0000,0.0000,false,0.0000,data/unit_stats/source_exports/db/special_ability_phases_tables/data__.tsv,1296,9.0.1
wh3_dlc27_qb_unit_passive_dissolving_bone,2.0000,negative,,false,false,0.0000,0.0000,0.0000,1.0000,732,1,false,0.0000,0.0000,false,0,,,,false,false,true,0.0000,,,false,0.0000,0.0000,false,0.3300,data/unit_stats/source_exports/db/special_ability_phases_tables/data__.tsv,1297,9.0.1
wh3_dlc27_qb_unit_passive_insatiable_hunger_i,30.0000,positive,,false,false,0.0000,0.0000,0.0000,1.0000,0,0,false,0.0000,0.0000,false,0,,wh_main_generic_buff_attack,,false,true,true,0.0000,,,false,0.0050,0.0000,false,0.0000,data/unit_stats/source_exports/db/special_ability_phases_tables/data__.tsv,1298,9.0.1
wh3_dlc27_qb_unit_passive_insatiable_hunger_ii,60.0000,positive,,false,false,0.0000,0.0000,0.0000,1.0000,0,0,false,0.0000,0.0000,false,0,,wh_main_generic_buff_attack,,false,true,true,0.0000,,,false,0.0100,0.0000,false,0.0000,data/unit_stats/source_exports/db/special_ability_phases_tables/data__.tsv,1299,9.0.1
wh3_dlc27_qb_unit_passive_insatiable_hunger_iii,90.0000,positive,,false,false,0.0000,0.0000,0.0000,1.0000,10,1,false,0.0000,0.0000,false,0,,wh_main_generic_buff_attack,,false,true,true,0.0000,,,false,0.0000,0.0000,false,0.0000,data/unit_stats/source_exports/db/special_ability_phases_tables/data__.tsv,1300,9.0.1
wh3_dlc27_qb_unit_passive_living_furnace,-1.0000,positive,,false,false,0.0000,0.0000,0.0000,1.0000,0,-1,false,0.0000,0.0000,false,0,,wh3_dlc23_reforge,,false,true,true,0.0000,,,false,0.0100,0.0000,false,0.0000,data/unit_stats/source_exports/db/special_ability_phases_tables/data__.tsv,1301,9.0.1
wh3_dlc27_qb_unit_passive_molten_body,-1.0000,positive,,false,false,0.0000,0.0000,0.0000,0.0000,0,-1,false,0.0000,0.0000,false,0,,wh3_dlc23_blazing_body,,false,true,true,0.0000,,,false,0.0000,0.0000,false,0.0000,data/unit_stats/source_exports/db/special_ability_phases_tables/data__.tsv,1302,9.0.1
wh3_dlc27_qb_unit_passive_revel_in_fear,-1.0000,positive,,false,false,0.0000,0.0000,0.0000,1.0000,0,0,false,0.0000,0.0000,false,0,,wh_main_generic_hp_regen_passive,,false,true,true,0.0000,,,false,0.0120,0.0000,false,0.0000,data/unit_stats/source_exports/db/special_ability_phases_tables/data__.tsv,1303,9.0.1
wh3_dlc27_qb_unit_passive_undoubtful_pride,-1.0000,positive,,false,false,0.0000,0.0000,0.0000,0.0000,0,0,false,0.0000,0.0000,false,0,,wh_main_generic_buff_attack_passive,,false,true,false,0.0000,,,false,0.0000,0.0000,false,0.0000,data/unit_stats/source_exports/db/special_ability_phases_tables/data__.tsv,1304,9.0.1
wh3_dlc27_recipe_mark_of_vindictiveness_ascendancy_i,40.0000,positive,,false,false,-1.0000,0.0000,0.0000,0.0000,0,0,false,0.0000,0.0000,false,0,,wh2_main_faction_abilities_murderous_prowess,,false,true,true,0.0000,,,false,0.0000,0.0000,false,0.0000,data/unit_stats/source_exports/db/special_ability_phases_tables/data__.tsv,1305,9.0.1
wh3_dlc27_recipe_mark_of_vindictiveness_ascendancy_i_debuff,-1.0000,negative,,false,false,1.0000,0.0000,0.0000,0.0000,0,0,false,0.0000,0.0000,false,0,,wh3_main_slaanesh_daemonic_instability_I,,false,true,true,0.0000,,,false,0.0000,0.0000,false,0.0000,data/unit_stats/source_exports/db/special_ability_phases_tables/data__.tsv,1306,9.0.1
wh3_dlc27_recipe_mark_of_vindictiveness_ascendancy_ii,60.0000,positive,,false,false,-1.0000,0.0000,0.0000,0.0000,0,0,false,0.0000,0.0000,false,0,,wh2_main_faction_abilities_murderous_prowess,,false,true,true,0.0000,,,false,0.0000,0.0000,false,0.0000,data/unit_stats/source_exports/db/special_ability_phases_tables/data__.tsv,1307,9.0.1
wh3_dlc27_recipe_mark_of_vindictiveness_ascendancy_ii_debuff,-1.0000,negative,,false,false,1.0000,0.0000,0.0000,0.0000,0,0,false,0.0000,0.0000,false,0,,wh3_main_slaanesh_daemonic_instability_I,,false,true,true,0.0000,,,false,0.0000,0.0000,false,0.0000,data/unit_stats/source_exports/db/special_ability_phases_tables/data__.tsv,1308,9.0.1
wh3_dlc27_recipe_mark_of_vindictiveness_ascendancy_iii,80.0000,positive,,false,false,-1.0000,0.0000,0.0000,0.0000,0,0,false,0.0000,0.0000,false,0,,wh2_main_faction_abilities_murderous_prowess,,false,true,true,0.0000,,,false,0.0000,0.0000,false,0.0000,data/unit_stats/source_exports/db/special_ability_phases_tables/data__.tsv,1309,9.0.1
wh3_dlc27_recipe_mark_of_vindictiveness_ascendancy_iii_debuff,-1.0000,negative,,false,false,1.0000,0.0000,0.0000,0.0000,0,0,false,0.0000,0.0000,false,0,,wh3_main_slaanesh_daemonic_instability_I,,false,true,true,0.0000,,,false,0.0000,0.0000,false,0.0000,data/unit_stats/source_exports/db/special_ability_phases_tables/data__.tsv,1310,9.0.1
wh3_dlc27_recipe_mark_of_vindictiveness_denial_i,-1.0000,positive,,false,false,0.0000,0.0000,0.0000,0.0000,0,0,false,0.0000,0.0000,false,0,,wh_main_generic_buff_defence,,false,true,true,0.0000,,,false,0.0000,0.0000,false,0.0000,data/unit_stats/source_exports/db/special_ability_phases_tables/data__.tsv,1311,9.0.1
wh3_dlc27_recipe_mark_of_vindictiveness_denial_ii,-1.0000,positive,,false,false,0.0000,0.0000,0.0000,0.0000,0,0,false,0.0000,0.0000,false,0,,wh_main_generic_buff_defence,,false,true,true,0.0000,,,false,0.0000,0.0000,false,0.0000,data/unit_stats/source_exports/db/special_ability_phases_tables/data__.tsv,1312,9.0.1
wh3_dlc27_recipe_mark_of_vindictiveness_denial_iii,-1.0000,positive,,false,false,0.0000,0.0000,0.0000,0.0000,0,0,false,0.0000,0.0000,false,0,,wh_main_generic_buff_defence,,false,true,true,0.0000,,,false,0.0000,0.0000,false,0.0000,data/unit_stats/source_exports/db/special_ability_phases_tables/data__.tsv,1313,9.0.1
wh3_dlc27_recipe_mark_of_vindictiveness_despair_i,-1.0000,negative,,false,false,0.0000,0.0000,0.0000,0.0000,0,0,false,0.0000,0.0000,false,0,,wh_main_generic_debuff_morale_passive,,false,true,true,0.0000,,,false,0.0000,0.0000,false,0.0000,data/unit_stats/source_exports/db/special_ability_phases_tables/data__.tsv,1314,9.0.1
wh3_dlc27_recipe_mark_of_vindictiveness_despair_i_self,-1.0000,positive,,false,false,0.0000,0.0000,0.0000,0.0000,0,0,false,0.0000,0.0000,false,0,,wh_main_generic_buff_morale_passive,,false,true,true,0.0000,,,false,0.0000,0.0000,false,0.0000,data/unit_stats/source_exports/db/special_ability_phases_tables/data__.tsv,1315,9.0.1
wh3_dlc27_recipe_mark_of_vindictiveness_despair_ii,-1.0000,negative,,false,false,0.0000,0.0000,0.0000,0.0000,0,0,false,0.0000,0.0000,false,0,,wh_main_generic_debuff_morale_passive,,false,true,true,0.0000,,,false,0.0000,0.0000,false,0.0000,data/unit_stats/source_exports/db/special_ability_phases_tables/data__.tsv,1316,9.0.1
wh3_dlc27_recipe_mark_of_vindictiveness_despair_ii_self,-1.0000,positive,,false,false,0.0000,0.0000,0.0000,0.0000,0,0,false,0.0000,0.0000,false,0,,wh_main_generic_buff_morale_passive,,false,true,true,0.0000,,,false,0.0000,0.0000,false,0.0000,data/unit_stats/source_exports/db/special_ability_phases_tables/data__.tsv,1317,9.0.1
wh3_dlc27_recipe_mark_of_vindictiveness_despair_iii,-1.0000,negative,,false,false,0.0000,0.0000,0.0000,0.0000,0,0,false,0.0000,0.0000,false,0,,wh_main_generic_debuff_morale_passive,,false,true,true,0.0000,,,false,0.0000,0.0000,false,0.0000,data/unit_stats/source_exports/db/special_ability_phases_tables/data__.tsv,1318,9.0.1
wh3_dlc27_recipe_mark_of_vindictiveness_despair_iii_self,-1.0000,positive,,false,false,0.0000,0.0000,0.0000,0.0000,0,0,false,0.0000,0.0000,true,0,,wh_main_generic_buff_morale_passive,,false,true,true,0.0000,,,false,0.0000,0.0000,false,0.0000,data/unit_stats/source_exports/db/special_ability_phases_tables/data__.tsv,1319,9.0.1
wh3_dlc27_recipe_mark_of_vindictiveness_indolence_i,-1.0000,negative,,false,false,0.0100,0.0000,0.0000,0.0000,0,0,false,0.0000,0.0000,false,0,,,,false,true,true,0.0000,,,false,0.0000,0.0000,false,0.0000,data/unit_stats/source_exports/db/special_ability_phases_tables/data__.tsv,1320,9.0.1
wh3_dlc27_recipe_mark_of_vindictiveness_indolence_ii,-1.0000,negative,,false,false,0.0150,0.0000,0.0000,0.0000,0,0,false,0.0000,0.0000,false,0,,,,false,true,true,0.0000,,,false,0.0000,0.0000,false,0.0000,data/unit_stats/source_exports/db/special_ability_phases_tables/data__.tsv,1321,9.0.1
wh3_dlc27_recipe_mark_of_vindictiveness_indolence_iii,-1.0000,negative,,false,false,0.0200,0.0000,0.0000,0.0000,0,0,false,0.0000,0.0000,false,0,,,,false,true,true,0.0000,,,false,0.0000,0.0000,false,0.0000,data/unit_stats/source_exports/db/special_ability_phases_tables/data__.tsv,1322,9.0.1
wh3_dlc27_recipe_mark_of_vindictiveness_lash_i,-1.0000,positive,,false,false,0.0000,0.0000,0.0000,0.0000,0,0,false,0.0000,0.0000,true,0,,,,false,true,true,0.0000,,,false,0.0000,0.0000,false,0.0000,data/unit_stats/source_exports/db/special_ability_phases_tables/data__.tsv,1323,9.0.1
wh3_dlc27_recipe_mark_of_vindictiveness_lash_ii,-1.0000,positive,,false,false,0.0000,0.0000,0.0000,0.0000,0,0,false,0.0000,0.0000,true,0,,,,false,true,true,0.0000,,,false,0.0000,0.0000,false,0.0000,data/unit_stats/source_exports/db/special_ability_phases_tables/data__.tsv,1324,9.0.1
wh3_dlc27_recipe_mark_of_vindictiveness_lash_iii,-1.0000,positive,,false,false,0.0000,0.0000,0.0000,0.0000,0,0,false,0.0000,0.0000,true,0,,,,false,true,true,0.0000,,,false,0.0000,0.0000,false,0.0000,data/unit_stats/source_exports/db/special_ability_phases_tables/data__.tsv,1325,9.0.1
wh3_dlc27_recipe_mark_of_vindictiveness_pain_i,-1.0000,positive,,false,false,-0.0100,0.0000,0.0000,0.0000,0,0,false,0.0000,0.0000,false,0,,,,false,true,true,0.0000,,,false,0.0000,0.0000,false,0.0000,data/unit_stats/source_exports/db/special_ability_phases_tables/data__.tsv,1326,9.0.1
wh3_dlc27_recipe_mark_of_vindictiveness_pain_ii,-1.0000,positive,,false,false,-0.0150,0.0000,0.0000,0.0000,0,0,false,0.0000,0.0000,false,0,,,,false,true,true,0.0000,,,false,0.0000,0.0000,false,0.0000,data/unit_stats/source_exports/db/special_ability_phases_tables/data__.tsv,1327,9.0.1
wh3_dlc27_recipe_mark_of_vindictiveness_pain_iii,-1.0000,positive,,false,false,-0.0200,0.0000,0.0000,0.0000,0,0,false,0.0000,0.0000,false,0,,,,false,true,true,0.0000,,,false,0.0000,0.0000,false,0.0000,data/unit_stats/source_exports/db/special_ability_phases_tables/data__.tsv,1328,9.0.1
wh3_dlc27_spell_bound_acquiescence,25.0000,negative,,false,false,0.0000,0.0000,0.0000,0.0000,0,0,false,0.0000,0.0000,false,0,,wh3_main_spell_slaanesh_acquiescence,wh3_main_spell_slaanesh_acquiescence,false,true,true,0.0000,,,false,0.0000,0.0000,false,0.0000,data/unit_stats/source_exports/db/special_ability_phases_tables/data__.tsv,1329,9.0.1
wh3_dlc27_spell_bound_hysterical_frenzy,28.0000,positive,,false,false,0.0000,0.0000,0.0000,0.0000,0,0,false,0.0000,0.0000,false,0,,wh3_main_spell_slaanesh_hysterical_frenzy,wh3_main_spell_slaanesh_hysterical_frenzy,false,true,true,0.0000,,,false,0.0000,0.0000,false,0.0000,data/unit_stats/source_exports/db/special_ability_phases_tables/data__.tsv,1330,9.0.1
wh3_dlc27_spell_heavens_chain_lightning,5.0000,negative,,false,false,0.0000,0.0000,0.0000,1.0000,4,75,false,0.0000,0.0000,false,0,,wh3_dlc27_heavens_chain_lighting,wh3_dlc27_spell_chain_lightning,false,true,true,0.0000,,wh3_dlc27_spell_heavens_chain_lightning,false,0.0000,0.0000,false,0.0000,data/unit_stats/source_exports/db/special_ability_phases_tables/data__.tsv,1331,9.0.1
wh3_dlc27_spell_mists_flensing_haar,24.0000,negative,,false,false,0.0000,0.0000,0.0000,0.0000,0,0,false,0.0000,0.0000,false,0,,wh3_dlc27_lore_of_mists_flensing_haar,,false,true,true,0.0000,,wh3_dlc27_spell_mists_flensing_haar,false,0.0000,0.0000,false,0.0000,data/unit_stats/source_exports/db/special_ability_phases_tables/data__.tsv,1332,9.0.1
wh3_dlc27_spell_mists_flensing_haar_upgraded,48.0000,negative,,false,false,0.0000,0.0000,0.0000,0.0000,0,0,false,0.0000,0.0000,false,0,,wh3_dlc27_lore_of_mists_flensing_haar,,false,true,true,0.0000,,wh3_dlc27_spell_mists_flensing_haar_upgraded,false,0.0000,0.0000,false,0.0000,data/unit_stats/source_exports/db/special_ability_phases_tables/data__.tsv,1333,9.0.1
wh3_dlc27_spell_mists_ladrielles_shroud,25.0000,positive,,false,false,-0.0300,0.0000,0.0000,0.0000,0,0,false,0.0000,0.0000,false,0,,wh3_dlc27_lore_of_mists_ladrielles_shroud,wh_ability_positive_banner,false,true,true,0.0000,,,false,0.0000,0.0000,false,0.0000,data/unit_stats/source_exports/db/special_ability_phases_tables/data__.tsv,1334,9.0.1
wh3_dlc27_spell_mists_ladrielles_shroud_upgraded,25.0000,positive,,false,false,-0.0300,0.0000,0.0000,1.0000,0,0,false,0.0000,0.0000,false,0,,wh3_dlc27_lore_of_mists_ladrielles_shroud,wh_ability_positive_banner,false,true,true,0.0000,,,false,0.0050,0.0000,false,0.0000,data/unit_stats/source_exports/db/special_ability_phases_tables/data__.tsv,1335,9.0.1
wh3_dlc27_spell_mists_mathlanns_spite,20.0000,negative,,false,false,0.0100,0.0000,0.0000,1.0000,30,1,false,0.0000,0.0000,false,0,,wh3_dlc27_lore_of_mists_mathlanns_spite,wh_ability_negative_banner,false,false,true,0.0000,,,false,0.0000,0.0000,false,0.0000,data/unit_stats/source_exports/db/special_ability_phases_tables/data__.tsv,1336,9.0.1
wh3_dlc27_spell_mists_mathlanns_spite_upgraded,30.0000,negative,,false,false,0.0100,0.0000,0.0000,1.0000,30,1,false,0.0000,0.0000,false,0,,wh3_dlc27_lore_of_mists_mathlanns_spite,wh_ability_negative_banner,false,false,true,0.0000,,,false,0.0000,0.0000,false,0.0000,data/unit_stats/source_exports/db/special_ability_phases_tables/data__.tsv,1337,9.0.1
wh3_dlc27_spell_mists_the_writhing_mist,24.0000,positive,,false,false,0.0000,0.0000,0.0000,0.0000,0,0,false,0.0000,0.0000,false,0,,,,false,true,false,0.0000,,,false,0.0000,0.0000,false,0.0000,data/unit_stats/source_exports/db/special_ability_phases_tables/data__.tsv,1338,9.0.1
wh3_dlc27_spell_mists_the_writhing_mist_enemies,24.0000,negative,,false,false,0.0000,0.0000,0.0000,0.0000,0,0,false,0.0000,0.0000,false,0,,,,false,false,true,0.0000,,,false,0.0000,0.0000,false,0.0000,data/unit_stats/source_exports/db/special_ability_phases_tables/data__.tsv,1339,9.0.1
wh3_dlc27_spell_mists_the_writhing_mist_enemies_upgraded,48.0000,negative,,false,false,0.0000,0.0000,0.0000,0.0000,0,0,false,0.0000,0.0000,false,0,,,,false,false,true,0.0000,,,false,0.0000,0.0000,false,0.0000,data/unit_stats/source_exports/db/special_ability_phases_tables/data__.tsv,1340,9.0.1
wh3_dlc27_spell_mists_the_writhing_mist_upgraded,48.0000,positive,,false,false,0.0000,0.0000,0.0000,0.0000,0,0,false,0.0000,0.0000,false,0,,,,false,true,false,0.0000,,,false,0.0000,0.0000,false,0.0000,data/unit_stats/source_exports/db/special_ability_phases_tables/data__.tsv,1341,9.0.1
wh3_dlc27_spell_mists_walk_between_worlds,22.0000,positive,,false,false,0.0000,0.0000,0.0000,0.0000,0,0,false,0.0000,0.0000,false,0,,wh3_dlc27_lore_of_mists_walk_between_worlds,wh3_dlc27_lore_of_mists_walk_between_worlds,false,true,true,0.0000,,,false,0.0000,0.0000,false,0.0000,data/unit_stats/source_exports/db/special_ability_phases_tables/data__.tsv,1342,9.0.1
wh3_dlc27_spell_mists_walk_between_worlds_upgraded,44.0000,positive,,false,false,0.0000,0.0000,0.0000,0.0000,0,0,false,0.0000,0.0000,false,0,,wh3_dlc27_lore_of_mists_walk_between_worlds_upgraded,wh3_dlc27_lore_of_mists_walk_between_worlds,false,true,true,0.0000,,,false,0.0000,0.0000,false,0.0000,data/unit_stats/source_exports/db/special_ability_phases_tables/data__.tsv,1343,9.0.1
wh3_dlc27_unit_abilities_consuming_hatred,25.0000,positive,,false,false,0.0000,0.0000,0.0000,0.0000,0,0,false,0.0000,0.0000,false,0,,wh3_dlc27_entity_preyton_dark_mist,wh_ability_positive_banner,false,true,true,0.0000,,,false,0.0000,0.0000,false,0.0000,data/unit_stats/source_exports/db/special_ability_phases_tables/data__.tsv,1344,9.0.1
wh3_dlc27_unit_abilities_elfish_healing_herbs,27.0000,positive,,false,false,-0.0100,0.0000,0.0000,1.0000,0,0,false,0.0000,0.0000,false,0,,wh3_dlc27_unit_abilities_elfish_healing_herbs,wh_main_item_abilities_potion_of_healing,false,true,false,0.0000,,,false,0.0060,0.0000,false,0.0000,data/unit_stats/source_exports/db/special_ability_phases_tables/data__.tsv,1345,9.0.1
wh3_dlc27_unit_abilities_perfect_predator,48.0000,positive,,false,false,0.0000,0.0000,0.0000,1.0000,0,-1,false,0.0000,0.0000,false,0,,wh3_dlc27_unit_abilities_perfect_predator,wh_ability_positive,false,true,true,0.0000,,,false,0.0035,0.0000,false,0.0000,data/unit_stats/source_exports/db/special_ability_phases_tables/data__.tsv,1346,9.0.1
wh3_dlc27_unit_contact_elixir_of_damnation,10.0000,negative,,false,false,0.0000,0.0000,0.0000,0.0000,0,0,false,0.0000,0.0000,false,0,,wh3_dlc27_lord_dechala_elixir_of_damnation_debuff,wh_ability_negative,false,false,true,0.0000,,,false,0.0000,0.0000,false,0.0000,data/unit_stats/source_exports/db/special_ability_phases_tables/data__.tsv,1347,9.0.1
wh3_dlc27_unit_contact_enriched_soporific_musk,10.0000,negative,,false,false,0.0000,0.0000,0.0000,0.0000,0,0,false,0.0000,0.0000,false,0,,,,false,true,true,0.0000,,,false,0.0000,0.0000,false,0.0000,data/unit_stats/source_exports/db/special_ability_phases_tables/data__.tsv,1348,9.0.1
wh3_dlc27_unit_contact_eroding_poison,10.0000,negative,,false,false,0.0000,0.0000,0.0000,2.0000,4,4,false,0.0000,0.0000,false,0,,,,false,false,true,0.0000,,,false,0.0000,0.0000,false,0.0000,data/unit_stats/source_exports/db/special_ability_phases_tables/data__.tsv,1349,9.0.1
wh3_dlc27_unit_passive_abyssal_cloak,-1.0000,positive,,false,false,0.0000,0.0000,0.0000,0.0000,0,0,false,0.0000,0.0000,false,0,,,,false,true,false,0.0000,,,false,0.0000,0.0000,false,0.0000,data/unit_stats/source_exports/db/special_ability_phases_tables/data__.tsv,1350,9.0.1
wh3_dlc27_unit_passive_abyssal_cloak_enemies,-1.0000,negative,,false,false,0.0000,0.0000,0.0000,0.0000,0,0,false,0.0000,0.0000,false,0,,,,false,true,false,0.0000,,,false,0.0000,0.0000,false,0.0000,data/unit_stats/source_exports/db/special_ability_phases_tables/data__.tsv,1351,9.0.1
wh3_dlc27_unit_passive_accomplished_fighter,-1.0000,positive,,false,false,0.0000,0.0000,0.0000,0.0000,0,-1,false,0.2000,0.0000,false,0,,,,false,true,true,0.0000,,,false,0.0000,0.0000,false,0.0000,data/unit_stats/source_exports/db/special_ability_phases_tables/data__.tsv,1352,9.0.1
wh3_dlc27_unit_passive_barrier_boost,10.0000,positive,,false,false,0.0000,0.0000,0.0000,1.0000,0,-1,false,0.0000,0.0000,false,0,,wh3_dlc20_ability_passive_vessel_of_chaos,,false,true,true,0.0000,,,false,0.0000,0.1000,false,0.0000,data/unit_stats/source_exports/db/special_ability_phases_tables/data__.tsv,1353,9.0.1
wh3_dlc27_unit_passive_battle_songs,-1.0000,positive,,false,false,0.0000,0.0000,0.0000,0.0000,0,-1,false,0.0000,0.0000,false,0,,,,false,true,false,0.0000,,,false,0.0000,0.0000,false,0.0000,data/unit_stats/source_exports/db/special_ability_phases_tables/data__.tsv,1354,9.0.1
wh3_dlc27_unit_passive_burrowing_instinct,-1.0000,positive,rebirth,false,false,0.0000,0.0000,0.0000,0.0000,0,0,false,0.0000,0.0000,false,0,,,,false,true,true,0.0000,,,false,0.0000,0.0000,false,0.0000,data/unit_stats/source_exports/db/special_ability_phases_tables/data__.tsv,1355,9.0.1
wh3_dlc27_unit_passive_dual_personality_betrayer,-1.0000,positive,,false,false,0.0000,0.0000,0.0000,0.0000,0,-1,false,0.0000,0.0000,false,0,,wh3_dlc27_unit_cursed_ettin_buff_entity_betrayer,,false,true,true,0.0000,,,false,0.0000,0.0000,false,0.0000,data/unit_stats/source_exports/db/special_ability_phases_tables/data__.tsv,1356,9.0.1
wh3_dlc27_unit_passive_dual_personality_chaosbrand,-1.0000,positive,,false,false,0.0000,0.0000,0.0000,1.0000,0,-1,false,0.2000,0.0700,false,0,,wh3_dlc27_unit_cursed_ettin_buff_entity_betrayer,,false,true,true,0.0000,,,false,0.0010,0.0000,false,0.0000,data/unit_stats/source_exports/db/special_ability_phases_tables/data__.tsv,1357,9.0.1
wh3_dlc27_unit_passive_dual_personality_defiler,-1.0000,negative,,false,false,0.0000,0.0000,0.0000,0.0000,0,0,false,0.0000,0.0000,false,0,,wh3_dlc23_sorcerous_miasma,,false,true,true,0.0000,,,false,0.0000,0.0000,true,0.0000,data/unit_stats/source_exports/db/special_ability_phases_tables/data__.tsv,1358,9.0.1
wh3_dlc27_unit_passive_dual_personality_defiler_self,-1.0000,positive,,false,false,0.0000,0.0000,0.0000,0.0000,0,0,false,0.0000,0.0000,false,0,,wh3_dlc27_unit_cursed_ettin_buff_entity_betrayer,,false,true,false,0.0000,,,false,0.0000,0.0000,false,0.0000,data/unit_stats/source_exports/db/special_ability_phases_tables/data__.tsv,1359,9.0.1
wh3_dlc27_unit_passive_dual_personality_savage,-1.0000,positive,,false,false,0.0000,0.0000,0.0000,1.0000,0,-1,false,0.0000,0.0000,false,0,,wh3_dlc27_unit_cursed_ettin_buff_entity,wh3_dlc27_unit_passive_cursed_savage,false,true,true,0.0000,,,false,0.0010,0.0000,false,0.0000,data/unit_stats/source_exports/db/special_ability_phases_tables/data__.tsv,1360,9.0.1
wh3_dlc27_unit_passive_endless_malice,-1.0000,negative,,false,false,0.0000,0.0000,0.0000,0.0000,0,0,false,0.0000,0.0000,false,0,,,,false,true,true,0.0000,,,false,0.0000,0.0000,false,0.0000,data/unit_stats/source_exports/db/special_ability_phases_tables/data__.tsv,1361,9.0.1
wh3_dlc27_unit_passive_enfeebling_cold,-1.0000,negative,,false,false,0.0000,0.0000,0.0000,0.0000,0,0,false,0.0000,0.0000,false,0,,wh3_dlc27_merwyrm_enfeebling_cold,wh3_dlc27_unit_passive_enfeebling_cold,false,false,true,0.0000,,,false,0.0000,0.0000,false,0.0000,data/unit_stats/source_exports/db/special_ability_phases_tables/data__.tsv,1362,9.0.1
wh3_dlc27_unit_passive_momentum,15.0000,positive,,false,false,0.0000,0.0000,0.0000,0.0000,0,-1,false,0.0000,0.0000,false,0,,,,false,true,true,0.0000,,,false,0.0000,0.0000,false,0.0000,data/unit_stats/source_exports/db/special_ability_phases_tables/data__.tsv,1363,9.0.1
wh3_dlc27_unit_passive_murderous_euphoria_i,25.0000,positive,,false,false,0.0000,0.0000,0.0000,0.0000,0,-1,false,0.0000,0.0000,false,0,,,,false,true,false,0.0000,,,false,0.0000,0.0000,false,0.0000,data/unit_stats/source_exports/db/special_ability_phases_tables/data__.tsv,1364,9.0.1
wh3_dlc27_unit_passive_murderous_euphoria_ii,25.0000,positive,,false,false,0.0000,0.0000,0.0000,0.0000,0,-1,false,0.0000,0.0000,false,0,,,,false,true,false,0.0000,,,false,0.0000,0.0000,false,0.0000,data/unit_stats/source_exports/db/special_ability_phases_tables/data__.tsv,1365,9.0.1
wh3_dlc27_unit_passive_murderous_euphoria_iii,-1.0000,positive,,false,false,0.0000,0.0000,0.0000,0.0000,0,-1,false,0.0000,0.0000,false,0,wh2_dlc16_unit_contact_weakened,,,false,true,false,0.0000,,,false,0.0000,0.0000,false,0.0000,data/unit_stats/source_exports/db/special_ability_phases_tables/data__.tsv,1366,9.0.1
wh3_dlc27_unit_passive_pleasure_through_pain,-1.0000,positive,,false,false,0.0000,0.0000,0.0000,0.0000,0,-1,false,0.0000,0.0000,false,0,,,,false,true,true,0.0000,,,false,0.0000,0.0000,false,0.0000,data/unit_stats/source_exports/db/special_ability_phases_tables/data__.tsv,1367,9.0.1
wh3_dlc27_unit_passive_poisonous_blood,-1.0000,positive,,false,false,0.0000,0.0000,0.0000,0.0000,0,-1,false,0.0000,0.0000,false,0,,,,false,true,true,0.0000,,,false,0.0000,0.0000,false,0.0000,data/unit_stats/source_exports/db/special_ability_phases_tables/data__.tsv,1368,9.0.1
wh3_dlc27_unit_passive_relish_the_pain,-1.0000,positive,,false,false,0.0000,0.0000,0.0000,0.0000,0,0,false,0.0000,0.0000,false,0,,wh_main_generic_buff_attack_passive,,false,true,true,0.0000,,,false,0.0000,0.0000,false,0.0000,data/unit_stats/source_exports/db/special_ability_phases_tables/data__.tsv,1369,9.0.1
wh3_dlc27_unit_passive_unbinding_giant_spawn_of_sla,115.0000,negative,,false,false,0.0000,0.0000,0.0000,1.0000,0,0,false,0.0000,0.0000,false,0,,wh_main_bound_entity_energy_small,wh2_dlc13_ability_summon_unbinding_generic_small_phase_01,false,true,true,0.0000,,,false,0.0000,0.0000,false,0.0000,data/unit_stats/source_exports/db/special_ability_phases_tables/data__.tsv,1370,9.0.1
wh3_dlc27_unit_passive_unbinding_merwyrm_summoned,17.0000,negative,,false,false,0.0000,0.0000,0.0000,1.0000,0,0,false,0.0000,0.0000,false,0,,wh_main_bound_entity_energy_large,wh2_dlc13_ability_summon_unbinding_generic_large_phase_01,false,true,true,0.0000,,,false,0.0000,0.0000,false,0.0000,data/unit_stats/source_exports/db/special_ability_phases_tables/data__.tsv,1371,9.0.1
wh3_dlc27_unit_passive_unbinding_oceanids_summoned,36.0000,negative,,false,false,0.0000,0.0000,0.0000,1.0000,0,0,false,0.0000,0.0000,false,0,,wh_main_bound_entity_energy_large,wh2_dlc13_ability_summon_unbinding_generic_large_phase_01,false,true,true,0.0000,,,false,0.0000,0.0000,false,0.0000,data/unit_stats/source_exports/db/special_ability_phases_tables/data__.tsv,1372,9.0.1
wh3_dlc27_weapon_abilities_eagle_feather_torc,10.0000,positive,,false,false,0.0000,0.0000,0.0000,1.0000,0,0,false,0.0000,0.0000,false,0,,wh_main_generic_buff_attack_banner,wh_ability_positive_one_shot,false,true,true,0.0000,,,false,0.0000,0.1000,false,0.0000,data/unit_stats/source_exports/db/special_ability_phases_tables/data__.tsv,1373,9.0.1
wh3_dlc27_weapon_abilities_frokis_forge_hammer,24.0000,positive,,false,false,0.0000,0.0000,0.0000,0.0000,0,0,false,0.0000,0.0000,false,0,,wh_main_generic_buff_attack,wh_ability_positive,false,true,true,0.0000,,,false,0.0000,0.0000,false,0.0000,data/unit_stats/source_exports/db/special_ability_phases_tables/data__.tsv,1374,9.0.1
wh3_dlc27_weapon_abilities_the_phoenix_blade,21.0000,positive,,false,false,0.0000,0.0000,0.0000,0.0000,0,0,false,0.0000,0.0000,false,0,wh2_dlc12_unit_contact_flammable,wh3_dlc27_item_ability_phoenix_blade,wh_main_spell_fire_flaming_sword_of_rhuin,false,true,false,0.0000,,,false,0.0000,0.0000,false,0.0000,data/unit_stats/source_exports/db/special_ability_phases_tables/data__.tsv,1375,9.0.1
wh3_dlc27_weapon_passive_the_viperous_staff,12.0000,positive,,false,false,0.0000,0.0000,0.0000,0.0000,0,-1,false,0.0000,0.0000,false,0,wh_main_unit_contact_poison,,,false,true,true,0.0000,,,false,0.0000,0.0000,false,0.0000,data/unit_stats/source_exports/db/special_ability_phases_tables/data__.tsv,1376,9.0.1
wh3_dlc29,-1.0000,positive,,false,false,0.0000,0.0000,0.0000,1.0000,0,0,false,0.0000,0.0000,false,0,,,,false,true,true,0.0000,,,false,0.0020,0.0000,false,0.0000,data/unit_stats/source_exports/db/special_ability_phases_tables/data__.tsv,1377,9.0.1
wh3_dlc29_ability_death_mark_of_the_dreadknight,16.0000,positive,,false,false,0.0000,0.0000,0.0000,0.0000,0,0,false,0.0000,0.0000,true,0,,wh_main_spell_death_aspect_of_the_dreadknight,wh_main_spell_death_aspect_of_the_dreadknight,false,true,true,0.0000,,,false,0.0000,0.0000,false,0.0000,data/unit_stats/source_exports/db/special_ability_phases_tables/data__.tsv,1378,9.0.1
wh3_dlc29_army_abilities_mark_plague_spawned_i,28.0000,positive,,false,false,0.0000,0.0000,0.0000,0.0000,0,-1,false,0.0000,0.0000,false,0,,wh3_main_army_abilities_fecundity,,false,true,true,0.0000,,,false,0.0000,0.0000,false,0.0000,data/unit_stats/source_exports/db/special_ability_phases_tables/data__.tsv,1379,9.0.1
wh3_dlc29_army_abilities_mark_rot_forged_legionaries_i,28.0000,positive,,false,false,0.0000,0.0000,0.0000,0.0000,0,-1,false,0.0000,0.0000,false,0,,wh3_main_army_abilities_fecundity,,false,true,true,0.0000,,,false,0.0000,0.0000,false,0.0000,data/unit_stats/source_exports/db/special_ability_phases_tables/data__.tsv,1380,9.0.1
wh3_dlc29_army_abilities_scruten_clanstone,48.0000,positive,,false,false,0.0000,0.0000,0.0000,0.0000,0,0,false,0.0000,0.0000,false,0,,,wh2_main_ability_skryre_clanstone,false,true,true,0.0000,,,false,0.0000,0.0000,false,0.0000,data/unit_stats/source_exports/db/special_ability_phases_tables/data__.tsv,1381,9.0.1
wh3_dlc29_character_abilities_eternal_vigour,26.0000,positive,,false,false,0.0000,0.0000,0.0000,0.0000,0,0,false,0.0000,0.0000,false,0,,,,false,true,false,0.0000,,,false,0.0000,0.0000,false,0.0000,data/unit_stats/source_exports/db/special_ability_phases_tables/data__.tsv,1382,9.0.1
wh3_dlc29_character_active_mark_of_the_monster,32.0000,negative,,false,false,0.0000,0.0000,0.0000,1.0000,38,1,false,0.0000,0.0000,false,0,,wh3_dlc25_nur_debuff,wh2_dlc11_ability_fog_of_the_damned_debuff,false,true,true,0.0000,,,false,0.0000,0.0000,false,0.0000,data/unit_stats/source_exports/db/special_ability_phases_tables/data__.tsv,1383,9.0.1
wh3_dlc29_character_passive_champion_of_undeath,-1.0000,positive,,false,false,0.0000,0.0000,0.0000,0.0000,0,0,false,0.0000,0.0000,false,0,,,,false,false,false,0.0000,,,false,0.0000,0.0000,false,0.0000,data/unit_stats/source_exports/db/special_ability_phases_tables/data__.tsv,1384,9.0.1
wh3_dlc29_character_passive_infusion_from_the_realm_of_souls,-1.0000,positive,,false,false,0.0000,0.0000,0.0000,1.0000,0,0,false,0.0000,0.0000,false,0,,wh_main_generic_hp_regen_passive,,false,true,true,0.0000,,,false,0.0100,0.0000,false,0.0000,data/unit_stats/source_exports/db/special_ability_phases_tables/data__.tsv,1385,9.0.1
wh3_dlc29_character_passive_legion_commander,-1.0000,positive,,false,false,0.0000,0.0000,0.0000,0.0000,0,0,false,0.0000,0.0000,true,0,,,,false,true,false,0.0000,,,false,0.0000,0.0000,false,0.0000,data/unit_stats/source_exports/db/special_ability_phases_tables/data__.tsv,1386,9.0.1
wh3_dlc29_character_passive_mortarch_of_despair,10.0000,positive,,false,false,0.0000,0.0000,0.0000,1.0000,0,0,false,0.0000,0.0000,false,0,,,,false,false,false,0.0000,,,false,0.0160,0.0000,false,0.0000,data/unit_stats/source_exports/db/special_ability_phases_tables/data__.tsv,1387,9.0.1
wh3_dlc29_character_passive_nurgles_rot,-1.0000,negative,,false,false,0.0000,0.0000,0.0000,1.0000,8,4,false,0.0000,0.0000,false,0,,wh3_dlc29_nurgle_rot_ability,,false,true,true,0.0000,,,false,0.0000,0.0000,false,0.0000,data/unit_stats/source_exports/db/special_ability_phases_tables/data__.tsv,1388,9.0.1
wh3_dlc29_character_passive_winterborn_bastion,-1.0000,positive,,false,false,0.0000,0.0000,0.0000,0.0000,0,-1,false,0.0000,0.0000,false,0,,,,false,true,false,0.0000,,,false,0.0000,0.0000,false,0.0000,data/unit_stats/source_exports/db/special_ability_phases_tables/data__.tsv,1389,9.0.1
wh3_dlc29_contact_lesser_withering,10.0000,negative,,false,false,0.0000,0.0000,0.0000,0.0000,0,0,false,0.0000,0.0000,false,0,,,,false,true,true,0.0000,,,false,0.0000,0.0000,false,0.0000,data/unit_stats/source_exports/db/special_ability_phases_tables/data__.tsv,1390,9.0.1
wh3_dlc29_contact_mortis_blade,1.0000,negative,,false,false,0.0000,0.0000,0.0000,1.0000,12,25,false,0.0000,0.0000,false,0,,,,true,false,true,0.0000,,,false,0.0000,0.0000,false,0.0000,data/unit_stats/source_exports/db/special_ability_phases_tables/data__.tsv,1391,9.0.1
wh3_dlc29_contact_phase_legbiter,10.0000,negative,,false,false,0.0000,0.0000,0.0000,0.0000,0,0,false,0.0000,0.0000,false,0,,wh3_dlc24_dark_blood,wh_ability_negative_one_shot,false,false,true,0.0000,,,false,0.0000,0.0000,false,0.0000,data/unit_stats/source_exports/db/special_ability_phases_tables/data__.tsv,1392,9.0.1
wh3_dlc29_contact_soul_feast,1.0000,negative,,false,false,0.0000,0.0000,0.0000,1.0000,15,10,false,0.0000,0.0000,false,0,,,,true,false,true,0.0000,,,false,0.0000,0.0000,false,0.0000,data/unit_stats/source_exports/db/special_ability_phases_tables/data__.tsv,1393,9.0.1
wh3_dlc29_contact_spiteful_wounds,30.0000,negative,,false,false,0.0000,0.0000,0.0000,1.0000,6,-1,false,0.0000,0.0000,false,0,,,,false,true,true,0.0000,,,false,0.0000,0.0000,false,0.0000,data/unit_stats/source_exports/db/special_ability_phases_tables/data__.tsv,1394,9.0.1
wh3_dlc29_cst_necrofex_colossus_abandon_ship_upgraded,1.0000,positive,,false,false,0.0000,0.0000,0.0000,1.0000,3,1,false,0.0000,0.0000,false,0,,,wh2_dlc11_ability_abandon_ship,false,true,true,0.0000,,,false,0.0000,0.0000,false,0.0000,data/unit_stats/source_exports/db/special_ability_phases_tables/data__.tsv,1395,9.0.1
wh3_dlc29_hero_abililties_blood_chalice,8.0000,positive,,false,false,0.0000,0.0000,0.0000,1.0000,0,0,false,0.0000,0.0000,false,0,,wh2_main_unit_passive_rebirth,wh_ability_positive_one_shot,false,true,true,0.0000,,,false,0.0160,0.0000,false,0.0000,data/unit_stats/source_exports/db/special_ability_phases_tables/data__.tsv,1396,9.0.1
wh3_dlc29_hero_abilities_coat_in_blood,17.0000,positive,,false,false,0.0000,0.0000,0.0000,0.0000,0,0,false,0.0000,0.0000,false,10,,wh_main_generic_buff_attack_banner,wh_ability_positive_one_shot,false,true,true,0.0000,,,false,0.0000,0.0000,false,0.0000,data/unit_stats/source_exports/db/special_ability_phases_tables/data__.tsv,1397,9.0.1
wh3_dlc29_hero_abilities_whispering_mist,32.0000,negative,,false,false,0.0100,0.0000,0.0000,0.0000,0,0,false,0.0000,0.0000,false,0,,wh3_dlc29_ability_whispering_mist,wh_ability_negative,false,true,true,0.0000,,,false,0.0000,0.0000,false,0.0000,data/unit_stats/source_exports/db/special_ability_phases_tables/data__.tsv,1398,9.0.1
wh3_dlc29_hero_active_dispatch_the_swarm_attack,24.0000,negative,,false,false,0.0100,0.0000,0.0000,0.0000,0,0,false,0.0000,0.0000,false,0,,wh3_dlc29_dispatch_the_swarm_attack,wh3_dlc29_nur_abilities_dispatch_the_swarm_attack,false,true,true,0.0000,,wh3_dlc29_hero_active_dispatch_the_swarm_attack,false,0.0000,0.0000,false,0.0000,data/unit_stats/source_exports/db/special_ability_phases_tables/data__.tsv,1399,9.0.1
wh3_dlc29_hero_active_dispatch_the_swarm_attack_upgraded,24.0000,negative,,false,false,0.0400,0.0000,0.0000,1.0000,4,10,false,0.0000,0.0000,false,0,,wh3_dlc29_dispatch_the_swarm_attack,wh3_dlc29_nur_abilities_dispatch_the_swarm_attack,false,true,true,0.0000,,wh3_dlc29_hero_active_dispatch_the_swarm_attack,false,0.0000,0.0000,false,0.0000,data/unit_stats/source_exports/db/special_ability_phases_tables/data__.tsv,1400,9.0.1
wh3_dlc29_hero_active_dispatch_the_swarm_protect,30.0000,positive,,false,false,0.0000,0.0000,0.0000,0.0000,0,0,false,0.0000,0.0000,false,0,,wh3_dlc29_dispatch_the_swarm_protect,wh3_dlc29_nur_abilities_dispatch_the_swarm_protect,false,true,true,0.0000,,wh3_dlc29_hero_active_dispatch_the_swarm_protect,false,0.0000,0.0000,false,0.0000,data/unit_stats/source_exports/db/special_ability_phases_tables/data__.tsv,1401,9.0.1
wh3_dlc29_hero_active_dispatch_the_swarm_protect_upgraded,30.0000,positive,,false,false,0.0000,0.0000,0.0000,0.0000,0,0,false,0.0000,0.0000,false,0,,wh3_dlc29_dispatch_the_swarm_protect,wh3_dlc29_nur_abilities_dispatch_the_swarm_protect,false,true,true,0.0000,,wh3_dlc29_hero_active_dispatch_the_swarm_protect,false,0.0000,0.0000,false,0.0000,data/unit_stats/source_exports/db/special_ability_phases_tables/data__.tsv,1402,9.0.1
wh3_dlc29_hero_active_ghostly_howl,8.0000,negative,,false,false,0.0000,0.0000,0.0000,1.0000,16,25,false,0.0000,0.0000,false,0,,wh2_dlc11_deep_debuff_attack,wh2_dlc11_ability_enthrallment,false,true,true,0.0000,,,false,0.0000,0.0000,false,0.0000,data/unit_stats/source_exports/db/special_ability_phases_tables/data__.tsv,1403,9.0.1
wh3_dlc29_hero_active_glory_seeker,24.0000,negative,,true,false,0.0000,0.0000,0.0000,0.0000,0,0,false,0.0000,0.0000,false,0,,wh3_dlc29_glory_seeker_ability,wh3_dlc29_hero_active_glory_seeker,false,true,true,0.0000,,,false,0.0000,0.0000,false,0.0000,data/unit_stats/source_exports/db/special_ability_phases_tables/data__.tsv,1404,9.0.1
wh3_dlc29_hero_active_glory_seeker_upgraded,36.0000,negative,,true,false,0.0000,0.0000,0.0000,0.0000,0,0,false,0.0000,0.0000,false,0,,wh3_dlc29_glory_seeker_ability,wh3_dlc29_hero_active_glory_seeker_upgraded,false,true,true,0.0000,,,false,0.0000,0.0000,false,0.0000,data/unit_stats/source_exports/db/special_ability_phases_tables/data__.tsv,1405,9.0.1
wh3_dlc29_hero_active_overseer_of_the_unseen,44.0000,positive,,false,false,0.0000,0.0000,0.0000,0.0000,0,0,false,0.0000,0.0000,false,0,,wh3_dlc29_overseer_of_the_unseen,wh3_dlc29_nur_abilities_overseer_of_the_unseeen,false,true,false,0.0000,,,false,0.0000,0.0000,false,0.0000,data/unit_stats/source_exports/db/special_ability_phases_tables/data__.tsv,1406,9.0.1
wh3_dlc29_hero_active_tendrils_of_the_sea,24.0000,negative,,false,false,0.0000,0.0000,0.0000,0.0000,0,0,false,0.0000,0.0000,false,0,,wh3_dlc_29_gutrot_spume_tendrils_of_the_sea,wh3_dlc29_nur_abilities_tendrils_of_the_sea,false,true,true,0.0000,,,false,0.0000,0.0000,false,0.0000,data/unit_stats/source_exports/db/special_ability_phases_tables/data__.tsv,1407,9.0.1
wh3_dlc29_hero_passive_blessing_of_ulric,-1.0000,positive,,false,false,0.0000,0.0000,0.0000,0.0000,0,0,false,0.0000,0.0000,false,0,,wh_main_generic_ward_save_magic_passive,,false,true,true,0.0000,,,false,0.0000,0.0000,false,0.0000,data/unit_stats/source_exports/db/special_ability_phases_tables/data__.tsv,1408,9.0.1
wh3_dlc29_hero_passive_champion_of_service,-1.0000,positive,,false,false,0.0000,0.0000,0.0000,0.0000,0,0,false,0.0000,0.0000,false,0,,,,false,true,false,0.0000,,,false,0.0000,0.0000,false,0.0000,data/unit_stats/source_exports/db/special_ability_phases_tables/data__.tsv,1409,9.0.1
wh3_dlc29_hero_passive_champion_of_service_upgraded,-1.0000,positive,,false,false,0.0000,0.0000,0.0000,0.0000,0,0,false,0.0000,0.0000,false,0,,,,false,true,false,0.0000,,,false,0.0000,0.0000,false,0.0000,data/unit_stats/source_exports/db/special_ability_phases_tables/data__.tsv,1410,9.0.1
wh3_dlc29_hero_passive_channel_the_divine,12.0000,positive,,false,false,0.0000,0.0000,0.0000,0.0000,0,0,false,0.0000,0.0000,false,0,,,,false,true,true,0.0000,,,false,0.0000,0.0000,false,0.0000,data/unit_stats/source_exports/db/special_ability_phases_tables/data__.tsv,1411,9.0.1
wh3_dlc29_hero_passive_daemon_flies,7.0000,negative,,false,false,0.0000,0.0000,0.0000,1.0000,6,10,false,0.0000,0.0000,false,0,,wh_main_generic_hp_damage_passive,,false,false,true,0.0000,,wh3_dlc29_hero_passive_daemon_flies,false,0.0000,0.0000,false,0.0000,data/unit_stats/source_exports/db/special_ability_phases_tables/data__.tsv,1412,9.0.1
wh3_dlc29_hero_passive_daemonic_acid_ichor_enemy,-1.0000,negative,,false,false,0.0000,0.0000,0.0000,1.0000,16,2,false,0.0000,0.0000,false,0,,wh_main_generic_hp_damage_passive,wh_ability_negative_banner,false,true,true,0.0000,,,false,0.0000,0.0000,false,0.0000,data/unit_stats/source_exports/db/special_ability_phases_tables/data__.tsv,1413,9.0.1
wh3_dlc29_hero_passive_daemonic_acid_ichor_self,-1.0000,positive,,false,false,0.0000,0.0000,0.0000,1.0000,0,0,false,0.0000,0.0000,false,0,,wh3_dlc_29_daemonic_acid_ichor,wh3_dlc29_hero_passive_daemonic_acid_ichor_self,false,true,true,0.0000,,,false,0.0010,0.0000,false,0.0000,data/unit_stats/source_exports/db/special_ability_phases_tables/data__.tsv,1414,9.0.1
wh3_dlc29_hero_passive_dominate,10.0000,negative,,false,false,0.0200,0.0000,0.0000,2.0000,4,25,false,0.0000,0.0000,false,0,,wh3_dlc29_ability_dominate,wh_ability_negative,false,true,true,0.0000,,,false,0.0000,0.0000,false,0.0000,data/unit_stats/source_exports/db/special_ability_phases_tables/data__.tsv,1415,9.0.1
wh3_dlc29_hero_passive_hold_the_line,-1.0000,positive,,false,false,0.0000,0.0000,0.0000,0.0000,0,0,false,0.0000,0.0000,false,0,,wh_main_generic_buff_defence_morale_passive,,false,true,true,0.0000,,,false,0.0000,0.0000,false,0.0000,data/unit_stats/source_exports/db/special_ability_phases_tables/data__.tsv,1416,9.0.1
wh3_dlc29_hero_passive_impetuous_courage,1.0000,positive,,false,false,-0.4000,0.0000,0.0000,1.0000,0,0,false,0.0000,0.0000,false,0,,wh2_main_unit_passive_rebirth,,false,true,true,0.0000,,,false,0.1500,0.0000,false,0.0000,data/unit_stats/source_exports/db/special_ability_phases_tables/data__.tsv,1417,9.0.1
wh3_dlc29_hero_passive_invigorator_of_the_dead,-1.0000,positive,,false,false,0.0000,0.0000,0.0000,0.0000,0,0,false,0.0000,0.0000,false,0,,,,false,true,true,0.0000,,,false,0.0000,0.0000,false,0.0000,data/unit_stats/source_exports/db/special_ability_phases_tables/data__.tsv,1418,9.0.1
wh3_dlc29_hero_passive_kraken_hunter,-1.0000,positive,,false,false,0.0000,0.0000,0.0000,0.0000,0,-1,false,0.0000,0.0000,false,0,,wh_main_generic_buff_attack_passive,wh_ability_positive,false,true,true,0.0000,,,false,0.0000,0.0000,false,0.0000,data/unit_stats/source_exports/db/special_ability_phases_tables/data__.tsv,1419,9.0.1
wh3_dlc29_hero_passive_lethal_duelist,-1.0000,positive,,false,false,0.0000,0.0000,0.0000,0.0000,0,0,false,0.0000,0.0000,false,0,,,,false,true,true,0.0000,,,false,0.0000,0.0000,false,0.0000,data/unit_stats/source_exports/db/special_ability_phases_tables/data__.tsv,1420,9.0.1
wh3_dlc29_hero_passive_lord_of_nurglings,-1.0000,positive,,false,false,-0.0100,0.0000,0.0000,1.0000,0,0,true,0.0000,0.0000,false,0,,wh3_main_lord_passive_nurgling_infestation,,false,true,true,0.0000,,,false,0.0025,0.0000,false,0.0000,data/unit_stats/source_exports/db/special_ability_phases_tables/data__.tsv,1421,9.0.1
wh3_dlc29_hero_passive_mark_blight_squire,-1.0000,positive,,false,false,0.0000,0.0000,0.0000,1.0000,0,0,false,0.0000,0.0000,false,0,,,,false,true,true,0.0000,,,false,0.0020,0.0000,false,0.0000,data/unit_stats/source_exports/db/special_ability_phases_tables/data__.tsv,1422,9.0.1
wh3_dlc29_hero_passive_sacred_oath,-1.0000,positive,,false,false,0.0000,0.0000,0.0000,0.0000,0,0,false,0.0000,0.0000,false,0,,,,false,true,true,0.0000,,,false,0.0000,0.0000,false,0.0000,data/unit_stats/source_exports/db/special_ability_phases_tables/data__.tsv,1423,9.0.1
wh3_dlc29_hero_passive_seduction,10.0000,negative,,false,false,0.0000,0.0000,0.0000,0.0000,0,-1,false,0.0000,0.0000,false,0,,,,false,true,true,0.0000,,,false,0.0000,0.0000,false,0.0000,data/unit_stats/source_exports/db/special_ability_phases_tables/data__.tsv,1424,9.0.1
wh3_dlc29_hero_passive_sworn_bodyguard,-1.0000,positive,,false,false,0.0000,0.0000,0.0000,0.0000,0,0,false,0.0000,0.0000,false,0,,wh_main_generic_ward_save_all,,false,true,true,0.0000,,,false,0.0000,0.0000,false,0.0000,data/unit_stats/source_exports/db/special_ability_phases_tables/data__.tsv,1425,9.0.1
wh3_dlc29_hero_passive_sworn_bodyguard_upgraded,-1.0000,positive,,false,false,0.0000,0.0000,0.0000,0.0000,0,0,false,0.0000,0.0000,false,0,,wh_main_generic_ward_save_all,,false,true,true,0.0000,,,false,0.0000,0.0000,false,0.0000,data/unit_stats/source_exports/db/special_ability_phases_tables/data__.tsv,1426,9.0.1
wh3_dlc29_hero_passive_tripletongue,-1.0000,negative,,false,false,0.0000,0.0000,0.0000,0.0000,0,0,false,0.0000,0.0000,false,0,,wh3_dlc25_nur_debuff,,false,true,true,0.0000,,,false,0.0000,0.0000,false,0.0000,data/unit_stats/source_exports/db/special_ability_phases_tables/data__.tsv,1427,9.0.1
wh3_dlc29_hero_passive_whippermaw,-1.0000,negative,,false,false,0.0100,0.0000,0.0000,0.0000,0,0,false,0.0000,0.0000,false,0,,wh_main_generic_debuff_attack,,false,true,true,0.0000,,,false,0.0000,0.0000,false,0.0000,data/unit_stats/source_exports/db/special_ability_phases_tables/data__.tsv,1428,9.0.1
wh3_dlc29_item_abilities_alakanash_the_staff_of_power,21.0000,negative,,false,false,0.0000,0.0000,0.0000,0.2000,4,10,false,0.0000,0.0000,false,0,,wh3_dlc27_mark_of_asuryan,wh3_dlc27_character_passive_mark_of_asuryan,false,false,true,0.0000,wh3_dlc29_lord_nagash_staff_of_power,,false,0.0000,0.0000,false,0.0000,data/unit_stats/source_exports/db/special_ability_phases_tables/data__.tsv,1429,9.0.1
wh3_dlc29_item_abilities_armour_of_the_burrows,27.0000,negative,,false,false,0.0000,0.0000,0.0000,0.0000,0,0,false,0.0000,0.0000,false,0,,,,false,false,true,0.0000,,,false,0.0000,0.0000,true,0.0000,data/unit_stats/source_exports/db/special_ability_phases_tables/data__.tsv,1430,9.0.1
wh3_dlc29_item_abilities_black_axe_of_krell,31.0000,positive,,false,false,0.0000,0.0000,0.0000,0.0000,0,0,false,0.0000,0.0000,false,0,wh3_dlc26_unit_contact_disemboweled,,,false,false,false,0.0000,,,false,0.0000,0.0000,false,0.0000,data/unit_stats/source_exports/db/special_ability_phases_tables/data__.tsv,1431,9.0.1
wh3_dlc29_item_abilities_collar_of_shapesh,-1.0000,positive,,false,false,0.0000,0.0000,0.0000,0.0000,0,0,false,0.0000,0.0000,false,0,,wh_main_generic_buff_defence,wh_ability_positive_one_shot,false,false,false,0.0000,,,false,0.0000,0.0000,false,0.0000,data/unit_stats/source_exports/db/special_ability_phases_tables/data__.tsv,1432,9.0.1
wh3_dlc29_item_abilities_crimson_blade_i,30.0000,positive,,false,false,0.0000,0.0000,0.0000,0.0000,0,0,false,0.0000,0.0000,true,0,wh3_dlc26_unit_contact_disemboweled,wh3_dlc20_abilities_giver_of_furious_glory,wh_ability_positive,false,true,true,0.0000,,,false,0.0000,0.0000,false,0.0000,data/unit_stats/source_exports/db/special_ability_phases_tables/data__.tsv,1433,9.0.1
wh3_dlc29_item_abilities_crimson_blade_ii,30.0000,positive,,false,false,0.0000,0.0000,0.0000,0.0000,0,0,false,0.0000,0.0000,true,0,wh2_dlc11_unit_contact_disrupted,wh3_dlc20_abilities_giver_of_furious_glory,wh_ability_positive,false,true,true,0.0000,,,false,0.0000,0.0000,false,0.0000,data/unit_stats/source_exports/db/special_ability_phases_tables/data__.tsv,1434,9.0.1
wh3_dlc29_item_abilities_crimson_blade_iii,30.0000,positive,,false,false,0.0000,0.0000,0.0000,0.0000,0,0,false,0.0000,0.0000,true,0,wh3_main_character_abilities_crippling_throw,wh3_dlc20_abilities_giver_of_furious_glory,wh_ability_positive,false,true,true,0.0000,,,false,0.0000,0.0000,false,0.0000,data/unit_stats/source_exports/db/special_ability_phases_tables/data__.tsv,1435,9.0.1
wh3_dlc29_item_abilities_doom_glaive,27.0000,positive,,false,false,0.0000,0.0000,0.0000,0.0000,0,0,false,0.0000,0.0000,false,0,,wh_main_generic_buff_attack,wh_ability_positive,false,true,true,0.0000,,,false,0.0000,0.0000,false,0.0000,data/unit_stats/source_exports/db/special_ability_phases_tables/data__.tsv,1436,9.0.1
wh3_dlc29_item_abilities_enhanced_skavenbrew,60.0000,positive,,false,false,0.0000,0.0000,0.0000,0.0000,0,0,false,0.0000,0.0000,false,0,,wh_main_generic_buff_attack,wh_ability_positive,false,true,true,0.0000,,,false,0.0000,0.0000,false,0.0000,data/unit_stats/source_exports/db/special_ability_phases_tables/data__.tsv,1437,9.0.1
wh3_dlc29_item_abilities_icon_of_the_king,16.0000,positive,,false,false,-0.0100,0.0000,0.0000,1.0000,0,25,true,0.0000,0.0000,false,0,,wh_main_spell_vampires_invocation_of_nehek,wh_main_spell_invocation_of_nehek,false,true,true,0.0000,,,false,0.0080,0.0000,false,0.0000,data/unit_stats/source_exports/db/special_ability_phases_tables/data__.tsv,1438,9.0.1
wh3_dlc29_item_abilities_morikhane_the_black_armour,14.0000,negative,,false,false,0.0000,0.0000,0.0000,1.0000,0,-1,false,0.0000,0.0000,false,0,,,wh3_dlc29_item_abilities_morikhane_the_black_armour,false,true,true,0.0000,,,false,0.0000,0.0000,false,0.0000,data/unit_stats/source_exports/db/special_ability_phases_tables/data__.tsv,1439,9.0.1
wh3_dlc29_item_abilities_plaguereaper_1,25.0000,negative,,false,false,0.0000,0.0000,0.0000,1.0000,12,4,false,0.0000,0.0000,false,0,,wh2_dlc14_spell_stealth_brittle_bone,,false,true,true,0.0000,,,false,0.0000,0.0000,false,0.0000,data/unit_stats/source_exports/db/special_ability_phases_tables/data__.tsv,1440,9.0.1
wh3_dlc29_item_abilities_plaguereaper_2,25.0000,positive,,false,false,0.0000,0.0000,0.0000,1.0000,0,0,false,0.0000,0.0000,false,0,,wh_main_generic_hp_regen_passive,,false,true,true,0.0000,,,false,0.0080,0.0000,false,0.0000,data/unit_stats/source_exports/db/special_ability_phases_tables/data__.tsv,1441,9.0.1
wh3_dlc29_item_abilities_punch_dagger,4.0000,negative,,false,false,0.0000,0.0000,0.0000,1.0000,125,1,false,0.0000,0.0000,false,0,,wh2_dlc09_abilities_the_curse,wh_ability_negative,false,true,true,0.0000,,,false,0.0000,0.0000,false,0.0000,data/unit_stats/source_exports/db/special_ability_phases_tables/data__.tsv,1442,9.0.1
wh3_dlc29_item_abilities_ruby_of_lahmia,1.1000,positive,,false,false,0.0000,0.0000,0.0000,1.1000,0,0,false,0.0000,0.0000,false,0,,wh2_main_unit_passive_rebirth,,false,true,true,0.0000,,,false,0.2500,0.0000,false,0.0000,data/unit_stats/source_exports/db/special_ability_phases_tables/data__.tsv,1443,9.0.1
wh3_dlc29_item_abilities_scry_orb,32.0000,positive,,false,false,0.0000,0.0000,-30.0000,0.0000,0,0,false,1.6000,0.2000,false,0,,wh_main_generic_hp_regen_passive,,false,true,false,0.0000,,,false,0.0000,0.0000,false,0.0000,data/unit_stats/source_exports/db/special_ability_phases_tables/data__.tsv,1444,9.0.1
wh3_dlc29_item_abilities_warp_amulet,5.0000,positive,,false,false,0.0000,0.0000,0.0000,1.0000,0,0,false,0.0000,0.0000,false,0,,wh_main_generic_hp_regen_passive,,false,true,true,0.0000,,,false,0.0120,0.0000,false,0.0000,data/unit_stats/source_exports/db/special_ability_phases_tables/data__.tsv,1445,9.0.1
wh3_dlc29_item_abilities_warpstiletto,20.0000,negative,,true,false,0.0000,0.0000,0.0000,0.0000,0,0,false,0.0000,0.0000,false,0,,wh2_main_spell_plague_wither,,false,true,true,0.0000,,,false,0.0000,0.0000,false,0.0000,data/unit_stats/source_exports/db/special_ability_phases_tables/data__.tsv,1446,9.0.1
wh3_dlc29_item_abilities_warpstone_addiction,33.0000,positive,,false,false,0.0000,0.0000,0.0000,0.0000,0,0,false,0.0000,0.0000,false,0,,wh_main_generic_buff_attack,wh_ability_positive,false,true,true,0.0000,,,false,0.0000,0.0000,false,0.0000,data/unit_stats/source_exports/db/special_ability_phases_tables/data__.tsv,1447,9.0.1
wh3_dlc29_item_abilities_warpstone_tokens,26.0000,positive,,false,false,0.0000,0.0000,0.0000,0.0000,0,0,false,0.8000,0.5000,false,0,,wh_main_generic_buff_attack,wh_ability_positive,false,true,true,0.0000,,,false,0.0000,0.0000,false,0.0000,data/unit_stats/source_exports/db/special_ability_phases_tables/data__.tsv,1448,9.0.1
wh3_dlc29_item_abilities_whispering_skull,17.0000,positive,,false,false,0.0000,0.0000,0.0000,0.0000,0,0,false,2.4000,0.0000,false,0,,wh2_main_generic_buff_wom_banner,wh_ability_positive_one_shot,false,true,true,0.0000,,,false,0.0000,0.0000,false,0.0000,data/unit_stats/source_exports/db/special_ability_phases_tables/data__.tsv,1449,9.0.1
wh3_dlc29_item_abilities_wristbands_of_black_gold,22.0000,positive,,false,false,0.0000,0.0000,0.0000,0.0000,0,0,false,0.0000,0.0000,false,0,,wh_main_generic_buff_defence,wh_ability_positive_one_shot,false,false,false,0.0000,,,false,0.0000,0.0000,false,0.0000,data/unit_stats/source_exports/db/special_ability_phases_tables/data__.tsv,1450,9.0.1
wh3_dlc29_item_abilities_zefet_nebtar_the_mortis_blade,1.0000,negative,,false,false,0.0000,0.0000,0.0000,1.0000,50,25,false,0.0000,0.0000,false,0,,,,false,true,true,0.0000,,,false,0.0000,0.0000,false,0.0000,data/unit_stats/source_exports/db/special_ability_phases_tables/data__.tsv,1451,9.0.1
wh3_dlc29_item_active_ethracs_brazier,14.0000,negative,,false,false,0.0000,0.0000,0.0000,1.0000,4,25,false,0.0000,0.0000,false,0,,wh3_dlc29_ethracs_brazier,wh3_dlc29_nur_abilities_ethracs_brazier,false,true,true,0.0000,,wh3_dlc29_item_active_mother_glotts_necklace,false,0.0000,0.0000,false,0.0000,data/unit_stats/source_exports/db/special_ability_phases_tables/data__.tsv,1452,9.0.1
wh3_dlc29_item_active_harvestmans_scythe,28.0000,positive,,false,false,0.0000,0.0000,0.0000,0.0000,0,0,false,0.0000,0.0000,false,0,,wh3_dlc29_harvestmans_scythe,wh_ability_positive,false,true,true,0.0000,,,false,0.0000,0.0000,false,0.0000,data/unit_stats/source_exports/db/special_ability_phases_tables/data__.tsv,1453,9.0.1
wh3_dlc29_item_active_mark_of_the_plague_fleet,30.0000,negative,,false,false,0.0200,0.0000,0.0000,0.0000,0,0,false,0.0000,0.0000,false,0,,wh3_dlc_29_gutrot_spume_mark_of_the_plague_fleet,wh3_dlc29_nur_abilities_mark_of_the_plague_fleet,false,true,true,0.0000,,wh3_dlc29_item_active_plague_fleet_insignia,false,0.0000,0.0000,false,0.0000,data/unit_stats/source_exports/db/special_ability_phases_tables/data__.tsv,1454,9.0.1
wh3_dlc29_item_active_ottos_scythe,28.0000,negative,,false,false,0.0000,0.0000,0.0000,0.0000,0,0,false,0.0000,0.0000,false,0,,wh3_dlc29_ottos_scythe,wh3_dlc29_nur_abilities_ottos_scythe,false,true,true,0.0000,,,false,0.0000,0.0000,false,0.0000,data/unit_stats/source_exports/db/special_ability_phases_tables/data__.tsv,1455,9.0.1
wh3_dlc29_item_active_rot_pocked_axe_allies,24.0000,positive,,false,false,0.0000,0.0000,0.0000,0.0000,0,0,false,0.0000,0.0000,false,0,,wh_main_generic_buff_attack_banner,wh_ability_positive_one_shot,false,true,true,0.0000,,,false,0.0000,0.0000,false,0.0000,data/unit_stats/source_exports/db/special_ability_phases_tables/data__.tsv,1456,9.0.1
wh3_dlc29_item_active_rot_pocked_axe_self,24.0000,positive,,false,false,0.0000,0.0000,0.0000,0.0000,0,0,false,0.0000,0.0000,false,0,wh2_dlc16_unit_contact_weakened,wh_main_generic_buff_attack_banner,wh_ability_positive_one_shot,false,true,true,0.0000,,,false,0.0000,0.0000,false,0.0000,data/unit_stats/source_exports/db/special_ability_phases_tables/data__.tsv,1457,9.0.1
wh3_dlc29_item_active_the_rotaxes,30.0000,positive,,false,false,0.0000,0.0000,0.0000,0.0000,0,0,false,0.0000,0.0000,false,0,,wh3_dlc29_the_rotaxes_ability,wh3_dlc29_item_active_the_rotaxes,false,true,true,0.0000,,,false,0.0000,0.0000,false,0.0000,data/unit_stats/source_exports/db/special_ability_phases_tables/data__.tsv,1458,9.0.1
wh3_dlc29_item_passive_armour_of_rot_eternal,-1.0000,positive,,false,false,0.0000,0.0000,0.0000,1.0000,0,0,false,0.0000,0.0000,false,0,,wh3_main_abilities_locus_of_virulence,,false,true,true,0.0000,,,false,0.0020,0.0000,false,0.0000,data/unit_stats/source_exports/db/special_ability_phases_tables/data__.tsv,1459,9.0.1
wh3_dlc29_item_passive_blood_dragon_standard,-1.0000,positive,,false,false,0.0000,0.0000,0.0000,0.0000,0,0,false,0.0000,0.0000,false,0,,wh_main_generic_buff_attack,,false,true,true,0.0000,,,false,0.0000,0.0000,false,0.0000,data/unit_stats/source_exports/db/special_ability_phases_tables/data__.tsv,1460,9.0.1
wh3_dlc29_item_passive_doombells_enemies,-1.0000,negative,,false,false,0.0000,0.0000,0.0000,1.0000,14,1,false,-0.2000,0.0000,false,0,,wh3_dlc29_ability_doombells,wh3_dlc29_nur_abilities_doombells,false,true,true,0.0000,,,false,0.0000,0.0000,false,0.0000,data/unit_stats/source_exports/db/special_ability_phases_tables/data__.tsv,1461,9.0.1
wh3_dlc29_item_passive_doombells_self,-1.0000,positive,,false,false,0.0000,0.0000,0.0000,0.0000,0,-1,false,0.0000,0.0000,false,0,,,,false,true,true,0.0000,,,false,0.0000,0.0000,false,0.0000,data/unit_stats/source_exports/db/special_ability_phases_tables/data__.tsv,1462,9.0.1
wh3_dlc29_item_passive_fleshreaper_scythe,-1.0000,positive,,false,false,0.0000,0.0000,0.0000,0.0000,0,0,false,0.0000,0.0000,false,0,,wh_main_generic_buff_attack_passive,,false,true,true,0.0000,,,false,0.0000,0.0000,false,0.0000,data/unit_stats/source_exports/db/special_ability_phases_tables/data__.tsv,1463,9.0.1
wh3_dlc29_item_passive_gem_of_blood,20.0000,positive,,false,false,-0.0200,0.0000,0.0000,1.0000,0,0,false,0.0000,0.0000,false,0,,wh2_main_unit_passive_rebirth,,false,true,true,0.0000,,,false,0.0100,0.0000,false,0.0000,data/unit_stats/source_exports/db/special_ability_phases_tables/data__.tsv,1464,9.0.1
wh3_dlc29_item_passive_staff_of_the_great_horned_rat,30.0000,positive,,false,false,0.0000,0.0000,-120.0000,0.0000,0,0,false,0.8000,0.0000,false,0,,wh_main_generic_hp_regen_passive,,false,true,false,0.0000,,,false,0.0000,0.0000,false,0.0000,data/unit_stats/source_exports/db/special_ability_phases_tables/data__.tsv,1465,9.0.1
wh3_dlc29_item_passive_talisman_of_ulric,-1.0000,positive,,false,false,0.0000,0.0000,0.0000,1.0000,0,0,false,0.0000,0.0000,false,0,,,,false,true,true,0.0000,,,false,0.0020,0.0000,false,0.0000,data/unit_stats/source_exports/db/special_ability_phases_tables/data__.tsv,1466,9.0.1
wh3_dlc29_item_passive_the_flail_of_a_thousand_coughs,-1.0000,negative,,false,false,0.0200,0.0000,0.0000,0.0000,0,0,false,0.0000,0.0000,false,0,,wh3_dlc25_nur_debuff,,false,true,true,0.0000,,,false,0.0000,0.0000,false,0.0000,data/unit_stats/source_exports/db/special_ability_phases_tables/data__.tsv,1467,9.0.1
wh3_dlc29_lord_abilities_bastet,19.0000,negative,,false,false,0.0000,0.0000,0.0000,0.0000,0,0,false,0.0000,0.0000,false,0,,wh3_dlc29_lord_bastet,wh_dlc29_vampire_ability_bastet,false,true,true,0.0000,,,false,0.0000,0.0000,false,0.0000,data/unit_stats/source_exports/db/special_ability_phases_tables/data__.tsv,1468,9.0.1
wh3_dlc29_lord_abilities_doom_lord,40.0000,positive,,false,false,0.0000,0.0000,0.0000,0.0000,0,-1,false,0.0000,0.0000,false,0,,,,false,true,true,0.0000,,,false,0.0000,0.0000,false,0.0000,data/unit_stats/source_exports/db/special_ability_phases_tables/data__.tsv,1469,9.0.1
wh3_dlc29_lord_abilities_gaze_of_usirian,15.0000,negative,,false,false,0.0200,0.0000,0.0000,0.0000,0,0,false,0.0000,0.0000,false,0,,wh3_dlc29_abilities_high_liche_priest_gaze_of_usirian,wh2_dlc29_ability_und_gaze_of_usirian,false,true,true,0.0000,,,false,0.0000,0.0000,false,0.0000,data/unit_stats/source_exports/db/special_ability_phases_tables/data__.tsv,1470,9.0.1
wh3_dlc29_lord_abilities_hellish_vigour,25.0000,positive,,false,false,-0.0200,0.0000,0.0000,0.0000,0,0,false,0.0000,0.0000,false,0,,wh3_dlc29_lord_hellish_vigour,wh_ability_positive_aoe,false,true,true,0.0000,,,false,0.0000,0.0000,false,0.0000,data/unit_stats/source_exports/db/special_ability_phases_tables/data__.tsv,1471,9.0.1
wh3_dlc29_lord_abilities_in_the_name_of_war,15.0000,negative,,false,false,0.0000,0.0000,0.0000,0.0000,0,0,false,0.0000,0.0000,false,0,,wh3_dlc29_in_the_name_of_war,wh_ability_positive,false,false,true,0.0000,,,false,0.0000,0.0000,false,0.0000,data/unit_stats/source_exports/db/special_ability_phases_tables/data__.tsv,1472,9.0.1
wh3_dlc29_lord_abilities_lightning_reflexes,20.0000,positive,,false,false,0.0000,0.0000,0.0000,0.0000,0,0,false,0.0000,0.0000,false,0,,wh_main_generic_buff_attack,wh_ability_positive_one_shot,false,false,false,0.0000,,,false,0.0000,0.0000,false,0.0000,data/unit_stats/source_exports/db/special_ability_phases_tables/data__.tsv,1473,9.0.1
wh3_dlc29_lord_abilities_otherworldly_pestilence,20.0000,negative,,false,false,0.0000,0.0000,0.0000,1.0000,5,25,false,0.0000,0.0000,false,0,,wh3_dlc29_otherworldly_pestilence_debuff,wh3_dlc29_ability_otherworldly_pestilence,false,true,true,0.0000,,wh3_dlc29_lord_ability_otherworldly_pestilence,false,0.0000,0.0000,false,0.0000,data/unit_stats/source_exports/db/special_ability_phases_tables/data__.tsv,1474,9.0.1
wh3_dlc29_lord_abilities_shadowblood,1.0000,negative,,false,false,0.0000,0.0000,0.0000,1.0000,500,-1,false,0.0000,0.0000,false,0,,,,false,true,true,0.0000,,,false,0.0000,0.0000,false,0.0000,data/unit_stats/source_exports/db/special_ability_phases_tables/data__.tsv,1475,9.0.1
wh3_dlc29_lord_abilities_transfix,25.0000,negative,,true,false,0.0000,0.0000,0.0000,0.0000,0,-1,false,0.0000,0.0000,false,0,,wh3_dlc29_lord_transfix,wh_ability_negative_banner,false,true,true,0.0000,,,false,0.0000,0.0000,false,0.0000,data/unit_stats/source_exports/db/special_ability_phases_tables/data__.tsv,1476,9.0.1
wh3_dlc29_lord_abilities_verminous_fury,60.0000,positive,,false,false,0.0000,0.0000,0.0000,0.0000,0,0,false,0.0000,0.0000,false,0,,wh_main_spell_light_phas_protection,wh_main_spell_light_phas_protection,false,true,true,0.0000,,,false,0.0000,0.0000,false,0.0000,data/unit_stats/source_exports/db/special_ability_phases_tables/data__.tsv,1477,9.0.1
wh3_dlc29_lord_abilities_will_of_the_verminking_1,29.0000,positive,,false,false,0.0000,0.0000,0.0000,0.0000,0,0,false,0.0000,0.0000,false,0,,wh3_dlc29_will_of_the_verminking_buff,wh3_dlc29_ability_will_of_the_verminking_phase_01,false,true,false,0.0000,,,false,0.0000,0.0000,false,0.0000,data/unit_stats/source_exports/db/special_ability_phases_tables/data__.tsv,1478,9.0.1
wh3_dlc29_lord_abilities_will_of_the_verminking_2,29.0000,negative,,false,false,0.0000,0.0000,0.0000,0.0000,0,0,false,0.0000,0.0000,false,0,,wh3_dlc29_will_of_the_verminking_debuff,wh3_dlc29_ability_will_of_the_verminking_phase_02,false,false,true,0.0000,,,false,0.0000,0.0000,false,0.0000,data/unit_stats/source_exports/db/special_ability_phases_tables/data__.tsv,1479,9.0.1
wh3_dlc29_lord_active_commanding_presence,20.0000,positive,,false,false,0.0000,0.0000,0.0000,0.0000,0,0,false,0.0000,0.0000,false,0,,wh_main_generic_buff_morale_banner,wh_ability_positive_one_shot,false,true,true,0.0000,,,false,0.0000,0.0000,false,0.0000,data/unit_stats/source_exports/db/special_ability_phases_tables/data__.tsv,1480,9.0.1
wh3_dlc29_lord_contact_putrefying_touch,15.0000,negative,,false,false,0.0000,0.0000,0.0000,1.0000,4,10,false,0.0000,0.0000,false,0,,wh3_dlc24_curse_of_the_ancient_widow,,false,true,true,0.0000,,,false,0.0000,0.0000,false,0.0000,data/unit_stats/source_exports/db/special_ability_phases_tables/data__.tsv,1481,9.0.1
wh3_dlc29_lord_passive_arcane_leech_enemy,-1.0000,negative,,false,false,0.0000,0.0000,0.0000,0.0000,0,0,false,-0.4000,-0.0500,false,0,,wh2_main_generic_debuff_wom,,false,true,true,0.0000,,,false,0.0000,0.0000,false,0.0000,data/unit_stats/source_exports/db/special_ability_phases_tables/data__.tsv,1482,9.0.1
wh3_dlc29_lord_passive_arcane_leech_self,-1.0000,positive,,false,false,0.0000,0.0000,0.0000,0.0000,0,0,false,0.8000,0.1000,false,0,,wh2_main_generic_buff_wom,,false,true,true,0.0000,,,false,0.0000,0.0000,false,0.0000,data/unit_stats/source_exports/db/special_ability_phases_tables/data__.tsv,1483,9.0.1
wh3_dlc29_lord_passive_arch_necromancer,10.0000,negative,,false,false,0.0000,0.0000,0.0000,1.0000,2660,100,false,0.0000,0.0000,false,0,,wh_main_spell_death_spirit_leech,,false,true,true,0.0000,,,false,0.0000,0.0000,false,0.0000,data/unit_stats/source_exports/db/special_ability_phases_tables/data__.tsv,1484,9.0.1
wh3_dlc29_lord_passive_dark_protection,-1.0000,positive,,false,false,0.0000,0.0000,0.0000,0.0000,0,0,false,0.0000,0.0000,false,0,,,,false,true,true,0.0000,,,false,0.0000,0.0000,false,0.0000,data/unit_stats/source_exports/db/special_ability_phases_tables/data__.tsv,1485,9.0.1
wh3_dlc29_lord_passive_dark_protection_upgraded,-1.0000,positive,,false,false,0.0000,0.0000,0.0000,0.0000,0,0,false,0.0000,0.0000,false,0,,wh3_dlc29_lord_dark_protection,wh_ability_positive,false,true,true,0.0000,,,false,0.0000,0.0000,false,0.0000,data/unit_stats/source_exports/db/special_ability_phases_tables/data__.tsv,1486,9.0.1
wh3_dlc29_lord_passive_greater_hunger,-1.0000,positive,,false,false,0.0000,0.0000,0.0000,1.0000,0,0,false,0.0000,0.0000,false,0,,,,false,true,true,0.0000,,,false,0.0015,0.0000,false,0.0000,data/unit_stats/source_exports/db/special_ability_phases_tables/data__.tsv,1487,9.0.1
wh3_dlc29_lord_passive_liche_ascendant,10.0000,negative,,false,false,0.0000,0.0000,0.0000,1.0000,2660,100,false,0.0000,0.0000,false,0,,wh_main_spell_death_spirit_leech,,false,true,true,0.0000,,,false,0.0000,0.0000,false,0.0000,data/unit_stats/source_exports/db/special_ability_phases_tables/data__.tsv,1488,9.0.1
wh3_dlc29_lord_passive_lords_of_nurgle,-1.0000,positive,,false,false,0.0000,0.0000,0.0000,0.0000,0,0,false,0.0000,0.0000,false,0,,wh_main_generic_buff_defence_attack_passive,,false,true,true,0.0000,,,false,0.0000,0.0000,false,0.0000,data/unit_stats/source_exports/db/special_ability_phases_tables/data__.tsv,1489,9.0.1
wh3_dlc29_lord_passive_mark_filth_seer_ally,-1.0000,positive,,false,false,0.0000,0.0000,0.0000,0.0000,0,0,false,0.0000,0.0000,false,0,,wh2_main_generic_buff_wom,,false,true,true,0.0000,,,false,0.0000,0.0000,false,0.0000,data/unit_stats/source_exports/db/special_ability_phases_tables/data__.tsv,1490,9.0.1
wh3_dlc29_lord_passive_mark_filth_seer_self,-1.0000,positive,,false,false,0.0000,0.0000,0.0000,0.0000,0,0,false,0.0000,0.0000,false,0,,wh_main_generic_buff_defence,,false,true,true,0.0000,,,false,0.0000,0.0000,false,0.0000,data/unit_stats/source_exports/db/special_ability_phases_tables/data__.tsv,1491,9.0.1
wh3_dlc29_lord_passive_presence_of_the_emperor,-1.0000,positive,,false,false,0.0000,0.0000,0.0000,0.0000,0,0,false,0.0000,0.0000,false,0,,,,false,true,true,0.0000,,,false,0.0000,0.0000,false,0.0000,data/unit_stats/source_exports/db/special_ability_phases_tables/data__.tsv,1492,9.0.1
wh3_dlc29_lord_passive_protection_of_the_great_horned_rat,-1.0000,positive,,false,false,0.0000,0.0000,0.0000,0.0000,0,0,false,0.0000,0.0000,false,0,,,wh_ability_positive_one_shot,false,true,true,0.0000,,,false,0.0000,0.0000,false,0.0000,data/unit_stats/source_exports/db/special_ability_phases_tables/data__.tsv,1493,9.0.1
wh3_dlc29_lord_passive_shrouded_in_darkness_1,-1.0000,negative,,false,false,0.0000,0.0000,0.0000,0.0000,0,0,false,0.0000,0.0000,false,0,,wh3_dlc29_shrouded_in_darkness_debuff,wh_ability_negative,false,false,true,0.0000,,,false,0.0000,0.0000,false,0.0000,data/unit_stats/source_exports/db/special_ability_phases_tables/data__.tsv,1494,9.0.1
wh3_dlc29_lord_passive_shrouded_in_darkness_2,-1.0000,positive,,false,false,0.0000,0.0000,0.0000,0.0000,0,0,false,0.0000,0.0000,false,0,,wh3_dlc29_shrouded_in_darkness_buff,wh_ability_positive,false,false,true,0.0000,,,false,0.0000,0.0000,false,0.0000,data/unit_stats/source_exports/db/special_ability_phases_tables/data__.tsv,1495,9.0.1
wh3_dlc29_lord_passive_standard_of_the_white_wolf,-1.0000,positive,,false,false,0.0000,0.0000,0.0000,0.0000,0,0,false,0.0000,0.0000,false,0,,wh_main_generic_ward_save_missile_passive,,false,true,true,0.0000,,,false,0.0000,0.0000,false,0.0000,data/unit_stats/source_exports/db/special_ability_phases_tables/data__.tsv,1496,9.0.1
wh3_dlc29_lord_passive_twilights_allure,-1.0000,negative,,false,false,0.0000,0.0000,0.0000,0.0000,0,0,false,0.0000,0.0000,false,0,,wh_main_generic_debuff_attack_passive,,false,true,true,0.0000,,,false,0.0000,0.0000,false,0.0000,data/unit_stats/source_exports/db/special_ability_phases_tables/data__.tsv,1497,9.0.1
wh3_dlc29_lord_passive_unholy_trinity,-1.0000,positive,,false,false,0.0000,0.0000,0.0000,1.0000,0,-1,false,0.0000,0.0000,false,0,,wh3_dlc29_unholy_trinity_ability,,false,true,true,0.0000,,,false,0.0015,0.0000,false,0.0000,data/unit_stats/source_exports/db/special_ability_phases_tables/data__.tsv,1498,9.0.1
wh3_dlc29_lord_passive_warmongering_murmur,-1.0000,positive,,false,false,0.0000,0.0000,0.0000,0.0000,0,0,false,0.0000,0.0000,false,0,,,wh_ability_positive,false,true,true,0.0000,,,false,0.0000,0.0000,false,0.0000,data/unit_stats/source_exports/db/special_ability_phases_tables/data__.tsv,1499,9.0.1
wh3_dlc29_lore_passive_raise_the_dead,6.0000,positive,,false,false,0.0000,0.0000,0.0000,1.0000,0,0,true,0.0000,0.0000,false,0,,,,false,true,true,0.0000,,,false,0.0010,0.0000,false,0.0000,data/unit_stats/source_exports/db/special_ability_phases_tables/data__.tsv,1500,9.0.1
wh3_dlc29_lore_passive_raise_the_dead_mana,6.0000,positive,,false,false,0.0000,0.0000,0.0000,0.0000,0,0,false,0.0000,0.2000,false,0,,,,false,false,true,0.0000,,,false,0.0000,0.0000,false,0.0000,data/unit_stats/source_exports/db/special_ability_phases_tables/data__.tsv,1501,9.0.1
wh3_dlc29_mount_abilities_feaster_of_souls,5.0000,negative,,false,false,0.0000,0.0000,0.0000,1.0000,18,25,false,0.0000,0.0000,false,0,,,,false,true,true,0.0000,,,false,0.0000,0.0000,false,0.0000,data/unit_stats/source_exports/db/special_ability_phases_tables/data__.tsv,1502,9.0.1
wh3_dlc29_mount_contact_bilespurt,20.0000,negative,,false,false,0.0000,0.0000,0.0000,0.0000,0,0,false,0.0000,0.0000,false,0,,,,false,false,true,0.0000,,,false,0.0000,0.0000,false,0.0000,data/unit_stats/source_exports/db/special_ability_phases_tables/data__.tsv,1503,9.0.1
wh3_dlc29_mount_passive_daemon_flesh,-1.0000,positive,,false,false,0.0000,0.0000,0.0000,0.0000,0,0,false,0.0000,0.0000,false,0,,,,false,true,true,0.0000,,,false,0.0000,0.0000,false,0.0000,data/unit_stats/source_exports/db/special_ability_phases_tables/data__.tsv,1504,9.0.1
wh3_dlc29_mount_passive_decadent_miasma,-1.0000,negative,,false,false,0.0000,0.0000,0.0000,1.0000,8,4,false,0.0000,0.0000,false,0,,wh2_main_mount_passive_billowing_death,,false,false,true,0.0000,,,false,0.0000,0.0000,false,0.0000,data/unit_stats/source_exports/db/special_ability_phases_tables/data__.tsv,1505,9.0.1
wh3_dlc29_mount_passive_unholiest_relic,-1.0000,positive,,false,false,0.0000,0.0000,0.0000,0.0000,0,0,false,0.0000,0.0000,false,0,,,,false,true,false,0.0000,,,false,0.0000,0.0000,false,0.0000,data/unit_stats/source_exports/db/special_ability_phases_tables/data__.tsv,1506,9.0.1
wh3_dlc29_passive_ability_fog_of_the_damned,-1.0000,negative,,false,false,0.0000,0.0000,0.0000,0.0000,0,0,false,0.0000,0.0000,false,0,,wh_main_spell_heavens_curse_of_the_midnight_wind,wh2_dlc11_ability_fog_of_the_damned_debuff,false,false,true,0.0000,,,false,0.0000,0.0000,false,0.0000,data/unit_stats/source_exports/db/special_ability_phases_tables/data__.tsv,1507,9.0.1
wh3_dlc29_passive_spell_death_doom_and_darkness,36.0000,negative,,false,false,0.0000,0.0000,0.0000,0.0000,0,0,false,0.0000,0.0000,false,0,,wh_main_spell_death_doom_and_darkness,wh_main_spell_death_doom_and_darkness,false,true,true,0.0000,,,false,0.0000,0.0000,false,0.0000,data/unit_stats/source_exports/db/special_ability_phases_tables/data__.tsv,1508,9.0.1
wh3_dlc29_passive_spell_death_spirit_leech,13.0000,negative,,false,false,0.0000,0.0000,0.0000,1.0000,22,1,false,0.0000,0.0000,false,0,,wh_main_spell_death_spirit_leech,wh_main_spell_death_spirit_leech,false,false,true,0.0000,,,false,0.0000,0.0000,false,0.0000,data/unit_stats/source_exports/db/special_ability_phases_tables/data__.tsv,1509,9.0.1
wh3_dlc29_passive_spell_light_light_of_battle,7.0000,positive,,false,false,0.0000,0.0000,0.0000,0.0000,0,0,false,0.0000,0.0000,false,0,,wh_main_spell_light_light_of_battle,wh_main_spell_light_light_of_battle,false,true,true,0.0000,,,false,0.0000,0.0000,false,0.0000,data/unit_stats/source_exports/db/special_ability_phases_tables/data__.tsv,1510,9.0.1
wh3_dlc29_passive_spell_nehekhara_nerus_incantation_of_protection,6.0000,positive,,false,false,0.0000,0.0000,0.0000,0.0000,0,0,false,0.0000,0.0000,false,0,,wh2_dlc09_spell_nehekhara_nerus_incantation_of_protection,wh2_tmb_spell_nehekhara_nerus_incantation_of_protection,false,true,false,0.0000,,,false,0.0000,0.0000,false,0.0000,data/unit_stats/source_exports/db/special_ability_phases_tables/data__.tsv,1511,9.0.1
wh3_dlc29_passive_spell_nehekhara_usirians_incantation_of_vengeance,7.0000,negative,,false,false,0.0000,0.0000,0.0000,1.0000,5,25,false,0.0000,0.0000,false,0,,wh2_dlc09_spell_nehekhara_usirians_incantation_of_vengeance,wh2_tmb_spell_nehekhara_usirians_incantation_of_vengeance,false,false,true,0.0000,,,false,0.0000,0.0000,false,0.0000,data/unit_stats/source_exports/db/special_ability_phases_tables/data__.tsv,1512,9.0.1
wh3_dlc29_passive_spell_projectile_dummy,1.0000,positive,,false,false,0.0000,0.0000,0.0000,0.0000,0,-1,false,0.0000,0.0000,false,0,,,,true,true,true,0.0000,,,false,0.0000,0.0000,false,0.0000,data/unit_stats/source_exports/db/special_ability_phases_tables/data__.tsv,1513,9.0.1
wh3_dlc29_passive_spell_vampires_curse_of_years,35.0000,negative,,false,false,0.0000,0.0000,0.0000,0.0000,0,0,false,0.0000,0.0000,false,0,,wh_main_spell_vampires_curse_of_years,wh_main_spell_vampires_curse_of_years,false,true,true,0.0000,,,false,0.0000,0.0000,false,0.0000,data/unit_stats/source_exports/db/special_ability_phases_tables/data__.tsv,1514,9.0.1
wh3_dlc29_passive_spell_vampires_invocation_of_nehek,18.0000,positive,,false,false,0.0000,0.0000,0.0000,1.0000,0,0,true,0.0000,0.0000,false,0,,wh_main_spell_vampires_invocation_of_nehek,wh_main_spell_invocation_of_nehek,false,true,true,0.0000,,,false,0.0010,0.0000,false,0.0000,data/unit_stats/source_exports/db/special_ability_phases_tables/data__.tsv,1515,9.0.1
wh3_dlc29_spell_bound_eye_gouger,24.0000,positive,,false,false,0.0000,0.0000,0.0000,0.0000,0,0,false,0.0000,0.0000,false,0,wh_dlc06_unit_contact_blinded,wh3_dlc29_boris_todbringer_eye_gouger,wh_ability_positive_IND,false,true,true,0.0000,,,false,0.0000,0.0000,false,0.0000,data/unit_stats/source_exports/db/special_ability_phases_tables/data__.tsv,1516,9.0.1
wh3_dlc29_spell_bound_eye_jabber,24.0000,positive,,false,false,0.0000,0.0000,0.0000,0.0000,0,0,false,0.0000,0.0000,false,0,wh_dlc06_unit_contact_blinded,wh3_dlc29_boris_todbringer_eye_jabber,wh_ability_positive_IND,false,true,true,0.0000,,,false,0.0000,0.0000,false,0.0000,data/unit_stats/source_exports/db/special_ability_phases_tables/data__.tsv,1517,9.0.1
wh3_dlc29_spell_bound_prayer_battle_howl,15.0000,positive,,false,false,0.0000,0.0000,0.0000,0.0000,0,0,false,0.0000,0.0000,false,0,,wh3_dlc29_abilities_battle_howl,wh3_dlc29_ability_battle_howl,false,true,true,0.0000,,,false,0.0000,0.0000,false,0.0000,data/unit_stats/source_exports/db/special_ability_phases_tables/data__.tsv,1518,9.0.1
wh3_dlc29_spell_bound_prayer_ferocious_battle_howl,15.0000,positive,,false,false,0.0000,0.0000,0.0000,0.0000,0,0,false,0.0000,0.0000,false,0,,wh3_dlc29_abilities_battle_howl,wh3_dlc29_ability_battle_howl,false,true,true,0.0000,,,false,0.0000,0.0000,false,0.0000,data/unit_stats/source_exports/db/special_ability_phases_tables/data__.tsv,1519,9.0.1
wh3_dlc29_spell_bound_prayer_ferocious_fury_of_ulric,25.0000,positive,,false,false,0.0000,0.0000,0.0000,0.0000,0,0,false,0.0000,0.0000,false,0,,wh3_dlc29_abilities_fury_of_ulric,wh_ability_positive_one_shot,false,true,true,0.0000,,,false,0.0000,0.0000,false,0.0000,data/unit_stats/source_exports/db/special_ability_phases_tables/data__.tsv,1520,9.0.1
wh3_dlc29_spell_bound_prayer_ferocious_winters_chill,20.0000,negative,,false,false,0.0000,0.0000,0.0000,0.0000,0,0,false,0.0000,0.0000,false,0,,wh3_dlc29_abilities_winters_chill,wh3_dlc29_ability_winters_chill,false,true,true,0.0000,,,false,0.0000,0.0000,false,0.0000,data/unit_stats/source_exports/db/special_ability_phases_tables/data__.tsv,1521,9.0.1
wh3_dlc29_spell_bound_prayer_fury_of_ulric,25.0000,positive,,false,false,0.0000,0.0000,0.0000,0.0000,0,0,false,0.0000,0.0000,false,0,,wh3_dlc29_abilities_fury_of_ulric,wh3_dlc29_ability_fury_of_ulric,false,true,true,0.0000,,,false,0.0000,0.0000,false,0.0000,data/unit_stats/source_exports/db/special_ability_phases_tables/data__.tsv,1522,9.0.1
wh3_dlc29_spell_bound_prayer_winters_chill,20.0000,negative,,false,false,0.0000,0.0000,0.0000,0.0000,0,0,false,0.0000,0.0000,false,0,,wh3_dlc29_abilities_winters_chill,wh3_dlc29_ability_winters_chill,false,true,true,0.0000,,,false,0.0000,0.0000,false,0.0000,data/unit_stats/source_exports/db/special_ability_phases_tables/data__.tsv,1523,9.0.1
wh3_dlc29_spell_bound_skitterleap,25.0000,positive,,false,false,0.0000,0.0000,0.0000,0.0000,0,0,false,0.0000,0.0000,false,0,,wh2_main_spell_ruin_skitterleap,wh2_dlc14_spell_stealth_skitterleap,false,true,true,0.0000,,,false,0.0000,0.0000,false,0.0000,data/unit_stats/source_exports/db/special_ability_phases_tables/data__.tsv,1524,9.0.1
wh3_dlc29_spell_bound_storm_hammer,25.0000,positive,,false,false,0.0000,0.0000,0.0000,0.0000,0,0,false,0.0000,0.0000,false,0,wh2_dlc17_unit_contact_dazed,wh_main_generic_buff_attack,wh_ability_positive,false,true,true,0.0000,,,false,0.0000,0.0000,false,0.0000,data/unit_stats/source_exports/db/special_ability_phases_tables/data__.tsv,1525,9.0.1
wh3_dlc29_spell_passive_protector_of_the_empie,-1.0000,positive,,false,false,0.0000,0.0000,0.0000,0.0000,0,0,false,0.0000,0.0000,false,0,,,wh_ability_positive_one_shot,false,true,false,0.0000,,,false,0.0000,0.0000,false,0.0000,data/unit_stats/source_exports/db/special_ability_phases_tables/data__.tsv,1526,9.0.1
wh3_dlc29_spell_undeath_khizaar_the_soulstealer,11.0000,negative,,false,false,0.0100,0.0000,0.0000,1.0000,4,25,false,0.0000,0.0000,false,0,,wh2_main_spell_dark_magic_soul_stealer,,false,false,true,0.0000,,,false,0.0000,0.0000,false,0.0000,data/unit_stats/source_exports/db/special_ability_phases_tables/data__.tsv,1527,9.0.1
wh3_dlc29_spell_undeath_khizaar_the_soulstealer_upgraded,22.0000,negative,,false,false,0.0100,0.0000,0.0000,1.0000,4,25,false,0.0000,0.0000,false,0,,wh2_main_spell_dark_magic_soul_stealer,,false,false,true,0.0000,,,false,0.0000,0.0000,false,0.0000,data/unit_stats/source_exports/db/special_ability_phases_tables/data__.tsv,1528,9.0.1
wh3_dlc29_spell_undeath_morkharn_breath_of_darkness,14.0000,positive,,false,false,-0.0100,0.0000,0.0000,1.0000,0,0,true,0.0000,0.0000,false,0,,wh3_dlc29_lore_of_undeath_morkharn_breath_of_darkness,wh3_dlc29_spell_undeath_morkharn_breath_of_darkness,false,true,true,0.0000,,,false,0.0080,0.0000,false,0.0000,data/unit_stats/source_exports/db/special_ability_phases_tables/data__.tsv,1529,9.0.1
wh3_dlc29_spell_undeath_morkharn_breath_of_darkness_upgraded,14.0000,positive,,false,false,-0.0100,0.0000,0.0000,1.0000,0,0,true,0.0000,0.0000,false,0,,wh3_dlc29_lore_of_undeath_morkharn_breath_of_darkness,wh3_dlc29_spell_undeath_morkharn_breath_of_darkness_upgraded,false,true,true,0.0000,,,false,0.0080,0.0000,false,0.0000,data/unit_stats/source_exports/db/special_ability_phases_tables/data__.tsv,1530,9.0.1
wh3_dlc29_spell_undeath_sulekhim_hand_of_dust,14.0000,positive,,false,false,0.0000,0.0000,0.0000,0.0000,0,0,false,0.0000,0.0000,true,0,,wh3_dlc29_lore_of_undeath_sulekhim_the_hand_of_dust,wh3_dlc29_spell_undeath_sulekhim_hand_of_dust,false,true,true,0.0000,,,false,0.0000,0.0000,false,0.0000,data/unit_stats/source_exports/db/special_ability_phases_tables/data__.tsv,1531,9.0.1
wh3_dlc29_spell_undeath_sulekhim_hand_of_dust_upgraded,14.0000,positive,,false,false,0.0000,0.0000,0.0000,0.0000,0,0,false,0.0000,0.0000,true,0,,wh3_dlc29_lore_of_undeath_sulekhim_the_hand_of_dust,wh3_dlc29_spell_undeath_sulekhim_hand_of_dust_upgraded,false,true,true,0.0000,,,false,0.0000,0.0000,false,0.0000,data/unit_stats/source_exports/db/special_ability_phases_tables/data__.tsv,1532,9.0.1
wh3_dlc29_tmb_improved_poison,10.0000,negative,,false,false,0.0000,0.0000,0.0000,2.0000,2,4,false,0.0000,0.0000,false,0,,,,false,false,true,0.0000,,,false,0.0000,0.0000,false,0.0000,data/unit_stats/source_exports/db/special_ability_phases_tables/data__.tsv,1533,9.0.1
wh3_dlc29_unit_abilities_battle_of_wills,20.0000,negative,,false,false,0.0000,0.0000,0.0000,0.0000,0,0,false,0.0000,0.0000,false,0,,wh3_dlc29_coven_throne_battle_of_wills_debuff,wh_ability_negative,false,true,true,0.0000,,,false,0.0000,0.0000,false,0.0000,data/unit_stats/source_exports/db/special_ability_phases_tables/data__.tsv,1534,9.0.1
wh3_dlc29_unit_abilities_black_nimbus_upgraded,-1.0000,positive,,false,false,0.0000,0.0000,0.0000,0.0000,0,0,false,0.0000,0.0000,false,0,,wh_main_generic_ward_save_all,,false,true,true,0.0000,,,false,0.0000,0.0000,false,0.0000,data/unit_stats/source_exports/db/special_ability_phases_tables/data__.tsv,1535,9.0.1
wh3_dlc29_unit_abilities_blood_omens_allies,26.0000,positive,,false,false,0.0000,0.0000,0.0000,0.0000,0,0,false,0.0000,0.0000,false,0,,wh_main_generic_buff_attack,,false,true,true,0.0000,,,false,0.0000,0.0000,false,0.0000,data/unit_stats/source_exports/db/special_ability_phases_tables/data__.tsv,1536,9.0.1
wh3_dlc29_unit_abilities_blood_omens_enemies,26.0000,negative,,false,false,0.0000,0.0000,0.0000,0.0000,0,0,false,0.0000,0.0000,false,0,,wh3_dlc29_coven_throne_blood_omens_enemies_debuff,wh3_dlc29_coven_throne_blood_omens,false,true,true,0.0000,,,false,0.0000,0.0000,false,0.0000,data/unit_stats/source_exports/db/special_ability_phases_tables/data__.tsv,1537,9.0.1
wh3_dlc29_unit_abilities_bound_curse_of_years,35.0000,positive,,false,false,0.0000,0.0000,0.0000,0.0000,0,-1,false,0.0000,0.0000,false,0,wh3_dlc29_unit_contact_curse_of_years,,,false,true,true,0.0000,,,false,0.0000,0.0000,false,0.0000,data/unit_stats/source_exports/db/special_ability_phases_tables/data__.tsv,1538,9.0.1
wh3_dlc29_unit_abilities_bound_soulblight,20.0000,positive,,false,false,0.0000,0.0000,0.0000,0.0000,0,-1,false,0.0000,0.0000,false,0,wh3_dlc25_unit_contact_soulblight,,,false,true,true,0.0000,,,false,0.0000,0.0000,false,0.0000,data/unit_stats/source_exports/db/special_ability_phases_tables/data__.tsv,1539,9.0.1
wh3_dlc29_unit_abilities_entice,24.0000,positive,,false,false,0.0000,0.0000,0.0000,0.0000,0,-1,false,0.0000,0.0000,false,0,wh3_dlc20_contact_effect_euphoria,,,false,true,true,0.0000,,,false,0.0000,0.0000,false,0.0000,data/unit_stats/source_exports/db/special_ability_phases_tables/data__.tsv,1540,9.0.1
wh3_dlc29_unit_abilities_lesser_tomb_swarm,18.0000,negative,,false,false,0.0000,0.0000,0.0000,1.0000,4,25,false,0.0000,0.0000,false,0,,wh2_dlc09_army_abilities_tomb_swarm,wh2_dlc09_ability_tmb_negative,false,true,true,0.0000,,,false,0.0000,0.0000,false,0.0000,data/unit_stats/source_exports/db/special_ability_phases_tables/data__.tsv,1541,9.0.1
wh3_dlc29_unit_abilities_of_warp_and_ruin,32.0000,positive,,false,false,0.0000,0.0000,0.0000,0.0000,0,0,false,0.0000,0.0000,false,0,,wh3_dlc29_skv_magma_cannon_overload,wh3_ability_warp_doom_magma_cannon_warp_and_ruin,false,true,true,0.0000,,,false,0.0000,0.0000,false,0.0000,data/unit_stats/source_exports/db/special_ability_phases_tables/data__.tsv,1542,9.0.1
wh3_dlc29_unit_abilities_raging_tornado_1,8.0000,negative,,false,false,0.0000,0.0000,0.0000,1.0000,2,25,false,0.0000,0.0000,false,0,,wh3_dlc29_bound_raging_tornado_1,,false,true,true,0.0000,,,false,0.0000,0.0000,false,0.0000,data/unit_stats/source_exports/db/special_ability_phases_tables/data__.tsv,1543,9.0.1
wh3_dlc29_unit_abilities_raging_tornado_2,8.0000,negative,,false,false,0.0000,0.0000,0.0000,1.0000,4,25,false,0.0000,0.0000,false,0,,wh3_dlc29_bound_raging_tornado_2,,false,true,true,0.0000,,,false,0.0000,0.0000,false,0.0000,data/unit_stats/source_exports/db/special_ability_phases_tables/data__.tsv,1544,9.0.1
wh3_dlc29_unit_abilities_raging_tornado_3,8.0000,negative,,false,false,0.0000,0.0000,0.0000,1.0000,6,25,false,0.0000,0.0000,false,0,,wh3_dlc29_bound_raging_tornado_3,,false,true,true,0.0000,,,false,0.0000,0.0000,false,0.0000,data/unit_stats/source_exports/db/special_ability_phases_tables/data__.tsv,1545,9.0.1
wh3_dlc29_unit_abilities_raging_tornado_4,8.0000,negative,,false,false,0.0000,0.0000,0.0000,1.0000,8,25,false,0.0000,0.0000,false,0,,wh3_dlc29_bound_raging_tornado_4,,false,true,true,0.0000,,,false,0.0000,0.0000,false,0.0000,data/unit_stats/source_exports/db/special_ability_phases_tables/data__.tsv,1546,9.0.1
wh3_dlc29_unit_abilities_stormfiend_seismic_snare,13.0000,negative,,true,false,0.0000,0.0000,0.0000,0.0000,0,0,false,0.0000,0.0000,false,0,,wh2_dlc14_abilities_seismic_snare,,false,true,true,0.0000,,,false,0.0000,0.0000,false,0.0000,data/unit_stats/source_exports/db/special_ability_phases_tables/data__.tsv,1547,9.0.1
wh3_dlc29_unit_abilities_wrath_of_the_sands,60.0000,positive,,false,false,0.0000,0.0000,0.0000,0.0000,0,0,false,0.0000,0.0000,false,0,,wh3_dlc29_unit_abilities_wrath_of_the_sands,wh3_dlc29_ability_tmb_wrath_of_the_sands,false,true,false,0.0000,,,false,0.0000,0.0000,false,0.0000,data/unit_stats/source_exports/db/special_ability_phases_tables/data__.tsv,1548,9.0.1
wh3_dlc29_unit_abilities_wrath_of_the_sands_enemies,60.0000,negative,,false,false,0.0000,0.0000,0.0000,0.0000,0,0,false,0.0000,0.0000,false,0,,wh3_dlc29_unit_abilities_wrath_of_the_sands,,false,false,true,0.0000,,,false,0.0000,0.0000,false,0.0000,data/unit_stats/source_exports/db/special_ability_phases_tables/data__.tsv,1549,9.0.1
wh3_dlc29_unit_active_maleficient_gaze_1,14.0000,negative,,false,false,0.0200,0.0000,0.0000,0.0000,0,0,false,0.0000,0.0000,false,0,,wh3_dlc29_maleficient_gaze,wh3_dlc29_ability_maleficient_gaze_phase_01,false,true,true,0.0000,,,false,0.0000,0.0000,false,0.0000,data/unit_stats/source_exports/db/special_ability_phases_tables/data__.tsv,1550,9.0.1
wh3_dlc29_unit_active_maleficient_gaze_2,14.0000,negative,,false,false,0.0400,0.0000,0.0000,2.0000,32,8,false,0.0000,0.0000,false,0,,wh3_dlc29_maleficient_gaze_2,wh3_dlc29_ability_maleficient_gaze_phase_02,false,true,true,0.0000,,,false,0.0000,0.0000,false,0.0000,data/unit_stats/source_exports/db/special_ability_phases_tables/data__.tsv,1551,9.0.1
wh3_dlc29_unit_contact_blight_venom,15.0000,negative,,false,false,0.0000,0.0000,0.0000,3.0000,5,15,false,0.0000,0.0000,false,0,,,,false,false,true,0.0000,,,false,0.0000,0.0000,false,0.0000,data/unit_stats/source_exports/db/special_ability_phases_tables/data__.tsv,1552,9.0.1
wh3_dlc29_unit_contact_curse_of_years,10.0000,negative,,false,false,0.0000,0.0000,0.0000,0.0000,0,-1,false,0.0000,0.0000,false,0,,,,false,false,true,0.0000,,,false,0.0000,0.0000,false,0.0000,data/unit_stats/source_exports/db/special_ability_phases_tables/data__.tsv,1553,9.0.1
wh3_dlc29_unit_contact_shadowblood,30.0000,negative,,false,false,0.0000,0.0000,0.0000,0.0000,0,-1,false,0.0000,0.0000,false,0,,,,false,false,true,0.0000,,,false,0.0000,0.0000,false,0.0000,data/unit_stats/source_exports/db/special_ability_phases_tables/data__.tsv,1554,9.0.1
wh3_dlc29_unit_passive_aura_of_vitriol,-1.0000,negative,,false,false,0.0000,0.0000,0.0000,0.0000,0,0,false,0.0000,0.0000,false,0,,wh3_dlc29_basilisk_aura_of_vitriol,wh3_dlc29_ability_aura_of_vitriol,false,true,true,0.0000,,,false,0.0000,0.0000,false,0.0000,data/unit_stats/source_exports/db/special_ability_phases_tables/data__.tsv,1555,9.0.1
wh3_dlc29_unit_passive_carnage_i,45.0000,positive,,false,false,0.0000,0.0000,0.0000,0.0000,0,0,false,0.0000,0.0000,false,0,,wh_main_generic_buff_defence,,false,true,true,0.0000,,,false,0.0000,0.0000,false,0.0000,data/unit_stats/source_exports/db/special_ability_phases_tables/data__.tsv,1556,9.0.1
wh3_dlc29_unit_passive_carnage_ii,45.0000,positive,,false,false,0.0000,0.0000,0.0000,0.0000,0,0,false,0.0000,0.0000,false,0,,wh_main_generic_buff_defence,,false,true,true,0.0000,,,false,0.0000,0.0000,false,0.0000,data/unit_stats/source_exports/db/special_ability_phases_tables/data__.tsv,1557,9.0.1
wh3_dlc29_unit_passive_chosen_of_the_plaguefather,-1.0000,positive,,false,false,0.0000,0.0000,0.0000,1.0000,0,-1,false,0.0000,0.0000,false,0,,wh_main_generic_buff_attack_passive,,false,true,true,0.0000,,,false,0.0010,0.0000,false,0.0000,data/unit_stats/source_exports/db/special_ability_phases_tables/data__.tsv,1558,9.0.1
wh3_dlc29_unit_passive_crush_the_weak,-1.0000,positive,,false,false,0.0000,0.0000,0.0000,0.0000,0,0,false,0.0000,0.0000,false,0,,wh_main_generic_buff_attack_passive,,false,true,false,0.0000,,,false,0.0000,0.0000,false,0.0000,data/unit_stats/source_exports/db/special_ability_phases_tables/data__.tsv,1559,9.0.1
wh3_dlc29_unit_passive_doom_of_many,-1.0000,positive,,false,false,0.0000,0.0000,0.0000,0.0000,0,0,false,0.0000,0.0000,false,0,,,wh_ability_positive_one_shot,false,true,true,0.0000,,,false,0.0000,0.0000,false,0.0000,data/unit_stats/source_exports/db/special_ability_phases_tables/data__.tsv,1560,9.0.1
wh3_dlc29_unit_passive_drakenhof_banner_i,40.0000,positive,,false,false,0.0000,0.0000,0.0000,0.0000,0,0,false,0.0000,0.0000,false,0,,wh_main_generic_buff_defence,,false,true,true,0.0000,,,false,0.0000,0.0000,false,0.0000,data/unit_stats/source_exports/db/special_ability_phases_tables/data__.tsv,1561,9.0.1
wh3_dlc29_unit_passive_drakenhof_banner_ii,-1.0000,positive,,false,false,-0.0100,0.0000,0.0000,0.0000,0,0,false,0.0000,0.0000,false,0,,wh_main_generic_buff_defence_morale_banner,,false,true,true,0.0000,,,false,0.0000,0.0000,false,0.0000,data/unit_stats/source_exports/db/special_ability_phases_tables/data__.tsv,1562,9.0.1
wh3_dlc29_unit_passive_faster_than_man,-1.0000,positive,,false,false,0.0000,0.0000,0.0000,0.0000,0,-1,false,0.0000,0.0000,false,0,,,,false,true,true,0.0000,,,false,0.0000,0.0000,false,0.0000,data/unit_stats/source_exports/db/special_ability_phases_tables/data__.tsv,1563,9.0.1
wh3_dlc29_unit_passive_heralds_of_the_accursed_one,-1.0000,negative,,false,false,0.0000,0.0000,0.0000,0.0000,0,-1,false,0.0000,0.0000,false,0,,wh_main_generic_debuff_morale,wh_ability_negative,false,false,true,0.0000,,,false,0.0000,0.0000,false,0.0000,data/unit_stats/source_exports/db/special_ability_phases_tables/data__.tsv,1564,9.0.1
wh3_dlc29_unit_passive_humiliation_of_the_gods_i_allies,60.0000,positive,,false,false,0.0000,0.0000,0.0000,0.0000,0,0,false,0.0000,0.0000,false,0,,wh_main_generic_buff_attack,,false,true,false,0.0000,,,false,0.0000,0.0000,false,0.0000,data/unit_stats/source_exports/db/special_ability_phases_tables/data__.tsv,1565,9.0.1
wh3_dlc29_unit_passive_humiliation_of_the_gods_i_enemies,60.0000,negative,,false,false,0.0000,0.0000,0.0000,0.0000,0,0,false,0.0000,0.0000,false,0,,wh_main_generic_buff_attack,,false,false,true,0.0000,,,false,0.0000,0.0000,false,0.0000,data/unit_stats/source_exports/db/special_ability_phases_tables/data__.tsv,1566,9.0.1
wh3_dlc29_unit_passive_lieutenants_of_the_apocalypse_allies,-1.0000,positive,,false,false,0.0000,0.0000,0.0000,0.0000,0,0,false,0.0000,0.0000,false,0,,wh_main_generic_ward_save_all,,false,true,true,0.0000,,,false,0.0000,0.0000,false,0.0000,data/unit_stats/source_exports/db/special_ability_phases_tables/data__.tsv,1567,9.0.1
wh3_dlc29_unit_passive_little_plague_v1,28.0000,negative,,false,false,0.0000,0.0000,0.0000,2.0000,4,20,false,0.0000,0.0000,false,0,,wh3_main_abilities_locus_of_contagion,,false,true,true,0.0000,,wh3_dlc29_unit_passive_contained_plague,false,0.0000,0.0000,false,0.0000,data/unit_stats/source_exports/db/special_ability_phases_tables/data__.tsv,1568,9.0.1
wh3_dlc29_unit_passive_little_plague_v2,28.0000,negative,,false,false,0.0000,0.0000,0.0000,2.0000,4,20,false,0.0000,0.0000,false,0,,wh3_main_abilities_locus_of_contagion,,false,true,true,0.0000,,wh3_dlc29_unit_passive_contained_plague,false,0.0000,0.0000,false,0.0000,data/unit_stats/source_exports/db/special_ability_phases_tables/data__.tsv,1569,9.0.1
wh3_dlc29_unit_passive_locus_of_azyr,-1.0000,positive,,false,false,0.0000,0.0000,0.0000,0.0000,0,0,false,0.2000,0.0000,false,0,,wh3_dlc29_celestial_hurricanum_locus_of_azyr,,false,true,true,0.0000,,,false,0.0000,0.0000,false,0.0000,data/unit_stats/source_exports/db/special_ability_phases_tables/data__.tsv,1570,9.0.1
wh3_dlc29_unit_passive_mistify,-1.0000,positive,,false,false,0.0000,0.0000,0.0000,0.0000,0,-1,false,0.0000,0.0000,false,0,,wh3_dlc29_mistify_ability,wh_ability_positive,false,true,true,0.0000,,,false,0.0000,0.0000,false,0.0000,data/unit_stats/source_exports/db/special_ability_phases_tables/data__.tsv,1571,9.0.1
wh3_dlc29_unit_passive_mutant_rush,30.0000,positive,,false,false,-0.0100,0.0000,0.0000,0.0000,0,0,false,0.0000,0.0000,false,0,,wh2_main_generic_buff_speed_passive,,false,true,true,0.0000,,,false,0.0000,0.0000,false,0.0000,data/unit_stats/source_exports/db/special_ability_phases_tables/data__.tsv,1572,9.0.1
wh3_dlc29_unit_passive_obliterate_the_weak,-1.0000,positive,,false,false,0.0000,0.0000,0.0000,0.0000,0,0,false,0.0000,0.0000,false,0,,wh_main_generic_buff_attack_passive,,false,true,true,0.0000,,,false,0.0000,0.0000,false,0.0000,data/unit_stats/source_exports/db/special_ability_phases_tables/data__.tsv,1573,9.0.1
wh3_dlc29_unit_passive_portents_of_battle,-1.0000,positive,,false,false,0.0000,0.0000,0.0000,0.0000,0,0,false,0.0000,0.0000,false,0,,wh_main_generic_buff_attack_passive,,false,true,true,0.0000,,,false,0.0000,0.0000,false,0.0000,data/unit_stats/source_exports/db/special_ability_phases_tables/data__.tsv,1574,9.0.1
wh3_dlc29_unit_passive_protection_of_ulric,-1.0000,positive,,false,false,0.0000,0.0000,0.0000,0.0000,0,0,false,0.0000,0.0000,false,0,,,,false,true,true,0.0000,,,false,0.0000,0.0000,false,0.0000,data/unit_stats/source_exports/db/special_ability_phases_tables/data__.tsv,1575,9.0.1
wh3_dlc29_unit_passive_provide_aoe_stalk,-1.0000,positive,,false,false,0.0000,0.0000,0.0000,0.0000,0,-1,false,0.0000,0.0000,false,0,,,,false,true,true,0.0000,,,false,0.0000,0.0000,false,0.0000,data/unit_stats/source_exports/db/special_ability_phases_tables/data__.tsv,1576,9.0.1
wh3_dlc29_unit_passive_scrying_pool,-1.0000,positive,,false,false,0.0000,0.0000,0.0000,0.0000,0,0,false,0.0000,0.0000,false,0,,wh_main_generic_buff_defence_attack_passive,,false,true,true,0.0000,,,false,0.0000,0.0000,false,0.0000,data/unit_stats/source_exports/db/special_ability_phases_tables/data__.tsv,1577,9.0.1
wh3_dlc29_unit_passive_shadowblood_fragrance,-1.0000,positive,,false,false,0.0000,0.0000,0.0000,0.0000,0,-1,false,0.0000,0.0000,false,10,wh3_dlc29_unit_contact_shadowblood,wh3_dlc29_shadowblood_fragrance_ability,wh_ability_positive_banner,false,true,true,0.0000,,,false,0.0000,0.0000,false,0.0000,data/unit_stats/source_exports/db/special_ability_phases_tables/data__.tsv,1578,9.0.1
wh3_dlc29_unit_passive_spiky,-1.0000,positive,,false,false,0.0000,0.0000,0.0000,0.0000,0,-1,false,0.0000,0.0000,false,0,,wh_main_generic_buff_defence_passive,,false,true,true,0.0000,,,false,0.0000,0.0000,false,0.0000,data/unit_stats/source_exports/db/special_ability_phases_tables/data__.tsv,1579,9.0.1
wh3_dlc29_unit_passive_spirit_conduit_upgraded,-1.0000,positive,,false,false,0.0000,0.0000,0.0000,0.0000,0,0,false,0.2000,0.0000,false,0,,,,false,true,true,0.0000,,,false,0.0000,0.0000,false,0.0000,data/unit_stats/source_exports/db/special_ability_phases_tables/data__.tsv,1580,9.0.1
wh3_dlc29_unit_passive_unbinding_brood_horror_0,40.0000,negative,,false,false,0.0000,0.0000,0.0000,0.0000,0,0,false,0.0000,0.0000,false,0,,wh_main_bound_entity_energy_small,wh2_dlc13_ability_summon_unbinding_generic_small_phase_01,false,true,true,0.0000,,,false,0.0000,0.0000,false,0.0000,data/unit_stats/source_exports/db/special_ability_phases_tables/data__.tsv,1581,9.0.1
wh3_dlc29_unit_passive_unbinding_cairn_wraiths,62.0000,negative,,false,false,0.0000,0.0000,0.0000,0.0000,0,-1,false,0.0000,0.0000,false,0,,wh_main_bound_entity_energy_small,wh2_dlc13_ability_summon_unbinding_generic_small_phase_01,false,true,true,0.0000,,,false,0.0000,0.0000,false,0.0000,data/unit_stats/source_exports/db/special_ability_phases_tables/data__.tsv,1582,9.0.1
wh3_dlc29_unit_passive_unbinding_cairn_wraiths_upgraded,124.0000,negative,,false,false,0.0000,0.0000,0.0000,0.0000,0,-1,false,0.0000,0.0000,false,0,,wh_main_bound_entity_energy_small,wh2_dlc13_ability_summon_unbinding_generic_small_phase_01,false,true,true,0.0000,,,false,0.0000,0.0000,false,0.0000,data/unit_stats/source_exports/db/special_ability_phases_tables/data__.tsv,1583,9.0.1
wh3_dlc29_unit_passive_unbinding_deck_gunners,99.0000,negative,,false,false,0.0000,0.0000,0.0000,1.0000,0,0,false,0.0000,0.0000,false,0,,wh_main_bound_entity_energy_small,wh2_dlc13_ability_summon_unbinding_generic_small_phase_01,false,true,true,0.0000,,,false,0.0000,0.0000,false,0.0000,data/unit_stats/source_exports/db/special_ability_phases_tables/data__.tsv,1584,9.0.1
wh3_dlc29_unit_passive_unbinding_doom_flayers_0,40.0000,negative,,false,false,0.0000,0.0000,0.0000,0.0000,0,0,false,0.0000,0.0000,false,0,,wh_main_bound_entity_energy_small,wh2_dlc13_ability_summon_unbinding_generic_small_phase_01,false,true,true,0.0000,,,false,0.0000,0.0000,false,0.0000,data/unit_stats/source_exports/db/special_ability_phases_tables/data__.tsv,1585,9.0.1
wh3_dlc29_unit_passive_unbinding_hell_pit_abomination,30.0000,negative,,false,false,0.0000,0.0000,0.0000,1.0000,0,0,false,0.0000,0.0000,false,0,,wh_main_bound_entity_energy_small,wh2_dlc13_ability_summon_unbinding_generic_small_phase_01,false,true,true,0.0000,,,false,0.0000,0.0000,false,0.0000,data/unit_stats/source_exports/db/special_ability_phases_tables/data__.tsv,1586,9.0.1
wh3_dlc29_unit_passive_unbinding_poisoned_wind_mortars_0,40.0000,negative,,false,false,0.0000,0.0000,0.0000,0.0000,0,0,false,0.0000,0.0000,false,0,,wh_main_bound_entity_energy_small,wh2_dlc13_ability_summon_unbinding_generic_small_phase_01,false,true,true,0.0000,,,false,0.0000,0.0000,false,0.0000,data/unit_stats/source_exports/db/special_ability_phases_tables/data__.tsv,1587,9.0.1
wh3_dlc29_unit_passive_unbinding_raise_legion,205.0000,negative,,false,false,0.0000,0.0000,0.0000,1.0000,0,0,false,0.0000,0.0000,false,0,,wh_main_bound_entity_energy_large,wh2_dlc13_ability_summon_unbinding_generic_large_phase_01,false,true,true,0.0000,,,false,0.0000,0.0000,false,0.0000,data/unit_stats/source_exports/db/special_ability_phases_tables/data__.tsv,1588,9.0.1
wh3_dlc29_unit_passive_unbinding_skeleton_chariot,99.0000,negative,,false,false,0.0000,0.0000,0.0000,1.0000,0,0,false,0.0000,0.0000,false,0,,wh_main_bound_entity_energy_small,wh2_dlc13_ability_summon_unbinding_generic_small_phase_01,false,true,true,0.0000,,,false,0.0000,0.0000,false,0.0000,data/unit_stats/source_exports/db/special_ability_phases_tables/data__.tsv,1589,9.0.1
wh3_dlc29_unit_passive_unbinding_skeleton_horsemen,99.0000,negative,,false,false,0.0000,0.0000,0.0000,1.0000,0,0,false,0.0000,0.0000,false,0,,wh_main_bound_entity_energy_small,wh2_dlc13_ability_summon_unbinding_generic_small_phase_01,false,true,true,0.0000,,,false,0.0000,0.0000,false,0.0000,data/unit_stats/source_exports/db/special_ability_phases_tables/data__.tsv,1590,9.0.1
wh3_dlc29_unit_passive_unbinding_the_awakening,86.0000,negative,,false,false,0.0000,0.0000,0.0000,1.0000,0,0,false,0.0000,0.0000,false,0,,wh_main_bound_entity_energy_small,wh2_dlc13_ability_summon_unbinding_generic_small_phase_01,false,true,true,0.0000,,,false,0.0000,0.0000,false,0.0000,data/unit_stats/source_exports/db/special_ability_phases_tables/data__.tsv,1591,9.0.1
wh3_dlc29_unit_passive_unshakable_pathogen,-1.0000,negative,,false,false,0.0000,0.0000,0.0000,1.0000,5,3,false,0.0000,0.0000,false,0,,wh_main_bound_entity_energy_small_low,wh2_dlc13_ability_summon_unbinding_generic_small_phase_02,false,true,true,0.0000,,,false,0.0000,0.0000,false,0.0000,data/unit_stats/source_exports/db/special_ability_phases_tables/data__.tsv,1592,9.0.1
wh3_dlc29_unit_passive_vigour_mortis_upgraded,-1.0000,positive,,false,false,-0.0100,0.0000,0.0000,0.0000,0,0,false,0.0000,0.0000,false,0,,wh_main_generic_buff_attack_passive,,false,true,true,0.0000,,,false,0.0000,0.0000,false,0.0000,data/unit_stats/source_exports/db/special_ability_phases_tables/data__.tsv,1593,9.0.1
wh3_dlc29_unit_passive_yell_and_bawl,-1.0000,negative,,false,false,0.0000,0.0000,0.0000,0.0000,0,0,false,0.0000,0.0000,false,0,,wh_main_generic_debuff_defence_attack_morale_passive,,false,true,true,0.0000,,,false,0.0000,0.0000,false,0.0000,data/unit_stats/source_exports/db/special_ability_phases_tables/data__.tsv,1594,9.0.1
wh3_dlc29_weapon_abilities_aken-seth_the_staff_of_pain,20.0000,positive,,false,false,0.0000,0.0000,-15.0000,0.0000,0,0,false,0.0000,0.0000,false,0,,wh2_main_generic_buff_wom,wh_ability_positive_one_shot,false,true,true,0.0000,,,false,0.0000,0.0000,false,0.0000,data/unit_stats/source_exports/db/special_ability_phases_tables/data__.tsv,1595,9.0.1
wh3_dlc29_weapon_abilities_akmet_kar_the_dagger_of_jet,-1.0000,negative,,false,false,0.0000,0.0000,0.0000,0.0000,0,0,false,0.0000,0.0000,false,0,,wh_main_generic_buff_attack,wh_ability_positive,false,true,true,0.0000,,,false,0.0000,0.0000,false,0.0000,data/unit_stats/source_exports/db/special_ability_phases_tables/data__.tsv,1596,9.0.1
wh3_dlc29_weapon_ability_legbiter,28.0000,positive,,false,false,0.0000,0.0000,0.0000,0.0000,0,0,false,0.0000,0.0000,false,0,wh3_dlc29_contact_phase_legbiter,wh3_main_ice_death_frost,wh_ability_positive_one_shot,false,true,true,0.0000,,,false,0.0000,0.0000,false,0.0000,data/unit_stats/source_exports/db/special_ability_phases_tables/data__.tsv,1597,9.0.1
wh3_dlc29_weapon_active_hammer_axe_of_skoll,25.0000,positive,,false,false,0.0000,0.0000,0.0000,0.0000,0,0,false,0.0000,0.0000,false,0,,wh_main_generic_buff_attack_banner,wh_ability_positive_one_shot,false,true,true,0.0000,,,false,0.0000,0.0000,false,0.0000,data/unit_stats/source_exports/db/special_ability_phases_tables/data__.tsv,1598,9.0.1
wh3_ef_line_siege_wall,-1.0000,positive,,false,false,0.0000,0.0000,0.0000,0.0000,0,0,false,0.0000,0.0000,false,0,,,,false,true,true,0.0000,,,false,0.0000,0.0000,false,0.0000,data/unit_stats/source_exports/db/special_ability_phases_tables/data__.tsv,1599,9.0.1
wh3_ef_line_terrain_placement,-1.0000,positive,,false,false,0.0000,0.0000,0.0000,0.0000,0,0,false,0.0000,0.0000,false,0,,,,false,true,true,0.0000,,,false,0.0000,0.0000,false,0.0000,data/unit_stats/source_exports/db/special_ability_phases_tables/data__.tsv,1600,9.0.1
wh3_main_abilities_passive_into_the_fray,5.0000,positive,,false,false,-0.2000,0.0000,0.0000,0.0000,0,0,false,0.0000,0.0000,false,0,,wh_main_generic_buff_attack_passive,,false,true,true,0.0000,,,false,0.0000,0.0000,false,0.0000,data/unit_stats/source_exports/db/special_ability_phases_tables/data__.tsv,1601,9.0.1
wh3_main_abilities_reveal_all_enemies,-1.0000,negative,,false,false,0.0000,0.0000,0.0000,0.0000,0,0,false,0.0000,0.0000,false,0,,,,true,true,true,0.0000,,,false,0.0000,0.0000,false,0.0000,data/unit_stats/source_exports/db/special_ability_phases_tables/data__.tsv,1602,9.0.1
wh3_main_ambush_unready,60.0000,negative,,false,false,0.0000,0.0000,0.0000,0.0000,0,0,false,0.0000,0.0000,false,0,,,,false,true,true,0.0000,,,false,0.0000,0.0000,false,0.0000,data/unit_stats/source_exports/db/special_ability_phases_tables/data__.tsv,1603,9.0.1
wh3_main_army_abilities_arcane_surge,14.0000,positive,,false,false,0.0000,0.0000,0.0000,0.0000,0,0,false,0.8000,0.1500,false,0,,wh3_main_army_abilities_arcane_surge,wh3_main_army_abilities_arcane_surge,false,true,true,0.0000,,,false,0.0000,0.0000,false,0.0000,data/unit_stats/source_exports/db/special_ability_phases_tables/data__.tsv,1604,9.0.1
wh3_main_army_abilities_curse_of_the_slug,20.0000,negative,,false,false,0.0000,0.0000,0.0000,0.0000,0,0,false,0.0000,0.0000,false,0,,wh3_main_army_abilities_curse_of_the_slug,wh3_main_army_abilities_curse_of_the_slug,false,true,true,0.0000,,wh3_main_army_abilities_curse_of_the_slug,false,0.0000,0.0000,false,0.0000,data/unit_stats/source_exports/db/special_ability_phases_tables/data__.tsv,1605,9.0.1
wh3_main_army_abilities_fascination,14.0000,negative,,false,false,0.0000,0.0000,0.0000,1.0000,10,25,false,0.0000,0.0000,false,0,,wh3_main_abilities_fascination,wh3_main_army_abilities_fascination,false,true,true,0.0000,,,false,0.0000,0.0000,false,0.0000,data/unit_stats/source_exports/db/special_ability_phases_tables/data__.tsv,1606,9.0.1
wh3_main_army_abilities_fecundity,12.0000,positive,,false,false,-0.0100,0.0000,0.0000,1.0000,0,0,false,0.0000,0.0000,false,0,,wh3_main_army_abilities_fecundity,wh3_main_army_abilities_fecundity,false,true,true,0.0000,,wh3_main_army_abilities_fecundity,false,0.0080,0.0000,false,0.0000,data/unit_stats/source_exports/db/special_ability_phases_tables/data__.tsv,1607,9.0.1
wh3_main_army_abilities_gluttony,20.0000,positive,,false,false,0.0000,0.0000,0.0000,1.0000,0,0,false,0.0000,0.0000,false,0,,wh3_main_army_abilities_gluttony,wh3_main_army_abilities_ogr_gluttony,false,true,true,0.0000,,,false,0.0100,0.0000,false,0.0000,data/unit_stats/source_exports/db/special_ability_phases_tables/data__.tsv,1608,9.0.1
wh3_main_army_abilities_horn_of_khorne,31.0000,positive,,false,false,0.0000,0.0000,0.0000,0.0000,0,0,false,0.0000,0.0000,false,0,,wh3_main_army_abilities_horn_of_khorne,wh3_main_kho_ability_horn_of_khorne,false,true,true,0.0000,,,false,0.0000,0.0000,false,0.0000,data/unit_stats/source_exports/db/special_ability_phases_tables/data__.tsv,1609,9.0.1
wh3_main_army_abilities_narcissism,16.0000,negative,,true,false,0.0000,0.0000,0.0000,0.0000,0,0,false,0.0000,0.0000,false,0,,wh3_main_abilities_narcissism,wh3_main_army_abilities_narcissism,false,true,true,0.0000,,,false,0.0000,0.0000,false,0.0000,data/unit_stats/source_exports/db/special_ability_phases_tables/data__.tsv,1610,9.0.1
wh3_main_army_abilities_relentless_rage,20.0000,positive,,false,false,0.0000,0.0000,0.0000,0.0000,0,0,false,0.0000,0.0000,false,0,,wh3_main_army_abilities_relentless_rage,wh3_main_kho_ability_relentless_rage,false,true,true,0.0000,,,false,0.0000,0.0000,false,0.0000,data/unit_stats/source_exports/db/special_ability_phases_tables/data__.tsv,1611,9.0.1
wh3_main_army_abilities_rot_glorious_rot,25.0000,negative,,false,false,0.0000,0.0000,0.0000,1.0000,5,25,false,0.0000,0.0000,false,0,,wh3_main_army_abilities_rot_glorious_rot,wh3_main_army_abilities_rot_glorious_rot,false,true,true,0.0000,,wh3_main_army_abilities_rot_glorious_rot,false,0.0000,0.0000,false,0.0000,data/unit_stats/source_exports/db/special_ability_phases_tables/data__.tsv,1612,9.0.1
wh3_main_army_abilities_sweet_sorrow,15.0000,positive,,false,false,-0.0400,0.0000,0.0000,0.0000,0,0,false,0.0000,0.0000,false,0,,wh3_main_army_abilities_sweet_sorrow,wh3_main_army_abilities_sweet_sorrow,false,true,true,0.0000,,,false,0.0000,0.0000,false,0.0000,data/unit_stats/source_exports/db/special_ability_phases_tables/data__.tsv,1613,9.0.1
wh3_main_army_abilities_the_bitterness_of_winter,16.0000,negative,,false,false,0.0100,0.0000,0.0000,0.0000,0,0,false,0.0000,0.0000,false,0,,wh3_main_army_abilities_bitterness_of_winter,wh3_main_kis_the_bitterness_of_winter,false,true,true,0.0000,,,false,0.0000,0.0000,false,0.0000,data/unit_stats/source_exports/db/special_ability_phases_tables/data__.tsv,1614,9.0.1
wh3_main_army_abilities_wrath_of_the_bear,17.0000,positive,,false,false,0.0000,0.0000,0.0000,0.0000,0,0,false,0.0000,0.0000,false,0,,wh3_main_army_abilities_wrath_of_the_bear,wh3_main_kis_ability_wrath_of_the_bear,false,true,true,0.0000,,,false,0.0000,0.0000,false,0.0000,data/unit_stats/source_exports/db/special_ability_phases_tables/data__.tsv,1615,9.0.1
wh3_main_ascendant_beasts_ascendancy,-1.0000,positive,,false,false,0.0000,0.0000,0.0000,0.0000,0,-1,false,0.0000,0.0000,false,0,,,,false,true,true,0.0000,,,false,0.0000,0.0000,false,0.0000,data/unit_stats/source_exports/db/special_ability_phases_tables/data__.tsv,1616,9.0.1
wh3_main_ascendant_death_ascendancy,-1.0000,positive,,false,false,0.0000,0.0000,0.0000,0.0000,0,-1,false,0.0000,0.0000,false,0,,,,false,true,true,0.0000,,,false,0.0000,0.0000,false,0.0000,data/unit_stats/source_exports/db/special_ability_phases_tables/data__.tsv,1617,9.0.1
wh3_main_ascendant_fire_ascendancy,-1.0000,positive,,false,false,0.0000,0.0000,0.0000,0.0000,0,-1,false,0.0000,0.0000,false,0,,,,false,true,true,0.0000,,,false,0.0000,0.0000,false,0.0000,data/unit_stats/source_exports/db/special_ability_phases_tables/data__.tsv,1618,9.0.1
wh3_main_ascendant_heavens_ascendancy,-1.0000,positive,,false,false,0.0000,0.0000,0.0000,0.0000,0,-1,false,0.0000,0.0000,false,0,,,,false,true,true,0.0000,,,false,0.0000,0.0000,false,0.0000,data/unit_stats/source_exports/db/special_ability_phases_tables/data__.tsv,1619,9.0.1
wh3_main_ascendant_life_ascendancy,-1.0000,positive,,false,false,0.0000,0.0000,0.0000,0.0000,0,-1,false,0.0000,0.0000,false,0,,,,false,true,true,0.0000,,,false,0.0000,0.0000,false,0.0000,data/unit_stats/source_exports/db/special_ability_phases_tables/data__.tsv,1620,9.0.1
wh3_main_ascendant_light_ascendancy,-1.0000,positive,,false,false,0.0000,0.0000,0.0000,0.0000,0,-1,false,0.0000,0.0000,true,0,,,,false,true,true,0.0000,,,false,0.0000,0.0000,false,0.0000,data/unit_stats/source_exports/db/special_ability_phases_tables/data__.tsv,1621,9.0.1
wh3_main_ascendant_metal_ascendancy,-1.0000,positive,,false,false,0.0000,0.0000,0.0000,0.0000,0,-1,false,0.0000,0.0000,false,0,,,,false,true,true,0.0000,,,false,0.0000,0.0000,false,0.0000,data/unit_stats/source_exports/db/special_ability_phases_tables/data__.tsv,1622,9.0.1
wh3_main_ascendant_shadow_ascendancy,-1.0000,positive,,false,false,0.0000,0.0000,0.0000,0.0000,0,-1,false,0.0000,0.0000,false,0,,,,false,true,true,0.0000,,,false,0.0000,0.0000,false,0.0000,data/unit_stats/source_exports/db/special_ability_phases_tables/data__.tsv,1623,9.0.1
wh3_main_banner_passive_standard_of_wei_jin_enemy,-1.0000,negative,,false,false,0.0000,0.0000,0.0000,0.0000,0,0,false,0.0000,0.0000,false,0,,wh_main_generic_debuff_morale_passive,,false,false,true,0.0000,,,false,0.0000,0.0000,false,0.0000,data/unit_stats/source_exports/db/special_ability_phases_tables/data__.tsv,1624,9.0.1
wh3_main_banner_passive_standard_of_wei_jin_friend,-1.0000,positive,,false,false,0.0000,0.0000,0.0000,0.0000,0,0,false,0.0000,0.0000,false,0,,wh_main_generic_buff_morale,,false,true,false,0.0000,,,false,0.0000,0.0000,false,0.0000,data/unit_stats/source_exports/db/special_ability_phases_tables/data__.tsv,1625,9.0.1
wh3_main_barricade_blocker,-1.0000,positive,,false,false,0.0000,0.0000,0.0000,0.0000,0,0,false,0.0000,0.0000,false,0,,wh_main_generic_buff_defence_passive,,false,true,true,0.0000,,,false,0.0000,0.0000,false,0.0000,data/unit_stats/source_exports/db/special_ability_phases_tables/data__.tsv,1626,9.0.1
wh3_main_barricade_monument,-1.0000,positive,,false,false,0.0000,0.0000,0.0000,0.0000,0,0,false,0.0000,0.0000,false,0,,wh_main_generic_buff_attack_passive,,false,true,true,0.0000,,,false,0.0000,0.0000,false,0.0000,data/unit_stats/source_exports/db/special_ability_phases_tables/data__.tsv,1627,9.0.1
wh3_main_barricade_monument_brt,-1.0000,positive,,false,false,0.0000,0.0000,0.0000,0.0000,0,0,false,0.0000,0.0000,false,0,,wh_main_generic_buff_attack_passive,,false,true,true,0.0000,,,false,0.0000,0.0000,false,0.0000,data/unit_stats/source_exports/db/special_ability_phases_tables/data__.tsv,1628,9.0.1
wh3_main_barricade_monument_bst,-1.0000,positive,,false,false,0.0000,0.0000,0.0000,0.0000,0,0,false,0.0000,0.0000,false,0,,wh_main_generic_buff_attack_passive,,false,true,true,0.0000,,,false,0.0000,0.0000,false,0.0000,data/unit_stats/source_exports/db/special_ability_phases_tables/data__.tsv,1629,9.0.1
wh3_main_barricade_monument_chs,-1.0000,positive,,false,false,0.0000,0.0000,0.0000,0.0000,0,0,false,0.0000,0.0000,false,0,,wh_main_generic_buff_attack_passive,,false,true,true,0.0000,,,false,0.0000,0.0000,false,0.0000,data/unit_stats/source_exports/db/special_ability_phases_tables/data__.tsv,1630,9.0.1
wh3_main_barricade_monument_cst,-1.0000,positive,,false,false,0.0000,0.0000,0.0000,1.0000,0,0,false,0.0000,0.0000,false,0,,wh_main_generic_buff_attack_passive,,false,true,true,0.0000,,,false,0.0020,0.0000,false,0.0000,data/unit_stats/source_exports/db/special_ability_phases_tables/data__.tsv,1631,9.0.1
wh3_main_barricade_monument_cth,-1.0000,positive,,false,false,0.0000,0.0000,0.0000,0.0000,0,0,false,0.0000,0.0000,false,0,,wh_main_generic_buff_attack_passive,,false,true,true,0.0000,,,false,0.0000,0.0000,false,0.0000,data/unit_stats/source_exports/db/special_ability_phases_tables/data__.tsv,1632,9.0.1
wh3_main_barricade_monument_def,-1.0000,positive,,false,false,0.0000,0.0000,0.0000,0.0000,0,0,false,0.0000,0.0000,false,0,,wh_main_generic_buff_attack_passive,,false,true,true,0.0000,,,false,0.0000,0.0000,false,0.0000,data/unit_stats/source_exports/db/special_ability_phases_tables/data__.tsv,1633,9.0.1
wh3_main_barricade_monument_dwf,-1.0000,positive,,false,false,0.0000,0.0000,0.0000,0.0000,0,0,false,0.0000,0.0000,false,0,,wh_main_generic_buff_attack_passive,,false,true,true,0.0000,,,false,0.0000,0.0000,false,0.0000,data/unit_stats/source_exports/db/special_ability_phases_tables/data__.tsv,1634,9.0.1
wh3_main_barricade_monument_emp,-1.0000,positive,,false,false,0.0000,0.0000,0.0000,0.0000,0,0,false,0.0000,0.0000,false,0,,wh_main_generic_buff_attack_passive,,false,true,true,0.0000,,,false,0.0000,0.0000,false,0.0000,data/unit_stats/source_exports/db/special_ability_phases_tables/data__.tsv,1635,9.0.1
wh3_main_barricade_monument_grn,-1.0000,positive,,false,false,0.0000,0.0000,0.0000,0.0000,0,0,false,0.0000,0.0000,false,0,,wh_main_generic_buff_attack_passive,,false,true,true,0.0000,,,false,0.0000,0.0000,false,0.0000,data/unit_stats/source_exports/db/special_ability_phases_tables/data__.tsv,1636,9.0.1
wh3_main_barricade_monument_hef,-1.0000,positive,,false,false,0.0000,0.0000,0.0000,0.0000,0,0,false,0.0000,0.0000,false,0,,wh_main_generic_buff_attack_passive,,false,true,true,0.0000,,,false,0.0000,0.0000,false,0.0000,data/unit_stats/source_exports/db/special_ability_phases_tables/data__.tsv,1637,9.0.1
wh3_main_barricade_monument_kho,-1.0000,positive,,false,false,0.0000,0.0000,0.0000,0.0000,0,0,false,0.0000,0.0000,false,0,,wh_main_generic_buff_attack_passive,,false,true,true,0.0000,,,false,0.0000,0.0000,false,0.0000,data/unit_stats/source_exports/db/special_ability_phases_tables/data__.tsv,1638,9.0.1
wh3_main_barricade_monument_ksl,-1.0000,positive,,false,false,0.0000,0.0000,0.0000,0.0000,0,0,false,0.0000,0.0000,false,0,,wh_main_generic_buff_attack_passive,,false,true,true,0.0000,,,false,0.0000,0.0000,false,0.0000,data/unit_stats/source_exports/db/special_ability_phases_tables/data__.tsv,1639,9.0.1
wh3_main_barricade_monument_lzd,-1.0000,positive,,false,false,0.0000,0.0000,0.0000,0.0000,0,0,false,0.0000,0.0000,false,0,,wh_main_generic_buff_attack_passive,,false,true,true,0.0000,,,false,0.0000,0.0000,false,0.0000,data/unit_stats/source_exports/db/special_ability_phases_tables/data__.tsv,1640,9.0.1
wh3_main_barricade_monument_nor,-1.0000,positive,,false,false,0.0000,0.0000,0.0000,0.0000,0,0,false,0.0000,0.0000,false,0,,wh_main_generic_buff_attack_passive,,false,true,true,0.0000,,,false,0.0000,0.0000,false,0.0000,data/unit_stats/source_exports/db/special_ability_phases_tables/data__.tsv,1641,9.0.1
wh3_main_barricade_monument_nur,-1.0000,positive,,false,false,0.0000,0.0000,0.0000,1.0000,0,0,false,0.0000,0.0000,false,0,,wh_main_generic_buff_attack_passive,,false,true,true,0.0000,,,false,0.0020,0.0000,false,0.0000,data/unit_stats/source_exports/db/special_ability_phases_tables/data__.tsv,1642,9.0.1
wh3_main_barricade_monument_ogr,-1.0000,positive,,false,false,0.0000,0.0000,0.0000,0.0000,0,0,false,0.0000,0.0000,false,0,,wh_main_generic_buff_attack_passive,,false,true,true,0.0000,,,false,0.0000,0.0000,false,0.0000,data/unit_stats/source_exports/db/special_ability_phases_tables/data__.tsv,1643,9.0.1
wh3_main_barricade_monument_skv,-1.0000,positive,,false,false,0.0000,0.0000,0.0000,0.0000,0,0,false,0.0000,0.0000,false,0,,wh_main_generic_buff_attack_passive,,false,true,true,0.0000,,,false,0.0000,0.0000,false,0.0000,data/unit_stats/source_exports/db/special_ability_phases_tables/data__.tsv,1644,9.0.1
wh3_main_barricade_monument_sla,-1.0000,positive,,false,false,0.0000,0.0000,0.0000,0.0000,0,0,false,0.0000,0.0000,false,0,,wh_main_generic_buff_attack_passive,,false,true,true,0.0000,,,false,0.0000,0.0000,false,0.0000,data/unit_stats/source_exports/db/special_ability_phases_tables/data__.tsv,1645,9.0.1
wh3_main_barricade_monument_tmb,-1.0000,positive,,false,false,0.0000,0.0000,0.0000,1.0000,0,0,false,0.0000,0.0000,false,0,,wh_main_generic_buff_attack_passive,,false,true,true,0.0000,,,false,0.0020,0.0000,false,0.0000,data/unit_stats/source_exports/db/special_ability_phases_tables/data__.tsv,1646,9.0.1
wh3_main_barricade_monument_tze,-1.0000,positive,,false,false,0.0000,0.0000,0.0000,0.0000,0,0,false,0.0000,0.0000,false,0,,wh_main_generic_buff_attack_passive,,false,true,true,0.0000,,,false,0.0000,0.0000,false,0.0000,data/unit_stats/source_exports/db/special_ability_phases_tables/data__.tsv,1647,9.0.1
wh3_main_barricade_monument_vmp,-1.0000,positive,,false,false,0.0000,0.0000,0.0000,1.0000,0,0,false,0.0000,0.0000,false,0,,wh_main_generic_buff_attack_passive,,false,true,true,0.0000,,,false,0.0020,0.0000,false,0.0000,data/unit_stats/source_exports/db/special_ability_phases_tables/data__.tsv,1648,9.0.1
wh3_main_barricade_monument_wef,-1.0000,positive,,false,false,0.0000,0.0000,0.0000,0.0000,0,0,false,0.0000,0.0000,false,0,,wh_main_generic_buff_attack_passive,,false,true,true,0.0000,,,false,0.0000,0.0000,false,0.0000,data/unit_stats/source_exports/db/special_ability_phases_tables/data__.tsv,1649,9.0.1
wh3_main_barricade_platform,-1.0000,positive,,false,false,0.0000,0.0000,0.0000,0.0000,0,0,false,0.0000,0.0000,false,0,,wh_main_generic_buff_morale_attack,,false,true,true,0.0000,,,false,0.0000,0.0000,false,0.0000,data/unit_stats/source_exports/db/special_ability_phases_tables/data__.tsv,1650,9.0.1
wh3_main_barricade_trap,-1.0000,negative,,false,false,0.0000,0.0000,0.0000,0.0000,0,0,false,0.0000,0.0000,false,0,,wh_main_generic_debuff_morale_attack,,false,true,true,0.0000,,,false,0.0000,0.0000,false,0.0000,data/unit_stats/source_exports/db/special_ability_phases_tables/data__.tsv,1651,9.0.1
wh3_main_cataclysm_beasts_merciws_monstrous_regiment,120.0000,positive,,false,false,0.0000,0.0000,0.0000,0.0000,0,0,false,0.0000,0.0000,false,0,,wh3_main_spell_cataclysm_merciws_monsterous_regiment,,false,true,true,0.0000,,,false,0.0000,0.0000,false,0.0000,data/unit_stats/source_exports/db/special_ability_phases_tables/data__.tsv,1652,9.0.1
wh3_main_cataclysm_death_ashes_and_dust_01,10.0000,negative,,false,false,0.0000,0.0000,0.0000,1.0000,25,25,false,0.0000,0.0000,false,0,,,wh3_main_spell_death_ashes_and_dust,false,true,true,0.0000,,,false,0.0000,0.0000,false,0.0000,data/unit_stats/source_exports/db/special_ability_phases_tables/data__.tsv,1653,9.0.1
wh3_main_cataclysm_death_ashes_and_dust_02,1.0000,negative,,false,false,0.0000,0.0000,0.0000,1.0000,500,5,false,0.0000,0.0000,false,0,,wh3_main_cataclysm_ashes_and_dust,,false,true,true,0.0000,,,false,0.0000,0.0000,false,0.0000,data/unit_stats/source_exports/db/special_ability_phases_tables/data__.tsv,1654,9.0.1
wh3_main_cataclysm_life_storm_of_renewal,20.0000,positive,,false,false,-0.1000,0.0000,0.0000,1.0000,0,0,false,0.0000,0.0000,false,0,,wh_dlc05_spell_life_earth_blood,,false,true,true,0.0000,,,false,0.0100,0.0000,false,0.0000,data/unit_stats/source_exports/db/special_ability_phases_tables/data__.tsv,1655,9.0.1
wh3_main_cataclysm_light_time_amok,45.0000,positive,,false,false,0.0000,0.0000,0.0000,0.0000,0,0,false,0.0000,0.0000,false,0,,wh3_main_light_time_amok,,false,true,true,0.0000,,,false,0.0000,0.0000,false,0.0000,data/unit_stats/source_exports/db/special_ability_phases_tables/data__.tsv,1656,9.0.1
wh3_main_cataclysm_light_time_amok_enemy,45.0000,negative,,true,false,0.0000,0.0000,0.0000,0.0000,0,0,false,0.0000,0.0000,false,0,,wh3_main_light_time_amok,,false,true,true,0.0000,,,false,0.0000,0.0000,false,0.0000,data/unit_stats/source_exports/db/special_ability_phases_tables/data__.tsv,1657,9.0.1
wh3_main_cataclysm_shadow_dance_of_despair,45.0000,negative,,false,false,0.0000,0.0000,0.0000,0.0000,0,0,false,0.0000,0.0000,false,0,,wh3_main_spell_cataclysm_dance_of_despair,,false,true,true,0.0000,,,false,0.0000,0.0000,false,0.0000,data/unit_stats/source_exports/db/special_ability_phases_tables/data__.tsv,1658,9.0.1
wh3_main_character_abilities_crippling_throw,30.0000,negative,,false,false,0.0000,0.0000,0.0000,0.0000,0,0,false,0.0000,0.0000,false,0,,,,false,true,true,0.0000,,,false,0.0000,0.0000,false,0.0000,data/unit_stats/source_exports/db/special_ability_phases_tables/data__.tsv,1659,9.0.1
wh3_main_character_abilities_dazs_song_of_winter_sunlight,10.0000,positive,,false,false,-1.0000,0.0000,0.0000,0.0000,0,0,false,0.0000,0.0000,false,0,,wh3_main_character_abilities_winter_sunlight,wh3_main_kis_ability_dazs_song_of_winter_sunlight,false,true,true,0.0000,,,false,0.0000,0.0000,false,0.0000,data/unit_stats/source_exports/db/special_ability_phases_tables/data__.tsv,1660,9.0.1
wh3_main_character_abilities_deathcheater,12.0000,positive,,false,false,0.0000,0.0000,0.0000,0.0000,0,0,false,0.0000,0.0000,false,0,,wh3_main_abilities_death_cheater,,false,true,true,0.0000,,,false,0.0000,0.0000,false,0.0000,data/unit_stats/source_exports/db/special_ability_phases_tables/data__.tsv,1661,9.0.1
wh3_main_character_abilities_enchanted_metallurgy,12.0000,positive,,false,false,0.0000,0.0000,0.0000,0.0000,0,0,false,0.0000,0.0000,true,0,,wh3_main_character_abilities_enchanted_metallurgy,wh3_main_lord_abilities_master_of_alchemy,false,true,true,0.0000,,,false,0.0000,0.0000,false,0.0000,data/unit_stats/source_exports/db/special_ability_phases_tables/data__.tsv,1662,9.0.1
wh3_main_character_abilities_enchanted_metallurgy_flaming,14.0000,positive,,false,false,0.0000,0.0000,0.0000,0.0000,0,0,false,0.0000,0.0000,true,10,,wh3_main_character_abilities_enchanted_metallurgy_flaming,wh3_main_lord_abilities_master_of_alchemy_flaming,false,true,true,0.0000,,,false,0.0000,0.0000,false,0.0000,data/unit_stats/source_exports/db/special_ability_phases_tables/data__.tsv,1663,9.0.1
wh3_main_character_abilities_enchanted_metallurgy_piercing,14.0000,positive,,false,false,0.0000,0.0000,0.0000,0.0000,0,0,false,0.0000,0.0000,true,0,,wh3_main_character_abilities_enchanted_metallurgy_piercing,wh3_main_lord_abilities_master_of_alchemy_Piercing,false,true,true,0.0000,,,false,0.0000,0.0000,false,0.0000,data/unit_stats/source_exports/db/special_ability_phases_tables/data__.tsv,1664,9.0.1
wh3_main_character_abilities_enchanted_metallurgy_poison,12.0000,positive,,false,false,0.0000,0.0000,0.0000,0.0000,0,0,false,0.0000,0.0000,true,0,wh_main_unit_contact_poison,wh3_main_character_abilities_enchanted_metallurgy_poison,wh3_main_lord_abilities_master_of_alchemy_Poison,false,true,true,0.0000,,,false,0.0000,0.0000,false,0.0000,data/unit_stats/source_exports/db/special_ability_phases_tables/data__.tsv,1665,9.0.1
wh3_main_character_abilities_extra_ingredients,31.0000,positive,,false,false,0.0000,0.0000,0.0000,0.0000,0,0,false,1.6000,0.2000,false,0,,wh3_main_abilities_extra_ingredients,wh3_ability_ogre_extra_ingredients,false,true,true,0.0000,,,false,0.0000,0.0000,false,0.0000,data/unit_stats/source_exports/db/special_ability_phases_tables/data__.tsv,1666,9.0.1
wh3_main_character_abilities_flame_incarnate,24.0000,positive,,false,false,0.0000,0.0000,0.0000,0.0000,0,0,false,0.0000,0.0000,false,0,,wh3_main_abilities_flame_incarnate,wh3_main_ability_ogr_flame_incarnate,false,true,true,0.0000,,,false,0.0000,0.0000,false,0.0000,data/unit_stats/source_exports/db/special_ability_phases_tables/data__.tsv,1667,9.0.1
wh3_main_character_abilities_from_the_shadows,38.0000,positive,,false,false,0.0000,0.0000,0.0000,0.0000,0,0,false,0.0000,0.0000,false,0,,wh2_main_unit_abilities_concealment_bombs,wh2_main_unit_abilities_concealment_bombs,false,true,true,0.0000,,,false,0.0000,0.0000,false,0.0000,data/unit_stats/source_exports/db/special_ability_phases_tables/data__.tsv,1668,9.0.1
wh3_main_character_abilities_kineater,-1.0000,positive,,false,false,0.0000,0.0000,0.0000,0.0000,0,0,false,0.0000,0.0000,false,0,,wh3_main_abilities_kineater,,false,true,true,0.0000,,,false,0.0000,0.0000,false,0.0000,data/unit_stats/source_exports/db/special_ability_phases_tables/data__.tsv,1669,9.0.1
wh3_main_character_abilities_locus_of_abjuration,25.0000,positive,,false,false,0.0000,0.0000,0.0000,0.0000,0,0,false,0.0000,0.0000,false,0,,wh3_main_abilities_locus_of_abjuration,wh3_main_kho_ability_locus_of_abjuration,false,true,true,0.0000,,,false,0.0000,0.0000,false,0.0000,data/unit_stats/source_exports/db/special_ability_phases_tables/data__.tsv,1670,9.0.1
wh3_main_character_abilities_locus_of_beguilement,22.0000,negative,,false,false,0.0000,0.0000,0.0000,0.0000,0,0,false,0.0000,0.0000,false,0,,wh3_main_abilities_locus_of_beguilement,wh3_main_character_abilities_locus_of_beguilement,false,true,true,0.0000,,,false,0.0000,0.0000,false,0.0000,data/unit_stats/source_exports/db/special_ability_phases_tables/data__.tsv,1671,9.0.1
wh3_main_character_abilities_locus_of_change,40.0000,positive,,false,false,0.0000,0.0000,0.0000,0.0000,0,0,false,0.0000,0.0000,false,0,,wh_main_generic_buff_attack_banner,wh3_main_character_abilities_locus_of_change,false,true,true,0.0000,,,false,0.0000,0.0000,false,0.0000,data/unit_stats/source_exports/db/special_ability_phases_tables/data__.tsv,1672,9.0.1
wh3_main_character_abilities_locus_of_conjuration,20.0000,positive,,false,false,0.0000,0.0000,0.0000,0.0000,0,0,false,1.6000,0.0000,false,0,,wh2_main_generic_buff_wom_banner,wh3_main_character_abilities_locus_of_conjuration,false,true,true,0.0000,,,false,0.0000,0.0000,false,0.0000,data/unit_stats/source_exports/db/special_ability_phases_tables/data__.tsv,1673,9.0.1
wh3_main_character_abilities_locus_of_contagion,11.0000,negative,,false,false,0.0000,0.0000,0.0000,1.0000,5,25,false,0.0000,0.0000,false,0,,wh3_main_abilities_locus_of_contagion,wh3_main_character_abilities_locus_of_contagion,false,true,true,0.0000,,,false,0.0000,0.0000,false,0.0000,data/unit_stats/source_exports/db/special_ability_phases_tables/data__.tsv,1674,9.0.1
wh3_main_character_abilities_locus_of_fecundity,11.0000,positive,,false,false,-0.0100,0.0000,0.0000,1.0000,0,0,false,0.0000,0.0000,false,0,,wh3_main_abilities_locus_of_fecundity,wh3_main_character_abilities_locus_of_fecundity,false,true,true,0.0000,,,false,0.0080,0.0000,false,0.0000,data/unit_stats/source_exports/db/special_ability_phases_tables/data__.tsv,1675,9.0.1
wh3_main_character_abilities_locus_of_fury,17.0000,positive,,false,false,0.0000,0.0000,0.0000,0.0000,0,0,false,0.0000,0.0000,false,0,,wh3_main_abilities_locus_of_fury,wh3_main_kho_ability_locus_of_fury,false,true,true,0.0000,,,false,0.0000,0.0000,false,0.0000,data/unit_stats/source_exports/db/special_ability_phases_tables/data__.tsv,1676,9.0.1
wh3_main_character_abilities_locus_of_grace,22.0000,positive,,false,false,0.0000,0.0000,0.0000,0.0000,0,0,false,0.0000,0.0000,false,0,,wh3_main_abilities_locus_of_grace,wh3_main_character_abilities_locus_of_grace,false,true,true,0.0000,,,false,0.0000,0.0000,false,0.0000,data/unit_stats/source_exports/db/special_ability_phases_tables/data__.tsv,1677,9.0.1
wh3_main_character_abilities_locus_of_swiftness,40.0000,positive,,false,false,0.0000,0.0000,0.0000,0.0000,0,0,false,0.0000,0.0000,false,0,,wh3_main_abilities_locus_of_swiftness,wh3_main_character_abilities_locus_of_swiftness,false,true,true,0.0000,,,false,0.0000,0.0000,false,0.0000,data/unit_stats/source_exports/db/special_ability_phases_tables/data__.tsv,1678,9.0.1
wh3_main_character_abilities_locus_of_virulence,25.0000,positive,,false,false,0.0000,0.0000,0.0000,0.0000,0,0,false,0.0000,0.0000,false,0,,wh3_main_abilities_locus_of_virulence,wh3_main_character_abilities_locus_of_virulence,false,true,true,0.0000,,,false,0.0000,0.0000,false,0.0000,data/unit_stats/source_exports/db/special_ability_phases_tables/data__.tsv,1679,9.0.1
wh3_main_character_abilities_locus_of_wrath,25.0000,positive,,false,false,0.0000,0.0000,0.0000,0.0000,0,0,false,0.0000,0.0000,false,0,,wh3_main_abilities_locus_of_wrath,wh3_main_kho_ability_locus_of_wrath,false,true,true,0.0000,,,false,0.0000,0.0000,false,0.0000,data/unit_stats/source_exports/db/special_ability_phases_tables/data__.tsv,1680,9.0.1
wh3_main_character_abilities_no_escape,14.0000,negative,,true,false,0.0000,0.0000,0.0000,0.0000,0,0,false,0.0000,0.0000,false,0,,wh3_main_character_abilities_no_escape,wh_ability_negative,false,true,true,0.0000,,,false,0.0000,0.0000,false,0.0000,data/unit_stats/source_exports/db/special_ability_phases_tables/data__.tsv,1681,9.0.1
wh3_main_character_abilities_salyaks_lullaby,15.0000,positive,,false,false,0.0000,0.0000,0.0000,1.0000,0,0,false,0.0000,0.0000,false,0,,wh3_main_character_abilities_salyaks_lullaby,wh3_main_kis_salyaks_lullaby,false,true,true,0.0000,,,false,0.0080,0.0000,false,0.0000,data/unit_stats/source_exports/db/special_ability_phases_tables/data__.tsv,1682,9.0.1
wh3_main_character_abilities_silence_the_prey,30.0000,negative,,false,false,0.0000,0.0000,30.0000,0.0000,0,0,false,0.0000,0.0000,false,0,,wh_main_generic_debuff_attack_passive,wh_ability_negative,false,true,true,0.0000,,,false,0.0000,0.0000,false,0.0000,data/unit_stats/source_exports/db/special_ability_phases_tables/data__.tsv,1683,9.0.1
wh3_main_character_abilities_tors_battle_hymn,25.0000,positive,,false,false,0.0000,0.0000,0.0000,0.0000,0,0,false,0.0000,0.0000,false,0,,wh3_main_character_abilities_tors_battle_hymn,wh3_main_kis_tors_battle_hymn,false,true,true,0.0000,,,false,0.0000,0.0000,false,0.0000,data/unit_stats/source_exports/db/special_ability_phases_tables/data__.tsv,1684,9.0.1
wh3_main_character_abilities_unyielding_defender,28.0000,positive,,false,false,0.0000,0.0000,0.0000,0.0000,0,0,false,0.0000,0.0000,false,0,,wh_main_generic_buff_defence,wh_ability_positive_one_shot,false,true,true,0.0000,,,false,0.0000,0.0000,false,0.0000,data/unit_stats/source_exports/db/special_ability_phases_tables/data__.tsv,1685,9.0.1
wh3_main_character_abilities_ursuns_roar,9.0000,positive,,false,false,0.0000,0.0000,0.0000,0.0000,0,0,false,0.0000,0.0000,false,0,,wh3_main_character_abilities_ursuns_roar,wh3_main_kis_ability_ursuns_roar,false,true,true,0.0000,,,false,0.0000,0.0000,false,0.0000,data/unit_stats/source_exports/db/special_ability_phases_tables/data__.tsv,1686,9.0.1
wh3_main_character_passive_arsebelcher,-1.0000,negative,,false,false,0.0000,0.0000,0.0000,0.0000,0,0,false,0.0000,0.0000,false,0,,wh_main_generic_debuff_morale_passive,wh_ability_negative_one_shot,false,true,true,0.0000,,,false,0.0000,0.0000,false,0.0000,data/unit_stats/source_exports/db/special_ability_phases_tables/data__.tsv,1687,9.0.1
wh3_main_character_passive_bellyslapper,-1.0000,negative,,false,false,0.0000,0.0000,0.0000,0.0000,0,0,false,0.0000,0.0000,false,0,,wh_main_generic_debuff_attack_passive,,false,true,true,0.0000,,,false,0.0000,0.0000,false,0.0000,data/unit_stats/source_exports/db/special_ability_phases_tables/data__.tsv,1688,9.0.1
wh3_main_character_passive_bigbellower,-1.0000,positive,,false,false,0.0000,0.0000,0.0000,0.0000,0,0,false,0.0000,0.0000,false,0,,wh_main_generic_buff_morale_passive,,false,true,true,0.0000,,,false,0.0000,0.0000,false,0.0000,data/unit_stats/source_exports/db/special_ability_phases_tables/data__.tsv,1689,9.0.1
wh3_main_character_passive_grandfeaster,-1.0000,positive,,false,false,0.0000,0.0000,0.0000,0.0000,0,0,false,0.0000,0.0000,false,0,,wh_main_generic_buff_attack_passive,,false,true,true,0.0000,,,false,0.0000,0.0000,false,0.0000,data/unit_stats/source_exports/db/special_ability_phases_tables/data__.tsv,1690,9.0.1
wh3_main_character_passive_heroic_resilience,-1.0000,positive,,false,false,0.0000,0.0000,0.0000,0.0000,0,0,false,0.0000,0.0000,false,0,,wh_main_generic_buff_defence_passive,,false,true,true,0.0000,,,false,0.0000,0.0000,false,0.0000,data/unit_stats/source_exports/db/special_ability_phases_tables/data__.tsv,1691,9.0.1
wh3_main_character_passive_loner,-1.0000,positive,,false,false,0.0000,0.0000,0.0000,0.0000,0,0,false,0.0000,0.0000,false,0,,,,false,true,true,0.0000,,,false,0.0000,0.0000,false,0.0000,data/unit_stats/source_exports/db/special_ability_phases_tables/data__.tsv,1692,9.0.1
wh3_main_character_passive_spotter,-1.0000,positive,,false,false,0.0000,0.0000,0.0000,0.0000,0,0,false,0.0000,0.0000,false,0,,,,false,true,true,0.0000,,,false,0.0000,0.0000,false,0.0000,data/unit_stats/source_exports/db/special_ability_phases_tables/data__.tsv,1693,9.0.1
wh3_main_character_passive_the_courage_of_sacrifice,40.0000,positive,,false,false,0.0000,0.0000,0.0000,0.0000,0,0,false,0.0000,0.0000,false,0,,wh_main_generic_buff_attack,wh3_main_kis_ability_courage_of_sacrifice,false,true,true,0.0000,,,false,0.0000,0.0000,false,0.0000,data/unit_stats/source_exports/db/special_ability_phases_tables/data__.tsv,1694,9.0.1
wh3_main_character_passive_will_of_the_dragons,-1.0000,positive,,false,false,0.0000,0.0000,0.0000,0.0000,0,0,false,0.0000,0.0000,false,0,,wh_main_generic_buff_morale_passive,,false,true,true,0.0000,,,false,0.0000,0.0000,false,0.0000,data/unit_stats/source_exports/db/special_ability_phases_tables/data__.tsv,1695,9.0.1
wh3_main_contact_unmake,5.0000,negative,,false,false,0.0000,0.0000,0.0000,1.0000,5,25,false,0.0000,0.0000,false,0,,wh3_dlc24_curse_of_the_ancient_widow,wh3_dlc24_curse_of_the_ancient_widow,false,true,true,0.0000,,,false,0.0000,0.0000,false,0.2000,data/unit_stats/source_exports/db/special_ability_phases_tables/data__.tsv,1696,9.0.1
wh3_main_daemon_arms_abilities_gate_of_chaos,10.0000,negative,,false,false,0.0000,0.0000,0.0000,0.0000,0,0,false,0.0000,0.0000,false,0,,,,false,false,false,0.0000,,,false,0.0000,0.0000,false,0.0000,data/unit_stats/source_exports/db/special_ability_phases_tables/data__.tsv,1697,9.0.1
wh3_main_daemon_arms_abilities_gate_of_chaos_upgraded,10.0000,negative,,false,false,0.0000,0.0000,0.0000,0.0000,0,0,false,0.0000,0.0000,false,0,,,,false,false,false,0.0000,,,false,0.0000,0.0000,false,0.0000,data/unit_stats/source_exports/db/special_ability_phases_tables/data__.tsv,1698,9.0.1
wh3_main_daemon_arms_abilities_mortal_blow,16.0000,positive,,false,false,0.0000,0.0000,0.0000,0.0000,0,0,false,0.0000,0.0000,false,0,,wh_main_generic_buff_attack,wh_ability_positive,false,false,false,0.0000,,,false,0.0000,0.0000,false,0.0000,data/unit_stats/source_exports/db/special_ability_phases_tables/data__.tsv,1699,9.0.1
wh3_main_daemon_arms_abilities_mortal_blow_upgraded,24.0000,positive,,false,false,0.0000,0.0000,0.0000,0.0000,0,0,false,0.0000,0.0000,false,0,wh_dlc06_unit_contact_sundered_armour,wh_main_generic_buff_attack,wh_ability_positive,false,false,false,0.0000,,,false,0.0000,0.0000,false,0.0000,data/unit_stats/source_exports/db/special_ability_phases_tables/data__.tsv,1700,9.0.1
wh3_main_daemon_arms_passive_for_the_slaughter_i,25.0000,positive,,false,false,0.0000,0.0000,0.0000,0.0000,0,0,false,0.0000,0.0000,false,0,,wh3_main_daemon_arms_abilities_for_the_slaughter_1,wh_dlc08_ability_passive_rage,false,true,false,0.0000,,,false,0.0000,0.0000,false,0.0000,data/unit_stats/source_exports/db/special_ability_phases_tables/data__.tsv,1701,9.0.1
wh3_main_daemon_arms_passive_for_the_slaughter_ii,25.0000,positive,,false,false,0.0000,0.0000,0.0000,0.0000,0,0,false,0.0000,0.0000,false,0,,wh3_main_daemon_arms_abilities_for_the_slaughter_2,,false,true,false,0.0000,,,false,0.0000,0.0000,false,0.0000,data/unit_stats/source_exports/db/special_ability_phases_tables/data__.tsv,1702,9.0.1
wh3_main_daemon_arms_passive_for_the_slaughter_iii,-1.0000,positive,,false,false,0.0000,0.0000,0.0000,0.0000,0,0,false,0.0000,0.0000,false,0,,wh3_main_daemon_arms_abilities_for_the_slaughter_3,,false,true,false,0.0000,,,false,0.0000,0.0000,false,0.0000,data/unit_stats/source_exports/db/special_ability_phases_tables/data__.tsv,1703,9.0.1
wh3_main_daemon_arms_passive_for_the_slaughter_upgraded_i,25.0000,positive,,false,false,0.0000,0.0000,0.0000,0.0000,0,0,false,0.0000,0.0000,false,0,,wh3_main_daemon_arms_abilities_for_the_slaughter_1,wh_dlc08_ability_passive_rage,false,true,false,0.0000,,,false,0.0000,0.0000,false,0.0000,data/unit_stats/source_exports/db/special_ability_phases_tables/data__.tsv,1704,9.0.1
wh3_main_daemon_arms_passive_for_the_slaughter_upgraded_ii,25.0000,positive,,false,false,0.0000,0.0000,0.0000,0.0000,0,0,false,0.0000,0.0000,false,0,,wh3_main_daemon_arms_abilities_for_the_slaughter_2,,false,true,false,0.0000,,,false,0.0000,0.0000,false,0.0000,data/unit_stats/source_exports/db/special_ability_phases_tables/data__.tsv,1705,9.0.1
wh3_main_daemon_arms_passive_for_the_slaughter_upgraded_iii,-1.0000,positive,,false,false,0.0000,0.0000,0.0000,0.0000,0,0,false,0.0000,0.0000,false,0,,wh3_main_daemon_arms_abilities_for_the_slaughter_3,,false,true,false,0.0000,,,false,0.0000,0.0000,false,0.0000,data/unit_stats/source_exports/db/special_ability_phases_tables/data__.tsv,1706,9.0.1
wh3_main_daemon_arms_passive_unending_feast,-1.0000,positive,,false,false,-0.0100,0.0000,0.0000,1.0000,0,0,false,0.0000,0.0000,false,0,,wh_main_generic_hp_regen,,false,false,false,0.0000,,,false,0.0010,0.0000,false,0.0000,data/unit_stats/source_exports/db/special_ability_phases_tables/data__.tsv,1707,9.0.1
wh3_main_daemon_arms_passive_unending_feast_upgraded,-1.0000,positive,,false,false,-0.0200,0.0000,0.0000,1.0000,0,0,false,0.0000,0.0000,false,0,,wh_main_generic_hp_regen,,false,false,false,0.0000,,,false,0.0020,0.0000,false,0.0000,data/unit_stats/source_exports/db/special_ability_phases_tables/data__.tsv,1708,9.0.1
wh3_main_daemon_body_abilities_chaos_armour,-1.0000,positive,,false,false,0.0000,0.0000,0.0000,0.0000,0,0,false,0.0000,0.0000,false,0,,,,false,false,false,0.0000,,,false,0.0000,0.0000,false,0.0000,data/unit_stats/source_exports/db/special_ability_phases_tables/data__.tsv,1709,9.0.1
wh3_main_daemon_body_abilities_winds_of_change,26.0000,positive,,false,false,0.0000,0.0000,0.0000,0.0000,0,0,false,1.6000,0.0000,false,0,,wh_main_generic_buff_attack,wh_ability_positive_banner,false,false,false,0.0000,,,false,0.0000,0.0000,false,0.0000,data/unit_stats/source_exports/db/special_ability_phases_tables/data__.tsv,1710,9.0.1
wh3_main_daemon_body_passive_restore_the_blighted,2.0000,positive,,false,false,0.0000,0.0000,0.0000,1.0000,0,0,false,0.0000,0.0000,false,0,,wh2_main_unit_passive_rebirth,,false,true,true,0.0000,,,false,0.2500,0.0000,false,0.0000,data/unit_stats/source_exports/db/special_ability_phases_tables/data__.tsv,1711,9.0.1
wh3_main_daemon_body_passive_soporific_musk,-1.0000,negative,,false,false,0.0000,0.0000,0.0000,0.0000,0,0,false,0.0000,0.0000,false,0,,wh_main_generic_debuff_attack,,false,false,true,0.0000,,,false,0.0000,0.0000,false,0.0000,data/unit_stats/source_exports/db/special_ability_phases_tables/data__.tsv,1712,9.0.1
wh3_main_daemon_body_passive_tempered_rage,-1.0000,positive,,false,false,0.0000,0.0000,0.0000,0.0000,0,0,false,0.0000,0.0000,false,0,,wh_main_generic_buff_attack_passive,,false,false,false,0.0000,,,false,0.0000,0.0000,false,0.0000,data/unit_stats/source_exports/db/special_ability_phases_tables/data__.tsv,1713,9.0.1
wh3_main_daemon_head_abilities_call_for_power,30.0000,positive,,false,false,0.0000,0.0000,0.0000,0.0000,0,0,false,0.0000,0.0000,false,0,,wh_main_generic_buff_attack,wh3_main_character_abilities_call_for_power,false,false,false,0.0000,,,false,0.0000,0.0000,false,0.0000,data/unit_stats/source_exports/db/special_ability_phases_tables/data__.tsv,1714,9.0.1
wh3_main_daemon_head_abilities_pestilent_regeneration,24.0000,positive,,false,false,0.0000,0.0000,0.0000,1.0000,0,0,false,0.0000,0.0000,false,0,,wh_main_generic_hp_regen,wh3_ability_pestilent_regeneration,false,true,true,0.0000,,wh3_main_daemon_head_abilities_pestilent_regeneration,false,0.0040,0.0000,false,0.0000,data/unit_stats/source_exports/db/special_ability_phases_tables/data__.tsv,1715,9.0.1
wh3_main_daemon_head_abilities_word_of_change,42.0000,negative,,false,false,0.0000,0.0000,0.0000,0.0000,0,0,false,-0.8000,0.0000,false,0,,wh2_main_generic_debuff_wom_banner,wh_ability_negative_banner,false,false,true,0.0000,,,false,0.0000,0.0000,false,0.0000,data/unit_stats/source_exports/db/special_ability_phases_tables/data__.tsv,1716,9.0.1
wh3_main_daemon_legs_abilities_daemonic_onslaught,34.0000,positive,,false,false,0.0000,0.0000,0.0000,0.0000,0,0,false,0.0000,0.0000,false,0,,wh_main_generic_buff_attack,wh_ability_positive,false,true,true,0.0000,,,false,0.0000,0.0000,false,0.0000,data/unit_stats/source_exports/db/special_ability_phases_tables/data__.tsv,1717,9.0.1
wh3_main_daemon_legs_passive_sinful_footing,-1.0000,positive,,false,false,0.0000,0.0000,0.0000,0.0000,0,0,false,0.0000,0.0000,false,0,,,,false,false,false,0.0000,,,false,0.0000,0.0000,false,0.0000,data/unit_stats/source_exports/db/special_ability_phases_tables/data__.tsv,1718,9.0.1
wh3_main_daemon_tail_passive_serpentine_tail,-1.0000,negative,,false,false,0.0000,0.0000,0.0000,1.0000,4,5,false,0.0000,0.0000,false,0,,wh_main_generic_debuff_defence_attack,,false,false,true,0.0000,,,false,0.0000,0.0000,false,0.0000,data/unit_stats/source_exports/db/special_ability_phases_tables/data__.tsv,1719,9.0.1
wh3_main_daemon_wings_abilities_eldritch_aura,-1.0000,positive,,false,false,0.0000,0.0000,0.0000,0.0000,0,0,false,0.0000,0.0000,false,0,,wh_main_generic_ward_save_all_passive,,false,true,false,0.0000,,,false,0.0000,0.0000,false,0.0000,data/unit_stats/source_exports/db/special_ability_phases_tables/data__.tsv,1720,9.0.1
wh3_main_daemon_wings_abilities_purge_the_weak,22.0000,positive,,false,false,-0.0200,0.0000,0.0000,0.0000,0,0,false,0.0000,0.0000,false,0,,wh_main_generic_buff_attack,wh3_main_daemon_wings_abilities_purge_the_weak_friends,false,true,true,0.0000,,,false,0.0000,0.0000,false,0.0000,data/unit_stats/source_exports/db/special_ability_phases_tables/data__.tsv,1721,9.0.1
wh3_main_daemon_wings_abilities_trophy_heads,36.0000,negative,,false,false,0.0000,0.0000,0.0000,0.0000,0,0,false,0.0000,0.0000,false,0,,wh_main_generic_debuff_attack,wh_ability_negative,false,true,true,0.0000,,,false,0.0000,0.0000,false,0.0000,data/unit_stats/source_exports/db/special_ability_phases_tables/data__.tsv,1722,9.0.1
wh3_main_daemon_wings_abilities_winds_of_flight,-1.0000,positive,,false,false,0.0000,0.0000,0.0000,0.0000,0,0,false,0.0000,0.0000,false,0,,,,false,false,false,0.0000,,,false,0.0000,0.0000,false,0.0000,data/unit_stats/source_exports/db/special_ability_phases_tables/data__.tsv,1723,9.0.1
wh3_main_hidden_dummy_ogre_pre_battle_meat_1,-1.0000,positive,,false,false,0.0000,0.0000,0.0000,0.0000,0,0,false,0.0000,0.0000,false,0,,,,false,true,true,0.0000,,,false,0.0000,0.0000,false,0.0000,data/unit_stats/source_exports/db/special_ability_phases_tables/data__.tsv,1724,9.0.1
wh3_main_hidden_dummy_ogre_pre_battle_meat_2,-1.0000,positive,,false,false,0.0000,0.0000,0.0000,0.0000,0,0,false,0.0000,0.0000,false,0,,,,false,true,true,0.0000,,,false,0.0000,0.0000,false,0.0000,data/unit_stats/source_exports/db/special_ability_phases_tables/data__.tsv,1725,9.0.1
wh3_main_hidden_dummy_ogre_pre_battle_meat_3,-1.0000,positive,,false,false,0.0000,0.0000,0.0000,0.0000,0,0,false,0.0000,0.0000,false,0,,,,false,true,true,0.0000,,,false,0.0000,0.0000,false,0.0000,data/unit_stats/source_exports/db/special_ability_phases_tables/data__.tsv,1726,9.0.1
wh3_main_hidden_dummy_ogre_pre_battle_meat_4,-1.0000,positive,,false,false,0.0000,0.0000,0.0000,0.0000,0,0,false,0.0000,0.0000,false,0,,,,false,true,true,0.0000,,,false,0.0000,0.0000,false,0.0000,data/unit_stats/source_exports/db/special_ability_phases_tables/data__.tsv,1727,9.0.1
wh3_main_hidden_dummy_ogre_pre_battle_meat_5,-1.0000,positive,,false,false,0.0000,0.0000,0.0000,0.0000,0,0,false,0.0000,0.0000,false,0,,,,false,true,true,0.0000,,,false,0.0000,0.0000,false,0.0000,data/unit_stats/source_exports/db/special_ability_phases_tables/data__.tsv,1728,9.0.1
wh3_main_item_abilities_alchemists_elixir_of_iron_skin,25.0000,positive,,false,false,0.0000,0.0000,0.0000,0.0000,0,0,false,0.0000,0.0000,false,0,,wh_main_generic_buff_defence,wh3_main_item_abilities_elixer_of_Iron,false,true,false,0.0000,,,false,0.0000,0.0000,false,0.0000,data/unit_stats/source_exports/db/special_ability_phases_tables/data__.tsv,1729,9.0.1
wh3_main_item_abilities_alchemists_elixir_of_puissance,29.0000,positive,,false,false,0.0000,0.0000,0.0000,0.0000,0,0,false,0.0000,0.0000,false,0,,wh_main_generic_buff_attack,wh3_main_item_abilities_elixer_of_puissance,false,true,false,0.0000,,,false,0.0000,0.0000,false,0.0000,data/unit_stats/source_exports/db/special_ability_phases_tables/data__.tsv,1730,9.0.1
wh3_main_item_abilities_alchemists_elixir_of_venom,36.0000,positive,,false,false,0.0000,0.0000,0.0000,0.0000,0,0,false,0.0000,0.0000,false,0,wh2_dlc17_unit_contact_slow_death,wh_main_generic_buff_attack,wh3_main_item_abilities_elixer_of_poison,false,true,false,0.0000,,,false,0.0000,0.0000,false,0.0000,data/unit_stats/source_exports/db/special_ability_phases_tables/data__.tsv,1731,9.0.1
wh3_main_item_abilities_banner_of_change,10.0000,negative,,false,false,0.0000,0.0000,0.0000,1.0000,2660,100,false,0.0000,0.0000,false,0,,wh_dlc03_spell_beast_flock_of_doom,,false,true,true,0.0000,,,false,0.0000,0.0000,false,0.0000,data/unit_stats/source_exports/db/special_ability_phases_tables/data__.tsv,1732,9.0.1
wh3_main_item_abilities_banner_of_ecstacy,-1.0000,positive,,false,false,0.0000,0.0000,0.0000,0.0000,0,0,false,0.0000,0.0000,false,0,,,,false,true,true,0.0000,,,false,0.0000,0.0000,false,0.0000,data/unit_stats/source_exports/db/special_ability_phases_tables/data__.tsv,1733,9.0.1
wh3_main_item_abilities_banner_of_hellfire,17.0000,negative,,false,false,0.0000,0.0000,0.0000,1.0000,5,2,false,0.0000,0.0000,false,0,,wh_main_generic_hp_damage_passive,wh_ability_negative,false,true,true,0.0000,,,false,0.0000,0.0000,false,0.0000,data/unit_stats/source_exports/db/special_ability_phases_tables/data__.tsv,1734,9.0.1
wh3_main_item_abilities_banner_of_praag,-1.0000,positive,,false,false,0.0000,0.0000,0.0000,0.0000,0,0,false,0.0000,0.0000,false,0,,,,false,true,true,0.0000,,,false,0.0000,0.0000,false,0.0000,data/unit_stats/source_exports/db/special_ability_phases_tables/data__.tsv,1735,9.0.1
wh3_main_item_abilities_banner_of_unholy_victory,-1.0000,positive,,false,false,0.0000,0.0000,0.0000,0.0000,0,0,false,0.0000,0.0000,false,0,,,,false,true,true,0.0000,,,false,0.0000,0.0000,false,0.0000,data/unit_stats/source_exports/db/special_ability_phases_tables/data__.tsv,1736,9.0.1
wh3_main_item_abilities_bloodstone,10.0000,negative,,false,false,0.0000,0.0000,0.0000,0.0000,0,0,false,0.0000,0.0000,false,0,,,,false,true,true,0.0000,,,false,0.0000,0.0000,false,0.0000,data/unit_stats/source_exports/db/special_ability_phases_tables/data__.tsv,1737,9.0.1
wh3_main_item_abilities_brahmir_statue,-1.0000,negative,,false,false,0.0000,0.0000,0.0000,0.0000,0,0,false,0.0000,0.0000,false,0,,,,false,true,true,0.0000,,,false,0.0000,0.0000,false,0.0000,data/unit_stats/source_exports/db/special_ability_phases_tables/data__.tsv,1738,9.0.1
wh3_main_item_abilities_dazhs_brazier,-1.0000,positive,,false,false,-0.0100,0.0000,0.0000,1.0000,0,0,false,0.0000,0.0000,false,0,,wh_main_generic_hp_regen_passive,,false,true,true,0.0000,,,false,0.0010,0.0000,false,0.0000,data/unit_stats/source_exports/db/special_ability_phases_tables/data__.tsv,1739,9.0.1
wh3_main_item_abilities_enthralling_musk,-1.0000,negative,,false,false,0.0000,0.0000,0.0000,0.0000,0,0,false,0.0000,0.0000,false,0,,wh_main_generic_debuff_defence_passive,,false,true,true,0.0000,,,false,0.0000,0.0000,false,0.0000,data/unit_stats/source_exports/db/special_ability_phases_tables/data__.tsv,1740,9.0.1
wh3_main_item_abilities_ever_full_kovsh,-1.0000,positive,,false,false,0.0000,0.0000,0.0000,0.0000,0,0,false,0.0000,0.0000,false,0,,wh_main_generic_buff_defence,wh_ability_positive,false,true,true,0.0000,,,false,0.0000,0.0000,false,0.0000,data/unit_stats/source_exports/db/special_ability_phases_tables/data__.tsv,1741,9.0.1
wh3_main_item_abilities_fistful_of_laurels,50.0000,positive,,false,false,0.0000,0.0000,0.0000,0.0000,0,0,false,0.0000,0.0000,false,0,,wh_main_generic_buff_morale,wh_ability_positive,false,true,true,0.0000,,,false,0.0000,0.0000,false,0.0000,data/unit_stats/source_exports/db/special_ability_phases_tables/data__.tsv,1742,9.0.1
wh3_main_item_abilities_fractured_clasp,-1.0000,negative,,false,false,0.0000,0.0000,0.0000,0.0000,0,0,false,0.0000,0.0000,false,0,,wh_main_generic_debuff_defence_passive,,false,true,true,0.0000,,,false,0.0000,0.0000,false,0.0000,data/unit_stats/source_exports/db/special_ability_phases_tables/data__.tsv,1743,9.0.1
wh3_main_item_abilities_frost_shard_glaive,30.0000,negative,,false,false,0.0000,0.0000,0.0000,0.0000,0,0,false,0.0000,0.0000,false,0,,,,false,true,true,0.0000,,,false,0.0000,0.0000,false,0.0000,data/unit_stats/source_exports/db/special_ability_phases_tables/data__.tsv,1744,9.0.1
wh3_main_item_abilities_gastuvas_egg,33.0000,positive,,true,false,0.0000,0.0000,0.0000,0.0000,0,0,false,0.0000,0.0000,false,0,,wh3_main_ice_crystal_sanctuary,wh3_main_spell_ice_crystal_sanctuary,false,true,true,0.0000,,,false,0.0000,0.0000,false,0.0000,data/unit_stats/source_exports/db/special_ability_phases_tables/data__.tsv,1745,9.0.1
wh3_main_item_abilities_gnoblar_thiefstone,-1.0000,positive,,false,false,0.0000,0.0000,0.0000,0.0000,0,0,false,0.0000,0.0000,false,0,,,,false,true,true,0.0000,,,false,0.0000,0.0000,false,0.0000,data/unit_stats/source_exports/db/special_ability_phases_tables/data__.tsv,1746,9.0.1
wh3_main_item_abilities_greedy_fist,15.0000,negative,,false,false,0.0000,0.0000,15.0000,0.0000,0,0,false,0.0000,0.0000,false,0,,wh_main_generic_debuff_attack_banner,,false,true,true,0.0000,,,false,0.0000,0.0000,false,0.0000,data/unit_stats/source_exports/db/special_ability_phases_tables/data__.tsv,1747,9.0.1
wh3_main_item_abilities_gruts_sickle,20.0000,positive,,false,false,0.0000,0.0000,0.0000,1.0000,33,1,false,0.8000,0.4000,false,0,,wh2_main_spell_dark_magic_power_of_darkness,wh3_main_ability_ogr_gruts_sickle,false,true,true,0.0000,,,false,0.0000,0.0000,false,0.0000,data/unit_stats/source_exports/db/special_ability_phases_tables/data__.tsv,1748,9.0.1
wh3_main_item_abilities_hellheart,-1.0000,negative,,false,false,0.0000,0.0000,0.0000,0.0000,0,0,false,0.0000,0.0000,false,0,,,,false,true,true,0.0000,,,false,0.0000,0.0000,false,0.0000,data/unit_stats/source_exports/db/special_ability_phases_tables/data__.tsv,1749,9.0.1
wh3_main_item_abilities_maw_shard,22.0000,positive,,false,false,0.0000,0.0000,0.0000,0.0000,0,0,false,0.0000,0.0000,false,0,,wh2_main_generic_buff_wom_banner,wh3_main_item_abilities_maw_shard,false,true,false,0.0000,,,false,0.0000,0.0000,false,0.0000,data/unit_stats/source_exports/db/special_ability_phases_tables/data__.tsv,1750,9.0.1
wh3_main_item_abilities_plague_flail,-1.0000,negative,,false,false,0.0000,0.0000,0.0000,1.0000,5,2,false,0.0000,0.0000,false,0,,,,false,true,true,0.0000,,,false,0.0000,0.0000,false,0.0000,data/unit_stats/source_exports/db/special_ability_phases_tables/data__.tsv,1751,9.0.1
wh3_main_item_abilities_potion_of_farsight,36.0000,positive,,false,false,0.0000,0.0000,0.0000,0.0000,0,0,false,0.0000,0.0000,false,0,wh2_dlc12_unit_contact_sundered_armour,wh_main_generic_buff_attack_banner,wh_ability_positive_one_shot,false,true,true,0.0000,,,false,0.0000,0.0000,false,0.0000,data/unit_stats/source_exports/db/special_ability_phases_tables/data__.tsv,1752,9.0.1
wh3_main_item_abilities_prismatic_amplifier,36.0000,positive,,false,false,0.0000,0.0000,0.0000,0.0000,0,0,false,1.6000,0.0000,false,0,,wh2_main_generic_buff_wom_banner,,false,true,true,0.0000,,,false,0.0000,0.0000,false,0.0000,data/unit_stats/source_exports/db/special_ability_phases_tables/data__.tsv,1753,9.0.1
wh3_main_item_abilities_ragbanner,-1.0000,positive,,false,false,0.0000,0.0000,0.0000,0.0000,0,0,false,0.0000,0.0000,false,0,,,,false,true,true,0.0000,,,false,0.0000,0.0000,false,0.0000,data/unit_stats/source_exports/db/special_ability_phases_tables/data__.tsv,1754,9.0.1
wh3_main_item_abilities_rune_maw,-1.0000,positive,,false,false,0.0000,0.0000,0.0000,0.0000,0,0,false,0.0000,0.0000,false,0,,,,false,true,true,0.0000,,,false,0.0000,0.0000,false,0.0000,data/unit_stats/source_exports/db/special_ability_phases_tables/data__.tsv,1755,9.0.1
wh3_main_item_abilities_saint_annushkas_finger_bone,13.0000,positive,,false,false,0.0000,0.0000,0.0000,1.0000,0,0,false,0.0000,0.0000,false,0,,,wh_ability_positive_banner,false,true,true,0.0000,,,false,0.0020,0.0000,false,0.0000,data/unit_stats/source_exports/db/special_ability_phases_tables/data__.tsv,1756,9.0.1
wh3_main_item_abilities_scales_of_the_celestial_court,21.0000,positive,,false,false,0.0000,0.0000,0.0000,0.0000,0,0,false,0.0000,0.0000,false,0,,wh_main_generic_buff_defence_banner,wh_ability_positive_banner,false,false,false,0.0000,,,false,0.0000,0.0000,false,0.0000,data/unit_stats/source_exports/db/special_ability_phases_tables/data__.tsv,1757,9.0.1
wh3_main_item_abilities_scroll_of_destiny,46.0000,positive,,false,false,0.0000,0.0000,0.0000,0.0000,0,0,false,0.0000,0.4000,false,0,,wh2_main_generic_buff_wom_banner,wh3_main_item_abilities_scroll_of_destiny,false,true,true,0.0000,,,false,0.0000,0.0000,false,0.0000,data/unit_stats/source_exports/db/special_ability_phases_tables/data__.tsv,1758,9.0.1
wh3_main_item_abilities_siren_standard,-1.0000,negative,,false,false,0.0000,0.0000,0.0000,0.0000,0,0,false,0.0000,0.0000,false,0,,,,false,true,true,0.0000,,,false,0.0000,0.0000,false,0.0000,data/unit_stats/source_exports/db/special_ability_phases_tables/data__.tsv,1759,9.0.1
wh3_main_item_abilities_skullmantle,-1.0000,negative,,false,false,0.0000,0.0000,0.0000,0.0000,0,0,false,0.0000,0.0000,false,0,,,,false,true,true,0.0000,,,false,0.0000,0.0000,false,0.0000,data/unit_stats/source_exports/db/special_ability_phases_tables/data__.tsv,1760,9.0.1
wh3_main_item_abilities_snowflake_pendant,25.0000,positive,,false,false,0.0000,0.0000,0.0000,0.0000,0,0,false,1.6000,0.0000,false,0,,,wh_ability_positive_banner,false,true,true,0.0000,,,false,0.0000,0.0000,false,0.0000,data/unit_stats/source_exports/db/special_ability_phases_tables/data__.tsv,1761,9.0.1
wh3_main_item_abilities_staff_of_change,10.0000,negative,,false,false,0.0000,0.0000,0.0000,0.0000,0,100,false,0.0000,0.0000,false,0,,,,false,true,true,0.0000,,,false,0.0000,0.0000,false,0.0000,data/unit_stats/source_exports/db/special_ability_phases_tables/data__.tsv,1762,9.0.1
wh3_main_item_abilities_staff_of_wu_xing,30.0000,positive,,false,false,0.0000,0.0000,0.0000,0.0000,0,0,false,2.4000,0.3000,false,0,,wh2_main_generic_buff_wom_banner,wh_ability_positive_one_shot,false,true,true,0.0000,,,false,0.0000,0.0000,false,0.0000,data/unit_stats/source_exports/db/special_ability_phases_tables/data__.tsv,1763,9.0.1
wh3_main_item_abilities_standard_of_chaos_glory,-1.0000,positive,,false,false,0.0000,0.0000,0.0000,0.0000,0,0,false,0.0000,0.0000,false,0,,,,false,true,true,0.0000,,,false,0.0000,0.0000,false,0.0000,data/unit_stats/source_exports/db/special_ability_phases_tables/data__.tsv,1764,9.0.1
wh3_main_item_abilities_steppe_hunters_horn,20.0000,positive,,false,false,0.0000,0.0000,0.0000,0.0000,0,0,false,0.0000,0.0000,false,0,,wh_main_generic_buff_defence_attack,wh_ability_positive,false,true,true,0.0000,,,false,0.0000,0.0000,false,0.0000,data/unit_stats/source_exports/db/special_ability_phases_tables/data__.tsv,1765,9.0.1
wh3_main_item_abilities_the_bloody_shackle,30.0000,positive,,false,false,0.0000,0.0000,0.0000,1.0000,0,0,false,0.0000,0.0000,false,0,,wh_main_generic_hp_regen,,false,true,true,0.0000,,,false,0.0160,0.0000,false,0.0000,data/unit_stats/source_exports/db/special_ability_phases_tables/data__.tsv,1766,9.0.1
wh3_main_item_abilities_the_chromatic_tome,27.0000,positive,,false,false,0.0000,0.0000,0.0000,0.0000,0,0,false,0.8000,0.1000,false,0,,,wh_ability_positive_banner,false,true,true,0.0000,,,false,0.0000,0.0000,false,0.0000,data/unit_stats/source_exports/db/special_ability_phases_tables/data__.tsv,1767,9.0.1
wh3_main_item_abilities_the_portalglyph,10.0000,positive,,false,false,0.0000,0.0000,0.0000,0.0000,0,0,false,0.0000,0.0000,false,0,,,,false,true,true,0.0000,,,false,0.0000,0.0000,false,0.0000,data/unit_stats/source_exports/db/special_ability_phases_tables/data__.tsv,1768,9.0.1
wh3_main_item_abilities_the_rock_of_inevitability,22.0000,negative,,false,false,0.0000,0.0000,0.0000,0.0000,0,0,false,0.0000,0.0000,false,0,,wh_main_generic_debuff_defence,wh3_main_item_abilities_the_rock_of_inevitability,false,false,true,0.0000,,,false,0.0000,0.0000,false,0.0000,data/unit_stats/source_exports/db/special_ability_phases_tables/data__.tsv,1769,9.0.1
wh3_main_item_abilities_ursuns_claws,19.0000,positive,,false,false,0.0000,0.0000,0.0000,0.0000,0,0,false,0.0000,0.0000,false,0,,,,false,true,true,0.0000,,,false,0.0000,0.0000,false,0.0000,data/unit_stats/source_exports/db/special_ability_phases_tables/data__.tsv,1770,9.0.1
wh3_main_item_abilities_void_pendulum,25.0000,negative,,false,false,0.0000,0.0000,0.0000,0.0000,0,0,false,-0.4000,-0.1000,false,0,,wh3_main_tzeentch_glean_magic_debuff,wh3_main_item_abilities_void_pendulum,false,true,true,0.0000,,,false,0.0000,0.0000,false,0.0000,data/unit_stats/source_exports/db/special_ability_phases_tables/data__.tsv,1771,9.0.1
wh3_main_item_passive_armour_of_ursun,-1.0000,positive,,false,false,0.0000,0.0000,0.0000,0.0000,0,0,false,0.0000,0.0000,false,0,,wh_main_generic_buff_attack,,false,true,true,0.0000,,,false,0.0000,0.0000,false,0.0000,data/unit_stats/source_exports/db/special_ability_phases_tables/data__.tsv,1772,9.0.1
wh3_main_item_passive_balalaika_of_the_arari,-1.0000,positive,,false,false,0.0000,0.0000,0.0000,0.0000,0,0,false,0.0000,0.0000,false,0,,wh_main_generic_buff_attack_passive,,false,true,false,0.0000,,,false,0.0000,0.0000,false,0.0000,data/unit_stats/source_exports/db/special_ability_phases_tables/data__.tsv,1773,9.0.1
wh3_main_item_passive_blood_of_the_motherland,-1.0000,positive,,false,false,0.0000,0.0000,0.0000,0.0000,0,0,false,0.0000,0.0000,false,0,,,,false,true,true,0.0000,,,false,0.0000,0.0000,false,0.0000,data/unit_stats/source_exports/db/special_ability_phases_tables/data__.tsv,1774,9.0.1
wh3_main_item_passive_catalytic_kiln,-1.0000,negative,,false,false,0.0000,0.0000,0.0000,1.0000,8,2,false,0.0000,0.0000,false,0,,wh_main_spell_fire_passive,,false,false,true,0.0000,,,false,0.0000,0.0000,false,0.0000,data/unit_stats/source_exports/db/special_ability_phases_tables/data__.tsv,1775,9.0.1
wh3_main_item_passive_cauldron_of_the_great_maw_i,-1.0000,positive,,false,false,0.0000,0.0000,0.0000,0.0000,0,0,false,0.0000,0.0000,false,0,,wh3_main_abilities_cauldron_of_the_great_maw_i,,false,true,true,0.0000,,,false,0.0000,0.0000,false,0.0000,data/unit_stats/source_exports/db/special_ability_phases_tables/data__.tsv,1776,9.0.1
wh3_main_item_passive_cauldron_of_the_great_maw_ii,-1.0000,positive,,false,false,0.0000,0.0000,0.0000,1.0000,0,0,false,0.0000,0.0000,false,0,,wh3_main_abilities_cauldron_of_the_great_maw_ii,,false,true,true,0.0000,,,false,0.0020,0.0000,false,0.0000,data/unit_stats/source_exports/db/special_ability_phases_tables/data__.tsv,1777,9.0.1
wh3_main_item_passive_celestial_silk_robe,-1.0000,positive,,false,false,0.0000,0.0000,0.0000,0.0000,0,0,false,0.0000,0.0000,false,0,,wh_main_generic_buff_morale,,false,true,false,0.0000,,,false,0.0000,0.0000,false,0.0000,data/unit_stats/source_exports/db/special_ability_phases_tables/data__.tsv,1778,9.0.1
wh3_main_item_passive_cloak_of_po_mei,-1.0000,positive,,false,false,0.0000,0.0000,0.0000,0.0000,0,0,false,0.6000,0.0000,false,0,,,,false,true,false,0.0000,,,false,0.0000,0.0000,false,0.0000,data/unit_stats/source_exports/db/special_ability_phases_tables/data__.tsv,1779,9.0.1
wh3_main_item_passive_crystal_cloak,31.0000,positive,,false,false,0.0000,0.0000,0.0000,0.0000,0,0,false,0.0000,0.0000,false,0,,wh3_main_ksl_abilities_crystal_cloak,,false,true,true,0.0000,,,false,0.0000,0.0000,false,0.0000,data/unit_stats/source_exports/db/special_ability_phases_tables/data__.tsv,1780,9.0.1
wh3_main_item_passive_great_icon_of_despair,-1.0000,negative,,false,false,0.0000,0.0000,0.0000,0.0000,0,0,false,0.0000,0.0000,false,0,,,,false,true,true,0.0000,,,false,0.0000,0.0000,false,0.0000,data/unit_stats/source_exports/db/special_ability_phases_tables/data__.tsv,1781,9.0.1
wh3_main_item_passive_great_standard_of_sundering,-1.0000,negative,,false,false,0.0000,0.0000,0.0000,0.0000,0,0,false,-0.2000,0.0000,false,0,,,,false,true,true,0.0000,,,false,0.0000,0.0000,false,0.0000,data/unit_stats/source_exports/db/special_ability_phases_tables/data__.tsv,1782,9.0.1
wh3_main_item_passive_gut_maw,-1.0000,positive,,false,false,0.0000,0.0000,0.0000,1.0000,0,0,false,0.0000,0.0000,false,0,,,,false,true,true,0.0000,,,false,0.0010,0.0000,false,0.0000,data/unit_stats/source_exports/db/special_ability_phases_tables/data__.tsv,1783,9.0.1
wh3_main_item_passive_icon_of_endless_war,-1.0000,positive,,false,false,-0.0100,0.0000,0.0000,0.0000,0,0,false,0.0000,0.0000,false,0,,,,false,true,true,0.0000,,,false,0.0000,0.0000,false,0.0000,data/unit_stats/source_exports/db/special_ability_phases_tables/data__.tsv,1784,9.0.1
wh3_main_item_passive_icon_of_eternal_virulence_0,30.0000,negative,,false,false,0.0000,0.0000,0.0000,0.0000,0,0,false,0.0000,0.0000,false,0,,wh_main_generic_debuff_attack_passive,,false,true,true,0.0000,,,false,0.0000,0.0000,false,0.0000,data/unit_stats/source_exports/db/special_ability_phases_tables/data__.tsv,1785,9.0.1
wh3_main_item_passive_icon_of_eternal_virulence_1,30.0000,negative,,false,false,0.0000,0.0000,0.0000,0.0000,0,0,false,0.0000,0.0000,false,0,,wh_main_generic_debuff_attack_passive,,false,true,true,0.0000,,,false,0.0000,0.0000,false,0.0000,data/unit_stats/source_exports/db/special_ability_phases_tables/data__.tsv,1786,9.0.1
wh3_main_item_passive_icon_of_eternal_virulence_2,-1.0000,negative,,false,false,0.0000,0.0000,0.0000,0.0000,0,0,false,0.0000,0.0000,false,0,,wh_main_generic_debuff_attack_passive,,false,true,true,0.0000,,,false,0.0000,0.0000,false,0.0000,data/unit_stats/source_exports/db/special_ability_phases_tables/data__.tsv,1787,9.0.1
wh3_main_item_passive_icon_of_sorcery,-1.0000,positive,,false,false,0.0000,0.0000,0.0000,0.0000,0,0,false,0.8000,0.0000,false,0,,,,false,true,true,0.0000,,,false,0.0000,0.0000,false,0.0000,data/unit_stats/source_exports/db/special_ability_phases_tables/data__.tsv,1788,9.0.1
wh3_main_item_passive_iron_ice_armour,-1.0000,negative,,false,false,0.0000,0.0000,0.0000,0.0000,0,0,false,0.0000,0.0000,false,0,,,,false,true,true,0.0000,,,false,0.0000,0.0000,false,0.0000,data/unit_stats/source_exports/db/special_ability_phases_tables/data__.tsv,1789,9.0.1
wh3_main_item_passive_jade_amulet,25.0000,positive,,false,false,0.0000,0.0000,0.0000,0.0000,0,0,false,1.6000,0.1000,false,0,,,,false,true,false,0.0000,,,false,0.0000,0.0000,false,0.0000,data/unit_stats/source_exports/db/special_ability_phases_tables/data__.tsv,1790,9.0.1
wh3_main_item_passive_jade_lion,-1.0000,positive,,false,false,0.0000,0.0000,0.0000,0.0000,0,0,false,0.0000,0.0000,false,0,,wh_main_generic_buff_defence_morale_passive,,false,true,true,0.0000,,,false,0.0000,0.0000,false,0.0000,data/unit_stats/source_exports/db/special_ability_phases_tables/data__.tsv,1791,9.0.1
wh3_main_item_passive_kite_of_the_uttermost_airs,-1.0000,negative,,false,false,0.0000,0.0000,0.0000,1.0000,5,10,false,0.0000,0.0000,false,0,,wh_main_generic_debuff_defence_attack,,false,false,true,0.0000,,,false,0.0000,0.0000,false,0.0000,data/unit_stats/source_exports/db/special_ability_phases_tables/data__.tsv,1792,9.0.1
wh3_main_item_passive_mirror_of_the_ice_queen,-1.0000,negative,,false,false,0.0000,0.0000,0.0000,1.0000,8,4,false,0.0000,0.0000,false,0,,wh_main_generic_hp_damage_passive,,false,true,true,0.0000,,,false,0.0000,0.0000,false,0.0000,data/unit_stats/source_exports/db/special_ability_phases_tables/data__.tsv,1793,9.0.1
wh3_main_item_passive_overtyrants_crown,-1.0000,positive,,false,false,0.0000,0.0000,0.0000,0.0000,0,0,false,0.0000,0.0000,false,0,,wh_main_generic_buff_morale_passive,,false,true,true,0.0000,,,false,0.0000,0.0000,false,0.0000,data/unit_stats/source_exports/db/special_ability_phases_tables/data__.tsv,1794,9.0.1
wh3_main_item_passive_pennant_of_the_great_orthodoxy,-1.0000,positive,,false,false,0.0000,0.0000,0.0000,0.0000,0,0,false,0.0000,0.0000,false,0,,wh_main_generic_buff_morale_passive,,false,true,true,0.0000,,,false,0.0000,0.0000,false,0.0000,data/unit_stats/source_exports/db/special_ability_phases_tables/data__.tsv,1795,9.0.1
wh3_main_item_passive_rock_eye,60.0000,negative,,false,false,0.0000,0.0000,0.0000,0.0000,0,0,false,0.0000,0.0000,false,0,,,wh3_dlc24_saytang_watched_by_the_watcher,false,true,true,0.0000,,,false,0.0000,0.0000,false,0.0000,data/unit_stats/source_exports/db/special_ability_phases_tables/data__.tsv,1796,9.0.1
wh3_main_item_passive_rod_of_command_enemy,-1.0000,negative,,false,false,0.0000,0.0000,0.0000,0.0000,0,0,false,0.0000,0.0000,false,0,,wh_main_generic_debuff_attack,,false,false,true,0.0000,,,false,0.0000,0.0000,false,0.0000,data/unit_stats/source_exports/db/special_ability_phases_tables/data__.tsv,1797,9.0.1
wh3_main_item_passive_rod_of_command_friend,-1.0000,positive,,false,false,0.0000,0.0000,0.0000,0.0000,0,0,false,0.0000,0.0000,false,0,,wh_main_generic_buff_attack,,false,true,false,0.0000,,,false,0.0000,0.0000,false,0.0000,data/unit_stats/source_exports/db/special_ability_phases_tables/data__.tsv,1798,9.0.1
wh3_main_item_passive_shield_of_sacrifice,-1.0000,positive,,false,false,0.0000,0.0000,0.0000,0.0000,0,0,false,0.0000,0.0000,false,0,,,,false,true,true,0.0000,,,false,0.0000,0.0000,false,0.0000,data/unit_stats/source_exports/db/special_ability_phases_tables/data__.tsv,1799,9.0.1
wh3_main_item_passive_shield_of_the_nan_gau_i,15.0000,positive,,false,false,0.0000,0.0000,0.0000,0.0000,0,0,false,0.0000,0.0000,false,0,,wh_main_generic_buff_defence_banner,,false,false,false,0.0000,,,false,0.0000,0.0000,false,0.0000,data/unit_stats/source_exports/db/special_ability_phases_tables/data__.tsv,1800,9.0.1
wh3_main_item_passive_shield_of_the_nan_gau_ii,15.0000,positive,,false,false,0.0000,0.0000,0.0000,0.0000,0,0,false,0.0000,0.0000,false,0,,wh_main_generic_buff_defence_banner,,false,false,false,0.0000,,,false,0.0000,0.0000,false,0.0000,data/unit_stats/source_exports/db/special_ability_phases_tables/data__.tsv,1801,9.0.1
wh3_main_item_passive_shield_of_the_nan_gau_iii,-1.0000,positive,,false,false,0.0000,0.0000,0.0000,0.0000,0,0,false,0.0000,0.0000,false,0,,wh_main_generic_buff_defence_banner,,false,false,false,0.0000,,,false,0.0000,0.0000,false,0.0000,data/unit_stats/source_exports/db/special_ability_phases_tables/data__.tsv,1802,9.0.1
wh3_main_lord_abilities_ballet_of_blows_1,15.0000,positive,,false,false,0.0000,0.0000,0.0000,0.0000,0,0,false,0.0000,0.0000,false,0,,wh3_main_abilities_ballet_of_blows_1,wh3_main_lord_abilities_ballet_of_blows_1,false,true,true,0.0000,,,false,0.0000,0.0000,false,0.0000,data/unit_stats/source_exports/db/special_ability_phases_tables/data__.tsv,1803,9.0.1
wh3_main_lord_abilities_ballet_of_blows_2,15.0000,positive,,false,false,0.0000,0.0000,0.0000,0.0000,0,0,false,0.0000,0.0000,false,0,,wh3_main_abilities_ballet_of_blows_2,wh3_main_lord_abilities_ballet_of_blows_2,false,true,true,0.0000,,,false,0.0000,0.0000,false,0.0000,data/unit_stats/source_exports/db/special_ability_phases_tables/data__.tsv,1804,9.0.1
wh3_main_lord_abilities_ballet_of_blows_3,15.0000,positive,,false,false,0.0000,0.0000,0.0000,0.0000,0,0,false,0.0000,0.0000,false,0,,wh3_main_abilities_ballet_of_blows_3,wh3_main_lord_abilities_ballet_of_blows_3,false,true,true,0.0000,,,false,0.0000,0.0000,false,0.0000,data/unit_stats/source_exports/db/special_ability_phases_tables/data__.tsv,1805,9.0.1
wh3_main_lord_abilities_blight_swarm,20.0000,negative,,false,false,0.0000,0.0000,0.0000,0.0000,0,0,false,0.0000,0.0000,false,0,,wh3_main_abilities_blight_swarm,wh3_main_lord_abilities_blight_swarm,false,true,true,0.0000,,wh3_main_lord_abilities_blight_swarm,false,0.0000,0.0000,false,0.0000,data/unit_stats/source_exports/db/special_ability_phases_tables/data__.tsv,1806,9.0.1
wh3_main_lord_abilities_bloodthirst,17.0000,positive,,false,false,0.0000,0.0000,0.0000,0.0000,0,0,false,0.0000,0.0000,false,0,,wh3_main_abilities_bloodthirst,wh3_main_kho_ability_bloodthirst,false,true,true,0.0000,,,false,0.0000,0.0000,false,0.0000,data/unit_stats/source_exports/db/special_ability_phases_tables/data__.tsv,1807,9.0.1
wh3_main_lord_abilities_daemonic_possession,26.0000,negative,,false,false,0.0100,0.0000,0.0000,0.0000,0,0,false,0.0000,0.0000,false,0,,wh3_main_army_abilities_daemonic_possession_enemy,wh3_main_army_abilities_daemonic_possession_enemy,false,true,true,0.0000,,,false,0.0000,0.0000,false,0.0000,data/unit_stats/source_exports/db/special_ability_phases_tables/data__.tsv,1808,9.0.1
wh3_main_lord_abilities_deathbringer,29.0000,positive,,false,false,0.0000,0.0000,0.0000,0.0000,0,0,false,0.0000,0.0000,false,0,,wh3_main_army_abilities_deathbringer,wh3_main_kho_ability_deathbringer,false,true,true,0.0000,,,false,0.0000,0.0000,false,0.0000,data/unit_stats/source_exports/db/special_ability_phases_tables/data__.tsv,1809,9.0.1
wh3_main_lord_abilities_deathbringer_upgraded,29.0000,positive,,false,false,0.0000,0.0000,0.0000,0.0000,0,0,false,0.0000,0.0000,false,0,,wh3_main_army_abilities_deathbringer,wh3_main_kho_ability_deathbringer,false,true,true,0.0000,,,false,0.0000,0.0000,false,0.0000,data/unit_stats/source_exports/db/special_ability_phases_tables/data__.tsv,1810,9.0.1
wh3_main_lord_abilities_everyone_has_their_price,15.0000,negative,,false,false,0.0000,0.0000,0.0000,0.0000,0,0,false,0.0000,0.0000,false,0,,wh3_main_abilities_everyone_has_their_price,wh3_ability_ogre_everyone_has_their_price,false,true,true,0.0000,,,false,0.0000,0.0000,false,0.0000,data/unit_stats/source_exports/db/special_ability_phases_tables/data__.tsv,1811,9.0.1
wh3_main_lord_abilities_eye_of_the_storm,29.0000,positive,,false,false,0.0000,0.0000,0.0000,0.0000,0,0,false,0.0000,0.0000,false,0,,wh3_main_abilities_cth_eye_of_storm,wh3_main_lord_abilities_eye_of_the_storm,false,true,true,0.0000,,,false,0.0000,0.0000,false,0.0000,data/unit_stats/source_exports/db/special_ability_phases_tables/data__.tsv,1812,9.0.1
wh3_main_lord_abilities_fury_of_ursun,18.0000,positive,,false,false,0.0000,0.0000,0.0000,0.0000,0,0,false,0.0000,0.0000,false,0,,wh_main_generic_buff_attack,wh3_main_kis_ability_fury_of_ursun,false,true,true,0.0000,,,false,0.0000,0.0000,false,0.0000,data/unit_stats/source_exports/db/special_ability_phases_tables/data__.tsv,1813,9.0.1
wh3_main_lord_abilities_gaze_of_fate,14.0000,negative,,true,false,0.0000,0.0000,0.0000,0.0000,0,0,false,0.0000,0.0000,false,0,,wh3_main_ability_gaze_of_fate,wh3_main_lord_abilities_gaze_of_fate,false,true,true,0.0000,,,false,0.0000,0.0000,false,0.0000,data/unit_stats/source_exports/db/special_ability_phases_tables/data__.tsv,1814,9.0.1
wh3_main_lord_abilities_hidden_in_time,73.0000,positive,,false,false,0.0000,0.0000,0.0000,0.0000,0,0,false,0.0000,0.0000,false,0,,wh3_main_lord_abilities_hidden_in_time,wh3_main_lord_abilities_hidden_in_time,false,true,true,0.0000,,,false,0.0000,0.0000,false,0.0000,data/unit_stats/source_exports/db/special_ability_phases_tables/data__.tsv,1815,9.0.1
wh3_main_lord_abilities_inspired_assault_i,29.0000,positive,,false,false,0.0000,0.0000,0.0000,0.0000,0,0,false,0.0000,0.0000,false,0,,wh3_main_abilities_inspired_assault_1,wh3_main_lord_abilities_inspired_assault_i,false,true,true,0.0000,,,false,0.0000,0.0000,false,0.0000,data/unit_stats/source_exports/db/special_ability_phases_tables/data__.tsv,1816,9.0.1
wh3_main_lord_abilities_inspired_assault_ii,42.0000,positive,,false,false,0.0000,0.0000,0.0000,0.0000,0,0,false,0.0000,0.0000,false,0,,wh3_main_abilities_inspired_assault_2,wh3_main_lord_abilities_inspired_assault_ii,false,true,true,0.0000,,,false,0.0000,0.0000,false,0.0000,data/unit_stats/source_exports/db/special_ability_phases_tables/data__.tsv,1817,9.0.1
wh3_main_lord_abilities_inspired_assault_iii,43.0000,positive,,false,false,0.0000,0.0000,0.0000,0.0000,0,0,false,0.0000,0.0000,false,0,,wh3_main_abilities_inspired_assault_3,wh3_main_lord_abilities_inspired_assault_iii,false,true,true,0.0000,,,false,0.0000,0.0000,false,0.0000,data/unit_stats/source_exports/db/special_ability_phases_tables/data__.tsv,1818,9.0.1
wh3_main_lord_abilities_inspired_defence_i,24.0000,positive,,false,false,0.0000,0.0000,0.0000,0.0000,0,0,false,0.0000,0.0000,false,0,,wh3_main_abilities_inspired_defence_1,wh3_main_lord_abilities_inspired_defence_i,false,true,true,0.0000,,,false,0.0000,0.0000,false,0.0000,data/unit_stats/source_exports/db/special_ability_phases_tables/data__.tsv,1819,9.0.1
wh3_main_lord_abilities_inspired_defence_ii,31.0000,positive,,false,false,0.0000,0.0000,0.0000,0.0000,0,0,false,0.0000,0.0000,false,0,,wh3_main_abilities_inspired_defence_2,wh3_main_lord_abilities_inspired_defence_ii,false,true,true,0.0000,,,false,0.0000,0.0000,false,0.0000,data/unit_stats/source_exports/db/special_ability_phases_tables/data__.tsv,1820,9.0.1
wh3_main_lord_abilities_inspired_defence_iii,34.0000,positive,,false,false,0.0000,0.0000,0.0000,0.0000,0,0,false,0.0000,0.0000,false,0,,wh3_main_abilities_inspired_defence_3,wh3_main_lord_abilities_inspired_defence_iii,false,true,true,0.0000,,,false,0.0000,0.0000,false,0.0000,data/unit_stats/source_exports/db/special_ability_phases_tables/data__.tsv,1821,9.0.1
wh3_main_lord_abilities_inspired_marksmanship_i,29.0000,positive,,false,false,0.0000,0.0000,0.0000,0.0000,0,0,false,0.0000,0.0000,false,0,,wh3_main_abilities_inspired_marksmanship_1,wh3_main_lord_abilities_inspired_marksmanship_i,false,true,true,0.0000,,,false,0.0000,0.0000,false,0.0000,data/unit_stats/source_exports/db/special_ability_phases_tables/data__.tsv,1822,9.0.1
wh3_main_lord_abilities_inspired_marksmanship_ii,44.0000,positive,,false,false,0.0000,0.0000,0.0000,0.0000,0,0,false,0.0000,0.0000,false,0,,wh3_main_abilities_inspired_marksmanship_2,wh3_main_lord_abilities_inspired_marksmanship_ii,false,true,true,0.0000,,,false,0.0000,0.0000,false,0.0000,data/unit_stats/source_exports/db/special_ability_phases_tables/data__.tsv,1823,9.0.1
wh3_main_lord_abilities_inspired_marksmanship_iii,44.0000,positive,,false,false,0.0000,0.0000,0.0000,0.0000,0,0,false,0.0000,0.0000,false,0,,wh3_main_abilities_inspired_marksmanship_3,wh3_main_lord_abilities_inspired_marksmanship_iii,false,true,true,0.0000,,,false,0.0000,0.0000,false,0.0000,data/unit_stats/source_exports/db/special_ability_phases_tables/data__.tsv,1824,9.0.1
wh3_main_lord_abilities_master_of_alchemy,20.0000,positive,,false,false,0.0000,0.0000,0.0000,0.0000,0,0,false,0.0000,0.0000,true,0,,wh3_main_abilities_cth_master_of_alchemy,wh3_main_lord_abilities_master_of_alchemy,false,true,true,0.0000,,,false,0.0000,0.0000,false,0.0000,data/unit_stats/source_exports/db/special_ability_phases_tables/data__.tsv,1825,9.0.1
wh3_main_lord_abilities_master_of_alchemy_flaming,16.0000,positive,,false,false,0.0000,0.0000,0.0000,0.0000,0,0,false,0.0000,0.0000,true,10,,wh3_main_abilities_cth_master_of_alchemy_flaming,wh3_main_lord_abilities_master_of_alchemy_flaming,false,true,true,0.0000,,,false,0.0000,0.0000,false,0.0000,data/unit_stats/source_exports/db/special_ability_phases_tables/data__.tsv,1826,9.0.1
wh3_main_lord_abilities_master_of_alchemy_piercing,19.0000,positive,,false,false,0.0000,0.0000,0.0000,0.0000,0,0,false,0.0000,0.0000,true,0,,wh3_main_abilities_cth_master_of_alchemy_piercing,wh3_main_lord_abilities_master_of_alchemy_Piercing,false,true,true,0.0000,,,false,0.0000,0.0000,false,0.0000,data/unit_stats/source_exports/db/special_ability_phases_tables/data__.tsv,1827,9.0.1
wh3_main_lord_abilities_master_of_alchemy_poison,18.0000,positive,,false,false,0.0000,0.0000,0.0000,0.0000,0,0,false,0.0000,0.0000,true,0,wh_main_unit_contact_poison,wh3_main_abilities_cth_master_of_alchemy_poison,wh3_main_lord_abilities_master_of_alchemy_Poison,false,true,true,0.0000,,,false,0.0000,0.0000,false,0.0000,data/unit_stats/source_exports/db/special_ability_phases_tables/data__.tsv,1828,9.0.1
wh3_main_lord_abilities_oracle_of_eternity,22.0000,positive,,false,false,0.0000,0.0000,0.0000,0.0000,0,0,false,0.0000,0.0000,false,0,,wh3_main_lord_abilities_oracle_of_eternity,wh3_main_lord_abilities_oracle_of_eternity,false,true,true,0.0000,,,false,0.0000,0.0000,false,0.0000,data/unit_stats/source_exports/db/special_ability_phases_tables/data__.tsv,1829,9.0.1
wh3_main_lord_abilities_plaguefathers_oration,26.0000,positive,,false,false,0.0000,0.0000,0.0000,0.0000,0,0,false,0.0000,0.0000,false,0,,wh_main_generic_buff_defence,wh3_main_lord_abilities_plaguefathers_oration,false,true,true,0.0000,,,false,0.0000,0.0000,false,0.0000,data/unit_stats/source_exports/db/special_ability_phases_tables/data__.tsv,1830,9.0.1
wh3_main_lord_abilities_rage_embodied,15.0000,negative,,false,false,0.0000,0.0000,0.0000,0.0000,0,0,false,0.0000,0.0000,false,0,,wh3_main_abilities_rage_embodied,wh3_main_kho_ability_rage_embodied,false,true,true,0.0000,,,false,0.0000,0.0000,false,0.0000,data/unit_stats/source_exports/db/special_ability_phases_tables/data__.tsv,1831,9.0.1
wh3_main_lord_abilities_rage_incarnate,15.0000,negative,,false,false,0.0000,0.0000,0.0000,0.0000,0,0,false,0.0000,0.0000,false,0,,wh3_main_abilities_rage_embodied,wh3_main_kho_ability_rage_embodied,false,true,true,0.0000,,,false,0.0000,0.0000,false,0.0000,data/unit_stats/source_exports/db/special_ability_phases_tables/data__.tsv,1832,9.0.1
wh3_main_lord_abilities_seductive_glory,15.0000,negative,,false,false,0.0000,0.0000,0.0000,0.0000,0,0,false,0.0000,0.0000,false,0,,wh3_main_abilities_seductive_glory,wh3_main_lord_abilities_seductive_glory,false,true,true,0.0000,,,false,0.0000,0.0000,false,0.0000,data/unit_stats/source_exports/db/special_ability_phases_tables/data__.tsv,1833,9.0.1
wh3_main_lord_abilities_shadow_shroud,22.0000,positive,,false,false,0.0000,0.0000,0.0000,0.0000,0,0,false,0.0000,0.0000,false,0,,wh3_main_ability_shadow_shroud,wh3_main_lord_abilities_shadow_shroud,false,true,true,0.0000,,,false,0.0000,0.0000,false,0.0000,data/unit_stats/source_exports/db/special_ability_phases_tables/data__.tsv,1834,9.0.1
wh3_main_lord_abilities_slaughter_and_carnage,-1.0000,positive,,false,false,0.0000,0.0000,0.0000,0.0000,0,0,false,0.0000,0.0000,false,0,,wh3_main_abilities_slaughter_and_carnage,wh3_main_kho_ability_slaughter_and_carnage,false,true,true,0.0000,,,false,0.0000,0.0000,false,0.0000,data/unit_stats/source_exports/db/special_ability_phases_tables/data__.tsv,1835,9.0.1
wh3_main_lord_abilities_the_dark_master,33.0000,negative,,false,false,0.0000,0.0000,0.0000,0.0000,0,0,false,0.0000,0.0000,false,0,,wh_main_generic_debuff_attack_banner,wh_ability_negative_banner,false,true,true,0.0000,,,false,0.0000,0.0000,false,0.0000,data/unit_stats/source_exports/db/special_ability_phases_tables/data__.tsv,1836,9.0.1
wh3_main_lord_abilities_virulent_contagion,30.0000,negative,,false,false,0.0000,0.0000,0.0000,0.0000,0,0,false,0.0000,0.0000,false,0,,wh3_main_abilities_virulent_contagion,wh3_main_lord_abilities_virulent_contagion,false,true,true,0.0000,,wh3_main_lord_abilities_virulent_contagion,false,0.0000,0.0000,false,0.0000,data/unit_stats/source_exports/db/special_ability_phases_tables/data__.tsv,1837,9.0.1
wh3_main_lord_abilities_virulent_contagion_upgraded,30.0000,negative,,false,false,0.0000,0.0000,0.0000,0.0000,0,0,false,0.0000,0.0000,false,0,,wh3_main_abilities_virulent_contagion,wh3_main_lord_abilities_virulent_contagion,false,true,true,0.0000,,wh3_main_lord_abilities_virulent_contagion,false,0.0000,0.0000,false,0.0000,data/unit_stats/source_exports/db/special_ability_phases_tables/data__.tsv,1838,9.0.1
wh3_main_lord_abilities_willing_prey,15.0000,negative,,false,false,0.0000,0.0000,0.0000,0.0000,0,0,false,0.0000,0.0000,false,0,,wh3_main_abilities_willing_prey,wh3_main_lord_abilities_willing_prey,false,true,true,0.0000,,,false,0.0000,0.0000,false,0.0000,data/unit_stats/source_exports/db/special_ability_phases_tables/data__.tsv,1839,9.0.1
wh3_main_lord_abilities_wrath_of_the_storm,32.0000,positive,,false,false,0.0000,0.0000,0.0000,0.0000,0,0,false,0.0000,0.0000,true,0,,wh3_main_abilities_wrath_of_storm,wh3_main_lord_abilities_wrath_of_the_storm,false,true,true,0.0000,,,false,0.0000,0.0000,false,0.0000,data/unit_stats/source_exports/db/special_ability_phases_tables/data__.tsv,1840,9.0.1
wh3_main_lord_abilities_wrathful_reaper,18.0000,positive,,false,false,0.0000,0.0000,0.0000,0.0000,0,0,false,0.0000,0.0000,false,0,,wh3_main_abilities_wrathful_reaper,wh3_main_kho_ability_slaughter_and_carnage,false,true,true,0.0000,,,false,0.0000,0.0000,false,0.0000,data/unit_stats/source_exports/db/special_ability_phases_tables/data__.tsv,1841,9.0.1
wh3_main_lord_passive_allure_of_slaanesh,-1.0000,negative,,false,false,0.0000,0.0000,0.0000,0.0000,0,0,false,0.0000,0.0000,false,0,,,,false,true,true,0.0000,,,false,0.0000,0.0000,false,0.0000,data/unit_stats/source_exports/db/special_ability_phases_tables/data__.tsv,1842,9.0.1
wh3_main_lord_passive_aura_of_majesty,-1.0000,positive,,false,false,0.0000,0.0000,0.0000,0.0000,0,0,false,0.0000,0.0000,false,0,,wh_main_generic_debuff_defence_passive,,false,true,true,0.0000,,,false,0.0000,0.0000,false,0.0000,data/unit_stats/source_exports/db/special_ability_phases_tables/data__.tsv,1843,9.0.1
wh3_main_lord_passive_blaze_of_devotion,-1.0000,positive,,false,false,0.0000,0.0000,0.0000,0.0000,0,0,false,0.0000,0.0000,false,10,,wh_main_generic_buff_attack_passive,,false,true,true,0.0000,,,false,0.0000,0.0000,false,0.0000,data/unit_stats/source_exports/db/special_ability_phases_tables/data__.tsv,1844,9.0.1
wh3_main_lord_passive_disdain_of_the_dragons,-1.0000,negative,,false,false,0.0000,0.0000,0.0000,0.0000,0,0,false,0.0000,0.0000,false,0,,wh_main_generic_debuff_attack_passive,,false,true,true,0.0000,,,false,0.0000,0.0000,false,0.0000,data/unit_stats/source_exports/db/special_ability_phases_tables/data__.tsv,1845,9.0.1
wh3_main_lord_passive_feasting_on_fear,-1.0000,positive,,false,false,0.0000,0.0000,0.0000,1.0000,0,0,false,0.0000,0.0000,false,0,,wh_main_generic_hp_regen_passive,,false,true,true,0.0000,,,false,0.0040,0.0000,false,0.0000,data/unit_stats/source_exports/db/special_ability_phases_tables/data__.tsv,1846,9.0.1
wh3_main_lord_passive_fetid_stench,-1.0000,negative,,false,false,0.0000,0.0000,0.0000,0.0000,0,0,false,0.0000,0.0000,false,0,,wh_main_generic_debuff_defence_attack_morale_passive,,false,true,true,0.0000,,,false,0.0000,0.0000,false,0.0000,data/unit_stats/source_exports/db/special_ability_phases_tables/data__.tsv,1847,9.0.1
wh3_main_lord_passive_fuelled_by_rage,-1.0000,positive,,false,false,0.0000,0.0000,0.0000,0.0000,0,0,false,0.0000,0.0000,false,0,,wh3_main_abilities_fuelled_by_rage,,false,true,true,0.0000,,,false,0.0000,0.0000,false,0.0000,data/unit_stats/source_exports/db/special_ability_phases_tables/data__.tsv,1848,9.0.1
wh3_main_lord_passive_glamour_of_slaanesh,-1.0000,negative,,false,false,0.0000,0.0000,0.0000,0.0000,0,0,false,0.0000,0.0000,false,0,,wh_main_generic_debuff_attack_passive,,false,true,true,0.0000,,,false,0.0000,0.0000,false,0.0000,data/unit_stats/source_exports/db/special_ability_phases_tables/data__.tsv,1849,9.0.1
wh3_main_lord_passive_grand_strategist,-1.0000,positive,,false,false,0.0000,0.0000,0.0000,0.0000,0,0,false,0.0000,0.0000,false,0,,wh_main_generic_buff_defence_passive,,false,true,true,0.0000,,,false,0.0000,0.0000,false,0.0000,data/unit_stats/source_exports/db/special_ability_phases_tables/data__.tsv,1850,9.0.1
wh3_main_lord_passive_hardened_scale,30.0000,positive,,false,false,0.0000,0.0000,0.0000,0.0000,0,0,false,0.0000,0.0000,false,0,,wh3_main_abilities_hardened_scale,,false,true,true,0.0000,,,false,0.0000,0.0000,false,0.0000,data/unit_stats/source_exports/db/special_ability_phases_tables/data__.tsv,1851,9.0.1
wh3_main_lord_passive_harvester_of_souls,21.0000,positive,,false,false,-0.0100,0.0000,0.0000,1.0000,0,0,false,0.0000,0.0000,false,0,,wh_main_generic_hp_regen,,false,true,false,0.0000,,,false,0.0040,0.0000,false,0.0000,data/unit_stats/source_exports/db/special_ability_phases_tables/data__.tsv,1852,9.0.1
wh3_main_lord_passive_harvester_of_souls_upgraded,21.0000,positive,,false,false,-0.0100,0.0000,0.0000,1.0000,0,0,false,0.0000,0.0000,false,0,,wh_main_generic_hp_regen,,false,true,false,0.0000,,,false,0.0080,0.0000,false,0.0000,data/unit_stats/source_exports/db/special_ability_phases_tables/data__.tsv,1853,9.0.1
wh3_main_lord_passive_hoardmaster,-1.0000,positive,,false,false,0.0000,0.0000,0.0000,0.0000,0,0,false,0.0000,0.0000,false,0,,wh_main_generic_buff_defence_morale_passive,,false,true,true,0.0000,,,false,0.0000,0.0000,false,0.0000,data/unit_stats/source_exports/db/special_ability_phases_tables/data__.tsv,1854,9.0.1
wh3_main_lord_passive_kill_for_khorne,-1.0000,positive,,false,false,0.0000,0.0000,0.0000,0.0000,0,0,false,0.0000,0.0000,false,0,,wh_main_generic_buff_attack,,false,true,true,0.0000,,,false,0.0000,0.0000,false,0.0000,data/unit_stats/source_exports/db/special_ability_phases_tables/data__.tsv,1855,9.0.1
wh3_main_lord_passive_lord_of_torment,-1.0000,positive,,false,false,0.0000,0.0000,0.0000,1.0000,0,0,false,0.2000,0.0000,false,0,,wh_main_generic_hp_regen_passive,wh_ability_positive_banner,false,true,true,0.0000,,,false,0.0030,0.0000,false,0.0000,data/unit_stats/source_exports/db/special_ability_phases_tables/data__.tsv,1856,9.0.1
wh3_main_lord_passive_master_of_fates,-1.0000,positive,,false,false,0.0000,0.0000,0.0000,0.0000,0,0,false,0.0000,0.0000,false,0,,wh_main_generic_buff_defence_attack_passive,,false,true,true,0.0000,,,false,0.0000,0.0000,false,0.0000,data/unit_stats/source_exports/db/special_ability_phases_tables/data__.tsv,1857,9.0.1
wh3_main_lord_passive_nurgling_infestation,-1.0000,positive,,false,false,0.0000,0.0000,0.0000,1.0000,0,0,false,0.0000,0.0000,false,0,,wh3_main_lord_passive_nurgling_infestation,,false,true,true,0.0000,,,false,0.0020,0.0000,false,0.0000,data/unit_stats/source_exports/db/special_ability_phases_tables/data__.tsv,1858,9.0.1
wh3_main_lord_passive_pestilent_decay,-1.0000,negative,,false,false,0.0000,0.0000,0.0000,1.0000,8,4,false,0.0000,0.0000,false,0,,wh3_main_lord_passive_pestilent_decay,,false,true,true,0.0000,,,false,0.0000,0.0000,false,0.0000,data/unit_stats/source_exports/db/special_ability_phases_tables/data__.tsv,1859,9.0.1
wh3_main_lord_passive_prismatic_plurality,33.0000,positive,,false,false,0.0000,0.0000,-10.0000,0.0000,0,0,false,0.0000,0.0000,false,0,,,,false,true,true,0.0000,,,false,0.0000,0.0000,false,0.0000,data/unit_stats/source_exports/db/special_ability_phases_tables/data__.tsv,1860,9.0.1
wh3_main_lord_passive_revel_in_slaughter,-1.0000,positive,,false,false,0.0000,0.0000,0.0000,0.0000,0,0,false,0.0000,0.0000,false,0,,wh_main_generic_buff_attack,,false,true,true,0.0000,,,false,0.0000,0.0000,false,0.0000,data/unit_stats/source_exports/db/special_ability_phases_tables/data__.tsv,1861,9.0.1
wh3_main_lord_passive_seer_of_destiny,-1.0000,positive,,false,false,0.0000,0.0000,0.0000,0.0000,0,0,false,0.0000,0.0000,false,0,,wh_main_generic_buff_defence_attack_passive,,false,true,true,0.0000,,,false,0.0000,0.0000,false,0.0000,data/unit_stats/source_exports/db/special_ability_phases_tables/data__.tsv,1862,9.0.1
wh3_main_lord_passive_snacks,-1.0000,positive,,false,false,0.0000,0.0000,0.0000,1.0000,0,0,false,0.0000,0.0000,false,0,,wh3_main_abilities_snacks,,false,true,true,0.0000,,,false,0.0010,0.0000,false,0.0000,data/unit_stats/source_exports/db/special_ability_phases_tables/data__.tsv,1863,9.0.1
wh3_main_lord_passive_soul_siphon,-1.0000,negative,,false,false,0.0000,0.0000,0.0000,1.0000,8,4,false,0.0000,0.0000,false,0,,wh_main_generic_hp_damage_passive,,false,true,true,0.0000,,,false,0.0000,0.0000,false,0.0000,data/unit_stats/source_exports/db/special_ability_phases_tables/data__.tsv,1864,9.0.1
wh3_main_lord_passive_strategist,-1.0000,positive,,false,false,0.0000,0.0000,0.0000,0.0000,0,0,false,0.0000,0.0000,false,0,,wh_main_generic_buff_defence_passive,,false,true,true,0.0000,,,false,0.0000,0.0000,false,0.0000,data/unit_stats/source_exports/db/special_ability_phases_tables/data__.tsv,1865,9.0.1
wh3_main_lord_passive_ursuns_ward,-1.0000,positive,,false,false,0.0000,0.0000,0.0000,1.0000,0,0,false,0.0000,0.0000,false,0,,wh_main_generic_hp_regen_passive,,false,true,true,0.0000,,,false,0.0040,0.0000,false,0.0000,data/unit_stats/source_exports/db/special_ability_phases_tables/data__.tsv,1866,9.0.1
wh3_main_lord_passive_warding_iron,-1.0000,positive,,false,false,0.0000,0.0000,0.0000,0.0000,0,0,false,0.0000,0.0000,false,0,,wh3_main_abilities_passive_warding_iron,,false,true,true,0.0000,,,false,0.0000,0.0000,false,0.0000,data/unit_stats/source_exports/db/special_ability_phases_tables/data__.tsv,1867,9.0.1
wh3_main_lord_passive_whisper_of_glory,-1.0000,negative,,false,false,0.0000,0.0000,0.0000,0.0000,0,0,false,0.0000,0.0000,false,0,,,,false,true,true,0.0000,,,false,0.0000,0.0000,false,0.0000,data/unit_stats/source_exports/db/special_ability_phases_tables/data__.tsv,1868,9.0.1
wh3_main_lord_passive_whispers_in_the_darkness,-1.0000,negative,,false,false,0.0000,0.0000,0.0000,0.0000,0,0,false,0.0000,0.0000,false,0,,wh_main_generic_debuff_morale_passive,wh_ability_negative_banner,false,true,true,0.0000,,,false,0.0000,0.0000,false,0.0000,data/unit_stats/source_exports/db/special_ability_phases_tables/data__.tsv,1869,9.0.1
wh3_main_lore_passive_blissful_rapture,10.0000,positive,,false,false,0.0000,0.0000,0.0000,0.0000,0,0,false,0.0000,0.0000,false,0,,,,false,true,true,0.0000,,,false,0.0000,0.0000,false,0.0000,data/unit_stats/source_exports/db/special_ability_phases_tables/data__.tsv,1870,9.0.1
wh3_main_lore_passive_bloodgruel,9.0000,positive,,false,false,0.0000,0.0000,0.0000,1.0000,0,0,false,0.0000,0.0000,false,0,,,,false,true,true,0.0000,,,false,0.0040,0.0000,false,0.0000,data/unit_stats/source_exports/db/special_ability_phases_tables/data__.tsv,1871,9.0.1
wh3_main_lore_passive_children_of_nurgle,4.0000,positive,,false,false,0.0000,0.0000,0.0000,1.0000,0,0,false,0.0000,0.0000,false,0,,,,false,true,true,0.0000,,,false,0.0020,0.0000,false,0.0000,data/unit_stats/source_exports/db/special_ability_phases_tables/data__.tsv,1872,9.0.1
wh3_main_lore_passive_fires_of_change,9.0000,positive,,false,false,0.0000,0.0000,0.0000,0.0000,0,0,false,0.0000,0.0000,false,0,,,,false,true,true,0.0000,,,false,0.0000,0.0000,false,0.0000,data/unit_stats/source_exports/db/special_ability_phases_tables/data__.tsv,1873,9.0.1
wh3_main_lore_passive_freezing_winds,12.0000,negative,,false,false,0.0000,0.0000,0.0000,0.0000,0,0,false,0.0000,0.0000,false,0,,,,false,true,true,0.0000,,,false,0.0000,0.0000,false,0.0000,data/unit_stats/source_exports/db/special_ability_phases_tables/data__.tsv,1874,9.0.1
wh3_main_lore_passive_frost_shield,11.0000,positive,,false,false,0.0000,0.0000,0.0000,0.0000,0,0,false,0.0000,0.0000,false,0,,,,false,true,true,0.0000,,,false,0.0000,0.0000,false,0.0000,data/unit_stats/source_exports/db/special_ability_phases_tables/data__.tsv,1875,9.0.1
wh3_main_lore_passive_power_of_yin,18.0000,negative,,false,false,0.0000,0.0000,0.0000,0.0000,0,0,false,0.0000,0.0000,false,0,,,,false,true,true,0.0000,,,false,0.0000,0.0000,false,0.0000,data/unit_stats/source_exports/db/special_ability_phases_tables/data__.tsv,1876,9.0.1
wh3_main_lore_passive_strength_of_yang,13.0000,positive,,false,false,0.0000,0.0000,0.0000,0.0000,0,0,false,0.0000,0.0000,false,0,,,,false,true,true,0.0000,,,false,0.0000,0.0000,false,0.0000,data/unit_stats/source_exports/db/special_ability_phases_tables/data__.tsv,1877,9.0.1
wh3_main_mount_passive_totem_of_endless_bloodletting,-1.0000,positive,,false,false,0.0000,0.0000,0.0000,0.0000,0,0,false,0.0000,0.0000,false,0,,wh_main_generic_buff_attack_passive,,false,true,true,0.0000,,,false,0.0000,0.0000,false,0.0000,data/unit_stats/source_exports/db/special_ability_phases_tables/data__.tsv,1878,9.0.1
wh3_main_prisoners_butcher,20.0000,positive,,false,false,-0.0300,0.0000,0.0000,2.0000,0,0,false,0.0000,0.0000,false,0,,wh3_main_prisoners_butcher,wh3_main_army_ability_ogr_butcher,false,true,false,0.0000,,,false,0.0280,0.0000,false,0.0000,data/unit_stats/source_exports/db/special_ability_phases_tables/data__.tsv,1879,9.0.1
wh3_main_prisoners_dismember,14.0000,negative,,false,false,0.0000,0.0000,0.0000,1.0000,3,25,false,0.0000,0.0000,false,0,,wh3_main_prisoners_dismember,wh3_main_army_ability_ogr_dismember,false,false,true,0.0000,,,false,0.0000,0.0000,false,0.0000,data/unit_stats/source_exports/db/special_ability_phases_tables/data__.tsv,1880,9.0.1
wh3_main_prisoners_massacre,17.0000,positive,,false,false,0.0000,0.0000,0.0000,0.0000,0,0,false,0.0000,0.0000,false,0,,wh3_main_prisoners_massacre,wh3_main_army_ability_ogr_massacre,false,true,false,0.0000,,,false,0.0000,0.0000,false,0.0000,data/unit_stats/source_exports/db/special_ability_phases_tables/data__.tsv,1881,9.0.1
wh3_main_pro_character_abilities_heroic_killing_blow_1,30.0000,positive,,false,false,0.0000,0.0000,0.0000,0.0000,0,0,false,0.0000,0.0000,false,0,,wh_main_generic_buff_attack,wh_ability_positive,false,true,true,0.0000,,,false,0.0000,0.0000,false,0.0000,data/unit_stats/source_exports/db/special_ability_phases_tables/data__.tsv,1882,9.0.1
wh3_main_pro_character_abilities_heroic_killing_blow_2,30.0000,positive,,false,false,0.0000,0.0000,0.0000,0.0000,0,0,false,0.0000,0.0000,false,0,,wh_main_generic_buff_attack,wh_ability_positive,false,true,true,0.0000,,,false,0.0000,0.0000,false,0.0000,data/unit_stats/source_exports/db/special_ability_phases_tables/data__.tsv,1883,9.0.1
wh3_main_pro_character_abilities_ursuns_roar,20.0000,positive,,false,false,0.0000,0.0000,0.0000,0.0000,0,0,false,0.0000,0.0000,false,0,,wh3_main_character_abilities_ursuns_roar,wh3_main_kis_ability_ursuns_roar,false,true,true,0.0000,,,false,0.0000,0.0000,false,0.0000,data/unit_stats/source_exports/db/special_ability_phases_tables/data__.tsv,1884,9.0.1
wh3_main_pro_character_abilities_ursuns_roar_1,30.0000,positive,,false,false,0.0000,0.0000,0.0000,0.0000,0,0,false,0.0000,0.0000,false,0,,wh3_main_character_abilities_ursuns_roar,wh3_main_kis_ability_ursuns_roar,false,true,true,0.0000,,,false,0.0000,0.0000,false,0.0000,data/unit_stats/source_exports/db/special_ability_phases_tables/data__.tsv,1885,9.0.1
wh3_main_pro_character_abilities_ursuns_roar_2,30.0000,positive,,false,false,0.0000,0.0000,0.0000,0.0000,0,0,false,0.0000,0.0000,false,0,,wh3_main_character_abilities_ursuns_roar,wh3_main_kis_ability_ursuns_roar,false,true,true,0.0000,,,false,0.0000,0.0000,false,0.0000,data/unit_stats/source_exports/db/special_ability_phases_tables/data__.tsv,1886,9.0.1
wh3_main_pro_character_abilities_ursuns_roar_3,30.0000,positive,,false,false,0.0000,0.0000,0.0000,0.0000,0,0,false,0.0000,0.0000,false,0,,wh3_main_character_abilities_ursuns_roar,wh3_main_kis_ability_ursuns_roar,false,true,true,0.0000,,,false,0.0000,0.0000,false,0.0000,data/unit_stats/source_exports/db/special_ability_phases_tables/data__.tsv,1887,9.0.1
wh3_main_pro_quest_passive_favour_of_the_ruinous_powers,-1.0000,positive,,false,false,0.0000,0.0000,0.0000,0.0000,0,0,false,0.0000,0.0000,false,0,,wh_main_generic_buff_morale_attack,,false,true,true,0.0000,,,false,0.0000,0.0000,false,0.0000,data/unit_stats/source_exports/db/special_ability_phases_tables/data__.tsv,1888,9.0.1
wh3_main_siege_defender,-1.0000,positive,,false,false,0.0000,0.0000,0.0000,0.0000,0,0,false,0.0000,0.0000,false,0,,,,false,true,true,0.0000,,,false,0.0000,0.0000,false,0.0000,data/unit_stats/source_exports/db/special_ability_phases_tables/data__.tsv,1889,9.0.1
wh3_main_siege_momentum,-1.0000,positive,,false,false,-0.0100,0.0000,0.0000,0.0000,0,0,false,0.0000,0.0000,false,0,,,,false,true,true,0.0000,,,false,0.0000,0.0000,false,0.0000,data/unit_stats/source_exports/db/special_ability_phases_tables/data__.tsv,1890,9.0.1
wh3_main_spell_bound_rancid_visitations,10.0000,negative,,false,false,0.0000,0.0000,0.0000,1.0000,133,1,false,0.0000,0.0000,false,0,,wh3_main_nurgle_rancid_visitations,wh3_main_spell_nurgle_rancid_visitations,false,true,true,0.0000,wh3_main_spell_nurgle_rancid_visitations,,false,0.0000,0.0000,false,0.0000,data/unit_stats/source_exports/db/special_ability_phases_tables/data__.tsv,1891,9.0.1
wh3_main_spell_bound_transmutation_of_lead,50.0000,negative,,false,false,0.0000,0.0000,0.0000,0.0000,0,0,false,0.0000,0.0000,false,0,,wh_main_spell_metal_transmutation_of_lead,wh_main_spell_metal_transmutation_of_lead,false,true,true,0.0000,,,false,0.0000,0.0000,false,0.0000,data/unit_stats/source_exports/db/special_ability_phases_tables/data__.tsv,1892,9.0.1
wh3_main_spell_great_maw_braingobbler,18.0000,negative,,false,false,0.0000,0.0000,0.0000,0.0000,0,0,false,0.0000,0.0000,false,0,,wh3_main_spell_great_maw_braingobbler,wh3_main_spell_great_maw_braingobbler,false,true,true,0.0000,,,false,0.0000,0.0000,false,0.0000,data/unit_stats/source_exports/db/special_ability_phases_tables/data__.tsv,1893,9.0.1
wh3_main_spell_great_maw_braingobbler_upgraded,36.0000,negative,,false,false,0.0000,0.0000,0.0000,0.0000,0,0,false,0.0000,0.0000,false,0,,wh3_main_spell_great_maw_braingobbler,wh3_main_spell_great_maw_braingobbler,false,true,true,0.0000,,,false,0.0000,0.0000,false,0.0000,data/unit_stats/source_exports/db/special_ability_phases_tables/data__.tsv,1894,9.0.1
wh3_main_spell_great_maw_bullgorger,17.0000,positive,,false,false,0.0000,0.0000,0.0000,0.0000,0,0,false,0.0000,0.0000,false,0,,wh3_main_spell_great_maw_bullgorger,wh3_main_spell_great_maw_bullgorger,false,true,true,0.0000,,,false,0.0000,0.0000,false,0.0000,data/unit_stats/source_exports/db/special_ability_phases_tables/data__.tsv,1895,9.0.1
wh3_main_spell_great_maw_bullgorger_upgraded,34.0000,positive,,false,false,0.0000,0.0000,0.0000,0.0000,0,0,false,0.0000,0.0000,false,0,,wh3_main_spell_great_maw_bullgorger,wh3_main_spell_great_maw_bullgorger,false,true,true,0.0000,,,false,0.0000,0.0000,false,0.0000,data/unit_stats/source_exports/db/special_ability_phases_tables/data__.tsv,1896,9.0.1
wh3_main_spell_great_maw_toothcracker,35.0000,positive,,false,false,0.0000,0.0000,0.0000,0.0000,0,0,false,0.0000,0.0000,false,0,,wh3_main_spell_great_maw_toothcracker,wh3_main_spell_great_maw_toothcracker,false,true,true,0.0000,,,false,0.0000,0.0000,false,0.0000,data/unit_stats/source_exports/db/special_ability_phases_tables/data__.tsv,1897,9.0.1
wh3_main_spell_great_maw_toothcracker_upgraded,60.0000,positive,,false,false,0.0000,0.0000,0.0000,0.0000,0,0,false,0.0000,0.0000,false,0,,wh3_main_spell_great_maw_toothcracker,wh3_main_spell_great_maw_toothcracker,false,true,true,0.0000,,,false,0.0000,0.0000,false,0.0000,data/unit_stats/source_exports/db/special_ability_phases_tables/data__.tsv,1898,9.0.1
wh3_main_spell_great_maw_trollguts,35.0000,positive,,false,false,0.0000,0.0000,0.0000,1.0000,0,0,false,0.0000,0.0000,false,0,,wh3_main_spell_great_maw_trollguts,wh3_main_spell_great_maw_trollguts,false,true,true,0.0000,,,false,0.0080,0.0000,false,0.0000,data/unit_stats/source_exports/db/special_ability_phases_tables/data__.tsv,1899,9.0.1
wh3_main_spell_great_maw_trollguts_upgraded,70.0000,positive,,false,false,0.0000,0.0000,0.0000,1.0000,0,0,false,0.0000,0.0000,false,0,,wh3_main_spell_great_maw_trollguts,wh3_main_spell_great_maw_trollguts,false,true,true,0.0000,,,false,0.0080,0.0000,false,0.0000,data/unit_stats/source_exports/db/special_ability_phases_tables/data__.tsv,1900,9.0.1
wh3_main_spell_ice_crystal_sanctuary,35.0000,positive,,true,false,0.0000,0.0000,0.0000,0.0000,0,0,false,0.0000,0.0000,false,0,,wh3_main_ice_crystal_sanctuary,wh3_main_spell_ice_crystal_sanctuary,false,true,true,0.0000,,,false,0.0000,0.0000,false,0.0000,data/unit_stats/source_exports/db/special_ability_phases_tables/data__.tsv,1901,9.0.1
wh3_main_spell_ice_crystal_sanctuary_upgraded,35.0000,positive,,true,false,0.0000,0.0000,0.0000,0.0000,0,0,false,0.0000,0.0000,false,0,,wh3_main_ice_crystal_sanctuary,wh3_main_spell_ice_crystal_sanctuary,false,true,true,0.0000,,,false,0.0000,0.0000,false,0.0000,data/unit_stats/source_exports/db/special_ability_phases_tables/data__.tsv,1902,9.0.1
wh3_main_spell_ice_death_frost,20.0000,negative,,false,false,0.0000,0.0000,0.0000,1.0000,67,1,false,0.0000,0.0000,false,0,,wh3_main_ice_death_frost,wh3_main_spell_ice_death_frost,false,true,true,0.0000,,,false,0.0000,0.0000,false,0.0000,data/unit_stats/source_exports/db/special_ability_phases_tables/data__.tsv,1903,9.0.1
wh3_main_spell_ice_death_frost_upgraded,20.0000,negative,,false,false,0.0000,0.0000,0.0000,1.0000,67,1,false,0.0000,0.0000,false,0,,wh3_main_ice_death_frost,wh3_main_spell_ice_death_frost,false,true,true,0.0000,,,false,0.0000,0.0000,false,0.0000,data/unit_stats/source_exports/db/special_ability_phases_tables/data__.tsv,1904,9.0.1
wh3_main_spell_ice_frost_blades,26.0000,positive,,false,false,0.0000,0.0000,0.0000,0.0000,0,0,false,0.0000,0.0000,true,0,,wh3_main_ice_frost_blade,wh3_main_spell_ice_frost_blades,false,true,true,0.0000,,,false,0.0000,0.0000,false,0.0000,data/unit_stats/source_exports/db/special_ability_phases_tables/data__.tsv,1905,9.0.1
wh3_main_spell_ice_frost_blades_upgraded,26.0000,positive,,false,false,0.0000,0.0000,0.0000,0.0000,0,0,false,0.0000,0.0000,true,0,,wh3_main_ice_frost_blade,wh3_main_spell_ice_frost_blades,false,true,true,0.0000,,,false,0.0000,0.0000,false,0.0000,data/unit_stats/source_exports/db/special_ability_phases_tables/data__.tsv,1906,9.0.1
wh3_main_spell_ice_heart_of_winter_1,8.0000,negative,,false,false,0.0000,0.0000,0.0000,1.0000,2,25,false,0.0000,0.0000,false,0,,wh3_main_ice_heart_of_winter_1,,false,true,true,0.0000,,,false,0.0000,0.0000,false,0.0000,data/unit_stats/source_exports/db/special_ability_phases_tables/data__.tsv,1907,9.0.1
wh3_main_spell_ice_heart_of_winter_2,8.0000,negative,,false,false,0.0000,0.0000,0.0000,1.0000,4,25,false,0.0000,0.0000,false,0,,wh3_main_ice_heart_of_winter_2,,false,true,true,0.0000,,,false,0.0000,0.0000,false,0.0000,data/unit_stats/source_exports/db/special_ability_phases_tables/data__.tsv,1908,9.0.1
wh3_main_spell_ice_heart_of_winter_3,8.0000,negative,,false,false,0.0000,0.0000,0.0000,1.0000,6,25,false,0.0000,0.0000,false,0,,wh3_main_ice_heart_of_winter_3,,false,true,true,0.0000,,,false,0.0000,0.0000,false,0.0000,data/unit_stats/source_exports/db/special_ability_phases_tables/data__.tsv,1909,9.0.1
wh3_main_spell_ice_heart_of_winter_4,8.0000,negative,,false,false,0.0000,0.0000,0.0000,1.0000,8,25,false,0.0000,0.0000,false,0,,wh3_main_ice_heart_of_winter_4,,false,true,true,0.0000,,,false,0.0000,0.0000,false,0.0000,data/unit_stats/source_exports/db/special_ability_phases_tables/data__.tsv,1910,9.0.1
wh3_main_spell_ice_heart_of_winter_upgraded_1,8.0000,negative,,false,false,0.0000,0.0000,0.0000,1.0000,3,25,false,0.0000,0.0000,false,0,,wh3_main_ice_heart_of_winter_1,,false,true,true,0.0000,,,false,0.0000,0.0000,false,0.0000,data/unit_stats/source_exports/db/special_ability_phases_tables/data__.tsv,1911,9.0.1
wh3_main_spell_ice_heart_of_winter_upgraded_2,8.0000,negative,,false,false,0.0000,0.0000,0.0000,1.0000,6,25,false,0.0000,0.0000,false,0,,wh3_main_ice_heart_of_winter_2,,false,true,true,0.0000,,,false,0.0000,0.0000,false,0.0000,data/unit_stats/source_exports/db/special_ability_phases_tables/data__.tsv,1912,9.0.1
wh3_main_spell_ice_heart_of_winter_upgraded_3,8.0000,negative,,false,false,0.0000,0.0000,0.0000,1.0000,9,25,false,0.0000,0.0000,false,0,,wh3_main_ice_heart_of_winter_3,,false,true,true,0.0000,,,false,0.0000,0.0000,false,0.0000,data/unit_stats/source_exports/db/special_ability_phases_tables/data__.tsv,1913,9.0.1
wh3_main_spell_ice_heart_of_winter_upgraded_4,8.0000,negative,,false,false,0.0000,0.0000,0.0000,1.0000,12,25,false,0.0000,0.0000,false,0,,wh3_main_ice_heart_of_winter_4,,false,true,true,0.0000,,,false,0.0000,0.0000,false,0.0000,data/unit_stats/source_exports/db/special_ability_phases_tables/data__.tsv,1914,9.0.1
wh3_main_spell_ice_ice_sheet,21.0000,negative,,false,false,0.0000,0.0000,0.0000,0.0000,0,0,false,0.0000,0.0000,false,0,,wh3_main_ice_ice_sheet_debuff,,false,true,true,0.0000,,,false,0.0000,0.0000,false,0.0000,data/unit_stats/source_exports/db/special_ability_phases_tables/data__.tsv,1915,9.0.1
wh3_main_spell_nurgle_curse_of_the_leper,30.0000,positive,,false,false,0.0000,0.0000,0.0000,0.0000,0,0,false,0.0000,0.0000,false,0,,wh3_main_nurgle_curse_of_the_leper_entity,wh3_main_spell_nurgle_curse_of_the_leper,false,true,true,0.0000,,,false,0.0000,0.0000,false,0.0000,data/unit_stats/source_exports/db/special_ability_phases_tables/data__.tsv,1916,9.0.1
wh3_main_spell_nurgle_curse_of_the_leper_upgraded,30.0000,positive,,false,false,0.0000,0.0000,0.0000,0.0000,0,0,false,0.0000,0.0000,false,0,,wh3_main_nurgle_curse_of_the_leper_entity,wh3_main_spell_nurgle_curse_of_the_leper,false,true,true,0.0000,,,false,0.0000,0.0000,false,0.0000,data/unit_stats/source_exports/db/special_ability_phases_tables/data__.tsv,1917,9.0.1
wh3_main_spell_nurgle_fleshy_abundance,18.0000,positive,,false,false,0.0000,0.0000,0.0000,1.0000,0,0,false,0.0000,0.0000,false,0,,wh3_main_nurgle_fleshy_abundance,wh3_main_spell_nurgle_fleshy_abundance,false,true,true,0.0000,,,false,0.0160,0.0000,false,0.0000,data/unit_stats/source_exports/db/special_ability_phases_tables/data__.tsv,1918,9.0.1
wh3_main_spell_nurgle_fleshy_abundance_upgraded,18.0000,positive,,false,false,0.0000,0.0000,0.0000,1.0000,0,0,false,0.0000,0.0000,false,0,,wh3_main_nurgle_fleshy_abundance,wh3_main_spell_nurgle_fleshy_abundance,false,true,true,0.0000,,,false,0.0160,0.0000,false,0.0000,data/unit_stats/source_exports/db/special_ability_phases_tables/data__.tsv,1919,9.0.1
wh3_main_spell_nurgle_miasma_of_pestilence,21.0000,negative,,false,false,0.0000,0.0000,0.0000,0.0000,0,0,false,0.0000,0.0000,false,0,,wh3_main_nurgle_miasma_of_pestilence,wh3_main_spell_nurgle_miasma_of_pestilence,false,true,true,0.0000,,,false,0.0000,0.0000,false,0.0000,data/unit_stats/source_exports/db/special_ability_phases_tables/data__.tsv,1920,9.0.1
wh3_main_spell_nurgle_miasma_of_pestilence_upgraded,21.0000,negative,,false,false,0.0000,0.0000,0.0000,0.0000,0,0,false,0.0000,0.0000,false,0,,wh3_main_nurgle_miasma_of_pestilence,wh3_main_spell_nurgle_miasma_of_pestilence,false,true,true,0.0000,,wh3_main_spell_nurgle_miasma_of_pestilence_upgraded,false,0.0000,0.0000,false,0.0000,data/unit_stats/source_exports/db/special_ability_phases_tables/data__.tsv,1921,9.0.1
wh3_main_spell_nurgle_rancid_visitations,10.0000,negative,,false,false,0.0000,0.0000,0.0000,1.0000,133,1,false,0.0000,0.0000,false,0,,wh3_main_nurgle_rancid_visitations,wh3_main_spell_nurgle_rancid_visitations,false,true,true,0.0000,wh3_main_spell_nurgle_rancid_visitations,,false,0.0000,0.0000,false,0.0000,data/unit_stats/source_exports/db/special_ability_phases_tables/data__.tsv,1922,9.0.1
wh3_main_spell_nurgle_rancid_visitations_upgraded,20.0000,negative,,false,false,0.0000,0.0000,0.0000,1.0000,133,1,false,0.0000,0.0000,false,0,,wh3_main_nurgle_rancid_visitations,wh3_main_spell_nurgle_rancid_visitations,false,true,true,0.0000,wh3_main_spell_nurgle_rancid_visitations_upgraded,,false,0.0000,0.0000,false,0.0000,data/unit_stats/source_exports/db/special_ability_phases_tables/data__.tsv,1923,9.0.1
wh3_main_spell_slaanesh_acquiescence,25.0000,negative,,false,false,0.0000,0.0000,0.0000,0.0000,0,0,false,0.0000,0.0000,false,0,,wh3_main_spell_slaanesh_acquiescence,wh3_main_spell_slaanesh_acquiescence,false,true,true,0.0000,,,false,0.0000,0.0000,false,0.0000,data/unit_stats/source_exports/db/special_ability_phases_tables/data__.tsv,1924,9.0.1
wh3_main_spell_slaanesh_acquiescence_upgraded,25.0000,negative,,false,false,0.0000,0.0000,0.0000,0.0000,0,0,false,0.0000,0.0000,false,0,,wh3_main_spell_slaanesh_acquiescence,wh3_main_spell_slaanesh_acquiescence,false,true,true,0.0000,,,false,0.0000,0.0000,false,0.0000,data/unit_stats/source_exports/db/special_ability_phases_tables/data__.tsv,1925,9.0.1
wh3_main_spell_slaanesh_hysterical_frenzy,28.0000,positive,,false,false,0.0000,0.0000,0.0000,0.0000,0,0,false,0.0000,0.0000,false,0,,wh3_main_spell_slaanesh_hysterical_frenzy,wh3_main_spell_slaanesh_hysterical_frenzy,false,true,true,0.0000,,,false,0.0000,0.0000,false,0.0000,data/unit_stats/source_exports/db/special_ability_phases_tables/data__.tsv,1926,9.0.1
wh3_main_spell_slaanesh_hysterical_frenzy_upgraded,56.0000,positive,,false,false,0.0000,0.0000,0.0000,0.0000,0,0,false,0.0000,0.0000,false,0,,wh3_main_spell_slaanesh_hysterical_frenzy,wh3_main_spell_slaanesh_hysterical_frenzy,false,true,true,0.0000,,,false,0.0000,0.0000,false,0.0000,data/unit_stats/source_exports/db/special_ability_phases_tables/data__.tsv,1927,9.0.1
wh3_main_spell_slaanesh_pavane_of_slaanesh,10.0000,negative,,false,false,0.0300,0.0000,0.0000,1.0000,5,25,false,0.0000,0.0000,false,0,,wh3_main_spell_slaanesh_pavane_of_slaanesh,wh3_main_spell_slaanesh_pavane_of_slaanesh,false,false,true,0.0000,wh3_main_spell_slaanesh_pavane_of_slaanesh,,false,0.0000,0.0000,false,0.0000,data/unit_stats/source_exports/db/special_ability_phases_tables/data__.tsv,1928,9.0.1
wh3_main_spell_slaanesh_pavane_of_slaanesh_rampage,14.0000,negative,,false,false,0.0000,0.0000,0.0000,1.0000,0,0,false,0.0000,0.0000,false,0,,wh3_main_spell_slaanesh_pavane_of_slaanesh,wh3_main_spell_slaanesh_pavane_of_slaanesh,false,false,true,0.0000,wh3_main_spell_slaanesh_pavane_of_slaanesh,,false,0.0000,0.0000,false,0.0000,data/unit_stats/source_exports/db/special_ability_phases_tables/data__.tsv,1929,9.0.1
wh3_main_spell_slaanesh_pavane_of_slaanesh_upgraded,10.0000,negative,,false,false,0.0300,0.0000,0.0000,1.0000,10,25,false,0.0000,0.0000,false,0,,wh3_main_spell_slaanesh_pavane_of_slaanesh,wh3_main_spell_slaanesh_pavane_of_slaanesh,false,false,true,0.0000,wh3_main_spell_slaanesh_pavane_of_slaanesh,,false,0.0000,0.0000,false,0.0000,data/unit_stats/source_exports/db/special_ability_phases_tables/data__.tsv,1930,9.0.1
wh3_main_spell_slaanesh_pavane_of_slaanesh_upgraded_rampage,28.0000,negative,,false,false,0.0000,0.0000,0.0000,1.0000,0,0,false,0.0000,0.0000,false,0,,wh3_main_spell_slaanesh_pavane_of_slaanesh,wh3_main_spell_slaanesh_pavane_of_slaanesh,false,false,true,0.0000,wh3_main_spell_slaanesh_pavane_of_slaanesh,,false,0.0000,0.0000,false,0.0000,data/unit_stats/source_exports/db/special_ability_phases_tables/data__.tsv,1931,9.0.1
wh3_main_spell_slaanesh_phantasmagoria,11.0000,negative,,true,false,0.0000,0.0000,0.0000,0.0000,0,0,false,0.0000,0.0000,false,0,,wh3_main_spell_slaanesh_phantasmagoria,wh3_main_spell_slaanesh_phantasmagoria,false,true,true,0.0000,,,false,0.0000,0.0000,false,0.0000,data/unit_stats/source_exports/db/special_ability_phases_tables/data__.tsv,1932,9.0.1
wh3_main_spell_slaanesh_phantasmagoria_upgraded,22.0000,negative,,true,false,0.0000,0.0000,0.0000,0.0000,0,0,false,0.0000,0.0000,false,0,,wh3_main_spell_slaanesh_phantasmagoria,wh3_main_spell_slaanesh_phantasmagoria,false,true,true,0.0000,,,false,0.0000,0.0000,false,0.0000,data/unit_stats/source_exports/db/special_ability_phases_tables/data__.tsv,1933,9.0.1
wh3_main_spell_tempest_gust_of_true_flight,36.0000,positive,,false,false,0.0000,0.0000,0.0000,0.0000,0,0,false,0.0000,0.0000,false,0,,wh3_main_tempest_gust_of_true_flight,wh3_main_spell_tempest_gust_of_true_flight,false,true,true,0.0000,,,false,0.0000,0.0000,false,0.0000,data/unit_stats/source_exports/db/special_ability_phases_tables/data__.tsv,1934,9.0.1
wh3_main_spell_tempest_gust_of_true_flight_upgraded,36.0000,positive,,false,false,0.0000,0.0000,0.0000,0.0000,0,0,false,0.0000,0.0000,false,0,,wh3_main_tempest_gust_of_true_flight,wh3_main_spell_tempest_gust_of_true_flight,false,true,true,0.0000,,,false,0.0000,0.0000,false,0.0000,data/unit_stats/source_exports/db/special_ability_phases_tables/data__.tsv,1935,9.0.1
wh3_main_spell_tempest_hawks_of_miska,21.0000,negative,,false,false,0.0000,0.0000,0.0000,0.0000,0,0,false,0.0000,0.0000,false,0,,,,false,true,true,0.0000,,,false,0.0000,0.0000,false,0.0000,data/unit_stats/source_exports/db/special_ability_phases_tables/data__.tsv,1936,9.0.1
wh3_main_spell_tempest_hawks_of_miska_upgraded,21.0000,negative,,false,false,0.0000,0.0000,0.0000,0.0000,0,0,false,0.0000,0.0000,false,0,,,,false,true,true,0.0000,,,false,0.0000,0.0000,false,0.0000,data/unit_stats/source_exports/db/special_ability_phases_tables/data__.tsv,1937,9.0.1
wh3_main_spell_tempest_swiftwing,26.0000,positive,,false,false,0.0000,0.0000,0.0000,0.0000,0,0,false,0.0000,0.0000,false,0,,wh3_main_tempest_swiftwing,wh3_main_character_magic_swiftwing,false,true,true,0.0000,,,false,0.0000,0.0000,false,0.0000,data/unit_stats/source_exports/db/special_ability_phases_tables/data__.tsv,1938,9.0.1
wh3_main_spell_tempest_swiftwing_upgraded,26.0000,positive,,false,false,0.0000,0.0000,0.0000,0.0000,0,0,false,0.0000,0.0000,false,0,,wh3_main_tempest_swiftwing,,false,true,true,0.0000,,,false,0.0000,0.0000,false,0.0000,data/unit_stats/source_exports/db/special_ability_phases_tables/data__.tsv,1939,9.0.1
wh3_main_spell_tzeentch_glean_magic,23.0000,negative,,false,false,0.0000,0.0000,0.0000,0.0000,0,0,false,-0.4000,-0.1000,false,0,,wh3_main_tzeentch_glean_magic_debuff,wh3_main_spell_tzeentch_glean_magic,false,true,true,0.0000,,,false,0.0000,0.0000,false,0.0000,data/unit_stats/source_exports/db/special_ability_phases_tables/data__.tsv,1940,9.0.1
wh3_main_spell_tzeentch_glean_magic_miscast,23.0000,positive,,false,false,0.0000,0.0000,0.0000,0.0000,0,0,false,0.8000,0.1000,false,0,,wh3_main_tzeentch_glean_magic_buff,wh_ability_negative_one_shot,false,true,true,0.0000,,,false,0.0000,0.0000,false,0.0000,data/unit_stats/source_exports/db/special_ability_phases_tables/data__.tsv,1941,9.0.1
wh3_main_spell_tzeentch_glean_magic_upgraded,46.0000,negative,,false,false,0.0000,0.0000,0.0000,0.0000,0,0,false,-0.4000,-0.1000,false,0,,wh3_main_tzeentch_glean_magic_debuff,wh3_main_spell_tzeentch_glean_magic,false,true,true,0.0000,,,false,0.0000,0.0000,false,0.0000,data/unit_stats/source_exports/db/special_ability_phases_tables/data__.tsv,1942,9.0.1
wh3_main_spell_tzeentch_glean_magic_upgraded_miscast,46.0000,positive,,false,false,0.0000,0.0000,0.0000,0.0000,0,0,false,0.8000,0.1000,false,0,,wh3_main_tzeentch_glean_magic_buff,wh_ability_negative_one_shot,false,true,true,0.0000,,,false,0.0000,0.0000,false,0.0000,data/unit_stats/source_exports/db/special_ability_phases_tables/data__.tsv,1943,9.0.1
wh3_main_spell_tzeentch_treason_of_tzeentch,20.0000,negative,,false,false,0.0000,0.0000,0.0000,0.0000,0,0,false,0.0000,0.0000,false,0,,wh3_main_tzeentch_treason_of_tzeentch,wh3_main_spell_tzeentch_treason_of_tzeentch,false,true,true,0.0000,,,false,0.0000,0.0000,false,0.0000,data/unit_stats/source_exports/db/special_ability_phases_tables/data__.tsv,1944,9.0.1
wh3_main_spell_tzeentch_treason_of_tzeentch_upgraded,20.0000,negative,,false,false,0.0000,0.0000,0.0000,0.0000,0,0,false,0.0000,0.0000,false,0,,wh3_main_tzeentch_treason_of_tzeentch,wh3_main_spell_tzeentch_treason_of_tzeentch,false,true,true,0.0000,,,false,0.0000,0.0000,false,0.0000,data/unit_stats/source_exports/db/special_ability_phases_tables/data__.tsv,1945,9.0.1
wh3_main_spell_yang_jade_shield,11.0000,positive,,false,false,0.0000,0.0000,0.0000,0.0000,0,0,false,0.0000,0.0000,false,0,,wh3_main_yang_jade_shield,wh3_main_spell_yang_jade_shield,false,true,true,0.0000,,,false,0.0000,0.0000,false,0.0000,data/unit_stats/source_exports/db/special_ability_phases_tables/data__.tsv,1946,9.0.1
wh3_main_spell_yang_jade_shield_upgraded,22.0000,positive,,false,false,0.0000,0.0000,0.0000,0.0000,0,0,false,0.0000,0.0000,false,0,,wh3_main_yang_jade_shield,wh3_main_spell_yang_jade_shield,false,true,true,0.0000,,,false,0.0000,0.0000,false,0.0000,data/unit_stats/source_exports/db/special_ability_phases_tables/data__.tsv,1947,9.0.1
wh3_main_spell_yang_might_of_heaven_and_earth,36.0000,positive,,false,false,0.0000,0.0000,0.0000,0.0000,0,0,false,0.0000,0.0000,true,10,,wh3_main_yang_might_heaven_earth,wh3_main_spell_yang_might_of_heaven_and_earth,false,true,true,0.0000,,,false,0.0000,0.0000,false,0.0000,data/unit_stats/source_exports/db/special_ability_phases_tables/data__.tsv,1948,9.0.1
wh3_main_spell_yang_might_of_heaven_and_earth_upgraded,36.0000,positive,,false,false,0.0000,0.0000,0.0000,0.0000,0,0,false,0.0000,0.0000,true,10,,wh3_main_yang_might_heaven_earth,wh3_main_spell_yang_might_of_heaven_and_earth,false,true,true,0.0000,,,false,0.0000,0.0000,false,0.0000,data/unit_stats/source_exports/db/special_ability_phases_tables/data__.tsv,1949,9.0.1
wh3_main_spell_yang_stone_ground_stance,24.0000,positive,,false,false,0.0000,0.0000,0.0000,0.0000,0,0,false,0.0000,0.0000,false,0,,wh3_main_spell_yang_stone_ground,wh3_main_spell_yang_stone_ground_stance,false,true,true,0.0000,,,false,0.0000,0.0000,false,0.0000,data/unit_stats/source_exports/db/special_ability_phases_tables/data__.tsv,1950,9.0.1
wh3_main_spell_yang_stone_ground_stance_upgraded,24.0000,positive,,false,false,0.0000,0.0000,0.0000,0.0000,0,0,false,0.0000,0.0000,false,0,,wh3_main_spell_yang_stone_ground,wh3_main_spell_yang_stone_ground_stance,false,true,true,0.0000,,,false,0.0000,0.0000,false,0.0000,data/unit_stats/source_exports/db/special_ability_phases_tables/data__.tsv,1951,9.0.1
wh3_main_spell_yin_cloak_of_jet,29.0000,positive,,false,false,0.0000,0.0000,0.0000,0.0000,0,0,false,0.0000,0.0000,false,0,,wh3_main_spell_yin_cloak_of_jet,wh3_main_spell_yin_cloak_of_jet,false,true,true,0.0000,,,false,0.0000,0.0000,false,0.0000,data/unit_stats/source_exports/db/special_ability_phases_tables/data__.tsv,1952,9.0.1
wh3_main_spell_yin_cloak_of_jet_upgraded,58.0000,positive,,false,false,0.0000,0.0000,0.0000,0.0000,0,0,false,0.0000,0.0000,false,0,,wh3_main_spell_yin_cloak_of_jet,wh3_main_spell_yin_cloak_of_jet,false,true,true,0.0000,,,false,0.0000,0.0000,false,0.0000,data/unit_stats/source_exports/db/special_ability_phases_tables/data__.tsv,1953,9.0.1
wh3_main_spell_yin_missile_mirror,18.0000,negative,,false,false,0.0000,0.0000,0.0000,0.0000,0,0,false,0.0000,0.0000,false,0,,wh3_main_spell_yin_missile_mirror,wh3__spell_yin_missile_mirror,false,true,true,0.0000,,,false,0.0000,0.0000,false,0.0000,data/unit_stats/source_exports/db/special_ability_phases_tables/data__.tsv,1954,9.0.1
wh3_main_spell_yin_missile_mirror_upgraded,36.0000,negative,,false,false,0.0000,0.0000,0.0000,0.0000,0,0,false,0.0000,0.0000,false,0,,wh3_main_spell_yin_missile_mirror,wh3__spell_yin_missile_mirror,false,true,true,0.0000,,,false,0.0000,0.0000,false,0.0000,data/unit_stats/source_exports/db/special_ability_phases_tables/data__.tsv,1955,9.0.1
wh3_main_spell_yin_storm_of_shadows,29.0000,negative,,false,false,0.0000,0.0000,0.0000,0.0000,0,0,false,0.0000,0.0000,false,0,,wh3_main_spell_yin_storm_of_shadows,wh3_main_spell_yin_storm_of_shadows,false,true,true,0.0000,,,false,0.0000,0.0000,false,0.0000,data/unit_stats/source_exports/db/special_ability_phases_tables/data__.tsv,1956,9.0.1
wh3_main_spell_yin_storm_of_shadows_upgraded,29.0000,negative,,false,false,0.0000,0.0000,0.0000,0.0000,0,0,false,0.0000,0.0000,false,0,,wh3_main_spell_yin_storm_of_shadows,wh3_main_spell_yin_storm_of_shadows,false,true,true,0.0000,,,false,0.0000,0.0000,false,0.0000,data/unit_stats/source_exports/db/special_ability_phases_tables/data__.tsv,1957,9.0.1
wh3_main_tower_vision,-1.0000,negative,,false,false,0.0000,0.0000,0.0000,0.0000,0,0,false,0.0000,0.0000,false,0,,wh_main_generic_debuff_morale_passive,wh_ability_negative_banner,false,true,true,0.0000,,,false,0.0000,0.0000,false,0.0000,data/unit_stats/source_exports/db/special_ability_phases_tables/data__.tsv,1958,9.0.1
wh3_main_unit_abilities_gnoblar_traps_1,20.0000,negative,,false,false,0.0000,0.0000,0.0000,5.0000,5,25,false,0.0000,0.0000,false,0,,wh3_main_abilities_gnoblar_traps_entity,wh3_main_army_ability_ogre_gnoblar_traps,false,true,true,0.0000,,,false,0.0000,0.0000,false,0.0000,data/unit_stats/source_exports/db/special_ability_phases_tables/data__.tsv,1959,9.0.1
wh3_main_unit_abilities_mimic_brutish_charge,-1.0000,positive,,false,false,0.0000,0.0000,0.0000,0.0000,0,0,false,0.0000,0.0000,false,0,,,,false,true,true,0.0000,,,false,0.0000,0.0000,false,0.0000,data/unit_stats/source_exports/db/special_ability_phases_tables/data__.tsv,1960,9.0.1
wh3_main_unit_abilities_necrotic_explosion_buffer,0.1000,negative,,false,false,0.0000,0.0000,0.0000,0.0000,0,0,false,0.0000,0.0000,false,0,,wh_main_generic_crumble_II,,true,true,true,0.0000,,,false,0.0000,0.0000,false,0.0000,data/unit_stats/source_exports/db/special_ability_phases_tables/data__.tsv,1961,9.0.1
wh3_main_unit_abilities_necrotic_explosion_death,10.0000,negative,,false,false,0.0000,0.0000,0.0000,0.2000,26600,25,false,0.0000,0.0000,false,0,,wh_main_generic_crumble_II,,true,true,true,0.0000,,,false,0.0000,0.0000,false,0.0000,data/unit_stats/source_exports/db/special_ability_phases_tables/data__.tsv,1962,9.0.1
wh3_main_unit_abilities_stun_bomb,31.0000,negative,,false,false,0.0000,0.0000,0.0000,0.0000,0,0,false,0.0000,0.0000,false,0,,wh_main_generic_debuff_attack,,false,true,true,0.0000,,,false,0.0000,0.0000,false,0.0000,data/unit_stats/source_exports/db/special_ability_phases_tables/data__.tsv,1963,9.0.1
wh3_main_unit_contact_disorientated,22.0000,negative,,false,false,0.0000,0.0000,0.0000,0.0000,0,0,false,0.0000,0.0000,false,0,,,,false,false,true,0.0000,,,false,0.0000,0.0000,false,0.0000,data/unit_stats/source_exports/db/special_ability_phases_tables/data__.tsv,1964,9.0.1
wh3_main_unit_contact_soporific_musk,10.0000,negative,,false,false,0.0000,0.0000,0.0000,0.0000,0,0,false,0.0000,0.0000,false,0,,,,false,true,true,0.0000,,,false,0.0000,0.0000,false,0.0000,data/unit_stats/source_exports/db/special_ability_phases_tables/data__.tsv,1965,9.0.1
wh3_main_unit_contact_warpflame,10.0000,negative,,false,false,0.0000,0.0000,0.0000,0.0000,0,0,false,0.0000,0.0000,false,0,,,,false,true,true,0.0000,,,false,0.0000,0.0000,false,0.0000,data/unit_stats/source_exports/db/special_ability_phases_tables/data__.tsv,1966,9.0.1
wh3_main_unit_passive_arcane_mirth,-1.0000,positive,,false,false,0.0000,0.0000,0.0000,0.0000,0,0,false,0.2000,0.0000,false,0,,,,false,true,true,0.0000,,,false,0.0000,0.0000,false,0.0000,data/unit_stats/source_exports/db/special_ability_phases_tables/data__.tsv,1967,9.0.1
wh3_main_unit_passive_aura_of_immolation,-1.0000,negative,,false,false,0.0000,0.0000,0.0000,0.0000,0,0,false,0.0000,0.0000,false,0,,,,false,true,true,0.0000,,,false,0.0000,0.0000,false,0.0000,data/unit_stats/source_exports/db/special_ability_phases_tables/data__.tsv,1968,9.0.1
wh3_main_unit_passive_aura_of_mutation,-1.0000,negative,,false,false,0.0000,0.0000,0.0000,1.0000,8,4,false,0.0000,0.0000,false,0,,wh3_main_abilities_aura_of_mutation,wh_ability_negative_banner,false,true,true,0.0000,,,false,0.0000,0.0000,false,0.0000,data/unit_stats/source_exports/db/special_ability_phases_tables/data__.tsv,1969,9.0.1
wh3_main_unit_passive_battle_harmony_elf,-1.0000,positive,,false,false,0.0000,0.0000,0.0000,0.0000,0,0,false,0.0000,0.0000,false,0,,wh3_main_unit_passive_battle_harmony_yang,,false,true,false,0.0000,,,false,0.0000,0.0000,false,0.0000,data/unit_stats/source_exports/db/special_ability_phases_tables/data__.tsv,1970,9.0.1
wh3_main_unit_passive_battle_harmony_yang,-1.0000,positive,,false,false,0.0000,0.0000,0.0000,0.0000,0,0,false,0.0000,0.0000,false,0,,wh3_main_unit_passive_battle_harmony_yang,,false,true,true,0.0000,,,false,0.0000,0.0000,false,0.0000,data/unit_stats/source_exports/db/special_ability_phases_tables/data__.tsv,1971,9.0.1
wh3_main_unit_passive_battle_harmony_yin,-1.0000,positive,,false,false,0.0000,0.0000,0.0000,0.0000,0,0,false,0.0000,0.0000,false,0,,wh3_main_unit_passive_battle_harmony_yin,,false,true,true,0.0000,,,false,0.0000,0.0000,false,0.0000,data/unit_stats/source_exports/db/special_ability_phases_tables/data__.tsv,1972,9.0.1
wh3_main_unit_passive_battlefield_indemnity,-1.0000,positive,,false,false,0.0000,0.0000,0.0000,0.0000,0,0,false,0.0000,0.0000,false,0,,wh3_dlc20_abilities_giver_of_furious_glory,wh3_dlc20_ability_giver_of_furious_glory,false,true,true,0.0000,,,false,0.0000,0.0000,false,0.0000,data/unit_stats/source_exports/db/special_ability_phases_tables/data__.tsv,1973,9.0.1
wh3_main_unit_passive_by_our_blood,25.0000,positive,,false,false,0.0000,0.0000,0.0000,0.0000,0,0,false,0.0000,0.0000,false,0,,wh3_main_abilities_by_our_blood,wh3_main_kis_by_our_blood,false,true,true,0.0000,,,false,0.0000,0.0000,false,0.0000,data/unit_stats/source_exports/db/special_ability_phases_tables/data__.tsv,1974,9.0.1
wh3_main_unit_passive_by_our_blood_upgrade,25.0000,positive,,false,false,0.0000,0.0000,0.0000,0.0000,0,0,false,0.0000,0.0000,false,0,,wh3_main_abilities_by_our_blood,wh3_main_kis_by_our_blood,false,true,true,0.0000,,,false,0.0000,0.0000,false,0.0000,data/unit_stats/source_exports/db/special_ability_phases_tables/data__.tsv,1975,9.0.1
wh3_main_unit_passive_chaotic_ebb,-1.0000,negative,,false,false,0.0000,0.0000,0.0000,0.0000,0,0,false,0.0000,0.0000,false,0,,wh3_main_unit_passive_chaotic_ebb,,false,true,true,0.0000,,,false,0.0000,0.0000,false,0.0000,data/unit_stats/source_exports/db/special_ability_phases_tables/data__.tsv,1976,9.0.1
wh3_main_unit_passive_chaotic_surge,-1.0000,positive,,false,false,0.0000,0.0000,0.0000,0.0000,0,0,false,0.0000,0.0000,false,0,,wh3_main_unit_passive_chaotic_surge,,false,true,true,0.0000,,,false,0.0000,0.0000,false,0.0000,data/unit_stats/source_exports/db/special_ability_phases_tables/data__.tsv,1977,9.0.1
wh3_main_unit_passive_cloud_of_flies,-1.0000,positive,,false,false,0.0000,0.0000,0.0000,0.0000,0,0,false,0.0000,0.0000,false,0,,wh_main_generic_buff_defence_passive,,false,true,true,0.0000,,,false,0.0000,0.0000,false,0.0000,data/unit_stats/source_exports/db/special_ability_phases_tables/data__.tsv,1978,9.0.1
wh3_main_unit_passive_daemon_crusher,-1.0000,negative,,false,false,0.0000,0.0000,0.0000,0.0000,0,-1,false,0.0000,0.0000,false,0,,wh_main_generic_debuff_morale,wh_ability_negative,false,false,true,0.0000,,,false,0.0000,0.0000,false,0.0000,data/unit_stats/source_exports/db/special_ability_phases_tables/data__.tsv,1979,9.0.1
wh3_main_unit_passive_daemon_crusher_self,-1.0000,positive,,false,false,0.0000,0.0000,0.0000,0.0000,0,-1,false,0.0000,0.0000,true,0,,,,false,true,false,0.0000,,,false,0.0000,0.0000,false,0.0000,data/unit_stats/source_exports/db/special_ability_phases_tables/data__.tsv,1980,9.0.1
wh3_main_unit_passive_daemonic_instability_daemon_1,-1.0000,negative,,false,false,0.0000,0.0000,0.0000,1.0000,66,4,false,0.0000,0.0000,false,0,,wh3_main_daemon_daemonic_instability_I,,false,true,true,0.0000,,,false,0.0000,0.0000,false,0.0000,data/unit_stats/source_exports/db/special_ability_phases_tables/data__.tsv,1981,9.0.1
wh3_main_unit_passive_daemonic_instability_daemon_2,-1.0000,negative,,false,false,0.0000,0.0000,0.0000,1.0000,133,12,false,0.0000,0.0000,false,0,,wh3_main_daemon_daemonic_instability_II,,false,true,true,0.0000,,,false,0.0000,0.0000,false,0.0000,data/unit_stats/source_exports/db/special_ability_phases_tables/data__.tsv,1982,9.0.1
wh3_main_unit_passive_daemonic_instability_khorne_1,-1.0000,negative,,false,false,0.0000,0.0000,0.0000,1.0000,66,4,false,0.0000,0.0000,false,0,,wh3_main_khorne_daemonic_instability_I,,false,true,true,0.0000,,,false,0.0000,0.0000,false,0.0000,data/unit_stats/source_exports/db/special_ability_phases_tables/data__.tsv,1983,9.0.1
wh3_main_unit_passive_daemonic_instability_khorne_2,-1.0000,negative,,false,false,0.0000,0.0000,0.0000,1.0000,133,12,false,0.0000,0.0000,false,0,,wh3_main_khorne_daemonic_instability_II,,false,true,true,0.0000,,,false,0.0000,0.0000,false,0.0000,data/unit_stats/source_exports/db/special_ability_phases_tables/data__.tsv,1984,9.0.1
wh3_main_unit_passive_daemonic_instability_nurgle_1,-1.0000,negative,,false,false,0.0000,0.0000,0.0000,1.0000,66,4,false,0.0000,0.0000,false,0,,wh3_main_nurgle_daemonic_instability_I,,false,true,true,0.0000,,,false,0.0000,0.0000,false,0.0000,data/unit_stats/source_exports/db/special_ability_phases_tables/data__.tsv,1985,9.0.1
wh3_main_unit_passive_daemonic_instability_nurgle_2,-1.0000,negative,,false,false,0.0000,0.0000,0.0000,1.0000,133,12,false,0.0000,0.0000,false,0,,wh3_main_nurgle_daemonic_instability_II,,false,true,true,0.0000,,,false,0.0000,0.0000,false,0.0000,data/unit_stats/source_exports/db/special_ability_phases_tables/data__.tsv,1986,9.0.1
wh3_main_unit_passive_daemonic_instability_slaanesh_1,-1.0000,negative,,false,false,0.0000,0.0000,0.0000,1.0000,66,4,false,0.0000,0.0000,false,0,,wh3_main_slaanesh_daemonic_instability_I,,false,true,true,0.0000,,,false,0.0000,0.0000,false,0.0000,data/unit_stats/source_exports/db/special_ability_phases_tables/data__.tsv,1987,9.0.1
wh3_main_unit_passive_daemonic_instability_slaanesh_2,-1.0000,negative,,false,false,0.0000,0.0000,0.0000,1.0000,133,12,false,0.0000,0.0000,false,0,,wh3_main_slaanesh_daemonic_instability_II,,false,true,true,0.0000,,,false,0.0000,0.0000,false,0.0000,data/unit_stats/source_exports/db/special_ability_phases_tables/data__.tsv,1988,9.0.1
wh3_main_unit_passive_daemonic_instability_tzeentch_1,-1.0000,negative,,false,false,0.0000,0.0000,0.0000,1.0000,66,4,false,0.0000,0.0000,false,0,,wh3_main_tzeentch_daemonic_instability_I,,false,true,true,0.0000,,,false,0.0000,0.0000,false,0.0000,data/unit_stats/source_exports/db/special_ability_phases_tables/data__.tsv,1989,9.0.1
wh3_main_unit_passive_daemonic_instability_tzeentch_2,-1.0000,negative,,false,false,0.0000,0.0000,0.0000,1.0000,133,12,false,0.0000,0.0000,false,0,,wh3_main_tzeentch_daemonic_instability_II,,false,true,true,0.0000,,,false,0.0000,0.0000,false,0.0000,data/unit_stats/source_exports/db/special_ability_phases_tables/data__.tsv,1990,9.0.1
wh3_main_unit_passive_defensive_stance,-1.0000,positive,,false,false,0.0000,0.0000,0.0000,0.0000,0,0,false,0.0000,0.0000,false,0,,wh3_main_unit_passive_defensive_stance,,false,true,true,0.0000,,,false,0.0000,0.0000,false,0.0000,data/unit_stats/source_exports/db/special_ability_phases_tables/data__.tsv,1991,9.0.1
wh3_main_unit_passive_defensive_stance_buffer,10.0000,positive,,false,false,0.0000,0.0000,0.0000,0.0000,0,0,false,0.0000,0.0000,false,0,,,,false,true,true,0.0000,,,false,0.0000,0.0000,false,0.0000,data/unit_stats/source_exports/db/special_ability_phases_tables/data__.tsv,1992,9.0.1
wh3_main_unit_passive_enduring_devotion,-1.0000,positive,,false,false,0.0000,0.0000,0.0000,0.0000,0,0,false,0.0000,0.0000,false,0,,wh_main_generic_buff_attack_passive,,false,true,true,0.0000,,,false,0.0000,0.0000,false,0.0000,data/unit_stats/source_exports/db/special_ability_phases_tables/data__.tsv,1993,9.0.1
wh3_main_unit_passive_eye_of_the_dragon,-1.0000,positive,,false,false,0.0000,0.0000,0.0000,0.0000,0,0,false,0.0000,0.0000,false,0,,,,false,true,true,0.0000,,,false,0.0000,0.0000,false,0.0000,data/unit_stats/source_exports/db/special_ability_phases_tables/data__.tsv,1994,9.0.1
wh3_main_unit_passive_gorefeast,-1.0000,positive,,false,false,0.0000,0.0000,0.0000,1.0000,0,0,false,0.0000,0.0000,false,0,,wh_main_generic_hp_regen_passive,,false,true,true,0.0000,,,false,0.0010,0.0000,false,0.0000,data/unit_stats/source_exports/db/special_ability_phases_tables/data__.tsv,1995,9.0.1
wh3_main_unit_passive_hellblade,-1.0000,positive,,false,false,0.0000,0.0000,0.0000,0.0000,0,0,false,0.0000,0.0000,false,0,,wh3_main_unit_passive_hellblade,wh3_main_ability_hellblade_one_shot,false,true,true,0.0000,,,false,0.0000,0.0000,false,0.0000,data/unit_stats/source_exports/db/special_ability_phases_tables/data__.tsv,1996,9.0.1
wh3_main_unit_passive_lead_by_example,-1.0000,positive,,false,false,0.0000,0.0000,0.0000,0.0000,0,0,false,0.0000,0.0000,false,0,,wh_main_generic_buff_attack_passive,,false,true,true,0.0000,,,false,0.0000,0.0000,false,0.0000,data/unit_stats/source_exports/db/special_ability_phases_tables/data__.tsv,1997,9.0.1
wh3_main_unit_passive_nexus_of_the_elemental_winds,-1.0000,positive,,false,false,0.0000,0.0000,0.0000,0.0000,0,0,false,0.2000,0.0000,false,0,,,,false,true,true,0.0000,,,false,0.0000,0.0000,false,0.0000,data/unit_stats/source_exports/db/special_ability_phases_tables/data__.tsv,1998,9.0.1
wh3_main_unit_passive_permafrost_wards,-1.0000,positive,,false,false,0.0000,0.0000,0.0000,0.0000,0,0,false,0.0000,0.0000,false,0,,,,false,false,false,0.0000,,,false,0.0000,0.0000,false,0.0000,data/unit_stats/source_exports/db/special_ability_phases_tables/data__.tsv,1999,9.0.1
wh3_main_unit_passive_single_entity,-1.0000,negative,,false,false,0.0000,0.0000,0.0000,0.0000,0,0,false,0.0000,0.0000,false,0,,,,false,true,true,0.0000,,,false,0.0000,0.0000,false,0.0000,data/unit_stats/source_exports/db/special_ability_phases_tables/data__.tsv,2000,9.0.1
wh3_main_unit_passive_skullfeast,5.0000,positive,,false,false,0.0000,0.0000,0.0000,0.0000,0,0,false,0.0000,0.0000,false,0,,wh_main_generic_buff_attack_passive,,false,true,true,0.1000,,,false,0.0000,0.0000,false,0.0000,data/unit_stats/source_exports/db/special_ability_phases_tables/data__.tsv,2001,9.0.1
wh3_main_unit_passive_slime_trail,-1.0000,negative,,false,false,0.0000,0.0000,0.0000,0.0000,0,0,false,0.0000,0.0000,false,0,,wh_main_generic_debuff_attack_passive,,false,true,true,0.0000,,,false,0.0000,0.0000,false,0.0000,data/unit_stats/source_exports/db/special_ability_phases_tables/data__.tsv,2002,9.0.1
wh3_main_unit_passive_soul_hunters,-1.0000,positive,,false,false,0.0000,0.0000,0.0000,0.0000,0,0,false,0.0000,0.0000,false,0,,wh_main_generic_buff_attack,,false,true,true,0.0000,,,false,0.0000,0.0000,false,0.0000,data/unit_stats/source_exports/db/special_ability_phases_tables/data__.tsv,2003,9.0.1
wh3_main_unit_passive_soulscent,-1.0000,positive,,false,false,0.0000,0.0000,0.0000,0.0000,0,0,false,0.0000,0.0000,false,0,,wh_main_generic_buff_attack,,false,true,true,0.0000,,,false,0.0000,0.0000,false,0.0000,data/unit_stats/source_exports/db/special_ability_phases_tables/data__.tsv,2004,9.0.1
wh3_main_unit_passive_unbinding_ancestral_warriors,55.0000,negative,,false,false,0.0000,0.0000,0.0000,1.0000,0,0,false,0.0000,0.0000,false,0,,wh3_main_bound_entity_energy_ancestral_warriors,wh2_dlc13_ability_summon_unbinding_generic_small_phase_01,false,true,true,0.0000,,,false,0.0000,0.0000,false,0.0000,data/unit_stats/source_exports/db/special_ability_phases_tables/data__.tsv,2005,9.0.1
wh3_main_unit_passive_unbinding_bloodletters,30.0000,negative,,false,false,0.0000,0.0000,0.0000,1.0000,0,0,false,0.0000,0.0000,false,0,,wh_main_bound_entity_energy_small,wh2_dlc13_ability_summon_unbinding_generic_small_phase_01,false,true,true,0.0000,,,false,0.0000,0.0000,false,0.0000,data/unit_stats/source_exports/db/special_ability_phases_tables/data__.tsv,2006,9.0.1
wh3_main_unit_passive_unbinding_bloodthirster,45.0000,negative,,false,false,0.0000,0.0000,0.0000,1.0000,0,0,false,0.0000,0.0000,false,0,,wh_main_bound_entity_energy_large,wh2_dlc13_ability_summon_unbinding_generic_large_phase_01,false,true,true,0.0000,,,false,0.0000,0.0000,false,0.0000,data/unit_stats/source_exports/db/special_ability_phases_tables/data__.tsv,2007,9.0.1
wh3_main_unit_passive_unbinding_blue_horrors,55.0000,negative,,false,false,0.0000,0.0000,0.0000,1.0000,0,0,false,0.0000,0.0000,false,0,,wh_main_bound_entity_energy_small,wh2_dlc13_ability_summon_unbinding_generic_small_phase_01,false,true,true,0.0000,,,false,0.0000,0.0000,false,0.0000,data/unit_stats/source_exports/db/special_ability_phases_tables/data__.tsv,2008,9.0.1
wh3_main_unit_passive_unbinding_chaos_furies,45.0000,negative,,false,false,0.0000,0.0000,0.0000,1.0000,0,0,false,0.0000,0.0000,false,0,,wh_main_bound_entity_energy_small,wh2_dlc13_ability_summon_unbinding_generic_small_phase_01,false,true,true,0.0000,,,false,0.0000,0.0000,false,0.0000,data/unit_stats/source_exports/db/special_ability_phases_tables/data__.tsv,2009,9.0.1
wh3_main_unit_passive_unbinding_daemonettes,32.0000,negative,,false,false,0.0000,0.0000,0.0000,1.0000,0,0,false,0.0000,0.0000,false,0,,wh_main_bound_entity_energy_small,wh2_dlc13_ability_summon_unbinding_generic_small_phase_01,false,true,true,0.0000,,,false,0.0000,0.0000,false,0.0000,data/unit_stats/source_exports/db/special_ability_phases_tables/data__.tsv,2010,9.0.1
wh3_main_unit_passive_unbinding_elemental_bear,60.0000,negative,,false,false,0.0000,0.0000,0.0000,1.0000,0,0,false,0.0000,0.0000,false,0,,wh_main_bound_entity_energy_large,wh2_dlc13_ability_summon_unbinding_generic_large_phase_01,false,true,true,0.0000,,,false,0.0000,0.0000,false,0.0000,data/unit_stats/source_exports/db/special_ability_phases_tables/data__.tsv,2011,9.0.1
wh3_main_unit_passive_unbinding_exalted_plaguebearers,85.0000,negative,,false,false,0.0000,0.0000,0.0000,1.0000,0,0,false,0.0000,0.0000,false,0,,wh_main_bound_entity_energy_small,wh2_dlc13_ability_summon_unbinding_generic_small_phase_01,false,true,true,0.0000,,,false,0.0000,0.0000,false,0.0000,data/unit_stats/source_exports/db/special_ability_phases_tables/data__.tsv,2012,9.0.1
wh3_main_unit_passive_unbinding_gorger,36.0000,negative,,false,false,0.0000,0.0000,0.0000,1.0000,0,0,false,0.0000,0.0000,false,0,,wh_main_bound_entity_energy_small,wh2_dlc13_ability_summon_unbinding_generic_large_phase_01,false,true,true,0.0000,,,false,0.0000,0.0000,false,0.0000,data/unit_stats/source_exports/db/special_ability_phases_tables/data__.tsv,2013,9.0.1
wh3_main_unit_passive_unbinding_great_unclean_one,61.0000,negative,,false,false,0.0000,0.0000,0.0000,1.0000,0,0,false,0.0000,0.0000,false,0,,wh_main_bound_entity_energy_large,wh2_dlc13_ability_summon_unbinding_generic_large_phase_01,false,true,true,0.0000,,,false,0.0000,0.0000,false,0.0000,data/unit_stats/source_exports/db/special_ability_phases_tables/data__.tsv,2014,9.0.1
wh3_main_unit_passive_unbinding_keeper_of_secrets,45.0000,negative,,false,false,0.0000,0.0000,0.0000,1.0000,0,0,false,0.0000,0.0000,false,0,,wh_main_bound_entity_energy_large,wh2_dlc13_ability_summon_unbinding_generic_large_phase_01,false,true,true,0.0000,,,false,0.0000,0.0000,false,0.0000,data/unit_stats/source_exports/db/special_ability_phases_tables/data__.tsv,2015,9.0.1
wh3_main_unit_passive_unbinding_lord_of_change,50.0000,negative,,false,false,0.0000,0.0000,0.0000,1.0000,0,0,false,0.0000,0.0000,false,0,,wh_main_bound_entity_energy_large,wh2_dlc13_ability_summon_unbinding_generic_large_phase_01,false,true,true,0.0000,,,false,0.0000,0.0000,false,0.0000,data/unit_stats/source_exports/db/special_ability_phases_tables/data__.tsv,2016,9.0.1
wh3_main_unit_passive_unbinding_nurglings,73.0000,negative,,false,false,0.0000,0.0000,0.0000,1.0000,0,0,false,0.0000,0.0000,false,0,,wh_main_bound_entity_energy_small,wh2_dlc13_ability_summon_unbinding_generic_small_phase_01,false,true,true,0.0000,,,false,0.0000,0.0000,false,0.0000,data/unit_stats/source_exports/db/special_ability_phases_tables/data__.tsv,2017,9.0.1
wh3_main_unit_passive_unbinding_pink_horrors,45.0000,negative,,false,false,0.0000,0.0000,0.0000,1.0000,0,0,false,0.0000,0.0000,false,0,,wh_main_bound_entity_energy_small,wh2_dlc13_ability_summon_unbinding_generic_small_phase_01,false,true,true,0.0000,,,false,0.0000,0.0000,false,0.0000,data/unit_stats/source_exports/db/special_ability_phases_tables/data__.tsv,2018,9.0.1
wh3_main_unit_passive_unbinding_plaguebearers,51.0000,negative,,false,false,0.0000,0.0000,0.0000,1.0000,0,0,false,0.0000,0.0000,false,0,,wh_main_bound_entity_energy_small,wh2_dlc13_ability_summon_unbinding_generic_small_phase_01,false,true,true,0.0000,,,false,0.0000,0.0000,false,0.0000,data/unit_stats/source_exports/db/special_ability_phases_tables/data__.tsv,2019,9.0.1
wh3_main_unit_passive_unbinding_snow_leopard,50.0000,negative,,false,false,0.0000,0.0000,0.0000,1.0000,0,0,false,0.0000,0.0000,false,0,,wh_main_bound_entity_energy_small,wh2_dlc13_ability_summon_unbinding_generic_large_phase_01,false,true,true,0.0000,,,false,0.0000,0.0000,false,0.0000,data/unit_stats/source_exports/db/special_ability_phases_tables/data__.tsv,2020,9.0.1
wh3_main_weapon_abilities_banespear,21.0000,negative,,false,false,0.0000,0.0000,0.0000,1.0000,10,25,false,0.0000,0.0000,false,0,,wh_main_spell_death_the_fate_of_bjuna,wh_main_spell_death_the_fate_of_bjuna,false,true,true,0.0000,,,false,0.0000,0.0000,false,0.0000,data/unit_stats/source_exports/db/special_ability_phases_tables/data__.tsv,2021,9.0.1
wh3_main_weapon_abilities_sceptre_of_titans,21.0000,positive,,false,false,0.0000,0.0000,0.0000,0.0000,0,0,false,0.0000,0.0000,false,0,,wh3_main_abilities_sceptre_of_titans,wh3_main_lord_abilities_ogre_sceptre_of_titans,false,true,true,0.0000,,,false,0.0000,0.0000,false,0.0000,data/unit_stats/source_exports/db/special_ability_phases_tables/data__.tsv,2022,9.0.1
wh3_main_weapon_abilities_shard_blade,15.0000,negative,,false,false,0.0000,0.0000,0.0000,1.0000,67,1,false,0.0000,0.0000,false,0,,wh3_main_ksl_abilities_shard_blade,wh3_main_kis_shard_blade,false,true,true,0.0000,,,false,0.0000,0.0000,false,0.0000,data/unit_stats/source_exports/db/special_ability_phases_tables/data__.tsv,2023,9.0.1
wh3_main_weapon_abilities_skars_kraken_killer,29.0000,positive,,false,false,-0.0200,0.0000,0.0000,1.0000,0,0,false,0.0000,0.0000,false,0,,wh_main_generic_hp_regen,,false,true,true,0.0000,,,false,0.0160,0.0000,false,0.0000,data/unit_stats/source_exports/db/special_ability_phases_tables/data__.tsv,2024,9.0.1
wh3_main_weapon_abilities_soulnetter,26.0000,negative,,true,false,0.0000,0.0000,0.0000,0.0000,0,0,false,0.0000,0.0000,false,0,,wh2_dlc11_ability_spearfishers_net,,false,true,true,0.0000,,,false,0.0000,0.0000,false,0.0000,data/unit_stats/source_exports/db/special_ability_phases_tables/data__.tsv,2025,9.0.1
wh3_main_weapon_abilities_staff_of_tomorrow,29.0000,positive,,false,false,0.0000,0.0000,-120.0000,0.0000,0,0,false,0.0000,0.0000,false,0,,wh_main_generic_buff_attack_banner,wh3_main_weapon_abilities_staff_of_tomorrow,false,true,true,0.0000,,,false,0.0000,0.0000,false,0.0000,data/unit_stats/source_exports/db/special_ability_phases_tables/data__.tsv,2026,9.0.1
wh3_main_weapon_abilities_the_eternal_blade,21.0000,positive,,false,false,0.0000,0.0000,0.0000,0.0000,0,0,false,0.0000,0.0000,false,0,,,,false,true,true,0.0000,,,false,0.0000,0.0000,false,0.0000,data/unit_stats/source_exports/db/special_ability_phases_tables/data__.tsv,2027,9.0.1
wh3_main_weapon_abilities_the_tenderiser,25.0000,positive,,false,false,0.0000,0.0000,0.0000,0.0000,0,0,false,0.0000,0.0000,false,0,,wh_main_generic_buff_attack,wh_ability_positive_banner,false,true,true,0.0000,,,false,0.0000,0.0000,false,0.0000,data/unit_stats/source_exports/db/special_ability_phases_tables/data__.tsv,2028,9.0.1
wh3_main_weapon_abilities_torment_blade,18.0000,negative,,false,false,0.0000,0.0000,0.0000,0.0000,0,0,false,0.0000,0.0000,false,0,,wh_main_generic_debuff_attack_banner,wh_ability_negative_banner,false,true,true,0.0000,,,false,0.0000,0.0000,false,0.0000,data/unit_stats/source_exports/db/special_ability_phases_tables/data__.tsv,2029,9.0.1
wh3_main_weapon_abilities_witstealer_sword,17.0000,positive,,false,false,0.0000,0.0000,0.0000,0.0000,0,0,false,0.0000,0.0000,false,0,,wh3_main_abilities_edge_of_desire,wh3_main_weapon_abilities_witstealer_sword,false,true,true,0.0000,,,false,0.0000,0.0000,false,0.0000,data/unit_stats/source_exports/db/special_ability_phases_tables/data__.tsv,2030,9.0.1
wh3_main_weapon_passive_blade_of_shadows,-1.0000,positive,,false,false,0.0000,0.0000,0.0000,0.0000,0,0,false,0.0000,0.0000,false,0,,wh_main_shadow_buff_attack_passive,wh_ability_positive_one_shot,false,true,true,0.0000,,,false,0.0000,0.0000,false,0.0000,data/unit_stats/source_exports/db/special_ability_phases_tables/data__.tsv,2031,9.0.1
wh3_main_weapon_passive_blood_cleaver,-1.0000,positive,,false,false,0.0000,0.0000,0.0000,1.0000,0,0,false,0.0000,0.0000,false,0,,,,false,true,true,0.0000,,,false,0.0010,0.0000,false,0.0000,data/unit_stats/source_exports/db/special_ability_phases_tables/data__.tsv,2032,9.0.1
wh3_main_weapon_passive_brazier_mace_of_ursun,-1.0000,positive,,false,false,0.0000,0.0000,0.0000,0.0000,0,0,false,0.0000,0.0000,false,0,,wh_main_generic_buff_attack_passive,,false,true,true,0.0000,,,false,0.0000,0.0000,false,0.0000,data/unit_stats/source_exports/db/special_ability_phases_tables/data__.tsv,2033,9.0.1
wh3_main_weapon_passive_chainsword,-1.0000,positive,,false,false,0.0000,0.0000,0.0000,0.0000,0,0,false,0.0000,0.0000,false,0,,,,false,true,true,0.0000,,,false,0.0000,0.0000,false,0.0000,data/unit_stats/source_exports/db/special_ability_phases_tables/data__.tsv,2034,9.0.1
wh3_main_weapon_passive_dawn_glaive,-1.0000,negative,,false,false,0.0000,0.0000,0.0000,0.0000,0,0,false,0.0000,0.0000,false,0,,wh_main_generic_debuff_attack_passive,,false,false,true,0.0000,,,false,0.0000,0.0000,false,0.0000,data/unit_stats/source_exports/db/special_ability_phases_tables/data__.tsv,2035,9.0.1
wh3_main_weapon_passive_wand_of_whimsey,12.0000,positive,,false,false,0.0000,0.0000,0.0000,0.0000,0,0,false,0.0000,0.0000,false,0,,,,false,true,true,0.0000,,,false,0.0000,0.0000,false,0.0000,data/unit_stats/source_exports/db/special_ability_phases_tables/data__.tsv,2036,9.0.1
wh3_mom_diabolical_puppetry,30.0000,negative,,false,false,0.0000,0.0000,0.0000,0.0000,0,0,false,0.0000,0.0000,false,0,,wh3_mom_diabolical_puppetry,,false,true,true,0.0000,,,false,0.0000,0.0000,false,0.0000,data/unit_stats/source_exports/db/special_ability_phases_tables/data__.tsv,2037,9.0.1
wh3_pro10_army_abilities_shard_of_tzeentch,-1.0000,positive,,false,false,0.0000,0.0000,0.0000,0.0000,0,0,false,1.0000,0.2000,false,0,,,,false,true,true,0.0000,,,false,0.0000,0.0000,false,0.0000,data/unit_stats/source_exports/db/special_ability_phases_tables/data__.tsv,2038,9.0.1
wh3_pro11_hero_passive_bane_of_the_dead,-1.0000,negative,,false,false,0.0000,0.0000,0.0000,0.0000,0,0,false,0.0000,0.0000,false,0,,wh_main_generic_debuff_morale,wh3_pro11_ability_bane_of_the_dead_debuff,false,true,true,0.0000,,,false,0.0000,0.0000,false,0.0000,data/unit_stats/source_exports/db/special_ability_phases_tables/data__.tsv,2039,9.0.1
wh3_pro11_item_passive_bane_shield_enemy,-1.0000,negative,,false,false,0.0000,0.0000,0.0000,0.0000,0,-1,false,0.0000,0.0000,false,0,,wh_main_generic_debuff_attack_passive,,false,true,true,0.0000,,,false,0.0000,0.0000,false,0.0000,data/unit_stats/source_exports/db/special_ability_phases_tables/data__.tsv,2040,9.0.1
wh3_pro11_item_passive_bane_shield_self,-1.0000,positive,,false,false,0.0000,0.0000,0.0000,0.0000,0,-1,false,0.0000,0.0000,false,0,,,,false,true,true,0.0000,,,false,0.0000,0.0000,false,0.0000,data/unit_stats/source_exports/db/special_ability_phases_tables/data__.tsv,2041,9.0.1
wh3_pro11_weapon_abilities_the_hammer_of_harry,5.0000,negative,rebirth,true,false,0.0000,0.0000,0.0000,0.0000,0,-1,false,0.0000,0.0000,false,0,,,,false,true,true,0.0000,,,false,0.0000,0.0000,false,0.0000,data/unit_stats/source_exports/db/special_ability_phases_tables/data__.tsv,2042,9.0.1
wh3_pro12_hero_abilities_prey_of_the_blood_god,22.0000,negative,,true,false,0.0000,0.0000,0.0000,1.0000,33,1,false,0.0000,0.0000,false,0,,wh3_pro11_karanak_prey_of_the_blood_god,wh3_dlc25_prey_of_the_blood_god,false,true,true,0.0000,,,false,0.0000,0.0000,false,0.0000,data/unit_stats/source_exports/db/special_ability_phases_tables/data__.tsv,2043,9.0.1
wh3_pro12_hero_passive_endless_hunter,-1.0000,negative,,false,false,0.0000,0.0000,0.0000,0.0000,0,0,false,0.0000,0.0000,false,0,,wh3_pro12_hero_passive_endless_hunter,,false,true,true,0.0000,,,false,0.0000,0.0000,false,0.0000,data/unit_stats/source_exports/db/special_ability_phases_tables/data__.tsv,2044,9.0.1
wh3_pro12_hero_passive_talon_of_the_skull_throne,-1.0000,positive,,false,false,0.0000,0.0000,0.0000,0.0000,0,0,false,0.0000,0.0000,false,0,,wh_dlc03_unit_passive_bloodgreed,,false,true,true,0.0000,,,false,0.0000,0.0000,false,0.0000,data/unit_stats/source_exports/db/special_ability_phases_tables/data__.tsv,2045,9.0.1
wh3_pro12_item_passive_brass_collar_of_bloody_vengeance,-1.0000,negative,,false,false,0.0000,0.0000,0.0000,0.0000,0,0,false,0.0000,0.0000,false,0,,wh3_pro12_item_passive_brass_collar_of_bloody_vengeance,,false,true,true,0.0000,,,false,0.0000,0.0000,true,0.0000,data/unit_stats/source_exports/db/special_ability_phases_tables/data__.tsv,2046,9.0.1
wh3_pro12_unit_contact_wounded_prey,10.0000,negative,,false,false,0.0050,0.0000,0.0000,0.0000,0,0,false,0.0000,0.0000,false,0,,,,false,false,true,0.0000,,,false,0.0000,0.0000,false,0.0000,data/unit_stats/source_exports/db/special_ability_phases_tables/data__.tsv,2047,9.0.1
wh3_supplies_ability_recharge_01,15.0000,positive,,false,false,0.0000,0.0000,-30.0000,0.0000,0,0,false,0.0000,0.0000,false,0,,,,false,true,true,0.0000,,,false,0.0000,0.0000,false,0.0000,data/unit_stats/source_exports/db/special_ability_phases_tables/data__.tsv,2048,9.0.1
wh3_supplies_ammunition_01,15.0000,positive,,false,false,0.0000,0.0000,0.0000,0.0000,0,0,false,0.0000,0.0000,false,0,,,,false,true,true,0.5000,,,false,0.0000,0.0000,false,0.0000,data/unit_stats/source_exports/db/special_ability_phases_tables/data__.tsv,2049,9.0.1
wh3_supplies_armour_upgrade_01,-1.0000,positive,,false,false,0.0000,0.0000,0.0000,0.0000,0,0,false,0.0000,0.0000,false,0,,,,false,true,true,0.0000,,,false,0.0000,0.0000,false,0.0000,data/unit_stats/source_exports/db/special_ability_phases_tables/data__.tsv,2050,9.0.1
wh3_supplies_armour_upgrade_02,-1.0000,positive,,false,false,0.0000,0.0000,0.0000,0.0000,0,0,false,0.0000,0.0000,false,0,,,,false,true,true,0.0000,,,false,0.0000,0.0000,false,0.0000,data/unit_stats/source_exports/db/special_ability_phases_tables/data__.tsv,2051,9.0.1
wh3_supplies_armour_upgrade_03,-1.0000,positive,,false,false,0.0000,0.0000,0.0000,0.0000,0,0,false,0.0000,0.0000,false,0,,,,false,true,true,0.0000,,,false,0.0000,0.0000,false,0.0000,data/unit_stats/source_exports/db/special_ability_phases_tables/data__.tsv,2052,9.0.1
wh3_supplies_fatigue_01,15.0000,positive,,false,false,-0.0100,0.0000,0.0000,0.0000,0,0,false,0.0000,0.0000,false,0,,,,false,true,true,0.0000,,,false,0.0000,0.0000,false,0.0000,data/unit_stats/source_exports/db/special_ability_phases_tables/data__.tsv,2053,9.0.1
wh3_supplies_full_restore_01,15.0000,positive,,false,false,-0.0500,0.0000,0.0000,1.0000,0,0,false,0.0000,0.0000,false,0,,,,false,true,true,0.0000,,,false,0.0100,0.0000,false,0.0000,data/unit_stats/source_exports/db/special_ability_phases_tables/data__.tsv,2054,9.0.1
wh3_supplies_missiles_upgrade_01,-1.0000,positive,,false,false,0.0000,0.0000,0.0000,0.0000,0,0,false,0.0000,0.0000,false,0,,,,false,true,true,0.0000,,,false,0.0000,0.0000,false,0.0000,data/unit_stats/source_exports/db/special_ability_phases_tables/data__.tsv,2055,9.0.1
wh3_supplies_missiles_upgrade_02,-1.0000,positive,,false,false,0.0000,0.0000,0.0000,0.0000,0,0,false,0.0000,0.0000,false,0,,,,false,true,true,0.0000,,,false,0.0000,0.0000,false,0.0000,data/unit_stats/source_exports/db/special_ability_phases_tables/data__.tsv,2056,9.0.1
wh3_supplies_missiles_upgrade_03,-1.0000,positive,,false,false,0.0000,0.0000,0.0000,0.0000,0,0,false,0.0000,0.0000,false,0,,,,false,true,true,0.0000,,,false,0.0000,0.0000,false,0.0000,data/unit_stats/source_exports/db/special_ability_phases_tables/data__.tsv,2057,9.0.1
wh3_supplies_rally_01,15.0000,positive,,false,false,0.0000,0.0000,0.0000,0.0000,0,0,false,0.0000,0.0000,false,0,,,,false,true,true,0.0000,,,false,0.0000,0.0000,false,0.0000,data/unit_stats/source_exports/db/special_ability_phases_tables/data__.tsv,2058,9.0.1
wh3_supplies_regen_magical_01,20.0000,positive,,false,false,0.0000,0.0000,0.0000,1.0000,0,-1,true,0.0000,0.0000,false,0,,,,false,true,true,0.0000,,,false,0.0100,0.0000,false,0.0000,data/unit_stats/source_exports/db/special_ability_phases_tables/data__.tsv,2059,9.0.1
wh3_supplies_regen_mortal_01,20.0000,positive,,false,false,0.0000,0.0000,0.0000,1.0000,0,-1,true,0.0000,0.0000,false,0,,,,false,true,true,0.0000,,,false,0.0100,0.0000,false,0.0000,data/unit_stats/source_exports/db/special_ability_phases_tables/data__.tsv,2060,9.0.1
wh3_supplies_shields_upgrade_01,-1.0000,positive,,false,false,0.0000,0.0000,0.0000,0.0000,0,0,false,0.0000,0.0000,false,0,,,,false,true,true,0.0000,,,false,0.0000,0.0000,false,0.0000,data/unit_stats/source_exports/db/special_ability_phases_tables/data__.tsv,2061,9.0.1
wh3_supplies_shields_upgrade_02,-1.0000,positive,,false,false,0.0000,0.0000,0.0000,0.0000,0,0,false,0.0000,0.0000,false,0,,,,false,true,true,0.0000,,,false,0.0000,0.0000,false,0.0000,data/unit_stats/source_exports/db/special_ability_phases_tables/data__.tsv,2062,9.0.1
wh3_supplies_shields_upgrade_03,-1.0000,positive,,false,false,0.0000,0.0000,0.0000,0.0000,0,0,false,0.0000,0.0000,false,0,,,,false,true,true,0.0000,,,false,0.0000,0.0000,false,0.0000,data/unit_stats/source_exports/db/special_ability_phases_tables/data__.tsv,2063,9.0.1
wh3_supplies_weapons_imbue_01,-1.0000,positive,,false,false,0.0000,0.0000,0.0000,0.0000,0,0,false,0.0000,0.0000,true,0,,,,false,true,true,0.0000,,,false,0.0000,0.0000,false,0.0000,data/unit_stats/source_exports/db/special_ability_phases_tables/data__.tsv,2064,9.0.1
wh3_supplies_weapons_imbue_02,-1.0000,positive,,false,false,0.0000,0.0000,0.0000,0.0000,0,0,false,0.0000,0.0000,false,10,,,,false,true,true,0.0000,,,false,0.0000,0.0000,false,0.0000,data/unit_stats/source_exports/db/special_ability_phases_tables/data__.tsv,2065,9.0.1
wh3_supplies_weapons_upgrade_01,-1.0000,positive,,false,false,0.0000,0.0000,0.0000,0.0000,0,0,false,0.0000,0.0000,false,0,,,,false,true,true,0.0000,,,false,0.0000,0.0000,false,0.0000,data/unit_stats/source_exports/db/special_ability_phases_tables/data__.tsv,2066,9.0.1
wh3_supplies_weapons_upgrade_02,-1.0000,positive,,false,false,0.0000,0.0000,0.0000,0.0000,0,0,false,0.0000,0.0000,false,0,,,,false,true,true,0.0000,,,false,0.0000,0.0000,false,0.0000,data/unit_stats/source_exports/db/special_ability_phases_tables/data__.tsv,2067,9.0.1
wh3_supplies_weapons_upgrade_03,-1.0000,positive,,false,false,0.0000,0.0000,0.0000,0.0000,0,0,false,0.0000,0.0000,false,0,,,,false,true,true,0.0000,,,false,0.0000,0.0000,false,0.0000,data/unit_stats/source_exports/db/special_ability_phases_tables/data__.tsv,2068,9.0.1
wh3_supplies_winds_of_magic_01,15.0000,positive,,false,false,0.0000,0.0000,0.0000,0.0000,0,0,false,0.0000,2.0000,false,0,,,,false,true,true,0.0000,,,false,0.0000,0.0000,false,0.0000,data/unit_stats/source_exports/db/special_ability_phases_tables/data__.tsv,2069,9.0.1
wh3_survival_forge_1_face_of_the_forge,-1.0000,negative,,false,false,0.0000,0.0000,0.0000,0.0000,0,0,false,0.0000,0.0000,false,0,,,,false,true,true,0.0000,,,false,0.0000,0.0000,false,0.0000,data/unit_stats/source_exports/db/special_ability_phases_tables/data__.tsv,2070,9.0.1
wh3_survival_forge_2_soul_of_the_forge,-1.0000,negative,,false,false,0.0050,0.0000,0.0000,3.0000,6,6,false,0.0000,0.0000,false,0,,,,false,true,true,0.0000,,,false,0.0000,0.0000,false,0.0000,data/unit_stats/source_exports/db/special_ability_phases_tables/data__.tsv,2071,9.0.1
wh3_survival_forge_3_depths_of_the_forge,-1.0000,negative,,false,false,0.0000,0.0000,0.0000,0.0000,0,0,false,0.0000,0.0000,false,0,,,,false,true,true,0.0000,,,false,0.0000,0.0000,false,0.0000,data/unit_stats/source_exports/db/special_ability_phases_tables/data__.tsv,2072,9.0.1
wh3_survival_khorne_1_ruin,-1.0000,negative,,false,false,0.0000,0.0000,0.0000,0.0000,0,0,false,0.0000,0.0000,false,0,,,,false,true,true,0.0000,,,false,0.0000,0.0000,false,0.0000,data/unit_stats/source_exports/db/special_ability_phases_tables/data__.tsv,2073,9.0.1
wh3_survival_khorne_2_blood,-1.0000,negative,,false,false,0.0000,0.0000,0.0000,0.0000,0,0,false,0.0000,0.0000,false,0,,,,false,true,true,0.0000,,,false,0.0000,0.0000,false,0.0000,data/unit_stats/source_exports/db/special_ability_phases_tables/data__.tsv,2074,9.0.1
wh3_survival_khorne_3_torment,-1.0000,negative,,false,false,0.0000,0.0000,0.0000,0.0000,0,0,false,0.0000,0.0000,false,0,,,,false,true,true,0.0000,,,false,0.0000,0.0000,false,0.0000,data/unit_stats/source_exports/db/special_ability_phases_tables/data__.tsv,2075,9.0.1
wh3_survival_nurgle_1_garden,-1.0000,negative,,false,false,0.0000,0.0000,0.0000,0.0000,0,0,false,0.0000,0.0000,false,0,,,,false,true,true,0.0000,,,false,0.0000,0.0000,false,0.0000,data/unit_stats/source_exports/db/special_ability_phases_tables/data__.tsv,2076,9.0.1
wh3_survival_nurgle_2_swamp,-1.0000,negative,,false,false,0.0050,0.0000,0.0000,0.0000,0,0,false,0.0000,0.0000,false,0,,,,false,true,true,0.0000,,,false,0.0000,0.0000,false,0.0000,data/unit_stats/source_exports/db/special_ability_phases_tables/data__.tsv,2077,9.0.1
wh3_survival_nurgle_3_thorns,-1.0000,negative,,false,false,0.0000,0.0000,0.0000,6.0000,8,6,false,0.0000,0.0000,false,0,,,,false,true,true,0.0000,,,false,0.0000,0.0000,false,0.0000,data/unit_stats/source_exports/db/special_ability_phases_tables/data__.tsv,2078,9.0.1
wh3_survival_slaanesh_1_vainglory,-1.0000,negative,,false,false,0.0000,0.0000,0.0000,0.0000,0,0,false,0.0000,0.0000,false,0,,,,false,true,true,0.0000,,,false,0.0000,0.0000,false,0.0000,data/unit_stats/source_exports/db/special_ability_phases_tables/data__.tsv,2079,9.0.1
wh3_survival_slaanesh_2_joy,-1.0000,negative,,false,false,0.0000,0.0000,0.0000,0.0000,0,0,false,0.0000,0.0000,false,0,,,,false,true,true,0.0000,,,false,0.0000,0.0000,false,0.0000,data/unit_stats/source_exports/db/special_ability_phases_tables/data__.tsv,2080,9.0.1
wh3_survival_slaanesh_3_indolency,-1.0000,negative,,false,false,0.0100,0.0000,0.0000,0.0000,0,0,false,0.0000,0.0000,false,0,,,,false,true,true,0.0000,,,false,0.0000,0.0000,false,0.0000,data/unit_stats/source_exports/db/special_ability_phases_tables/data__.tsv,2081,9.0.1
wh3_survival_tzeentch_1_fires,-1.0000,negative,,false,false,0.0000,0.0000,0.0000,0.0000,0,0,false,0.0000,0.0000,false,0,,,,false,true,true,0.0000,,,false,0.0000,0.0000,false,0.0000,data/unit_stats/source_exports/db/special_ability_phases_tables/data__.tsv,2082,9.0.1
wh3_survival_tzeentch_2_crystals,-1.0000,negative,,false,false,0.0050,0.0000,0.0000,0.0000,0,0,false,0.0000,0.0000,false,0,,,,false,true,true,0.0000,,,false,0.0000,0.0000,false,0.0000,data/unit_stats/source_exports/db/special_ability_phases_tables/data__.tsv,2083,9.0.1
wh3_survival_tzeentch_3_time,-1.0000,negative,,false,false,0.0100,0.0000,0.0000,0.0000,0,0,false,-0.5000,0.0000,false,0,,,,false,true,true,0.0000,,,false,0.0000,0.0000,false,0.0000,data/unit_stats/source_exports/db/special_ability_phases_tables/data__.tsv,2084,9.0.1
wh3_twa06_unit_active_conduit_of_infinity,13.0000,positive,,false,false,0.0000,0.0000,0.0000,0.0000,0,0,false,0.0000,0.0000,false,0,,wh_main_generic_buff_attack,wh_ability_positive,false,true,true,0.3000,,,false,0.0000,0.0000,false,0.0000,data/unit_stats/source_exports/db/special_ability_phases_tables/data__.tsv,2085,9.0.1
wh3_twa06_unit_contact_rampage,15.0000,negative,,false,false,0.0000,0.0000,0.0000,0.0000,0,0,false,0.0000,0.0000,false,0,,,,false,false,true,0.0000,,,false,0.0000,0.0000,false,0.0000,data/unit_stats/source_exports/db/special_ability_phases_tables/data__.tsv,2086,9.0.1
wh3_twa06_unit_passive_adaptive_tactics,18.0000,positive,,false,false,0.0000,0.0000,0.0000,0.0000,0,0,false,0.0000,0.0000,false,0,,wh_main_generic_buff_attack_passive,,false,true,true,0.0000,,,false,0.0000,0.0000,false,0.0000,data/unit_stats/source_exports/db/special_ability_phases_tables/data__.tsv,2087,9.0.1
wh3_twa06_unit_passive_festering_gate,-1.0000,positive,,false,false,0.0000,0.0000,0.0000,1.0000,0,0,true,0.0000,0.0000,false,0,,,,false,true,true,0.0000,,,false,0.0010,0.0000,false,0.0000,data/unit_stats/source_exports/db/special_ability_phases_tables/data__.tsv,2088,9.0.1
wh3_twa06_unit_passive_gloom_of_flies,-1.0000,positive,,false,false,0.0000,0.0000,0.0000,0.0000,0,0,false,0.0000,0.0000,false,0,,wh3_twa06_unit_passive_gloom_of_flies,wh3_twa6_abilities_gloom_of_flies,false,true,true,0.0000,,,false,0.0000,0.0000,false,0.0000,data/unit_stats/source_exports/db/special_ability_phases_tables/data__.tsv,2089,9.0.1
wh3_twa06_unit_passive_hungering_blades,-1.0000,positive,,false,false,0.0000,0.0000,0.0000,0.0000,0,0,false,0.0000,0.0000,false,0,,wh3_twa06_hungering_blades,wh3_twa6_ability_hungering_blades,false,true,true,0.0000,,,false,0.0000,0.0000,false,0.0000,data/unit_stats/source_exports/db/special_ability_phases_tables/data__.tsv,2090,9.0.1
wh3_twa07_unit_passive_mantle_of_immolation,-1.0000,positive,,false,false,0.0000,0.0000,0.0000,0.0000,0,0,false,0.0000,0.0000,false,0,,,,false,true,true,0.0000,,,false,0.0000,0.0000,false,0.0000,data/unit_stats/source_exports/db/special_ability_phases_tables/data__.tsv,2091,9.0.1
wh3_twa07_unit_passive_miasma_of_rot,5.0000,positive,,false,false,-0.0100,0.0000,0.0000,0.0000,0,0,false,0.0000,0.0000,false,0,,wh_main_generic_hp_regen_passive,,false,true,true,0.0000,,,false,0.0000,0.0000,false,0.0000,data/unit_stats/source_exports/db/special_ability_phases_tables/data__.tsv,2092,9.0.1
wh3_twa07_unit_passive_obsessive_adoration,-1.0000,positive,,false,false,0.0000,0.0000,0.0000,0.0000,0,0,false,0.0000,0.0000,false,0,,wh_main_generic_buff_attack,,false,true,true,0.0000,,,false,0.0000,0.0000,false,0.0000,data/unit_stats/source_exports/db/special_ability_phases_tables/data__.tsv,2093,9.0.1
wh3_twa07_unit_passive_wasting_sickness,-1.0000,negative,,false,false,0.0000,0.0000,0.0000,0.0000,0,0,false,0.0000,0.0000,false,0,,wh_main_generic_debuff_attack_passive,,false,true,true,0.0000,,,false,0.0000,0.0000,false,0.0000,data/unit_stats/source_exports/db/special_ability_phases_tables/data__.tsv,2094,9.0.1
wh3_twa08_unit_abilities_defiling_deluge_enemy,6.0000,negative,,false,false,0.0000,0.0000,0.0000,1.0000,5,25,false,0.0000,0.0000,false,0,,wh3_main_nurgle_rancid_visitations,wh3_twa08_spell_nurgle_defiling_deluge_enemy,false,true,true,0.0000,wh3_main_spell_nurgle_rancid_visitations,,false,0.0000,0.0000,false,0.0000,data/unit_stats/source_exports/db/special_ability_phases_tables/data__.tsv,2095,9.0.1
wh3_twa08_unit_abilities_defiling_deluge_self,6.0000,positive,,false,false,0.0000,0.0000,0.0000,1.0000,0,-1,false,0.0000,0.0000,false,0,,,wh3_twa08_spell_nurgle_defiling_deluge_self,false,true,true,0.0000,,,false,0.0080,0.0000,false,0.0000,data/unit_stats/source_exports/db/special_ability_phases_tables/data__.tsv,2096,9.0.1
wh3_twa08_unit_abilities_glacial_defence,21.0000,positive,,false,false,0.0000,0.0000,0.0000,1.0000,0,-1,false,0.0000,0.0000,false,0,,wh_main_generic_buff_defence,wh3_twa08_spell_ogr_glacial_defense,false,true,true,0.0000,,,false,0.0000,0.0000,false,0.0000,data/unit_stats/source_exports/db/special_ability_phases_tables/data__.tsv,2097,9.0.1
wh3_twa08_unit_passive_goreshell,-1.0000,positive,,false,false,0.0000,0.0000,0.0000,1.0000,0,-1,false,0.0000,0.0000,false,0,,,,false,true,true,0.0000,,,false,0.0000,0.0000,false,0.0000,data/unit_stats/source_exports/db/special_ability_phases_tables/data__.tsv,2098,9.0.1
wh3_twa08_unit_passive_redirecting_aura,-1.0000,negative,,false,false,0.0000,0.0000,0.0000,1.0000,0,-1,false,0.0000,0.0000,false,0,,,,false,true,true,0.0000,,,false,0.0000,0.0000,false,0.0000,data/unit_stats/source_exports/db/special_ability_phases_tables/data__.tsv,2099,9.0.1
wh3_twa10_unit_passive_barrier_boost,10.0000,positive,,false,false,0.0000,0.0000,0.0000,1.0000,0,-1,false,0.0000,0.0000,false,0,,wh3_dlc20_ability_passive_vessel_of_chaos,,false,true,true,0.0000,,,false,0.0000,0.0400,false,0.0000,data/unit_stats/source_exports/db/special_ability_phases_tables/data__.tsv,2100,9.0.1
wh3_twa10_unit_passive_blisterback,-1.0000,positive,,false,false,0.0000,0.0000,0.0000,1.0000,0,-1,false,0.0000,0.0000,false,0,,wh_main_generic_buff_defence_passive,,false,true,true,0.0000,,,false,0.0010,0.0000,false,0.0000,data/unit_stats/source_exports/db/special_ability_phases_tables/data__.tsv,2101,9.0.1
wh3_twa10_unit_passive_waterbirth,-1.0000,positive,,false,false,0.0000,0.0000,0.0000,1.0000,0,0,true,0.0000,0.0000,false,0,,wh2_main_unit_passive_rebirth,,false,true,true,0.0000,,,false,0.0100,0.0000,false,0.0000,data/unit_stats/source_exports/db/special_ability_phases_tables/data__.tsv,2102,9.0.1
wh_dlc01_banner_passive_blasted_standard,-1.0000,positive,,false,false,0.0000,0.0000,0.0000,0.0000,0,0,false,0.0000,0.0000,false,0,,wh_main_generic_buff_defence_passive,,false,true,true,0.0000,,,false,0.0000,0.0000,false,0.0000,data/unit_stats/source_exports/db/special_ability_phases_tables/data__.tsv,2103,9.0.1
wh_dlc01_item_passive_helm_of_many_eyes,22.0000,positive,,false,false,0.0000,0.0000,0.0000,0.0000,0,0,false,0.0000,0.0000,false,0,,wh_main_generic_buff_defence,wh_ability_positive,false,true,true,0.0000,,,false,0.0000,0.0000,false,0.0000,data/unit_stats/source_exports/db/special_ability_phases_tables/data__.tsv,2104,9.0.1
wh_dlc01_item_passive_the_crown_of_domination,-1.0000,positive,,false,false,0.0000,0.0000,0.0000,0.0000,0,0,false,0.0000,0.0000,false,0,,wh_main_generic_buff_morale_passive,,false,true,true,0.0000,,,false,0.0000,0.0000,false,0.0000,data/unit_stats/source_exports/db/special_ability_phases_tables/data__.tsv,2105,9.0.1
wh_dlc01_unit_passive_unbinding_chaos_spawn,56.0000,negative,,false,false,0.0000,0.0000,0.0000,1.0000,0,0,false,0.0000,0.0000,false,0,,wh_main_bound_entity_energy_small,wh2_dlc13_ability_summon_unbinding_generic_large_phase_01,false,true,true,0.0000,,,false,0.0000,0.0000,false,0.0000,data/unit_stats/source_exports/db/special_ability_phases_tables/data__.tsv,2106,9.0.1
wh_dlc01_weapon_abilities_starcrusher,43.0000,positive,,false,false,0.0000,0.0000,0.0000,0.0000,0,0,false,0.0000,0.0000,false,0,,wh_main_generic_buff_attack_banner,wh_ability_positive_one_shot,false,true,true,0.0000,,,false,0.0000,0.0000,false,0.0000,data/unit_stats/source_exports/db/special_ability_phases_tables/data__.tsv,2107,9.0.1
wh_dlc01_weapon_abilities_sword_of_change,11.0000,positive,,false,false,0.0000,0.0000,0.0000,0.0000,0,0,false,0.0000,0.0000,false,0,,wh_main_generic_buff_attack_banner,wh_ability_positive_one_shot,false,true,true,0.0000,,,false,0.0000,0.0000,false,0.0000,data/unit_stats/source_exports/db/special_ability_phases_tables/data__.tsv,2108,9.0.1
wh_dlc01_weapon_abilities_the_slayer_of_kings,25.0000,positive,,false,false,0.0000,0.0000,0.0000,0.0000,0,0,false,0.0000,0.0000,false,0,,wh_main_generic_buff_attack_banner,wh_ability_positive_one_shot,false,true,true,0.0000,,,false,0.0000,0.0000,false,0.0000,data/unit_stats/source_exports/db/special_ability_phases_tables/data__.tsv,2109,9.0.1
wh_dlc01_weapon_passive_auric_armour,-1.0000,positive,,false,false,0.0000,0.0000,0.0000,1.0000,0,0,false,0.0000,0.0000,false,0,,wh_main_generic_hp_regen_passive,,false,true,true,0.0000,,,false,0.0020,0.0000,false,0.0000,data/unit_stats/source_exports/db/special_ability_phases_tables/data__.tsv,2110,9.0.1
wh_dlc02_unit_passive_the_flag_of_blood_keep,-1.0000,positive,,false,false,0.0000,0.0000,0.0000,0.0000,0,0,false,0.0000,0.0000,false,0,,,,false,true,true,0.0000,,,false,0.0000,0.0000,false,0.0000,data/unit_stats/source_exports/db/special_ability_phases_tables/data__.tsv,2111,9.0.1
wh_dlc03_banner_passive_manbane_standard,-1.0000,negative,,false,false,0.0000,0.0000,0.0000,0.0000,0,0,false,0.0000,0.0000,false,0,,wh_main_generic_buff_morale_passive,,false,true,true,0.0000,,,false,0.0000,0.0000,false,0.0000,data/unit_stats/source_exports/db/special_ability_phases_tables/data__.tsv,2112,9.0.1
wh_dlc03_banner_passive_slug_skin,-1.0000,positive,,false,false,0.0000,0.0000,0.0000,0.0000,0,0,false,0.0000,0.0000,false,0,wh_main_unit_contact_poison,,,false,true,true,0.0000,,,false,0.0000,0.0000,false,0.0000,data/unit_stats/source_exports/db/special_ability_phases_tables/data__.tsv,2113,9.0.1
wh_dlc03_banner_passive_totem_of_rust,-1.0000,negative,,false,false,0.0000,0.0000,0.0000,0.0000,0,0,false,0.0000,0.0000,false,0,,wh_main_generic_buff_morale_passive,,false,true,true,0.0000,,,false,0.0000,0.0000,false,0.0000,data/unit_stats/source_exports/db/special_ability_phases_tables/data__.tsv,2114,9.0.1
wh_dlc03_character_abilities_apocalyptic_vision,18.0000,positive,,false,false,0.0000,0.0000,0.0000,0.0000,0,0,false,0.0000,0.0000,false,0,,wh_main_generic_buff_defence,wh_ability_positive,false,true,true,0.0000,,,false,0.0000,0.0000,false,0.0000,data/unit_stats/source_exports/db/special_ability_phases_tables/data__.tsv,2115,9.0.1
wh_dlc03_character_abilities_call_of_violence,14.0000,positive,,false,false,0.0000,0.0000,0.0000,0.0000,0,0,false,0.0000,0.0000,false,0,,wh_main_generic_buff_attack,wh_ability_positive,false,true,true,0.0000,,,false,0.0000,0.0000,false,0.0000,data/unit_stats/source_exports/db/special_ability_phases_tables/data__.tsv,2116,9.0.1
wh_dlc03_hero_passive_something_wicked_this_way_comes,-1.0000,negative,,false,false,0.0000,0.0000,0.0000,0.0000,0,0,false,0.0000,0.0000,false,0,,,,false,true,true,0.0000,,,false,0.0000,0.0000,false,0.0000,data/unit_stats/source_exports/db/special_ability_phases_tables/data__.tsv,2117,9.0.1
wh_dlc03_hero_passive_strength_of_the_land_i,-1.0000,positive,,false,false,0.0000,0.0000,0.0000,0.0000,0,0,false,0.0000,0.0000,false,0,,,,false,true,true,0.0000,,,false,0.0000,0.0000,false,0.0000,data/unit_stats/source_exports/db/special_ability_phases_tables/data__.tsv,2118,9.0.1
wh_dlc03_hero_passive_strength_of_the_land_ii,-1.0000,positive,,false,false,0.0000,0.0000,0.0000,0.0000,0,0,false,0.0000,0.0000,false,0,,,,false,true,true,0.0000,,,false,0.0000,0.0000,false,0.0000,data/unit_stats/source_exports/db/special_ability_phases_tables/data__.tsv,2119,9.0.1
wh_dlc03_hero_passive_strength_of_the_land_iii,-1.0000,positive,,false,false,0.0000,0.0000,0.0000,0.0000,0,0,false,0.0000,0.0000,false,0,,,,false,true,true,0.0000,,,false,0.0000,0.0000,false,0.0000,data/unit_stats/source_exports/db/special_ability_phases_tables/data__.tsv,2120,9.0.1
wh_dlc03_hero_passive_strength_of_the_land_iv,-1.0000,positive,,false,false,0.0000,0.0000,0.0000,0.0000,0,0,false,0.0000,0.0000,false,0,,,,false,true,true,0.0000,,,false,0.0000,0.0000,false,0.0000,data/unit_stats/source_exports/db/special_ability_phases_tables/data__.tsv,2121,9.0.1
wh_dlc03_hero_passive_the_unrelenting_warherd_i,-1.0000,positive,,false,false,0.0000,0.0000,0.0000,0.0000,0,0,false,0.0000,0.0000,false,0,,,,false,true,true,0.0000,,,false,0.0000,0.0000,false,0.0000,data/unit_stats/source_exports/db/special_ability_phases_tables/data__.tsv,2122,9.0.1
wh_dlc03_hero_passive_the_unrelenting_warherd_ii,-1.0000,positive,,false,false,0.0000,0.0000,0.0000,0.0000,0,0,false,0.0000,0.0000,false,0,,,,false,true,true,0.0000,,,false,0.0000,0.0000,false,0.0000,data/unit_stats/source_exports/db/special_ability_phases_tables/data__.tsv,2123,9.0.1
wh_dlc03_hero_passive_the_unrelenting_warherd_iii,-1.0000,positive,,false,false,0.0000,0.0000,0.0000,0.0000,0,0,false,0.0000,0.0000,false,0,,,,false,true,true,0.0000,,,false,0.0000,0.0000,false,0.0000,data/unit_stats/source_exports/db/special_ability_phases_tables/data__.tsv,2124,9.0.1
wh_dlc03_hero_passive_the_unrelenting_warherd_iv,-1.0000,positive,,false,false,0.0000,0.0000,0.0000,0.0000,0,0,false,0.0000,0.0000,false,0,,,,false,true,true,0.0000,,,false,0.0000,0.0000,false,0.0000,data/unit_stats/source_exports/db/special_ability_phases_tables/data__.tsv,2125,9.0.1
wh_dlc03_hero_passive_unholy_power,-1.0000,positive,,false,false,0.0000,0.0000,0.0000,0.0000,0,0,false,0.6000,0.0000,false,0,,,,false,true,true,0.0000,,,false,0.0000,0.0000,false,0.0000,data/unit_stats/source_exports/db/special_ability_phases_tables/data__.tsv,2126,9.0.1
wh_dlc03_item_abilities_chalice_of_dark_rain,89.0000,negative,,false,false,0.0000,0.0000,0.0000,0.0000,0,0,false,0.0000,0.0000,false,0,,wh_main_generic_debuff_attack,wh_ability_negative,false,true,true,0.0000,,,false,0.0000,0.0000,false,0.0000,data/unit_stats/source_exports/db/special_ability_phases_tables/data__.tsv,2127,9.0.1
wh_dlc03_item_abilities_hagtree_fetish,29.0000,positive,,false,false,0.0000,0.0000,0.0000,0.0000,0,0,false,0.0000,0.0000,false,0,,wh_main_generic_buff_attack,wh_ability_positive_one_shot,false,true,true,0.0000,,,false,0.0000,0.0000,false,0.0000,data/unit_stats/source_exports/db/special_ability_phases_tables/data__.tsv,2128,9.0.1
wh_dlc03_item_abilities_horn_of_the_first_beast,35.0000,positive,,false,false,0.0000,0.0000,0.0000,0.0000,0,0,false,0.0000,0.0000,false,0,,wh_main_generic_buff_attack,wh_ability_positive,false,true,true,0.0000,,,false,0.0000,0.0000,false,0.0000,data/unit_stats/source_exports/db/special_ability_phases_tables/data__.tsv,2129,9.0.1
wh_dlc03_item_abilities_jagged_dagger,31.0000,positive,,false,false,0.0000,0.0000,0.0000,0.0000,0,0,false,1.6000,0.0000,false,0,,wh2_main_generic_buff_wom_banner,,false,true,true,0.0000,,,false,0.0000,0.0000,false,0.0000,data/unit_stats/source_exports/db/special_ability_phases_tables/data__.tsv,2130,9.0.1
wh_dlc03_item_abilities_skull_of_rarkos,34.0000,positive,,false,false,0.0000,0.0000,0.0000,0.0000,0,0,false,0.0000,0.4000,false,0,,wh2_main_generic_buff_wom_banner,wh_ability_negative_one_shot,false,true,true,0.0000,,,false,0.0000,0.0000,false,0.0000,data/unit_stats/source_exports/db/special_ability_phases_tables/data__.tsv,2131,9.0.1
wh_dlc03_item_passive_banner_of_the_fallen_king,-1.0000,positive,,false,false,0.0000,0.0000,0.0000,0.0000,0,0,false,0.0000,0.0000,false,0,,wh_main_generic_buff_attack_passive,,false,true,true,0.0000,,,false,0.0000,0.0000,false,0.0000,data/unit_stats/source_exports/db/special_ability_phases_tables/data__.tsv,2132,9.0.1
wh_dlc03_item_passive_blackened_plate,-1.0000,positive,,false,false,0.0000,0.0000,0.0000,0.0000,0,0,false,0.0000,0.0000,false,0,,,,false,true,true,0.0000,,,false,0.0000,0.0000,false,0.0000,data/unit_stats/source_exports/db/special_ability_phases_tables/data__.tsv,2133,9.0.1
wh_dlc03_item_passive_icon_of_vilification,-1.0000,positive,,false,false,0.0000,0.0000,0.0000,0.0000,0,0,false,0.0000,0.0000,false,0,,,,false,true,true,0.0000,,,false,0.0000,0.0000,false,0.0000,data/unit_stats/source_exports/db/special_ability_phases_tables/data__.tsv,2134,9.0.1
wh_dlc03_item_passive_shard_of_the_herdstone,-1.0000,positive,,false,false,0.0000,0.0000,0.0000,0.0000,0,0,false,0.6000,0.0000,false,0,,,,false,true,true,0.0000,,,false,0.0000,0.0000,false,0.0000,data/unit_stats/source_exports/db/special_ability_phases_tables/data__.tsv,2135,9.0.1
wh_dlc03_item_passive_the_dark_mail,-1.0000,positive,,false,false,0.0000,0.0000,0.0000,0.0000,0,0,false,0.0000,0.0000,false,0,,wh_main_generic_buff_defence_passive,,false,true,true,0.0000,,,false,0.0000,0.0000,false,0.0000,data/unit_stats/source_exports/db/special_ability_phases_tables/data__.tsv,2136,9.0.1
wh_dlc03_item_passive_trollhide,-1.0000,positive,,false,false,0.0000,0.0000,0.0000,1.0000,0,0,false,0.0000,0.0000,false,0,,,,false,true,true,0.0000,,,false,0.0020,0.0000,false,0.0000,data/unit_stats/source_exports/db/special_ability_phases_tables/data__.tsv,2137,9.0.1
wh_dlc03_lord_passive_crush_the_weak,-1.0000,negative,,false,false,0.0000,0.0000,0.0000,0.0000,0,0,false,0.0000,0.0000,false,0,,wh_main_generic_debuff_defence_passive,,false,true,true,0.0000,,,false,0.0000,0.0000,false,0.0000,data/unit_stats/source_exports/db/special_ability_phases_tables/data__.tsv,2138,9.0.1
wh_dlc03_lore_passive_bestial_surge,9.0000,positive,,false,false,-0.0100,0.0000,0.0000,0.0000,0,0,false,0.0000,0.0000,false,0,,,,false,true,true,0.0000,,,false,0.0000,0.0000,false,0.0000,data/unit_stats/source_exports/db/special_ability_phases_tables/data__.tsv,2139,9.0.1
wh_dlc03_lore_passive_wild_heart,25.0000,positive,,false,false,0.0000,0.0000,0.0000,0.0000,0,0,false,0.8000,0.0000,false,0,,,,false,true,true,0.0000,,,false,0.0000,0.0000,false,0.0000,data/unit_stats/source_exports/db/special_ability_phases_tables/data__.tsv,2140,9.0.1
wh_dlc03_quest_passive_poisoning,-1.0000,negative,,false,false,0.0000,0.0000,0.0000,1.0000,8,6,false,0.0000,0.0000,false,0,,wh_main_generic_hp_damage_passive,,false,true,true,0.0000,,,false,0.0000,0.0000,false,0.0000,data/unit_stats/source_exports/db/special_ability_phases_tables/data__.tsv,2141,9.0.1
wh_dlc03_spell_beasts_flock_of_doom,6.0000,negative,,false,false,0.0000,0.0000,0.0000,1.0000,5,25,false,0.0000,0.0000,false,0,,wh_dlc03_spell_beast_flock_of_doom,wh_dlc03_spell_beasts_flock_of_doom,false,true,true,0.0000,,,false,0.0000,0.0000,false,0.0000,data/unit_stats/source_exports/db/special_ability_phases_tables/data__.tsv,2142,9.0.1
wh_dlc03_spell_beasts_flock_of_doom_upgraded,13.0000,negative,,false,false,0.0000,0.0000,0.0000,1.0000,5,25,false,0.0000,0.0000,false,0,,wh_dlc03_spell_beasts_flock_of_doom_upgraded,wh_dlc03_spell_beasts_flock_of_doom_upgraded,false,true,true,0.0000,,,false,0.0000,0.0000,false,0.0000,data/unit_stats/source_exports/db/special_ability_phases_tables/data__.tsv,2143,9.0.1
wh_dlc03_spell_beasts_panns_impenetrable_pelt,31.0000,positive,,false,false,0.0000,0.0000,0.0000,0.0000,0,0,false,0.0000,0.0000,false,0,,wh_dlc03_spell_beasts_panns_impenetrable_pelt,wh_dlc03_spell_beasts_panns_impenetrable_pelt,false,true,true,0.0000,,,false,0.0000,0.0000,false,0.0000,data/unit_stats/source_exports/db/special_ability_phases_tables/data__.tsv,2144,9.0.1
wh_dlc03_spell_beasts_panns_impenetrable_pelt_upgraded,31.0000,positive,,false,false,0.0000,0.0000,0.0000,0.0000,0,0,false,0.0000,0.0000,false,0,,wh_dlc03_spell_beasts_panns_impenetrable_pelt,wh_dlc03_spell_beasts_panns_impenetrable_pelt,false,true,true,0.0000,,,false,0.0000,0.0000,false,0.0000,data/unit_stats/source_exports/db/special_ability_phases_tables/data__.tsv,2145,9.0.1
wh_dlc03_spell_beasts_the_curse_of_anraheir,21.0000,negative,,false,false,0.0000,0.0000,0.0000,0.0000,0,0,false,0.0000,0.0000,false,0,,wh_dlc03_spell_beasts_the_curse_of_anraheir,wh_dlc03_spell_beasts_curse_of_anraheir,false,false,true,0.0000,,,false,0.0000,0.0000,false,0.0000,data/unit_stats/source_exports/db/special_ability_phases_tables/data__.tsv,2146,9.0.1
wh_dlc03_spell_beasts_wyssans_wildform,19.0000,positive,,false,false,0.0000,0.0000,0.0000,0.0000,0,0,false,0.0000,0.0000,false,0,,wh_dlc03_spell_beasts_wyssans_wildform,wh_dlc03_spell_beasts_wyssans_wildform,false,true,true,0.0000,,,false,0.0000,0.0000,false,0.0000,data/unit_stats/source_exports/db/special_ability_phases_tables/data__.tsv,2147,9.0.1
wh_dlc03_spell_wild_devolve,23.0000,negative,,false,false,0.0000,0.0000,0.0000,0.0000,0,0,false,0.0000,0.0000,false,0,,wh_dlc03_spell_wild_traitor_kin,wh_dlc03_spell_wild_traitor_kin,false,true,true,0.0000,,,false,0.0000,0.0000,false,0.0000,data/unit_stats/source_exports/db/special_ability_phases_tables/data__.tsv,2148,9.0.1
wh_dlc03_spell_wild_devolve_upgraded,23.0000,negative,,false,false,0.0000,0.0000,0.0000,0.0000,0,0,false,0.0000,0.0000,false,0,,wh_dlc03_spell_wild_traitor_kin,wh_dlc03_spell_wild_traitor_kin,false,true,true,0.0000,,,false,0.0000,0.0000,false,0.0000,data/unit_stats/source_exports/db/special_ability_phases_tables/data__.tsv,2149,9.0.1
wh_dlc03_spell_wild_mantle_of_ghorok,26.0000,positive,,false,false,0.0000,0.0000,0.0000,0.0000,0,0,false,0.0000,0.0000,false,0,,wh_dlc03_spell_wild_mantle_of_ghorok,wh_dlc03_spell_wild_mantle_of_ghorok,false,true,true,0.0000,,,false,0.0000,0.0000,false,0.0000,data/unit_stats/source_exports/db/special_ability_phases_tables/data__.tsv,2150,9.0.1
wh_dlc03_spell_wild_traitor_kin,12.0000,negative,,false,false,0.0000,0.0000,0.0000,1.0000,67,1,false,0.0000,0.0000,false,0,,wh_dlc03_spell_wild_traitor_kin,wh_dlc03_spell_wild_traitor_kin,false,true,true,0.0000,,,false,0.0000,0.0000,false,0.0000,data/unit_stats/source_exports/db/special_ability_phases_tables/data__.tsv,2151,9.0.1
wh_dlc03_spell_wild_traitor_kin_upgraded,12.0000,negative,,false,false,0.0000,0.0000,0.0000,1.0000,100,1,false,0.0000,0.0000,false,0,,wh_dlc03_spell_wild_traitor_kin,wh_dlc03_spell_wild_traitor_kin,false,true,true,0.0000,,,false,0.0000,0.0000,false,0.0000,data/unit_stats/source_exports/db/special_ability_phases_tables/data__.tsv,2152,9.0.1
wh_dlc03_unit_abilities_slaughterers_call,-1.0000,positive,,false,false,0.0000,0.0000,0.0000,0.0000,0,0,false,0.0000,0.0000,false,0,,,,false,true,true,0.0000,,,false,0.0000,0.0000,false,0.0000,data/unit_stats/source_exports/db/special_ability_phases_tables/data__.tsv,2153,9.0.1
wh_dlc03_unit_passive_bloodgreed,-1.0000,positive,,false,false,0.0000,0.0000,0.0000,0.0000,0,0,false,0.0000,0.0000,false,0,,wh_dlc03_unit_passive_bloodgreed,,false,true,true,0.0000,,,false,0.0000,0.0000,false,0.0000,data/unit_stats/source_exports/db/special_ability_phases_tables/data__.tsv,2154,9.0.1
wh_dlc03_unit_passive_drunken,-1.0000,positive,,false,false,0.0000,0.0000,0.0000,0.0000,0,0,false,0.0000,0.0000,false,0,,,,false,true,true,0.0000,,,false,0.0000,0.0000,false,0.0000,data/unit_stats/source_exports/db/special_ability_phases_tables/data__.tsv,2155,9.0.1
wh_dlc03_unit_passive_primal_fury,-1.0000,positive,,false,false,0.0000,0.0000,0.0000,0.0000,0,0,false,0.0000,0.0000,false,0,,,,false,true,true,0.0000,,,false,0.0000,0.0000,false,0.0000,data/unit_stats/source_exports/db/special_ability_phases_tables/data__.tsv,2156,9.0.1
wh_dlc03_unit_passive_soul_eater,-1.0000,negative,,false,false,0.0000,0.0000,0.0000,0.0000,0,0,false,0.0000,0.0000,false,0,,,,false,true,true,0.0000,,,false,0.0000,0.0000,false,0.0000,data/unit_stats/source_exports/db/special_ability_phases_tables/data__.tsv,2157,9.0.1
wh_dlc03_unit_passive_unbinding_chaos_spawn,56.0000,negative,,false,false,0.0000,0.0000,0.0000,1.0000,0,0,false,0.0000,0.0000,false,0,,wh_main_bound_entity_energy_large,wh2_dlc13_ability_summon_unbinding_generic_large_phase_01,false,true,true,0.0000,,,false,0.0000,0.0000,false,0.0000,data/unit_stats/source_exports/db/special_ability_phases_tables/data__.tsv,2158,9.0.1
wh_dlc03_unit_passive_unbinding_cygor,105.0000,negative,,false,false,0.0000,0.0000,0.0000,1.0000,0,0,false,0.0000,0.0000,false,0,,wh_main_bound_entity_energy_large,wh2_dlc13_ability_summon_unbinding_generic_large_phase_01,false,true,true,0.0000,,,false,0.0000,0.0000,false,0.0000,data/unit_stats/source_exports/db/special_ability_phases_tables/data__.tsv,2159,9.0.1
wh_dlc03_unit_passive_unbinding_giant,56.0000,negative,,false,false,0.0000,0.0000,0.0000,1.0000,0,0,false,0.0000,0.0000,false,0,,wh_main_bound_entity_energy_large,wh2_dlc13_ability_summon_unbinding_generic_large_phase_01,false,true,true,0.0000,,,false,0.0000,0.0000,false,0.0000,data/unit_stats/source_exports/db/special_ability_phases_tables/data__.tsv,2160,9.0.1
wh_dlc03_unit_passive_unbinding_manticore,75.0000,negative,,false,false,0.0000,0.0000,0.0000,1.0000,0,0,false,0.0000,0.0000,false,0,,wh_main_bound_entity_energy_manticore,wh2_dlc13_ability_summon_unbinding_generic_large_phase_01,false,true,true,0.0000,,,false,0.0000,0.0000,false,0.0000,data/unit_stats/source_exports/db/special_ability_phases_tables/data__.tsv,2161,9.0.1
wh_dlc03_weapon_abilities_axe_of_men,46.0000,positive,,false,false,0.0000,0.0000,0.0000,0.0000,0,0,false,0.0000,0.0000,false,0,,wh_main_generic_buff_defence_morale_banner,wh_ability_positive_one_shot,false,true,true,0.0000,,,false,0.0000,0.0000,false,0.0000,data/unit_stats/source_exports/db/special_ability_phases_tables/data__.tsv,2162,9.0.1
wh_dlc03_weapon_abilities_scourge,35.0000,positive,,false,false,0.0000,0.0000,0.0000,0.0000,0,0,false,0.0000,0.0000,false,0,,wh_main_generic_buff_attack_banner,wh_ability_positive_one_shot,false,true,true,0.0000,,,false,0.0000,0.0000,false,0.0000,data/unit_stats/source_exports/db/special_ability_phases_tables/data__.tsv,2163,9.0.1
wh_dlc03_weapon_passive_everbleed,-1.0000,positive,,false,false,0.0000,0.0000,0.0000,0.0000,0,0,false,0.0000,0.0000,false,0,wh_main_unit_contact_poison,,,false,true,true,0.0000,,,false,0.0000,0.0000,false,0.0000,data/unit_stats/source_exports/db/special_ability_phases_tables/data__.tsv,2164,9.0.1
wh_dlc03_weapon_passive_mangelder,-1.0000,negative,,false,false,0.0000,0.0000,0.0000,0.0000,0,0,false,0.0000,0.0000,false,0,,,,false,true,true,0.0000,,,false,0.0000,0.0000,false,0.0000,data/unit_stats/source_exports/db/special_ability_phases_tables/data__.tsv,2165,9.0.1
wh_dlc03_weapon_passive_the_brass_cleaver,-1.0000,positive,,false,false,0.0000,0.0000,0.0000,0.0000,0,0,false,0.0000,0.0000,false,0,,,,false,true,true,0.0000,,,false,0.0000,0.0000,false,0.0000,data/unit_stats/source_exports/db/special_ability_phases_tables/data__.tsv,2166,9.0.1
wh_dlc03_weapon_passive_the_middenland_runefang,-1.0000,positive,,false,false,0.0000,0.0000,0.0000,1.0000,0,0,false,0.0000,0.0000,false,0,,,,false,true,true,0.0000,,,false,0.0020,0.0000,false,0.0000,data/unit_stats/source_exports/db/special_ability_phases_tables/data__.tsv,2167,9.0.1
wh_dlc04_hero_passive_divine_power,-1.0000,negative,,false,false,0.0000,0.0000,0.0000,0.0000,0,0,false,0.0000,0.0000,false,0,,,,false,true,true,0.0000,,,false,0.0000,0.0000,false,0.0000,data/unit_stats/source_exports/db/special_ability_phases_tables/data__.tsv,2168,9.0.1
wh_dlc04_item_abilities_the_carstein_ring,22.0000,positive,,false,false,0.0000,0.0000,0.0000,0.0000,0,0,false,0.0000,0.0000,false,0,,wh_main_generic_ward_save_all,wh_main_item_abilities_potion_of_healing,false,true,true,0.0000,,,false,0.0000,0.0000,false,0.0000,data/unit_stats/source_exports/db/special_ability_phases_tables/data__.tsv,2169,9.0.1
wh_dlc04_item_abilities_the_liber_noctus,33.0000,positive,,false,false,0.0000,0.0000,-30.0000,1.0000,33,1,false,2.4000,0.3000,false,0,,wh2_main_generic_buff_wom_banner,,false,true,true,0.0000,,,false,0.0000,0.0000,false,0.0000,data/unit_stats/source_exports/db/special_ability_phases_tables/data__.tsv,2170,9.0.1
wh_dlc04_item_passive_jade_griffon,-1.0000,positive,,false,false,0.0000,0.0000,0.0000,1.0000,0,0,false,0.0000,0.0000,false,0,,,,false,true,true,0.0000,,,false,0.0020,0.0000,false,0.0000,data/unit_stats/source_exports/db/special_ability_phases_tables/data__.tsv,2171,9.0.1
wh_dlc04_lord_abilities_beguile,44.0000,negative,,false,false,0.0000,0.0000,0.0000,0.0000,0,0,false,0.0000,0.0000,false,0,,wh_main_generic_debuff_attack_banner,wh_ability_negative_one_shot,false,true,true,0.0000,,,false,0.0000,0.0000,false,0.0000,data/unit_stats/source_exports/db/special_ability_phases_tables/data__.tsv,2172,9.0.1
wh_dlc04_lord_passive_aura_of_dark_majesty,-1.0000,negative,,false,false,0.0000,0.0000,0.0000,0.0000,0,0,false,0.0000,0.0000,false,0,,wh_main_generic_debuff_morale_passive,,false,true,true,0.0000,,,false,0.0000,0.0000,false,0.0000,data/unit_stats/source_exports/db/special_ability_phases_tables/data__.tsv,2173,9.0.1
wh_dlc04_quest_abilities_servant_of_nagash,5.0000,negative,,false,false,0.0000,0.0000,0.0000,1.0000,266,50,false,0.0000,0.0000,false,0,,,,false,true,true,0.0000,,,false,0.0000,0.0000,false,0.0000,data/unit_stats/source_exports/db/special_ability_phases_tables/data__.tsv,2174,9.0.1
wh_dlc04_spell_bound_hammer_of_sigmar_upgraded,50.0000,positive,,false,false,0.0000,0.0000,0.0000,0.0000,0,0,false,0.0000,0.0000,false,0,,wh_main_generic_buff_attack_banner,wh_ability_positive_one_shot,false,true,true,0.0000,,,false,0.0000,0.0000,false,0.0000,data/unit_stats/source_exports/db/special_ability_phases_tables/data__.tsv,2175,9.0.1
wh_dlc04_spell_bound_shield_of_faith_upgraded,50.0000,positive,,false,false,0.0000,0.0000,0.0000,0.0000,0,0,false,0.0000,0.0000,false,0,,wh_main_generic_ward_save_all,wh_ability_positive,false,true,true,0.0000,,,false,0.0000,0.0000,false,0.0000,data/unit_stats/source_exports/db/special_ability_phases_tables/data__.tsv,2176,9.0.1
wh_dlc04_unit_contact_helmans_blight,10.0000,negative,,false,false,0.0000,0.0000,0.0000,0.0000,0,0,false,0.0000,0.0000,false,0,,,,false,false,true,0.0000,,,false,0.0000,0.0000,false,0.0000,data/unit_stats/source_exports/db/special_ability_phases_tables/data__.tsv,2177,9.0.1
wh_dlc04_unit_passive_balefire,-1.0000,positive,,false,false,0.0000,0.0000,0.0000,0.0000,0,0,false,0.0000,0.0000,true,10,,,,false,true,true,0.0000,,,false,0.0000,0.0000,false,0.0000,data/unit_stats/source_exports/db/special_ability_phases_tables/data__.tsv,2178,9.0.1
wh_dlc04_unit_passive_blasphemous_tome,-1.0000,positive,,false,false,0.0000,0.0000,0.0000,0.0000,0,0,false,0.4000,0.0000,false,0,,,,false,true,true,0.0000,,,false,0.0000,0.0000,false,0.0000,data/unit_stats/source_exports/db/special_ability_phases_tables/data__.tsv,2179,9.0.1
wh_dlc04_unit_passive_chilling_aura,-1.0000,negative,,false,false,0.0000,0.0000,0.0000,0.0000,0,0,false,0.0000,0.0000,false,0,,wh_dlc08_chill_cloud,,false,true,true,0.0000,,,false,0.0000,0.0000,false,0.0000,data/unit_stats/source_exports/db/special_ability_phases_tables/data__.tsv,2180,9.0.1
wh_dlc04_unit_passive_strength_of_the_penitent,20.0000,positive,,false,false,0.0000,0.0000,0.0000,0.0000,0,0,false,0.0000,0.0000,false,0,,wh_main_generic_buff_attack_passive,,false,true,true,0.0000,,,false,0.0000,0.0000,false,0.0000,data/unit_stats/source_exports/db/special_ability_phases_tables/data__.tsv,2181,9.0.1
wh_dlc04_unit_passive_the_reliquary_binding,-1.0000,positive,,false,false,0.0000,0.0000,0.0000,1.0000,0,0,false,0.0000,0.0000,true,0,,wh_main_generic_hp_regen_passive,,false,true,true,0.0000,,,false,0.0005,0.0000,false,0.0000,data/unit_stats/source_exports/db/special_ability_phases_tables/data__.tsv,2182,9.0.1
wh_dlc04_unit_passive_the_reliquary_corruption,-1.0000,negative,,false,false,0.0000,0.0000,0.0000,1.0000,8,4,false,0.0000,0.0000,false,0,,wh_main_generic_hp_damage_passive,,false,true,true,0.0000,,,false,0.0000,0.0000,false,0.0000,data/unit_stats/source_exports/db/special_ability_phases_tables/data__.tsv,2183,9.0.1
wh_dlc04_unit_passive_unbinding_crypt_ghouls,60.0000,negative,,false,false,0.0000,0.0000,0.0000,1.0000,0,0,false,0.0000,0.0000,false,0,,wh_main_bound_entity_energy_small,wh2_dlc13_ability_summon_unbinding_generic_small_phase_01,false,true,true,0.0000,,,false,0.0000,0.0000,false,0.0000,data/unit_stats/source_exports/db/special_ability_phases_tables/data__.tsv,2184,9.0.1
wh_dlc04_unit_passive_unbinding_crypt_horrors,55.0000,negative,,false,false,0.0000,0.0000,0.0000,1.0000,0,0,false,0.0000,0.0000,false,0,,wh_main_bound_entity_energy_small,wh2_dlc13_ability_summon_unbinding_generic_large_phase_01,false,true,true,0.0000,,,false,0.0000,0.0000,false,0.0000,data/unit_stats/source_exports/db/special_ability_phases_tables/data__.tsv,2185,9.0.1
wh_dlc04_unit_passive_unbinding_grave_guard,70.0000,negative,,false,false,0.0000,0.0000,0.0000,1.0000,0,0,false,0.0000,0.0000,false,0,,wh_main_bound_entity_energy_small,wh2_dlc13_ability_summon_unbinding_generic_small_phase_01,false,true,true,0.0000,,,false,0.0000,0.0000,false,0.0000,data/unit_stats/source_exports/db/special_ability_phases_tables/data__.tsv,2186,9.0.1
wh_dlc04_unit_passive_unbinding_wight_king,105.0000,negative,,false,false,0.0000,0.0000,0.0000,1.0000,0,0,false,0.0000,0.0000,false,0,,wh_main_bound_entity_energy_small,wh2_dlc13_ability_summon_unbinding_generic_small_phase_01,false,true,true,0.0000,,,false,0.0000,0.0000,false,0.0000,data/unit_stats/source_exports/db/special_ability_phases_tables/data__.tsv,2187,9.0.1
wh_dlc04_unit_passive_unholy_lodestone,-1.0000,positive,,false,false,0.0000,0.0000,0.0000,1.0000,0,0,false,0.0000,0.0000,false,0,,wh_main_generic_hp_regen_passive,,false,true,true,0.0000,,,false,0.0005,0.0000,false,0.0000,data/unit_stats/source_exports/db/special_ability_phases_tables/data__.tsv,2188,9.0.1
wh_dlc04_unit_passive_vigour_mortis,-1.0000,positive,,false,false,-0.0100,0.0000,0.0000,0.0000,0,0,false,0.0000,0.0000,false,0,,wh_main_generic_buff_attack_passive,,false,true,true,0.0000,,,false,0.0000,0.0000,false,0.0000,data/unit_stats/source_exports/db/special_ability_phases_tables/data__.tsv,2189,9.0.1
wh_dlc04_weapon_passive_blood_drinker,-1.0000,positive,,false,false,0.0000,0.0000,0.0000,1.0000,0,0,false,0.0000,0.0000,false,0,,,,false,true,true,0.0000,,,false,0.0020,0.0000,false,0.0000,data/unit_stats/source_exports/db/special_ability_phases_tables/data__.tsv,2190,9.0.1
wh_dlc05_banner_passive_banner_of_the_eternal_queen,-1.0000,positive,,false,false,0.0000,0.0000,0.0000,0.0000,0,0,false,0.0000,0.0000,false,0,,,,false,true,true,0.0000,,,false,0.0000,0.0000,false,0.0000,data/unit_stats/source_exports/db/special_ability_phases_tables/data__.tsv,2191,9.0.1
wh_dlc05_banner_passive_banner_of_the_hunter_king,-1.0000,positive,,false,false,0.0000,0.0000,0.0000,0.0000,0,0,false,0.0000,0.0000,false,0,,,,false,true,true,0.0000,,,false,0.0000,0.0000,false,0.0000,data/unit_stats/source_exports/db/special_ability_phases_tables/data__.tsv,2192,9.0.1
wh_dlc05_character_abilities_pray_of_anath_raema,16.0000,negative,,true,false,0.0000,0.0000,0.0000,0.0000,0,0,false,0.0000,0.0000,false,0,,wh_dlc05_ability_pray_of_anath_raema,wh_ability_negative,false,true,true,0.0000,,,false,0.0000,0.0000,false,0.0000,data/unit_stats/source_exports/db/special_ability_phases_tables/data__.tsv,2193,9.0.1
wh_dlc05_hero_passive_blessing_of_the_ancients,-1.0000,positive,,false,false,0.0000,0.0000,0.0000,0.0000,0,0,false,0.6000,0.0000,false,0,,,,false,true,true,0.0000,,,false,0.0000,0.0000,false,0.0000,data/unit_stats/source_exports/db/special_ability_phases_tables/data__.tsv,2194,9.0.1
wh_dlc05_hero_passive_hawkish_finesse,-1.0000,positive,,false,false,0.0000,0.0000,0.0000,0.0000,0,0,false,0.0000,0.0000,false,0,,wh_main_generic_buff_attack_passive,,false,true,true,0.0000,,,false,0.0000,0.0000,false,0.0000,data/unit_stats/source_exports/db/special_ability_phases_tables/data__.tsv,2195,9.0.1
wh_dlc05_hero_passive_hawkish_precision,-1.0000,positive,,false,false,0.0000,0.0000,0.0000,0.0000,0,0,false,0.0000,0.0000,false,0,,wh_main_generic_buff_attack_passive,,false,true,true,0.0000,,,false,0.0000,0.0000,false,0.0000,data/unit_stats/source_exports/db/special_ability_phases_tables/data__.tsv,2196,9.0.1
wh_dlc05_item_abilities_horn_of_the_wild_hunt,24.0000,positive,,false,false,0.0000,0.0000,0.0000,0.0000,0,0,false,0.0000,0.0000,false,0,,wh_main_generic_buff_attack,wh_ability_positive,false,true,true,0.0000,,,false,0.0000,0.0000,false,0.0000,data/unit_stats/source_exports/db/special_ability_phases_tables/data__.tsv,2197,9.0.1
wh_dlc05_item_passive_cloak_of_isha,-1.0000,positive,,false,false,0.0000,0.0000,0.0000,1.0000,0,0,false,0.0000,0.0000,false,0,,wh_main_generic_ward_save_all_passive,,false,true,true,0.0000,,,false,0.0020,0.0000,false,0.0000,data/unit_stats/source_exports/db/special_ability_phases_tables/data__.tsv,2198,9.0.1
wh_dlc05_lord_abilities_spirit_essence_of_chaos,10.0000,negative,,false,false,0.0000,0.0000,0.0000,1.0000,2660,100,false,0.0000,0.0000,false,0,,wh_dlc03_spell_beast_flock_of_doom,,false,true,true,0.0000,,,false,0.0000,0.0000,false,0.0000,data/unit_stats/source_exports/db/special_ability_phases_tables/data__.tsv,2199,9.0.1
wh_dlc05_lord_passive_call_of_the_woods,-1.0000,positive,,false,false,0.0000,0.0000,0.0000,0.0000,0,0,false,0.0000,0.0000,false,0,,wh_main_generic_buff_attack_passive,,false,true,true,0.0000,,,false,0.0000,0.0000,false,0.0000,data/unit_stats/source_exports/db/special_ability_phases_tables/data__.tsv,2200,9.0.1
wh_dlc05_lord_passive_howl_of_the_forest,-1.0000,positive,,false,false,0.0000,0.0000,0.0000,0.0000,0,0,false,0.0000,0.0000,false,0,,wh_main_generic_buff_attack_passive,,false,true,true,0.0000,,,false,0.0000,0.0000,false,0.0000,data/unit_stats/source_exports/db/special_ability_phases_tables/data__.tsv,2201,9.0.1
wh_dlc05_lord_passive_sight_beyond_sight,-1.0000,positive,,false,false,0.0000,0.0000,0.0000,0.0000,0,0,false,0.0000,0.0000,false,0,,wh_main_generic_buff_attack_passive,,false,true,true,0.0000,,,false,0.0000,0.0000,false,0.0000,data/unit_stats/source_exports/db/special_ability_phases_tables/data__.tsv,2202,9.0.1
wh_dlc05_lord_passive_the_eye_of_kurnous,-1.0000,positive,,false,false,0.0000,0.0000,0.0000,0.0000,0,0,false,0.0000,0.0000,false,0,,wh_main_generic_buff_attack_passive,,false,true,true,0.0000,,,false,0.0000,0.0000,false,0.0000,data/unit_stats/source_exports/db/special_ability_phases_tables/data__.tsv,2203,9.0.1
wh_dlc05_lore_passive_life_bloom,4.0000,positive,,false,false,0.0000,0.0000,0.0000,1.0000,0,0,false,0.0000,0.0000,false,0,,,,false,true,true,0.0000,,,false,0.0020,0.0000,false,0.0000,data/unit_stats/source_exports/db/special_ability_phases_tables/data__.tsv,2204,9.0.1
wh_dlc05_lore_passive_smoke_and_mirrors,24.0000,positive,,false,false,0.0000,0.0000,0.0000,0.0000,0,0,false,0.0000,0.0000,false,0,,,,false,true,true,0.0000,,,false,0.0000,0.0000,false,0.0000,data/unit_stats/source_exports/db/special_ability_phases_tables/data__.tsv,2205,9.0.1
wh_dlc05_quest_passive_aura_of_transmutation,60.0000,positive,,false,false,0.0000,0.0000,0.0000,0.0000,0,0,false,0.0000,0.0000,false,0,,wh_dlc05_abilities_aura_of_transmutation,,false,true,true,0.0000,,,false,0.0000,0.0000,false,0.0000,data/unit_stats/source_exports/db/special_ability_phases_tables/data__.tsv,2206,9.0.1
wh_dlc05_quest_passive_blessed_by_the_mage_queen,240.0000,positive,,false,false,0.0000,0.0000,0.0000,1.0000,0,0,false,0.0000,0.0000,false,0,,wh_main_generic_hp_damage_passive,,false,true,true,0.0000,,,false,0.0020,0.0000,false,0.0000,data/unit_stats/source_exports/db/special_ability_phases_tables/data__.tsv,2207,9.0.1
wh_dlc05_quest_passive_blessed_by_the_mage_queen_1,330.0000,positive,,false,false,0.0000,0.0000,0.0000,1.0000,0,0,false,0.0000,0.0000,false,0,,wh_main_generic_hp_damage_passive,,false,true,true,0.0000,,,false,0.0030,0.0000,false,0.0000,data/unit_stats/source_exports/db/special_ability_phases_tables/data__.tsv,2208,9.0.1
wh_dlc05_quest_passive_blessed_by_the_mage_queen_2,-1.0000,positive,,false,false,0.0000,0.0000,0.0000,1.0000,0,0,false,0.0000,0.0000,false,0,,wh_main_generic_hp_damage_passive,,false,true,true,0.0000,,,false,0.0040,0.0000,false,0.0000,data/unit_stats/source_exports/db/special_ability_phases_tables/data__.tsv,2209,9.0.1
wh_dlc05_quest_passive_corruptor_of_the_shadowgave,240.0000,negative,,false,false,0.0000,0.0000,0.0000,1.0000,8,2,false,0.0000,0.0000,false,0,,wh_main_generic_hp_damage_passive,,false,true,true,0.0000,,,false,0.0000,0.0000,false,0.0000,data/unit_stats/source_exports/db/special_ability_phases_tables/data__.tsv,2210,9.0.1
wh_dlc05_quest_passive_corruptor_of_the_shadowgave_1,330.0000,negative,,false,false,0.0000,0.0000,0.0000,1.0000,8,2,false,0.0000,0.0000,false,0,,wh_main_generic_hp_damage_passive,,false,true,true,0.0000,,,false,0.0000,0.0000,false,0.0000,data/unit_stats/source_exports/db/special_ability_phases_tables/data__.tsv,2211,9.0.1
wh_dlc05_quest_passive_corruptor_of_the_shadowgave_2,-1.0000,negative,,false,false,0.0000,0.0000,0.0000,1.0000,8,2,false,0.0000,0.0000,false,0,,wh_main_generic_hp_damage_passive,,false,true,true,0.0000,,,false,0.0000,0.0000,false,0.0000,data/unit_stats/source_exports/db/special_ability_phases_tables/data__.tsv,2212,9.0.1
wh_dlc05_quest_passive_gift_of_slaanesh,10.0000,positive,,false,false,0.0000,0.0000,0.0000,1.0000,2660,50,false,0.0000,0.0000,false,0,,,,false,true,true,0.0000,,,false,0.0000,0.0000,false,0.0000,data/unit_stats/source_exports/db/special_ability_phases_tables/data__.tsv,2213,9.0.1
wh_dlc05_spell_life_awakening_of_the_wood,12.0000,negative,,false,false,0.0000,0.0000,0.0000,0.0000,0,0,false,0.0000,0.0000,false,0,,,,false,false,true,0.0000,,,false,0.0000,0.0000,false,0.0000,data/unit_stats/source_exports/db/special_ability_phases_tables/data__.tsv,2214,9.0.1
wh_dlc05_spell_life_earth_blood,7.0000,positive,,false,false,0.0000,0.0000,0.0000,1.0000,0,0,false,0.0000,0.0000,false,0,,wh_dlc05_spell_life_earth_blood,wh_dlc05_spell_life_earth_blood,false,true,true,0.0000,,,false,0.0080,0.0000,false,0.0000,data/unit_stats/source_exports/db/special_ability_phases_tables/data__.tsv,2215,9.0.1
wh_dlc05_spell_life_earth_blood_upgraded,14.0000,positive,,false,false,0.0000,0.0000,0.0000,1.0000,0,0,false,0.0000,0.0000,false,0,,wh_dlc05_spell_life_earth_blood,wh_dlc05_spell_life_earth_blood,false,true,true,0.0000,,,false,0.0080,0.0000,false,0.0000,data/unit_stats/source_exports/db/special_ability_phases_tables/data__.tsv,2216,9.0.1
wh_dlc05_spell_life_flesh_to_stone,19.0000,positive,,false,false,0.0000,0.0000,0.0000,0.0000,0,0,false,0.0000,0.0000,false,0,,wh_dlc05_spell_life_flesh_to_stone,wh_dlc05_spell_life_flesh_to_stone,false,true,true,0.0000,,,false,0.0000,0.0000,false,0.0000,data/unit_stats/source_exports/db/special_ability_phases_tables/data__.tsv,2217,9.0.1
wh_dlc05_spell_life_flesh_to_stone_upgraded,38.0000,positive,,false,false,0.0000,0.0000,0.0000,0.0000,0,0,false,0.0000,0.0000,false,0,,wh_dlc05_spell_life_flesh_to_stone,wh_dlc05_spell_life_flesh_to_stone,false,true,true,0.0000,,,false,0.0000,0.0000,false,0.0000,data/unit_stats/source_exports/db/special_ability_phases_tables/data__.tsv,2218,9.0.1
wh_dlc05_spell_life_regrowth,26.0000,positive,,false,false,-0.0100,0.0000,0.0000,1.0000,0,0,false,0.0000,0.0000,false,0,,wh_dlc05_spell_life_regrowth,wh_dlc05_spell_life_regrowth,false,true,true,0.0000,,,false,0.0080,0.0000,false,0.0000,data/unit_stats/source_exports/db/special_ability_phases_tables/data__.tsv,2219,9.0.1
wh_dlc05_spell_life_regrowth_upgraded,26.0000,positive,,false,false,-0.0100,0.0000,0.0000,1.0000,0,0,false,0.0000,0.0000,false,0,,wh_dlc05_spell_life_regrowth,wh_dlc05_spell_life_regrowth,false,true,true,0.0000,,,false,0.0120,0.0000,false,0.0000,data/unit_stats/source_exports/db/special_ability_phases_tables/data__.tsv,2220,9.0.1
wh_dlc05_spell_life_shield_of_thorns,30.0000,positive,,false,false,0.0000,0.0000,0.0000,0.0000,0,0,false,0.0000,0.0000,false,0,,wh_dlc05_spell_life_shield_of_thorns,wh_dlc05_spell_life_shield_of_thorns,false,true,true,0.0000,,,false,0.0000,0.0000,false,0.0000,data/unit_stats/source_exports/db/special_ability_phases_tables/data__.tsv,2221,9.0.1
wh_dlc05_spell_life_shield_of_thorns_upgraded,30.0000,positive,,false,false,0.0000,0.0000,0.0000,0.0000,0,0,false,0.0000,0.0000,false,0,,wh_dlc05_spell_life_shield_of_thorns,wh_dlc05_spell_life_shield_of_thorns,false,true,true,0.0000,,,false,0.0000,0.0000,false,0.0000,data/unit_stats/source_exports/db/special_ability_phases_tables/data__.tsv,2222,9.0.1
wh_dlc05_spell_life_the_dwellers_below,5.0000,negative,,false,false,0.0000,0.0000,0.0000,1.0000,0,0,false,0.0000,0.0000,false,0,,,,false,false,true,0.0000,,,false,0.0000,0.0000,false,0.0000,data/unit_stats/source_exports/db/special_ability_phases_tables/data__.tsv,2223,9.0.1
wh_dlc05_spell_life_the_dwellers_below_upgraded,5.0000,negative,,false,false,0.0000,0.0000,0.0000,1.0000,0,0,false,0.0000,0.0000,false,0,,,,false,false,true,0.0000,,,false,0.0000,0.0000,false,0.0000,data/unit_stats/source_exports/db/special_ability_phases_tables/data__.tsv,2224,9.0.1
wh_dlc05_spell_shadow_melkoths_mystifying_miasma,13.0000,negative,,false,false,0.0000,0.0000,0.0000,1.0000,5,25,false,0.0000,0.0000,false,0,,wh_dlc05_spell_shadow_melkoths_mystifying_miasma,wh_dlc05_spell_shadow_melkoths_mystifying_miasma,false,true,true,0.0000,,,false,0.0000,0.0000,false,0.0000,data/unit_stats/source_exports/db/special_ability_phases_tables/data__.tsv,2225,9.0.1
wh_dlc05_spell_shadow_melkoths_mystifying_miasma_upgraded,13.0000,negative,,false,false,0.0000,0.0000,0.0000,1.0000,5,25,false,0.0000,0.0000,false,0,,wh_dlc05_spell_shadow_melkoths_mystifying_miasma,wh_dlc05_spell_shadow_melkoths_mystifying_miasma,false,true,true,0.0000,,,false,0.0000,0.0000,false,0.0000,data/unit_stats/source_exports/db/special_ability_phases_tables/data__.tsv,2226,9.0.1
wh_dlc05_spell_shadow_okkams_mindrazor,32.0000,positive,,false,false,0.0000,0.0000,0.0000,0.0000,0,0,false,0.0000,0.0000,true,0,,wh_main_shadow_buff_attack_passive,wh_dlc05_spell_shadow_okkams_mindrazor,false,true,true,0.0000,,,false,0.0000,0.0000,false,0.0000,data/unit_stats/source_exports/db/special_ability_phases_tables/data__.tsv,2227,9.0.1
wh_dlc05_spell_shadow_okkams_mindrazor_upgraded,32.0000,positive,,false,false,0.0000,0.0000,0.0000,0.0000,0,0,false,0.0000,0.0000,true,0,,wh_main_shadow_buff_attack_passive,wh_dlc05_spell_shadow_okkams_mindrazor,false,true,true,0.0000,,,false,0.0000,0.0000,false,0.0000,data/unit_stats/source_exports/db/special_ability_phases_tables/data__.tsv,2228,9.0.1
wh_dlc05_spell_shadow_the_enfeebling_foe,17.0000,negative,,false,false,0.0000,0.0000,0.0000,0.0000,0,0,false,0.0000,0.0000,false,0,,wh_dlc05_spell_shadow_the_enfeebling_foe,wh_dlc05_spell_shadow_the_enfeebling_foe,false,true,true,0.0000,,,false,0.0000,0.0000,false,0.0000,data/unit_stats/source_exports/db/special_ability_phases_tables/data__.tsv,2229,9.0.1
wh_dlc05_spell_shadow_the_enfeebling_foe_upgraded,34.0000,negative,,false,false,0.0000,0.0000,0.0000,0.0000,0,0,false,0.0000,0.0000,false,0,,wh_dlc05_spell_shadow_the_enfeebling_foe,wh_dlc05_spell_shadow_the_enfeebling_foe,false,true,true,0.0000,,,false,0.0000,0.0000,false,0.0000,data/unit_stats/source_exports/db/special_ability_phases_tables/data__.tsv,2230,9.0.1
wh_dlc05_spell_shadow_the_withering,40.0000,negative,,false,false,0.0000,0.0000,0.0000,0.0000,0,0,false,0.0000,0.0000,false,0,,wh_dlc05_spell_shadow_the_withering,wh_dlc05_spell_shadow_the_withering,false,true,true,0.0000,,,false,0.0000,0.0000,false,0.0000,data/unit_stats/source_exports/db/special_ability_phases_tables/data__.tsv,2231,9.0.1
wh_dlc05_spell_shadow_the_withering_upgraded,40.0000,negative,,false,false,0.0000,0.0000,0.0000,0.0000,0,0,false,0.0000,0.0000,false,0,,wh_dlc05_spell_shadow_the_withering,wh_dlc05_spell_shadow_the_withering,false,true,true,0.0000,,,false,0.0000,0.0000,false,0.0000,data/unit_stats/source_exports/db/special_ability_phases_tables/data__.tsv,2232,9.0.1
wh_dlc05_unit_abilities_storm_of_blades,-1.0000,positive,,false,false,0.0000,0.0000,0.0000,0.0000,0,0,false,0.0000,0.0000,false,0,,wh_main_generic_buff_attack,,false,true,true,0.0000,,,false,0.0000,0.0000,false,0.0000,data/unit_stats/source_exports/db/special_ability_phases_tables/data__.tsv,2233,9.0.1
wh_dlc05_unit_abilities_the_shadows_coil,-1.0000,positive,,false,false,0.0000,0.0000,0.0000,0.0000,0,0,false,0.0000,0.0000,false,0,,wh_main_generic_buff_defence,wh_dlc05_ability_shadows_coil,false,true,true,0.0000,,,false,0.0000,0.0000,false,0.0000,data/unit_stats/source_exports/db/special_ability_phases_tables/data__.tsv,2234,9.0.1
wh_dlc05_unit_abilities_woven_mist,-1.0000,positive,,false,false,0.0000,0.0000,0.0000,0.0000,0,0,false,0.0000,0.0000,false,0,,wh_main_generic_ward_save_missile,wh_dlc05_ability_shadows_coil,false,true,true,0.0000,,,false,0.0000,0.0000,false,0.0000,data/unit_stats/source_exports/db/special_ability_phases_tables/data__.tsv,2235,9.0.1
wh_dlc05_unit_passive_ancient_protector,-1.0000,negative,,false,false,0.0000,0.0000,0.0000,0.0000,0,0,false,0.0000,0.0000,false,0,,,,false,true,true,0.0000,,,false,0.0000,0.0000,true,0.0000,data/unit_stats/source_exports/db/special_ability_phases_tables/data__.tsv,2236,9.0.1
wh_dlc05_unit_passive_guardians_of_the_wildwood,-1.0000,positive,,false,false,0.0000,0.0000,0.0000,0.0000,0,0,false,0.0000,0.0000,false,0,,,,false,true,true,0.0000,,,false,0.0000,0.0000,false,0.0000,data/unit_stats/source_exports/db/special_ability_phases_tables/data__.tsv,2237,9.0.1
wh_dlc05_weapon_abilities_daiths_sword,17.0000,negative,,false,false,0.0000,0.0000,0.0000,1.0000,5,25,false,0.0000,0.0000,false,0,,wh_main_generic_debuff_defence,wh_ability_negative,false,true,true,0.0000,,,false,0.0000,0.0000,false,0.0000,data/unit_stats/source_exports/db/special_ability_phases_tables/data__.tsv,2238,9.0.1
wh_dlc05_weapon_abilities_el_syf,24.0000,negative,,false,false,0.0000,0.0000,0.0000,0.0000,0,0,false,0.0000,0.0000,false,0,,wh_main_generic_debuff_defence_passive,wh_ability_negative,false,true,true,0.0000,,,false,0.0000,0.0000,false,0.0000,data/unit_stats/source_exports/db/special_ability_phases_tables/data__.tsv,2239,9.0.1
wh_dlc06_character_abilities_effagee_of_da_git,13.0000,negative,,true,false,0.0000,0.0000,0.0000,1.0000,67,1,false,0.0000,0.0000,false,0,,wh_dlc06_character_abilities_effagee_of_da_git,wh_dlc06_character_abilities_effagee_of_da_git,false,true,true,0.0000,,,false,0.0000,0.0000,false,0.0000,data/unit_stats/source_exports/db/special_ability_phases_tables/data__.tsv,2240,9.0.1
wh_dlc06_item_passive_squiggly_beast,-1.0000,positive,,false,false,0.0000,0.0000,0.0000,0.0000,0,0,false,0.6000,0.0000,false,0,,,,false,true,true,0.0000,,,false,0.0000,0.0000,false,0.0000,data/unit_stats/source_exports/db/special_ability_phases_tables/data__.tsv,2241,9.0.1
wh_dlc06_lord_abilities_mighty_oath_stone,25.0000,positive,,false,false,0.0000,0.0000,0.0000,0.0000,0,0,false,0.0000,0.0000,false,0,,wh_main_generic_buff_defence_morale,wh_ability_positive_one_shot,false,true,true,0.0000,,,false,0.0000,0.0000,false,0.0000,data/unit_stats/source_exports/db/special_ability_phases_tables/data__.tsv,2242,9.0.1
wh_dlc06_lord_abilities_revenge_incarnate,33.0000,positive,,false,false,0.0000,0.0000,0.0000,0.0000,0,0,false,0.0000,0.0000,false,0,,wh_main_generic_buff_attack,wh_ability_positive,false,true,true,0.0000,,,false,0.0000,0.0000,false,0.0000,data/unit_stats/source_exports/db/special_ability_phases_tables/data__.tsv,2243,9.0.1
wh_dlc06_lord_abilities_spite_of_da_bad_moon,20.0000,positive,,false,false,0.0000,0.0000,0.0000,0.0000,0,0,false,0.0000,0.0000,false,0,,wh_main_generic_buff_attack,wh_ability_positive_aoe,false,true,true,0.0000,,,false,0.0000,0.0000,false,0.0000,data/unit_stats/source_exports/db/special_ability_phases_tables/data__.tsv,2244,9.0.1
wh_dlc06_lord_abilities_tricksy_traps,32.0000,positive,,false,false,0.0000,0.0000,0.0000,0.0000,0,0,false,0.0000,0.0000,false,0,,wh_main_spell_lil_waaagh_night_shroud,wh_main_spell_lil_waaagh_night_shroud,false,true,true,0.0000,,,false,0.0000,0.0000,false,0.0000,data/unit_stats/source_exports/db/special_ability_phases_tables/data__.tsv,2245,9.0.1
wh_dlc06_lord_passive_sneaky_schemes,-1.0000,positive,,false,false,0.0000,0.0000,0.0000,300.0000,0,0,false,0.0000,0.0000,false,0,,,,false,true,true,0.0000,,,false,1.0000,0.0000,false,0.0000,data/unit_stats/source_exports/db/special_ability_phases_tables/data__.tsv,2246,9.0.1
wh_dlc06_lord_passive_warpaint_of_wurrzag,-1.0000,positive,,false,false,0.0000,0.0000,0.0000,0.0000,0,0,false,0.0000,0.0000,false,0,,,,false,true,true,0.0000,,,false,0.0000,0.0000,false,0.0000,data/unit_stats/source_exports/db/special_ability_phases_tables/data__.tsv,2247,9.0.1
wh_dlc06_lord_passive_wurrzags_revenge,-1.0000,negative,,false,false,0.0000,0.0000,0.0000,0.0000,0,0,false,0.0000,0.0000,false,0,,,,false,true,true,0.0000,,,false,0.0000,0.0000,false,0.0000,data/unit_stats/source_exports/db/special_ability_phases_tables/data__.tsv,2248,9.0.1
wh_dlc06_quest_abilities_grand_faiths_bastion,60.0000,positive,,false,false,0.0000,0.0000,0.0000,0.0000,0,0,false,0.0000,0.0000,false,0,,wh_main_generic_ward_save_all,wh_ability_positive,false,true,true,0.0000,,,false,0.0000,0.0000,false,0.0000,data/unit_stats/source_exports/db/special_ability_phases_tables/data__.tsv,2249,9.0.1
wh_dlc06_quest_passive_inquisitor_of_sigmar,15.0000,positive,,false,false,0.0000,0.0000,0.0000,0.0000,0,0,false,0.0000,0.0000,false,0,,,,false,true,true,0.0000,,,false,0.0000,0.0000,false,0.0000,data/unit_stats/source_exports/db/special_ability_phases_tables/data__.tsv,2250,9.0.1
wh_dlc06_quest_passive_squigs_go_boom,2.0000,negative,,false,false,0.0000,0.0000,0.0000,1.0000,300,1,false,0.0000,0.0000,false,0,,,,true,true,true,0.0000,,,false,0.0000,0.0000,false,0.0000,data/unit_stats/source_exports/db/special_ability_phases_tables/data__.tsv,2251,9.0.1
wh_dlc06_rune_abilities_master_rune_of_negation,40.0000,positive,,false,false,0.0000,0.0000,0.0000,0.0000,0,0,false,0.0000,0.0000,false,0,,wh_main_generic_ward_save_all,wh2_dlc16_ability_rune_of_negation,false,true,true,0.0000,,,false,0.0000,0.0000,false,0.0000,data/unit_stats/source_exports/db/special_ability_phases_tables/data__.tsv,2252,9.0.1
wh_dlc06_rune_abilities_master_rune_of_oath_and_steel,44.0000,positive,,false,false,0.0000,0.0000,0.0000,0.0000,0,0,false,0.0000,0.0000,false,0,,wh_main_generic_buff_defence,wh2_dlc17_ability_rune_of_oath_and_steel,false,true,true,0.0000,,,false,0.0000,0.0000,false,0.0000,data/unit_stats/source_exports/db/special_ability_phases_tables/data__.tsv,2253,9.0.1
wh_dlc06_rune_abilities_master_rune_of_wrath_and_ruin,10.0000,negative,,false,false,0.0000,0.0000,0.0000,0.0000,0,0,false,0.0000,0.0000,false,0,,wh_main_generic_debuff_defence,wh_ability_negative,false,true,true,0.0000,,,false,0.0000,0.0000,false,0.0000,data/unit_stats/source_exports/db/special_ability_phases_tables/data__.tsv,2254,9.0.1
wh_dlc06_rune_passive_master_rune_of_slowness,-1.0000,negative,,false,false,0.0000,0.0000,0.0000,0.0000,0,0,false,0.0000,0.0000,false,0,,wh_main_generic_debuff_attack_passive,,false,true,true,0.0000,,,false,0.0000,0.0000,false,0.0000,data/unit_stats/source_exports/db/special_ability_phases_tables/data__.tsv,2255,9.0.1
wh_dlc06_rune_passive_rune_of_hearth_and_home,-1.0000,positive,,false,false,-0.0100,0.0000,0.0000,0.0000,0,0,false,0.0000,0.0000,false,0,,wh_main_generic_buff_defence_morale_passive,wh2_dlc17_ability_ancestral_rune_of_valaya,false,true,true,0.0000,,,false,0.0000,0.0000,false,0.0000,data/unit_stats/source_exports/db/special_ability_phases_tables/data__.tsv,2256,9.0.1
wh_dlc06_unit_abilities_marked_by_ulthar,28.0000,negative,,false,false,0.0000,0.0000,0.0000,0.0000,0,0,false,0.0000,0.0000,false,0,,wh_main_generic_debuff_defence,,false,true,true,0.0000,,,false,0.0000,0.0000,false,0.0000,data/unit_stats/source_exports/db/special_ability_phases_tables/data__.tsv,2257,9.0.1
wh_dlc06_unit_abilities_smoke_bomb,21.0000,negative,,false,false,0.0000,0.0000,0.0000,0.0000,0,0,false,0.0000,0.0000,false,0,,wh_main_generic_debuff_attack,,false,true,true,0.0000,,,false,0.0000,0.0000,false,0.0000,data/unit_stats/source_exports/db/special_ability_phases_tables/data__.tsv,2258,9.0.1
wh_dlc06_unit_contact_blinded,10.0000,negative,,false,false,0.0000,0.0000,0.0000,0.0000,0,0,false,0.0000,0.0000,false,0,,,,false,false,true,0.0000,,,false,0.0000,0.0000,false,0.0000,data/unit_stats/source_exports/db/special_ability_phases_tables/data__.tsv,2259,9.0.1
wh_dlc06_unit_contact_discouraged,10.0000,negative,,false,false,0.0000,0.0000,0.0000,0.0000,0,0,false,0.0000,0.0000,false,0,,,,false,false,true,0.0000,,,false,0.0000,0.0000,false,0.0000,data/unit_stats/source_exports/db/special_ability_phases_tables/data__.tsv,2260,9.0.1
wh_dlc06_unit_contact_flammable,10.0000,negative,,false,false,0.0000,0.0000,0.0000,0.0000,0,0,false,0.0000,0.0000,false,0,,,,false,false,true,0.0000,,,false,0.0000,0.0000,false,0.0000,data/unit_stats/source_exports/db/special_ability_phases_tables/data__.tsv,2261,9.0.1
wh_dlc06_unit_contact_sundered_armour,10.0000,negative,,false,false,0.0000,0.0000,0.0000,0.0000,0,0,false,0.0000,0.0000,false,0,,,,false,false,true,0.0000,,,false,0.0000,0.0000,false,0.0000,data/unit_stats/source_exports/db/special_ability_phases_tables/data__.tsv,2262,9.0.1
wh_dlc06_unit_passive_liquid_fortification,-1.0000,positive,,false,false,0.0000,0.0000,0.0000,1.0000,0,0,false,0.0000,0.0000,false,0,,,,false,true,true,0.0000,,,false,0.0010,0.0000,false,0.0000,data/unit_stats/source_exports/db/special_ability_phases_tables/data__.tsv,2263,9.0.1
wh_dlc06_unit_passive_opportunist_murderer,15.0000,positive,,false,false,0.0000,0.0000,0.0000,0.0000,0,0,false,0.0000,0.0000,false,0,,wh_main_generic_buff_attack_passive,,false,true,true,0.0000,,,false,0.0000,0.0000,false,0.0000,data/unit_stats/source_exports/db/special_ability_phases_tables/data__.tsv,2264,9.0.1
wh_dlc06_unit_passive_power_of_the_dragonback,-1.0000,positive,,false,false,0.0000,0.0000,0.0000,0.0000,0,0,false,0.0000,0.0000,false,0,wh_dlc06_unit_contact_flammable,,,false,true,true,0.0000,,,false,0.0000,0.0000,false,0.0000,data/unit_stats/source_exports/db/special_ability_phases_tables/data__.tsv,2265,9.0.1
wh_dlc06_unit_passive_squigs_go_wild,-1.0000,positive,,false,false,0.0000,0.0000,0.0000,0.0000,0,0,false,0.0000,0.0000,false,0,,wh_main_generic_buff_attack_passive,,false,true,true,0.0000,,,false,0.0000,0.0000,false,0.0000,data/unit_stats/source_exports/db/special_ability_phases_tables/data__.tsv,2266,9.0.1
wh_dlc06_unit_passive_the_old_grumblers,5.0000,positive,,false,false,-0.0100,0.0000,0.0000,0.0000,0,0,false,0.0000,0.0000,false,0,,wh_main_generic_hp_regen_passive,,false,true,true,0.0000,,,false,0.0000,0.0000,false,0.0000,data/unit_stats/source_exports/db/special_ability_phases_tables/data__.tsv,2267,9.0.1
wh_dlc06_unit_passive_unbinding_spider_hatchling,115.0000,negative,,false,false,0.0000,0.0000,0.0000,1.0000,0,0,false,0.0000,0.0000,false,0,,wh_main_bound_entity_energy_small,wh2_dlc13_ability_summon_unbinding_generic_large_phase_01,false,true,true,0.0000,,,false,0.0000,0.0000,false,0.0000,data/unit_stats/source_exports/db/special_ability_phases_tables/data__.tsv,2268,9.0.1
wh_dlc06_weapon_passive_bonewoof_staff,17.0000,positive,,false,false,0.0000,0.0000,0.0000,0.0000,0,0,false,0.0000,0.0000,false,0,,,,false,true,true,0.0000,,,false,0.0000,0.0000,false,0.0000,data/unit_stats/source_exports/db/special_ability_phases_tables/data__.tsv,2269,9.0.1
wh_dlc06_weapon_passive_hammer_of_angrund,-1.0000,positive,,false,false,0.0000,0.0000,0.0000,0.0000,0,0,false,0.0000,0.0000,false,0,,wh_main_generic_buff_attack_passive,,false,true,true,0.0000,,,false,0.0000,0.0000,false,0.0000,data/unit_stats/source_exports/db/special_ability_phases_tables/data__.tsv,2270,9.0.1
wh_dlc07_hero_abilities_dolorous_blade,33.0000,positive,,false,false,0.0000,0.0000,0.0000,0.0000,0,0,false,0.0000,0.0000,false,0,,wh_main_generic_buff_attack,wh_ability_positive,false,true,true,0.0000,,,false,0.0000,0.0000,false,0.0000,data/unit_stats/source_exports/db/special_ability_phases_tables/data__.tsv,2271,9.0.1
wh_dlc07_hero_passive_precise_control,-1.0000,positive,,false,false,0.0000,0.0000,0.0000,0.0000,0,0,false,0.0000,0.0000,false,0,,wh_main_generic_buff_attack_passive,,false,true,true,0.0000,,,false,0.0000,0.0000,false,0.0000,data/unit_stats/source_exports/db/special_ability_phases_tables/data__.tsv,2272,9.0.1
wh_dlc07_hero_passive_sacred_guardian,-1.0000,positive,,false,false,0.0000,0.0000,0.0000,1.0000,0,0,false,0.0000,0.0000,false,0,,wh_main_generic_hp_regen_passive,,false,true,true,0.0000,,,false,0.0010,0.0000,false,0.0000,data/unit_stats/source_exports/db/special_ability_phases_tables/data__.tsv,2273,9.0.1
wh_dlc07_lord_abilities_favour_of_the_fay,44.0000,positive,,false,false,0.0000,0.0000,0.0000,0.0000,0,0,false,0.0000,0.0000,false,0,,wh_main_generic_buff_attack,wh_dlc07_ability_favour_of_the_fay,false,true,true,0.0000,,,false,0.0000,0.0000,false,0.0000,data/unit_stats/source_exports/db/special_ability_phases_tables/data__.tsv,2274,9.0.1
wh_dlc07_lord_abilities_lions_shield,22.0000,positive,,false,false,0.0000,0.0000,0.0000,0.0000,0,0,false,0.0000,0.0000,false,0,,wh_main_generic_ward_save_magic,wh_ability_positive,false,true,true,0.0000,,,false,0.0000,0.0000,false,0.0000,data/unit_stats/source_exports/db/special_ability_phases_tables/data__.tsv,2275,9.0.1
wh_dlc07_lord_passive_mist_of_the_lady,-1.0000,negative,,false,false,0.0000,0.0000,0.0000,1.0000,8,2,false,0.0000,0.0000,false,0,,wh_main_generic_hp_damage_passive,,false,true,true,0.0000,,,false,0.0000,0.0000,false,0.0000,data/unit_stats/source_exports/db/special_ability_phases_tables/data__.tsv,2276,9.0.1
wh_dlc07_lord_passive_spirit_of_the_tempest,-1.0000,positive,,false,false,0.0000,0.0000,0.0000,0.0000,0,0,false,0.0000,0.0000,false,0,,wh_main_generic_buff_attack_passive,,false,true,true,0.0000,,,false,0.0000,0.0000,false,0.0000,data/unit_stats/source_exports/db/special_ability_phases_tables/data__.tsv,2277,9.0.1
wh_dlc07_unit_formation_diamond,-1.0000,positive,,false,false,0.0000,0.0000,0.0000,0.0000,0,-1,false,0.0000,0.0000,false,0,,,,false,true,true,0.0000,,,false,0.0000,0.0000,false,0.0000,data/unit_stats/source_exports/db/special_ability_phases_tables/data__.tsv,2278,9.0.1
wh_dlc07_unit_formation_flying_wedge,-1.0000,positive,,false,false,0.0000,0.0000,0.0000,0.0000,0,-1,false,0.0000,0.0000,false,0,,,,false,true,true,0.0000,,,false,0.0000,0.0000,false,0.0000,data/unit_stats/source_exports/db/special_ability_phases_tables/data__.tsv,2279,9.0.1
wh_dlc07_unit_formation_lance,-1.0000,positive,,false,false,0.0000,0.0000,0.0000,0.0000,0,0,false,0.0000,0.0000,false,0,,,,false,true,true,0.0000,,,false,0.0000,0.0000,false,0.0000,data/unit_stats/source_exports/db/special_ability_phases_tables/data__.tsv,2280,9.0.1
wh_dlc07_unit_formation_lance_buffer,3.0000,positive,,false,false,0.0000,0.0000,0.0000,0.0000,0,0,false,0.0000,0.0000,false,0,,,,false,true,true,0.0000,,,false,0.0000,0.0000,false,0.0000,data/unit_stats/source_exports/db/special_ability_phases_tables/data__.tsv,2281,9.0.1
wh_dlc07_unit_passive_icon_of_devotion,-1.0000,positive,,false,false,0.0000,0.0000,0.0000,0.0000,0,0,false,0.0000,0.0000,false,0,,wh_main_generic_buff_morale_passive,,false,true,true,0.0000,,,false,0.0000,0.0000,false,0.0000,data/unit_stats/source_exports/db/special_ability_phases_tables/data__.tsv,2282,9.0.1
wh_dlc07_unit_passive_impetuous,30.0000,positive,,false,false,0.0000,0.0000,0.0000,0.0000,0,0,false,0.0000,0.0000,false,0,,wh_main_generic_buff_defence_morale_passive,,false,true,true,0.0000,,,false,0.0000,0.0000,false,0.0000,data/unit_stats/source_exports/db/special_ability_phases_tables/data__.tsv,2283,9.0.1
wh_dlc07_unit_passive_the_peasants_duty,-1.0000,positive,,false,false,0.0000,0.0000,0.0000,0.0000,0,0,false,0.0000,0.0000,false,0,,wh_main_generic_buff_morale_passive,,false,true,true,0.0000,,,false,0.0000,0.0000,false,0.0000,data/unit_stats/source_exports/db/special_ability_phases_tables/data__.tsv,2284,9.0.1
wh_dlc08_character_abilities_hunter_of_champions,24.0000,negative,,false,false,0.0000,0.0000,0.0000,0.0000,0,0,false,0.0000,0.0000,false,0,,wh_dlc08_spell_nor_hunter_of_champions,wh_ability_negative,false,true,true,0.0000,,,false,0.0000,0.0000,false,0.0000,data/unit_stats/source_exports/db/special_ability_phases_tables/data__.tsv,2285,9.0.1
wh_dlc08_hero_passive_frenzied_assault,-1.0000,positive,,false,false,0.0000,0.0000,0.0000,0.0000,0,0,false,0.0000,0.0000,false,0,,,,false,true,true,0.0000,,,false,0.0000,0.0000,false,0.0000,data/unit_stats/source_exports/db/special_ability_phases_tables/data__.tsv,2286,9.0.1
wh_dlc08_hero_passive_ruinious_flesh,-1.0000,positive,,false,false,0.0000,0.0000,0.0000,0.0000,0,0,false,0.0000,0.0000,false,0,,,,false,true,true,0.0000,,,false,0.0000,0.0000,false,0.0000,data/unit_stats/source_exports/db/special_ability_phases_tables/data__.tsv,2287,9.0.1
wh_dlc08_hero_passive_twisted_flesh_i,-1.0000,positive,,false,false,0.0000,0.0000,0.0000,0.0000,0,0,false,0.0000,0.0000,false,0,,,,false,true,true,0.0000,,,false,0.0000,0.0000,false,0.0000,data/unit_stats/source_exports/db/special_ability_phases_tables/data__.tsv,2288,9.0.1
wh_dlc08_hero_passive_twisted_flesh_ii,-1.0000,positive,,false,false,0.0000,0.0000,0.0000,0.0000,0,0,false,0.0000,0.0000,false,0,,,,false,true,true,0.0000,,,false,0.0000,0.0000,false,0.0000,data/unit_stats/source_exports/db/special_ability_phases_tables/data__.tsv,2289,9.0.1
wh_dlc08_hero_passive_twisted_flesh_iii,-1.0000,positive,,false,false,0.0000,0.0000,0.0000,0.0000,0,0,false,0.0000,0.0000,false,0,,,,false,true,true,0.0000,,,false,0.0000,0.0000,false,0.0000,data/unit_stats/source_exports/db/special_ability_phases_tables/data__.tsv,2290,9.0.1
wh_dlc08_hero_passive_vicious_assault_i,-1.0000,positive,,false,false,0.0000,0.0000,0.0000,0.0000,0,0,false,0.0000,0.0000,false,0,,,,false,true,true,0.0000,,,false,0.0000,0.0000,false,0.0000,data/unit_stats/source_exports/db/special_ability_phases_tables/data__.tsv,2291,9.0.1
wh_dlc08_hero_passive_vicious_assault_ii,-1.0000,positive,,false,false,0.0000,0.0000,0.0000,0.0000,0,0,false,0.0000,0.0000,false,0,,,,false,true,true,0.0000,,,false,0.0000,0.0000,false,0.0000,data/unit_stats/source_exports/db/special_ability_phases_tables/data__.tsv,2292,9.0.1
wh_dlc08_hero_passive_vicious_assault_iii,-1.0000,positive,,false,false,0.0000,0.0000,0.0000,0.0000,0,0,false,0.0000,0.0000,false,0,,,,false,true,true,0.0000,,,false,0.0000,0.0000,false,0.0000,data/unit_stats/source_exports/db/special_ability_phases_tables/data__.tsv,2293,9.0.1
wh_dlc08_item_abilities_terrorgheist_skull,44.0000,positive,,false,false,0.0000,0.0000,-60.0000,0.0000,0,0,false,0.0000,0.0000,false,0,wh_dlc06_unit_contact_blinded,,wh_dlc08_ability_terrorgheist_skull,false,true,true,0.0000,,,false,0.0000,0.0000,false,0.0000,data/unit_stats/source_exports/db/special_ability_phases_tables/data__.tsv,2294,9.0.1
wh_dlc08_item_abilities_the_wintertooth_crown,24.0000,positive,,false,false,0.0000,0.0000,0.0000,0.0000,0,0,false,0.0000,0.0000,false,0,,wh_main_generic_buff_defence_morale,wh_ability_positive,false,true,true,0.0000,,,false,0.0000,0.0000,false,0.0000,data/unit_stats/source_exports/db/special_ability_phases_tables/data__.tsv,2295,9.0.1
wh_dlc08_item_abilities_vial_of_troll_blood,73.0000,positive,,false,false,0.0000,0.0000,0.0000,0.0000,0,0,false,0.0000,0.0000,false,0,,wh_main_generic_buff_morale,wh_ability_positive,false,true,true,0.0000,,,false,0.0000,0.0000,false,0.0000,data/unit_stats/source_exports/db/special_ability_phases_tables/data__.tsv,2296,9.0.1
wh_dlc08_lord_passive_daring_deathblow,-1.0000,positive,,false,false,0.0000,0.0000,0.0000,0.0000,0,0,false,0.0000,0.0000,false,0,,wh_main_generic_buff_attack_passive,,false,true,true,0.0000,,,false,0.0000,0.0000,false,0.0000,data/unit_stats/source_exports/db/special_ability_phases_tables/data__.tsv,2297,9.0.1
wh_dlc08_lord_passive_determined_deathblow,-1.0000,positive,,false,false,0.0000,0.0000,0.0000,0.0000,0,0,false,0.0000,0.0000,false,0,,wh_main_generic_buff_attack_passive,wh_ability_positive_one_shot,false,true,true,0.0000,,,false,0.0000,0.0000,false,0.0000,data/unit_stats/source_exports/db/special_ability_phases_tables/data__.tsv,2298,9.0.1
wh_dlc08_quest_abilities_soul_binding,10.0000,negative,,false,false,0.0000,0.0000,0.0000,1.0000,67,1,false,0.0000,0.0000,false,0,,wh_main_spell_death_soulblight,wh_main_spell_death_soulblight,false,true,true,0.0000,,,false,0.0000,0.0000,false,0.0000,data/unit_stats/source_exports/db/special_ability_phases_tables/data__.tsv,2299,9.0.1
wh_dlc08_quest_ancient_protector,-1.0000,positive,,false,false,0.0000,0.0000,0.0000,0.0000,0,0,false,0.0000,0.0000,false,0,,wh_dlc08_life_ancient_protector_entity_buff,,false,true,true,0.0000,,,false,0.0000,0.0000,false,0.0000,data/unit_stats/source_exports/db/special_ability_phases_tables/data__.tsv,2300,9.0.1
wh_dlc08_quest_passive_chilling_aura_boss,-1.0000,negative,,false,false,0.0000,0.0000,0.0000,0.0000,0,0,false,0.0000,0.0000,false,0,,wh_dlc08_chill_cloud,,false,true,true,0.0000,,,false,0.0000,0.0000,false,0.0000,data/unit_stats/source_exports/db/special_ability_phases_tables/data__.tsv,2301,9.0.1
wh_dlc08_quest_passive_exploding_fart,10.0000,negative,,false,false,0.0000,0.0000,0.0000,0.0000,0,0,false,0.0000,0.0000,false,0,,wh_main_generic_debuff_defence_attack_morale_passive,wh_dlc08_ability_explosive_fart,false,true,true,0.0000,,,false,0.0000,0.0000,false,0.0000,data/unit_stats/source_exports/db/special_ability_phases_tables/data__.tsv,2302,9.0.1
wh_dlc08_quest_passive_favoured_by_the_god,240.0000,positive,,false,false,0.0000,0.0000,0.0000,0.0000,0,0,false,0.0000,0.0000,false,0,,wh_dlc05_abilities_aura_of_transmutation,,false,true,true,0.0000,,,false,0.0000,0.0000,false,0.0000,data/unit_stats/source_exports/db/special_ability_phases_tables/data__.tsv,2303,9.0.1
wh_dlc08_quest_passive_lightening_down,20.0000,positive,,true,false,0.0000,0.0000,0.0000,0.0000,0,0,false,0.0000,0.0000,false,0,,,,false,true,true,0.0000,,,false,0.0000,0.0000,false,0.0000,data/unit_stats/source_exports/db/special_ability_phases_tables/data__.tsv,2304,9.0.1
wh_dlc08_unit_abilities_berserk_i,70.0000,positive,,false,false,0.0000,0.0000,0.0000,0.0000,0,0,false,0.0000,0.0000,false,0,,wh_main_generic_buff_attack,,false,true,true,0.0000,,,false,0.0000,0.0000,false,0.0000,data/unit_stats/source_exports/db/special_ability_phases_tables/data__.tsv,2305,9.0.1
wh_dlc08_unit_abilities_berserk_ii,20.0000,positive,,false,false,0.0000,0.0000,0.0000,0.0000,0,0,false,0.0000,0.0000,false,0,,wh_main_generic_buff_attack,,false,true,true,0.0000,,,false,0.0000,0.0000,false,0.0000,data/unit_stats/source_exports/db/special_ability_phases_tables/data__.tsv,2306,9.0.1
wh_dlc08_unit_abilities_favour_of_the_ruinous_powers,-1.0000,positive,,false,false,0.0000,0.0000,0.0000,0.0000,0,0,false,0.0000,0.0000,false,0,,,,false,true,true,0.0000,,,false,0.0000,0.0000,false,0.0000,data/unit_stats/source_exports/db/special_ability_phases_tables/data__.tsv,2307,9.0.1
wh_dlc08_unit_abilities_fight_or_die,18.0000,positive,,false,false,0.0000,0.0000,0.0000,0.0000,0,0,false,0.0000,0.0000,false,0,,wh_main_generic_buff_attack,wh_ability_positive,false,true,true,0.0000,,,false,0.0000,0.0000,false,0.0000,data/unit_stats/source_exports/db/special_ability_phases_tables/data__.tsv,2308,9.0.1
wh_dlc08_unit_abilities_rage_i,-1.0000,positive,,false,false,0.0000,0.0000,0.0000,0.0000,0,0,false,0.0000,0.0000,false,0,,wh_main_generic_buff_attack,,false,true,true,0.0000,,,false,0.0000,0.0000,false,0.0000,data/unit_stats/source_exports/db/special_ability_phases_tables/data__.tsv,2309,9.0.1
wh_dlc08_unit_abilities_seduction_of_the_serpent,17.0000,positive,,false,false,0.0000,0.0000,0.0000,0.0000,0,0,false,0.0000,0.0000,false,0,wh_dlc06_unit_contact_discouraged,wh_main_generic_buff_defence,wh_ability_positive,false,true,true,0.0000,,,false,0.0000,0.0000,false,0.0000,data/unit_stats/source_exports/db/special_ability_phases_tables/data__.tsv,2310,9.0.1
wh_dlc08_unit_contact_frostbite,10.0000,negative,,false,false,0.0000,0.0000,0.0000,0.0000,0,0,false,0.0000,0.0000,false,0,,,,false,false,true,0.0000,,,false,0.0000,0.0000,false,0.0000,data/unit_stats/source_exports/db/special_ability_phases_tables/data__.tsv,2311,9.0.1
wh_dlc08_unit_passive_from_the_mist,-1.0000,positive,,false,false,0.0000,0.0000,0.0000,0.0000,0,0,false,0.0000,0.0000,false,0,,,,false,true,true,0.0000,,,false,0.0000,0.0000,false,0.0000,data/unit_stats/source_exports/db/special_ability_phases_tables/data__.tsv,2312,9.0.1
wh_dlc08_weapon_abilities_stinky_giant_club,57.0000,positive,,false,false,0.0000,0.0000,0.0000,0.0000,0,0,false,0.0000,0.0000,false,0,,wh_main_generic_buff_attack_banner,wh_ability_positive,false,true,true,0.0000,,,false,0.0000,0.0000,false,0.0000,data/unit_stats/source_exports/db/special_ability_phases_tables/data__.tsv,2313,9.0.1
wh_dlc08_weapon_abilities_sword_of_torgald,44.0000,positive,,false,false,0.0000,0.0000,0.0000,0.0000,0,0,false,0.0000,0.0000,true,0,wh3_dlc26_contact_phase_inevitable_end,wh_main_generic_buff_attack_banner,wh_ability_positive_banner,false,true,true,0.0000,,,false,0.0000,0.0000,false,0.0000,data/unit_stats/source_exports/db/special_ability_phases_tables/data__.tsv,2314,9.0.1
wh_dlc08_weapon_passive_flaming_axe_of_cormac,-1.0000,positive,,false,false,0.0000,0.0000,0.0000,0.0000,0,0,false,0.0000,0.0000,false,10,,,,false,true,true,0.0000,,,false,0.0000,0.0000,false,0.0000,data/unit_stats/source_exports/db/special_ability_phases_tables/data__.tsv,2315,9.0.1
wh_dlc15_unit_passive_unbinding_rogue_idol,66.0000,negative,,false,false,0.0000,0.0000,0.0000,0.0000,0,0,false,0.0000,0.0000,false,0,,wh_main_bound_entity_energy_large,wh2_dlc13_ability_summon_unbinding_generic_large_phase_01,false,true,true,0.0000,,,false,0.0000,0.0000,false,0.0000,data/unit_stats/source_exports/db/special_ability_phases_tables/data__.tsv,2316,9.0.1
wh_main_banner_passive_banner_of_eternal_flame,-1.0000,positive,,false,false,0.0000,0.0000,0.0000,0.0000,0,0,false,0.0000,0.0000,false,50,,,,false,true,true,0.0000,,,false,0.0000,0.0000,false,0.0000,data/unit_stats/source_exports/db/special_ability_phases_tables/data__.tsv,2317,9.0.1
wh_main_banner_passive_banner_of_lost_holds,-1.0000,positive,,false,false,0.0000,0.0000,0.0000,0.0000,0,0,false,0.0000,0.0000,false,0,,wh_main_generic_debuff_attack_passive,,false,true,true,0.0000,,,false,0.0000,0.0000,false,0.0000,data/unit_stats/source_exports/db/special_ability_phases_tables/data__.tsv,2318,9.0.1
wh_main_banner_passive_banner_of_rage,-1.0000,positive,,false,false,0.0000,0.0000,0.0000,0.0000,0,0,false,0.0000,0.0000,false,0,,,,false,true,true,0.0000,,,false,0.0000,0.0000,false,0.0000,data/unit_stats/source_exports/db/special_ability_phases_tables/data__.tsv,2319,9.0.1
wh_main_banner_passive_gleaming_pennant,-1.0000,positive,,false,false,0.0000,0.0000,0.0000,0.0000,0,0,false,0.0000,0.0000,false,0,,,,false,true,true,0.0000,,,false,0.0000,0.0000,false,0.0000,data/unit_stats/source_exports/db/special_ability_phases_tables/data__.tsv,2320,9.0.1
wh_main_banner_passive_griffon_banner,-1.0000,negative,,false,false,0.0000,0.0000,0.0000,0.0000,0,0,false,0.0000,0.0000,false,0,,wh_main_generic_debuff_morale_passive,,false,true,true,0.0000,,,false,0.0000,0.0000,false,0.0000,data/unit_stats/source_exports/db/special_ability_phases_tables/data__.tsv,2321,9.0.1
wh_main_banner_passive_scarecrow_banner,-1.0000,negative,,false,false,0.0000,0.0000,0.0000,0.0000,0,0,false,0.0000,0.0000,false,0,,wh_main_generic_buff_morale_passive,,false,true,true,0.0000,,,false,0.0000,0.0000,false,0.0000,data/unit_stats/source_exports/db/special_ability_phases_tables/data__.tsv,2322,9.0.1
wh_main_banner_passive_spider_banner,-1.0000,positive,,false,false,0.0000,0.0000,0.0000,0.0000,0,0,false,0.0000,0.0000,false,0,wh_main_unit_contact_poison,,,false,true,true,0.0000,,,false,0.0000,0.0000,false,0.0000,data/unit_stats/source_exports/db/special_ability_phases_tables/data__.tsv,2323,9.0.1
wh_main_banner_passive_the_screaming_banner,-1.0000,negative,,false,false,0.0000,0.0000,0.0000,0.0000,0,0,false,0.0000,0.0000,false,0,,wh_main_generic_debuff_morale_passive,,false,true,true,0.0000,,,false,0.0000,0.0000,false,0.0000,data/unit_stats/source_exports/db/special_ability_phases_tables/data__.tsv,2324,9.0.1
wh_main_character_abilities_arcane_conduit,-1.0000,positive,,false,false,0.0000,0.0000,0.0000,0.0000,0,0,false,0.4000,0.0000,false,0,,,,false,true,true,0.0000,,,false,0.0000,0.0000,false,0.0000,data/unit_stats/source_exports/db/special_ability_phases_tables/data__.tsv,2325,9.0.1
wh_main_character_abilities_blood_lust,33.0000,positive,,false,false,0.0000,0.0000,0.0000,0.0000,0,0,false,0.0000,0.0000,false,0,,wh_main_generic_buff_attack,wh_ability_positive,false,true,true,0.0000,,,false,0.0000,0.0000,false,0.0000,data/unit_stats/source_exports/db/special_ability_phases_tables/data__.tsv,2326,9.0.1
wh_main_character_abilities_deadly_onslaught,31.0000,positive,,false,false,0.0000,0.0000,0.0000,0.0000,0,0,false,0.0000,0.0000,false,0,,wh_main_generic_buff_attack,wh_ability_positive,false,true,true,0.0000,,,false,0.0000,0.0000,false,0.0000,data/unit_stats/source_exports/db/special_ability_phases_tables/data__.tsv,2327,9.0.1
wh_main_character_abilities_foe_seeker,25.0000,positive,,false,false,-0.0100,0.0000,0.0000,0.0000,0,0,false,0.0000,0.0000,false,0,,wh_main_generic_buff_attack,wh_main_character_abilities_foe_seeker,false,true,true,0.0000,,,false,0.0000,0.0000,false,0.0000,data/unit_stats/source_exports/db/special_ability_phases_tables/data__.tsv,2328,9.0.1
wh_main_character_abilities_get_back_ere,14.0000,positive,,false,false,0.0000,0.0000,0.0000,0.0000,0,0,false,0.0000,0.0000,false,0,,wh_main_generic_buff_morale_banner,wh_ability_positive_one_shot,false,true,true,0.0000,,,false,0.0000,0.0000,false,0.0000,data/unit_stats/source_exports/db/special_ability_phases_tables/data__.tsv,2329,9.0.1
wh_main_character_abilities_heroic_killing_blow,25.0000,positive,,false,false,0.0000,0.0000,0.0000,0.0000,0,0,false,0.0000,0.0000,false,0,,wh_main_generic_buff_attack,wh_ability_positive,false,true,true,0.0000,,,false,0.0000,0.0000,false,0.0000,data/unit_stats/source_exports/db/special_ability_phases_tables/data__.tsv,2330,9.0.1
wh_main_character_abilities_magical_animus,14.0000,positive,,false,false,0.0000,0.0000,0.0000,0.0000,0,0,false,0.0000,0.0000,false,0,,wh_main_generic_buff_attack,wh_ability_positive,false,true,true,0.0000,,,false,0.0000,0.0000,false,0.0000,data/unit_stats/source_exports/db/special_ability_phases_tables/data__.tsv,2331,9.0.1
wh_main_character_abilities_rally,14.0000,positive,,false,false,0.0000,0.0000,0.0000,0.0000,0,0,false,0.0000,0.0000,false,0,,wh_main_generic_buff_attack,wh_ability_positive,false,true,true,0.0000,,,false,0.0000,0.0000,false,0.0000,data/unit_stats/source_exports/db/special_ability_phases_tables/data__.tsv,2332,9.0.1
wh_main_character_abilities_red_fury,31.0000,positive,,false,false,-0.0100,0.0000,0.0000,0.0000,0,0,false,0.0000,0.0000,false,0,,wh_main_generic_buff_attack,wh_main_character_abilities_red_fury,false,true,true,0.0000,,,false,0.0000,0.0000,false,0.0000,data/unit_stats/source_exports/db/special_ability_phases_tables/data__.tsv,2333,9.0.1
wh_main_character_abilities_stand_or_die,18.0000,positive,,false,false,0.0000,0.0000,0.0000,0.0000,0,0,false,0.0000,0.0000,false,0,,wh_main_generic_buff_defence,wh_ability_positive,false,true,true,0.0000,,,false,0.0000,0.0000,false,0.0000,data/unit_stats/source_exports/db/special_ability_phases_tables/data__.tsv,2334,9.0.1
wh_main_character_abilities_stand_your_ground,18.0000,positive,,false,false,0.0000,0.0000,0.0000,0.0000,0,0,false,0.0000,0.0000,false,0,,wh_main_generic_buff_defence,wh_ability_positive,false,true,true,0.0000,,,false,0.0000,0.0000,false,0.0000,data/unit_stats/source_exports/db/special_ability_phases_tables/data__.tsv,2335,9.0.1
wh_main_character_abilities_undeath_resurgent,18.0000,positive,,false,false,0.0000,0.0000,0.0000,0.0000,0,0,false,0.0000,0.0000,false,0,,wh_main_generic_buff_defence,wh_ability_positive,false,true,true,0.0000,,,false,0.0000,0.0000,false,0.0000,data/unit_stats/source_exports/db/special_ability_phases_tables/data__.tsv,2336,9.0.1
wh_main_character_abilities_waaagh,30.0000,positive,,false,false,0.0000,0.0000,0.0000,0.0000,0,0,false,0.0000,0.0000,false,0,,wh2_dlc10_waaagh,wh_main_character_abilities_waaagh,false,true,true,0.0000,,,false,0.0000,0.0000,false,0.0000,data/unit_stats/source_exports/db/special_ability_phases_tables/data__.tsv,2337,9.0.1
wh_main_character_passive_benediction,-1.0000,positive,,false,false,0.0000,0.0000,0.0000,0.0000,0,0,false,0.0000,0.0000,false,0,,wh_main_generic_buff_morale_passive,,false,true,true,0.0000,,,false,0.0000,0.0000,false,0.0000,data/unit_stats/source_exports/db/special_ability_phases_tables/data__.tsv,2338,9.0.1
wh_main_character_passive_dark_benediction,-1.0000,positive,,false,false,0.0000,0.0000,0.0000,0.0000,0,0,false,0.0000,0.0000,false,0,,wh_main_generic_buff_morale_passive,,false,true,true,0.0000,,,false,0.0000,0.0000,false,0.0000,data/unit_stats/source_exports/db/special_ability_phases_tables/data__.tsv,2339,9.0.1
wh_main_character_passive_evasion,-1.0000,positive,,false,false,0.0000,0.0000,0.0000,0.0000,0,0,false,0.0000,0.0000,false,0,,,,false,true,true,0.0000,,,false,0.0000,0.0000,false,0.0000,data/unit_stats/source_exports/db/special_ability_phases_tables/data__.tsv,2340,9.0.1
wh_main_character_passive_master_of_the_dead,-1.0000,positive,,false,false,0.0000,0.0000,0.0000,1.0000,0,0,false,0.0000,0.0000,false,0,,wh_main_generic_hp_regen_passive,,false,true,true,0.0000,,,false,0.0005,0.0000,false,0.0000,data/unit_stats/source_exports/db/special_ability_phases_tables/data__.tsv,2341,9.0.1
wh_main_hero_abilities_accusation,35.0000,negative,,false,false,0.0000,0.0000,0.0000,0.0000,0,0,false,0.0000,0.0000,false,0,,wh_main_generic_debuff_defence,wh_ability_negative,false,true,true,0.0000,,,false,0.0000,0.0000,false,0.0000,data/unit_stats/source_exports/db/special_ability_phases_tables/data__.tsv,2342,9.0.1
wh_main_hero_abilities_ballistics_calibration,22.0000,positive,,false,false,0.0000,0.0000,0.0000,0.0000,0,0,false,0.0000,0.0000,false,0,,wh_main_generic_buff_attack,wh_ability_positive,false,true,true,0.0000,,,false,0.0000,0.0000,false,0.0000,data/unit_stats/source_exports/db/special_ability_phases_tables/data__.tsv,2343,9.0.1
wh_main_hero_abilities_faiths_bastion,22.0000,positive,,false,false,0.0000,0.0000,0.0000,0.0000,0,0,false,0.0000,0.0000,false,0,,wh_main_generic_ward_save_all,wh_ability_positive,false,true,true,0.0000,,,false,0.0000,0.0000,false,0.0000,data/unit_stats/source_exports/db/special_ability_phases_tables/data__.tsv,2344,9.0.1
wh_main_hero_abilities_immortal_will,13.0000,positive,,false,false,0.0000,0.0000,0.0000,1.0000,0,0,false,0.0000,0.0000,false,0,,wh_main_generic_hp_regen,wh_main_item_abilities_potion_of_healing,false,true,true,0.0000,,,false,0.0080,0.0000,false,0.0000,data/unit_stats/source_exports/db/special_ability_phases_tables/data__.tsv,2345,9.0.1
wh_main_hero_abilities_mad_cap_mushrooms,50.0000,positive,,false,false,0.0000,0.0000,-30.0000,0.0000,0,0,false,0.0000,0.0000,false,0,,wh_main_generic_buff_attack,wh_ability_positive,false,true,true,0.0000,,,false,0.0000,0.0000,false,0.0000,data/unit_stats/source_exports/db/special_ability_phases_tables/data__.tsv,2346,9.0.1
wh_main_hero_abilities_slippery,25.0000,positive,,false,false,0.0000,0.0000,0.0000,0.0000,0,0,false,0.0000,0.0000,false,0,,wh_main_generic_buff_defence,wh_ability_positive,false,true,true,0.0000,,,false,0.0000,0.0000,false,0.0000,data/unit_stats/source_exports/db/special_ability_phases_tables/data__.tsv,2347,9.0.1
wh_main_hero_passive_aura_of_the_lady,-1.0000,positive,,false,false,0.0000,0.0000,0.0000,0.0000,0,0,false,0.0000,0.0000,false,0,,wh_main_generic_ward_save_magic_passive,,false,true,true,0.0000,,,false,0.0000,0.0000,false,0.0000,data/unit_stats/source_exports/db/special_ability_phases_tables/data__.tsv,2348,9.0.1
wh_main_hero_passive_extra_powder,-1.0000,positive,,false,false,0.0000,0.0000,0.0000,0.0000,0,0,false,0.0000,0.0000,false,0,,wh2_dlc11_unit_passive_extra_powder,,false,true,true,0.0000,,,false,0.0000,0.0000,false,0.0000,data/unit_stats/source_exports/db/special_ability_phases_tables/data__.tsv,2349,9.0.1
wh_main_hero_passive_forgefire,-1.0000,negative,,false,false,0.0000,0.0000,0.0000,0.0000,0,0,false,0.0000,0.0000,false,0,,wh_main_spell_fire_passive,,false,true,true,0.0000,,,false,0.0000,0.0000,false,0.0000,data/unit_stats/source_exports/db/special_ability_phases_tables/data__.tsv,2350,9.0.1
wh_main_hero_passive_swarm_of_flies,-1.0000,negative,,false,false,0.0000,0.0000,0.0000,0.0000,0,0,false,0.0000,0.0000,false,0,,,,false,true,true,0.0000,,,false,0.0000,0.0000,false,0.0000,data/unit_stats/source_exports/db/special_ability_phases_tables/data__.tsv,2351,9.0.1
wh_main_item_abilities_black_periapt,27.0000,positive,,false,false,0.0000,0.0000,0.0000,0.0000,0,0,false,1.6000,0.2000,false,0,,wh2_main_generic_buff_wom_banner,wh_ability_positive_one_shot,false,true,true,0.0000,,,false,0.0000,0.0000,false,0.0000,data/unit_stats/source_exports/db/special_ability_phases_tables/data__.tsv,2352,9.0.1
wh_main_item_abilities_channelling_staff,29.0000,positive,,false,false,0.0000,0.0000,-15.0000,0.0000,0,0,false,0.0000,0.0000,false,0,,wh_main_generic_buff_attack,wh_ability_positive,false,true,true,0.0000,,,false,0.0000,0.0000,false,0.0000,data/unit_stats/source_exports/db/special_ability_phases_tables/data__.tsv,2353,9.0.1
wh_main_item_abilities_cloak_of_mists_and_shadows,29.0000,positive,,false,false,0.0000,0.0000,0.0000,0.0000,0,0,false,0.0000,0.0000,true,0,,wh_main_generic_ward_save_all,wh_ability_positive,false,true,true,0.0000,,,false,0.0000,0.0000,false,0.0000,data/unit_stats/source_exports/db/special_ability_phases_tables/data__.tsv,2354,9.0.1
wh_main_item_abilities_crown_of_command,30.0000,positive,,false,false,0.0000,0.0000,0.0000,0.0000,0,0,false,0.0000,0.0000,false,0,,wh_main_generic_buff_morale,wh_ability_positive,false,true,true,0.0000,,,false,0.0000,0.0000,false,0.0000,data/unit_stats/source_exports/db/special_ability_phases_tables/data__.tsv,2355,9.0.1
wh_main_item_abilities_daemonic_strength,22.0000,positive,,false,false,0.0000,0.0000,0.0000,0.0000,0,0,false,0.0000,0.0000,false,0,,wh_main_generic_buff_attack_banner,wh_ability_positive_one_shot,false,true,true,0.0000,,,false,0.0000,0.0000,false,0.0000,data/unit_stats/source_exports/db/special_ability_phases_tables/data__.tsv,2356,9.0.1
wh_main_item_abilities_dark_fortune,57.0000,positive,,false,false,0.0000,0.0000,0.0000,0.0000,0,0,false,0.0000,0.0000,false,0,,wh_main_generic_ward_save_all,wh_ability_positive,false,true,true,0.0000,,,false,0.0000,0.0000,false,0.0000,data/unit_stats/source_exports/db/special_ability_phases_tables/data__.tsv,2357,9.0.1
wh_main_item_abilities_earthing_rod,36.0000,positive,,false,false,0.0000,0.0000,0.0000,0.0000,0,0,false,0.0000,0.0000,false,0,,wh_main_generic_buff_attack_banner,wh_ability_positive_one_shot,false,true,true,0.0000,,,false,0.0000,0.0000,false,0.0000,data/unit_stats/source_exports/db/special_ability_phases_tables/data__.tsv,2358,9.0.1
wh_main_item_abilities_forbidden_rod,23.0000,positive,,false,false,0.0000,0.0000,0.0000,1.0000,33,1,false,1.6000,0.2000,false,0,,wh2_main_generic_buff_wom_banner,wh_ability_positive_banner,false,true,true,0.0000,,,false,0.0000,0.0000,false,0.0000,data/unit_stats/source_exports/db/special_ability_phases_tables/data__.tsv,2359,9.0.1
wh_main_item_abilities_opal_amulet,22.0000,positive,,false,false,0.0000,0.0000,0.0000,0.0000,0,0,false,0.0000,0.0000,false,0,,wh_main_generic_ward_save_all,wh_ability_positive,false,true,true,0.0000,,,false,0.0000,0.0000,false,0.0000,data/unit_stats/source_exports/db/special_ability_phases_tables/data__.tsv,2360,9.0.1
wh_main_item_abilities_pendant_of_slaanesh,25.0000,positive,,false,false,0.0000,0.0000,0.0000,0.0000,0,0,false,0.0000,0.0000,false,0,,wh_main_generic_buff_attack_banner,wh_ability_positive_one_shot,false,true,true,0.0000,,,false,0.0000,0.0000,false,0.0000,data/unit_stats/source_exports/db/special_ability_phases_tables/data__.tsv,2361,9.0.1
wh_main_item_abilities_potion_of_foolhardiness,31.0000,positive,,false,false,0.0000,0.0000,0.0000,0.0000,0,0,false,0.0000,0.0000,false,0,,wh_main_generic_buff_morale,wh_ability_positive,false,true,true,0.0000,,,false,0.0000,0.0000,false,0.0000,data/unit_stats/source_exports/db/special_ability_phases_tables/data__.tsv,2362,9.0.1
wh_main_item_abilities_potion_of_healing,33.0000,positive,,false,false,0.0000,0.0000,0.0000,1.0000,0,0,false,0.0000,0.0000,false,0,,wh_main_generic_hp_regen,wh_main_item_abilities_potion_of_healing,false,true,true,0.0000,,,false,0.0080,0.0000,false,0.0000,data/unit_stats/source_exports/db/special_ability_phases_tables/data__.tsv,2363,9.0.1
wh_main_item_abilities_potion_of_speed,36.0000,positive,,false,false,-0.0100,0.0000,0.0000,0.0000,0,0,false,0.0000,0.0000,false,0,,wh_main_generic_buff_attack_banner,wh_ability_positive_one_shot,false,true,true,0.0000,,,false,0.0000,0.0000,false,0.0000,data/unit_stats/source_exports/db/special_ability_phases_tables/data__.tsv,2364,9.0.1
wh_main_item_abilities_potion_of_strength,33.0000,positive,,false,false,0.0000,0.0000,0.0000,0.0000,0,0,false,0.0000,0.0000,false,0,,wh_main_generic_buff_attack_banner,wh_ability_positive_one_shot,false,true,true,0.0000,,,false,0.0000,0.0000,false,0.0000,data/unit_stats/source_exports/db/special_ability_phases_tables/data__.tsv,2365,9.0.1
wh_main_item_abilities_potion_of_toughness,21.0000,positive,,false,false,0.0000,0.0000,0.0000,1.0000,0,0,false,0.0000,0.0000,false,0,,wh_main_generic_buff_defence_banner,wh_ability_positive_IND,false,true,true,0.0000,,,false,0.0080,0.0000,false,0.0000,data/unit_stats/source_exports/db/special_ability_phases_tables/data__.tsv,2366,9.0.1
wh_main_item_abilities_power_stone,31.0000,positive,,false,false,0.0000,0.0000,0.0000,0.0000,0,0,false,0.8000,0.1000,false,0,,wh2_main_generic_buff_wom_banner,wh_ability_positive_one_shot,false,true,true,0.0000,,,false,0.0000,0.0000,false,0.0000,data/unit_stats/source_exports/db/special_ability_phases_tables/data__.tsv,2367,9.0.1
wh_main_item_abilities_regenerating_flesh,33.0000,positive,,false,false,0.0000,0.0000,0.0000,1.0000,0,0,false,0.0000,0.0000,false,0,,wh_main_generic_hp_regen,wh_main_item_abilities_potion_of_healing,false,true,true,0.0000,,,false,0.0080,0.0000,false,0.0000,data/unit_stats/source_exports/db/special_ability_phases_tables/data__.tsv,2368,9.0.1
wh_main_item_abilities_sceptre_of_stability,22.0000,positive,,false,false,0.0000,0.0000,0.0000,0.0000,0,0,false,0.0000,0.0000,false,0,,wh_main_generic_ward_save_magic,wh_ability_positive,false,true,true,0.0000,,,false,0.0000,0.0000,false,0.0000,data/unit_stats/source_exports/db/special_ability_phases_tables/data__.tsv,2369,9.0.1
wh_main_item_abilities_scroll_of_leeching,44.0000,negative,,false,false,0.0000,0.0000,0.0000,0.0000,0,0,false,-0.4000,0.0000,false,0,,wh2_main_generic_debuff_wom_banner,wh_ability_negative_one_shot,false,true,true,0.0000,,,false,0.0000,0.0000,false,0.0000,data/unit_stats/source_exports/db/special_ability_phases_tables/data__.tsv,2370,9.0.1
wh_main_item_abilities_scroll_of_power,57.0000,positive,,false,false,0.0000,0.0000,-60.0000,0.0000,0,0,false,0.0000,0.0000,false,0,,wh_main_generic_buff_attack_banner,wh_ability_positive_one_shot,false,true,true,0.0000,,,false,0.0000,0.0000,false,0.0000,data/unit_stats/source_exports/db/special_ability_phases_tables/data__.tsv,2371,9.0.1
wh_main_item_abilities_scroll_of_shielding,57.0000,positive,,false,false,0.0000,0.0000,0.0000,0.0000,0,0,false,0.0000,0.0000,false,0,,wh_main_generic_ward_save_all,wh_ability_positive,false,true,true,0.0000,,,false,0.0000,0.0000,false,0.0000,data/unit_stats/source_exports/db/special_ability_phases_tables/data__.tsv,2372,9.0.1
wh_main_item_abilities_silver_horn_of_vengeance,22.0000,positive,,false,false,0.0000,0.0000,0.0000,0.0000,0,0,false,0.0000,0.0000,false,0,,wh_main_generic_buff_attack,wh_ability_positive,false,true,true,0.0000,,,false,0.0000,0.0000,false,0.0000,data/unit_stats/source_exports/db/special_ability_phases_tables/data__.tsv,2373,9.0.1
wh_main_item_abilities_skull_of_katam,13.0000,positive,,false,false,0.0000,0.0000,0.0000,1.0000,66,1,false,0.0000,0.0000,false,0,,wh2_main_generic_buff_wom,wh_ability_positive,false,true,true,0.0000,,,false,0.0000,0.0000,false,0.0000,data/unit_stats/source_exports/db/special_ability_phases_tables/data__.tsv,2374,9.0.1
wh_main_item_abilities_skull_wand_of_kaloth,27.0000,positive,,false,false,0.0000,0.0000,0.0000,0.0000,0,0,false,0.0000,0.0000,false,0,wh_dlc06_unit_contact_discouraged,wh_main_generic_buff_attack,wh_ability_positive,false,true,true,0.0000,,,false,0.0000,0.0000,false,0.0000,data/unit_stats/source_exports/db/special_ability_phases_tables/data__.tsv,2375,9.0.1
wh_main_item_abilities_staff_of_volans,30.0000,positive,,false,false,0.0000,0.0000,0.0000,0.0000,0,0,false,2.4000,0.0000,false,0,,wh2_main_generic_buff_wom_banner,wh_ability_positive_one_shot,false,true,true,0.0000,,,false,0.0000,0.0000,false,0.0000,data/unit_stats/source_exports/db/special_ability_phases_tables/data__.tsv,2376,9.0.1
wh_main_item_abilities_tricksters_shard,16.0000,negative,,false,false,0.0000,0.0000,0.0000,0.0000,0,0,false,0.0000,0.0000,false,0,,wh_main_generic_debuff_attack,wh_ability_negative,false,true,true,0.0000,,,false,0.0000,0.0000,false,0.0000,data/unit_stats/source_exports/db/special_ability_phases_tables/data__.tsv,2377,9.0.1
wh_main_item_abilities_van_horstmanns_speculum,16.0000,negative,,false,false,0.0000,0.0000,0.0000,0.0000,0,0,false,0.0000,0.0000,false,0,,wh_main_generic_buff_defence_attack,wh_ability_positive,false,true,true,0.0000,,,false,0.0000,0.0000,false,0.0000,data/unit_stats/source_exports/db/special_ability_phases_tables/data__.tsv,2378,9.0.1
wh_main_item_abilities_wand_of_jet,57.0000,positive,,false,false,0.0000,0.0000,15.0000,0.0000,0,0,false,0.8000,0.0000,false,0,,wh2_main_generic_buff_wom_banner,wh_ability_positive_one_shot,false,true,true,0.0000,,,false,0.0000,0.0000,false,0.0000,data/unit_stats/source_exports/db/special_ability_phases_tables/data__.tsv,2379,9.0.1
wh_main_item_passive_featherfoe_torc,-1.0000,negative,,false,false,0.0000,0.0000,0.0000,0.0000,0,0,false,0.0000,0.0000,false,0,,wh_main_generic_debuff_attack_passive,,false,true,true,0.0000,,,false,0.0000,0.0000,false,0.0000,data/unit_stats/source_exports/db/special_ability_phases_tables/data__.tsv,2380,9.0.1
wh_main_item_passive_pidgeon_plucker_pendant,-1.0000,negative,,false,false,0.0000,0.0000,0.0000,0.0000,0,0,false,0.0000,0.0000,false,0,,wh_main_generic_debuff_attack_passive,,false,true,true,0.0000,,,false,0.0000,0.0000,false,0.0000,data/unit_stats/source_exports/db/special_ability_phases_tables/data__.tsv,2381,9.0.1
wh_main_item_passive_seed_of_rebirth,-1.0000,positive,,false,false,0.0000,0.0000,0.0000,1.0000,0,0,false,0.0000,0.0000,false,0,,wh_main_generic_hp_regen_passive,,false,true,true,0.0000,,,false,0.0010,0.0000,false,0.0000,data/unit_stats/source_exports/db/special_ability_phases_tables/data__.tsv,2382,9.0.1
wh_main_item_passive_the_great_book_of_grudges,-1.0000,positive,,false,false,0.0000,0.0000,0.0000,0.0000,0,0,false,0.0000,0.0000,false,0,,wh_main_generic_buff_attack_passive,,false,true,true,0.0000,,,false,0.0000,0.0000,false,0.0000,data/unit_stats/source_exports/db/special_ability_phases_tables/data__.tsv,2383,9.0.1
wh_main_item_passive_the_other_tricksters_shard,-1.0000,negative,,false,false,0.0000,0.0000,0.0000,0.0000,0,0,false,0.0000,0.0000,false,0,,wh_main_generic_debuff_defence_passive,,false,true,true,0.0000,,,false,0.0000,0.0000,false,0.0000,data/unit_stats/source_exports/db/special_ability_phases_tables/data__.tsv,2384,9.0.1
wh_main_item_passive_the_white_cloak_of_ulric,-1.0000,negative,,false,false,0.0000,0.0000,0.0000,0.0000,0,0,false,0.0000,0.0000,false,0,,wh_main_generic_buff_morale_passive,,false,true,true,0.0000,,,false,0.0000,0.0000,false,0.0000,data/unit_stats/source_exports/db/special_ability_phases_tables/data__.tsv,2385,9.0.1
wh_main_lord_abilities_master_of_the_black_arts,15.0000,positive,,false,false,0.0000,0.0000,0.0000,0.0000,0,0,false,0.0000,0.0000,false,0,,wh2_main_generic_buff_wom_banner,wh_ability_positive_one_shot,false,true,true,0.0000,,,false,0.0000,0.0000,false,0.0000,data/unit_stats/source_exports/db/special_ability_phases_tables/data__.tsv,2386,9.0.1
wh_main_lord_passive_beloved_son_of_bretonnia,-1.0000,positive,,false,false,0.0000,0.0000,0.0000,0.0000,0,0,false,0.0000,0.0000,false,0,,,,false,true,true,0.0000,,,false,0.0000,0.0000,false,0.0000,data/unit_stats/source_exports/db/special_ability_phases_tables/data__.tsv,2387,9.0.1
wh_main_lord_passive_deathblow,-1.0000,positive,,false,false,0.0000,0.0000,0.0000,0.0000,0,0,false,0.0000,0.0000,false,0,,wh_main_generic_buff_attack_passive,,false,true,true,0.0000,,,false,0.0000,0.0000,false,0.0000,data/unit_stats/source_exports/db/special_ability_phases_tables/data__.tsv,2388,9.0.1
wh_main_lord_passive_get_on_wiv_it,-1.0000,positive,,false,false,0.0000,0.0000,0.0000,0.0000,0,0,false,0.0000,0.0000,false,0,,wh_main_generic_buff_attack_passive,,false,true,true,0.0000,,,false,0.0000,0.0000,false,0.0000,data/unit_stats/source_exports/db/special_ability_phases_tables/data__.tsv,2389,9.0.1
wh_main_lord_passive_high_king,-1.0000,positive,,false,false,0.0000,0.0000,0.0000,0.0000,0,0,false,0.0000,0.0000,false,0,,,,false,true,true,0.0000,,,false,0.0000,0.0000,false,0.0000,data/unit_stats/source_exports/db/special_ability_phases_tables/data__.tsv,2390,9.0.1
wh_main_lord_passive_hold_the_line,-1.0000,positive,,false,false,0.0000,0.0000,0.0000,0.0000,0,0,false,0.0000,0.0000,false,0,,wh_main_generic_buff_defence_morale_passive,,false,true,true,0.0000,,,false,0.0000,0.0000,false,0.0000,data/unit_stats/source_exports/db/special_ability_phases_tables/data__.tsv,2391,9.0.1
wh_main_lord_passive_the_blessing_of_the_lady,-1.0000,positive,,false,false,0.0000,0.0000,0.0000,0.0000,0,0,false,0.0000,0.0000,false,0,,wh_main_generic_ward_save_all_passive,,false,true,true,0.0000,,,false,0.0000,0.0000,false,0.0000,data/unit_stats/source_exports/db/special_ability_phases_tables/data__.tsv,2392,9.0.1
wh_main_lord_passive_the_hunger,-1.0000,positive,,false,false,0.0000,0.0000,0.0000,1.0000,0,0,false,0.0000,0.0000,false,0,,,,false,true,true,0.0000,,,false,0.0010,0.0000,false,0.0000,data/unit_stats/source_exports/db/special_ability_phases_tables/data__.tsv,2393,9.0.1
wh_main_lord_passive_the_ladys_champion,-1.0000,positive,,false,false,0.0000,0.0000,0.0000,1.0000,0,0,false,0.0000,0.0000,false,0,,,,false,true,true,0.0000,,,false,0.0010,0.0000,false,0.0000,data/unit_stats/source_exports/db/special_ability_phases_tables/data__.tsv,2394,9.0.1
wh_main_lore_passive_exorcism,15.0000,positive,,false,false,0.0000,0.0000,0.0000,0.0000,0,0,false,0.0000,0.0000,true,0,,,,false,true,true,0.0000,,,false,0.0000,0.0000,false,0.0000,data/unit_stats/source_exports/db/special_ability_phases_tables/data__.tsv,2395,9.0.1
wh_main_lore_passive_kindleflame,15.0000,negative,,false,false,0.0000,0.0000,0.0000,0.0000,0,0,false,0.0000,0.0000,false,0,,,,false,true,true,0.0000,,,false,0.0000,0.0000,false,0.0000,data/unit_stats/source_exports/db/special_ability_phases_tables/data__.tsv,2396,9.0.1
wh_main_lore_passive_life_leeching,25.0000,positive,,false,false,0.0000,0.0000,0.0000,0.0000,0,0,false,0.0000,0.1000,false,0,,,,false,true,true,0.0000,,,false,0.0000,0.0000,false,0.0000,data/unit_stats/source_exports/db/special_ability_phases_tables/data__.tsv,2397,9.0.1
wh_main_lore_passive_metalshifting,13.0000,positive,,false,false,0.0000,0.0000,0.0000,0.0000,0,0,false,0.0000,0.0000,false,0,,,,false,true,true,0.0000,,,false,0.0000,0.0000,false,0.0000,data/unit_stats/source_exports/db/special_ability_phases_tables/data__.tsv,2398,9.0.1
wh_main_lore_passive_power_of_da_waaagh,25.0000,positive,,false,false,0.0000,0.0000,0.0000,0.0000,0,0,false,0.8000,0.0000,false,0,,,,false,true,true,0.0000,,,false,0.0000,0.0000,false,0.0000,data/unit_stats/source_exports/db/special_ability_phases_tables/data__.tsv,2399,9.0.1
wh_main_lore_passive_roiling_skies,25.0000,negative,,false,false,0.0000,0.0000,0.0000,0.0000,0,0,false,0.0000,0.0000,false,0,,,,false,true,true,0.0000,,,false,0.0000,0.0000,false,0.0000,data/unit_stats/source_exports/db/special_ability_phases_tables/data__.tsv,2400,9.0.1
wh_main_lore_passive_sneaky_stealin,25.0000,negative,,false,false,0.0000,0.0000,0.0000,0.0000,0,0,false,-0.4000,0.0000,false,0,,,,false,true,true,0.0000,,,false,0.0000,0.0000,false,0.0000,data/unit_stats/source_exports/db/special_ability_phases_tables/data__.tsv,2401,9.0.1
wh_main_lore_passive_the_curse_of_undeath,7.0000,positive,,false,false,0.0000,0.0000,0.0000,1.0000,0,0,true,0.0000,0.0000,false,0,,,,false,true,true,0.0000,,,false,0.0010,0.0000,false,0.0000,data/unit_stats/source_exports/db/special_ability_phases_tables/data__.tsv,2402,9.0.1
wh_main_mark_passive_mark_of_khorne,-1.0000,positive,,false,false,0.0000,0.0000,0.0000,0.0000,0,0,false,0.0000,0.0000,false,0,,,,false,true,true,0.0000,,,false,0.0000,0.0000,false,0.0000,data/unit_stats/source_exports/db/special_ability_phases_tables/data__.tsv,2403,9.0.1
wh_main_mount_abilities_locus_of_hysh,-1.0000,negative,,false,false,0.0000,0.0000,0.0000,0.0000,0,0,false,-0.2000,0.0000,false,0,,,,false,true,true,0.0000,,,false,0.0000,0.0000,false,0.0000,data/unit_stats/source_exports/db/special_ability_phases_tables/data__.tsv,2404,9.0.1
wh_main_mount_passive_aura_of_protection,-1.0000,positive,,false,false,0.0000,0.0000,0.0000,0.0000,0,0,false,0.0000,0.0000,false,0,,wh_main_generic_ward_save_all_passive,,false,true,true,0.0000,,,false,0.0000,0.0000,false,0.0000,data/unit_stats/source_exports/db/special_ability_phases_tables/data__.tsv,2405,9.0.1
wh_main_mount_passive_bloodroar,-1.0000,negative,,false,false,0.0000,0.0000,0.0000,0.0000,0,0,false,0.0000,0.0000,false,0,,wh_main_generic_debuff_defence_attack_morale_passive,,false,true,true,0.0000,,,false,0.0000,0.0000,false,0.0000,data/unit_stats/source_exports/db/special_ability_phases_tables/data__.tsv,2406,9.0.1
wh_main_rune_abilities_ancestor_rune,-1.0000,positive,,false,false,-0.1000,0.0000,0.0000,0.0000,0,0,false,0.0000,0.0000,false,0,,wh_main_generic_buff_attack,wh_ability_positive,false,true,true,0.0000,,,false,0.0000,0.0000,false,0.0000,data/unit_stats/source_exports/db/special_ability_phases_tables/data__.tsv,2407,9.0.1
wh_main_rune_abilities_rune_of_courage,-1.0000,positive,,false,false,0.0000,0.0000,0.0000,0.0000,0,0,false,0.0000,0.0000,false,0,,wh_main_generic_buff_morale,wh_ability_positive,false,true,true,0.0000,,,false,0.0000,0.0000,false,0.0000,data/unit_stats/source_exports/db/special_ability_phases_tables/data__.tsv,2408,9.0.1
wh_main_rune_abilities_rune_of_negation,24.0000,positive,,false,false,0.0000,0.0000,0.0000,0.0000,0,0,false,0.0000,0.0000,false,0,,wh_main_generic_ward_save_all,wh2_dlc16_ability_rune_of_negation,false,true,true,0.0000,,,false,0.0000,0.0000,false,0.0000,data/unit_stats/source_exports/db/special_ability_phases_tables/data__.tsv,2409,9.0.1
wh_main_rune_abilities_rune_of_oath_and_steel,44.0000,positive,,false,false,0.0000,0.0000,0.0000,0.0000,0,0,false,0.0000,0.0000,false,0,,wh_main_generic_buff_defence,wh2_dlc17_ability_rune_of_oath_and_steel,false,true,true,0.0000,,,false,0.0000,0.0000,false,0.0000,data/unit_stats/source_exports/db/special_ability_phases_tables/data__.tsv,2410,9.0.1
wh_main_rune_abilities_rune_of_stoicism,-1.0000,positive,,false,false,0.0000,0.0000,0.0000,0.0000,0,0,false,0.0000,0.0000,false,0,,wh_main_generic_buff_morale,,false,true,true,0.0000,,,false,0.0000,0.0000,false,0.0000,data/unit_stats/source_exports/db/special_ability_phases_tables/data__.tsv,2411,9.0.1
wh_main_rune_abilities_rune_of_wrath_and_ruin,10.0000,negative,,false,false,0.0000,0.0000,0.0000,0.0000,0,0,false,0.0000,0.0000,false,0,,wh_main_generic_debuff_defence,wh_ability_negative,false,true,true,0.0000,,,false,0.0000,0.0000,false,0.0000,data/unit_stats/source_exports/db/special_ability_phases_tables/data__.tsv,2412,9.0.1
wh_main_rune_passive_master_rune_of_groth_one_eye,-1.0000,positive,,false,false,0.0000,0.0000,0.0000,0.0000,0,0,false,0.0000,0.0000,false,0,,wh_main_generic_buff_morale_passive,,false,true,true,0.0000,,,false,0.0000,0.0000,false,0.0000,data/unit_stats/source_exports/db/special_ability_phases_tables/data__.tsv,2413,9.0.1
wh_main_rune_passive_master_rune_of_grungni,-1.0000,positive,,false,false,0.0000,0.0000,0.0000,0.0000,0,0,false,0.0000,0.0000,false,0,,wh_main_generic_ward_save_missile_passive,,false,true,true,0.0000,,,false,0.0000,0.0000,false,0.0000,data/unit_stats/source_exports/db/special_ability_phases_tables/data__.tsv,2414,9.0.1
wh_main_rune_passive_master_rune_of_stromni_redbeard,-1.0000,positive,,false,false,0.0000,0.0000,0.0000,0.0000,0,0,false,0.0000,0.0000,false,0,,wh_main_generic_buff_morale_attack_passive,,false,true,true,0.0000,,,false,0.0000,0.0000,false,0.0000,data/unit_stats/source_exports/db/special_ability_phases_tables/data__.tsv,2415,9.0.1
wh_main_rune_passive_rune_of_slowness,-1.0000,negative,,false,false,0.0000,0.0000,0.0000,0.0000,0,0,false,0.0000,0.0000,false,0,,wh_main_generic_debuff_attack_passive,,false,true,true,0.0000,,,false,0.0000,0.0000,false,0.0000,data/unit_stats/source_exports/db/special_ability_phases_tables/data__.tsv,2416,9.0.1
wh_main_spell_big_waaagh_ere_we_go,38.0000,positive,,false,false,0.0000,0.0000,0.0000,0.0000,0,0,false,0.0000,0.0000,false,0,,wh_main_spell_big_waaagh_ere_we_go,wh_main_spell_big_waaagh_ere_we_go,false,true,true,0.0000,,,false,0.0000,0.0000,false,0.0000,data/unit_stats/source_exports/db/special_ability_phases_tables/data__.tsv,2417,9.0.1
wh_main_spell_big_waaagh_fists_of_gork,35.0000,positive,,false,false,0.0000,0.0000,0.0000,0.0000,0,0,false,0.0000,0.0000,true,0,,wh_main_spell_big_waaagh_fists_of_gork,wh_main_spell_big_waaagh_fists_of_gork,false,true,true,0.0000,,,false,0.0000,0.0000,false,0.0000,data/unit_stats/source_exports/db/special_ability_phases_tables/data__.tsv,2418,9.0.1
wh_main_spell_bound_bironas_timewarp,50.0000,positive,,false,false,0.0000,0.0000,0.0000,0.0000,0,0,false,0.0000,0.0000,false,0,,wh_main_spell_light_bironas_timewarp,wh_main_spell_light_bironas_timewarp,false,true,true,0.0000,,,false,0.0000,0.0000,false,0.0000,data/unit_stats/source_exports/db/special_ability_phases_tables/data__.tsv,2419,9.0.1
wh_main_spell_bound_book_of_arkhan,25.0000,positive,,false,false,0.0000,0.0000,0.0000,0.0000,0,0,false,0.0000,0.0000,false,0,,wh_main_generic_buff_attack,wh_ability_positive,false,true,true,0.0000,,,false,0.0000,0.0000,false,0.0000,data/unit_stats/source_exports/db/special_ability_phases_tables/data__.tsv,2420,9.0.1
wh_main_spell_bound_hammer_of_sigmar,25.0000,positive,,false,false,0.0000,0.0000,0.0000,0.0000,0,0,false,0.0000,0.0000,false,0,,wh_main_generic_buff_attack_banner,wh_ability_positive_one_shot,false,true,true,0.0000,,,false,0.0000,0.0000,false,0.0000,data/unit_stats/source_exports/db/special_ability_phases_tables/data__.tsv,2421,9.0.1
wh_main_spell_bound_shield_of_faith,25.0000,positive,,false,false,0.0000,0.0000,0.0000,0.0000,0,0,false,0.0000,0.0000,false,0,,wh_main_generic_ward_save_all,wh_ability_positive,false,true,true,0.0000,,,false,0.0000,0.0000,false,0.0000,data/unit_stats/source_exports/db/special_ability_phases_tables/data__.tsv,2422,9.0.1
wh_main_spell_bound_staff_of_damnation,25.0000,positive,,false,false,0.0000,0.0000,0.0000,0.0000,0,0,false,0.0000,0.0000,false,0,,wh_main_spell_vampires_vanhels_danse_macabre,,false,true,true,0.0000,,,false,0.0000,0.0000,false,0.0000,data/unit_stats/source_exports/db/special_ability_phases_tables/data__.tsv,2423,9.0.1
wh_main_spell_death_aspect_of_the_dreadknight,16.0000,positive,,false,false,0.0000,0.0000,0.0000,0.0000,0,0,false,0.0000,0.0000,true,0,,wh_main_spell_death_aspect_of_the_dreadknight,wh_main_spell_death_aspect_of_the_dreadknight,false,true,true,0.0000,,,false,0.0000,0.0000,false,0.0000,data/unit_stats/source_exports/db/special_ability_phases_tables/data__.tsv,2424,9.0.1
wh_main_spell_death_aspect_of_the_dreadknight_upgraded,32.0000,positive,,false,false,0.0000,0.0000,0.0000,0.0000,0,0,false,0.0000,0.0000,true,0,,wh_main_spell_death_aspect_of_the_dreadknight,wh_main_spell_death_aspect_of_the_dreadknight,false,true,true,0.0000,,,false,0.0000,0.0000,false,0.0000,data/unit_stats/source_exports/db/special_ability_phases_tables/data__.tsv,2425,9.0.1
wh_main_spell_death_doom_and_darkness,36.0000,negative,,false,false,0.0000,0.0000,0.0000,0.0000,0,0,false,0.0000,0.0000,false,0,,wh_main_spell_death_doom_and_darkness,wh_main_spell_death_doom_and_darkness,false,true,true,0.0000,,,false,0.0000,0.0000,false,0.0000,data/unit_stats/source_exports/db/special_ability_phases_tables/data__.tsv,2426,9.0.1
wh_main_spell_death_doom_and_darkness_upgraded,36.0000,negative,,false,false,0.0000,0.0000,0.0000,0.0000,0,0,false,0.0000,0.0000,false,0,,wh_main_spell_death_doom_and_darkness,wh_main_spell_death_doom_and_darkness,false,true,true,0.0000,,,false,0.0000,0.0000,false,0.0000,data/unit_stats/source_exports/db/special_ability_phases_tables/data__.tsv,2427,9.0.1
wh_main_spell_death_soulblight,20.0000,negative,,false,false,0.0000,0.0000,0.0000,0.0000,0,0,false,0.0000,0.0000,false,0,,wh_main_spell_death_soulblight,wh_main_spell_death_soulblight,false,true,true,0.0000,,,false,0.0000,0.0000,false,0.0000,data/unit_stats/source_exports/db/special_ability_phases_tables/data__.tsv,2428,9.0.1
wh_main_spell_death_soulblight_upgraded,40.0000,negative,,false,false,0.0000,0.0000,0.0000,0.0000,0,0,false,0.0000,0.0000,false,0,,wh_main_spell_death_soulblight,wh_main_spell_death_soulblight,false,true,true,0.0000,,,false,0.0000,0.0000,false,0.0000,data/unit_stats/source_exports/db/special_ability_phases_tables/data__.tsv,2429,9.0.1
wh_main_spell_death_spirit_leech,13.0000,negative,,false,false,0.0000,0.0000,0.0000,1.0000,67,1,false,0.0000,0.0000,false,0,,wh_main_spell_death_spirit_leech,wh_main_spell_death_spirit_leech,false,false,true,0.0000,,,false,0.0000,0.0000,false,0.0000,data/unit_stats/source_exports/db/special_ability_phases_tables/data__.tsv,2430,9.0.1
wh_main_spell_death_spirit_leech_upgraded,13.0000,negative,,false,false,0.0000,0.0000,0.0000,1.0000,67,1,false,0.0000,0.0000,false,0,,wh_main_spell_death_spirit_leech,wh_main_spell_death_spirit_leech,false,false,true,0.0000,,,false,0.0000,0.0000,false,0.0000,data/unit_stats/source_exports/db/special_ability_phases_tables/data__.tsv,2431,9.0.1
wh_main_spell_death_the_fate_of_bjuna,18.0000,negative,,false,false,0.0000,0.0000,0.0000,1.0000,10,25,false,0.0000,0.0000,false,0,,wh_main_spell_death_the_fate_of_bjuna,wh_main_spell_death_the_fate_of_bjuna,false,true,true,0.0000,wh3_dlc20_fate_of_bjuna,,false,0.0000,0.0000,false,0.0000,data/unit_stats/source_exports/db/special_ability_phases_tables/data__.tsv,2432,9.0.1
wh_main_spell_fire_cascading_fire_cloak,19.0000,positive,,false,false,0.0000,0.0000,0.0000,0.0000,0,0,false,0.0000,0.0000,false,0,,wh_main_spell_fire_cascading_fire_cloak,wh_main_spell_fire_cascading_fire_cloak,false,true,true,0.0000,,,false,0.0000,0.0000,false,0.0000,data/unit_stats/source_exports/db/special_ability_phases_tables/data__.tsv,2433,9.0.1
wh_main_spell_fire_flaming_sword_of_rhuin,28.0000,positive,,false,false,0.0000,0.0000,0.0000,0.0000,0,0,false,0.0000,0.0000,true,10,,wh_main_spell_fire_flaming_sword_of_rhuin,wh_main_spell_fire_flaming_sword_of_rhuin,false,true,true,0.0000,,,false,0.0000,0.0000,false,0.0000,data/unit_stats/source_exports/db/special_ability_phases_tables/data__.tsv,2434,9.0.1
wh_main_spell_fire_flaming_sword_of_rhuin_upgraded,56.0000,positive,,false,false,0.0000,0.0000,0.0000,0.0000,0,0,false,0.0000,0.0000,true,10,,wh_main_spell_fire_flaming_sword_of_rhuin,wh_main_spell_fire_flaming_sword_of_rhuin,false,true,true,0.0000,,,false,0.0000,0.0000,false,0.0000,data/unit_stats/source_exports/db/special_ability_phases_tables/data__.tsv,2435,9.0.1
wh_main_spell_heavens_curse_of_the_midnight_wind,25.0000,negative,,false,false,0.0000,0.0000,0.0000,0.0000,0,0,false,0.0000,0.0000,false,0,,wh_main_spell_heavens_curse_of_the_midnight_wind,,false,true,true,0.0000,,,false,0.0000,0.0000,false,0.0000,data/unit_stats/source_exports/db/special_ability_phases_tables/data__.tsv,2436,9.0.1
wh_main_spell_heavens_curse_of_the_midnight_wind_upgraded,50.0000,negative,,false,false,0.0000,0.0000,0.0000,0.0000,0,0,false,0.0000,0.0000,false,0,,wh_main_spell_heavens_curse_of_the_midnight_wind,,false,true,true,0.0000,,,false,0.0000,0.0000,false,0.0000,data/unit_stats/source_exports/db/special_ability_phases_tables/data__.tsv,2437,9.0.1
wh_main_spell_heavens_harmonic_convergence,27.0000,positive,,false,false,0.0000,0.0000,0.0000,0.0000,0,0,false,0.0000,0.0000,false,0,,wh_main_spell_heavens_harmonic_convergence,wh_main_spell_heavens_harmonic_convergence,false,true,true,0.0000,,,false,0.0000,0.0000,false,0.0000,data/unit_stats/source_exports/db/special_ability_phases_tables/data__.tsv,2438,9.0.1
wh_main_spell_heavens_harmonic_convergence_upgraded,40.0000,positive,,false,false,0.0000,0.0000,0.0000,0.0000,0,0,false,0.0000,0.0000,false,0,,wh_main_spell_heavens_harmonic_convergence,wh_main_spell_heavens_harmonic_convergence,false,true,true,0.0000,,,false,0.0000,0.0000,false,0.0000,data/unit_stats/source_exports/db/special_ability_phases_tables/data__.tsv,2439,9.0.1
wh_main_spell_light_bironas_timewarp,50.0000,positive,,false,false,0.0000,0.0000,0.0000,0.0000,0,0,false,0.0000,0.0000,false,0,,wh_main_spell_light_bironas_timewarp,wh_main_spell_light_bironas_timewarp,false,true,true,0.0000,,,false,0.0000,0.0000,false,0.0000,data/unit_stats/source_exports/db/special_ability_phases_tables/data__.tsv,2440,9.0.1
wh_main_spell_light_bironas_timewarp_upgraded,50.0000,positive,,false,false,0.0000,0.0000,0.0000,0.0000,0,0,false,0.0000,0.0000,false,0,,wh_main_spell_light_bironas_timewarp,wh_main_spell_light_bironas_timewarp,false,true,true,0.0000,,,false,0.0000,0.0000,false,0.0000,data/unit_stats/source_exports/db/special_ability_phases_tables/data__.tsv,2441,9.0.1
wh_main_spell_light_light_of_battle,22.0000,positive,,false,false,0.0000,0.0000,0.0000,0.0000,0,0,false,0.0000,0.0000,false,0,,wh_main_spell_light_light_of_battle,wh_main_spell_light_light_of_battle,false,true,true,0.0000,,,false,0.0000,0.0000,false,0.0000,data/unit_stats/source_exports/db/special_ability_phases_tables/data__.tsv,2442,9.0.1
wh_main_spell_light_light_of_battle_upgraded,44.0000,positive,,false,false,0.0000,0.0000,0.0000,0.0000,0,0,false,0.0000,0.0000,false,0,,wh_main_spell_light_light_of_battle,wh_main_spell_light_light_of_battle,false,true,true,0.0000,,,false,0.0000,0.0000,false,0.0000,data/unit_stats/source_exports/db/special_ability_phases_tables/data__.tsv,2443,9.0.1
wh_main_spell_light_net_of_amyntok,20.0000,negative,,true,false,0.0000,0.0000,0.0000,0.0000,0,0,false,0.0000,0.0000,false,0,,wh_main_spell_light_net_of_amyntok,wh_main_spell_light_net_of_amyntok,false,true,true,0.0000,,,false,0.0000,0.0000,false,0.0000,data/unit_stats/source_exports/db/special_ability_phases_tables/data__.tsv,2444,9.0.1
wh_main_spell_light_net_of_amyntok_upgraded,20.0000,negative,,true,false,0.0000,0.0000,0.0000,0.0000,0,0,false,0.0000,0.0000,false,0,,wh_main_spell_light_net_of_amyntok,wh_main_spell_light_net_of_amyntok,false,true,true,0.0000,,,false,0.0000,0.0000,false,0.0000,data/unit_stats/source_exports/db/special_ability_phases_tables/data__.tsv,2445,9.0.1
wh_main_spell_light_phas_protection,22.0000,positive,,false,false,0.0000,0.0000,0.0000,0.0000,0,0,false,0.0000,0.0000,false,0,,wh_main_spell_light_phas_protection,wh_main_spell_light_phas_protection,false,true,true,0.0000,,,false,0.0000,0.0000,false,0.0000,data/unit_stats/source_exports/db/special_ability_phases_tables/data__.tsv,2446,9.0.1
wh_main_spell_light_phas_protection_upgraded,22.0000,positive,,false,false,0.0000,0.0000,0.0000,0.0000,0,0,false,0.0000,0.0000,false,0,,wh_main_spell_light_phas_protection,wh_main_spell_light_phas_protection,false,true,true,0.0000,,,false,0.0000,0.0000,false,0.0000,data/unit_stats/source_exports/db/special_ability_phases_tables/data__.tsv,2447,9.0.1
wh_main_spell_lil_waaagh_curse_of_da_bad_moon,22.0000,negative,,false,false,0.0000,0.0000,0.0000,0.0000,0,0,false,0.0000,0.0000,false,0,,,,false,false,true,0.0000,,,false,0.0000,0.0000,false,0.0000,data/unit_stats/source_exports/db/special_ability_phases_tables/data__.tsv,2448,9.0.1
wh_main_spell_lil_waaagh_curse_of_da_bad_moon_upgraded,44.0000,negative,,false,false,0.0000,0.0000,0.0000,0.0000,0,0,false,0.0000,0.0000,false,0,,,,false,false,true,0.0000,,,false,0.0000,0.0000,false,0.0000,data/unit_stats/source_exports/db/special_ability_phases_tables/data__.tsv,2449,9.0.1
wh_main_spell_lil_waaagh_gorkll_fix_it,24.0000,negative,,false,false,0.0000,0.0000,0.0000,0.0000,0,0,false,0.0000,0.0000,false,0,,wh_main_spell_lil_waaagh_gorkll_fix_it,wh_main_spell_lil_waaagh_gorkll_fix_it,false,true,true,0.0000,,,false,0.0000,0.0000,false,0.0000,data/unit_stats/source_exports/db/special_ability_phases_tables/data__.tsv,2450,9.0.1
wh_main_spell_lil_waaagh_itchy_nuisance,25.0000,negative,,false,false,0.0000,0.0000,0.0000,0.0000,0,0,false,0.0000,0.0000,false,0,,wh_main_spell_lil_waaagh_itchy_nuisance,wh_main_spell_lil_waaagh_itchy_nuisance,false,true,true,0.0000,,,false,0.0000,0.0000,false,0.0000,data/unit_stats/source_exports/db/special_ability_phases_tables/data__.tsv,2451,9.0.1
wh_main_spell_lil_waaagh_night_shroud,60.0000,positive,,false,false,0.0000,0.0000,0.0000,0.0000,0,0,false,0.0000,0.0000,false,0,,wh_main_spell_lil_waaagh_night_shroud,wh_main_spell_lil_waaagh_night_shroud,false,true,true,0.0000,,,false,0.0000,0.0000,false,0.0000,data/unit_stats/source_exports/db/special_ability_phases_tables/data__.tsv,2452,9.0.1
wh_main_spell_lil_waaagh_night_shroud_upgraded,60.0000,positive,,false,false,0.0000,0.0000,0.0000,0.0000,0,0,false,0.0000,0.0000,false,0,,wh_main_spell_lil_waaagh_night_shroud,wh_main_spell_lil_waaagh_night_shroud,false,true,true,0.0000,,,false,0.0000,0.0000,false,0.0000,data/unit_stats/source_exports/db/special_ability_phases_tables/data__.tsv,2453,9.0.1
wh_main_spell_lil_waaagh_sneaky_stabbin,40.0000,positive,,false,false,0.0000,0.0000,0.0000,0.0000,0,0,false,0.0000,0.0000,false,0,,wh_main_spell_lil_waaagh_sneaky_stabbin,wh_main_spell_lil_waaagh_sneaky_stabbin,false,true,true,0.0000,,,false,0.0000,0.0000,false,0.0000,data/unit_stats/source_exports/db/special_ability_phases_tables/data__.tsv,2454,9.0.1
wh_main_spell_metal_final_transmutation,8.0000,negative,,false,false,0.0000,0.0000,0.0000,1.0000,133,1,false,0.0000,0.0000,false,0,,wh_main_spell_metal_final_transmutation,wh_main_spell_metal_final_transmutation,false,true,true,0.0000,,,false,0.0000,0.0000,false,0.0000,data/unit_stats/source_exports/db/special_ability_phases_tables/data__.tsv,2455,9.0.1
wh_main_spell_metal_final_transmutation_upgraded,16.0000,negative,,false,false,0.0000,0.0000,0.0000,1.0000,133,1,false,0.0000,0.0000,false,0,,wh_main_spell_metal_final_transmutation,wh_main_spell_metal_final_transmutation,false,true,true,0.0000,,,false,0.0000,0.0000,false,0.0000,data/unit_stats/source_exports/db/special_ability_phases_tables/data__.tsv,2456,9.0.1
wh_main_spell_metal_glittering_robe,44.0000,positive,,false,false,0.0000,0.0000,0.0000,0.0000,0,0,false,0.0000,0.0000,false,0,,wh_main_spell_metal_glittering_robe,wh_main_spell_metal_glittering_robe,false,true,true,0.0000,,,false,0.0000,0.0000,false,0.0000,data/unit_stats/source_exports/db/special_ability_phases_tables/data__.tsv,2457,9.0.1
wh_main_spell_metal_glittering_robe_upgraded,44.0000,positive,,false,false,0.0000,0.0000,0.0000,0.0000,0,0,false,0.0000,0.0000,false,0,,wh_main_spell_metal_glittering_robe,wh_main_spell_metal_glittering_robe,false,true,true,0.0000,,,false,0.0000,0.0000,false,0.0000,data/unit_stats/source_exports/db/special_ability_phases_tables/data__.tsv,2458,9.0.1
wh_main_spell_metal_plague_of_rust,44.0000,negative,,false,false,0.0000,0.0000,0.0000,0.0000,0,0,false,0.0000,0.0000,false,0,,wh_main_spell_metal_plague_of_rust,wh_main_spell_metal_plague_of_rust,false,true,true,0.0000,,,false,0.0000,0.0000,false,0.0000,data/unit_stats/source_exports/db/special_ability_phases_tables/data__.tsv,2459,9.0.1
wh_main_spell_metal_plague_of_rust_upgraded,44.0000,negative,,false,false,0.0000,0.0000,0.0000,0.0000,0,0,false,0.0000,0.0000,false,0,,wh_main_spell_metal_plague_of_rust,wh_main_spell_metal_plague_of_rust,false,true,true,0.0000,,,false,0.0000,0.0000,false,0.0000,data/unit_stats/source_exports/db/special_ability_phases_tables/data__.tsv,2460,9.0.1
wh_main_spell_metal_transmutation_of_lead,50.0000,negative,,false,false,0.0000,0.0000,0.0000,0.0000,0,0,false,0.0000,0.0000,false,0,,wh_main_spell_metal_transmutation_of_lead,wh_main_spell_metal_transmutation_of_lead,false,true,true,0.0000,,,false,0.0000,0.0000,false,0.0000,data/unit_stats/source_exports/db/special_ability_phases_tables/data__.tsv,2461,9.0.1
wh_main_spell_metal_transmutation_of_lead_upgraded,50.0000,negative,,false,false,0.0000,0.0000,0.0000,0.0000,0,0,false,0.0000,0.0000,false,0,,wh_main_spell_metal_transmutation_of_lead,wh_main_spell_metal_transmutation_of_lead,false,true,true,0.0000,,,false,0.0000,0.0000,false,0.0000,data/unit_stats/source_exports/db/special_ability_phases_tables/data__.tsv,2462,9.0.1
wh_main_spell_vampires_curse_of_years,35.0000,negative,,false,false,0.0000,0.0000,0.0000,0.0000,0,0,false,0.0000,0.0000,false,0,,wh_main_spell_vampires_curse_of_years,wh_main_spell_vampires_curse_of_years,false,true,true,0.0000,,,false,0.0000,0.0000,false,0.0000,data/unit_stats/source_exports/db/special_ability_phases_tables/data__.tsv,2463,9.0.1
wh_main_spell_vampires_invocation_of_nehek,18.0000,positive,,false,false,0.0000,0.0000,0.0000,1.0000,0,0,true,0.0000,0.0000,false,0,,wh_main_spell_vampires_invocation_of_nehek,wh_main_spell_invocation_of_nehek,false,true,true,0.0000,,,false,0.0080,0.0000,false,0.0000,data/unit_stats/source_exports/db/special_ability_phases_tables/data__.tsv,2464,9.0.1
wh_main_spell_vampires_invocation_of_nehek_upgraded,18.0000,positive,,false,false,0.0000,0.0000,0.0000,1.0000,0,0,true,0.0000,0.0000,false,0,,wh_main_spell_vampires_invocation_of_nehek,wh_main_spell_invocation_of_nehek,false,true,true,0.0000,,,false,0.0080,0.0000,false,0.0000,data/unit_stats/source_exports/db/special_ability_phases_tables/data__.tsv,2465,9.0.1
wh_main_spell_vampires_vanhels_danse_macabre,29.0000,positive,,false,false,0.0000,0.0000,0.0000,0.0000,0,0,false,0.0000,0.0000,false,0,,wh_main_spell_vampires_vanhels_danse_macabre,wh_main_spell_vampires_vanhels_danse_macabre,false,true,true,0.0000,,,false,0.0000,0.0000,false,0.0000,data/unit_stats/source_exports/db/special_ability_phases_tables/data__.tsv,2466,9.0.1
wh_main_spell_vampires_vanhels_danse_macabre_upgraded,29.0000,positive,,false,false,0.0000,0.0000,0.0000,0.0000,0,0,false,0.0000,0.0000,false,0,,wh_main_spell_vampires_vanhels_danse_macabre,wh_main_spell_vampires_vanhels_danse_macabre,false,true,true,0.0000,,,false,0.0000,0.0000,false,0.0000,data/unit_stats/source_exports/db/special_ability_phases_tables/data__.tsv,2467,9.0.1
wh_main_unit_abilities_black_nimbus,-1.0000,positive,,false,false,0.0000,0.0000,0.0000,0.0000,0,0,false,0.0000,0.0000,false,0,,wh_main_generic_ward_save_all,,false,true,true,0.0000,,,false,0.0000,0.0000,false,0.0000,data/unit_stats/source_exports/db/special_ability_phases_tables/data__.tsv,2468,9.0.1
wh_main_unit_abilities_black_scythes,-1.0000,positive,,false,false,0.0000,0.0000,0.0000,0.0000,0,0,false,0.0000,0.0000,false,0,,wh_main_generic_buff_attack,,false,true,true,0.0000,,,false,0.0000,0.0000,false,0.0000,data/unit_stats/source_exports/db/special_ability_phases_tables/data__.tsv,2469,9.0.1
wh_main_unit_abilities_blooood,18.0000,positive,,false,false,-0.0200,0.0000,0.0000,0.0000,0,0,false,0.0000,0.0000,false,0,,wh_main_generic_buff_defence_banner,wh_ability_positive_one_shot,false,true,true,0.0000,,,false,0.0000,0.0000,false,0.0000,data/unit_stats/source_exports/db/special_ability_phases_tables/data__.tsv,2470,9.0.1
wh_main_unit_abilities_boom,15.0000,positive,,false,false,0.0000,0.0000,0.0000,0.0000,0,0,false,0.0000,0.0000,false,0,,wh_main_generic_buff_attack_banner,wh_ability_positive_one_shot,false,true,true,0.0000,,,false,0.0000,0.0000,false,0.0000,data/unit_stats/source_exports/db/special_ability_phases_tables/data__.tsv,2471,9.0.1
wh_main_unit_abilities_entrenchment,44.0000,positive,,true,false,0.0000,0.0000,0.0000,0.0000,0,0,false,0.0000,0.0000,false,0,,wh_main_generic_buff_attack,wh_main_unit_abilities_entrenchment,false,true,true,0.0000,,,false,0.0000,0.0000,false,0.0000,data/unit_stats/source_exports/db/special_ability_phases_tables/data__.tsv,2472,9.0.1
wh_main_unit_abilities_killing_blow,13.0000,positive,,false,false,0.0000,0.0000,0.0000,0.0000,0,0,false,0.0000,0.0000,false,0,,wh_main_generic_buff_attack,wh_ability_positive,false,true,true,0.0000,,,false,0.0000,0.0000,false,0.0000,data/unit_stats/source_exports/db/special_ability_phases_tables/data__.tsv,2473,9.0.1
wh_main_unit_abilities_unholy_vigour,-1.0000,positive,,false,false,-0.0100,0.0000,0.0000,0.0000,0,0,false,0.0000,0.0000,false,0,,wh_main_generic_buff_defence_attack,,false,true,true,0.0000,,,false,0.0000,0.0000,false,0.0000,data/unit_stats/source_exports/db/special_ability_phases_tables/data__.tsv,2474,9.0.1
wh_main_unit_contact_morale,10.0000,negative,,false,false,0.0000,0.0000,0.0000,0.0000,0,0,false,0.0000,0.0000,false,0,,,,false,false,true,0.0000,,,false,0.0000,0.0000,false,0.0000,data/unit_stats/source_exports/db/special_ability_phases_tables/data__.tsv,2475,9.0.1
wh_main_unit_contact_overhead_morale,10.0000,negative,,false,false,0.0000,0.0000,0.0000,0.0000,0,0,false,0.0000,0.0000,false,0,,,,false,false,true,0.0000,,,false,0.0000,0.0000,false,0.0000,data/unit_stats/source_exports/db/special_ability_phases_tables/data__.tsv,2476,9.0.1
wh_main_unit_contact_poison,10.0000,negative,,false,false,0.0000,0.0000,0.0000,0.0000,0,0,false,0.0000,0.0000,false,0,,,,false,false,true,0.0000,,,false,0.0000,0.0000,false,0.0000,data/unit_stats/source_exports/db/special_ability_phases_tables/data__.tsv,2477,9.0.1
wh_main_unit_passive_frenzy,-1.0000,positive,,false,false,0.0000,0.0000,0.0000,0.0000,0,0,false,0.0000,0.0000,false,0,,,,false,true,true,0.0000,,,false,0.0000,0.0000,false,0.0000,data/unit_stats/source_exports/db/special_ability_phases_tables/data__.tsv,2478,9.0.1
wh_main_unit_passive_regeneration,-1.0000,positive,,false,false,0.0000,0.0000,0.0000,1.0000,0,0,false,0.0000,0.0000,false,0,,,,false,true,true,0.0000,,,false,0.0010,0.0000,false,0.0000,data/unit_stats/source_exports/db/special_ability_phases_tables/data__.tsv,2479,9.0.1
wh_main_unit_passive_unbinding_critical,5.0000,negative,,false,false,0.0000,0.0000,0.0000,0.2000,998,10,false,0.0000,0.0000,false,0,,wh_main_bound_entity_energy_small_extreme,wh2_dlc13_ability_summon_unbinding_generic_phase_03,false,true,true,0.0000,,,false,0.0000,0.0000,false,0.0000,data/unit_stats/source_exports/db/special_ability_phases_tables/data__.tsv,2480,9.0.1
wh_main_unit_passive_unbinding_critical_eagle,5.0000,negative,,false,false,0.0000,0.0000,0.0000,0.2000,998,10,false,0.0000,0.0000,false,0,,wh_main_bound_entity_energy_small_extreme,wh2_dlc13_ability_summon_unbinding_generic_phase_03,false,true,true,0.0000,,,false,0.0000,0.0000,false,0.0000,data/unit_stats/source_exports/db/special_ability_phases_tables/data__.tsv,2481,9.0.1
wh_main_unit_passive_unbinding_critical_large,5.0000,negative,,false,false,0.0000,0.0000,0.0000,0.2000,998,10,false,0.0000,0.0000,false,0,,wh_main_bound_entity_energy_large_extreme,wh2_dlc13_ability_summon_unbinding_generic_phase_03,false,true,true,0.0000,,,false,0.0000,0.0000,false,0.0000,data/unit_stats/source_exports/db/special_ability_phases_tables/data__.tsv,2482,9.0.1
wh_main_unit_passive_unbinding_critical_manticore,5.0000,negative,,false,false,0.0000,0.0000,0.0000,0.2000,998,10,false,0.0000,0.0000,false,0,,wh_main_bound_entity_energy_manticore_extreme,wh2_dlc13_ability_summon_unbinding_generic_phase_03,false,true,true,0.0000,,,false,0.0000,0.0000,false,0.0000,data/unit_stats/source_exports/db/special_ability_phases_tables/data__.tsv,2483,9.0.1
wh_main_unit_passive_unbinding_critical_rat,5.0000,negative,,false,false,0.0000,0.0000,0.0000,0.2000,998,10,false,0.0000,0.0000,false,0,,wh_main_bound_entity_energy_small_extreme,wh2_dlc13_ability_summon_unbinding_generic_phase_03,false,true,true,0.0000,,,false,0.0000,0.0000,false,0.0000,data/unit_stats/source_exports/db/special_ability_phases_tables/data__.tsv,2484,9.0.1
wh_main_unit_passive_unbinding_feral_cold_ones,45.0000,negative,,false,false,0.0000,0.0000,0.0000,1.0000,0,0,false,0.0000,0.0000,false,0,,wh_main_bound_entity_energy_small,wh2_dlc13_ability_summon_unbinding_generic_large_phase_01,false,true,true,0.0000,,,false,0.0000,0.0000,false,0.0000,data/unit_stats/source_exports/db/special_ability_phases_tables/data__.tsv,2485,9.0.1
wh_main_unit_passive_unbinding_skeleton_warriors,45.0000,negative,,false,false,0.0000,0.0000,0.0000,1.0000,0,0,false,0.0000,0.0000,false,0,,wh_main_bound_entity_energy_small,wh2_dlc13_ability_summon_unbinding_generic_small_phase_01,false,true,true,0.0000,,,false,0.0000,0.0000,false,0.0000,data/unit_stats/source_exports/db/special_ability_phases_tables/data__.tsv,2486,9.0.1
wh_main_unit_passive_unbinding_weak,30.0000,negative,,false,false,0.0000,0.0000,0.0000,0.2000,11,1,false,0.0000,0.0000,false,0,,wh_main_bound_entity_energy_small_low,wh2_dlc13_ability_summon_unbinding_generic_small_phase_02,false,true,true,0.0000,,,false,0.0000,0.0000,false,0.0000,data/unit_stats/source_exports/db/special_ability_phases_tables/data__.tsv,2487,9.0.1
wh_main_unit_passive_unbinding_weak_eagle,30.0000,negative,,false,false,0.0000,0.0000,0.0000,0.2000,11,1,false,0.0000,0.0000,false,0,,wh_main_bound_entity_energy_small_low,wh2_dlc13_ability_summon_unbinding_generic_large_phase_02,false,true,true,0.0000,,,false,0.0000,0.0000,false,0.0000,data/unit_stats/source_exports/db/special_ability_phases_tables/data__.tsv,2488,9.0.1
wh_main_unit_passive_unbinding_weak_large,30.0000,negative,,false,false,0.0000,0.0000,0.0000,0.2000,11,1,false,0.0000,0.0000,false,0,,wh_main_bound_entity_energy_large_low,wh2_dlc13_ability_summon_unbinding_generic_large_phase_02,false,true,true,0.0000,,,false,0.0000,0.0000,false,0.0000,data/unit_stats/source_exports/db/special_ability_phases_tables/data__.tsv,2489,9.0.1
wh_main_unit_passive_unbinding_weak_manticore,30.0000,negative,,false,false,0.0000,0.0000,0.0000,0.2000,11,1,false,0.0000,0.0000,false,0,,wh_main_bound_entity_energy_manticore_low,wh2_dlc13_ability_summon_unbinding_generic_large_phase_02,false,true,true,0.0000,,,false,0.0000,0.0000,false,0.0000,data/unit_stats/source_exports/db/special_ability_phases_tables/data__.tsv,2490,9.0.1
wh_main_unit_passive_unbinding_weak_rat,30.0000,negative,,false,false,0.0000,0.0000,0.0000,0.2000,11,1,false,0.0000,0.0000,false,0,,wh_main_bound_entity_energy_small_low,wh2_dlc13_ability_summon_unbinding_generic_small_phase_02,false,true,true,0.0000,,,false,0.0000,0.0000,false,0.0000,data/unit_stats/source_exports/db/special_ability_phases_tables/data__.tsv,2491,9.0.1
wh_main_unit_passive_unbinding_zombie,99.0000,negative,,false,false,0.0000,0.0000,0.0000,1.0000,0,0,false,0.0000,0.0000,false,0,,wh_main_bound_entity_energy_small,wh2_dlc13_ability_summon_unbinding_generic_small_phase_01,false,true,true,0.0000,,,false,0.0000,0.0000,false,0.0000,data/unit_stats/source_exports/db/special_ability_phases_tables/data__.tsv,2492,9.0.1
wh_main_unit_passive_unbinding_zombie_slow,180.0000,negative,,false,false,0.0000,0.0000,0.0000,1.0000,0,0,false,0.0000,0.0000,false,0,,wh_main_bound_entity_energy_small,wh2_dlc13_ability_summon_unbinding_generic_small_phase_01,false,true,true,0.0000,,,false,0.0000,0.0000,false,0.0000,data/unit_stats/source_exports/db/special_ability_phases_tables/data__.tsv,2493,9.0.1
wh_main_unit_passive_unstable,-1.0000,negative,,false,false,0.0000,0.0000,0.0000,1.0000,28,1,false,0.0000,0.0000,false,0,,wh_main_generic_crumble,,false,true,true,0.0000,,,false,0.0000,0.0000,false,0.0000,data/unit_stats/source_exports/db/special_ability_phases_tables/data__.tsv,2494,9.0.1
wh_main_unit_passive_unstable_mark_ii,-1.0000,negative,,false,false,0.0000,0.0000,0.0000,0.2000,133,5,false,0.0000,0.0000,false,0,,wh_main_generic_crumble_II,,false,true,true,0.0000,,,false,0.0000,0.0000,false,0.0000,data/unit_stats/source_exports/db/special_ability_phases_tables/data__.tsv,2495,9.0.1
wh_main_unit_passive_war_paint,-1.0000,positive,,false,false,0.0000,0.0000,0.0000,0.0000,0,0,false,0.0000,0.0000,false,0,,wh_main_generic_ward_save_magic_passive,,false,true,true,0.0000,,,false,0.0000,0.0000,false,0.0000,data/unit_stats/source_exports/db/special_ability_phases_tables/data__.tsv,2496,9.0.1
wh_main_weapon_abilities_axe_of_dargo,29.0000,positive,,false,false,0.0000,0.0000,0.0000,0.0000,0,0,false,0.0000,0.0000,false,0,,wh_main_generic_debuff_attack_banner,wh_ability_negative_one_shot,false,true,true,0.0000,,,false,0.0000,0.0000,false,0.0000,data/unit_stats/source_exports/db/special_ability_phases_tables/data__.tsv,2497,9.0.1
wh_main_weapon_abilities_charmed_shield,17.0000,positive,,false,false,0.0000,0.0000,0.0000,0.0000,0,0,false,0.0000,0.0000,false,0,,wh_main_generic_ward_save_all,wh_ability_positive,false,true,true,0.0000,,,false,0.0000,0.0000,false,0.0000,data/unit_stats/source_exports/db/special_ability_phases_tables/data__.tsv,2498,9.0.1
wh_main_weapon_abilities_filth_mace,30.0000,positive,,false,false,0.0000,0.0000,0.0000,0.0000,0,0,false,0.0000,0.0000,false,0,wh3_dlc20_unit_contact_corrosion,wh_main_generic_buff_attack_banner,wh_ability_positive_one_shot,false,true,true,0.0000,,,false,0.0000,0.0000,false,0.0000,data/unit_stats/source_exports/db/special_ability_phases_tables/data__.tsv,2499,9.0.1
wh_main_weapon_abilities_ghal_maraz,39.0000,positive,,false,false,0.0000,0.0000,0.0000,0.0000,0,0,false,0.0000,0.0000,false,0,,wh_main_generic_buff_attack_banner,wh_ability_positive_one_shot,false,true,true,0.0000,,,false,0.0000,0.0000,false,0.0000,data/unit_stats/source_exports/db/special_ability_phases_tables/data__.tsv,2500,9.0.1
wh_main_weapon_abilities_gitsnik,33.0000,positive,,false,false,0.0000,0.0000,0.0000,0.0000,0,0,false,0.0000,0.0000,false,0,,wh_main_generic_buff_attack_banner,wh_ability_positive_one_shot,false,true,true,0.0000,,,false,0.0000,0.0000,false,0.0000,data/unit_stats/source_exports/db/special_ability_phases_tables/data__.tsv,2501,9.0.1
wh_main_weapon_abilities_hellfire_sword,42.0000,positive,,false,false,0.0000,0.0000,0.0000,0.0000,0,0,false,0.0000,0.0000,false,10,,wh_main_generic_buff_attack_banner,wh_ability_positive_one_shot,false,true,true,0.0000,,,false,0.0000,0.0000,false,0.0000,data/unit_stats/source_exports/db/special_ability_phases_tables/data__.tsv,2502,9.0.1
wh_main_weapon_abilities_helm_of_discord,25.0000,negative,,false,false,0.0000,0.0000,0.0000,0.0000,0,0,false,0.0000,0.0000,false,0,,wh_main_generic_debuff_defence_attack,wh_ability_negative,false,true,true,0.0000,,,false,0.0000,0.0000,false,0.0000,data/unit_stats/source_exports/db/special_ability_phases_tables/data__.tsv,2503,9.0.1
wh_main_weapon_abilities_runefang,33.0000,positive,,false,false,0.0000,0.0000,0.0000,0.0000,0,0,false,0.0000,0.0000,false,0,,wh_main_generic_buff_attack_banner,wh_ability_positive_one_shot,false,true,true,0.0000,,,false,0.0000,0.0000,false,0.0000,data/unit_stats/source_exports/db/special_ability_phases_tables/data__.tsv,2504,9.0.1
wh_main_weapon_abilities_sword_of_anti_heroes,40.0000,positive,,false,false,0.0000,0.0000,0.0000,0.0000,0,0,false,0.0000,0.0000,false,0,,wh_main_generic_buff_attack_banner,wh_ability_positive_one_shot,false,true,true,0.0000,,,false,0.0000,0.0000,false,0.0000,data/unit_stats/source_exports/db/special_ability_phases_tables/data__.tsv,2505,9.0.1
wh_main_weapon_abilities_the_hammer_of_karak_drazh,50.0000,negative,,false,false,0.0000,0.0000,0.0000,0.0000,0,0,false,0.0000,0.0000,false,0,,wh_main_generic_debuff_morale_attack_banner,wh_ability_negative_one_shot,false,true,true,0.0000,,,false,0.0000,0.0000,false,0.0000,data/unit_stats/source_exports/db/special_ability_phases_tables/data__.tsv,2506,9.0.1
wh_main_weapon_abilities_the_mace_of_helsturm,40.0000,positive,,false,false,0.0000,0.0000,0.0000,0.0000,0,0,false,0.0000,0.0000,false,10,,wh_main_generic_buff_attack_banner,wh_ability_positive_one_shot,false,true,true,0.0000,,,false,0.0000,0.0000,false,0.0000,data/unit_stats/source_exports/db/special_ability_phases_tables/data__.tsv,2507,9.0.1
wh_main_weapon_abilities_the_reikland_runefang,39.0000,positive,,false,false,0.0000,0.0000,0.0000,0.0000,0,0,false,0.0000,0.0000,false,0,,wh_main_generic_buff_attack,wh_ability_positive,false,true,true,0.0000,,,false,0.0000,0.0000,false,0.0000,data/unit_stats/source_exports/db/special_ability_phases_tables/data__.tsv,2508,9.0.1
wh_main_weapon_abilities_the_sword_of_couronne,38.0000,negative,,false,false,0.0000,0.0000,0.0000,0.0000,0,0,false,0.0000,0.0000,false,0,,wh_main_generic_debuff_defence,wh_ability_negative,false,true,true,0.0000,,,false,0.0000,0.0000,false,0.0000,data/unit_stats/source_exports/db/special_ability_phases_tables/data__.tsv,2509,9.0.1
wh_main_weapon_abilities_tormentor_sword,9.0000,negative,,true,false,0.0000,0.0000,0.0000,0.0000,0,0,false,0.0000,0.0000,false,0,,wh_main_generic_debuff_defence,wh_ability_negative,false,true,true,0.0000,,,false,0.0000,0.0000,false,0.0000,data/unit_stats/source_exports/db/special_ability_phases_tables/data__.tsv,2510,9.0.1
wh_main_weapon_passive_chaos_tomb_blade,-1.0000,positive,,false,false,0.0000,0.0000,0.0000,1.0000,0,0,true,0.0000,0.0000,false,0,,wh_main_generic_hp_regen_passive,,false,true,true,0.0000,,,false,0.0010,0.0000,false,0.0000,data/unit_stats/source_exports/db/special_ability_phases_tables/data__.tsv,2511,9.0.1
wh_main_weapon_passive_glittering_scales,-1.0000,negative,,false,false,0.0000,0.0000,0.0000,0.0000,0,0,false,0.0000,0.0000,false,0,,wh_main_weapon_passive_glittering_scales,,false,true,true,0.0000,,,false,0.0000,0.0000,false,0.0000,data/unit_stats/source_exports/db/special_ability_phases_tables/data__.tsv,2512,9.0.1
wh_main_weapon_passive_sword_of_unholy_power,-1.0000,positive,,false,false,0.0000,0.0000,0.0000,0.0000,0,0,false,0.6000,0.1000,false,0,,,,false,true,true,0.0000,,,false,0.0000,0.0000,false,0.0000,data/unit_stats/source_exports/db/special_ability_phases_tables/data__.tsv,2513,9.0.1
wh_main_weapon_passive_warrior_bane,-1.0000,negative,,false,false,0.0000,0.0000,0.0000,0.0000,0,0,false,0.0000,0.0000,false,0,,wh_main_generic_debuff_attack_passive,,false,true,true,0.0000,,,false,0.0000,0.0000,false,0.0000,data/unit_stats/source_exports/db/special_ability_phases_tables/data__.tsv,2514,9.0.1
wh_pro01_item_passive_rune_helm_of_zhufbar,-1.0000,positive,,false,false,0.0000,0.0000,0.0000,0.0000,0,0,false,0.0000,0.0000,false,0,,wh_main_generic_buff_defence_morale_passive,wh_ability_positive,false,true,true,0.0000,,,false,0.0000,0.0000,false,0.0000,data/unit_stats/source_exports/db/special_ability_phases_tables/data__.tsv,2515,9.0.1
wh_pro01_lord_abilities_flash_bomb,16.0000,negative,,false,false,0.0000,0.0000,0.0000,0.0000,0,0,false,0.0000,0.0000,false,0,,wh_main_generic_debuff_attack,,false,true,true,0.0000,,,false,0.0000,0.0000,false,0.0000,data/unit_stats/source_exports/db/special_ability_phases_tables/data__.tsv,2516,9.0.1
wh_pro01_lord_passive_grombrindal_has_no_fear,24.0000,positive,,false,false,0.0000,0.0000,0.0000,0.0000,0,0,false,0.0000,0.0000,false,0,,,,false,true,true,0.0000,,,false,0.0000,0.0000,false,0.0000,data/unit_stats/source_exports/db/special_ability_phases_tables/data__.tsv,2517,9.0.1
wh_pro01_weapon_abilities_rune_axe_of_grombrindal,32.0000,positive,,false,false,0.0000,0.0000,0.0000,0.0000,0,0,false,0.0000,0.0000,false,0,wh_dlc06_unit_contact_discouraged,wh_main_generic_buff_attack,wh_ability_positive,false,true,true,0.0000,,,false,0.0000,0.0000,false,0.0000,data/unit_stats/source_exports/db/special_ability_phases_tables/data__.tsv,2518,9.0.1
wh_pro02_item_abilities_blood_chalice_of_bathori,26.0000,positive,,false,false,-0.0200,0.0000,0.0000,1.0000,0,0,false,0.0000,0.0000,false,0,,wh_main_generic_hp_regen,wh_main_item_abilities_potion_of_healing,false,true,true,0.0000,,,false,0.0160,0.0000,false,0.0000,data/unit_stats/source_exports/db/special_ability_phases_tables/data__.tsv,2519,9.0.1
wh_pro03_unit_passive_unbinding_krell,144.0000,negative,,false,false,0.0000,0.0000,0.0000,1.0000,0,0,false,0.0000,0.0000,false,0,,wh_main_bound_entity_energy_small,wh2_dlc13_ability_summon_unbinding_generic_small_phase_01,false,true,true,0.0000,,,false,0.0000,0.0000,false,0.0000,data/unit_stats/source_exports/db/special_ability_phases_tables/data__.tsv,2520,9.0.1
wh_pro03_unit_passive_unbinding_krell_upgraded,288.0000,negative,,false,false,0.0000,0.0000,0.0000,1.0000,0,0,false,0.0000,0.0000,false,0,,wh_main_bound_entity_energy_small,wh2_dlc13_ability_summon_unbinding_generic_small_phase_01,false,true,true,0.0000,,,false,0.0000,0.0000,false,0.0000,data/unit_stats/source_exports/db/special_ability_phases_tables/data__.tsv,2521,9.0.1
wh_pro04_unit_abilities_enrage,22.0000,positive,,false,false,0.0000,0.0000,0.0000,0.0000,0,0,false,0.0000,0.0000,false,0,,wh_dlc05_mammoth_phase,wh_ability_positive,false,true,true,0.0000,,,false,0.0000,0.0000,false,0.0000,data/unit_stats/source_exports/db/special_ability_phases_tables/data__.tsv,2522,9.0.1
wh_pro04_unit_abilities_loecs_shroud,44.0000,positive,,false,false,0.0000,0.0000,0.0000,0.0000,0,0,false,0.0000,0.0000,false,0,,,,false,true,true,0.0000,,,false,0.0000,0.0000,false,0.0000,data/unit_stats/source_exports/db/special_ability_phases_tables/data__.tsv,2523,9.0.1
wh_pro04_unit_abilities_warp_gaze,12.0000,positive,,true,false,0.0000,0.0000,0.0000,0.0000,0,0,false,0.0000,0.0000,false,0,,wh_dlc08_ability_warp_gaze,wh_ability_negative,false,true,true,0.0000,,,false,0.0000,0.0000,false,0.0000,data/unit_stats/source_exports/db/special_ability_phases_tables/data__.tsv,2524,9.0.1
wh_pro04_unit_passive_apocalyptic_charge,30.0000,positive,,false,false,0.0000,0.0000,0.0000,0.0000,0,0,false,0.0000,0.0000,false,0,,wh_dlc08_apocaliptic_charge_banner_buff,wh_main_character_abilities_foe_seeker,false,true,true,0.0000,,,false,0.0000,0.0000,false,0.0000,data/unit_stats/source_exports/db/special_ability_phases_tables/data__.tsv,2525,9.0.1
wh_pro04_unit_passive_guardian,-1.0000,positive,,false,false,0.0000,0.0000,0.0000,0.0000,0,0,false,0.0000,0.0000,false,0,,wh_main_generic_ward_save_all,,false,true,true,0.0000,,,false,0.0000,0.0000,false,0.0000,data/unit_stats/source_exports/db/special_ability_phases_tables/data__.tsv,2526,9.0.1
wh_pro04_unit_passive_soul_devourer,44.0000,positive,,false,false,0.0000,0.0000,0.0000,0.0000,0,0,false,0.0000,0.0000,false,0,,wh_dlc08_ability_soul_devourer,wh_ability_positive,false,true,true,0.0000,,,false,0.0000,0.0000,false,0.0000,data/unit_stats/source_exports/db/special_ability_phases_tables/data__.tsv,2527,9.0.1
wh_pro04_unit_passive_wildfire_aura,-1.0000,positive,,false,false,0.0000,0.0000,0.0000,0.0000,0,0,false,0.0000,0.0000,false,0,,wh_main_generic_ward_save_all,,false,true,true,0.0000,,,false,0.0000,0.0000,false,0.0000,data/unit_stats/source_exports/db/special_ability_phases_tables/data__.tsv,2528,9.0.1
