phase,stat,value,how,source_path,source_line,source_patch
wh2_dlc09_army_abilities_rictus_clanstone,stat_bonus_vs_large,32.0000,add,data/unit_stats/source_exports/db/special_ability_phase_stat_effects_tables/data__.tsv,3,9.0.1
wh2_dlc09_army_abilities_sand_veil,scalar_entity_turn_speed_modifier,1.2500,mult,data/unit_stats/source_exports/db/special_ability_phase_stat_effects_tables/data__.tsv,4,9.0.1
wh2_dlc09_character_abilities_curse_of_khsar,stat_armour,-60.0000,add,data/unit_stats/source_exports/db/special_ability_phase_stat_effects_tables/data__.tsv,5,9.0.1
wh2_dlc09_character_abilities_stay_here_ill_get_help,stat_morale,16.0000,add,data/unit_stats/source_exports/db/special_ability_phase_stat_effects_tables/data__.tsv,6,9.0.1
wh2_dlc09_character_abilities_strike_of_nagash,stat_melee_damage_base,1.9000,mult,data/unit_stats/source_exports/db/special_ability_phase_stat_effects_tables/data__.tsv,7,9.0.1
wh2_dlc09_character_abilities_strike_of_nehekhara,stat_melee_attack,40.0000,add,data/unit_stats/source_exports/db/special_ability_phase_stat_effects_tables/data__.tsv,8,9.0.1
wh2_dlc09_character_abilities_strike_of_nehekhara,stat_melee_damage_base,1.6000,mult,data/unit_stats/source_exports/db/special_ability_phase_stat_effects_tables/data__.tsv,9,9.0.1
wh2_dlc09_character_abilities_strike_of_tombs,stat_melee_attack,24.0000,add,data/unit_stats/source_exports/db/special_ability_phase_stat_effects_tables/data__.tsv,10,9.0.1
wh2_dlc09_character_abilities_strike_of_tombs,stat_melee_damage_base,1.3000,mult,data/unit_stats/source_exports/db/special_ability_phase_stat_effects_tables/data__.tsv,11,9.0.1
wh2_dlc09_character_abilities_tomb_king_rally_upgraded,stat_morale,16.0000,add,data/unit_stats/source_exports/db/special_ability_phase_stat_effects_tables/data__.tsv,12,9.0.1
wh2_dlc09_character_abilities_tomb_king_rally,stat_morale,16.0000,add,data/unit_stats/source_exports/db/special_ability_phase_stat_effects_tables/data__.tsv,13,9.0.1
wh2_dlc09_character_passive_blessing_of_asaph,scalar_missile_damage_ap,1.1500,mult,data/unit_stats/source_exports/db/special_ability_phase_stat_effects_tables/data__.tsv,14,9.0.1
wh2_dlc09_character_passive_blessing_of_asaph,scalar_missile_damage_base,1.1500,mult,data/unit_stats/source_exports/db/special_ability_phase_stat_effects_tables/data__.tsv,15,9.0.1
wh2_dlc09_character_passive_blessing_of_asaph,stat_reloading,15.0000,add,data/unit_stats/source_exports/db/special_ability_phase_stat_effects_tables/data__.tsv,16,9.0.1
wh2_dlc09_character_passive_stone_shaper,stat_armour,15.0000,add,data/unit_stats/source_exports/db/special_ability_phase_stat_effects_tables/data__.tsv,17,9.0.1
wh2_dlc09_character_passive_stone_shaper,stat_resistance_missile,10.0000,add,data/unit_stats/source_exports/db/special_ability_phase_stat_effects_tables/data__.tsv,18,9.0.1
wh2_dlc09_character_passive_tretchs_raiders,stat_melee_attack,8.0000,add,data/unit_stats/source_exports/db/special_ability_phase_stat_effects_tables/data__.tsv,19,9.0.1
wh2_dlc09_character_passive_tretchs_raiders,stat_melee_damage_ap,1.1200,mult,data/unit_stats/source_exports/db/special_ability_phase_stat_effects_tables/data__.tsv,20,9.0.1
wh2_dlc09_character_passive_tretchs_raiders,stat_melee_damage_base,1.1200,mult,data/unit_stats/source_exports/db/special_ability_phase_stat_effects_tables/data__.tsv,21,9.0.1
wh2_dlc09_character_passive_true_blessing_of_asaph,scalar_missile_damage_ap,1.2000,mult,data/unit_stats/source_exports/db/special_ability_phase_stat_effects_tables/data__.tsv,22,9.0.1
wh2_dlc09_character_passive_true_blessing_of_asaph,scalar_missile_damage_base,1.2000,mult,data/unit_stats/source_exports/db/special_ability_phase_stat_effects_tables/data__.tsv,23,9.0.1
wh2_dlc09_character_passive_true_blessing_of_asaph,stat_reloading,25.0000,add,data/unit_stats/source_exports/db/special_ability_phase_stat_effects_tables/data__.tsv,24,9.0.1
wh2_dlc09_character_passive_unyielding_will,stat_melee_attack,5.0000,add,data/unit_stats/source_exports/db/special_ability_phase_stat_effects_tables/data__.tsv,25,9.0.1
wh2_dlc09_character_passive_unyielding_will,stat_melee_defence,5.0000,add,data/unit_stats/source_exports/db/special_ability_phase_stat_effects_tables/data__.tsv,26,9.0.1
wh2_dlc09_character_passive_wrath_of_the_creator,stat_melee_attack,5.0000,add,data/unit_stats/source_exports/db/special_ability_phase_stat_effects_tables/data__.tsv,27,9.0.1
wh2_dlc09_character_passive_wrath_of_the_creator,stat_melee_damage_ap,1.0600,mult,data/unit_stats/source_exports/db/special_ability_phase_stat_effects_tables/data__.tsv,28,9.0.1
wh2_dlc09_item_abilities_amulet_of_phastah,stat_armour,-30.0000,add,data/unit_stats/source_exports/db/special_ability_phase_stat_effects_tables/data__.tsv,29,9.0.1
wh2_dlc09_item_abilities_amulet_of_phastah,stat_missile_block_chance,-48.0000,add,data/unit_stats/source_exports/db/special_ability_phase_stat_effects_tables/data__.tsv,30,9.0.1
wh2_dlc09_item_abilities_elixir_of_might,stat_melee_attack,24.0000,add,data/unit_stats/source_exports/db/special_ability_phase_stat_effects_tables/data__.tsv,31,9.0.1
wh2_dlc09_item_abilities_elixir_of_might,stat_melee_damage_base,1.6000,mult,data/unit_stats/source_exports/db/special_ability_phase_stat_effects_tables/data__.tsv,32,9.0.1
wh2_dlc09_item_abilities_enkhils_kanopi,stat_resistance_magic,60.0000,add,data/unit_stats/source_exports/db/special_ability_phase_stat_effects_tables/data__.tsv,33,9.0.1
wh2_dlc09_item_passive_crown_of_nehekhara,stat_charge_bonus,1.1000,mult,data/unit_stats/source_exports/db/special_ability_phase_stat_effects_tables/data__.tsv,34,9.0.1
wh2_dlc09_item_passive_crown_of_nehekhara,stat_melee_damage_ap,1.1200,mult,data/unit_stats/source_exports/db/special_ability_phase_stat_effects_tables/data__.tsv,35,9.0.1
wh2_dlc09_item_passive_crown_of_nehekhara,stat_melee_damage_base,1.1200,mult,data/unit_stats/source_exports/db/special_ability_phase_stat_effects_tables/data__.tsv,36,9.0.1
wh2_dlc09_item_passive_lucky_skullhelm,scalar_speed,1.2500,mult,data/unit_stats/source_exports/db/special_ability_phase_stat_effects_tables/data__.tsv,37,9.0.1
wh2_dlc09_item_passive_lucky_skullhelm,stat_resistance_all,40.0000,add,data/unit_stats/source_exports/db/special_ability_phase_stat_effects_tables/data__.tsv,38,9.0.1
wh2_dlc09_item_passive_scorpion_armour,stat_resistance_all,20.0000,add,data/unit_stats/source_exports/db/special_ability_phase_stat_effects_tables/data__.tsv,39,9.0.1
wh2_dlc09_lord_abilities_the_liber_mortis,stat_morale,8.0000,add,data/unit_stats/source_exports/db/special_ability_phase_stat_effects_tables/data__.tsv,40,9.0.1
wh2_dlc09_lord_abilities_the_liber_mortis,stat_resistance_physical,40.0000,add,data/unit_stats/source_exports/db/special_ability_phase_stat_effects_tables/data__.tsv,41,9.0.1
wh2_dlc09_lord_passive_my_will_be_done_upgraded,stat_melee_attack,5.0000,add,data/unit_stats/source_exports/db/special_ability_phase_stat_effects_tables/data__.tsv,42,9.0.1
wh2_dlc09_lord_passive_my_will_be_done_upgraded,stat_melee_damage_ap,1.1000,mult,data/unit_stats/source_exports/db/special_ability_phase_stat_effects_tables/data__.tsv,43,9.0.1
wh2_dlc09_lord_passive_my_will_be_done_upgraded,stat_melee_damage_base,1.1000,mult,data/unit_stats/source_exports/db/special_ability_phase_stat_effects_tables/data__.tsv,44,9.0.1
wh2_dlc09_lord_passive_my_will_be_done_upgraded,stat_melee_defence,5.0000,add,data/unit_stats/source_exports/db/special_ability_phase_stat_effects_tables/data__.tsv,45,9.0.1
wh2_dlc09_lord_passive_my_will_be_done,stat_melee_attack,5.0000,add,data/unit_stats/source_exports/db/special_ability_phase_stat_effects_tables/data__.tsv,46,9.0.1
wh2_dlc09_lord_passive_my_will_be_done,stat_melee_defence,5.0000,add,data/unit_stats/source_exports/db/special_ability_phase_stat_effects_tables/data__.tsv,47,9.0.1
wh2_dlc09_spell_nehekhara_djafs_incantation_of_cursed_blades_upgraded,stat_bonus_vs_large,16.0000,add,data/unit_stats/source_exports/db/special_ability_phase_stat_effects_tables/data__.tsv,48,9.0.1
wh2_dlc09_spell_nehekhara_djafs_incantation_of_cursed_blades_upgraded,stat_melee_damage_ap,1.2500,mult,data/unit_stats/source_exports/db/special_ability_phase_stat_effects_tables/data__.tsv,49,9.0.1
wh2_dlc09_spell_nehekhara_djafs_incantation_of_cursed_blades_upgraded,stat_melee_damage_base,1.2500,mult,data/unit_stats/source_exports/db/special_ability_phase_stat_effects_tables/data__.tsv,50,9.0.1
wh2_dlc09_spell_nehekhara_djafs_incantation_of_cursed_blades,stat_melee_damage_ap,1.2500,mult,data/unit_stats/source_exports/db/special_ability_phase_stat_effects_tables/data__.tsv,51,9.0.1
wh2_dlc09_spell_nehekhara_djafs_incantation_of_cursed_blades,stat_melee_damage_base,1.2500,mult,data/unit_stats/source_exports/db/special_ability_phase_stat_effects_tables/data__.tsv,52,9.0.1
wh2_dlc09_spell_nehekhara_nerus_incantation_of_protection_upgraded,stat_resistance_physical,40.0000,add,data/unit_stats/source_exports/db/special_ability_phase_stat_effects_tables/data__.tsv,53,9.0.1
wh2_dlc09_spell_nehekhara_nerus_incantation_of_protection,stat_resistance_physical,40.0000,add,data/unit_stats/source_exports/db/special_ability_phase_stat_effects_tables/data__.tsv,54,9.0.1
wh2_dlc09_spell_nehekhara_ptras_incantation_of_righteous_smiting_upgraded,scalar_missile_damage_ap,1.4000,mult,data/unit_stats/source_exports/db/special_ability_phase_stat_effects_tables/data__.tsv,55,9.0.1
wh2_dlc09_spell_nehekhara_ptras_incantation_of_righteous_smiting_upgraded,scalar_missile_damage_base,1.4000,mult,data/unit_stats/source_exports/db/special_ability_phase_stat_effects_tables/data__.tsv,56,9.0.1
wh2_dlc09_spell_nehekhara_ptras_incantation_of_righteous_smiting_upgraded,stat_reloading,40.0000,add,data/unit_stats/source_exports/db/special_ability_phase_stat_effects_tables/data__.tsv,57,9.0.1
wh2_dlc09_spell_nehekhara_ptras_incantation_of_righteous_smiting,scalar_missile_damage_ap,1.4000,mult,data/unit_stats/source_exports/db/special_ability_phase_stat_effects_tables/data__.tsv,58,9.0.1
wh2_dlc09_spell_nehekhara_ptras_incantation_of_righteous_smiting,scalar_missile_damage_base,1.4000,mult,data/unit_stats/source_exports/db/special_ability_phase_stat_effects_tables/data__.tsv,59,9.0.1
wh2_dlc09_spell_nehekhara_usekhps_incantation_of_desiccation_upgraded,stat_melee_attack,-40.0000,add,data/unit_stats/source_exports/db/special_ability_phase_stat_effects_tables/data__.tsv,60,9.0.1
wh2_dlc09_spell_nehekhara_usekhps_incantation_of_desiccation_upgraded,stat_melee_defence,-24.0000,add,data/unit_stats/source_exports/db/special_ability_phase_stat_effects_tables/data__.tsv,61,9.0.1
wh2_dlc09_spell_nehekhara_usekhps_incantation_of_desiccation,stat_melee_attack,-24.0000,add,data/unit_stats/source_exports/db/special_ability_phase_stat_effects_tables/data__.tsv,62,9.0.1
wh2_dlc09_spell_nehekhara_usekhps_incantation_of_desiccation,stat_melee_defence,-24.0000,add,data/unit_stats/source_exports/db/special_ability_phase_stat_effects_tables/data__.tsv,63,9.0.1
wh2_dlc09_spell_nehekhara_usirians_incantation_of_vengeance_upgraded,scalar_speed,0.5500,mult,data/unit_stats/source_exports/db/special_ability_phase_stat_effects_tables/data__.tsv,64,9.0.1
wh2_dlc09_spell_nehekhara_usirians_incantation_of_vengeance,scalar_speed,0.7500,mult,data/unit_stats/source_exports/db/special_ability_phase_stat_effects_tables/data__.tsv,65,9.0.1
wh2_dlc09_unit_contact_shieldbreaker,stat_missile_block_chance,-24.0000,add,data/unit_stats/source_exports/db/special_ability_phase_stat_effects_tables/data__.tsv,66,9.0.1
wh2_dlc09_unit_passive_guardian,stat_resistance_physical,15.0000,add,data/unit_stats/source_exports/db/special_ability_phase_stat_effects_tables/data__.tsv,67,9.0.1
wh2_dlc09_unit_passive_spirit_conduit,scalar_spell_mastery,1.2000,mult,data/unit_stats/source_exports/db/special_ability_phase_stat_effects_tables/data__.tsv,68,9.0.1
wh2_dlc09_weapon_abilities_blade_of_setep,stat_armour,-30.0000,add,data/unit_stats/source_exports/db/special_ability_phase_stat_effects_tables/data__.tsv,69,9.0.1
wh2_dlc09_weapon_abilities_blade_of_setep,stat_resistance_physical,-20.0000,add,data/unit_stats/source_exports/db/special_ability_phase_stat_effects_tables/data__.tsv,70,9.0.1
wh2_dlc10_character_abilities_entangle,stat_weakness_flame,-20.0000,add,data/unit_stats/source_exports/db/special_ability_phase_stat_effects_tables/data__.tsv,71,9.0.1
wh2_dlc10_hef_unit_passive_ability_guardian,stat_resistance_physical,15.0000,add,data/unit_stats/source_exports/db/special_ability_phase_stat_effects_tables/data__.tsv,72,9.0.1
wh2_dlc10_hero_passive_quicksilver_shot,stat_reloading,10.0000,add,data/unit_stats/source_exports/db/special_ability_phase_stat_effects_tables/data__.tsv,73,9.0.1
wh2_dlc10_item_abilities_fear_of_aramar,stat_morale,-24.0000,add,data/unit_stats/source_exports/db/special_ability_phase_stat_effects_tables/data__.tsv,74,9.0.1
wh2_dlc10_item_abilities_speed_of_lykos,scalar_speed,1.2500,mult,data/unit_stats/source_exports/db/special_ability_phase_stat_effects_tables/data__.tsv,75,9.0.1
wh2_dlc10_item_abilities_stave_of_avelorn,scalar_miscast_chance,0.0000,mult,data/unit_stats/source_exports/db/special_ability_phase_stat_effects_tables/data__.tsv,76,9.0.1
wh2_dlc10_item_abilities_the_amber_trance_self,stat_morale,16.0000,add,data/unit_stats/source_exports/db/special_ability_phase_stat_effects_tables/data__.tsv,77,9.0.1
wh2_dlc10_item_abilities_the_amber_trance,stat_morale,-16.0000,add,data/unit_stats/source_exports/db/special_ability_phase_stat_effects_tables/data__.tsv,78,9.0.1
wh2_dlc10_item_passive_amulet_of_dark_fire,stat_resistance_magic,20.0000,add,data/unit_stats/source_exports/db/special_ability_phase_stat_effects_tables/data__.tsv,79,9.0.1
wh2_dlc10_item_passive_dragon_slayers_fang,stat_melee_defence,10.0000,add,data/unit_stats/source_exports/db/special_ability_phase_stat_effects_tables/data__.tsv,80,9.0.1
wh2_dlc10_item_passive_dragon_slayers_fang,stat_resistance_all,10.0000,add,data/unit_stats/source_exports/db/special_ability_phase_stat_effects_tables/data__.tsv,81,9.0.1
wh2_dlc10_item_passive_gate_keepers_belt,stat_resistance_all,40.0000,add,data/unit_stats/source_exports/db/special_ability_phase_stat_effects_tables/data__.tsv,82,9.0.1
wh2_dlc10_item_passive_gate_keepers_helm,stat_resistance_magic,20.0000,add,data/unit_stats/source_exports/db/special_ability_phase_stat_effects_tables/data__.tsv,83,9.0.1
wh2_dlc10_item_passive_gate_keepers_helm,stat_resistance_missile,10.0000,add,data/unit_stats/source_exports/db/special_ability_phase_stat_effects_tables/data__.tsv,84,9.0.1
wh2_dlc10_item_passive_ironbeards_bracers,scalar_speed,1.1000,mult,data/unit_stats/source_exports/db/special_ability_phase_stat_effects_tables/data__.tsv,85,9.0.1
wh2_dlc10_item_passive_ironbeards_bracers,stat_resistance_physical,20.0000,add,data/unit_stats/source_exports/db/special_ability_phase_stat_effects_tables/data__.tsv,86,9.0.1
wh2_dlc10_item_passive_ironbeards_ring,stat_weakness_flame,-20.0000,add,data/unit_stats/source_exports/db/special_ability_phase_stat_effects_tables/data__.tsv,87,9.0.1
wh2_dlc10_item_passive_ironwardens_shield,stat_resistance_all,10.0000,add,data/unit_stats/source_exports/db/special_ability_phase_stat_effects_tables/data__.tsv,88,9.0.1
wh2_dlc10_item_passive_old_guards_armour,stat_melee_attack,-8.0000,add,data/unit_stats/source_exports/db/special_ability_phase_stat_effects_tables/data__.tsv,89,9.0.1
wh2_dlc10_item_passive_prospectors_spyglass,stat_accuracy,15.0000,add,data/unit_stats/source_exports/db/special_ability_phase_stat_effects_tables/data__.tsv,90,9.0.1
wh2_dlc10_item_passive_ring_of_vengeance,stat_melee_attack,5.0000,add,data/unit_stats/source_exports/db/special_ability_phase_stat_effects_tables/data__.tsv,91,9.0.1
wh2_dlc10_item_passive_ring_of_vengeance,stat_morale,12.0000,add,data/unit_stats/source_exports/db/special_ability_phase_stat_effects_tables/data__.tsv,92,9.0.1
wh2_dlc10_item_passive_shieldstone_of_isha,stat_resistance_physical,10.0000,add,data/unit_stats/source_exports/db/special_ability_phase_stat_effects_tables/data__.tsv,93,9.0.1
wh2_dlc10_item_passive_stone_of_midnight,stat_resistance_missile,20.0000,add,data/unit_stats/source_exports/db/special_ability_phase_stat_effects_tables/data__.tsv,94,9.0.1
wh2_dlc10_item_passive_the_shadow_crown,scalar_speed,1.1500,mult,data/unit_stats/source_exports/db/special_ability_phase_stat_effects_tables/data__.tsv,95,9.0.1
wh2_dlc10_item_passive_the_shadow_crown,stat_melee_defence,5.0000,add,data/unit_stats/source_exports/db/special_ability_phase_stat_effects_tables/data__.tsv,96,9.0.1
wh2_dlc10_lord_abilities_gaze_of_khaine,stat_melee_attack,24.0000,add,data/unit_stats/source_exports/db/special_ability_phase_stat_effects_tables/data__.tsv,97,9.0.1
wh2_dlc10_lord_abilities_gaze_of_khaine,stat_melee_damage_ap,1.2500,mult,data/unit_stats/source_exports/db/special_ability_phase_stat_effects_tables/data__.tsv,98,9.0.1
wh2_dlc10_lord_abilities_gaze_of_khaine,stat_melee_damage_base,1.2500,mult,data/unit_stats/source_exports/db/special_ability_phase_stat_effects_tables/data__.tsv,99,9.0.1
wh2_dlc10_lord_abilities_gaze_of_khaine,stat_morale,8.0000,add,data/unit_stats/source_exports/db/special_ability_phase_stat_effects_tables/data__.tsv,100,9.0.1
wh2_dlc10_lord_abilities_oath_of_vengeance,stat_melee_defence,-24.0000,add,data/unit_stats/source_exports/db/special_ability_phase_stat_effects_tables/data__.tsv,101,9.0.1
wh2_dlc10_lord_abilities_red_ruin,stat_melee_damage_ap,1.7500,mult,data/unit_stats/source_exports/db/special_ability_phase_stat_effects_tables/data__.tsv,102,9.0.1
wh2_dlc10_lord_abilities_red_ruin,stat_melee_damage_base,1.7500,mult,data/unit_stats/source_exports/db/special_ability_phase_stat_effects_tables/data__.tsv,103,9.0.1
wh2_dlc10_lord_abilities_red_ruin,stat_melee_defence,-24.0000,add,data/unit_stats/source_exports/db/special_ability_phase_stat_effects_tables/data__.tsv,104,9.0.1
wh2_dlc10_lord_passive_blood_frenzy_1,stat_melee_damage_ap,1.1000,mult,data/unit_stats/source_exports/db/special_ability_phase_stat_effects_tables/data__.tsv,105,9.0.1
wh2_dlc10_lord_passive_blood_frenzy_2,stat_melee_damage_ap,1.2000,mult,data/unit_stats/source_exports/db/special_ability_phase_stat_effects_tables/data__.tsv,106,9.0.1
wh2_dlc10_lord_passive_blood_frenzy_3,stat_melee_damage_ap,1.2500,mult,data/unit_stats/source_exports/db/special_ability_phase_stat_effects_tables/data__.tsv,107,9.0.1
wh2_dlc10_quest_abilities_insane_head,stat_armour,-35.0000,add,data/unit_stats/source_exports/db/special_ability_phase_stat_effects_tables/data__.tsv,108,9.0.1
wh2_dlc10_quest_abilities_insane_head,stat_melee_attack,12.0000,add,data/unit_stats/source_exports/db/special_ability_phase_stat_effects_tables/data__.tsv,109,9.0.1
wh2_dlc10_quest_abilities_insane_head,stat_melee_defence,-24.0000,add,data/unit_stats/source_exports/db/special_ability_phase_stat_effects_tables/data__.tsv,110,9.0.1
wh2_dlc10_quest_abilities_regenerating_head,stat_resistance_flame,80.0000,add,data/unit_stats/source_exports/db/special_ability_phase_stat_effects_tables/data__.tsv,111,9.0.1
wh2_dlc10_quest_abilities_unidentified_hydra_head,stat_resistance_flame,80.0000,add,data/unit_stats/source_exports/db/special_ability_phase_stat_effects_tables/data__.tsv,112,9.0.1
wh2_dlc10_quest_passive_mother_of_flame,scalar_speed,1.2500,mult,data/unit_stats/source_exports/db/special_ability_phase_stat_effects_tables/data__.tsv,113,9.0.1
wh2_dlc10_quest_passive_mother_of_flame,stat_melee_attack,12.0000,add,data/unit_stats/source_exports/db/special_ability_phase_stat_effects_tables/data__.tsv,114,9.0.1
wh2_dlc10_quest_passive_mother_of_flame,stat_resistance_physical,20.0000,add,data/unit_stats/source_exports/db/special_ability_phase_stat_effects_tables/data__.tsv,115,9.0.1
wh2_dlc10_quest_passive_primal_rage_i,stat_melee_damage_ap,1.2500,mult,data/unit_stats/source_exports/db/special_ability_phase_stat_effects_tables/data__.tsv,116,9.0.1
wh2_dlc10_quest_passive_primal_rage_i,stat_melee_damage_base,1.2500,mult,data/unit_stats/source_exports/db/special_ability_phase_stat_effects_tables/data__.tsv,117,9.0.1
wh2_dlc10_quest_passive_primal_rampage_iii,stat_melee_attack,15.0000,add,data/unit_stats/source_exports/db/special_ability_phase_stat_effects_tables/data__.tsv,118,9.0.1
wh2_dlc10_quest_passive_primal_rampage_iii,stat_melee_damage_ap,1.4800,mult,data/unit_stats/source_exports/db/special_ability_phase_stat_effects_tables/data__.tsv,119,9.0.1
wh2_dlc10_quest_passive_primal_rampage_ii,stat_melee_attack,7.0000,add,data/unit_stats/source_exports/db/special_ability_phase_stat_effects_tables/data__.tsv,120,9.0.1
wh2_dlc10_quest_passive_primal_rampage_ii,stat_melee_damage_ap,1.2500,mult,data/unit_stats/source_exports/db/special_ability_phase_stat_effects_tables/data__.tsv,121,9.0.1
wh2_dlc10_quest_passive_primal_rampage_ii,stat_resistance_all,20.0000,add,data/unit_stats/source_exports/db/special_ability_phase_stat_effects_tables/data__.tsv,122,9.0.1
wh2_dlc10_quest_passive_primal_rampage_i,stat_resistance_all,10.0000,add,data/unit_stats/source_exports/db/special_ability_phase_stat_effects_tables/data__.tsv,123,9.0.1
wh2_dlc10_unit_passive_abyssal_howl,stat_morale,-8.0000,add,data/unit_stats/source_exports/db/special_ability_phase_stat_effects_tables/data__.tsv,124,9.0.1
wh2_dlc10_unit_passive_the_trial_of_blades,stat_melee_attack,8.0000,add,data/unit_stats/source_exports/db/special_ability_phase_stat_effects_tables/data__.tsv,125,9.0.1
wh2_dlc10_unit_passive_the_trial_of_blades,stat_melee_damage_ap,4.0000,add,data/unit_stats/source_exports/db/special_ability_phase_stat_effects_tables/data__.tsv,126,9.0.1
wh2_dlc10_weapon_passive_dragon_slayers_axe,stat_melee_attack,5.0000,add,data/unit_stats/source_exports/db/special_ability_phase_stat_effects_tables/data__.tsv,127,9.0.1
wh2_dlc10_weapon_passive_dragon_slayers_axe,stat_melee_damage_ap,1.1000,mult,data/unit_stats/source_exports/db/special_ability_phase_stat_effects_tables/data__.tsv,128,9.0.1
wh2_dlc10_weapon_passive_dragon_slayers_axe,stat_melee_damage_base,1.1000,mult,data/unit_stats/source_exports/db/special_ability_phase_stat_effects_tables/data__.tsv,129,9.0.1
wh2_dlc10_weapon_passive_shadow_of_khaine,scalar_splash_attack_power,3.0000,mult,data/unit_stats/source_exports/db/special_ability_phase_stat_effects_tables/data__.tsv,130,9.0.1
wh2_dlc11_army_abilities_shanty_verse_1,stat_melee_defence,20.0000,add,data/unit_stats/source_exports/db/special_ability_phase_stat_effects_tables/data__.tsv,131,9.0.1
wh2_dlc11_army_abilities_shanty_verse_1,stat_reloading,20.0000,add,data/unit_stats/source_exports/db/special_ability_phase_stat_effects_tables/data__.tsv,132,9.0.1
wh2_dlc11_army_abilities_shanty_verse_2,stat_melee_defence,30.0000,add,data/unit_stats/source_exports/db/special_ability_phase_stat_effects_tables/data__.tsv,133,9.0.1
wh2_dlc11_army_abilities_shanty_verse_2,stat_reloading,30.0000,add,data/unit_stats/source_exports/db/special_ability_phase_stat_effects_tables/data__.tsv,134,9.0.1
wh2_dlc11_army_abilities_shanty_verse_3,stat_melee_defence,40.0000,add,data/unit_stats/source_exports/db/special_ability_phase_stat_effects_tables/data__.tsv,135,9.0.1
wh2_dlc11_army_abilities_shanty_verse_3,stat_reloading,40.0000,add,data/unit_stats/source_exports/db/special_ability_phase_stat_effects_tables/data__.tsv,136,9.0.1
wh2_dlc11_character_abilities_all_hands_hoay,stat_melee_damage_ap,1.2500,mult,data/unit_stats/source_exports/db/special_ability_phase_stat_effects_tables/data__.tsv,137,9.0.1
wh2_dlc11_character_abilities_all_hands_hoay,stat_melee_damage_base,1.2500,mult,data/unit_stats/source_exports/db/special_ability_phase_stat_effects_tables/data__.tsv,138,9.0.1
wh2_dlc11_character_abilities_all_hands_hoay,stat_morale,16.0000,add,data/unit_stats/source_exports/db/special_ability_phase_stat_effects_tables/data__.tsv,139,9.0.1
wh2_dlc11_character_abilities_avast_ye,stat_melee_damage_ap,1.2500,mult,data/unit_stats/source_exports/db/special_ability_phase_stat_effects_tables/data__.tsv,140,9.0.1
wh2_dlc11_character_abilities_avast_ye,stat_melee_damage_base,1.2500,mult,data/unit_stats/source_exports/db/special_ability_phase_stat_effects_tables/data__.tsv,141,9.0.1
wh2_dlc11_character_abilities_avast_ye,stat_morale,8.0000,add,data/unit_stats/source_exports/db/special_ability_phase_stat_effects_tables/data__.tsv,142,9.0.1
wh2_dlc11_character_abilities_ballistic_enchantment,stat_accuracy,60.0000,add,data/unit_stats/source_exports/db/special_ability_phase_stat_effects_tables/data__.tsv,143,9.0.1
wh2_dlc11_character_abilities_ballistic_enchantment,stat_reloading,20.0000,add,data/unit_stats/source_exports/db/special_ability_phase_stat_effects_tables/data__.tsv,144,9.0.1
wh2_dlc11_character_abilities_cackle_fruit,scalar_speed,0.5500,mult,data/unit_stats/source_exports/db/special_ability_phase_stat_effects_tables/data__.tsv,145,9.0.1
wh2_dlc11_character_abilities_hornswaggle,scalar_speed,0.7500,mult,data/unit_stats/source_exports/db/special_ability_phase_stat_effects_tables/data__.tsv,146,9.0.1
wh2_dlc11_character_abilities_hornswaggle,stat_armour,-30.0000,add,data/unit_stats/source_exports/db/special_ability_phase_stat_effects_tables/data__.tsv,147,9.0.1
wh2_dlc11_character_abilities_hornswaggle,stat_melee_defence,-24.0000,add,data/unit_stats/source_exports/db/special_ability_phase_stat_effects_tables/data__.tsv,148,9.0.1
wh2_dlc11_character_abilities_taunt,scalar_speed,0.7500,mult,data/unit_stats/source_exports/db/special_ability_phase_stat_effects_tables/data__.tsv,149,9.0.1
wh2_dlc11_character_abilities_taunt,stat_armour,-30.0000,add,data/unit_stats/source_exports/db/special_ability_phase_stat_effects_tables/data__.tsv,150,9.0.1
wh2_dlc11_character_abilities_taunt,stat_melee_defence,-24.0000,add,data/unit_stats/source_exports/db/special_ability_phase_stat_effects_tables/data__.tsv,151,9.0.1
wh2_dlc11_hero_abilities_bomb_throw,scalar_missile_damage_ap,1.2000,mult,data/unit_stats/source_exports/db/special_ability_phase_stat_effects_tables/data__.tsv,152,9.0.1
wh2_dlc11_hero_passive_dead_eyes,scalar_missile_damage_ap,1.1000,mult,data/unit_stats/source_exports/db/special_ability_phase_stat_effects_tables/data__.tsv,153,9.0.1
wh2_dlc11_hero_passive_dead_eyes,scalar_missile_damage_base,1.1000,mult,data/unit_stats/source_exports/db/special_ability_phase_stat_effects_tables/data__.tsv,154,9.0.1
wh2_dlc11_item_abilities_moonshine,stat_melee_damage_ap,1.2500,mult,data/unit_stats/source_exports/db/special_ability_phase_stat_effects_tables/data__.tsv,155,9.0.1
wh2_dlc11_item_abilities_moonshine,stat_melee_damage_base,1.2500,mult,data/unit_stats/source_exports/db/special_ability_phase_stat_effects_tables/data__.tsv,156,9.0.1
wh2_dlc11_item_abilities_moonshine,stat_resistance_flame,-40.0000,add,data/unit_stats/source_exports/db/special_ability_phase_stat_effects_tables/data__.tsv,157,9.0.1
wh2_dlc11_item_passive_helm_of_the_kraken,stat_melee_defence,10.0000,add,data/unit_stats/source_exports/db/special_ability_phase_stat_effects_tables/data__.tsv,158,9.0.1
wh2_dlc11_lord_abilities_claws_of_mourkain,stat_melee_damage_ap,1.5000,mult,data/unit_stats/source_exports/db/special_ability_phase_stat_effects_tables/data__.tsv,159,9.0.1
wh2_dlc11_lord_abilities_dark_protection,stat_melee_defence,24.0000,add,data/unit_stats/source_exports/db/special_ability_phase_stat_effects_tables/data__.tsv,160,9.0.1
wh2_dlc11_lord_abilities_dark_protection,stat_resistance_all,20.0000,add,data/unit_stats/source_exports/db/special_ability_phase_stat_effects_tables/data__.tsv,161,9.0.1
wh2_dlc11_lord_abilities_dreaded_duelist,stat_melee_attack,24.0000,add,data/unit_stats/source_exports/db/special_ability_phase_stat_effects_tables/data__.tsv,162,9.0.1
wh2_dlc11_lord_abilities_dreaded_duelist,stat_melee_defence,24.0000,add,data/unit_stats/source_exports/db/special_ability_phase_stat_effects_tables/data__.tsv,163,9.0.1
wh2_dlc11_lord_abilities_ghoul_king_of_ushoran,stat_morale,8.0000,add,data/unit_stats/source_exports/db/special_ability_phase_stat_effects_tables/data__.tsv,164,9.0.1
wh2_dlc11_lord_abilities_heart_piercing,stat_charge_bonus,1.4000,mult,data/unit_stats/source_exports/db/special_ability_phase_stat_effects_tables/data__.tsv,165,9.0.1
wh2_dlc11_lord_abilities_heart_piercing,stat_melee_damage_ap,1.5000,mult,data/unit_stats/source_exports/db/special_ability_phase_stat_effects_tables/data__.tsv,166,9.0.1
wh2_dlc11_lord_abilities_lightning_reflexes,scalar_speed,1.2500,mult,data/unit_stats/source_exports/db/special_ability_phase_stat_effects_tables/data__.tsv,167,9.0.1
wh2_dlc11_lord_abilities_lightning_reflexes,stat_resistance_all,20.0000,add,data/unit_stats/source_exports/db/special_ability_phase_stat_effects_tables/data__.tsv,168,9.0.1
wh2_dlc11_lord_abilities_mananns_luck,stat_melee_defence,24.0000,add,data/unit_stats/source_exports/db/special_ability_phase_stat_effects_tables/data__.tsv,169,9.0.1
wh2_dlc11_lord_abilities_mananns_luck,stat_resistance_all,20.0000,add,data/unit_stats/source_exports/db/special_ability_phase_stat_effects_tables/data__.tsv,170,9.0.1
wh2_dlc11_lord_abilities_seduction,scalar_speed,0.7500,mult,data/unit_stats/source_exports/db/special_ability_phase_stat_effects_tables/data__.tsv,171,9.0.1
wh2_dlc11_lord_abilities_seduction,stat_melee_attack,-24.0000,add,data/unit_stats/source_exports/db/special_ability_phase_stat_effects_tables/data__.tsv,172,9.0.1
wh2_dlc11_lord_abilities_song_of_enthrallment,scalar_speed,0.5500,mult,data/unit_stats/source_exports/db/special_ability_phase_stat_effects_tables/data__.tsv,173,9.0.1
wh2_dlc11_lord_abilities_song_of_enthrallment,stat_melee_attack,-24.0000,add,data/unit_stats/source_exports/db/special_ability_phase_stat_effects_tables/data__.tsv,174,9.0.1
wh2_dlc11_lord_abilities_spearfishers_net,stat_melee_defence,-24.0000,add,data/unit_stats/source_exports/db/special_ability_phase_stat_effects_tables/data__.tsv,175,9.0.1
wh2_dlc11_lord_abilities_storm_of_the_night,scalar_speed,0.4000,mult,data/unit_stats/source_exports/db/special_ability_phase_stat_effects_tables/data__.tsv,176,9.0.1
wh2_dlc11_lord_abilities_transfix,scalar_speed,1.2500,mult,data/unit_stats/source_exports/db/special_ability_phase_stat_effects_tables/data__.tsv,177,9.0.1
wh2_dlc11_lord_abilities_transfix,stat_resistance_all,20.0000,add,data/unit_stats/source_exports/db/special_ability_phase_stat_effects_tables/data__.tsv,178,9.0.1
wh2_dlc11_lord_passive_honour_or_death,stat_morale,8.0000,add,data/unit_stats/source_exports/db/special_ability_phase_stat_effects_tables/data__.tsv,179,9.0.1
wh2_dlc11_lord_passive_honour_or_death,stat_resistance_all,10.0000,add,data/unit_stats/source_exports/db/special_ability_phase_stat_effects_tables/data__.tsv,180,9.0.1
wh2_dlc11_lord_passive_magical_void,stat_resistance_magic,30.0000,add,data/unit_stats/source_exports/db/special_ability_phase_stat_effects_tables/data__.tsv,181,9.0.1
wh2_dlc11_lord_passive_merciless_slaver,stat_morale,-6.0000,add,data/unit_stats/source_exports/db/special_ability_phase_stat_effects_tables/data__.tsv,182,9.0.1
wh2_dlc11_quest_battle_supply,scalar_speed,1.2500,mult,data/unit_stats/source_exports/db/special_ability_phase_stat_effects_tables/data__.tsv,183,9.0.1
wh2_dlc11_spell_deep_fog_of_the_damned_upgraded,stat_melee_attack,-40.0000,add,data/unit_stats/source_exports/db/special_ability_phase_stat_effects_tables/data__.tsv,184,9.0.1
wh2_dlc11_spell_deep_fog_of_the_damned_upgraded,stat_morale,-8.0000,add,data/unit_stats/source_exports/db/special_ability_phase_stat_effects_tables/data__.tsv,185,9.0.1
wh2_dlc11_spell_deep_fog_of_the_damned,stat_melee_attack,-24.0000,add,data/unit_stats/source_exports/db/special_ability_phase_stat_effects_tables/data__.tsv,186,9.0.1
wh2_dlc11_spell_deep_fog_of_the_damned,stat_morale,-8.0000,add,data/unit_stats/source_exports/db/special_ability_phase_stat_effects_tables/data__.tsv,187,9.0.1
wh2_dlc11_spell_deep_krakens_pull,scalar_speed,0.5500,mult,data/unit_stats/source_exports/db/special_ability_phase_stat_effects_tables/data__.tsv,188,9.0.1
wh2_dlc11_spell_deep_spiteful_shot_upgraded,stat_accuracy,90.0000,add,data/unit_stats/source_exports/db/special_ability_phase_stat_effects_tables/data__.tsv,189,9.0.1
wh2_dlc11_spell_deep_spiteful_shot,stat_accuracy,90.0000,add,data/unit_stats/source_exports/db/special_ability_phase_stat_effects_tables/data__.tsv,190,9.0.1
wh2_dlc11_spell_deep_tidecall,scalar_speed,0.7500,mult,data/unit_stats/source_exports/db/special_ability_phase_stat_effects_tables/data__.tsv,191,9.0.1
wh2_dlc11_unit_contact_charmed,stat_melee_attack,-8.0000,add,data/unit_stats/source_exports/db/special_ability_phase_stat_effects_tables/data__.tsv,192,9.0.1
wh2_dlc11_unit_contact_disrupted,stat_resistance_physical,-10.0000,add,data/unit_stats/source_exports/db/special_ability_phase_stat_effects_tables/data__.tsv,193,9.0.1
wh2_dlc11_unit_contact_monstrous_impact,scalar_charge_speed,0.4000,mult,data/unit_stats/source_exports/db/special_ability_phase_stat_effects_tables/data__.tsv,194,9.0.1
wh2_dlc11_unit_contact_monstrous_impact,scalar_speed,0.4000,mult,data/unit_stats/source_exports/db/special_ability_phase_stat_effects_tables/data__.tsv,195,9.0.1
wh2_dlc11_unit_passive_extra_powder,scalar_missile_damage_ap,1.3000,mult,data/unit_stats/source_exports/db/special_ability_phase_stat_effects_tables/data__.tsv,196,9.0.1
wh2_dlc11_unit_passive_extra_powder,scalar_missile_damage_base,1.3000,mult,data/unit_stats/source_exports/db/special_ability_phase_stat_effects_tables/data__.tsv,197,9.0.1
wh2_dlc11_unit_passive_extra_powder,scalar_missile_explosion_damage_ap,1.3000,mult,data/unit_stats/source_exports/db/special_ability_phase_stat_effects_tables/data__.tsv,198,9.0.1
wh2_dlc11_unit_passive_extra_powder,scalar_missile_explosion_damage_base,1.3000,mult,data/unit_stats/source_exports/db/special_ability_phase_stat_effects_tables/data__.tsv,199,9.0.1
wh2_dlc11_weapon_passive_krakens_bane,stat_bonus_vs_large,8.0000,add,data/unit_stats/source_exports/db/special_ability_phase_stat_effects_tables/data__.tsv,200,9.0.1
wh2_dlc11_weapon_passive_krakens_bane,stat_melee_attack,5.0000,add,data/unit_stats/source_exports/db/special_ability_phase_stat_effects_tables/data__.tsv,201,9.0.1
wh2_dlc12_character_abilities_supreme_shield_of_the_old_ones,stat_resistance_all,40.0000,add,data/unit_stats/source_exports/db/special_ability_phase_stat_effects_tables/data__.tsv,202,9.0.1
wh2_dlc12_item_passive_braid_of_bordeleaux,stat_bonus_vs_large,12.0000,add,data/unit_stats/source_exports/db/special_ability_phase_stat_effects_tables/data__.tsv,203,9.0.1
wh2_dlc12_item_passive_braid_of_bordeleaux,stat_morale,4.0000,add,data/unit_stats/source_exports/db/special_ability_phase_stat_effects_tables/data__.tsv,204,9.0.1
wh2_dlc12_item_passive_golden_death_mask,stat_melee_attack,-8.0000,add,data/unit_stats/source_exports/db/special_ability_phase_stat_effects_tables/data__.tsv,205,9.0.1
wh2_dlc12_item_passive_mask_of_heavens,stat_armour,23.0000,add,data/unit_stats/source_exports/db/special_ability_phase_stat_effects_tables/data__.tsv,206,9.0.1
wh2_dlc12_item_passive_mask_of_heavens,stat_melee_defence,10.0000,add,data/unit_stats/source_exports/db/special_ability_phase_stat_effects_tables/data__.tsv,207,9.0.1
wh2_dlc12_item_passive_plaque_of_sotek,stat_morale,12.0000,add,data/unit_stats/source_exports/db/special_ability_phase_stat_effects_tables/data__.tsv,208,9.0.1
wh2_dlc12_item_passive_plaque_of_sotek,stat_resistance_all,20.0000,add,data/unit_stats/source_exports/db/special_ability_phase_stat_effects_tables/data__.tsv,209,9.0.1
wh2_dlc12_lord_abilities_drop_sphere_of_tepok,scalar_speed,0.4000,mult,data/unit_stats/source_exports/db/special_ability_phase_stat_effects_tables/data__.tsv,210,9.0.1
wh2_dlc12_lord_abilities_master_of_the_skies,scalar_speed,1.2500,mult,data/unit_stats/source_exports/db/special_ability_phase_stat_effects_tables/data__.tsv,211,9.0.1
wh2_dlc12_lord_abilities_master_of_the_skies,stat_melee_defence,40.0000,add,data/unit_stats/source_exports/db/special_ability_phase_stat_effects_tables/data__.tsv,212,9.0.1
wh2_dlc12_lord_abilities_warriors_crest,stat_melee_attack,40.0000,add,data/unit_stats/source_exports/db/special_ability_phase_stat_effects_tables/data__.tsv,213,9.0.1
wh2_dlc12_lord_abilities_warriors_crest,stat_melee_defence,24.0000,add,data/unit_stats/source_exports/db/special_ability_phase_stat_effects_tables/data__.tsv,214,9.0.1
wh2_dlc12_lord_passive_adrenaline_rush,stat_melee_damage_ap,1.5000,mult,data/unit_stats/source_exports/db/special_ability_phase_stat_effects_tables/data__.tsv,215,9.0.1
wh2_dlc12_lord_passive_secondwind_serum,stat_melee_defence,12.0000,add,data/unit_stats/source_exports/db/special_ability_phase_stat_effects_tables/data__.tsv,216,9.0.1
wh2_dlc12_unit_abilities_shield_of_chaqua,stat_resistance_missile,40.0000,add,data/unit_stats/source_exports/db/special_ability_phase_stat_effects_tables/data__.tsv,217,9.0.1
wh2_dlc12_unit_abilities_toad_rage,stat_melee_damage_ap,1.5000,mult,data/unit_stats/source_exports/db/special_ability_phase_stat_effects_tables/data__.tsv,218,9.0.1
wh2_dlc12_unit_abilities_toad_rage,stat_melee_damage_base,1.5000,mult,data/unit_stats/source_exports/db/special_ability_phase_stat_effects_tables/data__.tsv,219,9.0.1
wh2_dlc12_unit_contact_flammable,stat_weakness_flame,-20.0000,add,data/unit_stats/source_exports/db/special_ability_phase_stat_effects_tables/data__.tsv,220,9.0.1
wh2_dlc12_unit_contact_sundered_armour,stat_armour,-30.0000,add,data/unit_stats/source_exports/db/special_ability_phase_stat_effects_tables/data__.tsv,221,9.0.1
wh2_dlc12_unit_contact_suppressive_fire,scalar_speed,0.7000,mult,data/unit_stats/source_exports/db/special_ability_phase_stat_effects_tables/data__.tsv,222,9.0.1
wh2_dlc12_unit_passive_blade_swirl,stat_resistance_missile,10.0000,add,data/unit_stats/source_exports/db/special_ability_phase_stat_effects_tables/data__.tsv,223,9.0.1
wh2_dlc12_unit_passive_portent_of_warding,stat_resistance_all,5.0000,add,data/unit_stats/source_exports/db/special_ability_phase_stat_effects_tables/data__.tsv,224,9.0.1
wh2_dlc12_unit_passive_the_best_defence,stat_armour,24.0000,add,data/unit_stats/source_exports/db/special_ability_phase_stat_effects_tables/data__.tsv,225,9.0.1
wh2_dlc12_unit_passive_witness_me,stat_resistance_all,40.0000,add,data/unit_stats/source_exports/db/special_ability_phase_stat_effects_tables/data__.tsv,226,9.0.1
wh2_dlc12_weapon_passive_blade_of_the_ancient_skies,stat_bonus_vs_large,15.0000,add,data/unit_stats/source_exports/db/special_ability_phase_stat_effects_tables/data__.tsv,227,9.0.1
wh2_dlc12_weapon_passive_blade_of_the_ancient_skies,stat_melee_attack,15.0000,add,data/unit_stats/source_exports/db/special_ability_phase_stat_effects_tables/data__.tsv,228,9.0.1
wh2_dlc12_weapon_passive_blade_of_the_ancient_skies,stat_melee_damage_ap,1.2000,mult,data/unit_stats/source_exports/db/special_ability_phase_stat_effects_tables/data__.tsv,229,9.0.1
wh2_dlc12_weapon_passive_blade_of_the_ancient_skies,stat_melee_damage_base,1.2000,mult,data/unit_stats/source_exports/db/special_ability_phase_stat_effects_tables/data__.tsv,230,9.0.1
wh2_dlc12_weapon_passive_blade_of_the_serpents_tongue,stat_charge_bonus,1.2000,mult,data/unit_stats/source_exports/db/special_ability_phase_stat_effects_tables/data__.tsv,231,9.0.1
wh2_dlc13_armour_passive_obsinite_plate,stat_melee_attack,-8.0000,add,data/unit_stats/source_exports/db/special_ability_phase_stat_effects_tables/data__.tsv,232,9.0.1
wh2_dlc13_character_ability_big_boom_contact,stat_melee_defence,-24.0000,add,data/unit_stats/source_exports/db/special_ability_phase_stat_effects_tables/data__.tsv,233,9.0.1
wh2_dlc13_character_ability_hunters_call,stat_melee_defence,24.0000,add,data/unit_stats/source_exports/db/special_ability_phase_stat_effects_tables/data__.tsv,234,9.0.1
wh2_dlc13_character_ability_ishas_rain_contact,scalar_speed,0.7500,mult,data/unit_stats/source_exports/db/special_ability_phase_stat_effects_tables/data__.tsv,235,9.0.1
wh2_dlc13_final_battle_abilities_shield_of_the_old_ones,stat_morale,8.0000,add,data/unit_stats/source_exports/db/special_ability_phase_stat_effects_tables/data__.tsv,236,9.0.1
wh2_dlc13_final_battle_abilities_shield_of_the_old_ones,stat_resistance_all,20.0000,add,data/unit_stats/source_exports/db/special_ability_phase_stat_effects_tables/data__.tsv,237,9.0.1
wh2_dlc13_final_battle_character_abilities_rodrik_ward_save_reduction,stat_resistance_all,-50.0000,add,data/unit_stats/source_exports/db/special_ability_phase_stat_effects_tables/data__.tsv,238,9.0.1
wh2_dlc13_item_abilities_shield_of_aeons,stat_armour,60.0000,add,data/unit_stats/source_exports/db/special_ability_phase_stat_effects_tables/data__.tsv,239,9.0.1
wh2_dlc13_item_passive_band_of_loyalty,stat_resistance_physical,10.0000,add,data/unit_stats/source_exports/db/special_ability_phase_stat_effects_tables/data__.tsv,240,9.0.1
wh2_dlc13_item_passive_golden_tributes,stat_resistance_all,10.0000,add,data/unit_stats/source_exports/db/special_ability_phase_stat_effects_tables/data__.tsv,241,9.0.1
wh2_dlc13_lord_abilities_aura_of_inertia,scalar_speed,0.7500,mult,data/unit_stats/source_exports/db/special_ability_phase_stat_effects_tables/data__.tsv,242,9.0.1
wh2_dlc13_lord_abilities_aura_of_inertia,stat_morale,-8.0000,add,data/unit_stats/source_exports/db/special_ability_phase_stat_effects_tables/data__.tsv,243,9.0.1
wh2_dlc13_lord_abilities_funnel_of_flame,stat_reloading,30.0000,add,data/unit_stats/source_exports/db/special_ability_phase_stat_effects_tables/data__.tsv,244,9.0.1
wh2_dlc13_lord_abilities_hail_of_fire,stat_reloading,30.0000,add,data/unit_stats/source_exports/db/special_ability_phase_stat_effects_tables/data__.tsv,245,9.0.1
wh2_dlc13_lord_abilities_miasma_of_despair,scalar_speed,0.7500,mult,data/unit_stats/source_exports/db/special_ability_phase_stat_effects_tables/data__.tsv,246,9.0.1
wh2_dlc13_lord_abilities_miasma_of_despair,stat_morale,-8.0000,add,data/unit_stats/source_exports/db/special_ability_phase_stat_effects_tables/data__.tsv,247,9.0.1
wh2_dlc13_lord_abilities_monstrous_strength,stat_bonus_vs_infantry,16.0000,add,data/unit_stats/source_exports/db/special_ability_phase_stat_effects_tables/data__.tsv,248,9.0.1
wh2_dlc13_lord_abilities_monstrous_strength,stat_melee_damage_ap,1.2500,mult,data/unit_stats/source_exports/db/special_ability_phase_stat_effects_tables/data__.tsv,249,9.0.1
wh2_dlc13_lord_abilities_monstrous_strength,stat_melee_damage_base,1.2500,mult,data/unit_stats/source_exports/db/special_ability_phase_stat_effects_tables/data__.tsv,250,9.0.1
wh2_dlc13_lord_abilities_oil_flask,scalar_speed,0.5500,mult,data/unit_stats/source_exports/db/special_ability_phase_stat_effects_tables/data__.tsv,251,9.0.1
wh2_dlc13_lord_abilities_oil_flask,stat_weakness_flame,-40.0000,add,data/unit_stats/source_exports/db/special_ability_phase_stat_effects_tables/data__.tsv,252,9.0.1
wh2_dlc13_lord_abilities_primal_roar,stat_melee_attack,40.0000,add,data/unit_stats/source_exports/db/special_ability_phase_stat_effects_tables/data__.tsv,253,9.0.1
wh2_dlc13_lord_abilities_primal_roar,stat_resistance_physical,20.0000,add,data/unit_stats/source_exports/db/special_ability_phase_stat_effects_tables/data__.tsv,254,9.0.1
wh2_dlc13_lord_abilities_rock_of_itza,stat_resistance_physical,40.0000,add,data/unit_stats/source_exports/db/special_ability_phase_stat_effects_tables/data__.tsv,255,9.0.1
wh2_dlc13_lord_passive_endurance_aura,stat_melee_defence,5.0000,add,data/unit_stats/source_exports/db/special_ability_phase_stat_effects_tables/data__.tsv,256,9.0.1
wh2_dlc13_lord_passive_endurance_aura,stat_resistance_missile,5.0000,add,data/unit_stats/source_exports/db/special_ability_phase_stat_effects_tables/data__.tsv,257,9.0.1
wh2_dlc13_lord_passive_fleet_footed,scalar_entity_acceleration_modifier,1.1800,mult,data/unit_stats/source_exports/db/special_ability_phase_stat_effects_tables/data__.tsv,258,9.0.1
wh2_dlc13_lord_passive_fleet_footed,scalar_speed,1.1500,mult,data/unit_stats/source_exports/db/special_ability_phase_stat_effects_tables/data__.tsv,259,9.0.1
wh2_dlc13_lord_passive_merely_a_fleshwound,stat_melee_attack,12.0000,add,data/unit_stats/source_exports/db/special_ability_phase_stat_effects_tables/data__.tsv,260,9.0.1
wh2_dlc13_lord_passive_merely_a_fleshwound,stat_morale,6.0000,add,data/unit_stats/source_exports/db/special_ability_phase_stat_effects_tables/data__.tsv,261,9.0.1
wh2_dlc13_lord_passive_to_the_death,stat_melee_attack,8.0000,add,data/unit_stats/source_exports/db/special_ability_phase_stat_effects_tables/data__.tsv,262,9.0.1
wh2_dlc13_lord_passive_to_the_death,stat_morale,4.0000,add,data/unit_stats/source_exports/db/special_ability_phase_stat_effects_tables/data__.tsv,263,9.0.1
wh2_dlc13_lord_passive_trueshot_aura,scalar_missile_damage_ap,1.0500,mult,data/unit_stats/source_exports/db/special_ability_phase_stat_effects_tables/data__.tsv,264,9.0.1
wh2_dlc13_lord_passive_trueshot_aura,scalar_missile_damage_base,1.0500,mult,data/unit_stats/source_exports/db/special_ability_phase_stat_effects_tables/data__.tsv,265,9.0.1
wh2_dlc13_lord_passive_trueshot_aura,stat_reloading,5.0000,add,data/unit_stats/source_exports/db/special_ability_phase_stat_effects_tables/data__.tsv,266,9.0.1
wh2_dlc13_unit_abilities_bathed_in_blood,stat_melee_attack,5.0000,add,data/unit_stats/source_exports/db/special_ability_phase_stat_effects_tables/data__.tsv,267,9.0.1
wh2_dlc13_unit_abilities_bathed_in_blood,stat_morale,4.0000,add,data/unit_stats/source_exports/db/special_ability_phase_stat_effects_tables/data__.tsv,268,9.0.1
wh2_dlc13_unit_abilities_blinding_radiance,stat_melee_attack,-8.0000,add,data/unit_stats/source_exports/db/special_ability_phase_stat_effects_tables/data__.tsv,269,9.0.1
wh2_dlc13_unit_passive_dread_aversion,stat_morale,-8.0000,add,data/unit_stats/source_exports/db/special_ability_phase_stat_effects_tables/data__.tsv,270,9.0.1
wh2_dlc13_weapon_abilities_averland_runefang,stat_melee_attack,-40.0000,add,data/unit_stats/source_exports/db/special_ability_phase_stat_effects_tables/data__.tsv,271,9.0.1
wh2_dlc13_weapon_abilities_averland_runefang,stat_melee_damage_base,0.4000,mult,data/unit_stats/source_exports/db/special_ability_phase_stat_effects_tables/data__.tsv,272,9.0.1
wh2_dlc13_weapon_abilities_drakwald_runefang,stat_resistance_physical,40.0000,add,data/unit_stats/source_exports/db/special_ability_phase_stat_effects_tables/data__.tsv,273,9.0.1
wh2_dlc13_weapon_abilities_hochland_runefang,stat_armour,-60.0000,add,data/unit_stats/source_exports/db/special_ability_phase_stat_effects_tables/data__.tsv,274,9.0.1
wh2_dlc13_weapon_abilities_hochland_runefang,stat_melee_defence,-24.0000,add,data/unit_stats/source_exports/db/special_ability_phase_stat_effects_tables/data__.tsv,275,9.0.1
wh2_dlc13_weapon_abilities_mace_of_ulumak,stat_melee_attack,40.0000,add,data/unit_stats/source_exports/db/special_ability_phase_stat_effects_tables/data__.tsv,276,9.0.1
wh2_dlc13_weapon_abilities_mace_of_ulumak,stat_melee_damage_ap,1.5000,mult,data/unit_stats/source_exports/db/special_ability_phase_stat_effects_tables/data__.tsv,277,9.0.1
wh2_dlc13_weapon_abilities_mace_of_ulumak,stat_melee_damage_base,1.5000,mult,data/unit_stats/source_exports/db/special_ability_phase_stat_effects_tables/data__.tsv,278,9.0.1
wh2_dlc13_weapon_abilities_ostermark_runefang,stat_bonus_vs_large,32.0000,add,data/unit_stats/source_exports/db/special_ability_phase_stat_effects_tables/data__.tsv,279,9.0.1
wh2_dlc13_weapon_abilities_ostland_runefang,stat_melee_damage_ap,1.5000,mult,data/unit_stats/source_exports/db/special_ability_phase_stat_effects_tables/data__.tsv,280,9.0.1
wh2_dlc13_weapon_abilities_ostland_runefang,stat_melee_damage_base,1.5000,mult,data/unit_stats/source_exports/db/special_ability_phase_stat_effects_tables/data__.tsv,281,9.0.1
wh2_dlc13_weapon_abilities_talabecland_runefang,stat_melee_attack,40.0000,add,data/unit_stats/source_exports/db/special_ability_phase_stat_effects_tables/data__.tsv,282,9.0.1
wh2_dlc13_weapon_abilities_wissenland_runefang,scalar_speed,0.5500,mult,data/unit_stats/source_exports/db/special_ability_phase_stat_effects_tables/data__.tsv,283,9.0.1
wh2_dlc13_weapon_passive_solland_runefang,stat_morale,-8.0000,add,data/unit_stats/source_exports/db/special_ability_phase_stat_effects_tables/data__.tsv,284,9.0.1
wh2_dlc13_weapon_passive_stirland_runefang,stat_melee_attack,8.0000,add,data/unit_stats/source_exports/db/special_ability_phase_stat_effects_tables/data__.tsv,285,9.0.1
wh2_dlc14_character_abilities_henri_le_massif_exploit_weakness,stat_melee_defence,-24.0000,add,data/unit_stats/source_exports/db/special_ability_phase_stat_effects_tables/data__.tsv,286,9.0.1
wh2_dlc14_character_passive_discombobulate,stat_armour,-15.0000,add,data/unit_stats/source_exports/db/special_ability_phase_stat_effects_tables/data__.tsv,287,9.0.1
wh2_dlc14_character_passive_discombobulate,stat_melee_defence,-5.0000,add,data/unit_stats/source_exports/db/special_ability_phase_stat_effects_tables/data__.tsv,288,9.0.1
wh2_dlc14_contact_maddening,stat_melee_defence,-10.0000,add,data/unit_stats/source_exports/db/special_ability_phase_stat_effects_tables/data__.tsv,289,9.0.1
wh2_dlc14_contact_maddening,stat_morale,-10.0000,add,data/unit_stats/source_exports/db/special_ability_phase_stat_effects_tables/data__.tsv,290,9.0.1
wh2_dlc14_item_passive_idol_of_darkness,scalar_speed,0.5500,mult,data/unit_stats/source_exports/db/special_ability_phase_stat_effects_tables/data__.tsv,291,9.0.1
wh2_dlc14_item_passive_idol_of_darkness,stat_melee_defence,-5.0000,add,data/unit_stats/source_exports/db/special_ability_phase_stat_effects_tables/data__.tsv,292,9.0.1
wh2_dlc14_item_passive_the_cloak_of_shadows,stat_melee_defence,-10.0000,add,data/unit_stats/source_exports/db/special_ability_phase_stat_effects_tables/data__.tsv,293,9.0.1
wh2_dlc14_item_passive_the_cloak_of_shadows,stat_morale,-4.0000,add,data/unit_stats/source_exports/db/special_ability_phase_stat_effects_tables/data__.tsv,294,9.0.1
wh2_dlc14_lord_abilities_beastslaver,stat_bonus_vs_large,16.0000,add,data/unit_stats/source_exports/db/special_ability_phase_stat_effects_tables/data__.tsv,295,9.0.1
wh2_dlc14_lord_abilities_beastslaver,stat_melee_damage_ap,1.2500,mult,data/unit_stats/source_exports/db/special_ability_phase_stat_effects_tables/data__.tsv,296,9.0.1
wh2_dlc14_lord_abilities_beastslaver,stat_melee_damage_base,1.2500,mult,data/unit_stats/source_exports/db/special_ability_phase_stat_effects_tables/data__.tsv,297,9.0.1
wh2_dlc14_lord_abilities_bloodstorm,stat_resistance_all,20.0000,add,data/unit_stats/source_exports/db/special_ability_phase_stat_effects_tables/data__.tsv,298,9.0.1
wh2_dlc14_lord_abilities_looming_dread,scalar_speed,0.5500,mult,data/unit_stats/source_exports/db/special_ability_phase_stat_effects_tables/data__.tsv,299,9.0.1
wh2_dlc14_lord_abilities_looming_dread,stat_melee_defence,-24.0000,add,data/unit_stats/source_exports/db/special_ability_phase_stat_effects_tables/data__.tsv,300,9.0.1
wh2_dlc14_lord_abilities_looming_dread,stat_resistance_missile,-20.0000,add,data/unit_stats/source_exports/db/special_ability_phase_stat_effects_tables/data__.tsv,301,9.0.1
wh2_dlc14_lord_abilities_the_blood_price,stat_melee_damage_ap,1.6000,mult,data/unit_stats/source_exports/db/special_ability_phase_stat_effects_tables/data__.tsv,302,9.0.1
wh2_dlc14_lord_abilities_the_blood_price,stat_melee_damage_base,1.6000,mult,data/unit_stats/source_exports/db/special_ability_phase_stat_effects_tables/data__.tsv,303,9.0.1
wh2_dlc14_lord_abilities_the_blood_price,stat_resistance_all,20.0000,add,data/unit_stats/source_exports/db/special_ability_phase_stat_effects_tables/data__.tsv,304,9.0.1
wh2_dlc14_lord_abilities_the_daemons_curse,stat_melee_defence,-24.0000,add,data/unit_stats/source_exports/db/special_ability_phase_stat_effects_tables/data__.tsv,305,9.0.1
wh2_dlc14_lord_abilities_the_daemons_curse,stat_morale,-10.0000,add,data/unit_stats/source_exports/db/special_ability_phase_stat_effects_tables/data__.tsv,306,9.0.1
wh2_dlc14_lord_abilities_whiplash,scalar_charge_speed,1.2500,mult,data/unit_stats/source_exports/db/special_ability_phase_stat_effects_tables/data__.tsv,307,9.0.1
wh2_dlc14_lord_abilities_whiplash,stat_charge_bonus,1.2000,mult,data/unit_stats/source_exports/db/special_ability_phase_stat_effects_tables/data__.tsv,308,9.0.1
wh2_dlc14_lord_abilities_whiplash,stat_melee_damage_ap,1.5000,mult,data/unit_stats/source_exports/db/special_ability_phase_stat_effects_tables/data__.tsv,309,9.0.1
wh2_dlc14_lord_abilities_whiplash,stat_melee_damage_base,1.5000,mult,data/unit_stats/source_exports/db/special_ability_phase_stat_effects_tables/data__.tsv,310,9.0.1
wh2_dlc14_lord_passive_fleur_de_lys_banner,stat_melee_attack,8.0000,add,data/unit_stats/source_exports/db/special_ability_phase_stat_effects_tables/data__.tsv,311,9.0.1
wh2_dlc14_lord_passive_fleur_de_lys_banner,stat_melee_defence,10.0000,add,data/unit_stats/source_exports/db/special_ability_phase_stat_effects_tables/data__.tsv,312,9.0.1
wh2_dlc14_lore_passive_toxic_rain,scalar_missile_damage_ap,0.9000,mult,data/unit_stats/source_exports/db/special_ability_phase_stat_effects_tables/data__.tsv,313,9.0.1
wh2_dlc14_lore_passive_toxic_rain,scalar_missile_damage_base,0.9000,mult,data/unit_stats/source_exports/db/special_ability_phase_stat_effects_tables/data__.tsv,314,9.0.1
wh2_dlc14_lore_passive_toxic_rain,scalar_speed,0.9000,mult,data/unit_stats/source_exports/db/special_ability_phase_stat_effects_tables/data__.tsv,315,9.0.1
wh2_dlc14_lore_passive_toxic_rain,stat_melee_damage_ap,0.9000,mult,data/unit_stats/source_exports/db/special_ability_phase_stat_effects_tables/data__.tsv,316,9.0.1
wh2_dlc14_lore_passive_toxic_rain,stat_melee_damage_base,0.9000,mult,data/unit_stats/source_exports/db/special_ability_phase_stat_effects_tables/data__.tsv,317,9.0.1
wh2_dlc14_spell_ruin_flensing_ruin_upgraded,stat_armour,-30.0000,add,data/unit_stats/source_exports/db/special_ability_phase_stat_effects_tables/data__.tsv,318,9.0.1
wh2_dlc14_spell_ruin_flensing_ruin,stat_armour,-30.0000,add,data/unit_stats/source_exports/db/special_ability_phase_stat_effects_tables/data__.tsv,319,9.0.1
wh2_dlc14_spell_stealth_armour_of_darkness_upgraded,stat_armour,60.0000,add,data/unit_stats/source_exports/db/special_ability_phase_stat_effects_tables/data__.tsv,320,9.0.1
wh2_dlc14_spell_stealth_armour_of_darkness_upgraded,stat_resistance_missile,20.0000,add,data/unit_stats/source_exports/db/special_ability_phase_stat_effects_tables/data__.tsv,321,9.0.1
wh2_dlc14_spell_stealth_armour_of_darkness,stat_armour,60.0000,add,data/unit_stats/source_exports/db/special_ability_phase_stat_effects_tables/data__.tsv,322,9.0.1
wh2_dlc14_spell_stealth_armour_of_darkness,stat_resistance_missile,20.0000,add,data/unit_stats/source_exports/db/special_ability_phase_stat_effects_tables/data__.tsv,323,9.0.1
wh2_dlc14_spell_stealth_brittle_bone_upgraded,scalar_speed,0.7500,mult,data/unit_stats/source_exports/db/special_ability_phase_stat_effects_tables/data__.tsv,324,9.0.1
wh2_dlc14_spell_stealth_brittle_bone_upgraded,stat_melee_defence,-40.0000,add,data/unit_stats/source_exports/db/special_ability_phase_stat_effects_tables/data__.tsv,325,9.0.1
wh2_dlc14_spell_stealth_brittle_bone,scalar_speed,0.7500,mult,data/unit_stats/source_exports/db/special_ability_phase_stat_effects_tables/data__.tsv,326,9.0.1
wh2_dlc14_spell_stealth_brittle_bone,stat_melee_defence,-40.0000,add,data/unit_stats/source_exports/db/special_ability_phase_stat_effects_tables/data__.tsv,327,9.0.1
wh2_dlc14_spell_stealth_veil_of_shadows,scalar_speed,0.5500,mult,data/unit_stats/source_exports/db/special_ability_phase_stat_effects_tables/data__.tsv,328,9.0.1
wh2_dlc14_spell_stealth_veil_of_shadows,stat_morale,-8.0000,add,data/unit_stats/source_exports/db/special_ability_phase_stat_effects_tables/data__.tsv,329,9.0.1
wh2_dlc14_unit_abilities_warp_quake,scalar_speed,0.7500,mult,data/unit_stats/source_exports/db/special_ability_phase_stat_effects_tables/data__.tsv,330,9.0.1
wh2_dlc14_unit_contact_poisoned_wind_alt,stat_morale,-10.0000,add,data/unit_stats/source_exports/db/special_ability_phase_stat_effects_tables/data__.tsv,331,9.0.1
wh2_dlc14_unit_passive_aura_of_agony,stat_melee_defence,-7.0000,add,data/unit_stats/source_exports/db/special_ability_phase_stat_effects_tables/data__.tsv,332,9.0.1
wh2_dlc14_unit_passive_aura_of_agony,stat_morale,-4.0000,add,data/unit_stats/source_exports/db/special_ability_phase_stat_effects_tables/data__.tsv,333,9.0.1
wh2_dlc14_unit_passive_aura_of_ardour,stat_melee_attack,7.0000,add,data/unit_stats/source_exports/db/special_ability_phase_stat_effects_tables/data__.tsv,334,9.0.1
wh2_dlc14_unit_passive_aura_of_ardour,stat_morale,4.0000,add,data/unit_stats/source_exports/db/special_ability_phase_stat_effects_tables/data__.tsv,335,9.0.1
wh2_dlc14_unit_passive_barbed_net,scalar_speed,0.9000,mult,data/unit_stats/source_exports/db/special_ability_phase_stat_effects_tables/data__.tsv,336,9.0.1
wh2_dlc14_unit_passive_barbed_net,stat_resistance_missile,-10.0000,add,data/unit_stats/source_exports/db/special_ability_phase_stat_effects_tables/data__.tsv,337,9.0.1
wh2_dlc14_unit_passive_duck_and_weave,scalar_speed,1.1000,mult,data/unit_stats/source_exports/db/special_ability_phase_stat_effects_tables/data__.tsv,338,9.0.1
wh2_dlc14_unit_passive_duck_and_weave,stat_melee_defence,10.0000,add,data/unit_stats/source_exports/db/special_ability_phase_stat_effects_tables/data__.tsv,339,9.0.1
wh2_dlc14_unit_passive_duck_and_weave,stat_resistance_physical,10.0000,add,data/unit_stats/source_exports/db/special_ability_phase_stat_effects_tables/data__.tsv,340,9.0.1
wh2_dlc14_weapon_abilities_sword_of_lyonesse,stat_melee_attack,40.0000,add,data/unit_stats/source_exports/db/special_ability_phase_stat_effects_tables/data__.tsv,341,9.0.1
wh2_dlc14_weapon_abilities_sword_of_lyonesse,stat_melee_damage_ap,1.5000,mult,data/unit_stats/source_exports/db/special_ability_phase_stat_effects_tables/data__.tsv,342,9.0.1
wh2_dlc14_weapon_abilities_sword_of_lyonesse,stat_melee_damage_base,1.5000,mult,data/unit_stats/source_exports/db/special_ability_phase_stat_effects_tables/data__.tsv,343,9.0.1
wh2_dlc14_weapon_abilities_warpsword_of_khaine,stat_resistance_all,5.0000,add,data/unit_stats/source_exports/db/special_ability_phase_stat_effects_tables/data__.tsv,344,9.0.1
wh2_dlc15_abilities_fermented_fungi,stat_melee_defence,-24.0000,add,data/unit_stats/source_exports/db/special_ability_phase_stat_effects_tables/data__.tsv,345,9.0.1
wh2_dlc15_army_abilities_azhags_big_waaagh,stat_melee_attack,40.0000,add,data/unit_stats/source_exports/db/special_ability_phase_stat_effects_tables/data__.tsv,346,9.0.1
wh2_dlc15_army_abilities_azhags_big_waaagh,stat_melee_damage_ap,1.2500,mult,data/unit_stats/source_exports/db/special_ability_phase_stat_effects_tables/data__.tsv,347,9.0.1
wh2_dlc15_army_abilities_azhags_big_waaagh,stat_melee_damage_base,1.2500,mult,data/unit_stats/source_exports/db/special_ability_phase_stat_effects_tables/data__.tsv,348,9.0.1
wh2_dlc15_army_abilities_azhags_waaagh,stat_melee_attack,24.0000,add,data/unit_stats/source_exports/db/special_ability_phase_stat_effects_tables/data__.tsv,349,9.0.1
wh2_dlc15_army_abilities_azhags_waaagh,stat_melee_damage_ap,1.2500,mult,data/unit_stats/source_exports/db/special_ability_phase_stat_effects_tables/data__.tsv,350,9.0.1
wh2_dlc15_army_abilities_azhags_waaagh,stat_melee_damage_base,1.2500,mult,data/unit_stats/source_exports/db/special_ability_phase_stat_effects_tables/data__.tsv,351,9.0.1
wh2_dlc15_army_abilities_big_waaagh,stat_melee_attack,40.0000,add,data/unit_stats/source_exports/db/special_ability_phase_stat_effects_tables/data__.tsv,352,9.0.1
wh2_dlc15_army_abilities_big_waaagh,stat_melee_damage_ap,1.2500,mult,data/unit_stats/source_exports/db/special_ability_phase_stat_effects_tables/data__.tsv,353,9.0.1
wh2_dlc15_army_abilities_big_waaagh,stat_melee_damage_base,1.2500,mult,data/unit_stats/source_exports/db/special_ability_phase_stat_effects_tables/data__.tsv,354,9.0.1
wh2_dlc15_army_abilities_grimgors_big_waaagh,stat_melee_attack,40.0000,add,data/unit_stats/source_exports/db/special_ability_phase_stat_effects_tables/data__.tsv,355,9.0.1
wh2_dlc15_army_abilities_grimgors_big_waaagh,stat_melee_damage_ap,1.5000,mult,data/unit_stats/source_exports/db/special_ability_phase_stat_effects_tables/data__.tsv,356,9.0.1
wh2_dlc15_army_abilities_grimgors_big_waaagh,stat_melee_damage_base,1.5000,mult,data/unit_stats/source_exports/db/special_ability_phase_stat_effects_tables/data__.tsv,357,9.0.1
wh2_dlc15_army_abilities_grimgors_waaagh,stat_melee_attack,24.0000,add,data/unit_stats/source_exports/db/special_ability_phase_stat_effects_tables/data__.tsv,358,9.0.1
wh2_dlc15_army_abilities_grimgors_waaagh,stat_melee_damage_ap,1.5000,mult,data/unit_stats/source_exports/db/special_ability_phase_stat_effects_tables/data__.tsv,359,9.0.1
wh2_dlc15_army_abilities_grimgors_waaagh,stat_melee_damage_base,1.5000,mult,data/unit_stats/source_exports/db/special_ability_phase_stat_effects_tables/data__.tsv,360,9.0.1
wh2_dlc15_army_abilities_groms_big_waaagh,stat_melee_attack,40.0000,add,data/unit_stats/source_exports/db/special_ability_phase_stat_effects_tables/data__.tsv,361,9.0.1
wh2_dlc15_army_abilities_groms_big_waaagh,stat_melee_damage_ap,1.2500,mult,data/unit_stats/source_exports/db/special_ability_phase_stat_effects_tables/data__.tsv,362,9.0.1
wh2_dlc15_army_abilities_groms_big_waaagh,stat_melee_damage_base,1.2500,mult,data/unit_stats/source_exports/db/special_ability_phase_stat_effects_tables/data__.tsv,363,9.0.1
wh2_dlc15_army_abilities_groms_waaagh,stat_melee_attack,24.0000,add,data/unit_stats/source_exports/db/special_ability_phase_stat_effects_tables/data__.tsv,364,9.0.1
wh2_dlc15_army_abilities_groms_waaagh,stat_melee_damage_ap,1.2500,mult,data/unit_stats/source_exports/db/special_ability_phase_stat_effects_tables/data__.tsv,365,9.0.1
wh2_dlc15_army_abilities_groms_waaagh,stat_melee_damage_base,1.2500,mult,data/unit_stats/source_exports/db/special_ability_phase_stat_effects_tables/data__.tsv,366,9.0.1
wh2_dlc15_army_abilities_oath_of_replenishment_upgraded,scalar_missile_damage_ap,1.2500,mult,data/unit_stats/source_exports/db/special_ability_phase_stat_effects_tables/data__.tsv,367,9.0.1
wh2_dlc15_army_abilities_oath_of_replenishment_upgraded,scalar_missile_damage_base,1.2500,mult,data/unit_stats/source_exports/db/special_ability_phase_stat_effects_tables/data__.tsv,368,9.0.1
wh2_dlc15_army_abilities_oath_of_replenishment,stat_morale,8.0000,add,data/unit_stats/source_exports/db/special_ability_phase_stat_effects_tables/data__.tsv,369,9.0.1
wh2_dlc15_army_abilities_skarsniks_big_waaagh,scalar_missile_damage_ap,1.5000,mult,data/unit_stats/source_exports/db/special_ability_phase_stat_effects_tables/data__.tsv,370,9.0.1
wh2_dlc15_army_abilities_skarsniks_big_waaagh,scalar_missile_damage_base,1.5000,mult,data/unit_stats/source_exports/db/special_ability_phase_stat_effects_tables/data__.tsv,371,9.0.1
wh2_dlc15_army_abilities_skarsniks_big_waaagh,stat_melee_attack,40.0000,add,data/unit_stats/source_exports/db/special_ability_phase_stat_effects_tables/data__.tsv,372,9.0.1
wh2_dlc15_army_abilities_skarsniks_big_waaagh,stat_melee_damage_ap,1.2500,mult,data/unit_stats/source_exports/db/special_ability_phase_stat_effects_tables/data__.tsv,373,9.0.1
wh2_dlc15_army_abilities_skarsniks_big_waaagh,stat_melee_damage_base,1.2500,mult,data/unit_stats/source_exports/db/special_ability_phase_stat_effects_tables/data__.tsv,374,9.0.1
wh2_dlc15_army_abilities_skarsniks_waaagh,scalar_missile_damage_ap,1.5000,mult,data/unit_stats/source_exports/db/special_ability_phase_stat_effects_tables/data__.tsv,375,9.0.1
wh2_dlc15_army_abilities_skarsniks_waaagh,scalar_missile_damage_base,1.5000,mult,data/unit_stats/source_exports/db/special_ability_phase_stat_effects_tables/data__.tsv,376,9.0.1
wh2_dlc15_army_abilities_skarsniks_waaagh,stat_melee_attack,24.0000,add,data/unit_stats/source_exports/db/special_ability_phase_stat_effects_tables/data__.tsv,377,9.0.1
wh2_dlc15_army_abilities_skarsniks_waaagh,stat_melee_damage_ap,1.2500,mult,data/unit_stats/source_exports/db/special_ability_phase_stat_effects_tables/data__.tsv,378,9.0.1
wh2_dlc15_army_abilities_skarsniks_waaagh,stat_melee_damage_base,1.2500,mult,data/unit_stats/source_exports/db/special_ability_phase_stat_effects_tables/data__.tsv,379,9.0.1
wh2_dlc15_army_abilities_unleash_the_winds,scalar_miscast_chance,2.0000,mult,data/unit_stats/source_exports/db/special_ability_phase_stat_effects_tables/data__.tsv,380,9.0.1
wh2_dlc15_army_abilities_waaagh,stat_melee_attack,24.0000,add,data/unit_stats/source_exports/db/special_ability_phase_stat_effects_tables/data__.tsv,381,9.0.1
wh2_dlc15_army_abilities_waaagh,stat_melee_damage_ap,1.2500,mult,data/unit_stats/source_exports/db/special_ability_phase_stat_effects_tables/data__.tsv,382,9.0.1
wh2_dlc15_army_abilities_waaagh,stat_melee_damage_base,1.2500,mult,data/unit_stats/source_exports/db/special_ability_phase_stat_effects_tables/data__.tsv,383,9.0.1
wh2_dlc15_army_abilities_wurrzags_big_waaagh,stat_melee_attack,40.0000,add,data/unit_stats/source_exports/db/special_ability_phase_stat_effects_tables/data__.tsv,384,9.0.1
wh2_dlc15_army_abilities_wurrzags_big_waaagh,stat_melee_damage_ap,1.2500,mult,data/unit_stats/source_exports/db/special_ability_phase_stat_effects_tables/data__.tsv,385,9.0.1
wh2_dlc15_army_abilities_wurrzags_big_waaagh,stat_melee_damage_base,1.2500,mult,data/unit_stats/source_exports/db/special_ability_phase_stat_effects_tables/data__.tsv,386,9.0.1
wh2_dlc15_army_abilities_wurrzags_big_waaagh,stat_resistance_physical,20.0000,add,data/unit_stats/source_exports/db/special_ability_phase_stat_effects_tables/data__.tsv,387,9.0.1
wh2_dlc15_army_abilities_wurrzags_waaagh,stat_melee_attack,24.0000,add,data/unit_stats/source_exports/db/special_ability_phase_stat_effects_tables/data__.tsv,388,9.0.1
wh2_dlc15_army_abilities_wurrzags_waaagh,stat_melee_damage_ap,1.2500,mult,data/unit_stats/source_exports/db/special_ability_phase_stat_effects_tables/data__.tsv,389,9.0.1
wh2_dlc15_army_abilities_wurrzags_waaagh,stat_melee_damage_base,1.2500,mult,data/unit_stats/source_exports/db/special_ability_phase_stat_effects_tables/data__.tsv,390,9.0.1
wh2_dlc15_army_abilities_wurrzags_waaagh,stat_resistance_physical,20.0000,add,data/unit_stats/source_exports/db/special_ability_phase_stat_effects_tables/data__.tsv,391,9.0.1
wh2_dlc15_character_abilities_sausage_busta,stat_charge_bonus,1.2000,mult,data/unit_stats/source_exports/db/special_ability_phase_stat_effects_tables/data__.tsv,392,9.0.1
wh2_dlc15_character_abilities_sausage_busta,stat_morale,12.0000,add,data/unit_stats/source_exports/db/special_ability_phase_stat_effects_tables/data__.tsv,393,9.0.1
wh2_dlc15_character_abilities_they_needs_stabbin,stat_armour,-30.0000,add,data/unit_stats/source_exports/db/special_ability_phase_stat_effects_tables/data__.tsv,394,9.0.1
wh2_dlc15_character_abilities_they_needs_stabbin,stat_melee_defence,-24.0000,add,data/unit_stats/source_exports/db/special_ability_phase_stat_effects_tables/data__.tsv,395,9.0.1
wh2_dlc15_character_abilities_wardens_cage,stat_armour,-60.0000,add,data/unit_stats/source_exports/db/special_ability_phase_stat_effects_tables/data__.tsv,396,9.0.1
wh2_dlc15_character_abilities_wardens_cage,stat_melee_defence,-48.0000,add,data/unit_stats/source_exports/db/special_ability_phase_stat_effects_tables/data__.tsv,397,9.0.1
wh2_dlc15_hero_abilites_mither,scalar_charge_speed,0.4000,mult,data/unit_stats/source_exports/db/special_ability_phase_stat_effects_tables/data__.tsv,398,9.0.1
wh2_dlc15_hero_abilites_mither,scalar_speed,0.4000,mult,data/unit_stats/source_exports/db/special_ability_phase_stat_effects_tables/data__.tsv,399,9.0.1
wh2_dlc15_hero_passive_ballistics_instructor,scalar_missile_range,1.1000,mult,data/unit_stats/source_exports/db/special_ability_phase_stat_effects_tables/data__.tsv,400,9.0.1
wh2_dlc15_item_abilities_azhags_ard_armour,stat_armour,30.0000,add,data/unit_stats/source_exports/db/special_ability_phase_stat_effects_tables/data__.tsv,401,9.0.1
wh2_dlc15_item_abilities_azhags_ard_armour,stat_melee_defence,24.0000,add,data/unit_stats/source_exports/db/special_ability_phase_stat_effects_tables/data__.tsv,402,9.0.1
wh2_dlc15_item_abilities_blood_forged_armour,stat_armour,30.0000,add,data/unit_stats/source_exports/db/special_ability_phase_stat_effects_tables/data__.tsv,403,9.0.1
wh2_dlc15_item_abilities_lucky_banner,stat_melee_attack,24.0000,add,data/unit_stats/source_exports/db/special_ability_phase_stat_effects_tables/data__.tsv,404,9.0.1
wh2_dlc15_item_abilities_lucky_banner,stat_resistance_all,40.0000,add,data/unit_stats/source_exports/db/special_ability_phase_stat_effects_tables/data__.tsv,405,9.0.1
wh2_dlc15_item_abilities_vine_dragon_scale,stat_melee_defence,-24.0000,add,data/unit_stats/source_exports/db/special_ability_phase_stat_effects_tables/data__.tsv,406,9.0.1
wh2_dlc15_lord_abilities_bad_trip,stat_melee_defence,-40.0000,add,data/unit_stats/source_exports/db/special_ability_phase_stat_effects_tables/data__.tsv,407,9.0.1
wh2_dlc15_lord_abilities_da_great_un_iz_ere,stat_melee_attack,24.0000,add,data/unit_stats/source_exports/db/special_ability_phase_stat_effects_tables/data__.tsv,408,9.0.1
wh2_dlc15_lord_abilities_da_great_un_iz_ere,stat_melee_damage_base,1.3000,mult,data/unit_stats/source_exports/db/special_ability_phase_stat_effects_tables/data__.tsv,409,9.0.1
wh2_dlc15_lord_abilities_da_great_un_iz_ere,stat_morale,8.0000,add,data/unit_stats/source_exports/db/special_ability_phase_stat_effects_tables/data__.tsv,410,9.0.1
wh2_dlc15_lord_abilities_dragonhorn,stat_melee_attack,24.0000,add,data/unit_stats/source_exports/db/special_ability_phase_stat_effects_tables/data__.tsv,411,9.0.1
wh2_dlc15_lord_abilities_lord_of_dragons,stat_melee_attack,-40.0000,add,data/unit_stats/source_exports/db/special_ability_phase_stat_effects_tables/data__.tsv,412,9.0.1
wh2_dlc15_lord_abilities_lord_of_dragons,stat_melee_defence,-24.0000,add,data/unit_stats/source_exports/db/special_ability_phase_stat_effects_tables/data__.tsv,413,9.0.1
wh2_dlc15_lord_abilities_smash_em_faster,stat_melee_attack,24.0000,add,data/unit_stats/source_exports/db/special_ability_phase_stat_effects_tables/data__.tsv,414,9.0.1
wh2_dlc15_lord_abilities_smash_em_faster,stat_morale,16.0000,add,data/unit_stats/source_exports/db/special_ability_phase_stat_effects_tables/data__.tsv,415,9.0.1
wh2_dlc15_lord_abilities_wardens_stand,stat_melee_defence,10.0000,add,data/unit_stats/source_exports/db/special_ability_phase_stat_effects_tables/data__.tsv,416,9.0.1
wh2_dlc15_lord_abilities_wardens_stand,stat_morale,4.0000,add,data/unit_stats/source_exports/db/special_ability_phase_stat_effects_tables/data__.tsv,417,9.0.1
wh2_dlc15_lord_abilities_youre_next,scalar_speed,0.5500,mult,data/unit_stats/source_exports/db/special_ability_phase_stat_effects_tables/data__.tsv,418,9.0.1
wh2_dlc15_lord_abilities_youre_next,stat_melee_attack,-24.0000,add,data/unit_stats/source_exports/db/special_ability_phase_stat_effects_tables/data__.tsv,419,9.0.1
wh2_dlc15_lord_abilities_youre_next,stat_melee_defence,-40.0000,add,data/unit_stats/source_exports/db/special_ability_phase_stat_effects_tables/data__.tsv,420,9.0.1
wh2_dlc15_lord_passive_best_of_da_best,stat_melee_defence,10.0000,add,data/unit_stats/source_exports/db/special_ability_phase_stat_effects_tables/data__.tsv,421,9.0.1
wh2_dlc15_lord_passive_best_of_da_best,stat_resistance_all,10.0000,add,data/unit_stats/source_exports/db/special_ability_phase_stat_effects_tables/data__.tsv,422,9.0.1
wh2_dlc15_lord_passive_language_of_da_boyz,stat_melee_defence,5.0000,add,data/unit_stats/source_exports/db/special_ability_phase_stat_effects_tables/data__.tsv,423,9.0.1
wh2_dlc15_lord_passive_language_of_da_boyz,stat_morale,4.0000,add,data/unit_stats/source_exports/db/special_ability_phase_stat_effects_tables/data__.tsv,424,9.0.1
wh2_dlc15_unit_abilities_mighty_roar,scalar_speed,0.7500,mult,data/unit_stats/source_exports/db/special_ability_phase_stat_effects_tables/data__.tsv,425,9.0.1
wh2_dlc15_unit_abilities_mighty_roar,stat_morale,-8.0000,add,data/unit_stats/source_exports/db/special_ability_phase_stat_effects_tables/data__.tsv,426,9.0.1
wh2_dlc15_unit_abilities_mimic_cold_blooded,stat_morale,16.0000,add,data/unit_stats/source_exports/db/special_ability_phase_stat_effects_tables/data__.tsv,427,9.0.1
wh2_dlc15_unit_abilities_mimic_grand_hammer_of_faith,stat_melee_attack,24.0000,add,data/unit_stats/source_exports/db/special_ability_phase_stat_effects_tables/data__.tsv,428,9.0.1
wh2_dlc15_unit_abilities_mimic_grand_hammer_of_faith,stat_resistance_all,20.0000,add,data/unit_stats/source_exports/db/special_ability_phase_stat_effects_tables/data__.tsv,429,9.0.1
wh2_dlc15_unit_active_mimic_ruinshelter,scalar_speed,0.4000,mult,data/unit_stats/source_exports/db/special_ability_phase_stat_effects_tables/data__.tsv,430,9.0.1
wh2_dlc15_unit_active_mimic_ruinshelter,stat_armour,45.0000,add,data/unit_stats/source_exports/db/special_ability_phase_stat_effects_tables/data__.tsv,431,9.0.1
wh2_dlc15_unit_active_mimic_ruinshelter,stat_melee_attack,8.0000,add,data/unit_stats/source_exports/db/special_ability_phase_stat_effects_tables/data__.tsv,432,9.0.1
wh2_dlc15_unit_active_mimic_ruinshelter,stat_melee_defence,10.0000,add,data/unit_stats/source_exports/db/special_ability_phase_stat_effects_tables/data__.tsv,433,9.0.1
wh2_dlc15_unit_contact_nightgoblin_poison,scalar_missile_damage_ap,0.8500,mult,data/unit_stats/source_exports/db/special_ability_phase_stat_effects_tables/data__.tsv,434,9.0.1
wh2_dlc15_unit_contact_nightgoblin_poison,scalar_missile_damage_base,0.8500,mult,data/unit_stats/source_exports/db/special_ability_phase_stat_effects_tables/data__.tsv,435,9.0.1
wh2_dlc15_unit_contact_nightgoblin_poison,scalar_speed,0.8500,mult,data/unit_stats/source_exports/db/special_ability_phase_stat_effects_tables/data__.tsv,436,9.0.1
wh2_dlc15_unit_contact_nightgoblin_poison,stat_melee_damage_ap,0.8500,mult,data/unit_stats/source_exports/db/special_ability_phase_stat_effects_tables/data__.tsv,437,9.0.1
wh2_dlc15_unit_contact_nightgoblin_poison,stat_melee_damage_base,0.8500,mult,data/unit_stats/source_exports/db/special_ability_phase_stat_effects_tables/data__.tsv,438,9.0.1
wh2_dlc15_unit_contact_orrible_smell,stat_morale,-6.0000,add,data/unit_stats/source_exports/db/special_ability_phase_stat_effects_tables/data__.tsv,439,9.0.1
wh2_dlc15_unit_contact_rattled,stat_melee_attack,-8.0000,add,data/unit_stats/source_exports/db/special_ability_phase_stat_effects_tables/data__.tsv,440,9.0.1
wh2_dlc15_unit_contact_rattled,stat_melee_defence,-10.0000,add,data/unit_stats/source_exports/db/special_ability_phase_stat_effects_tables/data__.tsv,441,9.0.1
wh2_dlc15_unit_contact_shackolot_breath,stat_melee_attack,0.7000,mult,data/unit_stats/source_exports/db/special_ability_phase_stat_effects_tables/data__.tsv,442,9.0.1
wh2_dlc15_unit_contact_shackolot_breath,stat_morale,-10.0000,add,data/unit_stats/source_exports/db/special_ability_phase_stat_effects_tables/data__.tsv,443,9.0.1
wh2_dlc15_unit_contact_shackolot_breath,stat_reloading,-30.0000,add,data/unit_stats/source_exports/db/special_ability_phase_stat_effects_tables/data__.tsv,444,9.0.1
wh2_dlc15_unit_passive_ghostly_protection,stat_resistance_physical,15.0000,add,data/unit_stats/source_exports/db/special_ability_phase_stat_effects_tables/data__.tsv,445,9.0.1
wh2_dlc15_unit_passive_grim_discipline,stat_melee_attack,8.0000,add,data/unit_stats/source_exports/db/special_ability_phase_stat_effects_tables/data__.tsv,446,9.0.1
wh2_dlc15_unit_passive_grim_discipline,stat_melee_defence,12.0000,add,data/unit_stats/source_exports/db/special_ability_phase_stat_effects_tables/data__.tsv,447,9.0.1
wh2_dlc15_unit_passive_immense_power,stat_melee_damage_ap,1.1200,mult,data/unit_stats/source_exports/db/special_ability_phase_stat_effects_tables/data__.tsv,448,9.0.1
wh2_dlc15_unit_passive_immense_power,stat_melee_damage_base,1.1200,mult,data/unit_stats/source_exports/db/special_ability_phase_stat_effects_tables/data__.tsv,449,9.0.1
wh2_dlc15_unit_passive_mimic_ethereal,stat_armour,0.0000,mult,data/unit_stats/source_exports/db/special_ability_phase_stat_effects_tables/data__.tsv,450,9.0.1
wh2_dlc15_unit_passive_mimic_ethereal,stat_resistance_physical,60.0000,add,data/unit_stats/source_exports/db/special_ability_phase_stat_effects_tables/data__.tsv,451,9.0.1
wh2_dlc15_unit_passive_mimic_forest_walker,stat_melee_attack,1.2500,mult,data/unit_stats/source_exports/db/special_ability_phase_stat_effects_tables/data__.tsv,452,9.0.1
wh2_dlc15_unit_passive_mimic_forest_walker,stat_melee_defence,1.2500,mult,data/unit_stats/source_exports/db/special_ability_phase_stat_effects_tables/data__.tsv,453,9.0.1
wh2_dlc15_unit_passive_monstrous_disease,stat_bonus_vs_large,12.0000,add,data/unit_stats/source_exports/db/special_ability_phase_stat_effects_tables/data__.tsv,454,9.0.1
wh2_dlc15_unit_passive_monstrous_disease,stat_morale,8.0000,add,data/unit_stats/source_exports/db/special_ability_phase_stat_effects_tables/data__.tsv,455,9.0.1
wh2_dlc15_unit_passive_overwhelming_odour,stat_melee_attack,-6.0000,add,data/unit_stats/source_exports/db/special_ability_phase_stat_effects_tables/data__.tsv,456,9.0.1
wh2_dlc15_unit_passive_padded_shield,stat_armour,15.0000,add,data/unit_stats/source_exports/db/special_ability_phase_stat_effects_tables/data__.tsv,457,9.0.1
wh2_dlc15_unit_passive_padded_shield,stat_missile_block_chance,30.0000,add,data/unit_stats/source_exports/db/special_ability_phase_stat_effects_tables/data__.tsv,458,9.0.1
wh2_dlc15_unit_passive_pump_harder_ladz,scalar_charge_speed,1.2500,mult,data/unit_stats/source_exports/db/special_ability_phase_stat_effects_tables/data__.tsv,459,9.0.1
wh2_dlc15_unit_passive_pump_harder_ladz,scalar_dealt_collision_knocked_back_threshold_modifier,0.0250,mult,data/unit_stats/source_exports/db/special_ability_phase_stat_effects_tables/data__.tsv,460,9.0.1
wh2_dlc15_unit_passive_pump_harder_ladz,scalar_dealt_collision_knocked_down_threshold_modifier,0.0220,mult,data/unit_stats/source_exports/db/special_ability_phase_stat_effects_tables/data__.tsv,461,9.0.1
wh2_dlc15_unit_passive_pump_harder_ladz,scalar_dealt_collision_knocked_flying_threshold_modifier,0.0200,mult,data/unit_stats/source_exports/db/special_ability_phase_stat_effects_tables/data__.tsv,462,9.0.1
wh2_dlc15_unit_passive_pump_harder_ladz,scalar_speed,1.2500,mult,data/unit_stats/source_exports/db/special_ability_phase_stat_effects_tables/data__.tsv,463,9.0.1
wh2_dlc15_unit_passive_pump_harder_ladz,stat_charge_bonus,1.1500,mult,data/unit_stats/source_exports/db/special_ability_phase_stat_effects_tables/data__.tsv,464,9.0.1
wh2_dlc15_unit_passive_rubble_and_ruin_tier_1,stat_armour,-30.0000,add,data/unit_stats/source_exports/db/special_ability_phase_stat_effects_tables/data__.tsv,465,9.0.1
wh2_dlc15_unit_passive_rubble_and_ruin_tier_1,stat_melee_damage_ap,1.4000,mult,data/unit_stats/source_exports/db/special_ability_phase_stat_effects_tables/data__.tsv,466,9.0.1
wh2_dlc15_unit_passive_rubble_and_ruin_tier_2,stat_armour,-60.0000,add,data/unit_stats/source_exports/db/special_ability_phase_stat_effects_tables/data__.tsv,467,9.0.1
wh2_dlc15_unit_passive_rubble_and_ruin_tier_2,stat_melee_damage_ap,1.8000,mult,data/unit_stats/source_exports/db/special_ability_phase_stat_effects_tables/data__.tsv,468,9.0.1
wh2_dlc15_unit_passive_rubble_and_ruin_tier_3,stat_armour,-90.0000,add,data/unit_stats/source_exports/db/special_ability_phase_stat_effects_tables/data__.tsv,469,9.0.1
wh2_dlc15_unit_passive_rubble_and_ruin_tier_3,stat_melee_damage_ap,2.2000,mult,data/unit_stats/source_exports/db/special_ability_phase_stat_effects_tables/data__.tsv,470,9.0.1
wh2_dlc15_unit_passive_sorcery_weapon,stat_melee_damage_ap,6.0000,add,data/unit_stats/source_exports/db/special_ability_phase_stat_effects_tables/data__.tsv,471,9.0.1
wh2_dlc15_unit_passive_spiky_skin,stat_melee_defence,8.0000,add,data/unit_stats/source_exports/db/special_ability_phase_stat_effects_tables/data__.tsv,472,9.0.1
wh2_dlc15_unit_passive_spirit_of_gork_or_mork,stat_melee_damage_ap,1.0500,mult,data/unit_stats/source_exports/db/special_ability_phase_stat_effects_tables/data__.tsv,473,9.0.1
wh2_dlc15_unit_passive_spirit_of_gork_or_mork,stat_melee_damage_base,1.0500,mult,data/unit_stats/source_exports/db/special_ability_phase_stat_effects_tables/data__.tsv,474,9.0.1
wh2_dlc15_unit_passive_spirit_of_gork_or_mork,stat_morale,4.0000,add,data/unit_stats/source_exports/db/special_ability_phase_stat_effects_tables/data__.tsv,475,9.0.1
wh2_dlc15_weapon_abilities_axe_of_grom,stat_melee_damage_ap,1.5000,mult,data/unit_stats/source_exports/db/special_ability_phase_stat_effects_tables/data__.tsv,476,9.0.1
wh2_dlc15_weapon_abilities_axe_of_grom,stat_melee_damage_base,1.5000,mult,data/unit_stats/source_exports/db/special_ability_phase_stat_effects_tables/data__.tsv,477,9.0.1
wh2_dlc15_weapon_abilities_fangsword_of_eltharion,stat_melee_damage_ap,1.2500,mult,data/unit_stats/source_exports/db/special_ability_phase_stat_effects_tables/data__.tsv,478,9.0.1
wh2_dlc15_weapon_abilities_fangsword_of_eltharion,stat_melee_damage_base,1.2500,mult,data/unit_stats/source_exports/db/special_ability_phase_stat_effects_tables/data__.tsv,479,9.0.1
wh2_dlc15_weapon_abilities_fangsword_of_eltharion,stat_resistance_physical,40.0000,add,data/unit_stats/source_exports/db/special_ability_phase_stat_effects_tables/data__.tsv,480,9.0.1
wh2_dlc15_weapon_abilities_star_lance,scalar_charge_speed,1.2000,mult,data/unit_stats/source_exports/db/special_ability_phase_stat_effects_tables/data__.tsv,481,9.0.1
wh2_dlc15_weapon_abilities_star_lance,stat_charge_bonus,1.6000,mult,data/unit_stats/source_exports/db/special_ability_phase_stat_effects_tables/data__.tsv,482,9.0.1
wh2_dlc15_weapon_abilities_star_lance,stat_melee_damage_ap,1.2500,mult,data/unit_stats/source_exports/db/special_ability_phase_stat_effects_tables/data__.tsv,483,9.0.1
wh2_dlc15_weapon_passive_slaggas_slashas,stat_melee_attack,8.0000,add,data/unit_stats/source_exports/db/special_ability_phase_stat_effects_tables/data__.tsv,484,9.0.1
wh2_dlc15_weapon_passive_slaggas_slashas,stat_morale,4.0000,add,data/unit_stats/source_exports/db/special_ability_phase_stat_effects_tables/data__.tsv,485,9.0.1
wh2_dlc16_character_abilities_blight_of_terrors,stat_morale,-16.0000,add,data/unit_stats/source_exports/db/special_ability_phase_stat_effects_tables/data__.tsv,486,9.0.1
wh2_dlc16_character_abilities_pageant_of_shrikes,scalar_missile_range,0.8000,mult,data/unit_stats/source_exports/db/special_ability_phase_stat_effects_tables/data__.tsv,487,9.0.1
wh2_dlc16_character_abilities_pageant_of_shrikes,stat_reloading,-20.0000,add,data/unit_stats/source_exports/db/special_ability_phase_stat_effects_tables/data__.tsv,488,9.0.1
wh2_dlc16_character_passive_annoyance_of_netlings,stat_melee_attack,-5.0000,add,data/unit_stats/source_exports/db/special_ability_phase_stat_effects_tables/data__.tsv,489,9.0.1
wh2_dlc16_character_passive_annoyance_of_netlings,stat_melee_damage_ap,0.9000,mult,data/unit_stats/source_exports/db/special_ability_phase_stat_effects_tables/data__.tsv,490,9.0.1
wh2_dlc16_character_passive_annoyance_of_netlings,stat_melee_damage_base,0.9000,mult,data/unit_stats/source_exports/db/special_ability_phase_stat_effects_tables/data__.tsv,491,9.0.1
wh2_dlc16_character_passive_resplendence_of_luminescents,stat_melee_attack,5.0000,add,data/unit_stats/source_exports/db/special_ability_phase_stat_effects_tables/data__.tsv,492,9.0.1
wh2_dlc16_character_passive_resplendence_of_luminescents,stat_melee_damage_ap,1.1000,mult,data/unit_stats/source_exports/db/special_ability_phase_stat_effects_tables/data__.tsv,493,9.0.1
wh2_dlc16_character_passive_resplendence_of_luminescents,stat_melee_damage_base,1.1000,mult,data/unit_stats/source_exports/db/special_ability_phase_stat_effects_tables/data__.tsv,494,9.0.1
wh2_dlc16_hero_abilities_shock_collar,stat_melee_attack,24.0000,add,data/unit_stats/source_exports/db/special_ability_phase_stat_effects_tables/data__.tsv,495,9.0.1
wh2_dlc16_hero_abilities_shock_collar,stat_morale,16.0000,add,data/unit_stats/source_exports/db/special_ability_phase_stat_effects_tables/data__.tsv,496,9.0.1
wh2_dlc16_hero_abilities_warp_frenzy,stat_melee_attack,24.0000,add,data/unit_stats/source_exports/db/special_ability_phase_stat_effects_tables/data__.tsv,497,9.0.1
wh2_dlc16_hero_abilities_warp_frenzy,stat_melee_damage_ap,1.2500,mult,data/unit_stats/source_exports/db/special_ability_phase_stat_effects_tables/data__.tsv,498,9.0.1
wh2_dlc16_hero_abilities_warp_frenzy,stat_melee_damage_base,1.2500,mult,data/unit_stats/source_exports/db/special_ability_phase_stat_effects_tables/data__.tsv,499,9.0.1
wh2_dlc16_hero_passive_blood_shield,stat_resistance_magic,20.0000,add,data/unit_stats/source_exports/db/special_ability_phase_stat_effects_tables/data__.tsv,500,9.0.1
wh2_dlc16_hero_passive_dance_of_loec,stat_melee_defence,5.0000,add,data/unit_stats/source_exports/db/special_ability_phase_stat_effects_tables/data__.tsv,501,9.0.1
wh2_dlc16_hero_passive_fickle_guardian,stat_resistance_physical,15.0000,add,data/unit_stats/source_exports/db/special_ability_phase_stat_effects_tables/data__.tsv,502,9.0.1
wh2_dlc16_hero_passive_possessed_by_the_trickster_god,stat_melee_defence,10.0000,add,data/unit_stats/source_exports/db/special_ability_phase_stat_effects_tables/data__.tsv,503,9.0.1
wh2_dlc16_hero_passive_power_grab,stat_morale,8.0000,add,data/unit_stats/source_exports/db/special_ability_phase_stat_effects_tables/data__.tsv,504,9.0.1
wh2_dlc16_item_abilities_twilight_horn_ii,scalar_charge_speed,1.2500,mult,data/unit_stats/source_exports/db/special_ability_phase_stat_effects_tables/data__.tsv,505,9.0.1
wh2_dlc16_item_abilities_twilight_horn_ii,scalar_speed,1.2500,mult,data/unit_stats/source_exports/db/special_ability_phase_stat_effects_tables/data__.tsv,506,9.0.1
wh2_dlc16_item_abilities_twilight_horn_ii,stat_charge_bonus,1.2000,mult,data/unit_stats/source_exports/db/special_ability_phase_stat_effects_tables/data__.tsv,507,9.0.1
wh2_dlc16_item_abilities_twilight_horn_i,scalar_charge_speed,1.2500,mult,data/unit_stats/source_exports/db/special_ability_phase_stat_effects_tables/data__.tsv,508,9.0.1
wh2_dlc16_item_abilities_twilight_horn_i,scalar_speed,1.2500,mult,data/unit_stats/source_exports/db/special_ability_phase_stat_effects_tables/data__.tsv,509,9.0.1
wh2_dlc16_item_abilities_twilight_horn_i,stat_charge_bonus,1.2000,mult,data/unit_stats/source_exports/db/special_ability_phase_stat_effects_tables/data__.tsv,510,9.0.1
wh2_dlc16_item_passive_dragon_mask_iii,stat_armour,-23.0000,add,data/unit_stats/source_exports/db/special_ability_phase_stat_effects_tables/data__.tsv,511,9.0.1
wh2_dlc16_item_passive_dragon_mask_iii,stat_melee_defence,-10.0000,add,data/unit_stats/source_exports/db/special_ability_phase_stat_effects_tables/data__.tsv,512,9.0.1
wh2_dlc16_item_passive_dragon_mask_ii,stat_armour,-15.0000,add,data/unit_stats/source_exports/db/special_ability_phase_stat_effects_tables/data__.tsv,513,9.0.1
wh2_dlc16_item_passive_dragon_mask_ii,stat_melee_defence,-10.0000,add,data/unit_stats/source_exports/db/special_ability_phase_stat_effects_tables/data__.tsv,514,9.0.1
wh2_dlc16_item_passive_dragon_mask_i,stat_armour,-7.0000,add,data/unit_stats/source_exports/db/special_ability_phase_stat_effects_tables/data__.tsv,515,9.0.1
wh2_dlc16_item_passive_dragon_mask_i,stat_melee_defence,-10.0000,add,data/unit_stats/source_exports/db/special_ability_phase_stat_effects_tables/data__.tsv,516,9.0.1
wh2_dlc16_item_passive_twilight_helm,stat_resistance_physical,5.0000,add,data/unit_stats/source_exports/db/special_ability_phase_stat_effects_tables/data__.tsv,517,9.0.1
wh2_dlc16_lord_abilities_loecs_blessing,scalar_speed,1.2500,mult,data/unit_stats/source_exports/db/special_ability_phase_stat_effects_tables/data__.tsv,518,9.0.1
wh2_dlc16_lord_abilities_remouldered,stat_melee_attack,24.0000,add,data/unit_stats/source_exports/db/special_ability_phase_stat_effects_tables/data__.tsv,519,9.0.1
wh2_dlc16_lord_abilities_remouldered,stat_morale,8.0000,add,data/unit_stats/source_exports/db/special_ability_phase_stat_effects_tables/data__.tsv,520,9.0.1
wh2_dlc16_lord_passive_ashen_fields,stat_weakness_flame,-20.0000,add,data/unit_stats/source_exports/db/special_ability_phase_stat_effects_tables/data__.tsv,521,9.0.1
wh2_dlc16_lord_passive_ceithin_hars_tenacity,stat_charge_bonus,1.2000,mult,data/unit_stats/source_exports/db/special_ability_phase_stat_effects_tables/data__.tsv,522,9.0.1
wh2_dlc16_lord_passive_ceithin_hars_tenacity,stat_melee_damage_ap,1.2000,mult,data/unit_stats/source_exports/db/special_ability_phase_stat_effects_tables/data__.tsv,523,9.0.1
wh2_dlc16_lord_passive_ceithin_hars_tenacity,stat_melee_damage_base,1.2000,mult,data/unit_stats/source_exports/db/special_ability_phase_stat_effects_tables/data__.tsv,524,9.0.1
wh2_dlc16_lord_passive_fanatical_resolve_1,stat_melee_attack,20.0000,add,data/unit_stats/source_exports/db/special_ability_phase_stat_effects_tables/data__.tsv,525,9.0.1
wh2_dlc16_lord_passive_fanatical_resolve_1,stat_melee_damage_ap,1.5000,mult,data/unit_stats/source_exports/db/special_ability_phase_stat_effects_tables/data__.tsv,526,9.0.1
wh2_dlc16_lord_passive_fanatical_resolve_1,stat_melee_damage_base,1.5000,mult,data/unit_stats/source_exports/db/special_ability_phase_stat_effects_tables/data__.tsv,527,9.0.1
wh2_dlc16_lord_passive_gwindalors_vantage,scalar_missile_damage_ap,1.0500,mult,data/unit_stats/source_exports/db/special_ability_phase_stat_effects_tables/data__.tsv,528,9.0.1
wh2_dlc16_lord_passive_gwindalors_vantage,scalar_missile_damage_base,1.0500,mult,data/unit_stats/source_exports/db/special_ability_phase_stat_effects_tables/data__.tsv,529,9.0.1
wh2_dlc16_lord_passive_gwindalors_vantage,stat_reloading,10.0000,add,data/unit_stats/source_exports/db/special_ability_phase_stat_effects_tables/data__.tsv,530,9.0.1
wh2_dlc16_lord_passive_master_controller,stat_melee_defence,5.0000,add,data/unit_stats/source_exports/db/special_ability_phase_stat_effects_tables/data__.tsv,531,9.0.1
wh2_dlc16_lord_passive_master_controller,stat_morale,4.0000,add,data/unit_stats/source_exports/db/special_ability_phase_stat_effects_tables/data__.tsv,532,9.0.1
wh2_dlc16_lord_passive_orion_forest_spotting,stat_spotting_forest,5000.0000,add,data/unit_stats/source_exports/db/special_ability_phase_stat_effects_tables/data__.tsv,533,9.0.1
wh2_dlc16_lore_passive_ancients_protection,stat_resistance_physical,10.0000,add,data/unit_stats/source_exports/db/special_ability_phase_stat_effects_tables/data__.tsv,534,9.0.1
wh2_dlc16_lore_passive_wrath_of_the_wood,scalar_missile_damage_ap,1.1200,mult,data/unit_stats/source_exports/db/special_ability_phase_stat_effects_tables/data__.tsv,535,9.0.1
wh2_dlc16_lore_passive_wrath_of_the_wood,scalar_missile_damage_base,1.1200,mult,data/unit_stats/source_exports/db/special_ability_phase_stat_effects_tables/data__.tsv,536,9.0.1
wh2_dlc16_unit_abilities_acidic_musk_glands,stat_armour,-30.0000,add,data/unit_stats/source_exports/db/special_ability_phase_stat_effects_tables/data__.tsv,537,9.0.1
wh2_dlc16_unit_abilities_fluid_injection,stat_melee_attack,24.0000,add,data/unit_stats/source_exports/db/special_ability_phase_stat_effects_tables/data__.tsv,538,9.0.1
wh2_dlc16_unit_abilities_fluid_injection,stat_melee_damage_ap,1.2500,mult,data/unit_stats/source_exports/db/special_ability_phase_stat_effects_tables/data__.tsv,539,9.0.1
wh2_dlc16_unit_abilities_fluid_injection,stat_melee_damage_base,1.2500,mult,data/unit_stats/source_exports/db/special_ability_phase_stat_effects_tables/data__.tsv,540,9.0.1
wh2_dlc16_unit_abilities_whirling_death,stat_melee_damage_ap,-10.0000,add,data/unit_stats/source_exports/db/special_ability_phase_stat_effects_tables/data__.tsv,541,9.0.1
wh2_dlc16_unit_abilities_whirling_death,stat_melee_damage_base,25.0000,add,data/unit_stats/source_exports/db/special_ability_phase_stat_effects_tables/data__.tsv,542,9.0.1
wh2_dlc16_unit_contact_weakened,stat_melee_damage_ap,0.7500,mult,data/unit_stats/source_exports/db/special_ability_phase_stat_effects_tables/data__.tsv,543,9.0.1
wh2_dlc16_unit_contact_weakened,stat_melee_damage_base,0.7500,mult,data/unit_stats/source_exports/db/special_ability_phase_stat_effects_tables/data__.tsv,544,9.0.1
wh2_dlc16_unit_passive_glamoured_lv2,stat_morale,8.0000,add,data/unit_stats/source_exports/db/special_ability_phase_stat_effects_tables/data__.tsv,545,9.0.1
wh2_dlc16_unit_passive_glamoured,stat_melee_attack,-5.0000,add,data/unit_stats/source_exports/db/special_ability_phase_stat_effects_tables/data__.tsv,546,9.0.1
wh2_dlc16_unit_passive_glamoured,stat_melee_defence,-5.0000,add,data/unit_stats/source_exports/db/special_ability_phase_stat_effects_tables/data__.tsv,547,9.0.1
wh2_dlc16_unit_passive_glamoured,stat_morale,8.0000,add,data/unit_stats/source_exports/db/special_ability_phase_stat_effects_tables/data__.tsv,548,9.0.1
wh2_dlc16_unit_passive_propane_perspiration,stat_weakness_flame,-20.0000,add,data/unit_stats/source_exports/db/special_ability_phase_stat_effects_tables/data__.tsv,549,9.0.1
wh2_dlc16_unit_passive_scurry_away_improved,scalar_speed,1.2500,mult,data/unit_stats/source_exports/db/special_ability_phase_stat_effects_tables/data__.tsv,550,9.0.1
wh2_dlc16_unit_passive_scurry_away_improved,stat_resistance_all,10.0000,add,data/unit_stats/source_exports/db/special_ability_phase_stat_effects_tables/data__.tsv,551,9.0.1
wh2_dlc16_weapon_abilities_creature_killer,stat_bonus_vs_large,16.0000,add,data/unit_stats/source_exports/db/special_ability_phase_stat_effects_tables/data__.tsv,552,9.0.1
wh2_dlc16_weapon_abilities_dragon_spear,stat_melee_damage_ap,100.0000,add,data/unit_stats/source_exports/db/special_ability_phase_stat_effects_tables/data__.tsv,553,9.0.1
wh2_dlc16_weapon_abilities_eagle_bow,scalar_charge_speed,1.2500,mult,data/unit_stats/source_exports/db/special_ability_phase_stat_effects_tables/data__.tsv,554,9.0.1
wh2_dlc16_weapon_abilities_eagle_bow,scalar_speed,1.2500,mult,data/unit_stats/source_exports/db/special_ability_phase_stat_effects_tables/data__.tsv,555,9.0.1
wh2_dlc17_army_abilities_ancestral_rune_of_grungni,stat_melee_attack,24.0000,add,data/unit_stats/source_exports/db/special_ability_phase_stat_effects_tables/data__.tsv,556,9.0.1
wh2_dlc17_army_abilities_cacophonous_assault_upgraded,stat_melee_defence,-8.0000,add,data/unit_stats/source_exports/db/special_ability_phase_stat_effects_tables/data__.tsv,557,9.0.1
wh2_dlc17_army_abilities_cacophonous_assault_upgraded,stat_morale,-10.0000,add,data/unit_stats/source_exports/db/special_ability_phase_stat_effects_tables/data__.tsv,558,9.0.1
wh2_dlc17_army_abilities_cacophonous_assault,stat_melee_defence,-8.0000,add,data/unit_stats/source_exports/db/special_ability_phase_stat_effects_tables/data__.tsv,559,9.0.1
wh2_dlc17_army_abilities_cacophonous_assault,stat_morale,-10.0000,add,data/unit_stats/source_exports/db/special_ability_phase_stat_effects_tables/data__.tsv,560,9.0.1
wh2_dlc17_army_abilities_touched_by_the_moon_1,stat_melee_attack,40.0000,add,data/unit_stats/source_exports/db/special_ability_phase_stat_effects_tables/data__.tsv,561,9.0.1
wh2_dlc17_army_abilities_touched_by_the_moon_1,stat_melee_damage_ap,1.5000,mult,data/unit_stats/source_exports/db/special_ability_phase_stat_effects_tables/data__.tsv,562,9.0.1
wh2_dlc17_army_abilities_touched_by_the_moon_1,stat_melee_damage_base,1.5000,mult,data/unit_stats/source_exports/db/special_ability_phase_stat_effects_tables/data__.tsv,563,9.0.1
wh2_dlc17_army_abilities_touched_by_the_moon_1,stat_resistance_physical,40.0000,add,data/unit_stats/source_exports/db/special_ability_phase_stat_effects_tables/data__.tsv,564,9.0.1
wh2_dlc17_army_abilities_vile_entropy,scalar_missile_range,0.5000,mult,data/unit_stats/source_exports/db/special_ability_phase_stat_effects_tables/data__.tsv,565,9.0.1
wh2_dlc17_character_abilities_hunter_of_champions_upgraded,stat_armour,-60.0000,add,data/unit_stats/source_exports/db/special_ability_phase_stat_effects_tables/data__.tsv,566,9.0.1
wh2_dlc17_character_abilities_hunter_of_champions_upgraded,stat_melee_defence,-40.0000,add,data/unit_stats/source_exports/db/special_ability_phase_stat_effects_tables/data__.tsv,567,9.0.1
wh2_dlc17_hero_passive_something_wicked_this_way_comes_upgrade,stat_morale,-8.0000,add,data/unit_stats/source_exports/db/special_ability_phase_stat_effects_tables/data__.tsv,568,9.0.1
wh2_dlc17_hero_passive_will_of_the_dark_gods,stat_melee_defence,5.0000,add,data/unit_stats/source_exports/db/special_ability_phase_stat_effects_tables/data__.tsv,569,9.0.1
wh2_dlc17_hero_passive_will_of_the_dark_gods,stat_morale,4.0000,add,data/unit_stats/source_exports/db/special_ability_phase_stat_effects_tables/data__.tsv,570,9.0.1
wh2_dlc17_item_passive_thoreks_rune_armour,stat_armour,15.0000,add,data/unit_stats/source_exports/db/special_ability_phase_stat_effects_tables/data__.tsv,571,9.0.1
wh2_dlc17_item_passive_thoreks_rune_armour,stat_resistance_flame,10.0000,add,data/unit_stats/source_exports/db/special_ability_phase_stat_effects_tables/data__.tsv,572,9.0.1
wh2_dlc17_lord_abilities_barbed_knuckle_boxing,stat_melee_attack,24.0000,add,data/unit_stats/source_exports/db/special_ability_phase_stat_effects_tables/data__.tsv,573,9.0.1
wh2_dlc17_lord_abilities_barbed_knuckle_boxing,stat_melee_damage_ap,1.2500,mult,data/unit_stats/source_exports/db/special_ability_phase_stat_effects_tables/data__.tsv,574,9.0.1
wh2_dlc17_lord_abilities_barbed_knuckle_boxing,stat_melee_damage_base,1.2500,mult,data/unit_stats/source_exports/db/special_ability_phase_stat_effects_tables/data__.tsv,575,9.0.1
wh2_dlc17_lord_abilities_brass_body,stat_melee_defence,24.0000,add,data/unit_stats/source_exports/db/special_ability_phase_stat_effects_tables/data__.tsv,576,9.0.1
wh2_dlc17_lord_abilities_brass_body,stat_resistance_all,40.0000,add,data/unit_stats/source_exports/db/special_ability_phase_stat_effects_tables/data__.tsv,577,9.0.1
wh2_dlc17_lord_abilities_master_predator,scalar_charge_speed,0.7500,mult,data/unit_stats/source_exports/db/special_ability_phase_stat_effects_tables/data__.tsv,578,9.0.1
wh2_dlc17_lord_abilities_master_predator,scalar_missile_range,1.2000,mult,data/unit_stats/source_exports/db/special_ability_phase_stat_effects_tables/data__.tsv,579,9.0.1
wh2_dlc17_lord_abilities_master_predator,scalar_speed,0.7500,mult,data/unit_stats/source_exports/db/special_ability_phase_stat_effects_tables/data__.tsv,580,9.0.1
wh2_dlc17_lord_abilities_rune_of_doom,stat_melee_attack,24.0000,add,data/unit_stats/source_exports/db/special_ability_phase_stat_effects_tables/data__.tsv,581,9.0.1
wh2_dlc17_lord_passive_aura_of_dark_majesty_upgrade,stat_melee_attack,-6.0000,add,data/unit_stats/source_exports/db/special_ability_phase_stat_effects_tables/data__.tsv,582,9.0.1
wh2_dlc17_lord_passive_aura_of_dark_majesty_upgrade,stat_morale,-4.0000,add,data/unit_stats/source_exports/db/special_ability_phase_stat_effects_tables/data__.tsv,583,9.0.1
wh2_dlc17_lord_passive_distorted_reality,scalar_charge_speed,0.9000,mult,data/unit_stats/source_exports/db/special_ability_phase_stat_effects_tables/data__.tsv,584,9.0.1
wh2_dlc17_lord_passive_distorted_reality,scalar_speed,0.9000,mult,data/unit_stats/source_exports/db/special_ability_phase_stat_effects_tables/data__.tsv,585,9.0.1
wh2_dlc17_lord_passive_distorted_reality,stat_melee_attack,-5.0000,add,data/unit_stats/source_exports/db/special_ability_phase_stat_effects_tables/data__.tsv,586,9.0.1
wh2_dlc17_lord_passive_shattering_aura,stat_morale,-12.0000,add,data/unit_stats/source_exports/db/special_ability_phase_stat_effects_tables/data__.tsv,587,9.0.1
wh2_dlc17_rune_abilities_master_rune_of_breaking,stat_melee_damage_ap,1.2500,mult,data/unit_stats/source_exports/db/special_ability_phase_stat_effects_tables/data__.tsv,588,9.0.1
wh2_dlc17_rune_abilities_master_rune_of_breaking,stat_melee_damage_base,1.2500,mult,data/unit_stats/source_exports/db/special_ability_phase_stat_effects_tables/data__.tsv,589,9.0.1
wh2_dlc17_rune_abilities_master_rune_of_slowness,scalar_charge_speed,0.4000,mult,data/unit_stats/source_exports/db/special_ability_phase_stat_effects_tables/data__.tsv,590,9.0.1
wh2_dlc17_rune_abilities_master_rune_of_slowness,scalar_speed,0.4000,mult,data/unit_stats/source_exports/db/special_ability_phase_stat_effects_tables/data__.tsv,591,9.0.1
wh2_dlc17_rune_abilities_master_rune_of_slowness,stat_charge_bonus,0.6000,mult,data/unit_stats/source_exports/db/special_ability_phase_stat_effects_tables/data__.tsv,592,9.0.1
wh2_dlc17_rune_abilities_master_rune_of_speed,scalar_speed,1.4500,mult,data/unit_stats/source_exports/db/special_ability_phase_stat_effects_tables/data__.tsv,593,9.0.1
wh2_dlc17_rune_abilities_master_rune_of_speed,stat_melee_attack,24.0000,add,data/unit_stats/source_exports/db/special_ability_phase_stat_effects_tables/data__.tsv,594,9.0.1
wh2_dlc17_rune_abilities_rune_of_breaking,stat_melee_damage_ap,1.2500,mult,data/unit_stats/source_exports/db/special_ability_phase_stat_effects_tables/data__.tsv,595,9.0.1
wh2_dlc17_rune_abilities_rune_of_breaking,stat_melee_damage_base,1.2500,mult,data/unit_stats/source_exports/db/special_ability_phase_stat_effects_tables/data__.tsv,596,9.0.1
wh2_dlc17_rune_abilities_rune_of_slowness,scalar_charge_speed,0.5500,mult,data/unit_stats/source_exports/db/special_ability_phase_stat_effects_tables/data__.tsv,597,9.0.1
wh2_dlc17_rune_abilities_rune_of_slowness,scalar_speed,0.5500,mult,data/unit_stats/source_exports/db/special_ability_phase_stat_effects_tables/data__.tsv,598,9.0.1
wh2_dlc17_rune_abilities_rune_of_slowness,stat_charge_bonus,0.6000,mult,data/unit_stats/source_exports/db/special_ability_phase_stat_effects_tables/data__.tsv,599,9.0.1
wh2_dlc17_rune_abilities_rune_of_speed,scalar_speed,1.4500,mult,data/unit_stats/source_exports/db/special_ability_phase_stat_effects_tables/data__.tsv,600,9.0.1
wh2_dlc17_rune_abilities_rune_of_speed,stat_melee_attack,24.0000,add,data/unit_stats/source_exports/db/special_ability_phase_stat_effects_tables/data__.tsv,601,9.0.1
wh2_dlc17_spell_wild_mantle_of_ghorok_upgraded,stat_armour,-30.0000,add,data/unit_stats/source_exports/db/special_ability_phase_stat_effects_tables/data__.tsv,602,9.0.1
wh2_dlc17_spell_wild_mantle_of_ghorok_upgraded,stat_melee_attack,40.0000,add,data/unit_stats/source_exports/db/special_ability_phase_stat_effects_tables/data__.tsv,603,9.0.1
wh2_dlc17_spell_wild_mantle_of_ghorok_upgraded,stat_melee_damage_ap,1.5000,mult,data/unit_stats/source_exports/db/special_ability_phase_stat_effects_tables/data__.tsv,604,9.0.1
wh2_dlc17_spell_wild_mantle_of_ghorok_upgraded,stat_melee_damage_base,1.5000,mult,data/unit_stats/source_exports/db/special_ability_phase_stat_effects_tables/data__.tsv,605,9.0.1
wh2_dlc17_unit_abilities_primeval_roar,stat_melee_attack,24.0000,add,data/unit_stats/source_exports/db/special_ability_phase_stat_effects_tables/data__.tsv,606,9.0.1
wh2_dlc17_unit_contact_dazed,scalar_speed,0.7500,mult,data/unit_stats/source_exports/db/special_ability_phase_stat_effects_tables/data__.tsv,607,9.0.1
wh2_dlc17_unit_contact_dazed,stat_melee_defence,-10.0000,add,data/unit_stats/source_exports/db/special_ability_phase_stat_effects_tables/data__.tsv,608,9.0.1
wh2_dlc17_unit_contact_soteks_poison,scalar_missile_damage_ap,0.8500,mult,data/unit_stats/source_exports/db/special_ability_phase_stat_effects_tables/data__.tsv,609,9.0.1
wh2_dlc17_unit_contact_soteks_poison,scalar_missile_damage_base,0.8500,mult,data/unit_stats/source_exports/db/special_ability_phase_stat_effects_tables/data__.tsv,610,9.0.1
wh2_dlc17_unit_contact_soteks_poison,scalar_speed,0.8500,mult,data/unit_stats/source_exports/db/special_ability_phase_stat_effects_tables/data__.tsv,611,9.0.1
wh2_dlc17_unit_contact_soteks_poison,stat_melee_damage_ap,0.8500,mult,data/unit_stats/source_exports/db/special_ability_phase_stat_effects_tables/data__.tsv,612,9.0.1
wh2_dlc17_unit_contact_soteks_poison,stat_melee_damage_base,0.8500,mult,data/unit_stats/source_exports/db/special_ability_phase_stat_effects_tables/data__.tsv,613,9.0.1
wh2_dlc17_unit_passive_bloodgreed_upgraded,stat_charge_bonus,1.1500,mult,data/unit_stats/source_exports/db/special_ability_phase_stat_effects_tables/data__.tsv,614,9.0.1
wh2_dlc17_unit_passive_bloodgreed_upgraded,stat_melee_attack,16.0000,add,data/unit_stats/source_exports/db/special_ability_phase_stat_effects_tables/data__.tsv,615,9.0.1
wh2_dlc17_unit_passive_bloodgreed_upgraded,stat_melee_damage_ap,1.2000,mult,data/unit_stats/source_exports/db/special_ability_phase_stat_effects_tables/data__.tsv,616,9.0.1
wh2_dlc17_unit_passive_boost_army_vision,stat_visibility_sight,100000.0000,add,data/unit_stats/source_exports/db/special_ability_phase_stat_effects_tables/data__.tsv,617,9.0.1
wh2_dlc17_unit_passive_drunken_bravado,stat_morale,4.0000,add,data/unit_stats/source_exports/db/special_ability_phase_stat_effects_tables/data__.tsv,618,9.0.1
wh2_dlc17_unit_passive_horrible_regeneration,stat_weakness_flame,-20.0000,add,data/unit_stats/source_exports/db/special_ability_phase_stat_effects_tables/data__.tsv,619,9.0.1
wh2_dlc17_unit_passive_wayfarer,scalar_entity_acceleration_modifier,3.0000,mult,data/unit_stats/source_exports/db/special_ability_phase_stat_effects_tables/data__.tsv,620,9.0.1
wh2_dlc17_unit_passive_wayfarer,scalar_entity_deceleration_modifier,3.0000,mult,data/unit_stats/source_exports/db/special_ability_phase_stat_effects_tables/data__.tsv,621,9.0.1
wh2_dlc17_weapon_passive_rune_tortured_axes,stat_melee_attack,8.0000,add,data/unit_stats/source_exports/db/special_ability_phase_stat_effects_tables/data__.tsv,622,9.0.1
wh2_dlc17_weapon_passive_rune_tortured_axes,stat_melee_damage_ap,1.1500,mult,data/unit_stats/source_exports/db/special_ability_phase_stat_effects_tables/data__.tsv,623,9.0.1
wh2_dlc17_weapon_passive_rune_tortured_axes,stat_melee_damage_base,1.1500,mult,data/unit_stats/source_exports/db/special_ability_phase_stat_effects_tables/data__.tsv,624,9.0.1
wh2_dlc25_hero_passive_grim_resolve,stat_morale,4.0000,add,data/unit_stats/source_exports/db/special_ability_phase_stat_effects_tables/data__.tsv,625,9.0.1
wh2_dlc25_hero_passive_tools_of_judgement,stat_melee_attack,12.0000,add,data/unit_stats/source_exports/db/special_ability_phase_stat_effects_tables/data__.tsv,626,9.0.1
wh2_dlc25_hero_passive_tools_of_judgement,stat_melee_defence,12.0000,add,data/unit_stats/source_exports/db/special_ability_phase_stat_effects_tables/data__.tsv,627,9.0.1
wh2_dlc26_unit_contact_red_venom,scalar_missile_damage_ap,0.8000,mult,data/unit_stats/source_exports/db/special_ability_phase_stat_effects_tables/data__.tsv,628,9.0.1
wh2_dlc26_unit_contact_red_venom,scalar_missile_damage_base,0.8000,mult,data/unit_stats/source_exports/db/special_ability_phase_stat_effects_tables/data__.tsv,629,9.0.1
wh2_dlc26_unit_contact_red_venom,scalar_speed,0.8000,mult,data/unit_stats/source_exports/db/special_ability_phase_stat_effects_tables/data__.tsv,630,9.0.1
wh2_dlc26_unit_contact_red_venom,stat_melee_damage_ap,0.8000,mult,data/unit_stats/source_exports/db/special_ability_phase_stat_effects_tables/data__.tsv,631,9.0.1
wh2_dlc26_unit_contact_red_venom,stat_melee_damage_base,0.8000,mult,data/unit_stats/source_exports/db/special_ability_phase_stat_effects_tables/data__.tsv,632,9.0.1
wh2_main_army_abilities_holy_stela,scalar_missile_damage_base,0.7500,mult,data/unit_stats/source_exports/db/special_ability_phase_stat_effects_tables/data__.tsv,633,9.0.1
wh2_main_army_abilities_holy_stela,stat_accuracy,-30.0000,add,data/unit_stats/source_exports/db/special_ability_phase_stat_effects_tables/data__.tsv,634,9.0.1
wh2_main_army_abilities_mors_clanstone,stat_melee_damage_ap,1.5000,mult,data/unit_stats/source_exports/db/special_ability_phase_stat_effects_tables/data__.tsv,635,9.0.1
wh2_main_army_abilities_skryre_clanstone,stat_resistance_magic,-44.0000,add,data/unit_stats/source_exports/db/special_ability_phase_stat_effects_tables/data__.tsv,636,9.0.1
wh2_main_army_abilities_temple_of_mists,scalar_missile_damage_base,0.7500,mult,data/unit_stats/source_exports/db/special_ability_phase_stat_effects_tables/data__.tsv,637,9.0.1
wh2_main_army_abilities_temple_of_mists,stat_accuracy,-30.0000,add,data/unit_stats/source_exports/db/special_ability_phase_stat_effects_tables/data__.tsv,638,9.0.1
wh2_main_banner_passive_battle_banner,stat_morale,-4.0000,add,data/unit_stats/source_exports/db/special_ability_phase_stat_effects_tables/data__.tsv,639,9.0.1
wh2_main_banner_passive_sacred_banner_of_the_horned_rat,stat_morale,-8.0000,add,data/unit_stats/source_exports/db/special_ability_phase_stat_effects_tables/data__.tsv,640,9.0.1
wh2_main_banner_passive_storm_banner,scalar_missile_damage_base,0.9400,mult,data/unit_stats/source_exports/db/special_ability_phase_stat_effects_tables/data__.tsv,641,9.0.1
wh2_main_character_abilities_assassins_trophy,stat_melee_attack,-24.0000,add,data/unit_stats/source_exports/db/special_ability_phase_stat_effects_tables/data__.tsv,642,9.0.1
wh2_main_character_abilities_assassins_trophy,stat_melee_defence,-24.0000,add,data/unit_stats/source_exports/db/special_ability_phase_stat_effects_tables/data__.tsv,643,9.0.1
wh2_main_character_abilities_cold_blooded,stat_morale,16.0000,add,data/unit_stats/source_exports/db/special_ability_phase_stat_effects_tables/data__.tsv,644,9.0.1
wh2_main_character_abilities_dark_venom,stat_melee_damage_base,1.9000,mult,data/unit_stats/source_exports/db/special_ability_phase_stat_effects_tables/data__.tsv,645,9.0.1
wh2_main_character_abilities_shield_of_the_old_ones,stat_morale,8.0000,add,data/unit_stats/source_exports/db/special_ability_phase_stat_effects_tables/data__.tsv,646,9.0.1
wh2_main_character_abilities_shield_of_the_old_ones,stat_resistance_all,20.0000,add,data/unit_stats/source_exports/db/special_ability_phase_stat_effects_tables/data__.tsv,647,9.0.1
wh2_main_character_abilities_swiftness_of_itzl,scalar_speed,1.2500,mult,data/unit_stats/source_exports/db/special_ability_phase_stat_effects_tables/data__.tsv,648,9.0.1
wh2_main_character_abilities_verminous_valour,scalar_speed,1.2500,mult,data/unit_stats/source_exports/db/special_ability_phase_stat_effects_tables/data__.tsv,649,9.0.1
wh2_main_character_abilities_verminous_valour,stat_morale,8.0000,add,data/unit_stats/source_exports/db/special_ability_phase_stat_effects_tables/data__.tsv,650,9.0.1
wh2_main_character_abilities_witchbrew,stat_melee_attack,24.0000,add,data/unit_stats/source_exports/db/special_ability_phase_stat_effects_tables/data__.tsv,651,9.0.1
wh2_main_character_abilities_witchbrew,stat_melee_damage_ap,1.5000,mult,data/unit_stats/source_exports/db/special_ability_phase_stat_effects_tables/data__.tsv,652,9.0.1
wh2_main_character_abilities_witchbrew,stat_melee_damage_base,1.5000,mult,data/unit_stats/source_exports/db/special_ability_phase_stat_effects_tables/data__.tsv,653,9.0.1
wh2_main_character_passive_aura_of_pestilence,stat_melee_attack,-5.0000,add,data/unit_stats/source_exports/db/special_ability_phase_stat_effects_tables/data__.tsv,654,9.0.1
wh2_main_character_passive_darken_the_skies,stat_reloading,20.0000,add,data/unit_stats/source_exports/db/special_ability_phase_stat_effects_tables/data__.tsv,655,9.0.1
wh2_main_character_passive_grand_arcane_conduit,scalar_spell_mastery,1.1500,mult,data/unit_stats/source_exports/db/special_ability_phase_stat_effects_tables/data__.tsv,656,9.0.1
wh2_main_character_passive_horn_of_isha,stat_melee_attack,5.0000,add,data/unit_stats/source_exports/db/special_ability_phase_stat_effects_tables/data__.tsv,657,9.0.1
wh2_main_character_passive_horn_of_isha,stat_reloading,5.0000,add,data/unit_stats/source_exports/db/special_ability_phase_stat_effects_tables/data__.tsv,658,9.0.1
wh2_main_character_passive_loose,stat_reloading,10.0000,add,data/unit_stats/source_exports/db/special_ability_phase_stat_effects_tables/data__.tsv,659,9.0.1
wh2_main_faction_abilities_murderous_mastery,scalar_missile_damage_ap,1.2000,mult,data/unit_stats/source_exports/db/special_ability_phase_stat_effects_tables/data__.tsv,660,9.0.1
wh2_main_faction_abilities_murderous_mastery,stat_charge_bonus,1.2500,mult,data/unit_stats/source_exports/db/special_ability_phase_stat_effects_tables/data__.tsv,661,9.0.1
wh2_main_faction_abilities_murderous_mastery,stat_melee_attack,1.2500,mult,data/unit_stats/source_exports/db/special_ability_phase_stat_effects_tables/data__.tsv,662,9.0.1
wh2_main_faction_abilities_murderous_mastery,stat_morale,15.0000,add,data/unit_stats/source_exports/db/special_ability_phase_stat_effects_tables/data__.tsv,663,9.0.1
wh2_main_faction_abilities_murderous_prowess,scalar_missile_damage_ap,1.2000,mult,data/unit_stats/source_exports/db/special_ability_phase_stat_effects_tables/data__.tsv,664,9.0.1
wh2_main_faction_abilities_murderous_prowess,stat_charge_bonus,1.2500,mult,data/unit_stats/source_exports/db/special_ability_phase_stat_effects_tables/data__.tsv,665,9.0.1
wh2_main_faction_abilities_murderous_prowess,stat_melee_attack,1.2500,mult,data/unit_stats/source_exports/db/special_ability_phase_stat_effects_tables/data__.tsv,666,9.0.1
wh2_main_faction_abilities_murderous_prowess,stat_morale,15.0000,add,data/unit_stats/source_exports/db/special_ability_phase_stat_effects_tables/data__.tsv,667,9.0.1
wh2_main_item_abilities_amulet_of_itzl,stat_resistance_all,60.0000,add,data/unit_stats/source_exports/db/special_ability_phase_stat_effects_tables/data__.tsv,668,9.0.1
wh2_main_item_abilities_aura_of_quetzl,stat_armour,30.0000,add,data/unit_stats/source_exports/db/special_ability_phase_stat_effects_tables/data__.tsv,669,9.0.1
wh2_main_item_abilities_aura_of_quetzl,stat_melee_defence,24.0000,add,data/unit_stats/source_exports/db/special_ability_phase_stat_effects_tables/data__.tsv,670,9.0.1
wh2_main_item_abilities_blade_of_bel_korhadris,stat_melee_attack,24.0000,add,data/unit_stats/source_exports/db/special_ability_phase_stat_effects_tables/data__.tsv,671,9.0.1
wh2_main_item_abilities_blade_of_bel_korhadris,stat_melee_damage_ap,1.2500,mult,data/unit_stats/source_exports/db/special_ability_phase_stat_effects_tables/data__.tsv,672,9.0.1
wh2_main_item_abilities_dragonhorn,scalar_missile_damage_base,1.2500,mult,data/unit_stats/source_exports/db/special_ability_phase_stat_effects_tables/data__.tsv,673,9.0.1
wh2_main_item_abilities_dragonhorn,stat_melee_damage_base,1.3000,mult,data/unit_stats/source_exports/db/special_ability_phase_stat_effects_tables/data__.tsv,674,9.0.1
wh2_main_item_abilities_pearl_of_infinite_bleakness,stat_morale,8.0000,add,data/unit_stats/source_exports/db/special_ability_phase_stat_effects_tables/data__.tsv,675,9.0.1
wh2_main_item_abilities_plaque_of_dominion,stat_morale,-8.0000,add,data/unit_stats/source_exports/db/special_ability_phase_stat_effects_tables/data__.tsv,676,9.0.1
wh2_main_item_abilities_rival_hide_talisman,stat_melee_attack,-40.0000,add,data/unit_stats/source_exports/db/special_ability_phase_stat_effects_tables/data__.tsv,677,9.0.1
wh2_main_item_abilities_scrying_stone,stat_morale,8.0000,add,data/unit_stats/source_exports/db/special_ability_phase_stat_effects_tables/data__.tsv,678,9.0.1
wh2_main_item_abilities_scrying_stone,stat_resistance_all,20.0000,add,data/unit_stats/source_exports/db/special_ability_phase_stat_effects_tables/data__.tsv,679,9.0.1
wh2_main_item_abilities_skavenbrew,stat_armour,-30.0000,add,data/unit_stats/source_exports/db/special_ability_phase_stat_effects_tables/data__.tsv,680,9.0.1
wh2_main_item_abilities_skavenbrew,stat_melee_attack,40.0000,add,data/unit_stats/source_exports/db/special_ability_phase_stat_effects_tables/data__.tsv,681,9.0.1
wh2_main_item_abilities_skavenbrew,stat_melee_damage_base,1.3000,mult,data/unit_stats/source_exports/db/special_ability_phase_stat_effects_tables/data__.tsv,682,9.0.1
wh2_main_item_abilities_talisman_of_loec,stat_melee_attack,24.0000,add,data/unit_stats/source_exports/db/special_ability_phase_stat_effects_tables/data__.tsv,683,9.0.1
wh2_main_item_abilities_talisman_of_loec,stat_melee_damage_base,1.3000,mult,data/unit_stats/source_exports/db/special_ability_phase_stat_effects_tables/data__.tsv,684,9.0.1
wh2_main_item_abilities_the_bane_shield,stat_armour,30.0000,add,data/unit_stats/source_exports/db/special_ability_phase_stat_effects_tables/data__.tsv,685,9.0.1
wh2_main_item_abilities_the_bane_shield,stat_missile_block_chance,24.0000,add,data/unit_stats/source_exports/db/special_ability_phase_stat_effects_tables/data__.tsv,686,9.0.1
wh2_main_item_abilities_the_guiding_eye,scalar_missile_damage_ap,1.2000,mult,data/unit_stats/source_exports/db/special_ability_phase_stat_effects_tables/data__.tsv,687,9.0.1
wh2_main_item_abilities_the_horn_of_kygor,stat_charge_bonus,1.2000,mult,data/unit_stats/source_exports/db/special_ability_phase_stat_effects_tables/data__.tsv,688,9.0.1
wh2_main_item_abilities_the_horn_of_kygor,stat_melee_attack,24.0000,add,data/unit_stats/source_exports/db/special_ability_phase_stat_effects_tables/data__.tsv,689,9.0.1
wh2_main_item_abilities_the_horn_of_kygor,stat_morale,8.0000,add,data/unit_stats/source_exports/db/special_ability_phase_stat_effects_tables/data__.tsv,690,9.0.1
wh2_main_item_abilities_the_tricksters_pendant,scalar_miscast_chance,2.0000,mult,data/unit_stats/source_exports/db/special_ability_phase_stat_effects_tables/data__.tsv,691,9.0.1
wh2_main_item_abilities_warpstorm_scroll,scalar_speed,0.5500,mult,data/unit_stats/source_exports/db/special_ability_phase_stat_effects_tables/data__.tsv,692,9.0.1
wh2_main_item_abilities_worlds_edge_armour,stat_armour,60.0000,add,data/unit_stats/source_exports/db/special_ability_phase_stat_effects_tables/data__.tsv,693,9.0.1
wh2_main_item_passive_blessed_tome,stat_morale,8.0000,add,data/unit_stats/source_exports/db/special_ability_phase_stat_effects_tables/data__.tsv,694,9.0.1
wh2_main_item_passive_circlet_of_iron,scalar_miscast_chance,0.5000,mult,data/unit_stats/source_exports/db/special_ability_phase_stat_effects_tables/data__.tsv,695,9.0.1
wh2_main_item_passive_curse_charm_of_tepok,scalar_miscast_chance,1.5000,mult,data/unit_stats/source_exports/db/special_ability_phase_stat_effects_tables/data__.tsv,696,9.0.1
wh2_main_item_passive_diamond_guardian_phoenix,stat_resistance_all,5.0000,add,data/unit_stats/source_exports/db/special_ability_phase_stat_effects_tables/data__.tsv,697,9.0.1
wh2_main_item_passive_enchanted_spyglass,scalar_missile_damage_base,1.1500,mult,data/unit_stats/source_exports/db/special_ability_phase_stat_effects_tables/data__.tsv,698,9.0.1
wh2_main_item_passive_loremasters_cloak,stat_resistance_magic,20.0000,add,data/unit_stats/source_exports/db/special_ability_phase_stat_effects_tables/data__.tsv,699,9.0.1
wh2_main_item_passive_pipes_of_piebald,scalar_charge_speed,0.8000,mult,data/unit_stats/source_exports/db/special_ability_phase_stat_effects_tables/data__.tsv,700,9.0.1
wh2_main_item_passive_pipes_of_piebald,stat_charge_bonus,0.8000,mult,data/unit_stats/source_exports/db/special_ability_phase_stat_effects_tables/data__.tsv,701,9.0.1
wh2_main_item_passive_portents_of_verminous_doom,stat_morale,-4.0000,add,data/unit_stats/source_exports/db/special_ability_phase_stat_effects_tables/data__.tsv,702,9.0.1
wh2_main_item_passive_ring_of_hotek,scalar_miscast_chance,1.5000,mult,data/unit_stats/source_exports/db/special_ability_phase_stat_effects_tables/data__.tsv,703,9.0.1
wh2_main_item_passive_ruby_guardian_phoenix,stat_resistance_flame,20.0000,add,data/unit_stats/source_exports/db/special_ability_phase_stat_effects_tables/data__.tsv,704,9.0.1
wh2_main_item_passive_sacred_incense,stat_resistance_missile,10.0000,add,data/unit_stats/source_exports/db/special_ability_phase_stat_effects_tables/data__.tsv,705,9.0.1
wh2_main_item_passive_sapphire_guardian_phoenix,stat_resistance_magic,15.0000,add,data/unit_stats/source_exports/db/special_ability_phase_stat_effects_tables/data__.tsv,706,9.0.1
wh2_main_item_passive_shadow_magnet_trinket,stat_missile_block_chance,12.0000,add,data/unit_stats/source_exports/db/special_ability_phase_stat_effects_tables/data__.tsv,707,9.0.1
wh2_main_item_passive_shield_of_distraction,stat_melee_attack,-5.0000,add,data/unit_stats/source_exports/db/special_ability_phase_stat_effects_tables/data__.tsv,708,9.0.1
wh2_main_item_passive_shield_of_ghrond,stat_melee_damage_base,0.8800,mult,data/unit_stats/source_exports/db/special_ability_phase_stat_effects_tables/data__.tsv,709,9.0.1
wh2_main_item_passive_sunburst_standard_of_hexoatl,stat_melee_defence,10.0000,add,data/unit_stats/source_exports/db/special_ability_phase_stat_effects_tables/data__.tsv,710,9.0.1
wh2_main_item_passive_sunburst_standard_of_hexoatl,stat_resistance_missile,10.0000,add,data/unit_stats/source_exports/db/special_ability_phase_stat_effects_tables/data__.tsv,711,9.0.1
wh2_main_item_passive_supreme_spellshield_miscast,stat_resistance_magic,20.0000,add,data/unit_stats/source_exports/db/special_ability_phase_stat_effects_tables/data__.tsv,712,9.0.1
wh2_main_item_passive_war_drum_of_xahutec,scalar_speed,1.0500,mult,data/unit_stats/source_exports/db/special_ability_phase_stat_effects_tables/data__.tsv,713,9.0.1
wh2_main_item_passive_war_drum_of_xahutec,stat_charge_bonus,1.0500,mult,data/unit_stats/source_exports/db/special_ability_phase_stat_effects_tables/data__.tsv,714,9.0.1
wh2_main_item_passive_war_drum_of_xahutec,stat_morale,4.0000,add,data/unit_stats/source_exports/db/special_ability_phase_stat_effects_tables/data__.tsv,715,9.0.1
wh2_main_item_passive_warp_shard_armour,stat_armour,-23.0000,add,data/unit_stats/source_exports/db/special_ability_phase_stat_effects_tables/data__.tsv,716,9.0.1
wh2_main_item_passive_warp_shard_armour,stat_melee_defence,-5.0000,add,data/unit_stats/source_exports/db/special_ability_phase_stat_effects_tables/data__.tsv,717,9.0.1
wh2_main_lord_abilities_feint_and_reposte,stat_melee_attack,24.0000,add,data/unit_stats/source_exports/db/special_ability_phase_stat_effects_tables/data__.tsv,718,9.0.1
wh2_main_lord_abilities_feint_and_reposte,stat_melee_defence,24.0000,add,data/unit_stats/source_exports/db/special_ability_phase_stat_effects_tables/data__.tsv,719,9.0.1
wh2_main_lord_abilities_feint_and_reposte,stat_resistance_physical,20.0000,add,data/unit_stats/source_exports/db/special_ability_phase_stat_effects_tables/data__.tsv,720,9.0.1
wh2_main_lord_abilities_potion_of_charoi,stat_resistance_all,40.0000,add,data/unit_stats/source_exports/db/special_ability_phase_stat_effects_tables/data__.tsv,721,9.0.1
wh2_main_lord_abilities_sacred_spawning_of_xhotl,stat_resistance_physical,20.0000,add,data/unit_stats/source_exports/db/special_ability_phase_stat_effects_tables/data__.tsv,722,9.0.1
wh2_main_lord_abilities_trophy_heads,stat_melee_attack,-24.0000,add,data/unit_stats/source_exports/db/special_ability_phase_stat_effects_tables/data__.tsv,723,9.0.1
wh2_main_lord_abilities_trophy_heads,stat_melee_defence,-40.0000,add,data/unit_stats/source_exports/db/special_ability_phase_stat_effects_tables/data__.tsv,724,9.0.1
wh2_main_lord_passive_enchanting_beauty,stat_charge_bonus,0.9000,mult,data/unit_stats/source_exports/db/special_ability_phase_stat_effects_tables/data__.tsv,725,9.0.1
wh2_main_lord_passive_enchanting_beauty,stat_melee_attack,-5.0000,add,data/unit_stats/source_exports/db/special_ability_phase_stat_effects_tables/data__.tsv,726,9.0.1
wh2_main_lord_passive_glamour_of_hoeth,scalar_bracing,3.0000,mult,data/unit_stats/source_exports/db/special_ability_phase_stat_effects_tables/data__.tsv,727,9.0.1
wh2_main_lord_passive_glamour_of_hoeth,stat_morale,4.0000,add,data/unit_stats/source_exports/db/special_ability_phase_stat_effects_tables/data__.tsv,728,9.0.1
wh2_main_lord_passive_kindle_the_fury,stat_melee_attack,8.0000,add,data/unit_stats/source_exports/db/special_ability_phase_stat_effects_tables/data__.tsv,729,9.0.1
wh2_main_lord_passive_kindle_the_fury,stat_melee_damage_base,1.0800,mult,data/unit_stats/source_exports/db/special_ability_phase_stat_effects_tables/data__.tsv,730,9.0.1
wh2_main_lord_passive_strength_through_spite,stat_melee_attack,5.0000,add,data/unit_stats/source_exports/db/special_ability_phase_stat_effects_tables/data__.tsv,731,9.0.1
wh2_main_lore_passive_musk_of_fear,stat_melee_attack,-12.0000,add,data/unit_stats/source_exports/db/special_ability_phase_stat_effects_tables/data__.tsv,732,9.0.1
wh2_main_lore_passive_musk_of_fear,stat_morale,-4.0000,add,data/unit_stats/source_exports/db/special_ability_phase_stat_effects_tables/data__.tsv,733,9.0.1
wh2_main_lore_passive_plague_rash,scalar_speed,0.9000,mult,data/unit_stats/source_exports/db/special_ability_phase_stat_effects_tables/data__.tsv,734,9.0.1
wh2_main_lore_passive_shield_of_saphery,stat_resistance_all,10.0000,add,data/unit_stats/source_exports/db/special_ability_phase_stat_effects_tables/data__.tsv,735,9.0.1
wh2_main_lore_passive_spiteful_conjuration,stat_armour,-15.0000,add,data/unit_stats/source_exports/db/special_ability_phase_stat_effects_tables/data__.tsv,736,9.0.1
wh2_main_mount_abilities_unholy_clamour,stat_morale,16.0000,add,data/unit_stats/source_exports/db/special_ability_phase_stat_effects_tables/data__.tsv,737,9.0.1
wh2_main_mount_passive_wall_of_unholy_sound,stat_melee_attack,5.0000,add,data/unit_stats/source_exports/db/special_ability_phase_stat_effects_tables/data__.tsv,738,9.0.1
wh2_main_mount_passive_wall_of_unholy_sound,stat_morale,4.0000,add,data/unit_stats/source_exports/db/special_ability_phase_stat_effects_tables/data__.tsv,739,9.0.1
wh2_main_spell_bound_embers_of_the_phoenix,scalar_missile_damage_base,1.2500,mult,data/unit_stats/source_exports/db/special_ability_phase_stat_effects_tables/data__.tsv,740,9.0.1
wh2_main_spell_bound_embers_of_the_phoenix,stat_melee_damage_base,1.3000,mult,data/unit_stats/source_exports/db/special_ability_phase_stat_effects_tables/data__.tsv,741,9.0.1
wh2_main_spell_bound_the_seerstaff_of_saphery,stat_melee_attack,24.0000,add,data/unit_stats/source_exports/db/special_ability_phase_stat_effects_tables/data__.tsv,742,9.0.1
wh2_main_spell_bound_the_seerstaff_of_saphery,stat_reloading,40.0000,add,data/unit_stats/source_exports/db/special_ability_phase_stat_effects_tables/data__.tsv,743,9.0.1
wh2_main_spell_bound_whip_of_agony,stat_accuracy,-30.0000,add,data/unit_stats/source_exports/db/special_ability_phase_stat_effects_tables/data__.tsv,744,9.0.1
wh2_main_spell_bound_whip_of_agony,stat_melee_attack,-24.0000,add,data/unit_stats/source_exports/db/special_ability_phase_stat_effects_tables/data__.tsv,745,9.0.1
wh2_main_spell_dark_magic_chillwind_upgraded,scalar_speed,0.5500,mult,data/unit_stats/source_exports/db/special_ability_phase_stat_effects_tables/data__.tsv,746,9.0.1
wh2_main_spell_dark_magic_chillwind_upgraded,stat_reloading,-20.0000,add,data/unit_stats/source_exports/db/special_ability_phase_stat_effects_tables/data__.tsv,747,9.0.1
wh2_main_spell_dark_magic_chillwind,scalar_speed,0.7500,mult,data/unit_stats/source_exports/db/special_ability_phase_stat_effects_tables/data__.tsv,748,9.0.1
wh2_main_spell_dark_magic_word_of_pain_upgraded,stat_accuracy,-30.0000,add,data/unit_stats/source_exports/db/special_ability_phase_stat_effects_tables/data__.tsv,749,9.0.1
wh2_main_spell_dark_magic_word_of_pain_upgraded,stat_melee_attack,-40.0000,add,data/unit_stats/source_exports/db/special_ability_phase_stat_effects_tables/data__.tsv,750,9.0.1
wh2_main_spell_dark_magic_word_of_pain_upgraded,stat_melee_defence,-24.0000,add,data/unit_stats/source_exports/db/special_ability_phase_stat_effects_tables/data__.tsv,751,9.0.1
wh2_main_spell_dark_magic_word_of_pain,stat_accuracy,-30.0000,add,data/unit_stats/source_exports/db/special_ability_phase_stat_effects_tables/data__.tsv,752,9.0.1
wh2_main_spell_dark_magic_word_of_pain,stat_melee_attack,-40.0000,add,data/unit_stats/source_exports/db/special_ability_phase_stat_effects_tables/data__.tsv,753,9.0.1
wh2_main_spell_high_magic_hand_of_glory_upgraded,stat_melee_attack,24.0000,add,data/unit_stats/source_exports/db/special_ability_phase_stat_effects_tables/data__.tsv,754,9.0.1
wh2_main_spell_high_magic_hand_of_glory_upgraded,stat_reloading,60.0000,add,data/unit_stats/source_exports/db/special_ability_phase_stat_effects_tables/data__.tsv,755,9.0.1
wh2_main_spell_high_magic_hand_of_glory,stat_melee_attack,24.0000,add,data/unit_stats/source_exports/db/special_ability_phase_stat_effects_tables/data__.tsv,756,9.0.1
wh2_main_spell_high_magic_hand_of_glory,stat_reloading,40.0000,add,data/unit_stats/source_exports/db/special_ability_phase_stat_effects_tables/data__.tsv,757,9.0.1
wh2_main_spell_high_magic_tempest_upgraded,scalar_speed,0.4000,mult,data/unit_stats/source_exports/db/special_ability_phase_stat_effects_tables/data__.tsv,758,9.0.1
wh2_main_spell_high_magic_tempest,scalar_speed,0.4000,mult,data/unit_stats/source_exports/db/special_ability_phase_stat_effects_tables/data__.tsv,759,9.0.1
wh2_main_spell_plague_wither_upgraded,stat_armour,-60.0000,add,data/unit_stats/source_exports/db/special_ability_phase_stat_effects_tables/data__.tsv,760,9.0.1
wh2_main_spell_plague_wither,stat_armour,-30.0000,add,data/unit_stats/source_exports/db/special_ability_phase_stat_effects_tables/data__.tsv,761,9.0.1
wh2_main_spell_ruin_death_frenzy,stat_melee_attack,24.0000,add,data/unit_stats/source_exports/db/special_ability_phase_stat_effects_tables/data__.tsv,762,9.0.1
wh2_main_spell_ruin_death_frenzy,stat_melee_damage_ap,1.3000,mult,data/unit_stats/source_exports/db/special_ability_phase_stat_effects_tables/data__.tsv,763,9.0.1
wh2_main_spell_ruin_death_frenzy,stat_melee_damage_base,1.3000,mult,data/unit_stats/source_exports/db/special_ability_phase_stat_effects_tables/data__.tsv,764,9.0.1
wh2_main_spell_ruin_skitterleap_upgraded,scalar_speed,1.2500,mult,data/unit_stats/source_exports/db/special_ability_phase_stat_effects_tables/data__.tsv,765,9.0.1
wh2_main_spell_ruin_skitterleap,scalar_speed,1.2500,mult,data/unit_stats/source_exports/db/special_ability_phase_stat_effects_tables/data__.tsv,766,9.0.1
wh2_main_unit_abilities_fury_of_khaine,stat_melee_attack,24.0000,add,data/unit_stats/source_exports/db/special_ability_phase_stat_effects_tables/data__.tsv,767,9.0.1
wh2_main_unit_abilities_fury_of_khaine,stat_melee_damage_ap,1.5000,mult,data/unit_stats/source_exports/db/special_ability_phase_stat_effects_tables/data__.tsv,768,9.0.1
wh2_main_unit_abilities_fury_of_khaine,stat_melee_damage_base,1.5000,mult,data/unit_stats/source_exports/db/special_ability_phase_stat_effects_tables/data__.tsv,769,9.0.1
wh2_main_unit_contact_noxious_breath,stat_melee_attack,0.7000,mult,data/unit_stats/source_exports/db/special_ability_phase_stat_effects_tables/data__.tsv,770,9.0.1
wh2_main_unit_contact_noxious_breath,stat_reloading,-30.0000,add,data/unit_stats/source_exports/db/special_ability_phase_stat_effects_tables/data__.tsv,771,9.0.1
wh2_main_unit_contact_plague_monk_censer_morale,stat_morale,-10.0000,add,data/unit_stats/source_exports/db/special_ability_phase_stat_effects_tables/data__.tsv,772,9.0.1
wh2_main_unit_contact_weeping_blade,stat_armour,0.5000,mult,data/unit_stats/source_exports/db/special_ability_phase_stat_effects_tables/data__.tsv,773,9.0.1
wh2_main_unit_contact_witch_elf_poison,scalar_speed,0.8000,mult,data/unit_stats/source_exports/db/special_ability_phase_stat_effects_tables/data__.tsv,774,9.0.1
wh2_main_unit_contact_witch_elf_poison,stat_melee_defence,0.9000,mult,data/unit_stats/source_exports/db/special_ability_phase_stat_effects_tables/data__.tsv,775,9.0.1
wh2_main_unit_passive_attuned_to_magic,stat_resistance_all,10.0000,add,data/unit_stats/source_exports/db/special_ability_phase_stat_effects_tables/data__.tsv,776,9.0.1
wh2_main_unit_passive_blizzard_aura,scalar_charge_speed,0.8800,mult,data/unit_stats/source_exports/db/special_ability_phase_stat_effects_tables/data__.tsv,777,9.0.1
wh2_main_unit_passive_blizzard_aura,scalar_speed,0.8800,mult,data/unit_stats/source_exports/db/special_ability_phase_stat_effects_tables/data__.tsv,778,9.0.1
wh2_main_unit_passive_blizzard_aura,stat_melee_attack,-8.0000,add,data/unit_stats/source_exports/db/special_ability_phase_stat_effects_tables/data__.tsv,779,9.0.1
wh2_main_unit_passive_blizzard_aura,stat_melee_damage_ap,0.8800,mult,data/unit_stats/source_exports/db/special_ability_phase_stat_effects_tables/data__.tsv,780,9.0.1
wh2_main_unit_passive_blizzard_aura,stat_melee_damage_base,0.8800,mult,data/unit_stats/source_exports/db/special_ability_phase_stat_effects_tables/data__.tsv,781,9.0.1
wh2_main_unit_passive_bloodshield_of_khaine,stat_resistance_physical,5.0000,add,data/unit_stats/source_exports/db/special_ability_phase_stat_effects_tables/data__.tsv,782,9.0.1
wh2_main_unit_passive_martial_mastery,stat_melee_attack,8.0000,add,data/unit_stats/source_exports/db/special_ability_phase_stat_effects_tables/data__.tsv,783,9.0.1
wh2_main_unit_passive_martial_mastery,stat_melee_defence,12.0000,add,data/unit_stats/source_exports/db/special_ability_phase_stat_effects_tables/data__.tsv,784,9.0.1
wh2_main_unit_passive_martial_prowess,stat_melee_attack,2.0000,add,data/unit_stats/source_exports/db/special_ability_phase_stat_effects_tables/data__.tsv,785,9.0.1
wh2_main_unit_passive_martial_prowess,stat_melee_defence,12.0000,add,data/unit_stats/source_exports/db/special_ability_phase_stat_effects_tables/data__.tsv,786,9.0.1
wh2_main_unit_passive_primal_instincts,stat_charge_bonus,1.1500,mult,data/unit_stats/source_exports/db/special_ability_phase_stat_effects_tables/data__.tsv,787,9.0.1
wh2_main_unit_passive_primal_instincts,stat_melee_attack,5.0000,add,data/unit_stats/source_exports/db/special_ability_phase_stat_effects_tables/data__.tsv,788,9.0.1
wh2_main_unit_passive_primal_instincts,stat_resistance_physical,5.0000,add,data/unit_stats/source_exports/db/special_ability_phase_stat_effects_tables/data__.tsv,789,9.0.1
wh2_main_unit_passive_scurry_away,scalar_speed,1.1000,mult,data/unit_stats/source_exports/db/special_ability_phase_stat_effects_tables/data__.tsv,790,9.0.1
wh2_main_unit_passive_snare_net,scalar_charge_speed,0.9000,mult,data/unit_stats/source_exports/db/special_ability_phase_stat_effects_tables/data__.tsv,791,9.0.1
wh2_main_unit_passive_snare_net,scalar_speed,0.9000,mult,data/unit_stats/source_exports/db/special_ability_phase_stat_effects_tables/data__.tsv,792,9.0.1
wh2_main_unit_passive_strength_in_numbers,scalar_speed,0.9000,mult,data/unit_stats/source_exports/db/special_ability_phase_stat_effects_tables/data__.tsv,793,9.0.1
wh2_main_unit_passive_strength_in_numbers,stat_melee_defence,8.0000,add,data/unit_stats/source_exports/db/special_ability_phase_stat_effects_tables/data__.tsv,794,9.0.1
wh2_main_unit_passive_strength_in_numbers,stat_morale,6.0000,add,data/unit_stats/source_exports/db/special_ability_phase_stat_effects_tables/data__.tsv,795,9.0.1
wh2_main_weapon_abilities_dwarf_gouger,stat_melee_attack,24.0000,add,data/unit_stats/source_exports/db/special_ability_phase_stat_effects_tables/data__.tsv,796,9.0.1
wh2_main_weapon_abilities_dwarf_gouger,stat_melee_damage_ap,1.5000,mult,data/unit_stats/source_exports/db/special_ability_phase_stat_effects_tables/data__.tsv,797,9.0.1
wh2_main_weapon_abilities_dwarf_gouger,stat_melee_damage_base,1.5000,mult,data/unit_stats/source_exports/db/special_ability_phase_stat_effects_tables/data__.tsv,798,9.0.1
wh2_main_weapon_abilities_hydra_blade,stat_melee_damage_ap,1.5000,mult,data/unit_stats/source_exports/db/special_ability_phase_stat_effects_tables/data__.tsv,799,9.0.1
wh2_main_weapon_abilities_hydra_blade,stat_melee_damage_base,1.5000,mult,data/unit_stats/source_exports/db/special_ability_phase_stat_effects_tables/data__.tsv,800,9.0.1
wh2_main_weapon_abilities_sword_of_teclis,scalar_spell_mastery,1.3000,mult,data/unit_stats/source_exports/db/special_ability_phase_stat_effects_tables/data__.tsv,801,9.0.1
wh2_main_weapon_abilities_web_of_shadows,scalar_speed,0.7500,mult,data/unit_stats/source_exports/db/special_ability_phase_stat_effects_tables/data__.tsv,802,9.0.1
wh2_main_weapon_passive_chillblade,scalar_speed,0.9000,mult,data/unit_stats/source_exports/db/special_ability_phase_stat_effects_tables/data__.tsv,803,9.0.1
wh2_main_weapon_passive_chillblade,stat_melee_attack,-5.0000,add,data/unit_stats/source_exports/db/special_ability_phase_stat_effects_tables/data__.tsv,804,9.0.1
wh2_main_weapon_passive_destroyer,stat_resistance_magic,-20.0000,add,data/unit_stats/source_exports/db/special_ability_phase_stat_effects_tables/data__.tsv,805,9.0.1
wh2_main_weapon_passive_heartrender_and_the_darksword,stat_melee_attack,-5.0000,add,data/unit_stats/source_exports/db/special_ability_phase_stat_effects_tables/data__.tsv,806,9.0.1
wh2_main_weapon_passive_heartrender_and_the_darksword,stat_melee_defence,-5.0000,add,data/unit_stats/source_exports/db/special_ability_phase_stat_effects_tables/data__.tsv,807,9.0.1
wh2_pro08_character_abilities_gotrek_doom,stat_melee_defence,40.0000,add,data/unit_stats/source_exports/db/special_ability_phase_stat_effects_tables/data__.tsv,808,9.0.1
wh2_pro08_character_abilities_gotrek_doom,stat_resistance_all,40.0000,add,data/unit_stats/source_exports/db/special_ability_phase_stat_effects_tables/data__.tsv,809,9.0.1
wh2_pro08_character_abilities_helping_hand,stat_melee_attack,40.0000,add,data/unit_stats/source_exports/db/special_ability_phase_stat_effects_tables/data__.tsv,810,9.0.1
wh2_pro08_character_abilities_helping_hand,stat_resistance_all,40.0000,add,data/unit_stats/source_exports/db/special_ability_phase_stat_effects_tables/data__.tsv,811,9.0.1
wh2_pro08_unit_contact_dampen,stat_resistance_magic,-20.0000,add,data/unit_stats/source_exports/db/special_ability_phase_stat_effects_tables/data__.tsv,812,9.0.1
wh2_pro08_weapon_abilities_karaghul,stat_bonus_vs_infantry,32.0000,add,data/unit_stats/source_exports/db/special_ability_phase_stat_effects_tables/data__.tsv,813,9.0.1
wh2_pro08_weapon_abilities_karaghul,stat_melee_attack,40.0000,add,data/unit_stats/source_exports/db/special_ability_phase_stat_effects_tables/data__.tsv,814,9.0.1
wh2_pro08_weapon_abilities_rune_axe_of_gotrek,stat_melee_damage_ap,1.5000,mult,data/unit_stats/source_exports/db/special_ability_phase_stat_effects_tables/data__.tsv,815,9.0.1
wh2_twa03_item_passive_beast_armour_of_karond_kar,stat_melee_defence,10.0000,add,data/unit_stats/source_exports/db/special_ability_phase_stat_effects_tables/data__.tsv,816,9.0.1
wh2_twa03_item_passive_beast_armour_of_karond_kar,stat_resistance_all,11.0000,add,data/unit_stats/source_exports/db/special_ability_phase_stat_effects_tables/data__.tsv,817,9.0.1
wh2_twa03_lord_abilities_beastlords_gaze,stat_morale,16.0000,add,data/unit_stats/source_exports/db/special_ability_phase_stat_effects_tables/data__.tsv,818,9.0.1
wh2_twa03_lord_abilities_beastlords_gaze,stat_resistance_all,10.0000,add,data/unit_stats/source_exports/db/special_ability_phase_stat_effects_tables/data__.tsv,819,9.0.1
wh2_twa03_lord_passive_beastlords_presence,stat_morale,16.0000,add,data/unit_stats/source_exports/db/special_ability_phase_stat_effects_tables/data__.tsv,820,9.0.1
wh2_twa03_lord_passive_beastlords_presence,stat_resistance_all,10.0000,add,data/unit_stats/source_exports/db/special_ability_phase_stat_effects_tables/data__.tsv,821,9.0.1
wh2_twa03_weapon_abilities_whip_of_agony,stat_melee_defence,-24.0000,add,data/unit_stats/source_exports/db/special_ability_phase_stat_effects_tables/data__.tsv,822,9.0.1
wh3_cp1_character_abilities_offense_prayer,stat_melee_attack,24.0000,add,data/unit_stats/source_exports/db/special_ability_phase_stat_effects_tables/data__.tsv,823,9.0.1
wh3_cp1_character_abilities_offense_prayer,stat_melee_damage_ap,1.2500,mult,data/unit_stats/source_exports/db/special_ability_phase_stat_effects_tables/data__.tsv,824,9.0.1
wh3_cp1_character_abilities_offense_prayer,stat_melee_damage_base,1.2500,mult,data/unit_stats/source_exports/db/special_ability_phase_stat_effects_tables/data__.tsv,825,9.0.1
wh3_cp1_character_abilities_terrifying_presence_enemy,stat_melee_defence,-24.0000,add,data/unit_stats/source_exports/db/special_ability_phase_stat_effects_tables/data__.tsv,826,9.0.1
wh3_cp1_character_passive_fuelled_by_vengeance,stat_melee_damage_ap,1.3500,mult,data/unit_stats/source_exports/db/special_ability_phase_stat_effects_tables/data__.tsv,827,9.0.1
wh3_cp1_character_passive_fuelled_by_vengeance,stat_melee_damage_base,1.3500,mult,data/unit_stats/source_exports/db/special_ability_phase_stat_effects_tables/data__.tsv,828,9.0.1
wh3_cp1_character_passive_fuelled_by_vengeance,stat_resistance_all,35.0000,add,data/unit_stats/source_exports/db/special_ability_phase_stat_effects_tables/data__.tsv,829,9.0.1
wh3_cp1_character_passive_kamau_protect,stat_resistance_physical,10.0000,add,data/unit_stats/source_exports/db/special_ability_phase_stat_effects_tables/data__.tsv,830,9.0.1
wh3_cp1_character_passive_will_of_the_dragons,stat_morale,4.0000,add,data/unit_stats/source_exports/db/special_ability_phase_stat_effects_tables/data__.tsv,831,9.0.1
wh3_cp1_item_passive_arcane_trinket,stat_melee_attack,8.0000,add,data/unit_stats/source_exports/db/special_ability_phase_stat_effects_tables/data__.tsv,832,9.0.1
wh3_cp1_item_passive_arcane_trinket,stat_melee_damage_ap,1.1500,mult,data/unit_stats/source_exports/db/special_ability_phase_stat_effects_tables/data__.tsv,833,9.0.1
wh3_cp1_item_passive_arcane_trinket,stat_melee_damage_base,1.1000,mult,data/unit_stats/source_exports/db/special_ability_phase_stat_effects_tables/data__.tsv,834,9.0.1
wh3_cp1_lord_abilities_guiding_strike,stat_melee_attack,24.0000,add,data/unit_stats/source_exports/db/special_ability_phase_stat_effects_tables/data__.tsv,835,9.0.1
wh3_cp1_lord_abilities_hidden_huntress_upgraded,scalar_speed,0.7500,mult,data/unit_stats/source_exports/db/special_ability_phase_stat_effects_tables/data__.tsv,836,9.0.1
wh3_cp1_lord_abilities_hidden_huntress_upgraded,stat_armour,-30.0000,add,data/unit_stats/source_exports/db/special_ability_phase_stat_effects_tables/data__.tsv,837,9.0.1
wh3_cp1_lord_abilities_hidden_huntress_upgraded,stat_melee_defence,-40.0000,add,data/unit_stats/source_exports/db/special_ability_phase_stat_effects_tables/data__.tsv,838,9.0.1
wh3_cp1_lord_abilities_hidden_huntress,scalar_speed,0.7500,mult,data/unit_stats/source_exports/db/special_ability_phase_stat_effects_tables/data__.tsv,839,9.0.1
wh3_cp1_lord_abilities_hidden_huntress,stat_melee_defence,-24.0000,add,data/unit_stats/source_exports/db/special_ability_phase_stat_effects_tables/data__.tsv,840,9.0.1
wh3_cp1_lord_abilities_mastered_strike,stat_bonus_vs_large,16.0000,add,data/unit_stats/source_exports/db/special_ability_phase_stat_effects_tables/data__.tsv,841,9.0.1
wh3_cp1_lord_abilities_mastered_strike,stat_melee_attack,26.0000,add,data/unit_stats/source_exports/db/special_ability_phase_stat_effects_tables/data__.tsv,842,9.0.1
wh3_cp1_lord_abilities_mastered_strike,stat_melee_damage_ap,1.2500,mult,data/unit_stats/source_exports/db/special_ability_phase_stat_effects_tables/data__.tsv,843,9.0.1
wh3_cp1_lord_abilities_mastered_strike,stat_melee_damage_base,1.2500,mult,data/unit_stats/source_exports/db/special_ability_phase_stat_effects_tables/data__.tsv,844,9.0.1
wh3_cp1_lord_abilities_predatory_instincts,stat_melee_attack,24.0000,add,data/unit_stats/source_exports/db/special_ability_phase_stat_effects_tables/data__.tsv,845,9.0.1
wh3_cp1_lord_abilities_predatory_instincts,stat_melee_damage_ap,1.2500,mult,data/unit_stats/source_exports/db/special_ability_phase_stat_effects_tables/data__.tsv,846,9.0.1
wh3_cp1_lord_abilities_predatory_instincts,stat_melee_damage_base,1.2500,mult,data/unit_stats/source_exports/db/special_ability_phase_stat_effects_tables/data__.tsv,847,9.0.1
wh3_cp1_lord_passive_fire_warrior,stat_melee_damage_ap,1.5000,mult,data/unit_stats/source_exports/db/special_ability_phase_stat_effects_tables/data__.tsv,848,9.0.1
wh3_cp1_lord_passive_fire_warrior,stat_resistance_flame,40.0000,add,data/unit_stats/source_exports/db/special_ability_phase_stat_effects_tables/data__.tsv,849,9.0.1
wh3_cp1_lord_passive_white_tiger,stat_melee_attack,5.0000,add,data/unit_stats/source_exports/db/special_ability_phase_stat_effects_tables/data__.tsv,850,9.0.1
wh3_cp1_lord_passive_white_tiger,stat_morale,8.0000,add,data/unit_stats/source_exports/db/special_ability_phase_stat_effects_tables/data__.tsv,851,9.0.1
wh3_cp1_passive_thousand_claws,stat_damage_reflection,10.0000,add,data/unit_stats/source_exports/db/special_ability_phase_stat_effects_tables/data__.tsv,852,9.0.1
wh3_cp1_passive_thousand_claws,stat_missile_block_chance,12.0000,add,data/unit_stats/source_exports/db/special_ability_phase_stat_effects_tables/data__.tsv,853,9.0.1
wh3_cp1_unit_contact_brutal_wounds,stat_melee_defence,-6.0000,add,data/unit_stats/source_exports/db/special_ability_phase_stat_effects_tables/data__.tsv,854,9.0.1
wh3_cp1_unit_passive_abundant_powder,scalar_missile_explosion_damage_ap,1.3000,mult,data/unit_stats/source_exports/db/special_ability_phase_stat_effects_tables/data__.tsv,855,9.0.1
wh3_cp1_unit_passive_abundant_powder,scalar_missile_explosion_damage_base,1.3000,mult,data/unit_stats/source_exports/db/special_ability_phase_stat_effects_tables/data__.tsv,856,9.0.1
wh3_cp1_unit_passive_abundant_powder,stat_reloading,30.0000,add,data/unit_stats/source_exports/db/special_ability_phase_stat_effects_tables/data__.tsv,857,9.0.1
wh3_cp1_unit_passive_astromantic_warding,stat_resistance_physical,10.0000,add,data/unit_stats/source_exports/db/special_ability_phase_stat_effects_tables/data__.tsv,858,9.0.1
wh3_cp1_unit_passive_attuned_to_magic,stat_resistance_all,10.0000,add,data/unit_stats/source_exports/db/special_ability_phase_stat_effects_tables/data__.tsv,859,9.0.1
wh3_cp1_unit_passive_celestial_radiation,stat_damage_reflection,25.0000,add,data/unit_stats/source_exports/db/special_ability_phase_stat_effects_tables/data__.tsv,860,9.0.1
wh3_cp1_unit_passive_celestial_radiation,stat_resistance_all,10.0000,add,data/unit_stats/source_exports/db/special_ability_phase_stat_effects_tables/data__.tsv,861,9.0.1
wh3_cp1_unit_passive_defensive_tactician_ii,scalar_missile_damage_ap,1.2500,mult,data/unit_stats/source_exports/db/special_ability_phase_stat_effects_tables/data__.tsv,862,9.0.1
wh3_cp1_unit_passive_defensive_tactician_ii,scalar_missile_range,1.4000,mult,data/unit_stats/source_exports/db/special_ability_phase_stat_effects_tables/data__.tsv,863,9.0.1
wh3_cp1_unit_passive_defensive_tactician_ii,stat_resistance_missile,15.0000,add,data/unit_stats/source_exports/db/special_ability_phase_stat_effects_tables/data__.tsv,864,9.0.1
wh3_cp1_unit_passive_ferocious_ambush,scalar_charge_speed,1.2500,mult,data/unit_stats/source_exports/db/special_ability_phase_stat_effects_tables/data__.tsv,865,9.0.1
wh3_cp1_unit_passive_ferocious_ambush,scalar_speed,1.1500,mult,data/unit_stats/source_exports/db/special_ability_phase_stat_effects_tables/data__.tsv,866,9.0.1
wh3_cp1_unit_passive_ferocious_ambush,stat_charge_bonus,1.1500,mult,data/unit_stats/source_exports/db/special_ability_phase_stat_effects_tables/data__.tsv,867,9.0.1
wh3_cp1_unit_passive_ferocious_charge,scalar_charge_speed,1.4500,mult,data/unit_stats/source_exports/db/special_ability_phase_stat_effects_tables/data__.tsv,868,9.0.1
wh3_cp1_unit_passive_ferocious_charge,stat_charge_bonus,26.0000,add,data/unit_stats/source_exports/db/special_ability_phase_stat_effects_tables/data__.tsv,869,9.0.1
wh3_cp1_unit_passive_heavenly_bonds,scalar_speed,1.1500,mult,data/unit_stats/source_exports/db/special_ability_phase_stat_effects_tables/data__.tsv,870,9.0.1
wh3_cp1_unit_passive_heavenly_bonds,stat_armour,15.0000,add,data/unit_stats/source_exports/db/special_ability_phase_stat_effects_tables/data__.tsv,871,9.0.1
wh3_cp1_unit_passive_hold_formation,stat_morale,10.0000,add,data/unit_stats/source_exports/db/special_ability_phase_stat_effects_tables/data__.tsv,872,9.0.1
wh3_cp1_unit_passive_icon_of_the_great_cities_upgraded,stat_morale,8.0000,add,data/unit_stats/source_exports/db/special_ability_phase_stat_effects_tables/data__.tsv,873,9.0.1
wh3_cp1_unit_passive_implacable_spirit_ii,scalar_missile_damage_ap,1.2500,mult,data/unit_stats/source_exports/db/special_ability_phase_stat_effects_tables/data__.tsv,874,9.0.1
wh3_cp1_unit_passive_implacable_spirit_ii,scalar_missile_range,1.4000,mult,data/unit_stats/source_exports/db/special_ability_phase_stat_effects_tables/data__.tsv,875,9.0.1
wh3_cp1_unit_passive_implacable_spirit_ii,stat_resistance_missile,15.0000,add,data/unit_stats/source_exports/db/special_ability_phase_stat_effects_tables/data__.tsv,876,9.0.1
wh3_cp1_unit_passive_pack_hunters,stat_bonus_vs_large,15.0000,add,data/unit_stats/source_exports/db/special_ability_phase_stat_effects_tables/data__.tsv,877,9.0.1
wh3_cp1_unit_passive_spotters_ii,scalar_missile_damage_ap,1.2000,mult,data/unit_stats/source_exports/db/special_ability_phase_stat_effects_tables/data__.tsv,878,9.0.1
wh3_cp1_unit_passive_spotters_ii,scalar_missile_damage_base,1.2000,mult,data/unit_stats/source_exports/db/special_ability_phase_stat_effects_tables/data__.tsv,879,9.0.1
wh3_cp1_weapon_abilities_blades_of_shang_yang,stat_melee_attack,24.0000,add,data/unit_stats/source_exports/db/special_ability_phase_stat_effects_tables/data__.tsv,880,9.0.1
wh3_cp1_weapon_abilities_blades_of_shang_yang,stat_melee_damage_ap,1.3000,mult,data/unit_stats/source_exports/db/special_ability_phase_stat_effects_tables/data__.tsv,881,9.0.1
wh3_cp1_weapon_abilities_blades_of_shang_yang,stat_melee_damage_base,1.3000,mult,data/unit_stats/source_exports/db/special_ability_phase_stat_effects_tables/data__.tsv,882,9.0.1
wh3_cp1_weapon_abilities_tyrants_talon,stat_melee_attack,24.0000,add,data/unit_stats/source_exports/db/special_ability_phase_stat_effects_tables/data__.tsv,883,9.0.1
wh3_cp1_weapon_abilities_tyrants_talon,stat_melee_damage_ap,1.2500,mult,data/unit_stats/source_exports/db/special_ability_phase_stat_effects_tables/data__.tsv,884,9.0.1
wh3_cp1_weapon_abilities_tyrants_talon,stat_melee_damage_base,1.2500,mult,data/unit_stats/source_exports/db/special_ability_phase_stat_effects_tables/data__.tsv,885,9.0.1
wh3_demo_survival_khorne_blood,stat_melee_attack,0.9000,mult,data/unit_stats/source_exports/db/special_ability_phase_stat_effects_tables/data__.tsv,886,9.0.1
wh3_demo_survival_khorne_ruin,stat_armour,-15.0000,add,data/unit_stats/source_exports/db/special_ability_phase_stat_effects_tables/data__.tsv,887,9.0.1
wh3_demo_survival_khorne_torment,stat_morale,-15.0000,add,data/unit_stats/source_exports/db/special_ability_phase_stat_effects_tables/data__.tsv,888,9.0.1
wh3_dlc20_character_passive_acid_ichor,stat_damage_reflection,6.0000,add,data/unit_stats/source_exports/db/special_ability_phase_stat_effects_tables/data__.tsv,889,9.0.1
wh3_dlc20_item_abilities_pestilent_potions,stat_melee_attack,-24.0000,add,data/unit_stats/source_exports/db/special_ability_phase_stat_effects_tables/data__.tsv,890,9.0.1
wh3_dlc20_item_abilities_pestilent_potions,stat_melee_damage_ap,0.7500,mult,data/unit_stats/source_exports/db/special_ability_phase_stat_effects_tables/data__.tsv,891,9.0.1
wh3_dlc20_item_abilities_pestilent_potions,stat_melee_damage_base,0.7500,mult,data/unit_stats/source_exports/db/special_ability_phase_stat_effects_tables/data__.tsv,892,9.0.1
wh3_dlc20_item_abilities_the_armour_of_morkar,stat_melee_defence,24.0000,add,data/unit_stats/source_exports/db/special_ability_phase_stat_effects_tables/data__.tsv,893,9.0.1
wh3_dlc20_item_passive_armour_of_damnation,stat_armour,15.0000,add,data/unit_stats/source_exports/db/special_ability_phase_stat_effects_tables/data__.tsv,894,9.0.1
wh3_dlc20_item_passive_armour_of_damnation,stat_resistance_all,10.0000,add,data/unit_stats/source_exports/db/special_ability_phase_stat_effects_tables/data__.tsv,895,9.0.1
wh3_dlc20_item_passive_axe_of_khorne,stat_melee_damage_ap,1.2500,mult,data/unit_stats/source_exports/db/special_ability_phase_stat_effects_tables/data__.tsv,896,9.0.1
wh3_dlc20_item_passive_axe_of_khorne,stat_melee_damage_base,1.2500,mult,data/unit_stats/source_exports/db/special_ability_phase_stat_effects_tables/data__.tsv,897,9.0.1
wh3_dlc20_item_passive_bronze_armour_of_zhrakk,stat_damage_reflection,9.0000,add,data/unit_stats/source_exports/db/special_ability_phase_stat_effects_tables/data__.tsv,898,9.0.1
wh3_dlc20_item_passive_bronze_armour_of_zhrakk,stat_resistance_physical,5.0000,add,data/unit_stats/source_exports/db/special_ability_phase_stat_effects_tables/data__.tsv,899,9.0.1
wh3_dlc20_item_passive_crown_of_everlasting_conquest,stat_weakness_flame,-20.0000,add,data/unit_stats/source_exports/db/special_ability_phase_stat_effects_tables/data__.tsv,900,9.0.1
wh3_dlc20_item_passive_doom_totem,stat_morale,-4.0000,add,data/unit_stats/source_exports/db/special_ability_phase_stat_effects_tables/data__.tsv,901,9.0.1
wh3_dlc20_item_passive_the_beguiling_gem,scalar_charge_speed,0.8000,mult,data/unit_stats/source_exports/db/special_ability_phase_stat_effects_tables/data__.tsv,902,9.0.1
wh3_dlc20_item_passive_the_beguiling_gem,scalar_speed,0.8000,mult,data/unit_stats/source_exports/db/special_ability_phase_stat_effects_tables/data__.tsv,903,9.0.1
wh3_dlc20_item_passive_the_crown_of_domination_self,stat_morale,4.0000,add,data/unit_stats/source_exports/db/special_ability_phase_stat_effects_tables/data__.tsv,904,9.0.1
wh3_dlc20_item_passive_the_scarlet_armour,stat_melee_damage_ap,0.8000,mult,data/unit_stats/source_exports/db/special_ability_phase_stat_effects_tables/data__.tsv,905,9.0.1
wh3_dlc20_item_passive_the_scarlet_armour,stat_melee_damage_base,0.8000,mult,data/unit_stats/source_exports/db/special_ability_phase_stat_effects_tables/data__.tsv,906,9.0.1
wh3_dlc20_item_the_passive_festering_shroud,stat_resistance_missile,10.0000,add,data/unit_stats/source_exports/db/special_ability_phase_stat_effects_tables/data__.tsv,907,9.0.1
wh3_dlc20_lord_abilities_tempest_rage,stat_charge_bonus,1.2000,mult,data/unit_stats/source_exports/db/special_ability_phase_stat_effects_tables/data__.tsv,908,9.0.1
wh3_dlc20_lord_abilities_tempest_rage,stat_melee_attack,24.0000,add,data/unit_stats/source_exports/db/special_ability_phase_stat_effects_tables/data__.tsv,909,9.0.1
wh3_dlc20_lord_abilities_tempest_rage,stat_melee_damage_ap,1.2500,mult,data/unit_stats/source_exports/db/special_ability_phase_stat_effects_tables/data__.tsv,910,9.0.1
wh3_dlc20_lord_abilities_tempest_rage,stat_melee_damage_base,1.2500,mult,data/unit_stats/source_exports/db/special_ability_phase_stat_effects_tables/data__.tsv,911,9.0.1
wh3_dlc20_lord_abilities_temptator,stat_damage_reflection,25.0000,add,data/unit_stats/source_exports/db/special_ability_phase_stat_effects_tables/data__.tsv,912,9.0.1
wh3_dlc20_lord_abilities_temptator,stat_resistance_all,20.0000,add,data/unit_stats/source_exports/db/special_ability_phase_stat_effects_tables/data__.tsv,913,9.0.1
wh3_dlc20_lord_passive_domineering_aura,stat_melee_attack,-10.0000,add,data/unit_stats/source_exports/db/special_ability_phase_stat_effects_tables/data__.tsv,914,9.0.1
wh3_dlc20_lord_passive_domineering_aura,stat_melee_defence,-10.0000,add,data/unit_stats/source_exports/db/special_ability_phase_stat_effects_tables/data__.tsv,915,9.0.1
wh3_dlc20_lord_passive_paragon_of_carnage,stat_melee_attack,8.0000,add,data/unit_stats/source_exports/db/special_ability_phase_stat_effects_tables/data__.tsv,916,9.0.1
wh3_dlc20_lord_passive_paragon_of_decay,stat_melee_damage_ap,0.9500,mult,data/unit_stats/source_exports/db/special_ability_phase_stat_effects_tables/data__.tsv,917,9.0.1
wh3_dlc20_lord_passive_paragon_of_decay,stat_melee_damage_base,0.9500,mult,data/unit_stats/source_exports/db/special_ability_phase_stat_effects_tables/data__.tsv,918,9.0.1
wh3_dlc20_lord_passive_paragon_of_excess,stat_melee_attack,-5.0000,add,data/unit_stats/source_exports/db/special_ability_phase_stat_effects_tables/data__.tsv,919,9.0.1
wh3_dlc20_lord_passive_paragon_of_ruin,stat_charge_bonus,1.0500,mult,data/unit_stats/source_exports/db/special_ability_phase_stat_effects_tables/data__.tsv,920,9.0.1
wh3_dlc20_lord_passive_the_gaze_of_khorne,stat_melee_damage_ap,1.0500,mult,data/unit_stats/source_exports/db/special_ability_phase_stat_effects_tables/data__.tsv,921,9.0.1
wh3_dlc20_lord_passive_the_gaze_of_khorne,stat_melee_damage_base,1.0500,mult,data/unit_stats/source_exports/db/special_ability_phase_stat_effects_tables/data__.tsv,922,9.0.1
wh3_dlc20_lord_passive_the_gaze_of_khorne,stat_morale,4.0000,add,data/unit_stats/source_exports/db/special_ability_phase_stat_effects_tables/data__.tsv,923,9.0.1
wh3_dlc20_lord_passive_the_twisted_twin,scalar_spell_mastery,1.3000,mult,data/unit_stats/source_exports/db/special_ability_phase_stat_effects_tables/data__.tsv,924,9.0.1
wh3_dlc20_lord_passive_the_twisted_twin,stat_melee_attack,10.0000,add,data/unit_stats/source_exports/db/special_ability_phase_stat_effects_tables/data__.tsv,925,9.0.1
wh3_dlc20_lord_passive_the_twisted_twin,stat_melee_defence,10.0000,add,data/unit_stats/source_exports/db/special_ability_phase_stat_effects_tables/data__.tsv,926,9.0.1
wh3_dlc20_survival_aob_mark_of_leader,scalar_speed,1.1500,mult,data/unit_stats/source_exports/db/special_ability_phase_stat_effects_tables/data__.tsv,927,9.0.1
wh3_dlc20_survival_aob_mark_of_leader,stat_morale,10.0000,add,data/unit_stats/source_exports/db/special_ability_phase_stat_effects_tables/data__.tsv,928,9.0.1
wh3_dlc20_survival_aob_mark_of_sentinel,stat_melee_defence,5.0000,add,data/unit_stats/source_exports/db/special_ability_phase_stat_effects_tables/data__.tsv,929,9.0.1
wh3_dlc20_survival_aob_mark_of_sentinel,stat_resistance_physical,10.0000,add,data/unit_stats/source_exports/db/special_ability_phase_stat_effects_tables/data__.tsv,930,9.0.1
wh3_dlc20_survival_aob_mark_of_sorcerer,scalar_spell_mastery,1.1500,mult,data/unit_stats/source_exports/db/special_ability_phase_stat_effects_tables/data__.tsv,931,9.0.1
wh3_dlc20_survival_aob_mark_of_sorcerer,stat_resistance_magic,10.0000,add,data/unit_stats/source_exports/db/special_ability_phase_stat_effects_tables/data__.tsv,932,9.0.1
wh3_dlc20_survival_aob_mark_of_vanguard,stat_melee_attack,5.0000,add,data/unit_stats/source_exports/db/special_ability_phase_stat_effects_tables/data__.tsv,933,9.0.1
wh3_dlc20_survival_aob_mark_of_vanguard,stat_melee_damage_base,1.1000,mult,data/unit_stats/source_exports/db/special_ability_phase_stat_effects_tables/data__.tsv,934,9.0.1
wh3_dlc20_unit_abilities_storm_rage,stat_charge_bonus,1.2000,mult,data/unit_stats/source_exports/db/special_ability_phase_stat_effects_tables/data__.tsv,935,9.0.1
wh3_dlc20_unit_abilities_storm_rage,stat_melee_attack,24.0000,add,data/unit_stats/source_exports/db/special_ability_phase_stat_effects_tables/data__.tsv,936,9.0.1
wh3_dlc20_unit_abilities_storm_rage,stat_melee_damage_ap,1.2500,mult,data/unit_stats/source_exports/db/special_ability_phase_stat_effects_tables/data__.tsv,937,9.0.1
wh3_dlc20_unit_abilities_storm_rage,stat_melee_damage_base,1.2500,mult,data/unit_stats/source_exports/db/special_ability_phase_stat_effects_tables/data__.tsv,938,9.0.1
wh3_dlc20_unit_contact_corrosion,stat_armour,-30.0000,add,data/unit_stats/source_exports/db/special_ability_phase_stat_effects_tables/data__.tsv,939,9.0.1
wh3_dlc20_unit_passive_giver_of_arcane_glory_self,scalar_spell_mastery,1.3000,mult,data/unit_stats/source_exports/db/special_ability_phase_stat_effects_tables/data__.tsv,940,9.0.1
wh3_dlc20_unit_passive_giver_of_arcane_glory,scalar_spell_mastery,1.3000,mult,data/unit_stats/source_exports/db/special_ability_phase_stat_effects_tables/data__.tsv,941,9.0.1
wh3_dlc20_unit_passive_giver_of_furious_glory,stat_melee_damage_ap,1.1500,mult,data/unit_stats/source_exports/db/special_ability_phase_stat_effects_tables/data__.tsv,942,9.0.1
wh3_dlc20_unit_passive_giver_of_furious_glory,stat_melee_damage_base,1.1500,mult,data/unit_stats/source_exports/db/special_ability_phase_stat_effects_tables/data__.tsv,943,9.0.1
wh3_dlc20_unit_passive_giver_of_furious_glory,stat_resistance_all,15.0000,add,data/unit_stats/source_exports/db/special_ability_phase_stat_effects_tables/data__.tsv,944,9.0.1
wh3_dlc20_unit_passive_giver_of_glory,stat_resistance_physical,10.0000,add,data/unit_stats/source_exports/db/special_ability_phase_stat_effects_tables/data__.tsv,945,9.0.1
wh3_dlc20_unit_passive_murderous_charge,scalar_charge_speed,1.3000,mult,data/unit_stats/source_exports/db/special_ability_phase_stat_effects_tables/data__.tsv,946,9.0.1
wh3_dlc20_unit_passive_murderous_charge,scalar_entity_acceleration_modifier,1.2000,mult,data/unit_stats/source_exports/db/special_ability_phase_stat_effects_tables/data__.tsv,947,9.0.1
wh3_dlc20_unit_passive_murderous_charge,stat_charge_bonus,1.4000,mult,data/unit_stats/source_exports/db/special_ability_phase_stat_effects_tables/data__.tsv,948,9.0.1
wh3_dlc20_unit_passive_murderous_charge,stat_mass,1.5000,mult,data/unit_stats/source_exports/db/special_ability_phase_stat_effects_tables/data__.tsv,949,9.0.1
wh3_dlc20_unit_passive_supreme_vanity,stat_melee_defence,10.0000,add,data/unit_stats/source_exports/db/special_ability_phase_stat_effects_tables/data__.tsv,950,9.0.1
wh3_dlc20_weapon_abilities_aether_sword,stat_melee_damage_ap,1.2500,mult,data/unit_stats/source_exports/db/special_ability_phase_stat_effects_tables/data__.tsv,951,9.0.1
wh3_dlc20_weapon_abilities_aether_sword,stat_melee_damage_base,1.2500,mult,data/unit_stats/source_exports/db/special_ability_phase_stat_effects_tables/data__.tsv,952,9.0.1
wh3_dlc20_weapon_abilities_daemonblade,stat_melee_damage_ap,1.2500,mult,data/unit_stats/source_exports/db/special_ability_phase_stat_effects_tables/data__.tsv,953,9.0.1
wh3_dlc20_weapon_abilities_daemonblade,stat_melee_damage_base,1.2500,mult,data/unit_stats/source_exports/db/special_ability_phase_stat_effects_tables/data__.tsv,954,9.0.1
wh3_dlc20_weapon_abilities_rapier_of_ecstasy,stat_melee_attack,24.0000,add,data/unit_stats/source_exports/db/special_ability_phase_stat_effects_tables/data__.tsv,955,9.0.1
wh3_dlc20_weapon_abilities_sliverslash,stat_melee_damage_ap,1.5000,mult,data/unit_stats/source_exports/db/special_ability_phase_stat_effects_tables/data__.tsv,956,9.0.1
wh3_dlc20_weapon_abilities_sliverslash,stat_melee_damage_base,1.5000,mult,data/unit_stats/source_exports/db/special_ability_phase_stat_effects_tables/data__.tsv,957,9.0.1
wh3_dlc23_arcane_passive_blood_shard,scalar_spell_mastery,1.6000,mult,data/unit_stats/source_exports/db/special_ability_phase_stat_effects_tables/data__.tsv,958,9.0.1
wh3_dlc23_army_abilities_armour_of_contempt,stat_armour,30.0000,add,data/unit_stats/source_exports/db/special_ability_phase_stat_effects_tables/data__.tsv,959,9.0.1
wh3_dlc23_army_abilities_armour_of_contempt,stat_melee_defence,24.0000,add,data/unit_stats/source_exports/db/special_ability_phase_stat_effects_tables/data__.tsv,960,9.0.1
wh3_dlc23_barricade_monument_chd,stat_missile_block_chance,25.0000,add,data/unit_stats/source_exports/db/special_ability_phase_stat_effects_tables/data__.tsv,961,9.0.1
wh3_dlc23_barricade_monument_chd,stat_morale,10.0000,add,data/unit_stats/source_exports/db/special_ability_phase_stat_effects_tables/data__.tsv,962,9.0.1
wh3_dlc23_bound_abilities_breath_of_hatred,stat_melee_attack,24.0000,add,data/unit_stats/source_exports/db/special_ability_phase_stat_effects_tables/data__.tsv,963,9.0.1
wh3_dlc23_character_abilities_breath_of_hatred,stat_melee_attack,24.0000,add,data/unit_stats/source_exports/db/special_ability_phase_stat_effects_tables/data__.tsv,964,9.0.1
wh3_dlc23_character_abilities_skjalandirs_fall,stat_accuracy,90.0000,add,data/unit_stats/source_exports/db/special_ability_phase_stat_effects_tables/data__.tsv,965,9.0.1
wh3_dlc23_character_abilities_sword_dance_enemy,stat_melee_attack,-24.0000,add,data/unit_stats/source_exports/db/special_ability_phase_stat_effects_tables/data__.tsv,966,9.0.1
wh3_dlc23_character_abilities_sword_dance_self,stat_melee_defence,24.0000,add,data/unit_stats/source_exports/db/special_ability_phase_stat_effects_tables/data__.tsv,967,9.0.1
wh3_dlc23_character_abilities_sword_dance_self,stat_resistance_physical,40.0000,add,data/unit_stats/source_exports/db/special_ability_phase_stat_effects_tables/data__.tsv,968,9.0.1
wh3_dlc23_character_passive_infernal_engineer,stat_accuracy,15.0000,add,data/unit_stats/source_exports/db/special_ability_phase_stat_effects_tables/data__.tsv,969,9.0.1
wh3_dlc23_character_passive_infernal_engineer,stat_reloading,20.0000,add,data/unit_stats/source_exports/db/special_ability_phase_stat_effects_tables/data__.tsv,970,9.0.1
wh3_dlc23_character_passive_malign_authority,stat_morale,8.0000,add,data/unit_stats/source_exports/db/special_ability_phase_stat_effects_tables/data__.tsv,971,9.0.1
wh3_dlc23_contact_armour_destruction,stat_armour,-30.0000,add,data/unit_stats/source_exports/db/special_ability_phase_stat_effects_tables/data__.tsv,972,9.0.1
wh3_dlc23_contact_armour_destruction,stat_missile_block_chance,-30.0000,add,data/unit_stats/source_exports/db/special_ability_phase_stat_effects_tables/data__.tsv,973,9.0.1
wh3_dlc23_final_battle_kb_pillars,stat_melee_attack,1.2000,mult,data/unit_stats/source_exports/db/special_ability_phase_stat_effects_tables/data__.tsv,974,9.0.1
wh3_dlc23_final_battle_kb_pillars,stat_morale,5.0000,add,data/unit_stats/source_exports/db/special_ability_phase_stat_effects_tables/data__.tsv,975,9.0.1
wh3_dlc23_final_battle_kb_pumps,stat_melee_damage_base,1.2000,mult,data/unit_stats/source_exports/db/special_ability_phase_stat_effects_tables/data__.tsv,976,9.0.1
wh3_dlc23_final_battle_kb_pumps,stat_resistance_physical,15.0000,add,data/unit_stats/source_exports/db/special_ability_phase_stat_effects_tables/data__.tsv,977,9.0.1
wh3_dlc23_hero_abilities_crooked_dice_iii,stat_resistance_all,40.0000,add,data/unit_stats/source_exports/db/special_ability_phase_stat_effects_tables/data__.tsv,978,9.0.1
wh3_dlc23_hero_abilities_crooked_dice_ii,stat_resistance_physical,40.0000,add,data/unit_stats/source_exports/db/special_ability_phase_stat_effects_tables/data__.tsv,979,9.0.1
wh3_dlc23_hero_abilities_crooked_dice_i,stat_armour,60.0000,add,data/unit_stats/source_exports/db/special_ability_phase_stat_effects_tables/data__.tsv,980,9.0.1
wh3_dlc23_item_abilities_armour_of_gazrakh,stat_resistance_all,30.0000,add,data/unit_stats/source_exports/db/special_ability_phase_stat_effects_tables/data__.tsv,981,9.0.1
wh3_dlc23_item_abilities_black_gem_of_gnar,stat_melee_attack,0.0000,mult,data/unit_stats/source_exports/db/special_ability_phase_stat_effects_tables/data__.tsv,982,9.0.1
wh3_dlc23_item_abilities_ever_burning_light_grungni,stat_melee_attack,5.0000,add,data/unit_stats/source_exports/db/special_ability_phase_stat_effects_tables/data__.tsv,983,9.0.1
wh3_dlc23_item_abilities_hammer_of_smednir,scalar_charge_speed,0.4000,mult,data/unit_stats/source_exports/db/special_ability_phase_stat_effects_tables/data__.tsv,984,9.0.1
wh3_dlc23_item_abilities_hammer_of_smednir,scalar_speed,0.4000,mult,data/unit_stats/source_exports/db/special_ability_phase_stat_effects_tables/data__.tsv,985,9.0.1
wh3_dlc23_item_abilities_morgrims_eye,scalar_missile_damage_ap,1.2500,mult,data/unit_stats/source_exports/db/special_ability_phase_stat_effects_tables/data__.tsv,986,9.0.1
wh3_dlc23_item_abilities_morgrims_eye,stat_accuracy,60.0000,add,data/unit_stats/source_exports/db/special_ability_phase_stat_effects_tables/data__.tsv,987,9.0.1
wh3_dlc23_item_abilities_rune_of_thungni,stat_melee_damage_ap,1.2500,mult,data/unit_stats/source_exports/db/special_ability_phase_stat_effects_tables/data__.tsv,988,9.0.1
wh3_dlc23_item_abilities_rune_of_thungni,stat_melee_damage_base,1.2500,mult,data/unit_stats/source_exports/db/special_ability_phase_stat_effects_tables/data__.tsv,989,9.0.1
wh3_dlc23_item_abilities_slayer_for_chaos_grimnir,stat_melee_attack,12.0000,add,data/unit_stats/source_exports/db/special_ability_phase_stat_effects_tables/data__.tsv,990,9.0.1
wh3_dlc23_item_ability_the_vial_of_hashut,stat_armour,-60.0000,add,data/unit_stats/source_exports/db/special_ability_phase_stat_effects_tables/data__.tsv,991,9.0.1
wh3_dlc23_item_ability_the_vial_of_hashut,stat_weakness_flame,-20.0000,add,data/unit_stats/source_exports/db/special_ability_phase_stat_effects_tables/data__.tsv,992,9.0.1
wh3_dlc23_item_contact_daemon_flask_of_ashak,stat_melee_attack,-16.0000,add,data/unit_stats/source_exports/db/special_ability_phase_stat_effects_tables/data__.tsv,993,9.0.1
wh3_dlc23_item_passive_daemonspite_crucible,scalar_spell_mastery,1.6000,mult,data/unit_stats/source_exports/db/special_ability_phase_stat_effects_tables/data__.tsv,994,9.0.1
wh3_dlc23_item_passive_hellshard_amulet,stat_damage_reflection,20.0000,add,data/unit_stats/source_exports/db/special_ability_phase_stat_effects_tables/data__.tsv,995,9.0.1
wh3_dlc23_item_passive_hellshard_amulet,stat_resistance_all,10.0000,add,data/unit_stats/source_exports/db/special_ability_phase_stat_effects_tables/data__.tsv,996,9.0.1
wh3_dlc23_item_passive_stone_mantle,scalar_speed,0.7000,mult,data/unit_stats/source_exports/db/special_ability_phase_stat_effects_tables/data__.tsv,997,9.0.1
wh3_dlc23_item_passive_stone_mantle,stat_resistance_physical,40.0000,add,data/unit_stats/source_exports/db/special_ability_phase_stat_effects_tables/data__.tsv,998,9.0.1
wh3_dlc23_lord_abilities_sadistic_snare,stat_melee_defence,-24.0000,add,data/unit_stats/source_exports/db/special_ability_phase_stat_effects_tables/data__.tsv,999,9.0.1
wh3_dlc23_lord_passive_boundless_cruelty,stat_morale,-8.0000,add,data/unit_stats/source_exports/db/special_ability_phase_stat_effects_tables/data__.tsv,1000,9.0.1
wh3_dlc23_lord_passive_champions_of_the_maw,stat_charge_bonus,1.2000,mult,data/unit_stats/source_exports/db/special_ability_phase_stat_effects_tables/data__.tsv,1001,9.0.1
wh3_dlc23_lord_passive_champions_of_the_maw,stat_resistance_physical,10.0000,add,data/unit_stats/source_exports/db/special_ability_phase_stat_effects_tables/data__.tsv,1002,9.0.1
wh3_dlc23_lord_passive_dark_renown,stat_melee_attack,8.0000,add,data/unit_stats/source_exports/db/special_ability_phase_stat_effects_tables/data__.tsv,1003,9.0.1
wh3_dlc23_lord_passive_mechanical_overdrive,stat_melee_attack,8.0000,add,data/unit_stats/source_exports/db/special_ability_phase_stat_effects_tables/data__.tsv,1004,9.0.1
wh3_dlc23_lord_passive_mechanical_overdrive,stat_melee_damage_ap,1.2000,mult,data/unit_stats/source_exports/db/special_ability_phase_stat_effects_tables/data__.tsv,1005,9.0.1
wh3_dlc23_lord_passive_mechanical_overdrive,stat_melee_damage_base,1.2000,mult,data/unit_stats/source_exports/db/special_ability_phase_stat_effects_tables/data__.tsv,1006,9.0.1
wh3_dlc23_lord_passive_presence_of_clan_angrund,stat_armour,15.0000,add,data/unit_stats/source_exports/db/special_ability_phase_stat_effects_tables/data__.tsv,1007,9.0.1
wh3_dlc23_lord_passive_presence_of_clan_angrund,stat_melee_defence,8.0000,add,data/unit_stats/source_exports/db/special_ability_phase_stat_effects_tables/data__.tsv,1008,9.0.1
wh3_dlc23_lord_passive_presence_of_clan_angrund,stat_missile_block_chance,1.5000,mult,data/unit_stats/source_exports/db/special_ability_phase_stat_effects_tables/data__.tsv,1009,9.0.1
wh3_dlc23_lord_passive_presence_of_the_high_king,stat_charge_bonus,1.2000,mult,data/unit_stats/source_exports/db/special_ability_phase_stat_effects_tables/data__.tsv,1010,9.0.1
wh3_dlc23_lord_passive_presence_of_the_high_king,stat_melee_attack,12.0000,add,data/unit_stats/source_exports/db/special_ability_phase_stat_effects_tables/data__.tsv,1011,9.0.1
wh3_dlc23_lord_passive_presence_of_the_high_king,stat_melee_damage_base,1.3000,mult,data/unit_stats/source_exports/db/special_ability_phase_stat_effects_tables/data__.tsv,1012,9.0.1
wh3_dlc23_lord_passive_presence_of_the_master_runelord,scalar_speed,1.2000,mult,data/unit_stats/source_exports/db/special_ability_phase_stat_effects_tables/data__.tsv,1013,9.0.1
wh3_dlc23_lord_passive_presence_of_the_master_runelord,stat_resistance_magic,20.0000,add,data/unit_stats/source_exports/db/special_ability_phase_stat_effects_tables/data__.tsv,1014,9.0.1
wh3_dlc23_mount_passive_horseback_progidy,scalar_missile_damage_ap,1.2500,mult,data/unit_stats/source_exports/db/special_ability_phase_stat_effects_tables/data__.tsv,1015,9.0.1
wh3_dlc23_mount_passive_horseback_progidy,scalar_missile_damage_base,1.2500,mult,data/unit_stats/source_exports/db/special_ability_phase_stat_effects_tables/data__.tsv,1016,9.0.1
wh3_dlc23_mount_passive_horseback_progidy,scalar_speed,1.1500,mult,data/unit_stats/source_exports/db/special_ability_phase_stat_effects_tables/data__.tsv,1017,9.0.1
wh3_dlc23_spell_hashut_ash_storm_upgraded,scalar_speed,0.7500,mult,data/unit_stats/source_exports/db/special_ability_phase_stat_effects_tables/data__.tsv,1018,9.0.1
wh3_dlc23_spell_hashut_ash_storm_upgraded,stat_weakness_flame,-20.0000,add,data/unit_stats/source_exports/db/special_ability_phase_stat_effects_tables/data__.tsv,1019,9.0.1
wh3_dlc23_spell_hashut_ash_storm,scalar_speed,0.7500,mult,data/unit_stats/source_exports/db/special_ability_phase_stat_effects_tables/data__.tsv,1020,9.0.1
wh3_dlc23_spell_hashut_ash_storm,stat_weakness_flame,-20.0000,add,data/unit_stats/source_exports/db/special_ability_phase_stat_effects_tables/data__.tsv,1021,9.0.1
wh3_dlc23_spell_hashut_dark_subjugation_upgraded,stat_melee_defence,-24.0000,add,data/unit_stats/source_exports/db/special_ability_phase_stat_effects_tables/data__.tsv,1022,9.0.1
wh3_dlc23_spell_hashut_dark_subjugation_upgraded,stat_morale,-8.0000,add,data/unit_stats/source_exports/db/special_ability_phase_stat_effects_tables/data__.tsv,1023,9.0.1
wh3_dlc23_spell_hashut_dark_subjugation,stat_melee_defence,-24.0000,add,data/unit_stats/source_exports/db/special_ability_phase_stat_effects_tables/data__.tsv,1024,9.0.1
wh3_dlc23_spell_hashut_dark_subjugation,stat_morale,-8.0000,add,data/unit_stats/source_exports/db/special_ability_phase_stat_effects_tables/data__.tsv,1025,9.0.1
wh3_dlc23_unit_abilities_more_power,scalar_entity_acceleration_modifier,3.0000,mult,data/unit_stats/source_exports/db/special_ability_phase_stat_effects_tables/data__.tsv,1026,9.0.1
wh3_dlc23_unit_abilities_more_power,scalar_speed,1.2500,mult,data/unit_stats/source_exports/db/special_ability_phase_stat_effects_tables/data__.tsv,1027,9.0.1
wh3_dlc23_unit_abilities_more_power,stat_mass,1.5000,mult,data/unit_stats/source_exports/db/special_ability_phase_stat_effects_tables/data__.tsv,1028,9.0.1
wh3_dlc23_unit_contact_blinded,scalar_speed,0.5000,mult,data/unit_stats/source_exports/db/special_ability_phase_stat_effects_tables/data__.tsv,1029,9.0.1
wh3_dlc23_unit_contact_blinded,stat_melee_attack,-24.0000,add,data/unit_stats/source_exports/db/special_ability_phase_stat_effects_tables/data__.tsv,1030,9.0.1
wh3_dlc23_unit_contact_blinded,stat_melee_defence,-24.0000,add,data/unit_stats/source_exports/db/special_ability_phase_stat_effects_tables/data__.tsv,1031,9.0.1
wh3_dlc23_unit_contact_blinded,stat_missile_block_chance,-25.0000,add,data/unit_stats/source_exports/db/special_ability_phase_stat_effects_tables/data__.tsv,1032,9.0.1
wh3_dlc23_unit_contact_gorduz_poison,scalar_missile_damage_ap,0.8500,mult,data/unit_stats/source_exports/db/special_ability_phase_stat_effects_tables/data__.tsv,1033,9.0.1
wh3_dlc23_unit_contact_gorduz_poison,scalar_missile_damage_base,0.8500,mult,data/unit_stats/source_exports/db/special_ability_phase_stat_effects_tables/data__.tsv,1034,9.0.1
wh3_dlc23_unit_contact_gorduz_poison,scalar_speed,0.8500,mult,data/unit_stats/source_exports/db/special_ability_phase_stat_effects_tables/data__.tsv,1035,9.0.1
wh3_dlc23_unit_contact_gorduz_poison,stat_melee_damage_ap,0.8500,mult,data/unit_stats/source_exports/db/special_ability_phase_stat_effects_tables/data__.tsv,1036,9.0.1
wh3_dlc23_unit_contact_gorduz_poison,stat_melee_damage_base,0.8500,mult,data/unit_stats/source_exports/db/special_ability_phase_stat_effects_tables/data__.tsv,1037,9.0.1
wh3_dlc23_unit_passive_backstabbers,scalar_missile_damage_base,1.3000,mult,data/unit_stats/source_exports/db/special_ability_phase_stat_effects_tables/data__.tsv,1038,9.0.1
wh3_dlc23_unit_passive_backstabbers,stat_melee_damage_base,1.3000,mult,data/unit_stats/source_exports/db/special_ability_phase_stat_effects_tables/data__.tsv,1039,9.0.1
wh3_dlc23_unit_passive_blazing_body,stat_damage_reflection,25.0000,add,data/unit_stats/source_exports/db/special_ability_phase_stat_effects_tables/data__.tsv,1040,9.0.1
wh3_dlc23_unit_passive_blazing_body,stat_resistance_physical,10.0000,add,data/unit_stats/source_exports/db/special_ability_phase_stat_effects_tables/data__.tsv,1041,9.0.1
wh3_dlc23_unit_passive_cowardly_despoilers,stat_melee_damage_base,1.2500,mult,data/unit_stats/source_exports/db/special_ability_phase_stat_effects_tables/data__.tsv,1042,9.0.1
wh3_dlc23_unit_passive_dampening_miasma,stat_resistance_magic,-100.0000,add,data/unit_stats/source_exports/db/special_ability_phase_stat_effects_tables/data__.tsv,1043,9.0.1
wh3_dlc23_unit_passive_dig_in_ii,scalar_missile_range,1.4000,mult,data/unit_stats/source_exports/db/special_ability_phase_stat_effects_tables/data__.tsv,1044,9.0.1
wh3_dlc23_unit_passive_dig_in_ii,stat_resistance_missile,15.0000,add,data/unit_stats/source_exports/db/special_ability_phase_stat_effects_tables/data__.tsv,1045,9.0.1
wh3_dlc23_unit_passive_dig_in_long_range_upgraded_ii,scalar_missile_range,1.6000,mult,data/unit_stats/source_exports/db/special_ability_phase_stat_effects_tables/data__.tsv,1046,9.0.1
wh3_dlc23_unit_passive_dig_in_long_range_upgraded_ii,stat_resistance_missile,15.0000,add,data/unit_stats/source_exports/db/special_ability_phase_stat_effects_tables/data__.tsv,1047,9.0.1
wh3_dlc23_unit_passive_dig_in_short_range_upgraded_ii,scalar_missile_range,1.4000,mult,data/unit_stats/source_exports/db/special_ability_phase_stat_effects_tables/data__.tsv,1048,9.0.1
wh3_dlc23_unit_passive_dig_in_short_range_upgraded_ii,stat_resistance_missile,15.0000,add,data/unit_stats/source_exports/db/special_ability_phase_stat_effects_tables/data__.tsv,1049,9.0.1
wh3_dlc23_unit_passive_hellbound,stat_resistance_physical,20.0000,add,data/unit_stats/source_exports/db/special_ability_phase_stat_effects_tables/data__.tsv,1050,9.0.1
wh3_dlc23_unit_passive_hellish_frenzy,stat_charge_bonus,1.1000,mult,data/unit_stats/source_exports/db/special_ability_phase_stat_effects_tables/data__.tsv,1051,9.0.1
wh3_dlc23_unit_passive_hellish_frenzy,stat_melee_attack,10.0000,add,data/unit_stats/source_exports/db/special_ability_phase_stat_effects_tables/data__.tsv,1052,9.0.1
wh3_dlc23_unit_passive_hellish_frenzy,stat_melee_damage_ap,1.1000,mult,data/unit_stats/source_exports/db/special_ability_phase_stat_effects_tables/data__.tsv,1053,9.0.1
wh3_dlc23_unit_passive_hellish_frenzy,stat_melee_damage_base,1.1000,mult,data/unit_stats/source_exports/db/special_ability_phase_stat_effects_tables/data__.tsv,1054,9.0.1
wh3_dlc23_unit_passive_oath_of_contempt,stat_resistance_physical,10.0000,add,data/unit_stats/source_exports/db/special_ability_phase_stat_effects_tables/data__.tsv,1055,9.0.1
wh3_dlc23_unit_passive_pelt_of_wulfag,scalar_speed,0.2500,mult,data/unit_stats/source_exports/db/special_ability_phase_stat_effects_tables/data__.tsv,1056,9.0.1
wh3_dlc23_unit_passive_revel_in_fear,stat_charge_bonus,1.4000,mult,data/unit_stats/source_exports/db/special_ability_phase_stat_effects_tables/data__.tsv,1057,9.0.1
wh3_dlc23_unit_passive_revel_in_fear,stat_melee_attack,40.0000,add,data/unit_stats/source_exports/db/special_ability_phase_stat_effects_tables/data__.tsv,1058,9.0.1
wh3_dlc23_unit_passive_revel_in_fear,stat_morale,16.0000,add,data/unit_stats/source_exports/db/special_ability_phase_stat_effects_tables/data__.tsv,1059,9.0.1
wh3_dlc23_unit_passive_standard_of_zharr,stat_melee_defence,4.0000,add,data/unit_stats/source_exports/db/special_ability_phase_stat_effects_tables/data__.tsv,1060,9.0.1
wh3_dlc23_weapon_abilities_black_hammer_of_hashut,stat_melee_damage_ap,1.5000,mult,data/unit_stats/source_exports/db/special_ability_phase_stat_effects_tables/data__.tsv,1061,9.0.1
wh3_dlc23_weapon_abilities_black_hammer_of_hashut,stat_melee_damage_base,1.5000,mult,data/unit_stats/source_exports/db/special_ability_phase_stat_effects_tables/data__.tsv,1062,9.0.1
wh3_dlc23_weapon_abilities_dagger_of_malice,stat_melee_attack,40.0000,add,data/unit_stats/source_exports/db/special_ability_phase_stat_effects_tables/data__.tsv,1063,9.0.1
wh3_dlc23_weapon_abilities_dagger_of_malice,stat_melee_damage_base,2.0000,mult,data/unit_stats/source_exports/db/special_ability_phase_stat_effects_tables/data__.tsv,1064,9.0.1
wh3_dlc23_weapon_abilities_dark_mace,stat_armour,-30.0000,add,data/unit_stats/source_exports/db/special_ability_phase_stat_effects_tables/data__.tsv,1065,9.0.1
wh3_dlc23_weapon_abilities_silver_dagger,stat_melee_damage_ap,1.2500,mult,data/unit_stats/source_exports/db/special_ability_phase_stat_effects_tables/data__.tsv,1066,9.0.1
wh3_dlc23_weapon_abilities_silver_dagger,stat_melee_damage_base,1.2500,mult,data/unit_stats/source_exports/db/special_ability_phase_stat_effects_tables/data__.tsv,1067,9.0.1
wh3_dlc23_weapon_abilities_the_graven_sceptre,stat_melee_attack,24.0000,add,data/unit_stats/source_exports/db/special_ability_phase_stat_effects_tables/data__.tsv,1068,9.0.1
wh3_dlc23_weapon_abilities_the_graven_sceptre,stat_melee_damage_ap,1.2500,mult,data/unit_stats/source_exports/db/special_ability_phase_stat_effects_tables/data__.tsv,1069,9.0.1
wh3_dlc23_weapon_abilities_the_graven_sceptre,stat_melee_damage_base,1.2500,mult,data/unit_stats/source_exports/db/special_ability_phase_stat_effects_tables/data__.tsv,1070,9.0.1
wh3_dlc23_weapon_passive_the_obsidian_axe,stat_melee_attack,40.0000,add,data/unit_stats/source_exports/db/special_ability_phase_stat_effects_tables/data__.tsv,1071,9.0.1
wh3_dlc23_weapon_passive_the_obsidian_axe,stat_melee_damage_ap,1.5000,mult,data/unit_stats/source_exports/db/special_ability_phase_stat_effects_tables/data__.tsv,1072,9.0.1
wh3_dlc24_character_abilities_bastions_defenders,stat_melee_defence,24.0000,add,data/unit_stats/source_exports/db/special_ability_phase_stat_effects_tables/data__.tsv,1073,9.0.1
wh3_dlc24_character_abilities_change_or_die,stat_morale,16.0000,add,data/unit_stats/source_exports/db/special_ability_phase_stat_effects_tables/data__.tsv,1074,9.0.1
wh3_dlc24_character_abilities_change_or_die,stat_resistance_all,20.0000,add,data/unit_stats/source_exports/db/special_ability_phase_stat_effects_tables/data__.tsv,1075,9.0.1
wh3_dlc24_character_abilities_colossal_strike,stat_bonus_vs_large,16.0000,add,data/unit_stats/source_exports/db/special_ability_phase_stat_effects_tables/data__.tsv,1076,9.0.1
wh3_dlc24_character_abilities_colossal_strike,stat_melee_damage_ap,1.2500,mult,data/unit_stats/source_exports/db/special_ability_phase_stat_effects_tables/data__.tsv,1077,9.0.1
wh3_dlc24_character_abilities_colossal_strike,stat_melee_damage_base,1.2500,mult,data/unit_stats/source_exports/db/special_ability_phase_stat_effects_tables/data__.tsv,1078,9.0.1
wh3_dlc24_character_passive_bulwark_of_the_gate_ii,stat_armour,15.0000,add,data/unit_stats/source_exports/db/special_ability_phase_stat_effects_tables/data__.tsv,1079,9.0.1
wh3_dlc24_character_passive_bulwark_of_the_gate_ii,stat_missile_block_chance,25.0000,add,data/unit_stats/source_exports/db/special_ability_phase_stat_effects_tables/data__.tsv,1080,9.0.1
wh3_dlc24_character_passive_bulwark_of_the_gate_i,stat_armour,15.0000,add,data/unit_stats/source_exports/db/special_ability_phase_stat_effects_tables/data__.tsv,1081,9.0.1
wh3_dlc24_character_passive_master_of_the_stone_legions,stat_morale,4.0000,add,data/unit_stats/source_exports/db/special_ability_phase_stat_effects_tables/data__.tsv,1082,9.0.1
wh3_dlc24_character_passive_master_of_the_stone_legions,stat_resistance_physical,15.0000,add,data/unit_stats/source_exports/db/special_ability_phase_stat_effects_tables/data__.tsv,1083,9.0.1
wh3_dlc24_character_passive_spell_syphon,scalar_spell_mastery,1.6000,mult,data/unit_stats/source_exports/db/special_ability_phase_stat_effects_tables/data__.tsv,1084,9.0.1
wh3_dlc24_effect_contact_phase_windstruck,scalar_charge_speed,0.6000,mult,data/unit_stats/source_exports/db/special_ability_phase_stat_effects_tables/data__.tsv,1085,9.0.1
wh3_dlc24_effect_contact_phase_windstruck,scalar_entity_acceleration_modifier,0.3500,mult,data/unit_stats/source_exports/db/special_ability_phase_stat_effects_tables/data__.tsv,1086,9.0.1
wh3_dlc24_effect_contact_phase_windstruck,scalar_speed,0.6000,mult,data/unit_stats/source_exports/db/special_ability_phase_stat_effects_tables/data__.tsv,1087,9.0.1
wh3_dlc24_hero_abilities_thorns_aura,stat_damage_reflection,14.0000,add,data/unit_stats/source_exports/db/special_ability_phase_stat_effects_tables/data__.tsv,1088,9.0.1
wh3_dlc24_hero_abilities_vorozhejas_foresight,stat_armour,-12.0000,add,data/unit_stats/source_exports/db/special_ability_phase_stat_effects_tables/data__.tsv,1089,9.0.1
wh3_dlc24_hero_abilities_vorozhejas_foresight,stat_missile_block_chance,-12.0000,add,data/unit_stats/source_exports/db/special_ability_phase_stat_effects_tables/data__.tsv,1090,9.0.1
wh3_dlc24_hero_abilities_vorozhejas_foresight,stat_resistance_missile,-10.0000,add,data/unit_stats/source_exports/db/special_ability_phase_stat_effects_tables/data__.tsv,1091,9.0.1
wh3_dlc24_hero_abilities_znarkharjas_ward,stat_resistance_all,10.0000,add,data/unit_stats/source_exports/db/special_ability_phase_stat_effects_tables/data__.tsv,1092,9.0.1
wh3_dlc24_hero_passive_assume_command,stat_morale,8.0000,add,data/unit_stats/source_exports/db/special_ability_phase_stat_effects_tables/data__.tsv,1093,9.0.1
wh3_dlc24_hero_passive_meeting_of_the_minds,stat_melee_attack,10.0000,add,data/unit_stats/source_exports/db/special_ability_phase_stat_effects_tables/data__.tsv,1094,9.0.1
wh3_dlc24_hero_passive_meeting_of_the_minds,stat_melee_defence,10.0000,add,data/unit_stats/source_exports/db/special_ability_phase_stat_effects_tables/data__.tsv,1095,9.0.1
wh3_dlc24_item_abilities_blessed_helm_of_the_oblast,stat_armour,60.0000,add,data/unit_stats/source_exports/db/special_ability_phase_stat_effects_tables/data__.tsv,1096,9.0.1
wh3_dlc24_item_abilities_blessed_helm_of_the_oblast,stat_resistance_missile,20.0000,add,data/unit_stats/source_exports/db/special_ability_phase_stat_effects_tables/data__.tsv,1097,9.0.1
wh3_dlc24_item_abilities_book_of_secrets_fire,scalar_speed,0.7500,mult,data/unit_stats/source_exports/db/special_ability_phase_stat_effects_tables/data__.tsv,1098,9.0.1
wh3_dlc24_item_abilities_book_of_secrets_fire,stat_weakness_flame,-20.0000,add,data/unit_stats/source_exports/db/special_ability_phase_stat_effects_tables/data__.tsv,1099,9.0.1
wh3_dlc24_item_abilities_book_of_secrets_shadows,stat_melee_attack,-24.0000,add,data/unit_stats/source_exports/db/special_ability_phase_stat_effects_tables/data__.tsv,1100,9.0.1
wh3_dlc24_item_abilities_book_of_secrets_shadows,stat_melee_defence,-24.0000,add,data/unit_stats/source_exports/db/special_ability_phase_stat_effects_tables/data__.tsv,1101,9.0.1
wh3_dlc24_item_abilities_mirror_of_knowledge,scalar_speed,0.7500,mult,data/unit_stats/source_exports/db/special_ability_phase_stat_effects_tables/data__.tsv,1102,9.0.1
wh3_dlc24_item_abilities_the_golden_eye_of_tzeentch,stat_resistance_missile,40.0000,add,data/unit_stats/source_exports/db/special_ability_phase_stat_effects_tables/data__.tsv,1103,9.0.1
wh3_dlc24_lord_abilities_armour_of_the_dragons_gaze_1,stat_resistance_all,10.0000,add,data/unit_stats/source_exports/db/special_ability_phase_stat_effects_tables/data__.tsv,1104,9.0.1
wh3_dlc24_lord_abilities_armour_of_the_dragons_gaze_2,stat_morale,4.0000,add,data/unit_stats/source_exports/db/special_ability_phase_stat_effects_tables/data__.tsv,1105,9.0.1
wh3_dlc24_lord_abilities_cowled_and_cloaked,scalar_speed,1.2500,mult,data/unit_stats/source_exports/db/special_ability_phase_stat_effects_tables/data__.tsv,1106,9.0.1
wh3_dlc24_lord_abilities_cowled_and_cloaked,stat_resistance_all,10.0000,add,data/unit_stats/source_exports/db/special_ability_phase_stat_effects_tables/data__.tsv,1107,9.0.1
wh3_dlc24_lord_abilities_crown_of_claws,stat_resistance_missile,20.0000,add,data/unit_stats/source_exports/db/special_ability_phase_stat_effects_tables/data__.tsv,1108,9.0.1
wh3_dlc24_lord_abilities_deceiving_shadows,scalar_spell_mastery,1.2500,mult,data/unit_stats/source_exports/db/special_ability_phase_stat_effects_tables/data__.tsv,1109,9.0.1
wh3_dlc24_lord_abilities_dragons_fang,stat_melee_attack,40.0000,add,data/unit_stats/source_exports/db/special_ability_phase_stat_effects_tables/data__.tsv,1110,9.0.1
wh3_dlc24_lord_abilities_dragons_fang,stat_melee_damage_ap,1.5000,mult,data/unit_stats/source_exports/db/special_ability_phase_stat_effects_tables/data__.tsv,1111,9.0.1
wh3_dlc24_lord_abilities_dragons_fang,stat_melee_damage_base,1.5000,mult,data/unit_stats/source_exports/db/special_ability_phase_stat_effects_tables/data__.tsv,1112,9.0.1
wh3_dlc24_lord_abilities_gulyas,stat_morale,4.0000,add,data/unit_stats/source_exports/db/special_ability_phase_stat_effects_tables/data__.tsv,1113,9.0.1
wh3_dlc24_lord_abilities_lord_of_grand_cathay,stat_melee_defence,40.0000,add,data/unit_stats/source_exports/db/special_ability_phase_stat_effects_tables/data__.tsv,1114,9.0.1
wh3_dlc24_lord_abilities_lord_of_grand_cathay,stat_resistance_physical,20.0000,add,data/unit_stats/source_exports/db/special_ability_phase_stat_effects_tables/data__.tsv,1115,9.0.1
wh3_dlc24_lord_passive_cursed_frontier,scalar_missile_damage_ap,1.1000,mult,data/unit_stats/source_exports/db/special_ability_phase_stat_effects_tables/data__.tsv,1116,9.0.1
wh3_dlc24_lord_passive_cursed_frontier,scalar_missile_damage_base,1.1000,mult,data/unit_stats/source_exports/db/special_ability_phase_stat_effects_tables/data__.tsv,1117,9.0.1
wh3_dlc24_lord_passive_cursed_frontier,stat_reloading,10.0000,add,data/unit_stats/source_exports/db/special_ability_phase_stat_effects_tables/data__.tsv,1118,9.0.1
wh3_dlc24_lord_passive_kislev_unite,stat_melee_attack,8.0000,add,data/unit_stats/source_exports/db/special_ability_phase_stat_effects_tables/data__.tsv,1119,9.0.1
wh3_dlc24_lord_passive_kislev_unite,stat_morale,8.0000,add,data/unit_stats/source_exports/db/special_ability_phase_stat_effects_tables/data__.tsv,1120,9.0.1
wh3_dlc24_lord_passive_the_burning_vambraces_2,stat_resistance_all,40.0000,add,data/unit_stats/source_exports/db/special_ability_phase_stat_effects_tables/data__.tsv,1121,9.0.1
wh3_dlc24_lord_passive_tzarinas_guardian,stat_resistance_physical,20.0000,add,data/unit_stats/source_exports/db/special_ability_phase_stat_effects_tables/data__.tsv,1122,9.0.1
wh3_dlc24_lord_passive_vambraces_of_yin,stat_melee_attack,-8.0000,add,data/unit_stats/source_exports/db/special_ability_phase_stat_effects_tables/data__.tsv,1123,9.0.1
wh3_dlc24_lord_passive_vambraces_of_yin,stat_melee_damage_ap,0.9500,mult,data/unit_stats/source_exports/db/special_ability_phase_stat_effects_tables/data__.tsv,1124,9.0.1
wh3_dlc24_lord_passive_vambraces_of_yin,stat_melee_damage_base,0.9500,mult,data/unit_stats/source_exports/db/special_ability_phase_stat_effects_tables/data__.tsv,1125,9.0.1
wh3_dlc24_lore_passive_fate_of_interlopers_ally,stat_resistance_magic,20.0000,add,data/unit_stats/source_exports/db/special_ability_phase_stat_effects_tables/data__.tsv,1126,9.0.1
wh3_dlc24_lore_passive_fate_of_interlopers_enemy,stat_morale,-4.0000,add,data/unit_stats/source_exports/db/special_ability_phase_stat_effects_tables/data__.tsv,1127,9.0.1
wh3_dlc24_mount_passive_wounded_pride,stat_melee_attack,5.0000,add,data/unit_stats/source_exports/db/special_ability_phase_stat_effects_tables/data__.tsv,1128,9.0.1
wh3_dlc24_mount_passive_wounded_pride,stat_melee_damage_ap,1.1000,mult,data/unit_stats/source_exports/db/special_ability_phase_stat_effects_tables/data__.tsv,1129,9.0.1
wh3_dlc24_mount_passive_wounded_pride,stat_melee_damage_base,1.1000,mult,data/unit_stats/source_exports/db/special_ability_phase_stat_effects_tables/data__.tsv,1130,9.0.1
wh3_dlc24_passive_abilities_harrowing_coil_slow,scalar_speed,0.4000,mult,data/unit_stats/source_exports/db/special_ability_phase_stat_effects_tables/data__.tsv,1131,9.0.1
wh3_dlc24_passive_abilities_harrowing_coil_slow,stat_morale,-16.0000,add,data/unit_stats/source_exports/db/special_ability_phase_stat_effects_tables/data__.tsv,1132,9.0.1
wh3_dlc24_passive_shield_of_thorns,stat_damage_reflection,14.0000,add,data/unit_stats/source_exports/db/special_ability_phase_stat_effects_tables/data__.tsv,1133,9.0.1
wh3_dlc24_spell_hags_curse_of_the_ancient_witch_upgraded,scalar_missile_damage_ap,1.2500,mult,data/unit_stats/source_exports/db/special_ability_phase_stat_effects_tables/data__.tsv,1134,9.0.1
wh3_dlc24_spell_hags_curse_of_the_ancient_witch_upgraded,scalar_missile_damage_base,1.2500,mult,data/unit_stats/source_exports/db/special_ability_phase_stat_effects_tables/data__.tsv,1135,9.0.1
wh3_dlc24_spell_hags_curse_of_the_ancient_witch_upgraded,stat_reloading,20.0000,add,data/unit_stats/source_exports/db/special_ability_phase_stat_effects_tables/data__.tsv,1136,9.0.1
wh3_dlc24_spell_hags_curse_of_the_ancient_witch,stat_armour,-60.0000,add,data/unit_stats/source_exports/db/special_ability_phase_stat_effects_tables/data__.tsv,1137,9.0.1
wh3_dlc24_spell_hags_curse_of_the_ancient_witch,stat_missile_block_chance,-50.0000,add,data/unit_stats/source_exports/db/special_ability_phase_stat_effects_tables/data__.tsv,1138,9.0.1
wh3_dlc24_spell_hags_malediction_of_madness_upgraded,stat_melee_attack,24.0000,add,data/unit_stats/source_exports/db/special_ability_phase_stat_effects_tables/data__.tsv,1139,9.0.1
wh3_dlc24_spell_hags_malediction_of_madness_upgraded,stat_melee_damage_ap,1.5000,mult,data/unit_stats/source_exports/db/special_ability_phase_stat_effects_tables/data__.tsv,1140,9.0.1
wh3_dlc24_spell_hags_malediction_of_madness_upgraded,stat_melee_damage_base,1.5000,mult,data/unit_stats/source_exports/db/special_ability_phase_stat_effects_tables/data__.tsv,1141,9.0.1
wh3_dlc24_spell_hags_malediction_of_madness,stat_melee_attack,-24.0000,add,data/unit_stats/source_exports/db/special_ability_phase_stat_effects_tables/data__.tsv,1142,9.0.1
wh3_dlc24_spell_hags_malediction_of_madness,stat_melee_damage_ap,0.5000,mult,data/unit_stats/source_exports/db/special_ability_phase_stat_effects_tables/data__.tsv,1143,9.0.1
wh3_dlc24_spell_hags_malediction_of_madness,stat_melee_damage_base,0.5000,mult,data/unit_stats/source_exports/db/special_ability_phase_stat_effects_tables/data__.tsv,1144,9.0.1
wh3_dlc24_spell_hags_the_forbidden_fens_upgraded,scalar_charge_speed,1.2500,mult,data/unit_stats/source_exports/db/special_ability_phase_stat_effects_tables/data__.tsv,1145,9.0.1
wh3_dlc24_spell_hags_the_forbidden_fens_upgraded,scalar_speed,1.2500,mult,data/unit_stats/source_exports/db/special_ability_phase_stat_effects_tables/data__.tsv,1146,9.0.1
wh3_dlc24_spell_hags_the_forbidden_fens,scalar_charge_speed,0.7500,mult,data/unit_stats/source_exports/db/special_ability_phase_stat_effects_tables/data__.tsv,1147,9.0.1
wh3_dlc24_spell_hags_the_forbidden_fens,scalar_speed,0.7500,mult,data/unit_stats/source_exports/db/special_ability_phase_stat_effects_tables/data__.tsv,1148,9.0.1
wh3_dlc24_spell_hags_vengeance_of_spirits_upgraded,scalar_spell_mastery,1.6000,mult,data/unit_stats/source_exports/db/special_ability_phase_stat_effects_tables/data__.tsv,1149,9.0.1
wh3_dlc24_unit_abilities_arcane_charge,stat_melee_damage_ap,1.2000,mult,data/unit_stats/source_exports/db/special_ability_phase_stat_effects_tables/data__.tsv,1150,9.0.1
wh3_dlc24_unit_abilities_arcane_charge,stat_melee_damage_base,1.2000,mult,data/unit_stats/source_exports/db/special_ability_phase_stat_effects_tables/data__.tsv,1151,9.0.1
wh3_dlc24_unit_abilities_bastion_of_the_great_cities,stat_armour,24.0000,add,data/unit_stats/source_exports/db/special_ability_phase_stat_effects_tables/data__.tsv,1152,9.0.1
wh3_dlc24_unit_abilities_disdain_of_the_dragon_emperor,stat_melee_attack,8.0000,add,data/unit_stats/source_exports/db/special_ability_phase_stat_effects_tables/data__.tsv,1153,9.0.1
wh3_dlc24_unit_abilities_disdain_of_the_dragon_emperor,stat_reloading,10.0000,add,data/unit_stats/source_exports/db/special_ability_phase_stat_effects_tables/data__.tsv,1154,9.0.1
wh3_dlc24_unit_abilities_fearsome_roar,stat_morale,-8.0000,add,data/unit_stats/source_exports/db/special_ability_phase_stat_effects_tables/data__.tsv,1155,9.0.1
wh3_dlc24_unit_abilities_fury_of_the_falling_blade,stat_melee_damage_ap,1.1500,mult,data/unit_stats/source_exports/db/special_ability_phase_stat_effects_tables/data__.tsv,1156,9.0.1
wh3_dlc24_unit_abilities_fury_of_the_falling_blade,stat_melee_damage_base,1.1500,mult,data/unit_stats/source_exports/db/special_ability_phase_stat_effects_tables/data__.tsv,1157,9.0.1
wh3_dlc24_unit_abilities_guardian_shield,stat_resistance_magic,20.0000,add,data/unit_stats/source_exports/db/special_ability_phase_stat_effects_tables/data__.tsv,1158,9.0.1
wh3_dlc24_unit_abilities_hags_denial,stat_resistance_all,40.0000,add,data/unit_stats/source_exports/db/special_ability_phase_stat_effects_tables/data__.tsv,1159,9.0.1
wh3_dlc24_unit_abilities_howl_of_the_great_beast,scalar_speed,0.7500,mult,data/unit_stats/source_exports/db/special_ability_phase_stat_effects_tables/data__.tsv,1160,9.0.1
wh3_dlc24_unit_abilities_howl_of_the_great_beast,stat_morale,-8.0000,add,data/unit_stats/source_exports/db/special_ability_phase_stat_effects_tables/data__.tsv,1161,9.0.1
wh3_dlc24_unit_abilities_icon_of_the_great_cities,stat_morale,8.0000,add,data/unit_stats/source_exports/db/special_ability_phase_stat_effects_tables/data__.tsv,1162,9.0.1
wh3_dlc24_unit_abilities_mark_of_yin,stat_armour,-30.0000,add,data/unit_stats/source_exports/db/special_ability_phase_stat_effects_tables/data__.tsv,1163,9.0.1
wh3_dlc24_unit_abilities_mark_of_yin,stat_missile_block_chance,-25.0000,add,data/unit_stats/source_exports/db/special_ability_phase_stat_effects_tables/data__.tsv,1164,9.0.1
wh3_dlc24_unit_abilities_mark_of_yin,stat_resistance_missile,-20.0000,add,data/unit_stats/source_exports/db/special_ability_phase_stat_effects_tables/data__.tsv,1165,9.0.1
wh3_dlc24_unit_abilities_petrifying_gaze_1,scalar_speed,0.7500,mult,data/unit_stats/source_exports/db/special_ability_phase_stat_effects_tables/data__.tsv,1166,9.0.1
wh3_dlc24_unit_abilities_petrifying_gaze_2,scalar_speed,0.5000,mult,data/unit_stats/source_exports/db/special_ability_phase_stat_effects_tables/data__.tsv,1167,9.0.1
wh3_dlc24_unit_abilities_petrifying_gaze_3,scalar_speed,0.2500,mult,data/unit_stats/source_exports/db/special_ability_phase_stat_effects_tables/data__.tsv,1168,9.0.1
wh3_dlc24_unit_contact_dark_blood,scalar_speed,0.9000,mult,data/unit_stats/source_exports/db/special_ability_phase_stat_effects_tables/data__.tsv,1169,9.0.1
wh3_dlc24_unit_contact_dark_blood,stat_healing_power,0.0000,mult,data/unit_stats/source_exports/db/special_ability_phase_stat_effects_tables/data__.tsv,1170,9.0.1
wh3_dlc24_unit_passive_bears_bulwark,stat_charge_bonus,20.0000,add,data/unit_stats/source_exports/db/special_ability_phase_stat_effects_tables/data__.tsv,1171,9.0.1
wh3_dlc24_unit_passive_bears_bulwark,stat_mass,2.0000,mult,data/unit_stats/source_exports/db/special_ability_phase_stat_effects_tables/data__.tsv,1172,9.0.1
wh3_dlc24_unit_passive_craven_scent,stat_morale,-24.0000,add,data/unit_stats/source_exports/db/special_ability_phase_stat_effects_tables/data__.tsv,1173,9.0.1
wh3_dlc24_unit_passive_deadeyes_sting,scalar_missile_damage_ap,1.2000,mult,data/unit_stats/source_exports/db/special_ability_phase_stat_effects_tables/data__.tsv,1174,9.0.1
wh3_dlc24_unit_passive_deadeyes_sting,scalar_missile_damage_base,1.2000,mult,data/unit_stats/source_exports/db/special_ability_phase_stat_effects_tables/data__.tsv,1175,9.0.1
wh3_dlc24_unit_passive_ember_dread,stat_melee_damage_ap,1.2000,mult,data/unit_stats/source_exports/db/special_ability_phase_stat_effects_tables/data__.tsv,1176,9.0.1
wh3_dlc24_unit_passive_ember_dread,stat_melee_damage_base,1.2000,mult,data/unit_stats/source_exports/db/special_ability_phase_stat_effects_tables/data__.tsv,1177,9.0.1
wh3_dlc24_unit_passive_ember_dread,stat_resistance_flame,20.0000,add,data/unit_stats/source_exports/db/special_ability_phase_stat_effects_tables/data__.tsv,1178,9.0.1
wh3_dlc24_unit_passive_entropous,scalar_miscast_chance,2.0000,mult,data/unit_stats/source_exports/db/special_ability_phase_stat_effects_tables/data__.tsv,1179,9.0.1
wh3_dlc24_unit_passive_entropous,scalar_spell_mastery,0.7000,mult,data/unit_stats/source_exports/db/special_ability_phase_stat_effects_tables/data__.tsv,1180,9.0.1
wh3_dlc24_unit_passive_eyes_of_the_empress,scalar_visibility_sight_modifier,1.8000,mult,data/unit_stats/source_exports/db/special_ability_phase_stat_effects_tables/data__.tsv,1181,9.0.1
wh3_dlc24_unit_passive_eyes_of_the_empress,stat_visibility_sight,1.8000,mult,data/unit_stats/source_exports/db/special_ability_phase_stat_effects_tables/data__.tsv,1182,9.0.1
wh3_dlc24_unit_passive_frostwyverns_toil,stat_missile_block_chance,50.0000,add,data/unit_stats/source_exports/db/special_ability_phase_stat_effects_tables/data__.tsv,1183,9.0.1
wh3_dlc24_unit_passive_gait_of_thorns,scalar_entity_acceleration_modifier,0.6600,mult,data/unit_stats/source_exports/db/special_ability_phase_stat_effects_tables/data__.tsv,1184,9.0.1
wh3_dlc24_unit_passive_gait_of_thorns,scalar_speed,0.6600,mult,data/unit_stats/source_exports/db/special_ability_phase_stat_effects_tables/data__.tsv,1185,9.0.1
wh3_dlc24_unit_passive_gift_of_mutation,stat_melee_attack,8.0000,add,data/unit_stats/source_exports/db/special_ability_phase_stat_effects_tables/data__.tsv,1186,9.0.1
wh3_dlc24_unit_passive_hushed_cast,stat_resistance_missile,-10.0000,add,data/unit_stats/source_exports/db/special_ability_phase_stat_effects_tables/data__.tsv,1187,9.0.1
wh3_dlc24_unit_passive_incarnates_wrath,stat_melee_attack,12.0000,add,data/unit_stats/source_exports/db/special_ability_phase_stat_effects_tables/data__.tsv,1188,9.0.1
wh3_dlc24_unit_passive_incarnates_wrath,stat_morale,8.0000,add,data/unit_stats/source_exports/db/special_ability_phase_stat_effects_tables/data__.tsv,1189,9.0.1
wh3_dlc24_unit_passive_incarnates_wrath,stat_resistance_physical,16.0000,add,data/unit_stats/source_exports/db/special_ability_phase_stat_effects_tables/data__.tsv,1190,9.0.1
wh3_dlc24_unit_passive_inversus,stat_melee_attack,-10.0000,add,data/unit_stats/source_exports/db/special_ability_phase_stat_effects_tables/data__.tsv,1191,9.0.1
wh3_dlc24_unit_passive_inversus,stat_melee_damage_ap,0.9000,mult,data/unit_stats/source_exports/db/special_ability_phase_stat_effects_tables/data__.tsv,1192,9.0.1
wh3_dlc24_unit_passive_inversus,stat_melee_damage_base,0.9000,mult,data/unit_stats/source_exports/db/special_ability_phase_stat_effects_tables/data__.tsv,1193,9.0.1
wh3_dlc24_unit_passive_inversus,stat_melee_defence,-10.0000,add,data/unit_stats/source_exports/db/special_ability_phase_stat_effects_tables/data__.tsv,1194,9.0.1
wh3_dlc24_unit_passive_predatory_fighter,scalar_speed,1.2500,mult,data/unit_stats/source_exports/db/special_ability_phase_stat_effects_tables/data__.tsv,1195,9.0.1
wh3_dlc24_unit_passive_predatory_fighter,stat_melee_attack,5.0000,add,data/unit_stats/source_exports/db/special_ability_phase_stat_effects_tables/data__.tsv,1196,9.0.1
wh3_dlc24_unit_passive_rats_grit,stat_bonus_vs_large,15.0000,add,data/unit_stats/source_exports/db/special_ability_phase_stat_effects_tables/data__.tsv,1197,9.0.1
wh3_dlc24_unit_passive_rats_grit,stat_melee_defence,15.0000,add,data/unit_stats/source_exports/db/special_ability_phase_stat_effects_tables/data__.tsv,1198,9.0.1
wh3_dlc24_unit_passive_spawn_kin_kroxigors_upgraded,stat_melee_attack,5.0000,add,data/unit_stats/source_exports/db/special_ability_phase_stat_effects_tables/data__.tsv,1199,9.0.1
wh3_dlc24_unit_passive_spawn_kin_kroxigors_upgraded,stat_melee_damage_ap,1.1000,mult,data/unit_stats/source_exports/db/special_ability_phase_stat_effects_tables/data__.tsv,1200,9.0.1
wh3_dlc24_unit_passive_spawn_kin_kroxigors_upgraded,stat_melee_damage_base,1.1000,mult,data/unit_stats/source_exports/db/special_ability_phase_stat_effects_tables/data__.tsv,1201,9.0.1
wh3_dlc24_unit_passive_spawn_kin_kroxigors,stat_melee_damage_ap,1.1000,mult,data/unit_stats/source_exports/db/special_ability_phase_stat_effects_tables/data__.tsv,1202,9.0.1
wh3_dlc24_unit_passive_spawn_kin_kroxigors,stat_melee_damage_base,1.1000,mult,data/unit_stats/source_exports/db/special_ability_phase_stat_effects_tables/data__.tsv,1203,9.0.1
wh3_dlc24_unit_passive_spawn_kin_skinks_upgraded,stat_melee_defence,5.0000,add,data/unit_stats/source_exports/db/special_ability_phase_stat_effects_tables/data__.tsv,1204,9.0.1
wh3_dlc24_unit_passive_typhlosis,stat_accuracy,-30.0000,add,data/unit_stats/source_exports/db/special_ability_phase_stat_effects_tables/data__.tsv,1205,9.0.1
wh3_dlc24_unit_passive_typhlosis,stat_melee_attack,-24.0000,add,data/unit_stats/source_exports/db/special_ability_phase_stat_effects_tables/data__.tsv,1206,9.0.1
wh3_dlc24_unit_passive_typhlosis,stat_melee_defence,-24.0000,add,data/unit_stats/source_exports/db/special_ability_phase_stat_effects_tables/data__.tsv,1207,9.0.1
wh3_dlc24_unit_passive_unburdened_step,scalar_speed,1.2000,mult,data/unit_stats/source_exports/db/special_ability_phase_stat_effects_tables/data__.tsv,1208,9.0.1
wh3_dlc24_unit_passive_whiff_of_madness,stat_melee_defence,-12.0000,add,data/unit_stats/source_exports/db/special_ability_phase_stat_effects_tables/data__.tsv,1209,9.0.1
wh3_dlc24_unit_passive_wraith_sight,scalar_visibility_sight_modifier,1.8000,mult,data/unit_stats/source_exports/db/special_ability_phase_stat_effects_tables/data__.tsv,1210,9.0.1
wh3_dlc24_unit_passive_wraith_sight,stat_resistance_all,10.0000,add,data/unit_stats/source_exports/db/special_ability_phase_stat_effects_tables/data__.tsv,1211,9.0.1
wh3_dlc24_unit_passive_wraith_sight,stat_visibility_sight,1.8000,mult,data/unit_stats/source_exports/db/special_ability_phase_stat_effects_tables/data__.tsv,1212,9.0.1
wh3_dlc24_weapon_abilities_ursuns_claw,stat_melee_damage_ap,1.5000,mult,data/unit_stats/source_exports/db/special_ability_phase_stat_effects_tables/data__.tsv,1213,9.0.1
wh3_dlc24_weapon_abilities_ursuns_claw,stat_melee_damage_base,1.5000,mult,data/unit_stats/source_exports/db/special_ability_phase_stat_effects_tables/data__.tsv,1214,9.0.1
wh3_dlc25_character_abilities_passive_witness_me,stat_resistance_all,20.0000,add,data/unit_stats/source_exports/db/special_ability_phase_stat_effects_tables/data__.tsv,1215,9.0.1
wh3_dlc25_character_ability_sands_of_sickness_ally,stat_damage_reflection,20.0000,add,data/unit_stats/source_exports/db/special_ability_phase_stat_effects_tables/data__.tsv,1216,9.0.1
wh3_dlc25_character_ability_sands_of_sickness_enemy,scalar_speed,0.7500,mult,data/unit_stats/source_exports/db/special_ability_phase_stat_effects_tables/data__.tsv,1217,9.0.1
wh3_dlc25_character_ability_sands_of_sickness_enemy,stat_melee_defence,-24.0000,add,data/unit_stats/source_exports/db/special_ability_phase_stat_effects_tables/data__.tsv,1218,9.0.1
wh3_dlc25_character_passive_artillery_master,stat_accuracy,30.0000,add,data/unit_stats/source_exports/db/special_ability_phase_stat_effects_tables/data__.tsv,1219,9.0.1
wh3_dlc25_character_passive_artillery_master,stat_reloading,10.0000,add,data/unit_stats/source_exports/db/special_ability_phase_stat_effects_tables/data__.tsv,1220,9.0.1
wh3_dlc25_character_passive_befouled_charge_ally,scalar_entity_acceleration_modifier,1.2000,mult,data/unit_stats/source_exports/db/special_ability_phase_stat_effects_tables/data__.tsv,1221,9.0.1
wh3_dlc25_character_passive_befouled_charge_ally,scalar_speed,1.1000,mult,data/unit_stats/source_exports/db/special_ability_phase_stat_effects_tables/data__.tsv,1222,9.0.1
wh3_dlc25_character_passive_befouled_charge_ally,stat_charge_bonus,1.1000,mult,data/unit_stats/source_exports/db/special_ability_phase_stat_effects_tables/data__.tsv,1223,9.0.1
wh3_dlc25_character_passive_corrupted_flesh,stat_resistance_all,20.0000,add,data/unit_stats/source_exports/db/special_ability_phase_stat_effects_tables/data__.tsv,1224,9.0.1
wh3_dlc25_character_passive_master_of_ballistics,stat_accuracy,15.0000,add,data/unit_stats/source_exports/db/special_ability_phase_stat_effects_tables/data__.tsv,1225,9.0.1
wh3_dlc25_character_passive_master_of_ballistics,stat_reloading,10.0000,add,data/unit_stats/source_exports/db/special_ability_phase_stat_effects_tables/data__.tsv,1226,9.0.1
wh3_dlc25_character_passive_monster_master,stat_melee_attack,8.0000,add,data/unit_stats/source_exports/db/special_ability_phase_stat_effects_tables/data__.tsv,1227,9.0.1
wh3_dlc25_character_passive_monster_master,stat_melee_damage_ap,1.1000,mult,data/unit_stats/source_exports/db/special_ability_phase_stat_effects_tables/data__.tsv,1228,9.0.1
wh3_dlc25_character_passive_monster_master,stat_melee_damage_base,1.1000,mult,data/unit_stats/source_exports/db/special_ability_phase_stat_effects_tables/data__.tsv,1229,9.0.1
wh3_dlc25_character_passive_slayer_of_legend,stat_melee_attack,10.0000,add,data/unit_stats/source_exports/db/special_ability_phase_stat_effects_tables/data__.tsv,1230,9.0.1
wh3_dlc25_character_passive_slayer_of_legend,stat_melee_damage_ap,1.2000,mult,data/unit_stats/source_exports/db/special_ability_phase_stat_effects_tables/data__.tsv,1231,9.0.1
wh3_dlc25_character_passive_slayer_of_legend,stat_melee_damage_base,1.2000,mult,data/unit_stats/source_exports/db/special_ability_phase_stat_effects_tables/data__.tsv,1232,9.0.1
wh3_dlc25_character_passive_tally_of_pestilence,stat_melee_attack,20.0000,add,data/unit_stats/source_exports/db/special_ability_phase_stat_effects_tables/data__.tsv,1233,9.0.1
wh3_dlc25_character_passive_tally_of_pestilence,stat_resistance_physical,20.0000,add,data/unit_stats/source_exports/db/special_ability_phase_stat_effects_tables/data__.tsv,1234,9.0.1
wh3_dlc25_character_passive_tempered_aura,stat_armour,15.0000,add,data/unit_stats/source_exports/db/special_ability_phase_stat_effects_tables/data__.tsv,1235,9.0.1
wh3_dlc25_character_passive_the_war_mourner,stat_melee_damage_ap,1.1000,mult,data/unit_stats/source_exports/db/special_ability_phase_stat_effects_tables/data__.tsv,1236,9.0.1
wh3_dlc25_character_passive_the_war_mourner,stat_melee_damage_base,1.1000,mult,data/unit_stats/source_exports/db/special_ability_phase_stat_effects_tables/data__.tsv,1237,9.0.1
wh3_dlc25_character_passive_worthy_foe,stat_melee_attack,12.0000,add,data/unit_stats/source_exports/db/special_ability_phase_stat_effects_tables/data__.tsv,1238,9.0.1
wh3_dlc25_character_passive_worthy_foe,stat_melee_damage_ap,1.2000,mult,data/unit_stats/source_exports/db/special_ability_phase_stat_effects_tables/data__.tsv,1239,9.0.1
wh3_dlc25_character_passive_worthy_foe,stat_melee_damage_base,1.2000,mult,data/unit_stats/source_exports/db/special_ability_phase_stat_effects_tables/data__.tsv,1240,9.0.1
wh3_dlc25_effect_abilities_nemesis_crown_stage_3,stat_morale,-6.0000,add,data/unit_stats/source_exports/db/special_ability_phase_stat_effects_tables/data__.tsv,1241,9.0.1
wh3_dlc25_effect_enemy_healing_power_reduction,stat_healing_power,0.8500,mult,data/unit_stats/source_exports/db/special_ability_phase_stat_effects_tables/data__.tsv,1242,9.0.1
wh3_dlc25_faction_abilities_murderous_mastery_upgraded_2,scalar_missile_damage_ap,1.5000,mult,data/unit_stats/source_exports/db/special_ability_phase_stat_effects_tables/data__.tsv,1243,9.0.1
wh3_dlc25_faction_abilities_murderous_mastery_upgraded_2,stat_charge_bonus,1.7500,mult,data/unit_stats/source_exports/db/special_ability_phase_stat_effects_tables/data__.tsv,1244,9.0.1
wh3_dlc25_faction_abilities_murderous_mastery_upgraded_2,stat_melee_attack,1.7500,mult,data/unit_stats/source_exports/db/special_ability_phase_stat_effects_tables/data__.tsv,1245,9.0.1
wh3_dlc25_faction_abilities_murderous_mastery_upgraded,scalar_missile_damage_ap,1.3500,mult,data/unit_stats/source_exports/db/special_ability_phase_stat_effects_tables/data__.tsv,1246,9.0.1
wh3_dlc25_faction_abilities_murderous_mastery_upgraded,stat_charge_bonus,1.5000,mult,data/unit_stats/source_exports/db/special_ability_phase_stat_effects_tables/data__.tsv,1247,9.0.1
wh3_dlc25_faction_abilities_murderous_mastery_upgraded,stat_melee_attack,1.5000,mult,data/unit_stats/source_exports/db/special_ability_phase_stat_effects_tables/data__.tsv,1248,9.0.1
wh3_dlc25_faction_abilities_murderous_mastery_upgraded,stat_morale,15.0000,add,data/unit_stats/source_exports/db/special_ability_phase_stat_effects_tables/data__.tsv,1249,9.0.1
wh3_dlc25_hero_abilities_titan_headsman,scalar_speed,0.5500,mult,data/unit_stats/source_exports/db/special_ability_phase_stat_effects_tables/data__.tsv,1250,9.0.1
wh3_dlc25_hero_abilities_titan_headsman,stat_melee_defence,-24.0000,add,data/unit_stats/source_exports/db/special_ability_phase_stat_effects_tables/data__.tsv,1251,9.0.1
wh3_dlc25_hero_passive_fearsome_combatant,stat_morale,-4.0000,add,data/unit_stats/source_exports/db/special_ability_phase_stat_effects_tables/data__.tsv,1252,9.0.1
wh3_dlc25_item_abilities_necrotic_phylactry,stat_resistance_magic,15.0000,add,data/unit_stats/source_exports/db/special_ability_phase_stat_effects_tables/data__.tsv,1253,9.0.1
wh3_dlc25_item_abilities_ominous_powder_iii,scalar_missile_damage_ap,1.8000,mult,data/unit_stats/source_exports/db/special_ability_phase_stat_effects_tables/data__.tsv,1254,9.0.1
wh3_dlc25_item_abilities_ominous_powder_iii,scalar_missile_damage_base,1.8000,mult,data/unit_stats/source_exports/db/special_ability_phase_stat_effects_tables/data__.tsv,1255,9.0.1
wh3_dlc25_item_abilities_ominous_powder_iii,stat_reloading,80.0000,add,data/unit_stats/source_exports/db/special_ability_phase_stat_effects_tables/data__.tsv,1256,9.0.1
wh3_dlc25_item_abilities_ominous_powder_ii,scalar_missile_damage_ap,1.4000,mult,data/unit_stats/source_exports/db/special_ability_phase_stat_effects_tables/data__.tsv,1257,9.0.1
wh3_dlc25_item_abilities_ominous_powder_ii,scalar_missile_damage_base,1.4000,mult,data/unit_stats/source_exports/db/special_ability_phase_stat_effects_tables/data__.tsv,1258,9.0.1
wh3_dlc25_item_abilities_ominous_powder_ii,stat_reloading,40.0000,add,data/unit_stats/source_exports/db/special_ability_phase_stat_effects_tables/data__.tsv,1259,9.0.1
wh3_dlc25_item_abilities_stormlance,stat_charge_bonus,1.4000,mult,data/unit_stats/source_exports/db/special_ability_phase_stat_effects_tables/data__.tsv,1260,9.0.1
wh3_dlc25_item_abilities_stormlance,stat_melee_damage_ap,1.7500,mult,data/unit_stats/source_exports/db/special_ability_phase_stat_effects_tables/data__.tsv,1261,9.0.1
wh3_dlc25_item_abilities_stormlance,stat_melee_damage_base,1.7500,mult,data/unit_stats/source_exports/db/special_ability_phase_stat_effects_tables/data__.tsv,1262,9.0.1
wh3_dlc25_item_passive_the_eyes_of_grungni,scalar_missile_damage_ap,1.1000,mult,data/unit_stats/source_exports/db/special_ability_phase_stat_effects_tables/data__.tsv,1263,9.0.1
wh3_dlc25_item_passive_the_eyes_of_grungni,scalar_missile_damage_base,1.1000,mult,data/unit_stats/source_exports/db/special_ability_phase_stat_effects_tables/data__.tsv,1264,9.0.1
wh3_dlc25_item_passive_the_eyes_of_grungni,scalar_missile_range,1.1000,mult,data/unit_stats/source_exports/db/special_ability_phase_stat_effects_tables/data__.tsv,1265,9.0.1
wh3_dlc25_item_passives_armour_of_tarnus,stat_resistance_all,20.0000,add,data/unit_stats/source_exports/db/special_ability_phase_stat_effects_tables/data__.tsv,1266,9.0.1
wh3_dlc25_lord_abilities_darkwalker,stat_resistance_physical,40.0000,add,data/unit_stats/source_exports/db/special_ability_phase_stat_effects_tables/data__.tsv,1267,9.0.1
wh3_dlc25_lord_abilities_deranged_munitions,scalar_missile_damage_ap,1.5000,mult,data/unit_stats/source_exports/db/special_ability_phase_stat_effects_tables/data__.tsv,1268,9.0.1
wh3_dlc25_lord_abilities_deranged_munitions,scalar_missile_damage_base,1.5000,mult,data/unit_stats/source_exports/db/special_ability_phase_stat_effects_tables/data__.tsv,1269,9.0.1
wh3_dlc25_lord_abilities_nurgles_favoured_son,stat_melee_defence,24.0000,add,data/unit_stats/source_exports/db/special_ability_phase_stat_effects_tables/data__.tsv,1270,9.0.1
wh3_dlc25_lord_abilities_nurgles_favoured_son,stat_resistance_all,20.0000,add,data/unit_stats/source_exports/db/special_ability_phase_stat_effects_tables/data__.tsv,1271,9.0.1
wh3_dlc25_lord_abilities_rot_or_die,stat_damage_reflection,20.0000,add,data/unit_stats/source_exports/db/special_ability_phase_stat_effects_tables/data__.tsv,1272,9.0.1
wh3_dlc25_lord_abilities_rot_or_die,stat_morale,16.0000,add,data/unit_stats/source_exports/db/special_ability_phase_stat_effects_tables/data__.tsv,1273,9.0.1
wh3_dlc25_lord_passive_living_darkness_self,stat_resistance_physical,10.0000,add,data/unit_stats/source_exports/db/special_ability_phase_stat_effects_tables/data__.tsv,1274,9.0.1
wh3_dlc25_lord_passive_rotting_host,stat_melee_damage_ap,0.9500,mult,data/unit_stats/source_exports/db/special_ability_phase_stat_effects_tables/data__.tsv,1275,9.0.1
wh3_dlc25_lord_passive_rotting_host,stat_melee_damage_base,0.9500,mult,data/unit_stats/source_exports/db/special_ability_phase_stat_effects_tables/data__.tsv,1276,9.0.1
wh3_dlc25_lord_passive_rotting_host,stat_morale,-4.0000,add,data/unit_stats/source_exports/db/special_ability_phase_stat_effects_tables/data__.tsv,1277,9.0.1
wh3_dlc25_lord_passive_vessel_of_malice_gnashrak,stat_resistance_all,25.0000,add,data/unit_stats/source_exports/db/special_ability_phase_stat_effects_tables/data__.tsv,1278,9.0.1
wh3_dlc25_lord_passive_vessel_of_malice_icky,stat_resistance_all,25.0000,add,data/unit_stats/source_exports/db/special_ability_phase_stat_effects_tables/data__.tsv,1279,9.0.1
wh3_dlc25_lord_passive_vessel_of_malice_luggn,stat_resistance_all,25.0000,add,data/unit_stats/source_exports/db/special_ability_phase_stat_effects_tables/data__.tsv,1280,9.0.1
wh3_dlc25_mount_passive_aura_of_protection_upgraded,stat_resistance_all,20.0000,add,data/unit_stats/source_exports/db/special_ability_phase_stat_effects_tables/data__.tsv,1281,9.0.1
wh3_dlc25_quest_passive_rogue_idol_qb,stat_melee_attack,40.0000,add,data/unit_stats/source_exports/db/special_ability_phase_stat_effects_tables/data__.tsv,1282,9.0.1
wh3_dlc25_quest_passive_rogue_idol_qb,stat_melee_damage_ap,2.0000,mult,data/unit_stats/source_exports/db/special_ability_phase_stat_effects_tables/data__.tsv,1283,9.0.1
wh3_dlc25_quest_passive_rogue_idol_qb,stat_melee_damage_base,2.0000,mult,data/unit_stats/source_exports/db/special_ability_phase_stat_effects_tables/data__.tsv,1284,9.0.1
wh3_dlc25_quest_passive_rogue_idol_qb,stat_resistance_all,60.0000,add,data/unit_stats/source_exports/db/special_ability_phase_stat_effects_tables/data__.tsv,1285,9.0.1
wh3_dlc25_unit_abilities_full_power,scalar_entity_acceleration_modifier,2.0000,mult,data/unit_stats/source_exports/db/special_ability_phase_stat_effects_tables/data__.tsv,1286,9.0.1
wh3_dlc25_unit_abilities_full_power,scalar_entity_turn_speed_modifier,0.3000,mult,data/unit_stats/source_exports/db/special_ability_phase_stat_effects_tables/data__.tsv,1287,9.0.1
wh3_dlc25_unit_abilities_full_power,scalar_speed,1.5000,mult,data/unit_stats/source_exports/db/special_ability_phase_stat_effects_tables/data__.tsv,1288,9.0.1
wh3_dlc25_unit_abilities_thunderburner_upgraded,scalar_entity_turn_speed_modifier,0.3000,mult,data/unit_stats/source_exports/db/special_ability_phase_stat_effects_tables/data__.tsv,1289,9.0.1
wh3_dlc25_unit_abilities_thunderburner_upgraded,scalar_speed,3.0000,mult,data/unit_stats/source_exports/db/special_ability_phase_stat_effects_tables/data__.tsv,1290,9.0.1
wh3_dlc25_unit_abilities_thunderburner,scalar_entity_turn_speed_modifier,0.3000,mult,data/unit_stats/source_exports/db/special_ability_phase_stat_effects_tables/data__.tsv,1291,9.0.1
wh3_dlc25_unit_abilities_thunderburner,scalar_speed,2.5000,mult,data/unit_stats/source_exports/db/special_ability_phase_stat_effects_tables/data__.tsv,1292,9.0.1
wh3_dlc25_unit_contact_contagious_lethargy,scalar_charge_speed,0.2000,mult,data/unit_stats/source_exports/db/special_ability_phase_stat_effects_tables/data__.tsv,1293,9.0.1
wh3_dlc25_unit_contact_contagious_lethargy,scalar_speed,0.2000,mult,data/unit_stats/source_exports/db/special_ability_phase_stat_effects_tables/data__.tsv,1294,9.0.1
wh3_dlc25_unit_contact_erosion,stat_armour,-15.0000,add,data/unit_stats/source_exports/db/special_ability_phase_stat_effects_tables/data__.tsv,1295,9.0.1
wh3_dlc25_unit_contact_frostfire,scalar_speed,0.7000,mult,data/unit_stats/source_exports/db/special_ability_phase_stat_effects_tables/data__.tsv,1296,9.0.1
wh3_dlc25_unit_contact_frostfire,stat_weakness_flame,-20.0000,add,data/unit_stats/source_exports/db/special_ability_phase_stat_effects_tables/data__.tsv,1297,9.0.1
wh3_dlc25_unit_contact_soulblight,stat_armour,-30.0000,add,data/unit_stats/source_exports/db/special_ability_phase_stat_effects_tables/data__.tsv,1298,9.0.1
wh3_dlc25_unit_contact_soulblight,stat_melee_damage_ap,0.7500,mult,data/unit_stats/source_exports/db/special_ability_phase_stat_effects_tables/data__.tsv,1299,9.0.1
wh3_dlc25_unit_contact_soulblight,stat_melee_damage_base,0.7500,mult,data/unit_stats/source_exports/db/special_ability_phase_stat_effects_tables/data__.tsv,1300,9.0.1
wh3_dlc25_unit_contact_suffocating,stat_melee_attack,-10.0000,add,data/unit_stats/source_exports/db/special_ability_phase_stat_effects_tables/data__.tsv,1301,9.0.1
wh3_dlc25_unit_contact_suffocating,stat_reloading,-20.0000,add,data/unit_stats/source_exports/db/special_ability_phase_stat_effects_tables/data__.tsv,1302,9.0.1
wh3_dlc25_unit_formation_shieldwall_upgraded,stat_mass,2.0000,mult,data/unit_stats/source_exports/db/special_ability_phase_stat_effects_tables/data__.tsv,1303,9.0.1
wh3_dlc25_unit_formation_shieldwall_upgraded,stat_missile_block_chance,20.0000,add,data/unit_stats/source_exports/db/special_ability_phase_stat_effects_tables/data__.tsv,1304,9.0.1
wh3_dlc25_unit_formation_shieldwall_upgraded,stat_resistance_missile,10.0000,add,data/unit_stats/source_exports/db/special_ability_phase_stat_effects_tables/data__.tsv,1305,9.0.1
wh3_dlc25_unit_formation_shieldwall,stat_mass,2.0000,mult,data/unit_stats/source_exports/db/special_ability_phase_stat_effects_tables/data__.tsv,1306,9.0.1
wh3_dlc25_unit_formation_shieldwall,stat_missile_block_chance,20.0000,add,data/unit_stats/source_exports/db/special_ability_phase_stat_effects_tables/data__.tsv,1307,9.0.1
wh3_dlc25_unit_formation_shieldwall,stat_resistance_missile,10.0000,add,data/unit_stats/source_exports/db/special_ability_phase_stat_effects_tables/data__.tsv,1308,9.0.1
wh3_dlc25_unit_passive_awe_inspiring_sight,stat_morale,4.0000,add,data/unit_stats/source_exports/db/special_ability_phase_stat_effects_tables/data__.tsv,1309,9.0.1
wh3_dlc25_unit_passive_blackpowder_discipline_ii,stat_accuracy,40.0000,add,data/unit_stats/source_exports/db/special_ability_phase_stat_effects_tables/data__.tsv,1310,9.0.1
wh3_dlc25_unit_passive_blackpowder_discipline_ii,stat_reloading,10.0000,add,data/unit_stats/source_exports/db/special_ability_phase_stat_effects_tables/data__.tsv,1311,9.0.1
wh3_dlc25_unit_passive_corrosive_bile,stat_melee_defence,-6.0000,add,data/unit_stats/source_exports/db/special_ability_phase_stat_effects_tables/data__.tsv,1312,9.0.1
wh3_dlc25_unit_passive_doom_and_despair,stat_morale,-4.0000,add,data/unit_stats/source_exports/db/special_ability_phase_stat_effects_tables/data__.tsv,1313,9.0.1
wh3_dlc25_unit_passive_dwarf_rum,stat_melee_attack,-5.0000,add,data/unit_stats/source_exports/db/special_ability_phase_stat_effects_tables/data__.tsv,1314,9.0.1
wh3_dlc25_unit_passive_flaming_sword_of_rhuin_aoe,scalar_missile_damage_base,1.2500,mult,data/unit_stats/source_exports/db/special_ability_phase_stat_effects_tables/data__.tsv,1315,9.0.1
wh3_dlc25_unit_passive_flaming_sword_of_rhuin_aoe,stat_melee_damage_base,1.3000,mult,data/unit_stats/source_exports/db/special_ability_phase_stat_effects_tables/data__.tsv,1316,9.0.1
wh3_dlc25_unit_passive_kindleflame_aoe,stat_weakness_flame,-20.0000,add,data/unit_stats/source_exports/db/special_ability_phase_stat_effects_tables/data__.tsv,1317,9.0.1
wh3_dlc25_unit_passive_mealworms,stat_healing_power,1.2000,mult,data/unit_stats/source_exports/db/special_ability_phase_stat_effects_tables/data__.tsv,1318,9.0.1
wh3_dlc25_unit_passive_rampaging_behemoth,stat_melee_damage_ap,1.1000,mult,data/unit_stats/source_exports/db/special_ability_phase_stat_effects_tables/data__.tsv,1319,9.0.1
wh3_dlc25_unit_passive_rampaging_behemoth,stat_melee_damage_base,1.1000,mult,data/unit_stats/source_exports/db/special_ability_phase_stat_effects_tables/data__.tsv,1320,9.0.1
wh3_dlc25_unit_passive_rampaging_behemoth,stat_resistance_all,10.0000,add,data/unit_stats/source_exports/db/special_ability_phase_stat_effects_tables/data__.tsv,1321,9.0.1
wh3_dlc25_unit_passive_rear_guardian,stat_resistance_physical,15.0000,add,data/unit_stats/source_exports/db/special_ability_phase_stat_effects_tables/data__.tsv,1322,9.0.1
wh3_dlc25_unit_passive_spearports,stat_damage_reflection,10.0000,add,data/unit_stats/source_exports/db/special_ability_phase_stat_effects_tables/data__.tsv,1323,9.0.1
wh3_dlc25_unit_passive_tears_of_nurgle,scalar_speed,0.2500,mult,data/unit_stats/source_exports/db/special_ability_phase_stat_effects_tables/data__.tsv,1324,9.0.1
wh3_dlc25_unit_passive_the_blessing_of_the_father,stat_resistance_all,15.0000,add,data/unit_stats/source_exports/db/special_ability_phase_stat_effects_tables/data__.tsv,1325,9.0.1
wh3_dlc25_unit_passive_wards_of_grimnir,stat_resistance_all,20.0000,add,data/unit_stats/source_exports/db/special_ability_phase_stat_effects_tables/data__.tsv,1326,9.0.1
wh3_dlc25_unit_passive_weapons_of_malice,stat_resistance_all,15.0000,add,data/unit_stats/source_exports/db/special_ability_phase_stat_effects_tables/data__.tsv,1327,9.0.1
wh3_dlc25_weapon_abilities_axes_of_kadrin,stat_bonus_vs_infantry,16.0000,add,data/unit_stats/source_exports/db/special_ability_phase_stat_effects_tables/data__.tsv,1328,9.0.1
wh3_dlc25_weapon_abilities_axes_of_kadrin,stat_melee_damage_ap,1.7500,mult,data/unit_stats/source_exports/db/special_ability_phase_stat_effects_tables/data__.tsv,1329,9.0.1
wh3_dlc25_weapon_abilities_axes_of_kadrin,stat_melee_damage_base,1.7500,mult,data/unit_stats/source_exports/db/special_ability_phase_stat_effects_tables/data__.tsv,1330,9.0.1
wh3_dlc25_weapon_abilities_liarsbane,stat_melee_attack,40.0000,add,data/unit_stats/source_exports/db/special_ability_phase_stat_effects_tables/data__.tsv,1331,9.0.1
wh3_dlc25_weapon_abilities_liarsbane,stat_melee_defence,24.0000,add,data/unit_stats/source_exports/db/special_ability_phase_stat_effects_tables/data__.tsv,1332,9.0.1
wh3_dlc25_weapon_abilities_sword_of_filth,stat_armour,-30.0000,add,data/unit_stats/source_exports/db/special_ability_phase_stat_effects_tables/data__.tsv,1333,9.0.1
wh3_dlc25_weapon_abilities_sword_of_filth,stat_melee_defence,-24.0000,add,data/unit_stats/source_exports/db/special_ability_phase_stat_effects_tables/data__.tsv,1334,9.0.1
wh3_dlc25_weapon_abilities_the_black_cleaver,stat_melee_attack,24.0000,add,data/unit_stats/source_exports/db/special_ability_phase_stat_effects_tables/data__.tsv,1335,9.0.1
wh3_dlc25_weapon_abilities_the_black_cleaver,stat_melee_damage_ap,1.2500,mult,data/unit_stats/source_exports/db/special_ability_phase_stat_effects_tables/data__.tsv,1336,9.0.1
wh3_dlc25_weapon_abilities_the_black_cleaver,stat_melee_damage_base,1.2500,mult,data/unit_stats/source_exports/db/special_ability_phase_stat_effects_tables/data__.tsv,1337,9.0.1
wh3_dlc25_weapon_abilities_the_father_of_blades_enemy,stat_melee_attack,-12.0000,add,data/unit_stats/source_exports/db/special_ability_phase_stat_effects_tables/data__.tsv,1338,9.0.1
wh3_dlc25_weapon_abilities_the_father_of_blades_self,stat_melee_damage_ap,1.2500,mult,data/unit_stats/source_exports/db/special_ability_phase_stat_effects_tables/data__.tsv,1339,9.0.1
wh3_dlc25_weapon_passive_the_pale_scythe,scalar_spell_mastery,1.6000,mult,data/unit_stats/source_exports/db/special_ability_phase_stat_effects_tables/data__.tsv,1340,9.0.1
wh3_dlc25_weapon_passive_the_pale_scythe,stat_resistance_magic,20.0000,add,data/unit_stats/source_exports/db/special_ability_phase_stat_effects_tables/data__.tsv,1341,9.0.1
wh3_dlc26_army_abilities_blood_gods_shackles_upgraded,stat_melee_defence,-40.0000,add,data/unit_stats/source_exports/db/special_ability_phase_stat_effects_tables/data__.tsv,1342,9.0.1
wh3_dlc26_army_abilities_blood_gods_shackles,stat_melee_defence,-24.0000,add,data/unit_stats/source_exports/db/special_ability_phase_stat_effects_tables/data__.tsv,1343,9.0.1
wh3_dlc26_army_abilities_gorbads_big_waaagh,stat_melee_attack,40.0000,add,data/unit_stats/source_exports/db/special_ability_phase_stat_effects_tables/data__.tsv,1344,9.0.1
wh3_dlc26_army_abilities_gorbads_big_waaagh,stat_melee_damage_ap,1.2500,mult,data/unit_stats/source_exports/db/special_ability_phase_stat_effects_tables/data__.tsv,1345,9.0.1
wh3_dlc26_army_abilities_gorbads_big_waaagh,stat_melee_damage_base,1.2500,mult,data/unit_stats/source_exports/db/special_ability_phase_stat_effects_tables/data__.tsv,1346,9.0.1
wh3_dlc26_army_abilities_gorbads_waaagh,stat_melee_attack,24.0000,add,data/unit_stats/source_exports/db/special_ability_phase_stat_effects_tables/data__.tsv,1347,9.0.1
wh3_dlc26_army_abilities_gorbads_waaagh,stat_melee_damage_ap,1.2500,mult,data/unit_stats/source_exports/db/special_ability_phase_stat_effects_tables/data__.tsv,1348,9.0.1
wh3_dlc26_army_abilities_gorbads_waaagh,stat_melee_damage_base,1.2500,mult,data/unit_stats/source_exports/db/special_ability_phase_stat_effects_tables/data__.tsv,1349,9.0.1
wh3_dlc26_character_abilities_bloody_onslaught,stat_armour,-30.0000,add,data/unit_stats/source_exports/db/special_ability_phase_stat_effects_tables/data__.tsv,1350,9.0.1
wh3_dlc26_character_abilities_bloody_onslaught,stat_melee_defence,-24.0000,add,data/unit_stats/source_exports/db/special_ability_phase_stat_effects_tables/data__.tsv,1351,9.0.1
wh3_dlc26_character_abilities_cash_cascade,stat_charge_bonus,1.2500,mult,data/unit_stats/source_exports/db/special_ability_phase_stat_effects_tables/data__.tsv,1352,9.0.1
wh3_dlc26_character_abilities_cash_cascade,stat_melee_attack,24.0000,add,data/unit_stats/source_exports/db/special_ability_phase_stat_effects_tables/data__.tsv,1353,9.0.1
wh3_dlc26_character_abilities_cash_cascade,stat_morale,8.0000,add,data/unit_stats/source_exports/db/special_ability_phase_stat_effects_tables/data__.tsv,1354,9.0.1
wh3_dlc26_character_abilities_crimson_juggernaut,scalar_charge_speed,1.5000,mult,data/unit_stats/source_exports/db/special_ability_phase_stat_effects_tables/data__.tsv,1355,9.0.1
wh3_dlc26_character_abilities_crimson_juggernaut,scalar_speed,1.2500,mult,data/unit_stats/source_exports/db/special_ability_phase_stat_effects_tables/data__.tsv,1356,9.0.1
wh3_dlc26_character_abilities_crimson_juggernaut,stat_charge_bonus,1.4000,mult,data/unit_stats/source_exports/db/special_ability_phase_stat_effects_tables/data__.tsv,1357,9.0.1
wh3_dlc26_character_abilities_da_boss_as_a_plan,stat_melee_defence,24.0000,add,data/unit_stats/source_exports/db/special_ability_phase_stat_effects_tables/data__.tsv,1358,9.0.1
wh3_dlc26_character_abilities_da_boss_as_a_plan,stat_morale,8.0000,add,data/unit_stats/source_exports/db/special_ability_phase_stat_effects_tables/data__.tsv,1359,9.0.1
wh3_dlc26_character_abilities_empowering_shrooms,stat_melee_attack,24.0000,add,data/unit_stats/source_exports/db/special_ability_phase_stat_effects_tables/data__.tsv,1360,9.0.1
wh3_dlc26_character_abilities_empowering_shrooms,stat_morale,16.0000,add,data/unit_stats/source_exports/db/special_ability_phase_stat_effects_tables/data__.tsv,1361,9.0.1
wh3_dlc26_character_abilities_headhunt,stat_melee_defence,-40.0000,add,data/unit_stats/source_exports/db/special_ability_phase_stat_effects_tables/data__.tsv,1362,9.0.1
wh3_dlc26_character_abilities_headhunt,stat_resistance_missile,-20.0000,add,data/unit_stats/source_exports/db/special_ability_phase_stat_effects_tables/data__.tsv,1363,9.0.1
wh3_dlc26_character_abilities_inevitable_horror,stat_morale,-8.0000,add,data/unit_stats/source_exports/db/special_ability_phase_stat_effects_tables/data__.tsv,1364,9.0.1
wh3_dlc26_character_abilities_mumbo_jumbo_chant_allies,stat_melee_attack,24.0000,add,data/unit_stats/source_exports/db/special_ability_phase_stat_effects_tables/data__.tsv,1365,9.0.1
wh3_dlc26_character_abilities_mumbo_jumbo_chant_allies,stat_melee_damage_ap,1.2500,mult,data/unit_stats/source_exports/db/special_ability_phase_stat_effects_tables/data__.tsv,1366,9.0.1
wh3_dlc26_character_abilities_mumbo_jumbo_chant_allies,stat_melee_damage_base,1.2500,mult,data/unit_stats/source_exports/db/special_ability_phase_stat_effects_tables/data__.tsv,1367,9.0.1
wh3_dlc26_character_abilities_mumbo_jumbo_chant_allies,stat_morale,16.0000,add,data/unit_stats/source_exports/db/special_ability_phase_stat_effects_tables/data__.tsv,1368,9.0.1
wh3_dlc26_character_abilities_orcs_are_da_best,stat_melee_attack,24.0000,add,data/unit_stats/source_exports/db/special_ability_phase_stat_effects_tables/data__.tsv,1369,9.0.1
wh3_dlc26_character_abilities_orcs_are_da_best,stat_melee_damage_ap,1.5000,mult,data/unit_stats/source_exports/db/special_ability_phase_stat_effects_tables/data__.tsv,1370,9.0.1
wh3_dlc26_character_abilities_orcs_are_da_best,stat_melee_damage_base,1.5000,mult,data/unit_stats/source_exports/db/special_ability_phase_stat_effects_tables/data__.tsv,1371,9.0.1
wh3_dlc26_character_abilities_puncture,stat_melee_attack,24.0000,add,data/unit_stats/source_exports/db/special_ability_phase_stat_effects_tables/data__.tsv,1372,9.0.1
wh3_dlc26_character_abilities_sting_of_snagla,stat_melee_attack,-24.0000,add,data/unit_stats/source_exports/db/special_ability_phase_stat_effects_tables/data__.tsv,1373,9.0.1
wh3_dlc26_character_abilities_sting_of_snagla,stat_melee_defence,-40.0000,add,data/unit_stats/source_exports/db/special_ability_phase_stat_effects_tables/data__.tsv,1374,9.0.1
wh3_dlc26_character_passive_blood_thirst,stat_healing_power,1.5000,mult,data/unit_stats/source_exports/db/special_ability_phase_stat_effects_tables/data__.tsv,1375,9.0.1
wh3_dlc26_character_passive_cheerleaderz,stat_melee_attack,40.0000,add,data/unit_stats/source_exports/db/special_ability_phase_stat_effects_tables/data__.tsv,1376,9.0.1
wh3_dlc26_character_passive_cheerleaderz,stat_melee_damage_ap,2.0000,mult,data/unit_stats/source_exports/db/special_ability_phase_stat_effects_tables/data__.tsv,1377,9.0.1
wh3_dlc26_character_passive_cheerleaderz,stat_melee_damage_base,2.0000,mult,data/unit_stats/source_exports/db/special_ability_phase_stat_effects_tables/data__.tsv,1378,9.0.1
wh3_dlc26_character_passive_cloak_of_skulls_iii,stat_armour,50.0000,add,data/unit_stats/source_exports/db/special_ability_phase_stat_effects_tables/data__.tsv,1379,9.0.1
wh3_dlc26_character_passive_cloak_of_skulls_iii,stat_resistance_missile,40.0000,add,data/unit_stats/source_exports/db/special_ability_phase_stat_effects_tables/data__.tsv,1380,9.0.1
wh3_dlc26_character_passive_cloak_of_skulls,stat_armour,25.0000,add,data/unit_stats/source_exports/db/special_ability_phase_stat_effects_tables/data__.tsv,1381,9.0.1
wh3_dlc26_character_passive_cloak_of_skulls,stat_resistance_missile,20.0000,add,data/unit_stats/source_exports/db/special_ability_phase_stat_effects_tables/data__.tsv,1382,9.0.1
wh3_dlc26_character_passive_da_great_leader,stat_melee_attack,10.0000,add,data/unit_stats/source_exports/db/special_ability_phase_stat_effects_tables/data__.tsv,1383,9.0.1
wh3_dlc26_character_passive_da_great_leader,stat_melee_defence,10.0000,add,data/unit_stats/source_exports/db/special_ability_phase_stat_effects_tables/data__.tsv,1384,9.0.1
wh3_dlc26_character_passive_goin_commando,stat_melee_attack,10.0000,add,data/unit_stats/source_exports/db/special_ability_phase_stat_effects_tables/data__.tsv,1385,9.0.1
wh3_dlc26_character_passive_goin_commando,stat_melee_damage_ap,1.1500,mult,data/unit_stats/source_exports/db/special_ability_phase_stat_effects_tables/data__.tsv,1386,9.0.1
wh3_dlc26_character_passive_goin_commando,stat_melee_damage_base,1.1500,mult,data/unit_stats/source_exports/db/special_ability_phase_stat_effects_tables/data__.tsv,1387,9.0.1
wh3_dlc26_character_passive_goin_commando,stat_melee_defence,10.0000,add,data/unit_stats/source_exports/db/special_ability_phase_stat_effects_tables/data__.tsv,1388,9.0.1
wh3_dlc26_character_passive_gold_glorious_gold,stat_melee_attack,8.0000,add,data/unit_stats/source_exports/db/special_ability_phase_stat_effects_tables/data__.tsv,1389,9.0.1
wh3_dlc26_character_passive_gold_glorious_gold,stat_melee_damage_ap,1.1000,mult,data/unit_stats/source_exports/db/special_ability_phase_stat_effects_tables/data__.tsv,1390,9.0.1
wh3_dlc26_character_passive_gold_glorious_gold,stat_melee_damage_base,1.1000,mult,data/unit_stats/source_exports/db/special_ability_phase_stat_effects_tables/data__.tsv,1391,9.0.1
wh3_dlc26_character_passive_lead_da_charge,scalar_charge_speed,1.1000,mult,data/unit_stats/source_exports/db/special_ability_phase_stat_effects_tables/data__.tsv,1392,9.0.1
wh3_dlc26_character_passive_lead_da_charge,stat_charge_bonus,1.1000,mult,data/unit_stats/source_exports/db/special_ability_phase_stat_effects_tables/data__.tsv,1393,9.0.1
wh3_dlc26_character_passive_shot_in_the_dark,scalar_missile_damage_ap,1.2000,mult,data/unit_stats/source_exports/db/special_ability_phase_stat_effects_tables/data__.tsv,1394,9.0.1
wh3_dlc26_character_passive_shot_in_the_dark,scalar_missile_damage_base,1.2000,mult,data/unit_stats/source_exports/db/special_ability_phase_stat_effects_tables/data__.tsv,1395,9.0.1
wh3_dlc26_character_passive_shot_in_the_dark,scalar_missile_range,1.1000,mult,data/unit_stats/source_exports/db/special_ability_phase_stat_effects_tables/data__.tsv,1396,9.0.1
wh3_dlc26_character_passive_skaramors_butchers,stat_melee_damage_ap,1.0500,mult,data/unit_stats/source_exports/db/special_ability_phase_stat_effects_tables/data__.tsv,1397,9.0.1
wh3_dlc26_character_passive_skaramors_butchers,stat_melee_damage_base,1.0500,mult,data/unit_stats/source_exports/db/special_ability_phase_stat_effects_tables/data__.tsv,1398,9.0.1
wh3_dlc26_character_passive_warpaint,stat_resistance_physical,10.0000,add,data/unit_stats/source_exports/db/special_ability_phase_stat_effects_tables/data__.tsv,1399,9.0.1
wh3_dlc26_contact_cohesion_shattered,stat_morale,-6.0000,add,data/unit_stats/source_exports/db/special_ability_phase_stat_effects_tables/data__.tsv,1400,9.0.1
wh3_dlc26_contact_phase_inevitable_end,stat_healing_power,0.0000,mult,data/unit_stats/source_exports/db/special_ability_phase_stat_effects_tables/data__.tsv,1401,9.0.1
wh3_dlc26_hero_abilities_ruthless_cruelty,scalar_speed,0.8000,mult,data/unit_stats/source_exports/db/special_ability_phase_stat_effects_tables/data__.tsv,1402,9.0.1
wh3_dlc26_hero_abilities_ruthless_cruelty,stat_melee_attack,-12.0000,add,data/unit_stats/source_exports/db/special_ability_phase_stat_effects_tables/data__.tsv,1403,9.0.1
wh3_dlc26_hero_passive_simmering_fury,stat_melee_attack,12.0000,add,data/unit_stats/source_exports/db/special_ability_phase_stat_effects_tables/data__.tsv,1404,9.0.1
wh3_dlc26_hero_passive_simmering_fury,stat_melee_damage_ap,1.2000,mult,data/unit_stats/source_exports/db/special_ability_phase_stat_effects_tables/data__.tsv,1405,9.0.1
wh3_dlc26_hero_passive_simmering_fury,stat_melee_damage_base,1.2000,mult,data/unit_stats/source_exports/db/special_ability_phase_stat_effects_tables/data__.tsv,1406,9.0.1
wh3_dlc26_hero_passive_simmering_fury,stat_melee_defence,-12.0000,add,data/unit_stats/source_exports/db/special_ability_phase_stat_effects_tables/data__.tsv,1407,9.0.1
wh3_dlc26_item_passive_brass_collar_of_khorne,stat_resistance_all,20.0000,add,data/unit_stats/source_exports/db/special_ability_phase_stat_effects_tables/data__.tsv,1408,9.0.1
wh3_dlc26_item_passive_brass_collar_of_khorne,stat_resistance_magic,15.0000,add,data/unit_stats/source_exports/db/special_ability_phase_stat_effects_tables/data__.tsv,1409,9.0.1
wh3_dlc26_lord_abilities_feasting_frenzy,stat_charge_bonus,1.4000,mult,data/unit_stats/source_exports/db/special_ability_phase_stat_effects_tables/data__.tsv,1410,9.0.1
wh3_dlc26_lord_abilities_feasting_frenzy,stat_melee_damage_ap,1.2500,mult,data/unit_stats/source_exports/db/special_ability_phase_stat_effects_tables/data__.tsv,1411,9.0.1
wh3_dlc26_lord_abilities_feasting_frenzy,stat_melee_damage_base,1.2500,mult,data/unit_stats/source_exports/db/special_ability_phase_stat_effects_tables/data__.tsv,1412,9.0.1
wh3_dlc26_lord_abilities_guru_of_war_guard,stat_melee_defence,10.0000,add,data/unit_stats/source_exports/db/special_ability_phase_stat_effects_tables/data__.tsv,1413,9.0.1
wh3_dlc26_lord_abilities_guru_of_war_strike,stat_melee_attack,10.0000,add,data/unit_stats/source_exports/db/special_ability_phase_stat_effects_tables/data__.tsv,1414,9.0.1
wh3_dlc26_lord_abilities_murderous_exhortations,stat_morale,-8.0000,add,data/unit_stats/source_exports/db/special_ability_phase_stat_effects_tables/data__.tsv,1415,9.0.1
wh3_dlc26_lord_abilities_wild_abandon,stat_melee_attack,40.0000,add,data/unit_stats/source_exports/db/special_ability_phase_stat_effects_tables/data__.tsv,1416,9.0.1
wh3_dlc26_lord_abilities_wild_abandon,stat_melee_defence,-24.0000,add,data/unit_stats/source_exports/db/special_ability_phase_stat_effects_tables/data__.tsv,1417,9.0.1
wh3_dlc26_lord_passive_battlefield_secrets,stat_resistance_all,5.0000,add,data/unit_stats/source_exports/db/special_ability_phase_stat_effects_tables/data__.tsv,1418,9.0.1
wh3_dlc26_lord_passive_been_there_done_that,stat_melee_attack,-8.0000,add,data/unit_stats/source_exports/db/special_ability_phase_stat_effects_tables/data__.tsv,1419,9.0.1
wh3_dlc26_lord_passive_been_there_done_that,stat_melee_damage_ap,0.9000,mult,data/unit_stats/source_exports/db/special_ability_phase_stat_effects_tables/data__.tsv,1420,9.0.1
wh3_dlc26_lord_passive_been_there_done_that,stat_melee_damage_base,0.9000,mult,data/unit_stats/source_exports/db/special_ability_phase_stat_effects_tables/data__.tsv,1421,9.0.1
wh3_dlc26_lord_passive_bone_to_pot,stat_resistance_magic,20.0000,add,data/unit_stats/source_exports/db/special_ability_phase_stat_effects_tables/data__.tsv,1422,9.0.1
wh3_dlc26_lord_passive_desert_tigress,stat_melee_attack,24.0000,add,data/unit_stats/source_exports/db/special_ability_phase_stat_effects_tables/data__.tsv,1423,9.0.1
wh3_dlc26_lord_passive_desert_tigress,stat_melee_defence,24.0000,add,data/unit_stats/source_exports/db/special_ability_phase_stat_effects_tables/data__.tsv,1424,9.0.1
wh3_dlc26_lord_passive_gruesome_display,stat_melee_attack,-5.0000,add,data/unit_stats/source_exports/db/special_ability_phase_stat_effects_tables/data__.tsv,1425,9.0.1
wh3_dlc26_lord_passive_gruesome_display,stat_morale,-4.0000,add,data/unit_stats/source_exports/db/special_ability_phase_stat_effects_tables/data__.tsv,1426,9.0.1
wh3_dlc26_lord_passive_thirst_for_challenge,stat_melee_damage_ap,1.2500,mult,data/unit_stats/source_exports/db/special_ability_phase_stat_effects_tables/data__.tsv,1427,9.0.1
wh3_dlc26_lord_passive_thirst_for_challenge,stat_melee_damage_base,1.2500,mult,data/unit_stats/source_exports/db/special_ability_phase_stat_effects_tables/data__.tsv,1428,9.0.1
wh3_dlc26_lord_passive_thirst_for_challenge,stat_melee_defence,20.0000,add,data/unit_stats/source_exports/db/special_ability_phase_stat_effects_tables/data__.tsv,1429,9.0.1
wh3_dlc26_unit_abilities_acid_vomit_debuff,scalar_speed,0.8500,mult,data/unit_stats/source_exports/db/special_ability_phase_stat_effects_tables/data__.tsv,1430,9.0.1
wh3_dlc26_unit_abilities_acid_vomit_debuff,stat_morale,-8.0000,add,data/unit_stats/source_exports/db/special_ability_phase_stat_effects_tables/data__.tsv,1431,9.0.1
wh3_dlc26_unit_abilities_immovable_bulwark,stat_melee_attack,-24.0000,add,data/unit_stats/source_exports/db/special_ability_phase_stat_effects_tables/data__.tsv,1432,9.0.1
wh3_dlc26_unit_abilities_immovable_bulwark,stat_melee_defence,24.0000,add,data/unit_stats/source_exports/db/special_ability_phase_stat_effects_tables/data__.tsv,1433,9.0.1
wh3_dlc26_unit_abilities_maneater_smoke_bomb,scalar_speed,1.2500,mult,data/unit_stats/source_exports/db/special_ability_phase_stat_effects_tables/data__.tsv,1434,9.0.1
wh3_dlc26_unit_abilities_maneater_smoke_bomb,stat_melee_defence,24.0000,add,data/unit_stats/source_exports/db/special_ability_phase_stat_effects_tables/data__.tsv,1435,9.0.1
wh3_dlc26_unit_abilities_marked_for_eatin,scalar_speed,0.7500,mult,data/unit_stats/source_exports/db/special_ability_phase_stat_effects_tables/data__.tsv,1436,9.0.1
wh3_dlc26_unit_abilities_marked_for_eatin,stat_armour,-30.0000,add,data/unit_stats/source_exports/db/special_ability_phase_stat_effects_tables/data__.tsv,1437,9.0.1
wh3_dlc26_unit_abilities_marked_for_eatin,stat_melee_defence,-40.0000,add,data/unit_stats/source_exports/db/special_ability_phase_stat_effects_tables/data__.tsv,1438,9.0.1
wh3_dlc26_unit_abilities_net_dem_up,stat_missile_block_chance,-50.0000,add,data/unit_stats/source_exports/db/special_ability_phase_stat_effects_tables/data__.tsv,1439,9.0.1
wh3_dlc26_unit_abilities_unstoppable_choppas,stat_melee_damage_ap,1.5000,mult,data/unit_stats/source_exports/db/special_ability_phase_stat_effects_tables/data__.tsv,1440,9.0.1
wh3_dlc26_unit_abilities_unstoppable_choppas,stat_melee_damage_base,1.5000,mult,data/unit_stats/source_exports/db/special_ability_phase_stat_effects_tables/data__.tsv,1441,9.0.1
wh3_dlc26_unit_abilities_unstoppable_choppas,stat_melee_defence,-24.0000,add,data/unit_stats/source_exports/db/special_ability_phase_stat_effects_tables/data__.tsv,1442,9.0.1
wh3_dlc26_unit_contact_sticky_webs,scalar_speed,0.7500,mult,data/unit_stats/source_exports/db/special_ability_phase_stat_effects_tables/data__.tsv,1443,9.0.1
wh3_dlc26_unit_passive_arrer_catchers_self,stat_resistance_missile,20.0000,add,data/unit_stats/source_exports/db/special_ability_phase_stat_effects_tables/data__.tsv,1444,9.0.1
wh3_dlc26_unit_passive_aura_of_frost,scalar_speed,0.8500,mult,data/unit_stats/source_exports/db/special_ability_phase_stat_effects_tables/data__.tsv,1445,9.0.1
wh3_dlc26_unit_passive_aura_of_frost,stat_melee_defence,-8.0000,add,data/unit_stats/source_exports/db/special_ability_phase_stat_effects_tables/data__.tsv,1446,9.0.1
wh3_dlc26_unit_passive_big_banner_boyz,stat_melee_attack,10.0000,add,data/unit_stats/source_exports/db/special_ability_phase_stat_effects_tables/data__.tsv,1447,9.0.1
wh3_dlc26_unit_passive_big_banner_boyz,stat_melee_damage_ap,1.1000,mult,data/unit_stats/source_exports/db/special_ability_phase_stat_effects_tables/data__.tsv,1448,9.0.1
wh3_dlc26_unit_passive_big_banner_boyz,stat_melee_damage_base,1.1000,mult,data/unit_stats/source_exports/db/special_ability_phase_stat_effects_tables/data__.tsv,1449,9.0.1
wh3_dlc26_unit_passive_big_banner_boyz,stat_morale,8.0000,add,data/unit_stats/source_exports/db/special_ability_phase_stat_effects_tables/data__.tsv,1450,9.0.1
wh3_dlc26_unit_passive_blockerz,stat_resistance_all,15.0000,add,data/unit_stats/source_exports/db/special_ability_phase_stat_effects_tables/data__.tsv,1451,9.0.1
wh3_dlc26_unit_passive_carrion_frenzy,stat_melee_attack,20.0000,add,data/unit_stats/source_exports/db/special_ability_phase_stat_effects_tables/data__.tsv,1452,9.0.1
wh3_dlc26_unit_passive_carrion_frenzy,stat_morale,8.0000,add,data/unit_stats/source_exports/db/special_ability_phase_stat_effects_tables/data__.tsv,1453,9.0.1
wh3_dlc26_unit_passive_da_alpha_ammer,scalar_charge_speed,1.1000,mult,data/unit_stats/source_exports/db/special_ability_phase_stat_effects_tables/data__.tsv,1454,9.0.1
wh3_dlc26_unit_passive_da_alpha_ammer,stat_charge_bonus,1.1000,mult,data/unit_stats/source_exports/db/special_ability_phase_stat_effects_tables/data__.tsv,1455,9.0.1
wh3_dlc26_unit_passive_da_alpha_ammer,stat_mass,2.0000,mult,data/unit_stats/source_exports/db/special_ability_phase_stat_effects_tables/data__.tsv,1456,9.0.1
wh3_dlc26_unit_passive_earthquake,stat_melee_attack,-10.0000,add,data/unit_stats/source_exports/db/special_ability_phase_stat_effects_tables/data__.tsv,1457,9.0.1
wh3_dlc26_unit_passive_earthquake,stat_melee_damage_ap,0.9000,mult,data/unit_stats/source_exports/db/special_ability_phase_stat_effects_tables/data__.tsv,1458,9.0.1
wh3_dlc26_unit_passive_earthquake,stat_melee_damage_base,0.9000,mult,data/unit_stats/source_exports/db/special_ability_phase_stat_effects_tables/data__.tsv,1459,9.0.1
wh3_dlc26_unit_passive_erd_mentality,stat_melee_defence,20.0000,add,data/unit_stats/source_exports/db/special_ability_phase_stat_effects_tables/data__.tsv,1460,9.0.1
wh3_dlc26_unit_passive_erd_mentality,stat_resistance_all,20.0000,add,data/unit_stats/source_exports/db/special_ability_phase_stat_effects_tables/data__.tsv,1461,9.0.1
wh3_dlc26_unit_passive_gorbads_boyz,stat_melee_attack,8.0000,add,data/unit_stats/source_exports/db/special_ability_phase_stat_effects_tables/data__.tsv,1462,9.0.1
wh3_dlc26_unit_passive_gorbads_boyz,stat_melee_damage_ap,1.0500,mult,data/unit_stats/source_exports/db/special_ability_phase_stat_effects_tables/data__.tsv,1463,9.0.1
wh3_dlc26_unit_passive_gorbads_boyz,stat_melee_damage_base,1.0500,mult,data/unit_stats/source_exports/db/special_ability_phase_stat_effects_tables/data__.tsv,1464,9.0.1
wh3_dlc26_unit_passive_gorbads_boyz,stat_morale,4.0000,add,data/unit_stats/source_exports/db/special_ability_phase_stat_effects_tables/data__.tsv,1465,9.0.1
wh3_dlc26_unit_passive_grey_supremacy,stat_melee_damage_ap,1.2000,mult,data/unit_stats/source_exports/db/special_ability_phase_stat_effects_tables/data__.tsv,1466,9.0.1
wh3_dlc26_unit_passive_grey_supremacy,stat_melee_damage_base,1.2000,mult,data/unit_stats/source_exports/db/special_ability_phase_stat_effects_tables/data__.tsv,1467,9.0.1
wh3_dlc26_unit_passive_grey_supremacy,stat_resistance_all,10.0000,add,data/unit_stats/source_exports/db/special_ability_phase_stat_effects_tables/data__.tsv,1468,9.0.1
wh3_dlc26_unit_passive_keep_bossin,stat_melee_attack,5.0000,add,data/unit_stats/source_exports/db/special_ability_phase_stat_effects_tables/data__.tsv,1469,9.0.1
wh3_dlc26_unit_passive_keep_bossin,stat_melee_defence,5.0000,add,data/unit_stats/source_exports/db/special_ability_phase_stat_effects_tables/data__.tsv,1470,9.0.1
wh3_dlc26_unit_passive_keep_bossin,stat_morale,8.0000,add,data/unit_stats/source_exports/db/special_ability_phase_stat_effects_tables/data__.tsv,1471,9.0.1
wh3_dlc26_unit_passive_keep_em_ungry,stat_bonus_vs_infantry,32.0000,add,data/unit_stats/source_exports/db/special_ability_phase_stat_effects_tables/data__.tsv,1472,9.0.1
wh3_dlc26_unit_passive_keep_em_ungry,stat_melee_damage_ap,1.7500,mult,data/unit_stats/source_exports/db/special_ability_phase_stat_effects_tables/data__.tsv,1473,9.0.1
wh3_dlc26_unit_passive_keep_em_ungry,stat_melee_damage_base,1.7500,mult,data/unit_stats/source_exports/db/special_ability_phase_stat_effects_tables/data__.tsv,1474,9.0.1
wh3_dlc26_unit_passive_load_yerself,scalar_missile_damage_ap,1.1500,mult,data/unit_stats/source_exports/db/special_ability_phase_stat_effects_tables/data__.tsv,1475,9.0.1
wh3_dlc26_unit_passive_load_yerself,scalar_missile_damage_base,1.1500,mult,data/unit_stats/source_exports/db/special_ability_phase_stat_effects_tables/data__.tsv,1476,9.0.1
wh3_dlc26_unit_passive_load_yerself,scalar_missile_explosion_damage_ap,1.1500,mult,data/unit_stats/source_exports/db/special_ability_phase_stat_effects_tables/data__.tsv,1477,9.0.1
wh3_dlc26_unit_passive_load_yerself,scalar_missile_explosion_damage_base,1.1500,mult,data/unit_stats/source_exports/db/special_ability_phase_stat_effects_tables/data__.tsv,1478,9.0.1
wh3_dlc26_unit_passive_load_yerself,stat_reloading,10.0000,add,data/unit_stats/source_exports/db/special_ability_phase_stat_effects_tables/data__.tsv,1479,9.0.1
wh3_dlc26_unit_passive_overwhelming_odour_upgrading,stat_melee_attack,-8.0000,add,data/unit_stats/source_exports/db/special_ability_phase_stat_effects_tables/data__.tsv,1480,9.0.1
wh3_dlc26_unit_passive_piggy_back_joust,scalar_charge_speed,1.2500,mult,data/unit_stats/source_exports/db/special_ability_phase_stat_effects_tables/data__.tsv,1481,9.0.1
wh3_dlc26_unit_passive_shoot_da_runts,scalar_missile_damage_ap,1.2500,mult,data/unit_stats/source_exports/db/special_ability_phase_stat_effects_tables/data__.tsv,1482,9.0.1
wh3_dlc26_unit_passive_shoot_da_runts,scalar_missile_damage_base,1.2500,mult,data/unit_stats/source_exports/db/special_ability_phase_stat_effects_tables/data__.tsv,1483,9.0.1
wh3_dlc26_unit_passive_shoot_da_runts,scalar_missile_explosion_damage_ap,1.2500,mult,data/unit_stats/source_exports/db/special_ability_phase_stat_effects_tables/data__.tsv,1484,9.0.1
wh3_dlc26_unit_passive_shoot_da_runts,scalar_missile_explosion_damage_base,1.2500,mult,data/unit_stats/source_exports/db/special_ability_phase_stat_effects_tables/data__.tsv,1485,9.0.1
wh3_dlc26_unit_passive_shoot_da_runts,stat_accuracy,30.0000,add,data/unit_stats/source_exports/db/special_ability_phase_stat_effects_tables/data__.tsv,1486,9.0.1
wh3_dlc26_unit_passive_smasherz,stat_melee_damage_ap,1.1500,mult,data/unit_stats/source_exports/db/special_ability_phase_stat_effects_tables/data__.tsv,1487,9.0.1
wh3_dlc26_unit_passive_smasherz,stat_melee_damage_base,1.1500,mult,data/unit_stats/source_exports/db/special_ability_phase_stat_effects_tables/data__.tsv,1488,9.0.1
wh3_dlc26_unit_passive_stick_em_like_pigs,stat_damage_reflection,10.0000,add,data/unit_stats/source_exports/db/special_ability_phase_stat_effects_tables/data__.tsv,1489,9.0.1
wh3_dlc26_unit_passive_stick_em_like_pigs,stat_resistance_physical,10.0000,add,data/unit_stats/source_exports/db/special_ability_phase_stat_effects_tables/data__.tsv,1490,9.0.1
wh3_dlc26_unit_passive_surprise_savagery,scalar_speed,1.1500,mult,data/unit_stats/source_exports/db/special_ability_phase_stat_effects_tables/data__.tsv,1491,9.0.1
wh3_dlc26_unit_passive_uncanny_coordination,stat_melee_defence,8.0000,add,data/unit_stats/source_exports/db/special_ability_phase_stat_effects_tables/data__.tsv,1492,9.0.1
wh3_dlc26_unit_passive_uncanny_coordination,stat_morale,12.0000,add,data/unit_stats/source_exports/db/special_ability_phase_stat_effects_tables/data__.tsv,1493,9.0.1
wh3_dlc26_unit_passive_webweavin,scalar_speed,0.8500,mult,data/unit_stats/source_exports/db/special_ability_phase_stat_effects_tables/data__.tsv,1494,9.0.1
wh3_dlc26_unit_passive_webweavin,stat_melee_defence,-5.0000,add,data/unit_stats/source_exports/db/special_ability_phase_stat_effects_tables/data__.tsv,1495,9.0.1
wh3_dlc26_weapon_abilities_bloodstorm_blades,stat_bonus_vs_infantry,16.0000,add,data/unit_stats/source_exports/db/special_ability_phase_stat_effects_tables/data__.tsv,1496,9.0.1
wh3_dlc26_weapon_abilities_bloodstorm_blades,stat_melee_damage_ap,1.7500,mult,data/unit_stats/source_exports/db/special_ability_phase_stat_effects_tables/data__.tsv,1497,9.0.1
wh3_dlc26_weapon_abilities_bloodstorm_blades,stat_melee_damage_base,1.7500,mult,data/unit_stats/source_exports/db/special_ability_phase_stat_effects_tables/data__.tsv,1498,9.0.1
wh3_dlc26_weapon_abilities_fangspike,stat_charge_bonus,1.4000,mult,data/unit_stats/source_exports/db/special_ability_phase_stat_effects_tables/data__.tsv,1499,9.0.1
wh3_dlc26_weapon_abilities_fangspike,stat_melee_damage_ap,1.5000,mult,data/unit_stats/source_exports/db/special_ability_phase_stat_effects_tables/data__.tsv,1500,9.0.1
wh3_dlc26_weapon_abilities_fangspike,stat_melee_damage_base,1.5000,mult,data/unit_stats/source_exports/db/special_ability_phase_stat_effects_tables/data__.tsv,1501,9.0.1
wh3_dlc26_weapon_abilities_great_gutgouger,stat_melee_attack,24.0000,add,data/unit_stats/source_exports/db/special_ability_phase_stat_effects_tables/data__.tsv,1502,9.0.1
wh3_dlc26_weapon_abilities_great_gutgouger,stat_melee_damage_ap,1.5000,mult,data/unit_stats/source_exports/db/special_ability_phase_stat_effects_tables/data__.tsv,1503,9.0.1
wh3_dlc26_weapon_abilities_great_gutgouger,stat_melee_damage_base,1.5000,mult,data/unit_stats/source_exports/db/special_ability_phase_stat_effects_tables/data__.tsv,1504,9.0.1
wh3_dlc26_weapon_abilities_morglor_the_mangler,scalar_charge_speed,1.2500,mult,data/unit_stats/source_exports/db/special_ability_phase_stat_effects_tables/data__.tsv,1505,9.0.1
wh3_dlc26_weapon_abilities_morglor_the_mangler,stat_charge_bonus,1.2000,mult,data/unit_stats/source_exports/db/special_ability_phase_stat_effects_tables/data__.tsv,1506,9.0.1
wh3_dlc26_weapon_abilities_morglor_the_mangler,stat_melee_damage_ap,1.7500,mult,data/unit_stats/source_exports/db/special_ability_phase_stat_effects_tables/data__.tsv,1507,9.0.1
wh3_dlc26_weapon_abilities_morglor_the_mangler,stat_melee_damage_base,1.7500,mult,data/unit_stats/source_exports/db/special_ability_phase_stat_effects_tables/data__.tsv,1508,9.0.1
wh3_dlc26_weapon_abilities_the_slayer_sword,stat_melee_attack,24.0000,add,data/unit_stats/source_exports/db/special_ability_phase_stat_effects_tables/data__.tsv,1509,9.0.1
wh3_dlc26_weapon_abilities_the_slayer_sword,stat_melee_damage_ap,1.5000,mult,data/unit_stats/source_exports/db/special_ability_phase_stat_effects_tables/data__.tsv,1510,9.0.1
wh3_dlc26_weapon_abilities_the_slayer_sword,stat_melee_damage_base,1.5000,mult,data/unit_stats/source_exports/db/special_ability_phase_stat_effects_tables/data__.tsv,1511,9.0.1
wh3_dlc26_weapon_passive_destroyer_of_khorne,stat_charge_bonus,1.2000,mult,data/unit_stats/source_exports/db/special_ability_phase_stat_effects_tables/data__.tsv,1512,9.0.1
wh3_dlc26_weapon_passive_destroyer_of_khorne,stat_melee_attack,20.0000,add,data/unit_stats/source_exports/db/special_ability_phase_stat_effects_tables/data__.tsv,1513,9.0.1
wh3_dlc26_weapon_passive_destroyer_of_khorne,stat_melee_damage_ap,1.2500,mult,data/unit_stats/source_exports/db/special_ability_phase_stat_effects_tables/data__.tsv,1514,9.0.1
wh3_dlc26_weapon_passive_destroyer_of_khorne,stat_melee_damage_base,1.2500,mult,data/unit_stats/source_exports/db/special_ability_phase_stat_effects_tables/data__.tsv,1515,9.0.1
wh3_dlc27_anc_dechala_gift_adoration,scalar_speed,1.1500,mult,data/unit_stats/source_exports/db/special_ability_phase_stat_effects_tables/data__.tsv,1516,9.0.1
wh3_dlc27_anc_dechala_gift_adoration,stat_melee_attack,5.0000,add,data/unit_stats/source_exports/db/special_ability_phase_stat_effects_tables/data__.tsv,1517,9.0.1
wh3_dlc27_anc_dechala_gift_adoration,stat_melee_defence,5.0000,add,data/unit_stats/source_exports/db/special_ability_phase_stat_effects_tables/data__.tsv,1518,9.0.1
wh3_dlc27_anc_dechala_gift_death,stat_morale,-12.0000,add,data/unit_stats/source_exports/db/special_ability_phase_stat_effects_tables/data__.tsv,1519,9.0.1
wh3_dlc27_army_abilities_eternal_dance_tempo_3_fate_of_desperation,stat_melee_damage_ap,0.6500,mult,data/unit_stats/source_exports/db/special_ability_phase_stat_effects_tables/data__.tsv,1520,9.0.1
wh3_dlc27_army_abilities_eternal_dance_tempo_3_fate_of_desperation,stat_melee_damage_base,0.6500,mult,data/unit_stats/source_exports/db/special_ability_phase_stat_effects_tables/data__.tsv,1521,9.0.1
wh3_dlc27_army_abilities_eternal_dance_tempo_3_fate_of_desperation,stat_melee_defence,-24.0000,add,data/unit_stats/source_exports/db/special_ability_phase_stat_effects_tables/data__.tsv,1522,9.0.1
wh3_dlc27_army_abilities_eternal_dance_tempo_3_insidious_allure,stat_armour,-50.0000,add,data/unit_stats/source_exports/db/special_ability_phase_stat_effects_tables/data__.tsv,1523,9.0.1
wh3_dlc27_army_abilities_eternal_dance_tempo_3_jesters_laughter,stat_charge_bonus,0.5000,mult,data/unit_stats/source_exports/db/special_ability_phase_stat_effects_tables/data__.tsv,1524,9.0.1
wh3_dlc27_army_abilities_eternal_dance_tempo_3_nectar_of_the_daemonette,stat_melee_attack,36.0000,add,data/unit_stats/source_exports/db/special_ability_phase_stat_effects_tables/data__.tsv,1525,9.0.1
wh3_dlc27_army_abilities_eternal_dance_tempo_3_nectar_of_the_daemonette,stat_melee_damage_ap,1.7500,mult,data/unit_stats/source_exports/db/special_ability_phase_stat_effects_tables/data__.tsv,1526,9.0.1
wh3_dlc27_army_abilities_eternal_dance_tempo_3_nectar_of_the_daemonette,stat_melee_damage_base,1.7500,mult,data/unit_stats/source_exports/db/special_ability_phase_stat_effects_tables/data__.tsv,1527,9.0.1
wh3_dlc27_army_abilities_eternal_dance_tempo_3_nectar_of_the_daemonette,stat_melee_defence,36.0000,add,data/unit_stats/source_exports/db/special_ability_phase_stat_effects_tables/data__.tsv,1528,9.0.1
wh3_dlc27_army_abilities_eternal_dance_tempo_3_needful_caress,stat_missile_block_chance,30.0000,add,data/unit_stats/source_exports/db/special_ability_phase_stat_effects_tables/data__.tsv,1529,9.0.1
wh3_dlc27_army_abilities_eternal_dance_tempo_3_needful_caress,stat_resistance_all,20.0000,add,data/unit_stats/source_exports/db/special_ability_phase_stat_effects_tables/data__.tsv,1530,9.0.1
wh3_dlc27_army_abilities_eternal_dance_tempo_3_revelry_and_madness,stat_melee_damage_ap,1.4000,mult,data/unit_stats/source_exports/db/special_ability_phase_stat_effects_tables/data__.tsv,1531,9.0.1
wh3_dlc27_army_abilities_eternal_dance_tempo_3_revelry_and_madness,stat_melee_damage_base,1.4000,mult,data/unit_stats/source_exports/db/special_ability_phase_stat_effects_tables/data__.tsv,1532,9.0.1
wh3_dlc27_army_abilities_eternal_dance_tempo_3_streams_of_euphoria,scalar_splash_attack_power,1.5000,mult,data/unit_stats/source_exports/db/special_ability_phase_stat_effects_tables/data__.tsv,1533,9.0.1
wh3_dlc27_army_abilities_eternal_dance_tempo_3_streams_of_euphoria,stat_bonus_vs_infantry,16.0000,add,data/unit_stats/source_exports/db/special_ability_phase_stat_effects_tables/data__.tsv,1534,9.0.1
wh3_dlc27_army_abilities_eternal_dance_tempo_3_streams_of_euphoria,stat_melee_attack,16.0000,add,data/unit_stats/source_exports/db/special_ability_phase_stat_effects_tables/data__.tsv,1535,9.0.1
wh3_dlc27_army_abilities_eternal_dance_tempo_3_submission_to_the_prince,stat_armour,-60.0000,add,data/unit_stats/source_exports/db/special_ability_phase_stat_effects_tables/data__.tsv,1536,9.0.1
wh3_dlc27_army_abilities_eternal_dance_tempo_3_submission_to_the_prince,stat_melee_defence,-40.0000,add,data/unit_stats/source_exports/db/special_ability_phase_stat_effects_tables/data__.tsv,1537,9.0.1
wh3_dlc27_army_passive_eternal_dance_tempo_3_footsteps_of_sorrow,stat_morale,-16.0000,add,data/unit_stats/source_exports/db/special_ability_phase_stat_effects_tables/data__.tsv,1538,9.0.1
wh3_dlc27_army_passive_eternal_dance_tempo_3_masters_ascendancy,scalar_speed,1.2000,mult,data/unit_stats/source_exports/db/special_ability_phase_stat_effects_tables/data__.tsv,1539,9.0.1
wh3_dlc27_army_passive_eternal_dance_tempo_3_masters_ascendancy,stat_morale,8.0000,add,data/unit_stats/source_exports/db/special_ability_phase_stat_effects_tables/data__.tsv,1540,9.0.1
wh3_dlc27_army_passive_eternal_dance_tempo_3_masters_ascendancy,stat_resistance_physical,15.0000,add,data/unit_stats/source_exports/db/special_ability_phase_stat_effects_tables/data__.tsv,1541,9.0.1
wh3_dlc27_character_abilities_captain_of_the_phoenix_guard,stat_resistance_physical,30.0000,add,data/unit_stats/source_exports/db/special_ability_phase_stat_effects_tables/data__.tsv,1542,9.0.1
wh3_dlc27_character_abilities_iron_hand_captain,stat_morale,100.0000,add,data/unit_stats/source_exports/db/special_ability_phase_stat_effects_tables/data__.tsv,1543,9.0.1
wh3_dlc27_character_abilities_master_of_mists_custom,scalar_missile_damage_ap,1.2500,mult,data/unit_stats/source_exports/db/special_ability_phase_stat_effects_tables/data__.tsv,1544,9.0.1
wh3_dlc27_character_abilities_master_of_mists_custom,scalar_missile_damage_base,1.2500,mult,data/unit_stats/source_exports/db/special_ability_phase_stat_effects_tables/data__.tsv,1545,9.0.1
wh3_dlc27_character_abilities_master_of_mists_custom,scalar_missile_range,1.5000,mult,data/unit_stats/source_exports/db/special_ability_phase_stat_effects_tables/data__.tsv,1546,9.0.1
wh3_dlc27_character_abilities_master_of_mists_custom,stat_reloading,20.0000,add,data/unit_stats/source_exports/db/special_ability_phase_stat_effects_tables/data__.tsv,1547,9.0.1
wh3_dlc27_character_abilities_master_of_mists,scalar_missile_damage_ap,1.2500,mult,data/unit_stats/source_exports/db/special_ability_phase_stat_effects_tables/data__.tsv,1548,9.0.1
wh3_dlc27_character_abilities_master_of_mists,scalar_missile_damage_base,1.2500,mult,data/unit_stats/source_exports/db/special_ability_phase_stat_effects_tables/data__.tsv,1549,9.0.1
wh3_dlc27_character_abilities_master_of_mists,scalar_missile_range,1.5000,mult,data/unit_stats/source_exports/db/special_ability_phase_stat_effects_tables/data__.tsv,1550,9.0.1
wh3_dlc27_character_abilities_master_of_mists,stat_reloading,20.0000,add,data/unit_stats/source_exports/db/special_ability_phase_stat_effects_tables/data__.tsv,1551,9.0.1
wh3_dlc27_character_abilities_murderous_mastery,stat_charge_bonus,1.1500,mult,data/unit_stats/source_exports/db/special_ability_phase_stat_effects_tables/data__.tsv,1552,9.0.1
wh3_dlc27_character_abilities_murderous_mastery,stat_melee_attack,1.1500,mult,data/unit_stats/source_exports/db/special_ability_phase_stat_effects_tables/data__.tsv,1553,9.0.1
wh3_dlc27_character_abilities_murderous_mastery,stat_morale,8.0000,add,data/unit_stats/source_exports/db/special_ability_phase_stat_effects_tables/data__.tsv,1554,9.0.1
wh3_dlc27_character_abilities_slezuzus_voice,stat_morale,16.0000,add,data/unit_stats/source_exports/db/special_ability_phase_stat_effects_tables/data__.tsv,1555,9.0.1
wh3_dlc27_character_passive_banner_of_depravity_ally,scalar_speed,1.5000,mult,data/unit_stats/source_exports/db/special_ability_phase_stat_effects_tables/data__.tsv,1556,9.0.1
wh3_dlc27_character_passive_banner_of_depravity_ally,stat_morale,8.0000,add,data/unit_stats/source_exports/db/special_ability_phase_stat_effects_tables/data__.tsv,1557,9.0.1
wh3_dlc27_character_passive_banner_of_depravity_enemy,scalar_speed,0.5000,mult,data/unit_stats/source_exports/db/special_ability_phase_stat_effects_tables/data__.tsv,1558,9.0.1
wh3_dlc27_character_passive_banner_of_depravity_enemy,stat_melee_defence,-8.0000,add,data/unit_stats/source_exports/db/special_ability_phase_stat_effects_tables/data__.tsv,1559,9.0.1
wh3_dlc27_character_passive_glorious_slaughter,scalar_speed,1.2500,mult,data/unit_stats/source_exports/db/special_ability_phase_stat_effects_tables/data__.tsv,1560,9.0.1
wh3_dlc27_character_passive_glorious_slaughter,stat_charge_bonus,1.1000,mult,data/unit_stats/source_exports/db/special_ability_phase_stat_effects_tables/data__.tsv,1561,9.0.1
wh3_dlc27_character_passive_glorious_slaughter,stat_melee_attack,8.0000,add,data/unit_stats/source_exports/db/special_ability_phase_stat_effects_tables/data__.tsv,1562,9.0.1
wh3_dlc27_character_passive_hounds_gaze,stat_melee_damage_ap,1.2000,mult,data/unit_stats/source_exports/db/special_ability_phase_stat_effects_tables/data__.tsv,1563,9.0.1
wh3_dlc27_character_passive_hounds_gaze,stat_melee_damage_base,1.2000,mult,data/unit_stats/source_exports/db/special_ability_phase_stat_effects_tables/data__.tsv,1564,9.0.1
wh3_dlc27_character_passive_hounds_gaze,stat_morale,6.0000,add,data/unit_stats/source_exports/db/special_ability_phase_stat_effects_tables/data__.tsv,1565,9.0.1
wh3_dlc27_character_passive_infernal_puppet,scalar_miscast_chance,1.5000,mult,data/unit_stats/source_exports/db/special_ability_phase_stat_effects_tables/data__.tsv,1566,9.0.1
wh3_dlc27_character_passive_supernatural_mist,stat_damage_reflection,10.0000,add,data/unit_stats/source_exports/db/special_ability_phase_stat_effects_tables/data__.tsv,1567,9.0.1
wh3_dlc27_character_passive_supernatural_mist,stat_resistance_missile,10.0000,add,data/unit_stats/source_exports/db/special_ability_phase_stat_effects_tables/data__.tsv,1568,9.0.1
wh3_dlc27_character_passive_thrill_of_battle,stat_melee_defence,24.0000,add,data/unit_stats/source_exports/db/special_ability_phase_stat_effects_tables/data__.tsv,1569,9.0.1
wh3_dlc27_character_passive_war_cry,stat_melee_attack,24.0000,add,data/unit_stats/source_exports/db/special_ability_phase_stat_effects_tables/data__.tsv,1570,9.0.1
wh3_dlc27_character_passive_war_cry,stat_melee_defence,24.0000,add,data/unit_stats/source_exports/db/special_ability_phase_stat_effects_tables/data__.tsv,1571,9.0.1
wh3_dlc27_character_passive_war_cry,stat_morale,16.0000,add,data/unit_stats/source_exports/db/special_ability_phase_stat_effects_tables/data__.tsv,1572,9.0.1
wh3_dlc27_effect_contact_phase_windstruck_short,scalar_charge_speed,0.6000,mult,data/unit_stats/source_exports/db/special_ability_phase_stat_effects_tables/data__.tsv,1573,9.0.1
wh3_dlc27_effect_contact_phase_windstruck_short,scalar_entity_acceleration_modifier,0.3500,mult,data/unit_stats/source_exports/db/special_ability_phase_stat_effects_tables/data__.tsv,1574,9.0.1
wh3_dlc27_effect_contact_phase_windstruck_short,scalar_speed,0.6000,mult,data/unit_stats/source_exports/db/special_ability_phase_stat_effects_tables/data__.tsv,1575,9.0.1
wh3_dlc27_hero_abilities_favoured_by_the_matriarch,stat_melee_attack,24.0000,add,data/unit_stats/source_exports/db/special_ability_phase_stat_effects_tables/data__.tsv,1576,9.0.1
wh3_dlc27_hero_abilities_favoured_by_the_matriarch,stat_morale,8.0000,add,data/unit_stats/source_exports/db/special_ability_phase_stat_effects_tables/data__.tsv,1577,9.0.1
wh3_dlc27_hero_passive_disarm,stat_melee_attack,-5.0000,add,data/unit_stats/source_exports/db/special_ability_phase_stat_effects_tables/data__.tsv,1578,9.0.1
wh3_dlc27_hero_passive_disarm,stat_melee_damage_ap,0.7500,mult,data/unit_stats/source_exports/db/special_ability_phase_stat_effects_tables/data__.tsv,1579,9.0.1
wh3_dlc27_hero_passive_disarm,stat_melee_damage_base,0.7500,mult,data/unit_stats/source_exports/db/special_ability_phase_stat_effects_tables/data__.tsv,1580,9.0.1
wh3_dlc27_hero_passive_shrouding_mists,stat_melee_defence,5.0000,add,data/unit_stats/source_exports/db/special_ability_phase_stat_effects_tables/data__.tsv,1581,9.0.1
wh3_dlc27_hero_passive_shrouding_mists,stat_resistance_missile,10.0000,add,data/unit_stats/source_exports/db/special_ability_phase_stat_effects_tables/data__.tsv,1582,9.0.1
wh3_dlc27_item_abilities_bear_fang_talisman,stat_resistance_all,40.0000,add,data/unit_stats/source_exports/db/special_ability_phase_stat_effects_tables/data__.tsv,1583,9.0.1
wh3_dlc27_item_abilities_power_familiar,scalar_spell_mastery,1.2000,mult,data/unit_stats/source_exports/db/special_ability_phase_stat_effects_tables/data__.tsv,1584,9.0.1
wh3_dlc27_item_abilities_preyton_horn_allies,stat_morale,8.0000,add,data/unit_stats/source_exports/db/special_ability_phase_stat_effects_tables/data__.tsv,1585,9.0.1
wh3_dlc27_item_abilities_preyton_horn_enemy,stat_morale,-8.0000,add,data/unit_stats/source_exports/db/special_ability_phase_stat_effects_tables/data__.tsv,1586,9.0.1
wh3_dlc27_item_abilities_warrior_familiar,stat_melee_attack,24.0000,add,data/unit_stats/source_exports/db/special_ability_phase_stat_effects_tables/data__.tsv,1587,9.0.1
wh3_dlc27_item_abilities_warrior_familiar,stat_melee_defence,24.0000,add,data/unit_stats/source_exports/db/special_ability_phase_stat_effects_tables/data__.tsv,1588,9.0.1
wh3_dlc27_item_passive_blade_of_the_old_gods,stat_melee_attack,20.0000,add,data/unit_stats/source_exports/db/special_ability_phase_stat_effects_tables/data__.tsv,1589,9.0.1
wh3_dlc27_item_passive_blade_of_the_old_gods,stat_melee_damage_ap,1.4000,mult,data/unit_stats/source_exports/db/special_ability_phase_stat_effects_tables/data__.tsv,1590,9.0.1
wh3_dlc27_item_passive_blade_of_the_old_gods,stat_melee_damage_base,1.4000,mult,data/unit_stats/source_exports/db/special_ability_phase_stat_effects_tables/data__.tsv,1591,9.0.1
wh3_dlc27_item_passive_carrion_spine,scalar_speed,1.1000,mult,data/unit_stats/source_exports/db/special_ability_phase_stat_effects_tables/data__.tsv,1592,9.0.1
wh3_dlc27_item_passive_charm_of_the_gods_allies,stat_melee_defence,10.0000,add,data/unit_stats/source_exports/db/special_ability_phase_stat_effects_tables/data__.tsv,1593,9.0.1
wh3_dlc27_item_passive_charm_of_the_gods_self,stat_melee_defence,10.0000,add,data/unit_stats/source_exports/db/special_ability_phase_stat_effects_tables/data__.tsv,1594,9.0.1
wh3_dlc27_item_passive_frost_fane_axe,stat_melee_damage_ap,1.3000,mult,data/unit_stats/source_exports/db/special_ability_phase_stat_effects_tables/data__.tsv,1595,9.0.1
wh3_dlc27_item_passive_frost_fane_axe,stat_melee_damage_base,1.3000,mult,data/unit_stats/source_exports/db/special_ability_phase_stat_effects_tables/data__.tsv,1596,9.0.1
wh3_dlc27_item_passive_frost_fane_axe,stat_resistance_magic,30.0000,add,data/unit_stats/source_exports/db/special_ability_phase_stat_effects_tables/data__.tsv,1597,9.0.1
wh3_dlc27_item_passive_golden_shield,stat_melee_attack,-5.0000,add,data/unit_stats/source_exports/db/special_ability_phase_stat_effects_tables/data__.tsv,1598,9.0.1
wh3_dlc27_item_passive_icon_of_the_old_gods,stat_damage_reflection,24.0000,add,data/unit_stats/source_exports/db/special_ability_phase_stat_effects_tables/data__.tsv,1599,9.0.1
wh3_dlc27_item_passive_icon_of_the_old_gods,stat_missile_block_chance,20.0000,add,data/unit_stats/source_exports/db/special_ability_phase_stat_effects_tables/data__.tsv,1600,9.0.1
wh3_dlc27_item_passive_skinhidden_plate,stat_armour,15.0000,add,data/unit_stats/source_exports/db/special_ability_phase_stat_effects_tables/data__.tsv,1601,9.0.1
wh3_dlc27_item_passive_stone_of_shyish,scalar_spell_mastery,1.3000,mult,data/unit_stats/source_exports/db/special_ability_phase_stat_effects_tables/data__.tsv,1602,9.0.1
wh3_dlc27_item_passive_temakadors_gauntlets,stat_armour,15.0000,add,data/unit_stats/source_exports/db/special_ability_phase_stat_effects_tables/data__.tsv,1603,9.0.1
wh3_dlc27_item_passive_temakadors_gauntlets,stat_bonus_vs_large,8.0000,add,data/unit_stats/source_exports/db/special_ability_phase_stat_effects_tables/data__.tsv,1604,9.0.1
wh3_dlc27_item_passive_temakadors_gauntlets,stat_resistance_all,5.0000,add,data/unit_stats/source_exports/db/special_ability_phase_stat_effects_tables/data__.tsv,1605,9.0.1
wh3_dlc27_lord_abilities_chanson_of_caging_allies,scalar_charge_speed,1.1500,mult,data/unit_stats/source_exports/db/special_ability_phase_stat_effects_tables/data__.tsv,1606,9.0.1
wh3_dlc27_lord_abilities_chanson_of_caging_allies,scalar_speed,1.1500,mult,data/unit_stats/source_exports/db/special_ability_phase_stat_effects_tables/data__.tsv,1607,9.0.1
wh3_dlc27_lord_abilities_chanson_of_caging_allies,stat_resistance_missile,10.0000,add,data/unit_stats/source_exports/db/special_ability_phase_stat_effects_tables/data__.tsv,1608,9.0.1
wh3_dlc27_lord_abilities_chanson_of_caging_enemies,scalar_speed,0.8500,mult,data/unit_stats/source_exports/db/special_ability_phase_stat_effects_tables/data__.tsv,1609,9.0.1
wh3_dlc27_lord_abilities_daggerdance,stat_armour,40.0000,add,data/unit_stats/source_exports/db/special_ability_phase_stat_effects_tables/data__.tsv,1610,9.0.1
wh3_dlc27_lord_abilities_daggerdance,stat_bonus_vs_infantry,-15.0000,add,data/unit_stats/source_exports/db/special_ability_phase_stat_effects_tables/data__.tsv,1611,9.0.1
wh3_dlc27_lord_abilities_daggerdance,stat_melee_damage_ap,0.7500,mult,data/unit_stats/source_exports/db/special_ability_phase_stat_effects_tables/data__.tsv,1612,9.0.1
wh3_dlc27_lord_abilities_daggerdance,stat_melee_damage_base,0.7500,mult,data/unit_stats/source_exports/db/special_ability_phase_stat_effects_tables/data__.tsv,1613,9.0.1
wh3_dlc27_lord_abilities_daggerdance,stat_resistance_all,25.0000,add,data/unit_stats/source_exports/db/special_ability_phase_stat_effects_tables/data__.tsv,1614,9.0.1
wh3_dlc27_lord_abilities_dance_of_destruction,stat_melee_attack,36.0000,add,data/unit_stats/source_exports/db/special_ability_phase_stat_effects_tables/data__.tsv,1615,9.0.1
wh3_dlc27_lord_abilities_dance_of_destruction,stat_melee_damage_ap,1.2500,mult,data/unit_stats/source_exports/db/special_ability_phase_stat_effects_tables/data__.tsv,1616,9.0.1
wh3_dlc27_lord_abilities_dance_of_destruction,stat_melee_damage_base,1.2500,mult,data/unit_stats/source_exports/db/special_ability_phase_stat_effects_tables/data__.tsv,1617,9.0.1
wh3_dlc27_lord_abilities_dance_of_destruction,stat_melee_defence,-24.0000,add,data/unit_stats/source_exports/db/special_ability_phase_stat_effects_tables/data__.tsv,1618,9.0.1
wh3_dlc27_lord_abilities_offering_to_the_gods_2,stat_melee_attack,40.0000,add,data/unit_stats/source_exports/db/special_ability_phase_stat_effects_tables/data__.tsv,1619,9.0.1
wh3_dlc27_lord_abilities_offering_to_the_gods_2,stat_melee_damage_ap,1.2000,mult,data/unit_stats/source_exports/db/special_ability_phase_stat_effects_tables/data__.tsv,1620,9.0.1
wh3_dlc27_lord_abilities_offering_to_the_gods_2,stat_melee_damage_base,1.2000,mult,data/unit_stats/source_exports/db/special_ability_phase_stat_effects_tables/data__.tsv,1621,9.0.1
wh3_dlc27_lord_abilities_offering_to_the_gods_2,stat_morale,16.0000,add,data/unit_stats/source_exports/db/special_ability_phase_stat_effects_tables/data__.tsv,1622,9.0.1
wh3_dlc27_lord_abilities_quicksilver_strike,stat_melee_attack,40.0000,add,data/unit_stats/source_exports/db/special_ability_phase_stat_effects_tables/data__.tsv,1623,9.0.1
wh3_dlc27_lord_abilities_quicksilver_strike,stat_melee_damage_ap,1.5000,mult,data/unit_stats/source_exports/db/special_ability_phase_stat_effects_tables/data__.tsv,1624,9.0.1
wh3_dlc27_lord_abilities_quicksilver_strike,stat_melee_damage_base,1.5000,mult,data/unit_stats/source_exports/db/special_ability_phase_stat_effects_tables/data__.tsv,1625,9.0.1
wh3_dlc27_lord_abilities_the_dance_of_dreaming,stat_morale,-6.0000,add,data/unit_stats/source_exports/db/special_ability_phase_stat_effects_tables/data__.tsv,1626,9.0.1
wh3_dlc27_lord_abilities_the_praise_of_slaanesh,stat_melee_attack,-36.0000,add,data/unit_stats/source_exports/db/special_ability_phase_stat_effects_tables/data__.tsv,1627,9.0.1
wh3_dlc27_lord_abilities_the_praise_of_slaanesh,stat_melee_defence,36.0000,add,data/unit_stats/source_exports/db/special_ability_phase_stat_effects_tables/data__.tsv,1628,9.0.1
wh3_dlc27_lord_abilities_the_praise_of_slaanesh,stat_missile_block_chance,36.0000,add,data/unit_stats/source_exports/db/special_ability_phase_stat_effects_tables/data__.tsv,1629,9.0.1
wh3_dlc27_lord_abilities_the_waltz_of_lethargy_allies,stat_melee_attack,6.0000,add,data/unit_stats/source_exports/db/special_ability_phase_stat_effects_tables/data__.tsv,1630,9.0.1
wh3_dlc27_lord_abilities_the_waltz_of_lethargy_enemies,stat_melee_attack,-6.0000,add,data/unit_stats/source_exports/db/special_ability_phase_stat_effects_tables/data__.tsv,1631,9.0.1
wh3_dlc27_lord_passive_naval_discipline,stat_melee_defence,5.0000,add,data/unit_stats/source_exports/db/special_ability_phase_stat_effects_tables/data__.tsv,1632,9.0.1
wh3_dlc27_lord_passive_naval_discipline,stat_morale,4.0000,add,data/unit_stats/source_exports/db/special_ability_phase_stat_effects_tables/data__.tsv,1633,9.0.1
wh3_dlc27_lore_passive_obscuring_mists,stat_resistance_missile,10.0000,add,data/unit_stats/source_exports/db/special_ability_phase_stat_effects_tables/data__.tsv,1634,9.0.1
wh3_dlc27_qb_unit_abilities_bitter_sting,stat_melee_attack,-24.0000,add,data/unit_stats/source_exports/db/special_ability_phase_stat_effects_tables/data__.tsv,1635,9.0.1
wh3_dlc27_qb_unit_abilities_bitter_sting,stat_melee_defence,-24.0000,add,data/unit_stats/source_exports/db/special_ability_phase_stat_effects_tables/data__.tsv,1636,9.0.1
wh3_dlc27_qb_unit_abilities_bloodsport,stat_charge_bonus,4.0000,mult,data/unit_stats/source_exports/db/special_ability_phase_stat_effects_tables/data__.tsv,1637,9.0.1
wh3_dlc27_qb_unit_abilities_bloodsport,stat_melee_attack,4.0000,mult,data/unit_stats/source_exports/db/special_ability_phase_stat_effects_tables/data__.tsv,1638,9.0.1
wh3_dlc27_qb_unit_abilities_bloodsport,stat_melee_damage_ap,4.0000,mult,data/unit_stats/source_exports/db/special_ability_phase_stat_effects_tables/data__.tsv,1639,9.0.1
wh3_dlc27_qb_unit_abilities_bloodsport,stat_melee_damage_base,4.0000,mult,data/unit_stats/source_exports/db/special_ability_phase_stat_effects_tables/data__.tsv,1640,9.0.1
wh3_dlc27_qb_unit_abilities_brutality,scalar_splash_attack_power,3.0000,mult,data/unit_stats/source_exports/db/special_ability_phase_stat_effects_tables/data__.tsv,1641,9.0.1
wh3_dlc27_qb_unit_abilities_brutality,stat_charge_bonus,3.0000,mult,data/unit_stats/source_exports/db/special_ability_phase_stat_effects_tables/data__.tsv,1642,9.0.1
wh3_dlc27_qb_unit_abilities_brutality,stat_healing_power,0.0000,mult,data/unit_stats/source_exports/db/special_ability_phase_stat_effects_tables/data__.tsv,1643,9.0.1
wh3_dlc27_qb_unit_abilities_brutality,stat_mass,3.0000,mult,data/unit_stats/source_exports/db/special_ability_phase_stat_effects_tables/data__.tsv,1644,9.0.1
wh3_dlc27_qb_unit_abilities_brutality,stat_melee_damage_base,3.0000,mult,data/unit_stats/source_exports/db/special_ability_phase_stat_effects_tables/data__.tsv,1645,9.0.1
wh3_dlc27_qb_unit_abilities_corrosive_coating,stat_damage_reflection,24.0000,add,data/unit_stats/source_exports/db/special_ability_phase_stat_effects_tables/data__.tsv,1646,9.0.1
wh3_dlc27_qb_unit_abilities_corrosive_coating,stat_resistance_physical,25.0000,add,data/unit_stats/source_exports/db/special_ability_phase_stat_effects_tables/data__.tsv,1647,9.0.1
wh3_dlc27_qb_unit_abilities_frenzied_challenge,scalar_speed,1.2500,mult,data/unit_stats/source_exports/db/special_ability_phase_stat_effects_tables/data__.tsv,1648,9.0.1
wh3_dlc27_qb_unit_abilities_frenzied_challenge,stat_melee_defence,-24.0000,add,data/unit_stats/source_exports/db/special_ability_phase_stat_effects_tables/data__.tsv,1649,9.0.1
wh3_dlc27_qb_unit_abilities_guttural_roar,stat_melee_damage_base,0.8500,mult,data/unit_stats/source_exports/db/special_ability_phase_stat_effects_tables/data__.tsv,1650,9.0.1
wh3_dlc27_qb_unit_abilities_guttural_roar,stat_melee_defence,-16.0000,add,data/unit_stats/source_exports/db/special_ability_phase_stat_effects_tables/data__.tsv,1651,9.0.1
wh3_dlc27_qb_unit_abilities_guttural_roar,stat_morale,-24.0000,add,data/unit_stats/source_exports/db/special_ability_phase_stat_effects_tables/data__.tsv,1652,9.0.1
wh3_dlc27_qb_unit_abilities_insanity,stat_morale,-32.0000,add,data/unit_stats/source_exports/db/special_ability_phase_stat_effects_tables/data__.tsv,1653,9.0.1
wh3_dlc27_qb_unit_abilities_petrifying_aura_01,scalar_speed,0.7500,mult,data/unit_stats/source_exports/db/special_ability_phase_stat_effects_tables/data__.tsv,1654,9.0.1
wh3_dlc27_qb_unit_abilities_petrifying_aura_01,stat_resistance_magic,-5.0000,add,data/unit_stats/source_exports/db/special_ability_phase_stat_effects_tables/data__.tsv,1655,9.0.1
wh3_dlc27_qb_unit_abilities_petrifying_aura_02,scalar_speed,0.5000,mult,data/unit_stats/source_exports/db/special_ability_phase_stat_effects_tables/data__.tsv,1656,9.0.1
wh3_dlc27_qb_unit_abilities_petrifying_aura_02,stat_resistance_magic,-10.0000,add,data/unit_stats/source_exports/db/special_ability_phase_stat_effects_tables/data__.tsv,1657,9.0.1
wh3_dlc27_qb_unit_abilities_petrifying_aura_03,scalar_speed,0.2500,mult,data/unit_stats/source_exports/db/special_ability_phase_stat_effects_tables/data__.tsv,1658,9.0.1
wh3_dlc27_qb_unit_abilities_petrifying_aura_03,stat_resistance_magic,-15.0000,add,data/unit_stats/source_exports/db/special_ability_phase_stat_effects_tables/data__.tsv,1659,9.0.1
wh3_dlc27_qb_unit_abilities_petrifying_aura_04,stat_resistance_magic,-20.0000,add,data/unit_stats/source_exports/db/special_ability_phase_stat_effects_tables/data__.tsv,1660,9.0.1
wh3_dlc27_qb_unit_abilities_razor_sharp_teeth,stat_melee_damage_ap,3.0000,mult,data/unit_stats/source_exports/db/special_ability_phase_stat_effects_tables/data__.tsv,1661,9.0.1
wh3_dlc27_qb_unit_abilities_runt_of_the_litter,scalar_splash_attack_power,3.0000,mult,data/unit_stats/source_exports/db/special_ability_phase_stat_effects_tables/data__.tsv,1662,9.0.1
wh3_dlc27_qb_unit_abilities_runt_of_the_litter,stat_melee_defence,48.0000,add,data/unit_stats/source_exports/db/special_ability_phase_stat_effects_tables/data__.tsv,1663,9.0.1
wh3_dlc27_qb_unit_abilities_runt_of_the_litter,stat_resistance_physical,50.0000,add,data/unit_stats/source_exports/db/special_ability_phase_stat_effects_tables/data__.tsv,1664,9.0.1
wh3_dlc27_qb_unit_abilities_too_stubborn_to_die,stat_resistance_all,50.0000,add,data/unit_stats/source_exports/db/special_ability_phase_stat_effects_tables/data__.tsv,1665,9.0.1
wh3_dlc27_qb_unit_abilities_visions_of_madness,stat_morale,-16.0000,add,data/unit_stats/source_exports/db/special_ability_phase_stat_effects_tables/data__.tsv,1666,9.0.1
wh3_dlc27_qb_unit_passive_ascendants_hubris,stat_melee_attack,25.0000,add,data/unit_stats/source_exports/db/special_ability_phase_stat_effects_tables/data__.tsv,1667,9.0.1
wh3_dlc27_qb_unit_passive_ascendants_hubris,stat_melee_damage_ap,3.0000,mult,data/unit_stats/source_exports/db/special_ability_phase_stat_effects_tables/data__.tsv,1668,9.0.1
wh3_dlc27_qb_unit_passive_ascendants_hubris,stat_melee_damage_base,3.0000,mult,data/unit_stats/source_exports/db/special_ability_phase_stat_effects_tables/data__.tsv,1669,9.0.1
wh3_dlc27_qb_unit_passive_ascendants_hubris,stat_melee_defence,25.0000,add,data/unit_stats/source_exports/db/special_ability_phase_stat_effects_tables/data__.tsv,1670,9.0.1
wh3_dlc27_qb_unit_passive_insatiable_hunger_iii,stat_damage_reflection,24.0000,add,data/unit_stats/source_exports/db/special_ability_phase_stat_effects_tables/data__.tsv,1671,9.0.1
wh3_dlc27_qb_unit_passive_insatiable_hunger_iii,stat_melee_damage_ap,3.0000,mult,data/unit_stats/source_exports/db/special_ability_phase_stat_effects_tables/data__.tsv,1672,9.0.1
wh3_dlc27_qb_unit_passive_insatiable_hunger_ii,stat_melee_damage_ap,2.5000,mult,data/unit_stats/source_exports/db/special_ability_phase_stat_effects_tables/data__.tsv,1673,9.0.1
wh3_dlc27_qb_unit_passive_insatiable_hunger_i,stat_melee_damage_ap,2.0000,mult,data/unit_stats/source_exports/db/special_ability_phase_stat_effects_tables/data__.tsv,1674,9.0.1
wh3_dlc27_qb_unit_passive_living_furnace,stat_damage_reflection,20.0000,add,data/unit_stats/source_exports/db/special_ability_phase_stat_effects_tables/data__.tsv,1675,9.0.1
wh3_dlc27_qb_unit_passive_molten_body,stat_damage_reflection,60.0000,add,data/unit_stats/source_exports/db/special_ability_phase_stat_effects_tables/data__.tsv,1676,9.0.1
wh3_dlc27_qb_unit_passive_molten_body,stat_resistance_physical,75.0000,add,data/unit_stats/source_exports/db/special_ability_phase_stat_effects_tables/data__.tsv,1677,9.0.1
wh3_dlc27_qb_unit_passive_undoubtful_pride,stat_resistance_physical,25.0000,add,data/unit_stats/source_exports/db/special_ability_phase_stat_effects_tables/data__.tsv,1678,9.0.1
wh3_dlc27_recipe_mark_of_vindictiveness_ascendancy_i_debuff,stat_melee_attack,-12.0000,add,data/unit_stats/source_exports/db/special_ability_phase_stat_effects_tables/data__.tsv,1679,9.0.1
wh3_dlc27_recipe_mark_of_vindictiveness_ascendancy_i_debuff,stat_melee_damage_ap,0.5000,mult,data/unit_stats/source_exports/db/special_ability_phase_stat_effects_tables/data__.tsv,1680,9.0.1
wh3_dlc27_recipe_mark_of_vindictiveness_ascendancy_i_debuff,stat_melee_damage_base,0.5000,mult,data/unit_stats/source_exports/db/special_ability_phase_stat_effects_tables/data__.tsv,1681,9.0.1
wh3_dlc27_recipe_mark_of_vindictiveness_ascendancy_i_debuff,stat_melee_defence,-12.0000,add,data/unit_stats/source_exports/db/special_ability_phase_stat_effects_tables/data__.tsv,1682,9.0.1
wh3_dlc27_recipe_mark_of_vindictiveness_ascendancy_ii_debuff,stat_melee_attack,-12.0000,add,data/unit_stats/source_exports/db/special_ability_phase_stat_effects_tables/data__.tsv,1683,9.0.1
wh3_dlc27_recipe_mark_of_vindictiveness_ascendancy_ii_debuff,stat_melee_damage_ap,0.5000,mult,data/unit_stats/source_exports/db/special_ability_phase_stat_effects_tables/data__.tsv,1684,9.0.1
wh3_dlc27_recipe_mark_of_vindictiveness_ascendancy_ii_debuff,stat_melee_damage_base,0.5000,mult,data/unit_stats/source_exports/db/special_ability_phase_stat_effects_tables/data__.tsv,1685,9.0.1
wh3_dlc27_recipe_mark_of_vindictiveness_ascendancy_ii_debuff,stat_melee_defence,-12.0000,add,data/unit_stats/source_exports/db/special_ability_phase_stat_effects_tables/data__.tsv,1686,9.0.1
wh3_dlc27_recipe_mark_of_vindictiveness_ascendancy_iii_debuff,stat_melee_attack,-12.0000,add,data/unit_stats/source_exports/db/special_ability_phase_stat_effects_tables/data__.tsv,1687,9.0.1
wh3_dlc27_recipe_mark_of_vindictiveness_ascendancy_iii_debuff,stat_melee_damage_ap,0.5000,mult,data/unit_stats/source_exports/db/special_ability_phase_stat_effects_tables/data__.tsv,1688,9.0.1
wh3_dlc27_recipe_mark_of_vindictiveness_ascendancy_iii_debuff,stat_melee_damage_base,0.5000,mult,data/unit_stats/source_exports/db/special_ability_phase_stat_effects_tables/data__.tsv,1689,9.0.1
wh3_dlc27_recipe_mark_of_vindictiveness_ascendancy_iii_debuff,stat_melee_defence,-12.0000,add,data/unit_stats/source_exports/db/special_ability_phase_stat_effects_tables/data__.tsv,1690,9.0.1
wh3_dlc27_recipe_mark_of_vindictiveness_ascendancy_iii,scalar_speed,1.4500,mult,data/unit_stats/source_exports/db/special_ability_phase_stat_effects_tables/data__.tsv,1691,9.0.1
wh3_dlc27_recipe_mark_of_vindictiveness_ascendancy_iii,stat_melee_attack,20.0000,add,data/unit_stats/source_exports/db/special_ability_phase_stat_effects_tables/data__.tsv,1692,9.0.1
wh3_dlc27_recipe_mark_of_vindictiveness_ascendancy_iii,stat_melee_damage_ap,1.5000,mult,data/unit_stats/source_exports/db/special_ability_phase_stat_effects_tables/data__.tsv,1693,9.0.1
wh3_dlc27_recipe_mark_of_vindictiveness_ascendancy_iii,stat_melee_damage_base,1.5000,mult,data/unit_stats/source_exports/db/special_ability_phase_stat_effects_tables/data__.tsv,1694,9.0.1
wh3_dlc27_recipe_mark_of_vindictiveness_ascendancy_iii,stat_melee_defence,20.0000,add,data/unit_stats/source_exports/db/special_ability_phase_stat_effects_tables/data__.tsv,1695,9.0.1
wh3_dlc27_recipe_mark_of_vindictiveness_ascendancy_iii,stat_resistance_all,35.0000,add,data/unit_stats/source_exports/db/special_ability_phase_stat_effects_tables/data__.tsv,1696,9.0.1
wh3_dlc27_recipe_mark_of_vindictiveness_ascendancy_ii,scalar_speed,1.4500,mult,data/unit_stats/source_exports/db/special_ability_phase_stat_effects_tables/data__.tsv,1697,9.0.1
wh3_dlc27_recipe_mark_of_vindictiveness_ascendancy_ii,stat_melee_attack,16.0000,add,data/unit_stats/source_exports/db/special_ability_phase_stat_effects_tables/data__.tsv,1698,9.0.1
wh3_dlc27_recipe_mark_of_vindictiveness_ascendancy_ii,stat_melee_damage_ap,1.5000,mult,data/unit_stats/source_exports/db/special_ability_phase_stat_effects_tables/data__.tsv,1699,9.0.1
wh3_dlc27_recipe_mark_of_vindictiveness_ascendancy_ii,stat_melee_damage_base,1.5000,mult,data/unit_stats/source_exports/db/special_ability_phase_stat_effects_tables/data__.tsv,1700,9.0.1
wh3_dlc27_recipe_mark_of_vindictiveness_ascendancy_ii,stat_melee_defence,16.0000,add,data/unit_stats/source_exports/db/special_ability_phase_stat_effects_tables/data__.tsv,1701,9.0.1
wh3_dlc27_recipe_mark_of_vindictiveness_ascendancy_ii,stat_resistance_all,30.0000,add,data/unit_stats/source_exports/db/special_ability_phase_stat_effects_tables/data__.tsv,1702,9.0.1
wh3_dlc27_recipe_mark_of_vindictiveness_ascendancy_i,scalar_speed,1.4500,mult,data/unit_stats/source_exports/db/special_ability_phase_stat_effects_tables/data__.tsv,1703,9.0.1
wh3_dlc27_recipe_mark_of_vindictiveness_ascendancy_i,stat_melee_attack,12.0000,add,data/unit_stats/source_exports/db/special_ability_phase_stat_effects_tables/data__.tsv,1704,9.0.1
wh3_dlc27_recipe_mark_of_vindictiveness_ascendancy_i,stat_melee_damage_ap,1.5000,mult,data/unit_stats/source_exports/db/special_ability_phase_stat_effects_tables/data__.tsv,1705,9.0.1
wh3_dlc27_recipe_mark_of_vindictiveness_ascendancy_i,stat_melee_damage_base,1.5000,mult,data/unit_stats/source_exports/db/special_ability_phase_stat_effects_tables/data__.tsv,1706,9.0.1
wh3_dlc27_recipe_mark_of_vindictiveness_ascendancy_i,stat_melee_defence,12.0000,add,data/unit_stats/source_exports/db/special_ability_phase_stat_effects_tables/data__.tsv,1707,9.0.1
wh3_dlc27_recipe_mark_of_vindictiveness_ascendancy_i,stat_resistance_all,25.0000,add,data/unit_stats/source_exports/db/special_ability_phase_stat_effects_tables/data__.tsv,1708,9.0.1
wh3_dlc27_recipe_mark_of_vindictiveness_denial_iii,stat_melee_defence,16.0000,add,data/unit_stats/source_exports/db/special_ability_phase_stat_effects_tables/data__.tsv,1709,9.0.1
wh3_dlc27_recipe_mark_of_vindictiveness_denial_iii,stat_missile_block_chance,25.0000,add,data/unit_stats/source_exports/db/special_ability_phase_stat_effects_tables/data__.tsv,1710,9.0.1
wh3_dlc27_recipe_mark_of_vindictiveness_denial_iii,stat_resistance_physical,15.0000,add,data/unit_stats/source_exports/db/special_ability_phase_stat_effects_tables/data__.tsv,1711,9.0.1
wh3_dlc27_recipe_mark_of_vindictiveness_denial_ii,stat_melee_defence,12.0000,add,data/unit_stats/source_exports/db/special_ability_phase_stat_effects_tables/data__.tsv,1712,9.0.1
wh3_dlc27_recipe_mark_of_vindictiveness_denial_ii,stat_missile_block_chance,20.0000,add,data/unit_stats/source_exports/db/special_ability_phase_stat_effects_tables/data__.tsv,1713,9.0.1
wh3_dlc27_recipe_mark_of_vindictiveness_denial_ii,stat_resistance_physical,10.0000,add,data/unit_stats/source_exports/db/special_ability_phase_stat_effects_tables/data__.tsv,1714,9.0.1
wh3_dlc27_recipe_mark_of_vindictiveness_denial_i,stat_melee_defence,8.0000,add,data/unit_stats/source_exports/db/special_ability_phase_stat_effects_tables/data__.tsv,1715,9.0.1
wh3_dlc27_recipe_mark_of_vindictiveness_denial_i,stat_missile_block_chance,15.0000,add,data/unit_stats/source_exports/db/special_ability_phase_stat_effects_tables/data__.tsv,1716,9.0.1
wh3_dlc27_recipe_mark_of_vindictiveness_denial_i,stat_resistance_physical,5.0000,add,data/unit_stats/source_exports/db/special_ability_phase_stat_effects_tables/data__.tsv,1717,9.0.1
wh3_dlc27_recipe_mark_of_vindictiveness_despair_iii,stat_morale,-12.0000,add,data/unit_stats/source_exports/db/special_ability_phase_stat_effects_tables/data__.tsv,1718,9.0.1
wh3_dlc27_recipe_mark_of_vindictiveness_despair_ii,stat_morale,-10.0000,add,data/unit_stats/source_exports/db/special_ability_phase_stat_effects_tables/data__.tsv,1719,9.0.1
wh3_dlc27_recipe_mark_of_vindictiveness_despair_i,stat_morale,-8.0000,add,data/unit_stats/source_exports/db/special_ability_phase_stat_effects_tables/data__.tsv,1720,9.0.1
wh3_dlc27_recipe_mark_of_vindictiveness_indolence_iii,scalar_speed,0.8000,mult,data/unit_stats/source_exports/db/special_ability_phase_stat_effects_tables/data__.tsv,1721,9.0.1
wh3_dlc27_recipe_mark_of_vindictiveness_indolence_ii,scalar_speed,0.8500,mult,data/unit_stats/source_exports/db/special_ability_phase_stat_effects_tables/data__.tsv,1722,9.0.1
wh3_dlc27_recipe_mark_of_vindictiveness_indolence_i,scalar_speed,0.9000,mult,data/unit_stats/source_exports/db/special_ability_phase_stat_effects_tables/data__.tsv,1723,9.0.1
wh3_dlc27_recipe_mark_of_vindictiveness_lash_iii,scalar_charge_speed,1.2000,mult,data/unit_stats/source_exports/db/special_ability_phase_stat_effects_tables/data__.tsv,1724,9.0.1
wh3_dlc27_recipe_mark_of_vindictiveness_lash_iii,scalar_speed,1.2000,mult,data/unit_stats/source_exports/db/special_ability_phase_stat_effects_tables/data__.tsv,1725,9.0.1
wh3_dlc27_recipe_mark_of_vindictiveness_lash_iii,stat_charge_bonus,25.0000,add,data/unit_stats/source_exports/db/special_ability_phase_stat_effects_tables/data__.tsv,1726,9.0.1
wh3_dlc27_recipe_mark_of_vindictiveness_lash_ii,scalar_charge_speed,1.1500,mult,data/unit_stats/source_exports/db/special_ability_phase_stat_effects_tables/data__.tsv,1727,9.0.1
wh3_dlc27_recipe_mark_of_vindictiveness_lash_ii,scalar_speed,1.1500,mult,data/unit_stats/source_exports/db/special_ability_phase_stat_effects_tables/data__.tsv,1728,9.0.1
wh3_dlc27_recipe_mark_of_vindictiveness_lash_ii,stat_charge_bonus,20.0000,add,data/unit_stats/source_exports/db/special_ability_phase_stat_effects_tables/data__.tsv,1729,9.0.1
wh3_dlc27_recipe_mark_of_vindictiveness_lash_i,scalar_charge_speed,1.1000,mult,data/unit_stats/source_exports/db/special_ability_phase_stat_effects_tables/data__.tsv,1730,9.0.1
wh3_dlc27_recipe_mark_of_vindictiveness_lash_i,scalar_speed,1.1000,mult,data/unit_stats/source_exports/db/special_ability_phase_stat_effects_tables/data__.tsv,1731,9.0.1
wh3_dlc27_recipe_mark_of_vindictiveness_lash_i,stat_charge_bonus,15.0000,add,data/unit_stats/source_exports/db/special_ability_phase_stat_effects_tables/data__.tsv,1732,9.0.1
wh3_dlc27_recipe_mark_of_vindictiveness_pain_iii,stat_resistance_all,50.0000,add,data/unit_stats/source_exports/db/special_ability_phase_stat_effects_tables/data__.tsv,1733,9.0.1
wh3_dlc27_recipe_mark_of_vindictiveness_pain_ii,stat_resistance_all,35.0000,add,data/unit_stats/source_exports/db/special_ability_phase_stat_effects_tables/data__.tsv,1734,9.0.1
wh3_dlc27_recipe_mark_of_vindictiveness_pain_i,stat_resistance_all,25.0000,add,data/unit_stats/source_exports/db/special_ability_phase_stat_effects_tables/data__.tsv,1735,9.0.1
wh3_dlc27_spell_bound_acquiescence,scalar_speed,0.7500,mult,data/unit_stats/source_exports/db/special_ability_phase_stat_effects_tables/data__.tsv,1736,9.0.1
wh3_dlc27_spell_bound_acquiescence,stat_melee_defence,-24.0000,add,data/unit_stats/source_exports/db/special_ability_phase_stat_effects_tables/data__.tsv,1737,9.0.1
wh3_dlc27_spell_bound_hysterical_frenzy,stat_melee_attack,40.0000,add,data/unit_stats/source_exports/db/special_ability_phase_stat_effects_tables/data__.tsv,1738,9.0.1
wh3_dlc27_spell_bound_hysterical_frenzy,stat_melee_damage_ap,1.2500,mult,data/unit_stats/source_exports/db/special_ability_phase_stat_effects_tables/data__.tsv,1739,9.0.1
wh3_dlc27_spell_bound_hysterical_frenzy,stat_melee_damage_base,1.2500,mult,data/unit_stats/source_exports/db/special_ability_phase_stat_effects_tables/data__.tsv,1740,9.0.1
wh3_dlc27_spell_mists_flensing_haar_upgraded,stat_armour,-30.0000,add,data/unit_stats/source_exports/db/special_ability_phase_stat_effects_tables/data__.tsv,1741,9.0.1
wh3_dlc27_spell_mists_flensing_haar_upgraded,stat_missile_block_chance,-36.0000,add,data/unit_stats/source_exports/db/special_ability_phase_stat_effects_tables/data__.tsv,1742,9.0.1
wh3_dlc27_spell_mists_flensing_haar,stat_armour,-30.0000,add,data/unit_stats/source_exports/db/special_ability_phase_stat_effects_tables/data__.tsv,1743,9.0.1
wh3_dlc27_spell_mists_flensing_haar,stat_missile_block_chance,-36.0000,add,data/unit_stats/source_exports/db/special_ability_phase_stat_effects_tables/data__.tsv,1744,9.0.1
wh3_dlc27_spell_mists_mathlanns_spite_upgraded,scalar_speed,0.5500,mult,data/unit_stats/source_exports/db/special_ability_phase_stat_effects_tables/data__.tsv,1745,9.0.1
wh3_dlc27_spell_mists_mathlanns_spite,scalar_speed,0.7000,mult,data/unit_stats/source_exports/db/special_ability_phase_stat_effects_tables/data__.tsv,1746,9.0.1
wh3_dlc27_spell_mists_the_writhing_mist_enemies_upgraded,stat_melee_defence,-24.0000,add,data/unit_stats/source_exports/db/special_ability_phase_stat_effects_tables/data__.tsv,1747,9.0.1
wh3_dlc27_spell_mists_the_writhing_mist_enemies_upgraded,stat_morale,-8.0000,add,data/unit_stats/source_exports/db/special_ability_phase_stat_effects_tables/data__.tsv,1748,9.0.1
wh3_dlc27_spell_mists_the_writhing_mist_enemies,stat_melee_defence,-24.0000,add,data/unit_stats/source_exports/db/special_ability_phase_stat_effects_tables/data__.tsv,1749,9.0.1
wh3_dlc27_spell_mists_the_writhing_mist_enemies,stat_morale,-8.0000,add,data/unit_stats/source_exports/db/special_ability_phase_stat_effects_tables/data__.tsv,1750,9.0.1
wh3_dlc27_spell_mists_the_writhing_mist_upgraded,stat_missile_block_chance,30.0000,add,data/unit_stats/source_exports/db/special_ability_phase_stat_effects_tables/data__.tsv,1751,9.0.1
wh3_dlc27_spell_mists_the_writhing_mist,stat_missile_block_chance,30.0000,add,data/unit_stats/source_exports/db/special_ability_phase_stat_effects_tables/data__.tsv,1752,9.0.1
wh3_dlc27_spell_mists_walk_between_worlds_upgraded,scalar_speed,1.2500,mult,data/unit_stats/source_exports/db/special_ability_phase_stat_effects_tables/data__.tsv,1753,9.0.1
wh3_dlc27_spell_mists_walk_between_worlds_upgraded,stat_resistance_physical,55.0000,add,data/unit_stats/source_exports/db/special_ability_phase_stat_effects_tables/data__.tsv,1754,9.0.1
wh3_dlc27_spell_mists_walk_between_worlds,scalar_speed,1.2500,mult,data/unit_stats/source_exports/db/special_ability_phase_stat_effects_tables/data__.tsv,1755,9.0.1
wh3_dlc27_spell_mists_walk_between_worlds,stat_resistance_physical,55.0000,add,data/unit_stats/source_exports/db/special_ability_phase_stat_effects_tables/data__.tsv,1756,9.0.1
wh3_dlc27_unit_abilities_consuming_hatred,stat_damage_reflection,40.0000,add,data/unit_stats/source_exports/db/special_ability_phase_stat_effects_tables/data__.tsv,1757,9.0.1
wh3_dlc27_unit_abilities_consuming_hatred,stat_melee_defence,-12.0000,add,data/unit_stats/source_exports/db/special_ability_phase_stat_effects_tables/data__.tsv,1758,9.0.1
wh3_dlc27_unit_contact_elixir_of_damnation,stat_melee_attack,0.0000,mult,data/unit_stats/source_exports/db/special_ability_phase_stat_effects_tables/data__.tsv,1759,9.0.1
wh3_dlc27_unit_contact_enriched_soporific_musk,stat_melee_attack,-7.0000,add,data/unit_stats/source_exports/db/special_ability_phase_stat_effects_tables/data__.tsv,1760,9.0.1
wh3_dlc27_unit_contact_enriched_soporific_musk,stat_melee_defence,-7.0000,add,data/unit_stats/source_exports/db/special_ability_phase_stat_effects_tables/data__.tsv,1761,9.0.1
wh3_dlc27_unit_contact_enriched_soporific_musk,stat_morale,-10.0000,add,data/unit_stats/source_exports/db/special_ability_phase_stat_effects_tables/data__.tsv,1762,9.0.1
wh3_dlc27_unit_contact_eroding_poison,scalar_missile_damage_ap,0.8500,mult,data/unit_stats/source_exports/db/special_ability_phase_stat_effects_tables/data__.tsv,1763,9.0.1
wh3_dlc27_unit_contact_eroding_poison,scalar_missile_damage_base,0.8500,mult,data/unit_stats/source_exports/db/special_ability_phase_stat_effects_tables/data__.tsv,1764,9.0.1
wh3_dlc27_unit_contact_eroding_poison,scalar_speed,0.8500,mult,data/unit_stats/source_exports/db/special_ability_phase_stat_effects_tables/data__.tsv,1765,9.0.1
wh3_dlc27_unit_contact_eroding_poison,stat_melee_damage_ap,0.8500,mult,data/unit_stats/source_exports/db/special_ability_phase_stat_effects_tables/data__.tsv,1766,9.0.1
wh3_dlc27_unit_contact_eroding_poison,stat_melee_damage_base,0.8500,mult,data/unit_stats/source_exports/db/special_ability_phase_stat_effects_tables/data__.tsv,1767,9.0.1
wh3_dlc27_unit_contact_eroding_poison,stat_morale,-6.0000,add,data/unit_stats/source_exports/db/special_ability_phase_stat_effects_tables/data__.tsv,1768,9.0.1
wh3_dlc27_unit_passive_abyssal_cloak_enemies,stat_morale,-4.0000,add,data/unit_stats/source_exports/db/special_ability_phase_stat_effects_tables/data__.tsv,1769,9.0.1
wh3_dlc27_unit_passive_abyssal_cloak,stat_missile_block_chance,20.0000,add,data/unit_stats/source_exports/db/special_ability_phase_stat_effects_tables/data__.tsv,1770,9.0.1
wh3_dlc27_unit_passive_accomplished_fighter,scalar_spell_mastery,1.3000,mult,data/unit_stats/source_exports/db/special_ability_phase_stat_effects_tables/data__.tsv,1771,9.0.1
wh3_dlc27_unit_passive_battle_songs,stat_morale,8.0000,add,data/unit_stats/source_exports/db/special_ability_phase_stat_effects_tables/data__.tsv,1772,9.0.1
wh3_dlc27_unit_passive_burrowing_instinct,stat_morale,-100.0000,add,data/unit_stats/source_exports/db/special_ability_phase_stat_effects_tables/data__.tsv,1773,9.0.1
wh3_dlc27_unit_passive_dual_personality_betrayer,scalar_charge_speed,1.2000,mult,data/unit_stats/source_exports/db/special_ability_phase_stat_effects_tables/data__.tsv,1774,9.0.1
wh3_dlc27_unit_passive_dual_personality_betrayer,scalar_speed,1.2000,mult,data/unit_stats/source_exports/db/special_ability_phase_stat_effects_tables/data__.tsv,1775,9.0.1
wh3_dlc27_unit_passive_dual_personality_defiler_self,stat_resistance_physical,15.0000,add,data/unit_stats/source_exports/db/special_ability_phase_stat_effects_tables/data__.tsv,1776,9.0.1
wh3_dlc27_unit_passive_dual_personality_defiler,scalar_spell_mastery,0.9000,mult,data/unit_stats/source_exports/db/special_ability_phase_stat_effects_tables/data__.tsv,1777,9.0.1
wh3_dlc27_unit_passive_dual_personality_savage,stat_melee_damage_ap,1.1200,mult,data/unit_stats/source_exports/db/special_ability_phase_stat_effects_tables/data__.tsv,1778,9.0.1
wh3_dlc27_unit_passive_dual_personality_savage,stat_melee_damage_base,1.1200,mult,data/unit_stats/source_exports/db/special_ability_phase_stat_effects_tables/data__.tsv,1779,9.0.1
wh3_dlc27_unit_passive_dual_personality_savage,stat_melee_defence,-5.0000,add,data/unit_stats/source_exports/db/special_ability_phase_stat_effects_tables/data__.tsv,1780,9.0.1
wh3_dlc27_unit_passive_endless_malice,stat_melee_attack,8.0000,add,data/unit_stats/source_exports/db/special_ability_phase_stat_effects_tables/data__.tsv,1781,9.0.1
wh3_dlc27_unit_passive_endless_malice,stat_melee_damage_ap,1.2500,mult,data/unit_stats/source_exports/db/special_ability_phase_stat_effects_tables/data__.tsv,1782,9.0.1
wh3_dlc27_unit_passive_endless_malice,stat_melee_damage_base,1.2500,mult,data/unit_stats/source_exports/db/special_ability_phase_stat_effects_tables/data__.tsv,1783,9.0.1
wh3_dlc27_unit_passive_enfeebling_cold,scalar_charge_speed,0.9000,mult,data/unit_stats/source_exports/db/special_ability_phase_stat_effects_tables/data__.tsv,1784,9.0.1
wh3_dlc27_unit_passive_enfeebling_cold,scalar_speed,0.9000,mult,data/unit_stats/source_exports/db/special_ability_phase_stat_effects_tables/data__.tsv,1785,9.0.1
wh3_dlc27_unit_passive_enfeebling_cold,stat_charge_bonus,0.8500,mult,data/unit_stats/source_exports/db/special_ability_phase_stat_effects_tables/data__.tsv,1786,9.0.1
wh3_dlc27_unit_passive_enfeebling_cold,stat_melee_attack,-5.0000,add,data/unit_stats/source_exports/db/special_ability_phase_stat_effects_tables/data__.tsv,1787,9.0.1
wh3_dlc27_unit_passive_momentum,scalar_charge_speed,1.3000,mult,data/unit_stats/source_exports/db/special_ability_phase_stat_effects_tables/data__.tsv,1788,9.0.1
wh3_dlc27_unit_passive_momentum,scalar_speed,1.3000,mult,data/unit_stats/source_exports/db/special_ability_phase_stat_effects_tables/data__.tsv,1789,9.0.1
wh3_dlc27_unit_passive_momentum,stat_charge_bonus,1.2000,mult,data/unit_stats/source_exports/db/special_ability_phase_stat_effects_tables/data__.tsv,1790,9.0.1
wh3_dlc27_unit_passive_momentum,stat_mass,1.5000,mult,data/unit_stats/source_exports/db/special_ability_phase_stat_effects_tables/data__.tsv,1791,9.0.1
wh3_dlc27_unit_passive_murderous_euphoria_iii,stat_melee_damage_ap,1.2500,mult,data/unit_stats/source_exports/db/special_ability_phase_stat_effects_tables/data__.tsv,1792,9.0.1
wh3_dlc27_unit_passive_murderous_euphoria_iii,stat_melee_damage_base,1.2500,mult,data/unit_stats/source_exports/db/special_ability_phase_stat_effects_tables/data__.tsv,1793,9.0.1
wh3_dlc27_unit_passive_murderous_euphoria_iii,stat_morale,8.0000,add,data/unit_stats/source_exports/db/special_ability_phase_stat_effects_tables/data__.tsv,1794,9.0.1
wh3_dlc27_unit_passive_murderous_euphoria_ii,stat_melee_damage_ap,1.2000,mult,data/unit_stats/source_exports/db/special_ability_phase_stat_effects_tables/data__.tsv,1795,9.0.1
wh3_dlc27_unit_passive_murderous_euphoria_ii,stat_melee_damage_base,1.2000,mult,data/unit_stats/source_exports/db/special_ability_phase_stat_effects_tables/data__.tsv,1796,9.0.1
wh3_dlc27_unit_passive_murderous_euphoria_ii,stat_morale,8.0000,add,data/unit_stats/source_exports/db/special_ability_phase_stat_effects_tables/data__.tsv,1797,9.0.1
wh3_dlc27_unit_passive_murderous_euphoria_i,stat_melee_damage_ap,1.1500,mult,data/unit_stats/source_exports/db/special_ability_phase_stat_effects_tables/data__.tsv,1798,9.0.1
wh3_dlc27_unit_passive_murderous_euphoria_i,stat_melee_damage_base,1.1500,mult,data/unit_stats/source_exports/db/special_ability_phase_stat_effects_tables/data__.tsv,1799,9.0.1
wh3_dlc27_unit_passive_pleasure_through_pain,scalar_speed,1.2000,mult,data/unit_stats/source_exports/db/special_ability_phase_stat_effects_tables/data__.tsv,1800,9.0.1
wh3_dlc27_unit_passive_pleasure_through_pain,stat_charge_bonus,12.0000,add,data/unit_stats/source_exports/db/special_ability_phase_stat_effects_tables/data__.tsv,1801,9.0.1
wh3_dlc27_unit_passive_pleasure_through_pain,stat_melee_attack,8.0000,add,data/unit_stats/source_exports/db/special_ability_phase_stat_effects_tables/data__.tsv,1802,9.0.1
wh3_dlc27_unit_passive_poisonous_blood,stat_damage_reflection,5.0000,add,data/unit_stats/source_exports/db/special_ability_phase_stat_effects_tables/data__.tsv,1803,9.0.1
wh3_dlc27_unit_passive_relish_the_pain,stat_melee_attack,6.0000,add,data/unit_stats/source_exports/db/special_ability_phase_stat_effects_tables/data__.tsv,1804,9.0.1
wh3_dlc27_unit_passive_relish_the_pain,stat_melee_damage_ap,1.6600,mult,data/unit_stats/source_exports/db/special_ability_phase_stat_effects_tables/data__.tsv,1805,9.0.1
wh3_dlc27_unit_passive_relish_the_pain,stat_melee_damage_base,1.6600,mult,data/unit_stats/source_exports/db/special_ability_phase_stat_effects_tables/data__.tsv,1806,9.0.1
wh3_dlc27_weapon_abilities_frokis_forge_hammer,stat_melee_damage_ap,1.2000,mult,data/unit_stats/source_exports/db/special_ability_phase_stat_effects_tables/data__.tsv,1807,9.0.1
wh3_dlc27_weapon_abilities_frokis_forge_hammer,stat_melee_damage_base,1.2000,mult,data/unit_stats/source_exports/db/special_ability_phase_stat_effects_tables/data__.tsv,1808,9.0.1
wh3_dlc27_weapon_abilities_the_phoenix_blade,stat_bonus_vs_large,16.0000,add,data/unit_stats/source_exports/db/special_ability_phase_stat_effects_tables/data__.tsv,1809,9.0.1
wh3_dlc27_weapon_abilities_the_phoenix_blade,stat_melee_damage_ap,1.5000,mult,data/unit_stats/source_exports/db/special_ability_phase_stat_effects_tables/data__.tsv,1810,9.0.1
wh3_dlc27_weapon_abilities_the_phoenix_blade,stat_melee_damage_base,1.5000,mult,data/unit_stats/source_exports/db/special_ability_phase_stat_effects_tables/data__.tsv,1811,9.0.1
wh3_dlc27_weapon_passive_the_viperous_staff,stat_damage_reflection,20.0000,add,data/unit_stats/source_exports/db/special_ability_phase_stat_effects_tables/data__.tsv,1812,9.0.1
wh3_dlc27_weapon_passive_the_viperous_staff,stat_resistance_all,20.0000,add,data/unit_stats/source_exports/db/special_ability_phase_stat_effects_tables/data__.tsv,1813,9.0.1
wh3_dlc29_army_abilities_mark_plague_spawned_i,stat_melee_defence,24.0000,add,data/unit_stats/source_exports/db/special_ability_phase_stat_effects_tables/data__.tsv,1814,9.0.1
wh3_dlc29_army_abilities_mark_plague_spawned_i,stat_resistance_physical,20.0000,add,data/unit_stats/source_exports/db/special_ability_phase_stat_effects_tables/data__.tsv,1815,9.0.1
wh3_dlc29_army_abilities_mark_rot_forged_legionaries_i,scalar_speed,1.2500,mult,data/unit_stats/source_exports/db/special_ability_phase_stat_effects_tables/data__.tsv,1816,9.0.1
wh3_dlc29_army_abilities_mark_rot_forged_legionaries_i,stat_charge_bonus,1.2500,mult,data/unit_stats/source_exports/db/special_ability_phase_stat_effects_tables/data__.tsv,1817,9.0.1
wh3_dlc29_army_abilities_mark_rot_forged_legionaries_i,stat_melee_damage_ap,1.2500,mult,data/unit_stats/source_exports/db/special_ability_phase_stat_effects_tables/data__.tsv,1818,9.0.1
wh3_dlc29_army_abilities_mark_rot_forged_legionaries_i,stat_melee_damage_base,1.2500,mult,data/unit_stats/source_exports/db/special_ability_phase_stat_effects_tables/data__.tsv,1819,9.0.1
wh3_dlc29_army_abilities_scruten_clanstone,stat_resistance_missile,60.0000,add,data/unit_stats/source_exports/db/special_ability_phase_stat_effects_tables/data__.tsv,1820,9.0.1
wh3_dlc29_character_abilities_eternal_vigour,stat_melee_defence,24.0000,add,data/unit_stats/source_exports/db/special_ability_phase_stat_effects_tables/data__.tsv,1821,9.0.1
wh3_dlc29_character_abilities_eternal_vigour,stat_resistance_physical,20.0000,add,data/unit_stats/source_exports/db/special_ability_phase_stat_effects_tables/data__.tsv,1822,9.0.1
wh3_dlc29_character_active_mark_of_the_monster,scalar_charge_speed,0.5000,mult,data/unit_stats/source_exports/db/special_ability_phase_stat_effects_tables/data__.tsv,1823,9.0.1
wh3_dlc29_character_active_mark_of_the_monster,scalar_speed,0.5000,mult,data/unit_stats/source_exports/db/special_ability_phase_stat_effects_tables/data__.tsv,1824,9.0.1
wh3_dlc29_character_active_mark_of_the_monster,stat_healing_power,0.0000,mult,data/unit_stats/source_exports/db/special_ability_phase_stat_effects_tables/data__.tsv,1825,9.0.1
wh3_dlc29_character_passive_champion_of_undeath,stat_melee_damage_ap,1.5000,mult,data/unit_stats/source_exports/db/special_ability_phase_stat_effects_tables/data__.tsv,1826,9.0.1
wh3_dlc29_character_passive_champion_of_undeath,stat_melee_damage_base,1.5000,mult,data/unit_stats/source_exports/db/special_ability_phase_stat_effects_tables/data__.tsv,1827,9.0.1
wh3_dlc29_character_passive_legion_commander,stat_melee_attack,12.0000,add,data/unit_stats/source_exports/db/special_ability_phase_stat_effects_tables/data__.tsv,1828,9.0.1
wh3_dlc29_character_passive_legion_commander,stat_morale,8.0000,add,data/unit_stats/source_exports/db/special_ability_phase_stat_effects_tables/data__.tsv,1829,9.0.1
wh3_dlc29_character_passive_nurgles_rot,stat_armour,-20.0000,add,data/unit_stats/source_exports/db/special_ability_phase_stat_effects_tables/data__.tsv,1830,9.0.1
wh3_dlc29_character_passive_winterborn_bastion,stat_melee_defence,12.0000,add,data/unit_stats/source_exports/db/special_ability_phase_stat_effects_tables/data__.tsv,1831,9.0.1
wh3_dlc29_character_passive_winterborn_bastion,stat_resistance_all,10.0000,add,data/unit_stats/source_exports/db/special_ability_phase_stat_effects_tables/data__.tsv,1832,9.0.1
wh3_dlc29_contact_lesser_withering,stat_armour,-10.0000,add,data/unit_stats/source_exports/db/special_ability_phase_stat_effects_tables/data__.tsv,1833,9.0.1
wh3_dlc29_contact_phase_legbiter,stat_healing_power,0.0000,mult,data/unit_stats/source_exports/db/special_ability_phase_stat_effects_tables/data__.tsv,1834,9.0.1
wh3_dlc29_hero_abilities_coat_in_blood,stat_melee_attack,24.0000,add,data/unit_stats/source_exports/db/special_ability_phase_stat_effects_tables/data__.tsv,1835,9.0.1
wh3_dlc29_hero_abilities_coat_in_blood,stat_melee_damage_ap,1.5000,mult,data/unit_stats/source_exports/db/special_ability_phase_stat_effects_tables/data__.tsv,1836,9.0.1
wh3_dlc29_hero_abilities_coat_in_blood,stat_melee_damage_base,1.5000,mult,data/unit_stats/source_exports/db/special_ability_phase_stat_effects_tables/data__.tsv,1837,9.0.1
wh3_dlc29_hero_abilities_whispering_mist,scalar_charge_speed,0.5500,mult,data/unit_stats/source_exports/db/special_ability_phase_stat_effects_tables/data__.tsv,1838,9.0.1
wh3_dlc29_hero_abilities_whispering_mist,scalar_speed,0.5500,mult,data/unit_stats/source_exports/db/special_ability_phase_stat_effects_tables/data__.tsv,1839,9.0.1
wh3_dlc29_hero_active_dispatch_the_swarm_attack_upgraded,stat_melee_defence,-40.0000,add,data/unit_stats/source_exports/db/special_ability_phase_stat_effects_tables/data__.tsv,1840,9.0.1
wh3_dlc29_hero_active_dispatch_the_swarm_attack,stat_melee_defence,-24.0000,add,data/unit_stats/source_exports/db/special_ability_phase_stat_effects_tables/data__.tsv,1841,9.0.1
wh3_dlc29_hero_active_dispatch_the_swarm_protect_upgraded,stat_melee_defence,36.0000,add,data/unit_stats/source_exports/db/special_ability_phase_stat_effects_tables/data__.tsv,1842,9.0.1
wh3_dlc29_hero_active_dispatch_the_swarm_protect_upgraded,stat_missile_block_chance,48.0000,add,data/unit_stats/source_exports/db/special_ability_phase_stat_effects_tables/data__.tsv,1843,9.0.1
wh3_dlc29_hero_active_dispatch_the_swarm_protect,stat_melee_defence,24.0000,add,data/unit_stats/source_exports/db/special_ability_phase_stat_effects_tables/data__.tsv,1844,9.0.1
wh3_dlc29_hero_active_dispatch_the_swarm_protect,stat_missile_block_chance,36.0000,add,data/unit_stats/source_exports/db/special_ability_phase_stat_effects_tables/data__.tsv,1845,9.0.1
wh3_dlc29_hero_active_ghostly_howl,stat_morale,-16.0000,add,data/unit_stats/source_exports/db/special_ability_phase_stat_effects_tables/data__.tsv,1846,9.0.1
wh3_dlc29_hero_active_glory_seeker_upgraded,stat_healing_power,0.0000,mult,data/unit_stats/source_exports/db/special_ability_phase_stat_effects_tables/data__.tsv,1847,9.0.1
wh3_dlc29_hero_active_glory_seeker_upgraded,stat_melee_defence,-36.0000,add,data/unit_stats/source_exports/db/special_ability_phase_stat_effects_tables/data__.tsv,1848,9.0.1
wh3_dlc29_hero_active_glory_seeker,stat_healing_power,0.0000,mult,data/unit_stats/source_exports/db/special_ability_phase_stat_effects_tables/data__.tsv,1849,9.0.1
wh3_dlc29_hero_active_glory_seeker,stat_melee_defence,-24.0000,add,data/unit_stats/source_exports/db/special_ability_phase_stat_effects_tables/data__.tsv,1850,9.0.1
wh3_dlc29_hero_active_overseer_of_the_unseen,stat_melee_attack,40.0000,add,data/unit_stats/source_exports/db/special_ability_phase_stat_effects_tables/data__.tsv,1851,9.0.1
wh3_dlc29_hero_active_tendrils_of_the_sea,scalar_charge_speed,0.4000,mult,data/unit_stats/source_exports/db/special_ability_phase_stat_effects_tables/data__.tsv,1852,9.0.1
wh3_dlc29_hero_active_tendrils_of_the_sea,scalar_speed,0.4000,mult,data/unit_stats/source_exports/db/special_ability_phase_stat_effects_tables/data__.tsv,1853,9.0.1
wh3_dlc29_hero_active_tendrils_of_the_sea,stat_mass,0.8000,mult,data/unit_stats/source_exports/db/special_ability_phase_stat_effects_tables/data__.tsv,1854,9.0.1
wh3_dlc29_hero_active_tendrils_of_the_sea,stat_melee_attack,-40.0000,add,data/unit_stats/source_exports/db/special_ability_phase_stat_effects_tables/data__.tsv,1855,9.0.1
wh3_dlc29_hero_passive_blessing_of_ulric,stat_resistance_magic,10.0000,add,data/unit_stats/source_exports/db/special_ability_phase_stat_effects_tables/data__.tsv,1856,9.0.1
wh3_dlc29_hero_passive_champion_of_service_upgraded,stat_melee_attack,10.0000,add,data/unit_stats/source_exports/db/special_ability_phase_stat_effects_tables/data__.tsv,1857,9.0.1
wh3_dlc29_hero_passive_champion_of_service_upgraded,stat_melee_defence,10.0000,add,data/unit_stats/source_exports/db/special_ability_phase_stat_effects_tables/data__.tsv,1858,9.0.1
wh3_dlc29_hero_passive_champion_of_service_upgraded,stat_morale,16.0000,add,data/unit_stats/source_exports/db/special_ability_phase_stat_effects_tables/data__.tsv,1859,9.0.1
wh3_dlc29_hero_passive_champion_of_service,stat_morale,16.0000,add,data/unit_stats/source_exports/db/special_ability_phase_stat_effects_tables/data__.tsv,1860,9.0.1
wh3_dlc29_hero_passive_channel_the_divine,stat_resistance_all,10.0000,add,data/unit_stats/source_exports/db/special_ability_phase_stat_effects_tables/data__.tsv,1861,9.0.1
wh3_dlc29_hero_passive_hold_the_line,stat_melee_defence,5.0000,add,data/unit_stats/source_exports/db/special_ability_phase_stat_effects_tables/data__.tsv,1862,9.0.1
wh3_dlc29_hero_passive_hold_the_line,stat_morale,4.0000,add,data/unit_stats/source_exports/db/special_ability_phase_stat_effects_tables/data__.tsv,1863,9.0.1
wh3_dlc29_hero_passive_invigorator_of_the_dead,stat_melee_attack,8.0000,add,data/unit_stats/source_exports/db/special_ability_phase_stat_effects_tables/data__.tsv,1864,9.0.1
wh3_dlc29_hero_passive_kraken_hunter,stat_melee_damage_ap,1.2500,mult,data/unit_stats/source_exports/db/special_ability_phase_stat_effects_tables/data__.tsv,1865,9.0.1
wh3_dlc29_hero_passive_kraken_hunter,stat_melee_damage_base,1.2500,mult,data/unit_stats/source_exports/db/special_ability_phase_stat_effects_tables/data__.tsv,1866,9.0.1
wh3_dlc29_hero_passive_lethal_duelist,stat_melee_attack,5.0000,add,data/unit_stats/source_exports/db/special_ability_phase_stat_effects_tables/data__.tsv,1867,9.0.1
wh3_dlc29_hero_passive_lethal_duelist,stat_melee_damage_ap,1.1500,mult,data/unit_stats/source_exports/db/special_ability_phase_stat_effects_tables/data__.tsv,1868,9.0.1
wh3_dlc29_hero_passive_lethal_duelist,stat_melee_damage_base,1.1500,mult,data/unit_stats/source_exports/db/special_ability_phase_stat_effects_tables/data__.tsv,1869,9.0.1
wh3_dlc29_hero_passive_mark_blight_squire,stat_melee_damage_ap,1.2000,mult,data/unit_stats/source_exports/db/special_ability_phase_stat_effects_tables/data__.tsv,1870,9.0.1
wh3_dlc29_hero_passive_seduction,stat_melee_attack,-8.0000,add,data/unit_stats/source_exports/db/special_ability_phase_stat_effects_tables/data__.tsv,1871,9.0.1
wh3_dlc29_hero_passive_seduction,stat_morale,-6.0000,add,data/unit_stats/source_exports/db/special_ability_phase_stat_effects_tables/data__.tsv,1872,9.0.1
wh3_dlc29_hero_passive_sworn_bodyguard_upgraded,stat_resistance_all,15.0000,add,data/unit_stats/source_exports/db/special_ability_phase_stat_effects_tables/data__.tsv,1873,9.0.1
wh3_dlc29_hero_passive_sworn_bodyguard_upgraded,stat_resistance_magic,15.0000,add,data/unit_stats/source_exports/db/special_ability_phase_stat_effects_tables/data__.tsv,1874,9.0.1
wh3_dlc29_hero_passive_sworn_bodyguard,stat_resistance_all,15.0000,add,data/unit_stats/source_exports/db/special_ability_phase_stat_effects_tables/data__.tsv,1875,9.0.1
wh3_dlc29_hero_passive_tripletongue,stat_melee_defence,-8.0000,add,data/unit_stats/source_exports/db/special_ability_phase_stat_effects_tables/data__.tsv,1876,9.0.1
wh3_dlc29_hero_passive_tripletongue,stat_morale,-6.0000,add,data/unit_stats/source_exports/db/special_ability_phase_stat_effects_tables/data__.tsv,1877,9.0.1
wh3_dlc29_hero_passive_whippermaw,stat_melee_attack,-8.0000,add,data/unit_stats/source_exports/db/special_ability_phase_stat_effects_tables/data__.tsv,1878,9.0.1
wh3_dlc29_item_abilities_armour_of_the_burrows,stat_melee_damage_ap,0.7500,mult,data/unit_stats/source_exports/db/special_ability_phase_stat_effects_tables/data__.tsv,1879,9.0.1
wh3_dlc29_item_abilities_armour_of_the_burrows,stat_melee_damage_base,0.7500,mult,data/unit_stats/source_exports/db/special_ability_phase_stat_effects_tables/data__.tsv,1880,9.0.1
wh3_dlc29_item_abilities_black_axe_of_krell,stat_melee_attack,24.0000,add,data/unit_stats/source_exports/db/special_ability_phase_stat_effects_tables/data__.tsv,1881,9.0.1
wh3_dlc29_item_abilities_black_axe_of_krell,stat_melee_damage_ap,1.3000,mult,data/unit_stats/source_exports/db/special_ability_phase_stat_effects_tables/data__.tsv,1882,9.0.1
wh3_dlc29_item_abilities_black_axe_of_krell,stat_melee_damage_base,1.3000,mult,data/unit_stats/source_exports/db/special_ability_phase_stat_effects_tables/data__.tsv,1883,9.0.1
wh3_dlc29_item_abilities_collar_of_shapesh,stat_resistance_physical,20.0000,add,data/unit_stats/source_exports/db/special_ability_phase_stat_effects_tables/data__.tsv,1884,9.0.1
wh3_dlc29_item_abilities_doom_glaive,stat_melee_damage_ap,1.7500,mult,data/unit_stats/source_exports/db/special_ability_phase_stat_effects_tables/data__.tsv,1885,9.0.1
wh3_dlc29_item_abilities_doom_glaive,stat_melee_damage_base,1.7500,mult,data/unit_stats/source_exports/db/special_ability_phase_stat_effects_tables/data__.tsv,1886,9.0.1
wh3_dlc29_item_abilities_enhanced_skavenbrew,stat_armour,-40.0000,add,data/unit_stats/source_exports/db/special_ability_phase_stat_effects_tables/data__.tsv,1887,9.0.1
wh3_dlc29_item_abilities_enhanced_skavenbrew,stat_mass,1.2500,mult,data/unit_stats/source_exports/db/special_ability_phase_stat_effects_tables/data__.tsv,1888,9.0.1
wh3_dlc29_item_abilities_enhanced_skavenbrew,stat_melee_attack,50.0000,add,data/unit_stats/source_exports/db/special_ability_phase_stat_effects_tables/data__.tsv,1889,9.0.1
wh3_dlc29_item_abilities_enhanced_skavenbrew,stat_melee_damage_base,1.5000,mult,data/unit_stats/source_exports/db/special_ability_phase_stat_effects_tables/data__.tsv,1890,9.0.1
wh3_dlc29_item_abilities_warpstone_addiction,stat_resistance_all,33.0000,add,data/unit_stats/source_exports/db/special_ability_phase_stat_effects_tables/data__.tsv,1891,9.0.1
wh3_dlc29_item_abilities_warpstone_tokens,scalar_miscast_chance,0.5000,mult,data/unit_stats/source_exports/db/special_ability_phase_stat_effects_tables/data__.tsv,1892,9.0.1
wh3_dlc29_item_abilities_whispering_skull,scalar_miscast_chance,0.5000,mult,data/unit_stats/source_exports/db/special_ability_phase_stat_effects_tables/data__.tsv,1893,9.0.1
wh3_dlc29_item_abilities_whispering_skull,scalar_spell_mastery,1.1500,mult,data/unit_stats/source_exports/db/special_ability_phase_stat_effects_tables/data__.tsv,1894,9.0.1
wh3_dlc29_item_abilities_wristbands_of_black_gold,stat_resistance_all,20.0000,add,data/unit_stats/source_exports/db/special_ability_phase_stat_effects_tables/data__.tsv,1895,9.0.1
wh3_dlc29_item_active_ethracs_brazier,scalar_charge_speed,0.7500,mult,data/unit_stats/source_exports/db/special_ability_phase_stat_effects_tables/data__.tsv,1896,9.0.1
wh3_dlc29_item_active_ethracs_brazier,scalar_speed,0.7500,mult,data/unit_stats/source_exports/db/special_ability_phase_stat_effects_tables/data__.tsv,1897,9.0.1
wh3_dlc29_item_active_harvestmans_scythe,stat_bonus_vs_infantry,0.0000,mult,data/unit_stats/source_exports/db/special_ability_phase_stat_effects_tables/data__.tsv,1898,9.0.1
wh3_dlc29_item_active_harvestmans_scythe,stat_bonus_vs_large,45.0000,add,data/unit_stats/source_exports/db/special_ability_phase_stat_effects_tables/data__.tsv,1899,9.0.1
wh3_dlc29_item_active_harvestmans_scythe,stat_melee_damage_ap,1.5000,mult,data/unit_stats/source_exports/db/special_ability_phase_stat_effects_tables/data__.tsv,1900,9.0.1
wh3_dlc29_item_active_mark_of_the_plague_fleet,stat_healing_power,0.5000,mult,data/unit_stats/source_exports/db/special_ability_phase_stat_effects_tables/data__.tsv,1901,9.0.1
wh3_dlc29_item_active_mark_of_the_plague_fleet,stat_resistance_all,-20.0000,add,data/unit_stats/source_exports/db/special_ability_phase_stat_effects_tables/data__.tsv,1902,9.0.1
wh3_dlc29_item_active_mark_of_the_plague_fleet,stat_resistance_magic,-20.0000,add,data/unit_stats/source_exports/db/special_ability_phase_stat_effects_tables/data__.tsv,1903,9.0.1
wh3_dlc29_item_active_mark_of_the_plague_fleet,stat_resistance_physical,-20.0000,add,data/unit_stats/source_exports/db/special_ability_phase_stat_effects_tables/data__.tsv,1904,9.0.1
wh3_dlc29_item_active_ottos_scythe,stat_melee_attack,-40.0000,add,data/unit_stats/source_exports/db/special_ability_phase_stat_effects_tables/data__.tsv,1905,9.0.1
wh3_dlc29_item_active_ottos_scythe,stat_morale,-24.0000,add,data/unit_stats/source_exports/db/special_ability_phase_stat_effects_tables/data__.tsv,1906,9.0.1
wh3_dlc29_item_active_rot_pocked_axe_allies,stat_melee_damage_ap,1.2500,mult,data/unit_stats/source_exports/db/special_ability_phase_stat_effects_tables/data__.tsv,1907,9.0.1
wh3_dlc29_item_active_rot_pocked_axe_allies,stat_melee_damage_base,1.2500,mult,data/unit_stats/source_exports/db/special_ability_phase_stat_effects_tables/data__.tsv,1908,9.0.1
wh3_dlc29_item_active_rot_pocked_axe_self,stat_melee_attack,24.0000,add,data/unit_stats/source_exports/db/special_ability_phase_stat_effects_tables/data__.tsv,1909,9.0.1
wh3_dlc29_item_active_the_rotaxes,stat_melee_attack,24.0000,add,data/unit_stats/source_exports/db/special_ability_phase_stat_effects_tables/data__.tsv,1910,9.0.1
wh3_dlc29_item_active_the_rotaxes,stat_melee_damage_ap,1.5000,mult,data/unit_stats/source_exports/db/special_ability_phase_stat_effects_tables/data__.tsv,1911,9.0.1
wh3_dlc29_item_active_the_rotaxes,stat_melee_damage_base,1.5000,mult,data/unit_stats/source_exports/db/special_ability_phase_stat_effects_tables/data__.tsv,1912,9.0.1
wh3_dlc29_item_passive_armour_of_rot_eternal,stat_armour,40.0000,add,data/unit_stats/source_exports/db/special_ability_phase_stat_effects_tables/data__.tsv,1913,9.0.1
wh3_dlc29_item_passive_armour_of_rot_eternal,stat_resistance_all,25.0000,add,data/unit_stats/source_exports/db/special_ability_phase_stat_effects_tables/data__.tsv,1914,9.0.1
wh3_dlc29_item_passive_blood_dragon_standard,stat_charge_bonus,1.2000,mult,data/unit_stats/source_exports/db/special_ability_phase_stat_effects_tables/data__.tsv,1915,9.0.1
wh3_dlc29_item_passive_blood_dragon_standard,stat_melee_attack,12.0000,add,data/unit_stats/source_exports/db/special_ability_phase_stat_effects_tables/data__.tsv,1916,9.0.1
wh3_dlc29_item_passive_doombells_self,scalar_spell_mastery,1.1000,mult,data/unit_stats/source_exports/db/special_ability_phase_stat_effects_tables/data__.tsv,1917,9.0.1
wh3_dlc29_item_passive_fleshreaper_scythe,stat_bonus_vs_infantry,8.0000,add,data/unit_stats/source_exports/db/special_ability_phase_stat_effects_tables/data__.tsv,1918,9.0.1
wh3_dlc29_item_passive_fleshreaper_scythe,stat_melee_damage_ap,1.0500,mult,data/unit_stats/source_exports/db/special_ability_phase_stat_effects_tables/data__.tsv,1919,9.0.1
wh3_dlc29_item_passive_fleshreaper_scythe,stat_melee_damage_base,1.0500,mult,data/unit_stats/source_exports/db/special_ability_phase_stat_effects_tables/data__.tsv,1920,9.0.1
wh3_dlc29_item_passive_the_flail_of_a_thousand_coughs,stat_melee_defence,-12.0000,add,data/unit_stats/source_exports/db/special_ability_phase_stat_effects_tables/data__.tsv,1921,9.0.1
wh3_dlc29_item_passive_the_flail_of_a_thousand_coughs,stat_morale,-12.0000,add,data/unit_stats/source_exports/db/special_ability_phase_stat_effects_tables/data__.tsv,1922,9.0.1
wh3_dlc29_lord_abilities_bastet,stat_armour,-60.0000,add,data/unit_stats/source_exports/db/special_ability_phase_stat_effects_tables/data__.tsv,1923,9.0.1
wh3_dlc29_lord_abilities_bastet,stat_melee_defence,-40.0000,add,data/unit_stats/source_exports/db/special_ability_phase_stat_effects_tables/data__.tsv,1924,9.0.1
wh3_dlc29_lord_abilities_hellish_vigour,stat_damage_reflection,20.0000,add,data/unit_stats/source_exports/db/special_ability_phase_stat_effects_tables/data__.tsv,1925,9.0.1
wh3_dlc29_lord_abilities_in_the_name_of_war,stat_melee_defence,-20.0000,add,data/unit_stats/source_exports/db/special_ability_phase_stat_effects_tables/data__.tsv,1926,9.0.1
wh3_dlc29_lord_abilities_lightning_reflexes,stat_melee_attack,24.0000,add,data/unit_stats/source_exports/db/special_ability_phase_stat_effects_tables/data__.tsv,1927,9.0.1
wh3_dlc29_lord_abilities_transfix,stat_melee_defence,-40.0000,add,data/unit_stats/source_exports/db/special_ability_phase_stat_effects_tables/data__.tsv,1928,9.0.1
wh3_dlc29_lord_abilities_will_of_the_verminking_2,stat_morale,-16.0000,add,data/unit_stats/source_exports/db/special_ability_phase_stat_effects_tables/data__.tsv,1929,9.0.1
wh3_dlc29_lord_active_commanding_presence,stat_morale,8.0000,add,data/unit_stats/source_exports/db/special_ability_phase_stat_effects_tables/data__.tsv,1930,9.0.1
wh3_dlc29_lord_contact_putrefying_touch,stat_melee_defence,-7.0000,add,data/unit_stats/source_exports/db/special_ability_phase_stat_effects_tables/data__.tsv,1931,9.0.1
wh3_dlc29_lord_passive_dark_protection_upgraded,stat_resistance_physical,20.0000,add,data/unit_stats/source_exports/db/special_ability_phase_stat_effects_tables/data__.tsv,1932,9.0.1
wh3_dlc29_lord_passive_dark_protection,stat_resistance_physical,15.0000,add,data/unit_stats/source_exports/db/special_ability_phase_stat_effects_tables/data__.tsv,1933,9.0.1
wh3_dlc29_lord_passive_lords_of_nurgle,scalar_charge_speed,1.1000,mult,data/unit_stats/source_exports/db/special_ability_phase_stat_effects_tables/data__.tsv,1934,9.0.1
wh3_dlc29_lord_passive_lords_of_nurgle,scalar_speed,1.1000,mult,data/unit_stats/source_exports/db/special_ability_phase_stat_effects_tables/data__.tsv,1935,9.0.1
wh3_dlc29_lord_passive_lords_of_nurgle,stat_charge_bonus,1.2000,mult,data/unit_stats/source_exports/db/special_ability_phase_stat_effects_tables/data__.tsv,1936,9.0.1
wh3_dlc29_lord_passive_mark_filth_seer_ally,stat_resistance_physical,15.0000,add,data/unit_stats/source_exports/db/special_ability_phase_stat_effects_tables/data__.tsv,1937,9.0.1
wh3_dlc29_lord_passive_mark_filth_seer_self,scalar_spell_mastery,1.2000,mult,data/unit_stats/source_exports/db/special_ability_phase_stat_effects_tables/data__.tsv,1938,9.0.1
wh3_dlc29_lord_passive_presence_of_the_emperor,stat_melee_attack,4.0000,add,data/unit_stats/source_exports/db/special_ability_phase_stat_effects_tables/data__.tsv,1939,9.0.1
wh3_dlc29_lord_passive_presence_of_the_emperor,stat_melee_defence,6.0000,add,data/unit_stats/source_exports/db/special_ability_phase_stat_effects_tables/data__.tsv,1940,9.0.1
wh3_dlc29_lord_passive_presence_of_the_emperor,stat_morale,10.0000,add,data/unit_stats/source_exports/db/special_ability_phase_stat_effects_tables/data__.tsv,1941,9.0.1
wh3_dlc29_lord_passive_presence_of_the_emperor,stat_reloading,10.0000,add,data/unit_stats/source_exports/db/special_ability_phase_stat_effects_tables/data__.tsv,1942,9.0.1
wh3_dlc29_lord_passive_protection_of_the_great_horned_rat,stat_resistance_missile,60.0000,add,data/unit_stats/source_exports/db/special_ability_phase_stat_effects_tables/data__.tsv,1943,9.0.1
wh3_dlc29_lord_passive_shrouded_in_darkness_1,stat_melee_attack,-10.0000,add,data/unit_stats/source_exports/db/special_ability_phase_stat_effects_tables/data__.tsv,1944,9.0.1
wh3_dlc29_lord_passive_shrouded_in_darkness_1,stat_melee_defence,-10.0000,add,data/unit_stats/source_exports/db/special_ability_phase_stat_effects_tables/data__.tsv,1945,9.0.1
wh3_dlc29_lord_passive_standard_of_the_white_wolf,stat_resistance_missile,10.0000,add,data/unit_stats/source_exports/db/special_ability_phase_stat_effects_tables/data__.tsv,1946,9.0.1
wh3_dlc29_lord_passive_twilights_allure,scalar_charge_speed,0.8500,mult,data/unit_stats/source_exports/db/special_ability_phase_stat_effects_tables/data__.tsv,1947,9.0.1
wh3_dlc29_lord_passive_twilights_allure,scalar_speed,0.8500,mult,data/unit_stats/source_exports/db/special_ability_phase_stat_effects_tables/data__.tsv,1948,9.0.1
wh3_dlc29_lord_passive_twilights_allure,stat_melee_attack,-10.0000,add,data/unit_stats/source_exports/db/special_ability_phase_stat_effects_tables/data__.tsv,1949,9.0.1
wh3_dlc29_lord_passive_twilights_allure,stat_morale,-8.0000,add,data/unit_stats/source_exports/db/special_ability_phase_stat_effects_tables/data__.tsv,1950,9.0.1
wh3_dlc29_lord_passive_unholy_trinity,scalar_spell_mastery,1.3000,mult,data/unit_stats/source_exports/db/special_ability_phase_stat_effects_tables/data__.tsv,1951,9.0.1
wh3_dlc29_lord_passive_unholy_trinity,stat_melee_damage_ap,1.3000,mult,data/unit_stats/source_exports/db/special_ability_phase_stat_effects_tables/data__.tsv,1952,9.0.1
wh3_dlc29_lord_passive_unholy_trinity,stat_melee_damage_base,1.3000,mult,data/unit_stats/source_exports/db/special_ability_phase_stat_effects_tables/data__.tsv,1953,9.0.1
wh3_dlc29_lord_passive_warmongering_murmur,stat_melee_attack,8.0000,add,data/unit_stats/source_exports/db/special_ability_phase_stat_effects_tables/data__.tsv,1954,9.0.1
wh3_dlc29_mount_contact_bilespurt,scalar_charge_speed,0.9000,mult,data/unit_stats/source_exports/db/special_ability_phase_stat_effects_tables/data__.tsv,1955,9.0.1
wh3_dlc29_mount_contact_bilespurt,scalar_speed,0.9000,mult,data/unit_stats/source_exports/db/special_ability_phase_stat_effects_tables/data__.tsv,1956,9.0.1
wh3_dlc29_mount_contact_bilespurt,stat_armour,-40.0000,add,data/unit_stats/source_exports/db/special_ability_phase_stat_effects_tables/data__.tsv,1957,9.0.1
wh3_dlc29_mount_contact_bilespurt,stat_melee_damage_ap,0.9000,mult,data/unit_stats/source_exports/db/special_ability_phase_stat_effects_tables/data__.tsv,1958,9.0.1
wh3_dlc29_mount_contact_bilespurt,stat_melee_damage_base,0.9000,mult,data/unit_stats/source_exports/db/special_ability_phase_stat_effects_tables/data__.tsv,1959,9.0.1
wh3_dlc29_mount_passive_daemon_flesh,stat_resistance_all,10.0000,add,data/unit_stats/source_exports/db/special_ability_phase_stat_effects_tables/data__.tsv,1960,9.0.1
wh3_dlc29_mount_passive_unholiest_relic,stat_melee_defence,5.0000,add,data/unit_stats/source_exports/db/special_ability_phase_stat_effects_tables/data__.tsv,1961,9.0.1
wh3_dlc29_passive_ability_fog_of_the_damned,stat_melee_attack,-8.0000,add,data/unit_stats/source_exports/db/special_ability_phase_stat_effects_tables/data__.tsv,1962,9.0.1
wh3_dlc29_passive_ability_fog_of_the_damned,stat_morale,-4.0000,add,data/unit_stats/source_exports/db/special_ability_phase_stat_effects_tables/data__.tsv,1963,9.0.1
wh3_dlc29_passive_spell_death_doom_and_darkness,stat_morale,-4.0000,add,data/unit_stats/source_exports/db/special_ability_phase_stat_effects_tables/data__.tsv,1964,9.0.1
wh3_dlc29_passive_spell_nehekhara_nerus_incantation_of_protection,stat_resistance_physical,10.0000,add,data/unit_stats/source_exports/db/special_ability_phase_stat_effects_tables/data__.tsv,1965,9.0.1
wh3_dlc29_passive_spell_vampires_curse_of_years,scalar_speed,0.9000,mult,data/unit_stats/source_exports/db/special_ability_phase_stat_effects_tables/data__.tsv,1966,9.0.1
wh3_dlc29_passive_spell_vampires_curse_of_years,stat_melee_attack,-5.0000,add,data/unit_stats/source_exports/db/special_ability_phase_stat_effects_tables/data__.tsv,1967,9.0.1
wh3_dlc29_spell_bound_eye_gouger,stat_melee_attack,24.0000,add,data/unit_stats/source_exports/db/special_ability_phase_stat_effects_tables/data__.tsv,1968,9.0.1
wh3_dlc29_spell_bound_eye_gouger,stat_melee_damage_ap,1.5000,mult,data/unit_stats/source_exports/db/special_ability_phase_stat_effects_tables/data__.tsv,1969,9.0.1
wh3_dlc29_spell_bound_eye_gouger,stat_melee_damage_base,1.5000,mult,data/unit_stats/source_exports/db/special_ability_phase_stat_effects_tables/data__.tsv,1970,9.0.1
wh3_dlc29_spell_bound_eye_jabber,stat_melee_damage_ap,1.2500,mult,data/unit_stats/source_exports/db/special_ability_phase_stat_effects_tables/data__.tsv,1971,9.0.1
wh3_dlc29_spell_bound_eye_jabber,stat_melee_damage_base,1.2500,mult,data/unit_stats/source_exports/db/special_ability_phase_stat_effects_tables/data__.tsv,1972,9.0.1
wh3_dlc29_spell_bound_prayer_battle_howl,scalar_charge_speed,1.2500,mult,data/unit_stats/source_exports/db/special_ability_phase_stat_effects_tables/data__.tsv,1973,9.0.1
wh3_dlc29_spell_bound_prayer_battle_howl,scalar_speed,1.2500,mult,data/unit_stats/source_exports/db/special_ability_phase_stat_effects_tables/data__.tsv,1974,9.0.1
wh3_dlc29_spell_bound_prayer_battle_howl,stat_charge_bonus,1.2000,mult,data/unit_stats/source_exports/db/special_ability_phase_stat_effects_tables/data__.tsv,1975,9.0.1
wh3_dlc29_spell_bound_prayer_ferocious_battle_howl,scalar_charge_speed,1.5000,mult,data/unit_stats/source_exports/db/special_ability_phase_stat_effects_tables/data__.tsv,1976,9.0.1
wh3_dlc29_spell_bound_prayer_ferocious_battle_howl,scalar_speed,1.2500,mult,data/unit_stats/source_exports/db/special_ability_phase_stat_effects_tables/data__.tsv,1977,9.0.1
wh3_dlc29_spell_bound_prayer_ferocious_battle_howl,stat_charge_bonus,1.4000,mult,data/unit_stats/source_exports/db/special_ability_phase_stat_effects_tables/data__.tsv,1978,9.0.1
wh3_dlc29_spell_bound_prayer_ferocious_battle_howl,stat_mass,1.5000,mult,data/unit_stats/source_exports/db/special_ability_phase_stat_effects_tables/data__.tsv,1979,9.0.1
wh3_dlc29_spell_bound_prayer_ferocious_winters_chill,stat_melee_attack,-24.0000,add,data/unit_stats/source_exports/db/special_ability_phase_stat_effects_tables/data__.tsv,1980,9.0.1
wh3_dlc29_spell_bound_prayer_ferocious_winters_chill,stat_melee_damage_ap,0.7000,mult,data/unit_stats/source_exports/db/special_ability_phase_stat_effects_tables/data__.tsv,1981,9.0.1
wh3_dlc29_spell_bound_prayer_ferocious_winters_chill,stat_melee_damage_base,0.7000,mult,data/unit_stats/source_exports/db/special_ability_phase_stat_effects_tables/data__.tsv,1982,9.0.1
wh3_dlc29_spell_bound_prayer_ferocious_winters_chill,stat_melee_defence,-24.0000,add,data/unit_stats/source_exports/db/special_ability_phase_stat_effects_tables/data__.tsv,1983,9.0.1
wh3_dlc29_spell_bound_prayer_fury_of_ulric,stat_morale,8.0000,add,data/unit_stats/source_exports/db/special_ability_phase_stat_effects_tables/data__.tsv,1984,9.0.1
wh3_dlc29_spell_bound_prayer_winters_chill,stat_melee_attack,-24.0000,add,data/unit_stats/source_exports/db/special_ability_phase_stat_effects_tables/data__.tsv,1985,9.0.1
wh3_dlc29_spell_bound_prayer_winters_chill,stat_melee_damage_ap,0.7000,mult,data/unit_stats/source_exports/db/special_ability_phase_stat_effects_tables/data__.tsv,1986,9.0.1
wh3_dlc29_spell_bound_prayer_winters_chill,stat_melee_damage_base,0.7000,mult,data/unit_stats/source_exports/db/special_ability_phase_stat_effects_tables/data__.tsv,1987,9.0.1
wh3_dlc29_spell_bound_skitterleap,scalar_speed,1.2500,mult,data/unit_stats/source_exports/db/special_ability_phase_stat_effects_tables/data__.tsv,1988,9.0.1
wh3_dlc29_spell_bound_storm_hammer,stat_charge_bonus,1.4000,mult,data/unit_stats/source_exports/db/special_ability_phase_stat_effects_tables/data__.tsv,1989,9.0.1
wh3_dlc29_spell_bound_storm_hammer,stat_melee_attack,40.0000,add,data/unit_stats/source_exports/db/special_ability_phase_stat_effects_tables/data__.tsv,1990,9.0.1
wh3_dlc29_spell_passive_protector_of_the_empie,scalar_charge_speed,1.1000,mult,data/unit_stats/source_exports/db/special_ability_phase_stat_effects_tables/data__.tsv,1991,9.0.1
wh3_dlc29_spell_passive_protector_of_the_empie,scalar_speed,1.1000,mult,data/unit_stats/source_exports/db/special_ability_phase_stat_effects_tables/data__.tsv,1992,9.0.1
wh3_dlc29_spell_passive_protector_of_the_empie,stat_melee_attack,10.0000,add,data/unit_stats/source_exports/db/special_ability_phase_stat_effects_tables/data__.tsv,1993,9.0.1
wh3_dlc29_spell_passive_protector_of_the_empie,stat_resistance_all,10.0000,add,data/unit_stats/source_exports/db/special_ability_phase_stat_effects_tables/data__.tsv,1994,9.0.1
wh3_dlc29_spell_undeath_sulekhim_hand_of_dust_upgraded,stat_melee_damage_ap,1.5000,mult,data/unit_stats/source_exports/db/special_ability_phase_stat_effects_tables/data__.tsv,1995,9.0.1
wh3_dlc29_spell_undeath_sulekhim_hand_of_dust,stat_melee_damage_ap,1.5000,mult,data/unit_stats/source_exports/db/special_ability_phase_stat_effects_tables/data__.tsv,1996,9.0.1
wh3_dlc29_unit_abilities_battle_of_wills,stat_melee_attack,-24.0000,add,data/unit_stats/source_exports/db/special_ability_phase_stat_effects_tables/data__.tsv,1997,9.0.1
wh3_dlc29_unit_abilities_battle_of_wills,stat_morale,-8.0000,add,data/unit_stats/source_exports/db/special_ability_phase_stat_effects_tables/data__.tsv,1998,9.0.1
wh3_dlc29_unit_abilities_battle_of_wills,stat_reloading,-40.0000,add,data/unit_stats/source_exports/db/special_ability_phase_stat_effects_tables/data__.tsv,1999,9.0.1
wh3_dlc29_unit_abilities_black_nimbus_upgraded,stat_morale,25.0000,add,data/unit_stats/source_exports/db/special_ability_phase_stat_effects_tables/data__.tsv,2000,9.0.1
wh3_dlc29_unit_abilities_black_nimbus_upgraded,stat_resistance_all,40.0000,add,data/unit_stats/source_exports/db/special_ability_phase_stat_effects_tables/data__.tsv,2001,9.0.1
wh3_dlc29_unit_abilities_blood_omens_enemies,scalar_charge_speed,0.7500,mult,data/unit_stats/source_exports/db/special_ability_phase_stat_effects_tables/data__.tsv,2002,9.0.1
wh3_dlc29_unit_abilities_blood_omens_enemies,scalar_speed,0.7500,mult,data/unit_stats/source_exports/db/special_ability_phase_stat_effects_tables/data__.tsv,2003,9.0.1
wh3_dlc29_unit_abilities_entice,stat_melee_defence,24.0000,add,data/unit_stats/source_exports/db/special_ability_phase_stat_effects_tables/data__.tsv,2004,9.0.1
wh3_dlc29_unit_abilities_of_warp_and_ruin,scalar_missile_explosion_damage_ap,1.4000,mult,data/unit_stats/source_exports/db/special_ability_phase_stat_effects_tables/data__.tsv,2005,9.0.1
wh3_dlc29_unit_abilities_of_warp_and_ruin,scalar_missile_explosion_damage_base,1.4000,mult,data/unit_stats/source_exports/db/special_ability_phase_stat_effects_tables/data__.tsv,2006,9.0.1
wh3_dlc29_unit_abilities_of_warp_and_ruin,scalar_missile_explosion_radius,1.2000,mult,data/unit_stats/source_exports/db/special_ability_phase_stat_effects_tables/data__.tsv,2007,9.0.1
wh3_dlc29_unit_abilities_of_warp_and_ruin,stat_reloading,30.0000,add,data/unit_stats/source_exports/db/special_ability_phase_stat_effects_tables/data__.tsv,2008,9.0.1
wh3_dlc29_unit_abilities_raging_tornado_1,scalar_speed,0.9000,mult,data/unit_stats/source_exports/db/special_ability_phase_stat_effects_tables/data__.tsv,2009,9.0.1
wh3_dlc29_unit_abilities_raging_tornado_2,scalar_speed,0.7500,mult,data/unit_stats/source_exports/db/special_ability_phase_stat_effects_tables/data__.tsv,2010,9.0.1
wh3_dlc29_unit_abilities_raging_tornado_3,scalar_speed,0.6000,mult,data/unit_stats/source_exports/db/special_ability_phase_stat_effects_tables/data__.tsv,2011,9.0.1
wh3_dlc29_unit_abilities_raging_tornado_4,scalar_speed,0.4000,mult,data/unit_stats/source_exports/db/special_ability_phase_stat_effects_tables/data__.tsv,2012,9.0.1
wh3_dlc29_unit_abilities_wrath_of_the_sands_enemies,stat_melee_attack,-24.0000,add,data/unit_stats/source_exports/db/special_ability_phase_stat_effects_tables/data__.tsv,2013,9.0.1
wh3_dlc29_unit_abilities_wrath_of_the_sands,stat_resistance_missile,20.0000,add,data/unit_stats/source_exports/db/special_ability_phase_stat_effects_tables/data__.tsv,2014,9.0.1
wh3_dlc29_unit_active_maleficient_gaze_1,scalar_charge_speed,0.7500,mult,data/unit_stats/source_exports/db/special_ability_phase_stat_effects_tables/data__.tsv,2015,9.0.1
wh3_dlc29_unit_active_maleficient_gaze_1,scalar_speed,0.7500,mult,data/unit_stats/source_exports/db/special_ability_phase_stat_effects_tables/data__.tsv,2016,9.0.1
wh3_dlc29_unit_active_maleficient_gaze_2,scalar_charge_speed,0.5000,mult,data/unit_stats/source_exports/db/special_ability_phase_stat_effects_tables/data__.tsv,2017,9.0.1
wh3_dlc29_unit_active_maleficient_gaze_2,scalar_speed,0.5000,mult,data/unit_stats/source_exports/db/special_ability_phase_stat_effects_tables/data__.tsv,2018,9.0.1
wh3_dlc29_unit_contact_blight_venom,scalar_charge_speed,0.7000,mult,data/unit_stats/source_exports/db/special_ability_phase_stat_effects_tables/data__.tsv,2019,9.0.1
wh3_dlc29_unit_contact_blight_venom,scalar_speed,0.7000,mult,data/unit_stats/source_exports/db/special_ability_phase_stat_effects_tables/data__.tsv,2020,9.0.1
wh3_dlc29_unit_contact_blight_venom,stat_melee_defence,-6.0000,add,data/unit_stats/source_exports/db/special_ability_phase_stat_effects_tables/data__.tsv,2021,9.0.1
wh3_dlc29_unit_contact_curse_of_years,scalar_speed,0.7500,mult,data/unit_stats/source_exports/db/special_ability_phase_stat_effects_tables/data__.tsv,2022,9.0.1
wh3_dlc29_unit_contact_curse_of_years,stat_melee_attack,-24.0000,add,data/unit_stats/source_exports/db/special_ability_phase_stat_effects_tables/data__.tsv,2023,9.0.1
wh3_dlc29_unit_contact_shadowblood,stat_resistance_physical,-20.0000,add,data/unit_stats/source_exports/db/special_ability_phase_stat_effects_tables/data__.tsv,2024,9.0.1
wh3_dlc29_unit_passive_aura_of_vitriol,stat_melee_attack,-10.0000,add,data/unit_stats/source_exports/db/special_ability_phase_stat_effects_tables/data__.tsv,2025,9.0.1
wh3_dlc29_unit_passive_aura_of_vitriol,stat_melee_damage_ap,0.8500,mult,data/unit_stats/source_exports/db/special_ability_phase_stat_effects_tables/data__.tsv,2026,9.0.1
wh3_dlc29_unit_passive_aura_of_vitriol,stat_melee_damage_base,0.8500,mult,data/unit_stats/source_exports/db/special_ability_phase_stat_effects_tables/data__.tsv,2027,9.0.1
wh3_dlc29_unit_passive_carnage_ii,stat_damage_reflection,24.0000,add,data/unit_stats/source_exports/db/special_ability_phase_stat_effects_tables/data__.tsv,2028,9.0.1
wh3_dlc29_unit_passive_carnage_ii,stat_healing_power,1.5000,mult,data/unit_stats/source_exports/db/special_ability_phase_stat_effects_tables/data__.tsv,2029,9.0.1
wh3_dlc29_unit_passive_carnage_ii,stat_resistance_all,20.0000,add,data/unit_stats/source_exports/db/special_ability_phase_stat_effects_tables/data__.tsv,2030,9.0.1
wh3_dlc29_unit_passive_carnage_i,stat_healing_power,1.2500,mult,data/unit_stats/source_exports/db/special_ability_phase_stat_effects_tables/data__.tsv,2031,9.0.1
wh3_dlc29_unit_passive_carnage_i,stat_resistance_all,10.0000,add,data/unit_stats/source_exports/db/special_ability_phase_stat_effects_tables/data__.tsv,2032,9.0.1
wh3_dlc29_unit_passive_crush_the_weak,scalar_charge_speed,1.1500,mult,data/unit_stats/source_exports/db/special_ability_phase_stat_effects_tables/data__.tsv,2033,9.0.1
wh3_dlc29_unit_passive_crush_the_weak,scalar_speed,1.1500,mult,data/unit_stats/source_exports/db/special_ability_phase_stat_effects_tables/data__.tsv,2034,9.0.1
wh3_dlc29_unit_passive_crush_the_weak,stat_melee_damage_ap,1.1500,mult,data/unit_stats/source_exports/db/special_ability_phase_stat_effects_tables/data__.tsv,2035,9.0.1
wh3_dlc29_unit_passive_crush_the_weak,stat_melee_damage_base,1.1500,mult,data/unit_stats/source_exports/db/special_ability_phase_stat_effects_tables/data__.tsv,2036,9.0.1
wh3_dlc29_unit_passive_doom_of_many,scalar_missile_damage_ap,1.7500,mult,data/unit_stats/source_exports/db/special_ability_phase_stat_effects_tables/data__.tsv,2037,9.0.1
wh3_dlc29_unit_passive_drakenhof_banner_ii,stat_healing_power,1.5000,mult,data/unit_stats/source_exports/db/special_ability_phase_stat_effects_tables/data__.tsv,2038,9.0.1
wh3_dlc29_unit_passive_drakenhof_banner_ii,stat_morale,8.0000,add,data/unit_stats/source_exports/db/special_ability_phase_stat_effects_tables/data__.tsv,2039,9.0.1
wh3_dlc29_unit_passive_drakenhof_banner_i,stat_healing_power,1.2500,mult,data/unit_stats/source_exports/db/special_ability_phase_stat_effects_tables/data__.tsv,2040,9.0.1
wh3_dlc29_unit_passive_drakenhof_banner_i,stat_morale,5.0000,add,data/unit_stats/source_exports/db/special_ability_phase_stat_effects_tables/data__.tsv,2041,9.0.1
wh3_dlc29_unit_passive_faster_than_man,stat_damage_reflection,20.0000,add,data/unit_stats/source_exports/db/special_ability_phase_stat_effects_tables/data__.tsv,2042,9.0.1
wh3_dlc29_unit_passive_humiliation_of_the_gods_i_allies,stat_morale,12.0000,add,data/unit_stats/source_exports/db/special_ability_phase_stat_effects_tables/data__.tsv,2043,9.0.1
wh3_dlc29_unit_passive_humiliation_of_the_gods_i_enemies,stat_morale,-12.0000,add,data/unit_stats/source_exports/db/special_ability_phase_stat_effects_tables/data__.tsv,2044,9.0.1
wh3_dlc29_unit_passive_lieutenants_of_the_apocalypse_allies,stat_healing_power,1.2000,mult,data/unit_stats/source_exports/db/special_ability_phase_stat_effects_tables/data__.tsv,2045,9.0.1
wh3_dlc29_unit_passive_lieutenants_of_the_apocalypse_allies,stat_resistance_all,10.0000,add,data/unit_stats/source_exports/db/special_ability_phase_stat_effects_tables/data__.tsv,2046,9.0.1
wh3_dlc29_unit_passive_mistify,stat_resistance_physical,20.0000,add,data/unit_stats/source_exports/db/special_ability_phase_stat_effects_tables/data__.tsv,2047,9.0.1
wh3_dlc29_unit_passive_mutant_rush,scalar_charge_speed,1.2000,mult,data/unit_stats/source_exports/db/special_ability_phase_stat_effects_tables/data__.tsv,2048,9.0.1
wh3_dlc29_unit_passive_mutant_rush,scalar_speed,1.2000,mult,data/unit_stats/source_exports/db/special_ability_phase_stat_effects_tables/data__.tsv,2049,9.0.1
wh3_dlc29_unit_passive_mutant_rush,stat_resistance_missile,20.0000,add,data/unit_stats/source_exports/db/special_ability_phase_stat_effects_tables/data__.tsv,2050,9.0.1
wh3_dlc29_unit_passive_obliterate_the_weak,scalar_charge_speed,1.1500,mult,data/unit_stats/source_exports/db/special_ability_phase_stat_effects_tables/data__.tsv,2051,9.0.1
wh3_dlc29_unit_passive_obliterate_the_weak,scalar_speed,1.1500,mult,data/unit_stats/source_exports/db/special_ability_phase_stat_effects_tables/data__.tsv,2052,9.0.1
wh3_dlc29_unit_passive_obliterate_the_weak,stat_melee_attack,8.0000,add,data/unit_stats/source_exports/db/special_ability_phase_stat_effects_tables/data__.tsv,2053,9.0.1
wh3_dlc29_unit_passive_obliterate_the_weak,stat_melee_damage_ap,1.1500,mult,data/unit_stats/source_exports/db/special_ability_phase_stat_effects_tables/data__.tsv,2054,9.0.1
wh3_dlc29_unit_passive_obliterate_the_weak,stat_melee_damage_base,1.1500,mult,data/unit_stats/source_exports/db/special_ability_phase_stat_effects_tables/data__.tsv,2055,9.0.1
wh3_dlc29_unit_passive_portents_of_battle,stat_melee_attack,8.0000,add,data/unit_stats/source_exports/db/special_ability_phase_stat_effects_tables/data__.tsv,2056,9.0.1
wh3_dlc29_unit_passive_protection_of_ulric,stat_resistance_magic,5.0000,add,data/unit_stats/source_exports/db/special_ability_phase_stat_effects_tables/data__.tsv,2057,9.0.1
wh3_dlc29_unit_passive_protection_of_ulric,stat_resistance_missile,5.0000,add,data/unit_stats/source_exports/db/special_ability_phase_stat_effects_tables/data__.tsv,2058,9.0.1
wh3_dlc29_unit_passive_scrying_pool,stat_melee_attack,5.0000,add,data/unit_stats/source_exports/db/special_ability_phase_stat_effects_tables/data__.tsv,2059,9.0.1
wh3_dlc29_unit_passive_scrying_pool,stat_melee_defence,5.0000,add,data/unit_stats/source_exports/db/special_ability_phase_stat_effects_tables/data__.tsv,2060,9.0.1
wh3_dlc29_unit_passive_shadowblood_fragrance,stat_melee_damage_ap,1.1500,mult,data/unit_stats/source_exports/db/special_ability_phase_stat_effects_tables/data__.tsv,2061,9.0.1
wh3_dlc29_unit_passive_spiky,stat_damage_reflection,12.0000,add,data/unit_stats/source_exports/db/special_ability_phase_stat_effects_tables/data__.tsv,2062,9.0.1
wh3_dlc29_unit_passive_spiky,stat_resistance_physical,5.0000,add,data/unit_stats/source_exports/db/special_ability_phase_stat_effects_tables/data__.tsv,2063,9.0.1
wh3_dlc29_unit_passive_spirit_conduit_upgraded,scalar_spell_mastery,1.2000,mult,data/unit_stats/source_exports/db/special_ability_phase_stat_effects_tables/data__.tsv,2064,9.0.1
wh3_dlc29_unit_passive_vigour_mortis_upgraded,stat_melee_attack,5.0000,add,data/unit_stats/source_exports/db/special_ability_phase_stat_effects_tables/data__.tsv,2065,9.0.1
wh3_dlc29_unit_passive_vigour_mortis_upgraded,stat_melee_defence,5.0000,add,data/unit_stats/source_exports/db/special_ability_phase_stat_effects_tables/data__.tsv,2066,9.0.1
wh3_dlc29_unit_passive_yell_and_bawl,stat_morale,-4.0000,add,data/unit_stats/source_exports/db/special_ability_phase_stat_effects_tables/data__.tsv,2067,9.0.1
wh3_dlc29_weapon_abilities_aken-seth_the_staff_of_pain,scalar_spell_mastery,1.6000,mult,data/unit_stats/source_exports/db/special_ability_phase_stat_effects_tables/data__.tsv,2068,9.0.1
wh3_dlc29_weapon_abilities_akmet_kar_the_dagger_of_jet,stat_melee_attack,-8.0000,add,data/unit_stats/source_exports/db/special_ability_phase_stat_effects_tables/data__.tsv,2069,9.0.1
wh3_dlc29_weapon_abilities_akmet_kar_the_dagger_of_jet,stat_melee_damage_ap,0.7500,mult,data/unit_stats/source_exports/db/special_ability_phase_stat_effects_tables/data__.tsv,2070,9.0.1
wh3_dlc29_weapon_abilities_akmet_kar_the_dagger_of_jet,stat_melee_damage_base,0.7500,mult,data/unit_stats/source_exports/db/special_ability_phase_stat_effects_tables/data__.tsv,2071,9.0.1
wh3_dlc29_weapon_ability_legbiter,stat_melee_attack,24.0000,add,data/unit_stats/source_exports/db/special_ability_phase_stat_effects_tables/data__.tsv,2072,9.0.1
wh3_dlc29_weapon_ability_legbiter,stat_melee_damage_ap,1.2500,mult,data/unit_stats/source_exports/db/special_ability_phase_stat_effects_tables/data__.tsv,2073,9.0.1
wh3_dlc29_weapon_ability_legbiter,stat_melee_damage_base,1.2500,mult,data/unit_stats/source_exports/db/special_ability_phase_stat_effects_tables/data__.tsv,2074,9.0.1
wh3_dlc29_weapon_active_hammer_axe_of_skoll,stat_melee_attack,24.0000,add,data/unit_stats/source_exports/db/special_ability_phase_stat_effects_tables/data__.tsv,2075,9.0.1
wh3_dlc29_weapon_active_hammer_axe_of_skoll,stat_melee_damage_ap,1.7500,mult,data/unit_stats/source_exports/db/special_ability_phase_stat_effects_tables/data__.tsv,2076,9.0.1
wh3_dlc29_weapon_active_hammer_axe_of_skoll,stat_melee_damage_base,1.7500,mult,data/unit_stats/source_exports/db/special_ability_phase_stat_effects_tables/data__.tsv,2077,9.0.1
wh3_ef_line_siege_wall,scalar_missile_range,1.2000,mult,data/unit_stats/source_exports/db/special_ability_phase_stat_effects_tables/data__.tsv,2078,9.0.1
wh3_ef_line_siege_wall,stat_missile_block_chance,25.0000,add,data/unit_stats/source_exports/db/special_ability_phase_stat_effects_tables/data__.tsv,2079,9.0.1
wh3_ef_line_siege_wall,stat_resistance_missile,10.0000,add,data/unit_stats/source_exports/db/special_ability_phase_stat_effects_tables/data__.tsv,2080,9.0.1
wh3_ef_line_terrain_placement,scalar_missile_range,1.1000,mult,data/unit_stats/source_exports/db/special_ability_phase_stat_effects_tables/data__.tsv,2081,9.0.1
wh3_ef_line_terrain_placement,stat_resistance_missile,5.0000,add,data/unit_stats/source_exports/db/special_ability_phase_stat_effects_tables/data__.tsv,2082,9.0.1
wh3_main_ambush_unready,stat_charge_bonus,0.7000,mult,data/unit_stats/source_exports/db/special_ability_phase_stat_effects_tables/data__.tsv,2083,9.0.1
wh3_main_ambush_unready,stat_melee_attack,0.7000,mult,data/unit_stats/source_exports/db/special_ability_phase_stat_effects_tables/data__.tsv,2084,9.0.1
wh3_main_ambush_unready,stat_melee_defence,0.7000,mult,data/unit_stats/source_exports/db/special_ability_phase_stat_effects_tables/data__.tsv,2085,9.0.1
wh3_main_ambush_unready,stat_morale,-10.0000,add,data/unit_stats/source_exports/db/special_ability_phase_stat_effects_tables/data__.tsv,2086,9.0.1
wh3_main_army_abilities_curse_of_the_slug,scalar_charge_speed,0.5500,mult,data/unit_stats/source_exports/db/special_ability_phase_stat_effects_tables/data__.tsv,2087,9.0.1
wh3_main_army_abilities_curse_of_the_slug,scalar_speed,0.5500,mult,data/unit_stats/source_exports/db/special_ability_phase_stat_effects_tables/data__.tsv,2088,9.0.1
wh3_main_army_abilities_horn_of_khorne,stat_melee_attack,24.0000,add,data/unit_stats/source_exports/db/special_ability_phase_stat_effects_tables/data__.tsv,2089,9.0.1
wh3_main_army_abilities_sweet_sorrow,scalar_charge_speed,1.4000,mult,data/unit_stats/source_exports/db/special_ability_phase_stat_effects_tables/data__.tsv,2090,9.0.1
wh3_main_army_abilities_sweet_sorrow,scalar_speed,1.4000,mult,data/unit_stats/source_exports/db/special_ability_phase_stat_effects_tables/data__.tsv,2091,9.0.1
wh3_main_army_abilities_the_bitterness_of_winter,scalar_speed,0.7500,mult,data/unit_stats/source_exports/db/special_ability_phase_stat_effects_tables/data__.tsv,2092,9.0.1
wh3_main_army_abilities_the_bitterness_of_winter,stat_morale,-8.0000,add,data/unit_stats/source_exports/db/special_ability_phase_stat_effects_tables/data__.tsv,2093,9.0.1
wh3_main_army_abilities_wrath_of_the_bear,stat_melee_damage_ap,1.5000,mult,data/unit_stats/source_exports/db/special_ability_phase_stat_effects_tables/data__.tsv,2094,9.0.1
wh3_main_army_abilities_wrath_of_the_bear,stat_melee_damage_base,1.5000,mult,data/unit_stats/source_exports/db/special_ability_phase_stat_effects_tables/data__.tsv,2095,9.0.1
wh3_main_ascendant_beasts_ascendancy,stat_charge_bonus,10.0000,add,data/unit_stats/source_exports/db/special_ability_phase_stat_effects_tables/data__.tsv,2096,9.0.1
wh3_main_ascendant_death_ascendancy,stat_melee_damage_ap,1.3300,mult,data/unit_stats/source_exports/db/special_ability_phase_stat_effects_tables/data__.tsv,2097,9.0.1
wh3_main_ascendant_fire_ascendancy,stat_melee_attack,1.2500,mult,data/unit_stats/source_exports/db/special_ability_phase_stat_effects_tables/data__.tsv,2098,9.0.1
wh3_main_ascendant_heavens_ascendancy,scalar_missile_damage_ap,1.2500,mult,data/unit_stats/source_exports/db/special_ability_phase_stat_effects_tables/data__.tsv,2099,9.0.1
wh3_main_ascendant_heavens_ascendancy,scalar_missile_damage_base,1.2500,mult,data/unit_stats/source_exports/db/special_ability_phase_stat_effects_tables/data__.tsv,2100,9.0.1
wh3_main_ascendant_light_ascendancy,stat_morale,10.0000,add,data/unit_stats/source_exports/db/special_ability_phase_stat_effects_tables/data__.tsv,2101,9.0.1
wh3_main_ascendant_metal_ascendancy,stat_armour,20.0000,add,data/unit_stats/source_exports/db/special_ability_phase_stat_effects_tables/data__.tsv,2102,9.0.1
wh3_main_ascendant_metal_ascendancy,stat_resistance_missile,22.0000,add,data/unit_stats/source_exports/db/special_ability_phase_stat_effects_tables/data__.tsv,2103,9.0.1
wh3_main_ascendant_shadow_ascendancy,scalar_charge_speed,1.1500,mult,data/unit_stats/source_exports/db/special_ability_phase_stat_effects_tables/data__.tsv,2104,9.0.1
wh3_main_ascendant_shadow_ascendancy,scalar_speed,1.1500,mult,data/unit_stats/source_exports/db/special_ability_phase_stat_effects_tables/data__.tsv,2105,9.0.1
wh3_main_banner_passive_standard_of_wei_jin_enemy,stat_morale,-4.0000,add,data/unit_stats/source_exports/db/special_ability_phase_stat_effects_tables/data__.tsv,2106,9.0.1
wh3_main_banner_passive_standard_of_wei_jin_friend,stat_morale,6.0000,add,data/unit_stats/source_exports/db/special_ability_phase_stat_effects_tables/data__.tsv,2107,9.0.1
wh3_main_barricade_blocker,stat_resistance_missile,15.0000,add,data/unit_stats/source_exports/db/special_ability_phase_stat_effects_tables/data__.tsv,2108,9.0.1
wh3_main_barricade_monument_brt,stat_charge_bonus,1.1500,mult,data/unit_stats/source_exports/db/special_ability_phase_stat_effects_tables/data__.tsv,2109,9.0.1
wh3_main_barricade_monument_brt,stat_morale,10.0000,add,data/unit_stats/source_exports/db/special_ability_phase_stat_effects_tables/data__.tsv,2110,9.0.1
wh3_main_barricade_monument_bst,stat_melee_attack,1.1500,mult,data/unit_stats/source_exports/db/special_ability_phase_stat_effects_tables/data__.tsv,2111,9.0.1
wh3_main_barricade_monument_bst,stat_morale,10.0000,add,data/unit_stats/source_exports/db/special_ability_phase_stat_effects_tables/data__.tsv,2112,9.0.1
wh3_main_barricade_monument_chs,stat_melee_attack,1.1500,mult,data/unit_stats/source_exports/db/special_ability_phase_stat_effects_tables/data__.tsv,2113,9.0.1
wh3_main_barricade_monument_chs,stat_morale,10.0000,add,data/unit_stats/source_exports/db/special_ability_phase_stat_effects_tables/data__.tsv,2114,9.0.1
wh3_main_barricade_monument_cst,stat_morale,10.0000,add,data/unit_stats/source_exports/db/special_ability_phase_stat_effects_tables/data__.tsv,2115,9.0.1
wh3_main_barricade_monument_cth,stat_melee_defence,1.1500,mult,data/unit_stats/source_exports/db/special_ability_phase_stat_effects_tables/data__.tsv,2116,9.0.1
wh3_main_barricade_monument_cth,stat_morale,10.0000,add,data/unit_stats/source_exports/db/special_ability_phase_stat_effects_tables/data__.tsv,2117,9.0.1
wh3_main_barricade_monument_def,stat_morale,10.0000,add,data/unit_stats/source_exports/db/special_ability_phase_stat_effects_tables/data__.tsv,2118,9.0.1
wh3_main_barricade_monument_dwf,stat_armour,1.1500,mult,data/unit_stats/source_exports/db/special_ability_phase_stat_effects_tables/data__.tsv,2119,9.0.1
wh3_main_barricade_monument_dwf,stat_morale,10.0000,add,data/unit_stats/source_exports/db/special_ability_phase_stat_effects_tables/data__.tsv,2120,9.0.1
wh3_main_barricade_monument_emp,stat_melee_defence,1.1500,mult,data/unit_stats/source_exports/db/special_ability_phase_stat_effects_tables/data__.tsv,2121,9.0.1
wh3_main_barricade_monument_emp,stat_morale,10.0000,add,data/unit_stats/source_exports/db/special_ability_phase_stat_effects_tables/data__.tsv,2122,9.0.1
wh3_main_barricade_monument_grn,stat_melee_damage_base,1.1500,mult,data/unit_stats/source_exports/db/special_ability_phase_stat_effects_tables/data__.tsv,2123,9.0.1
wh3_main_barricade_monument_grn,stat_morale,10.0000,add,data/unit_stats/source_exports/db/special_ability_phase_stat_effects_tables/data__.tsv,2124,9.0.1
wh3_main_barricade_monument_hef,scalar_missile_damage_base,1.1500,mult,data/unit_stats/source_exports/db/special_ability_phase_stat_effects_tables/data__.tsv,2125,9.0.1
wh3_main_barricade_monument_hef,stat_morale,10.0000,add,data/unit_stats/source_exports/db/special_ability_phase_stat_effects_tables/data__.tsv,2126,9.0.1
wh3_main_barricade_monument_kho,stat_melee_attack,1.1500,mult,data/unit_stats/source_exports/db/special_ability_phase_stat_effects_tables/data__.tsv,2127,9.0.1
wh3_main_barricade_monument_kho,stat_morale,10.0000,add,data/unit_stats/source_exports/db/special_ability_phase_stat_effects_tables/data__.tsv,2128,9.0.1
wh3_main_barricade_monument_ksl,stat_melee_defence,1.1500,mult,data/unit_stats/source_exports/db/special_ability_phase_stat_effects_tables/data__.tsv,2129,9.0.1
wh3_main_barricade_monument_ksl,stat_morale,10.0000,add,data/unit_stats/source_exports/db/special_ability_phase_stat_effects_tables/data__.tsv,2130,9.0.1
wh3_main_barricade_monument_lzd,stat_melee_damage_base,1.1500,mult,data/unit_stats/source_exports/db/special_ability_phase_stat_effects_tables/data__.tsv,2131,9.0.1
wh3_main_barricade_monument_lzd,stat_morale,10.0000,add,data/unit_stats/source_exports/db/special_ability_phase_stat_effects_tables/data__.tsv,2132,9.0.1
wh3_main_barricade_monument_nor,stat_melee_damage_base,1.1500,mult,data/unit_stats/source_exports/db/special_ability_phase_stat_effects_tables/data__.tsv,2133,9.0.1
wh3_main_barricade_monument_nor,stat_morale,10.0000,add,data/unit_stats/source_exports/db/special_ability_phase_stat_effects_tables/data__.tsv,2134,9.0.1
wh3_main_barricade_monument_nur,stat_morale,10.0000,add,data/unit_stats/source_exports/db/special_ability_phase_stat_effects_tables/data__.tsv,2135,9.0.1
wh3_main_barricade_monument_ogr,stat_charge_bonus,1.1500,mult,data/unit_stats/source_exports/db/special_ability_phase_stat_effects_tables/data__.tsv,2136,9.0.1
wh3_main_barricade_monument_ogr,stat_morale,10.0000,add,data/unit_stats/source_exports/db/special_ability_phase_stat_effects_tables/data__.tsv,2137,9.0.1
wh3_main_barricade_monument_skv,scalar_missile_damage_base,1.1500,mult,data/unit_stats/source_exports/db/special_ability_phase_stat_effects_tables/data__.tsv,2138,9.0.1
wh3_main_barricade_monument_skv,stat_morale,10.0000,add,data/unit_stats/source_exports/db/special_ability_phase_stat_effects_tables/data__.tsv,2139,9.0.1
wh3_main_barricade_monument_sla,stat_charge_bonus,1.1500,mult,data/unit_stats/source_exports/db/special_ability_phase_stat_effects_tables/data__.tsv,2140,9.0.1
wh3_main_barricade_monument_sla,stat_morale,10.0000,add,data/unit_stats/source_exports/db/special_ability_phase_stat_effects_tables/data__.tsv,2141,9.0.1
wh3_main_barricade_monument_tmb,stat_morale,10.0000,add,data/unit_stats/source_exports/db/special_ability_phase_stat_effects_tables/data__.tsv,2142,9.0.1
wh3_main_barricade_monument_tze,scalar_missile_damage_base,1.1500,mult,data/unit_stats/source_exports/db/special_ability_phase_stat_effects_tables/data__.tsv,2143,9.0.1
wh3_main_barricade_monument_tze,stat_morale,10.0000,add,data/unit_stats/source_exports/db/special_ability_phase_stat_effects_tables/data__.tsv,2144,9.0.1
wh3_main_barricade_monument_vmp,stat_morale,10.0000,add,data/unit_stats/source_exports/db/special_ability_phase_stat_effects_tables/data__.tsv,2145,9.0.1
wh3_main_barricade_monument_wef,scalar_missile_damage_base,1.1500,mult,data/unit_stats/source_exports/db/special_ability_phase_stat_effects_tables/data__.tsv,2146,9.0.1
wh3_main_barricade_monument_wef,stat_morale,10.0000,add,data/unit_stats/source_exports/db/special_ability_phase_stat_effects_tables/data__.tsv,2147,9.0.1
wh3_main_barricade_monument,stat_melee_attack,1.1500,mult,data/unit_stats/source_exports/db/special_ability_phase_stat_effects_tables/data__.tsv,2148,9.0.1
wh3_main_barricade_monument,stat_morale,10.0000,add,data/unit_stats/source_exports/db/special_ability_phase_stat_effects_tables/data__.tsv,2149,9.0.1
wh3_main_barricade_platform,scalar_missile_range,1.2000,mult,data/unit_stats/source_exports/db/special_ability_phase_stat_effects_tables/data__.tsv,2150,9.0.1
wh3_main_barricade_trap,scalar_speed,0.8500,mult,data/unit_stats/source_exports/db/special_ability_phase_stat_effects_tables/data__.tsv,2151,9.0.1
wh3_main_barricade_trap,stat_melee_attack,0.8500,mult,data/unit_stats/source_exports/db/special_ability_phase_stat_effects_tables/data__.tsv,2152,9.0.1
wh3_main_cataclysm_beasts_merciws_monstrous_regiment,stat_melee_attack,40.0000,add,data/unit_stats/source_exports/db/special_ability_phase_stat_effects_tables/data__.tsv,2153,9.0.1
wh3_main_cataclysm_beasts_merciws_monstrous_regiment,stat_melee_damage_ap,1.5000,mult,data/unit_stats/source_exports/db/special_ability_phase_stat_effects_tables/data__.tsv,2154,9.0.1
wh3_main_cataclysm_beasts_merciws_monstrous_regiment,stat_melee_damage_base,1.5000,mult,data/unit_stats/source_exports/db/special_ability_phase_stat_effects_tables/data__.tsv,2155,9.0.1
wh3_main_cataclysm_beasts_merciws_monstrous_regiment,stat_resistance_physical,20.0000,add,data/unit_stats/source_exports/db/special_ability_phase_stat_effects_tables/data__.tsv,2156,9.0.1
wh3_main_cataclysm_light_time_amok,scalar_speed,1.4000,mult,data/unit_stats/source_exports/db/special_ability_phase_stat_effects_tables/data__.tsv,2157,9.0.1
wh3_main_cataclysm_light_time_amok,stat_charge_bonus,1.2000,mult,data/unit_stats/source_exports/db/special_ability_phase_stat_effects_tables/data__.tsv,2158,9.0.1
wh3_main_cataclysm_shadow_dance_of_despair,stat_morale,-24.0000,add,data/unit_stats/source_exports/db/special_ability_phase_stat_effects_tables/data__.tsv,2159,9.0.1
wh3_main_character_abilities_crippling_throw,scalar_speed,0.7500,mult,data/unit_stats/source_exports/db/special_ability_phase_stat_effects_tables/data__.tsv,2160,9.0.1
wh3_main_character_abilities_crippling_throw,stat_melee_defence,-24.0000,add,data/unit_stats/source_exports/db/special_ability_phase_stat_effects_tables/data__.tsv,2161,9.0.1
wh3_main_character_abilities_deathcheater,stat_resistance_all,90.0000,add,data/unit_stats/source_exports/db/special_ability_phase_stat_effects_tables/data__.tsv,2162,9.0.1
wh3_main_character_abilities_enchanted_metallurgy_flaming,scalar_missile_damage_base,1.5000,mult,data/unit_stats/source_exports/db/special_ability_phase_stat_effects_tables/data__.tsv,2163,9.0.1
wh3_main_character_abilities_enchanted_metallurgy_flaming,stat_melee_damage_base,1.6000,mult,data/unit_stats/source_exports/db/special_ability_phase_stat_effects_tables/data__.tsv,2164,9.0.1
wh3_main_character_abilities_enchanted_metallurgy_piercing,scalar_missile_damage_ap,1.2500,mult,data/unit_stats/source_exports/db/special_ability_phase_stat_effects_tables/data__.tsv,2165,9.0.1
wh3_main_character_abilities_enchanted_metallurgy_piercing,scalar_missile_damage_base,1.2500,mult,data/unit_stats/source_exports/db/special_ability_phase_stat_effects_tables/data__.tsv,2166,9.0.1
wh3_main_character_abilities_enchanted_metallurgy_piercing,stat_melee_damage_ap,1.2500,mult,data/unit_stats/source_exports/db/special_ability_phase_stat_effects_tables/data__.tsv,2167,9.0.1
wh3_main_character_abilities_enchanted_metallurgy_piercing,stat_melee_damage_base,1.2500,mult,data/unit_stats/source_exports/db/special_ability_phase_stat_effects_tables/data__.tsv,2168,9.0.1
wh3_main_character_abilities_enchanted_metallurgy_poison,scalar_missile_damage_base,1.2500,mult,data/unit_stats/source_exports/db/special_ability_phase_stat_effects_tables/data__.tsv,2169,9.0.1
wh3_main_character_abilities_enchanted_metallurgy_poison,stat_melee_damage_base,1.3000,mult,data/unit_stats/source_exports/db/special_ability_phase_stat_effects_tables/data__.tsv,2170,9.0.1
wh3_main_character_abilities_enchanted_metallurgy,scalar_missile_damage_base,1.2500,mult,data/unit_stats/source_exports/db/special_ability_phase_stat_effects_tables/data__.tsv,2171,9.0.1
wh3_main_character_abilities_enchanted_metallurgy,stat_melee_damage_base,1.3000,mult,data/unit_stats/source_exports/db/special_ability_phase_stat_effects_tables/data__.tsv,2172,9.0.1
wh3_main_character_abilities_flame_incarnate,stat_damage_reflection,14.0000,add,data/unit_stats/source_exports/db/special_ability_phase_stat_effects_tables/data__.tsv,2173,9.0.1
wh3_main_character_abilities_from_the_shadows,scalar_speed,1.4500,mult,data/unit_stats/source_exports/db/special_ability_phase_stat_effects_tables/data__.tsv,2174,9.0.1
wh3_main_character_abilities_locus_of_abjuration,stat_resistance_magic,65.0000,add,data/unit_stats/source_exports/db/special_ability_phase_stat_effects_tables/data__.tsv,2175,9.0.1
wh3_main_character_abilities_locus_of_beguilement,stat_melee_defence,-24.0000,add,data/unit_stats/source_exports/db/special_ability_phase_stat_effects_tables/data__.tsv,2176,9.0.1
wh3_main_character_abilities_locus_of_beguilement,stat_morale,-8.0000,add,data/unit_stats/source_exports/db/special_ability_phase_stat_effects_tables/data__.tsv,2177,9.0.1
wh3_main_character_abilities_locus_of_change,scalar_missile_damage_ap,1.2500,mult,data/unit_stats/source_exports/db/special_ability_phase_stat_effects_tables/data__.tsv,2178,9.0.1
wh3_main_character_abilities_locus_of_change,scalar_missile_damage_base,1.2500,mult,data/unit_stats/source_exports/db/special_ability_phase_stat_effects_tables/data__.tsv,2179,9.0.1
wh3_main_character_abilities_locus_of_fury,stat_charge_bonus,1.4000,mult,data/unit_stats/source_exports/db/special_ability_phase_stat_effects_tables/data__.tsv,2180,9.0.1
wh3_main_character_abilities_locus_of_fury,stat_melee_damage_ap,1.2500,mult,data/unit_stats/source_exports/db/special_ability_phase_stat_effects_tables/data__.tsv,2181,9.0.1
wh3_main_character_abilities_locus_of_fury,stat_melee_damage_base,1.2500,mult,data/unit_stats/source_exports/db/special_ability_phase_stat_effects_tables/data__.tsv,2182,9.0.1
wh3_main_character_abilities_locus_of_grace,stat_melee_defence,24.0000,add,data/unit_stats/source_exports/db/special_ability_phase_stat_effects_tables/data__.tsv,2183,9.0.1
wh3_main_character_abilities_locus_of_grace,stat_resistance_physical,22.0000,add,data/unit_stats/source_exports/db/special_ability_phase_stat_effects_tables/data__.tsv,2184,9.0.1
wh3_main_character_abilities_locus_of_swiftness,scalar_charge_speed,1.2500,mult,data/unit_stats/source_exports/db/special_ability_phase_stat_effects_tables/data__.tsv,2185,9.0.1
wh3_main_character_abilities_locus_of_swiftness,scalar_speed,1.2500,mult,data/unit_stats/source_exports/db/special_ability_phase_stat_effects_tables/data__.tsv,2186,9.0.1
wh3_main_character_abilities_locus_of_swiftness,stat_charge_bonus,1.4000,mult,data/unit_stats/source_exports/db/special_ability_phase_stat_effects_tables/data__.tsv,2187,9.0.1
wh3_main_character_abilities_locus_of_virulence,stat_melee_attack,24.0000,add,data/unit_stats/source_exports/db/special_ability_phase_stat_effects_tables/data__.tsv,2188,9.0.1
wh3_main_character_abilities_locus_of_virulence,stat_melee_damage_ap,1.2500,mult,data/unit_stats/source_exports/db/special_ability_phase_stat_effects_tables/data__.tsv,2189,9.0.1
wh3_main_character_abilities_locus_of_virulence,stat_melee_damage_base,1.2500,mult,data/unit_stats/source_exports/db/special_ability_phase_stat_effects_tables/data__.tsv,2190,9.0.1
wh3_main_character_abilities_locus_of_wrath,stat_melee_attack,40.0000,add,data/unit_stats/source_exports/db/special_ability_phase_stat_effects_tables/data__.tsv,2191,9.0.1
wh3_main_character_abilities_no_escape,stat_melee_defence,-40.0000,add,data/unit_stats/source_exports/db/special_ability_phase_stat_effects_tables/data__.tsv,2192,9.0.1
wh3_main_character_abilities_tors_battle_hymn,stat_melee_attack,40.0000,add,data/unit_stats/source_exports/db/special_ability_phase_stat_effects_tables/data__.tsv,2193,9.0.1
wh3_main_character_abilities_unyielding_defender,stat_melee_defence,24.0000,add,data/unit_stats/source_exports/db/special_ability_phase_stat_effects_tables/data__.tsv,2194,9.0.1
wh3_main_character_abilities_ursuns_roar,stat_charge_bonus,1.3600,mult,data/unit_stats/source_exports/db/special_ability_phase_stat_effects_tables/data__.tsv,2195,9.0.1
wh3_main_character_abilities_ursuns_roar,stat_morale,8.0000,add,data/unit_stats/source_exports/db/special_ability_phase_stat_effects_tables/data__.tsv,2196,9.0.1
wh3_main_character_passive_arsebelcher,stat_morale,-8.0000,add,data/unit_stats/source_exports/db/special_ability_phase_stat_effects_tables/data__.tsv,2197,9.0.1
wh3_main_character_passive_bellyslapper,stat_melee_attack,-8.0000,add,data/unit_stats/source_exports/db/special_ability_phase_stat_effects_tables/data__.tsv,2198,9.0.1
wh3_main_character_passive_bigbellower,stat_morale,8.0000,add,data/unit_stats/source_exports/db/special_ability_phase_stat_effects_tables/data__.tsv,2199,9.0.1
wh3_main_character_passive_grandfeaster,stat_melee_attack,8.0000,add,data/unit_stats/source_exports/db/special_ability_phase_stat_effects_tables/data__.tsv,2200,9.0.1
wh3_main_character_passive_grandfeaster,stat_morale,4.0000,add,data/unit_stats/source_exports/db/special_ability_phase_stat_effects_tables/data__.tsv,2201,9.0.1
wh3_main_character_passive_heroic_resilience,stat_melee_defence,14.0000,add,data/unit_stats/source_exports/db/special_ability_phase_stat_effects_tables/data__.tsv,2202,9.0.1
wh3_main_character_passive_heroic_resilience,stat_morale,8.0000,add,data/unit_stats/source_exports/db/special_ability_phase_stat_effects_tables/data__.tsv,2203,9.0.1
wh3_main_character_passive_loner,scalar_speed,1.1500,mult,data/unit_stats/source_exports/db/special_ability_phase_stat_effects_tables/data__.tsv,2204,9.0.1
wh3_main_character_passive_loner,stat_morale,12.0000,add,data/unit_stats/source_exports/db/special_ability_phase_stat_effects_tables/data__.tsv,2205,9.0.1
wh3_main_character_passive_spotter,stat_spotting_forest,2.0000,mult,data/unit_stats/source_exports/db/special_ability_phase_stat_effects_tables/data__.tsv,2206,9.0.1
wh3_main_character_passive_spotter,stat_spotting_scrub,2.0000,mult,data/unit_stats/source_exports/db/special_ability_phase_stat_effects_tables/data__.tsv,2207,9.0.1
wh3_main_character_passive_the_courage_of_sacrifice,stat_melee_defence,5.0000,add,data/unit_stats/source_exports/db/special_ability_phase_stat_effects_tables/data__.tsv,2208,9.0.1
wh3_main_character_passive_the_courage_of_sacrifice,stat_morale,12.0000,add,data/unit_stats/source_exports/db/special_ability_phase_stat_effects_tables/data__.tsv,2209,9.0.1
wh3_main_character_passive_will_of_the_dragons,stat_morale,4.0000,add,data/unit_stats/source_exports/db/special_ability_phase_stat_effects_tables/data__.tsv,2210,9.0.1
wh3_main_daemon_arms_abilities_mortal_blow_upgraded,stat_melee_damage_ap,1.5000,mult,data/unit_stats/source_exports/db/special_ability_phase_stat_effects_tables/data__.tsv,2211,9.0.1
wh3_main_daemon_arms_abilities_mortal_blow_upgraded,stat_melee_damage_base,1.5000,mult,data/unit_stats/source_exports/db/special_ability_phase_stat_effects_tables/data__.tsv,2212,9.0.1
wh3_main_daemon_arms_abilities_mortal_blow,stat_melee_damage_ap,1.3500,mult,data/unit_stats/source_exports/db/special_ability_phase_stat_effects_tables/data__.tsv,2213,9.0.1
wh3_main_daemon_arms_abilities_mortal_blow,stat_melee_damage_base,1.3500,mult,data/unit_stats/source_exports/db/special_ability_phase_stat_effects_tables/data__.tsv,2214,9.0.1
wh3_main_daemon_arms_passive_for_the_slaughter_iii,stat_melee_attack,24.0000,add,data/unit_stats/source_exports/db/special_ability_phase_stat_effects_tables/data__.tsv,2215,9.0.1
wh3_main_daemon_arms_passive_for_the_slaughter_iii,stat_melee_damage_base,1.4600,mult,data/unit_stats/source_exports/db/special_ability_phase_stat_effects_tables/data__.tsv,2216,9.0.1
wh3_main_daemon_arms_passive_for_the_slaughter_iii,stat_resistance_physical,24.0000,add,data/unit_stats/source_exports/db/special_ability_phase_stat_effects_tables/data__.tsv,2217,9.0.1
wh3_main_daemon_arms_passive_for_the_slaughter_ii,stat_melee_attack,16.0000,add,data/unit_stats/source_exports/db/special_ability_phase_stat_effects_tables/data__.tsv,2218,9.0.1
wh3_main_daemon_arms_passive_for_the_slaughter_ii,stat_melee_damage_base,1.3400,mult,data/unit_stats/source_exports/db/special_ability_phase_stat_effects_tables/data__.tsv,2219,9.0.1
wh3_main_daemon_arms_passive_for_the_slaughter_ii,stat_resistance_physical,12.0000,add,data/unit_stats/source_exports/db/special_ability_phase_stat_effects_tables/data__.tsv,2220,9.0.1
wh3_main_daemon_arms_passive_for_the_slaughter_i,stat_melee_attack,8.0000,add,data/unit_stats/source_exports/db/special_ability_phase_stat_effects_tables/data__.tsv,2221,9.0.1
wh3_main_daemon_arms_passive_for_the_slaughter_i,stat_melee_damage_base,1.2200,mult,data/unit_stats/source_exports/db/special_ability_phase_stat_effects_tables/data__.tsv,2222,9.0.1
wh3_main_daemon_arms_passive_for_the_slaughter_upgraded_iii,stat_melee_attack,36.0000,add,data/unit_stats/source_exports/db/special_ability_phase_stat_effects_tables/data__.tsv,2223,9.0.1
wh3_main_daemon_arms_passive_for_the_slaughter_upgraded_iii,stat_melee_damage_ap,1.4600,mult,data/unit_stats/source_exports/db/special_ability_phase_stat_effects_tables/data__.tsv,2224,9.0.1
wh3_main_daemon_arms_passive_for_the_slaughter_upgraded_iii,stat_resistance_all,24.0000,add,data/unit_stats/source_exports/db/special_ability_phase_stat_effects_tables/data__.tsv,2225,9.0.1
wh3_main_daemon_arms_passive_for_the_slaughter_upgraded_ii,stat_melee_attack,24.0000,add,data/unit_stats/source_exports/db/special_ability_phase_stat_effects_tables/data__.tsv,2226,9.0.1
wh3_main_daemon_arms_passive_for_the_slaughter_upgraded_ii,stat_melee_damage_ap,1.3400,mult,data/unit_stats/source_exports/db/special_ability_phase_stat_effects_tables/data__.tsv,2227,9.0.1
wh3_main_daemon_arms_passive_for_the_slaughter_upgraded_ii,stat_resistance_all,12.0000,add,data/unit_stats/source_exports/db/special_ability_phase_stat_effects_tables/data__.tsv,2228,9.0.1
wh3_main_daemon_arms_passive_for_the_slaughter_upgraded_i,stat_melee_attack,12.0000,add,data/unit_stats/source_exports/db/special_ability_phase_stat_effects_tables/data__.tsv,2229,9.0.1
wh3_main_daemon_arms_passive_for_the_slaughter_upgraded_i,stat_melee_damage_ap,1.2200,mult,data/unit_stats/source_exports/db/special_ability_phase_stat_effects_tables/data__.tsv,2230,9.0.1
wh3_main_daemon_arms_passive_unending_feast_upgraded,stat_resistance_physical,10.0000,add,data/unit_stats/source_exports/db/special_ability_phase_stat_effects_tables/data__.tsv,2231,9.0.1
wh3_main_daemon_arms_passive_unending_feast_upgraded,stat_weakness_flame,-20.0000,add,data/unit_stats/source_exports/db/special_ability_phase_stat_effects_tables/data__.tsv,2232,9.0.1
wh3_main_daemon_arms_passive_unending_feast,stat_weakness_flame,-20.0000,add,data/unit_stats/source_exports/db/special_ability_phase_stat_effects_tables/data__.tsv,2233,9.0.1
wh3_main_daemon_body_abilities_chaos_armour,stat_damage_reflection,28.0000,add,data/unit_stats/source_exports/db/special_ability_phase_stat_effects_tables/data__.tsv,2234,9.0.1
wh3_main_daemon_body_abilities_chaos_armour,stat_missile_block_chance,20.0000,add,data/unit_stats/source_exports/db/special_ability_phase_stat_effects_tables/data__.tsv,2235,9.0.1
wh3_main_daemon_body_abilities_winds_of_change,scalar_miscast_chance,0.5000,mult,data/unit_stats/source_exports/db/special_ability_phase_stat_effects_tables/data__.tsv,2236,9.0.1
wh3_main_daemon_body_passive_soporific_musk,scalar_speed,0.8500,mult,data/unit_stats/source_exports/db/special_ability_phase_stat_effects_tables/data__.tsv,2237,9.0.1
wh3_main_daemon_body_passive_soporific_musk,stat_melee_attack,-8.0000,add,data/unit_stats/source_exports/db/special_ability_phase_stat_effects_tables/data__.tsv,2238,9.0.1
wh3_main_daemon_body_passive_tempered_rage,stat_resistance_all,20.0000,add,data/unit_stats/source_exports/db/special_ability_phase_stat_effects_tables/data__.tsv,2239,9.0.1
wh3_main_daemon_head_abilities_call_for_power,scalar_splash_attack_power,1.5000,mult,data/unit_stats/source_exports/db/special_ability_phase_stat_effects_tables/data__.tsv,2240,9.0.1
wh3_main_daemon_head_abilities_call_for_power,stat_melee_damage_base,1.5000,mult,data/unit_stats/source_exports/db/special_ability_phase_stat_effects_tables/data__.tsv,2241,9.0.1
wh3_main_daemon_head_abilities_word_of_change,scalar_miscast_chance,2.0000,mult,data/unit_stats/source_exports/db/special_ability_phase_stat_effects_tables/data__.tsv,2242,9.0.1
wh3_main_daemon_legs_abilities_daemonic_onslaught,stat_charge_bonus,1.6000,mult,data/unit_stats/source_exports/db/special_ability_phase_stat_effects_tables/data__.tsv,2243,9.0.1
wh3_main_daemon_legs_abilities_daemonic_onslaught,stat_melee_damage_ap,1.2500,mult,data/unit_stats/source_exports/db/special_ability_phase_stat_effects_tables/data__.tsv,2244,9.0.1
wh3_main_daemon_legs_abilities_daemonic_onslaught,stat_melee_damage_base,1.2500,mult,data/unit_stats/source_exports/db/special_ability_phase_stat_effects_tables/data__.tsv,2245,9.0.1
wh3_main_daemon_legs_passive_sinful_footing,scalar_charge_speed,1.1500,mult,data/unit_stats/source_exports/db/special_ability_phase_stat_effects_tables/data__.tsv,2246,9.0.1
wh3_main_daemon_legs_passive_sinful_footing,scalar_speed,1.1500,mult,data/unit_stats/source_exports/db/special_ability_phase_stat_effects_tables/data__.tsv,2247,9.0.1
wh3_main_daemon_legs_passive_sinful_footing,stat_charge_bonus,1.2500,mult,data/unit_stats/source_exports/db/special_ability_phase_stat_effects_tables/data__.tsv,2248,9.0.1
wh3_main_daemon_wings_abilities_eldritch_aura,stat_resistance_magic,15.0000,add,data/unit_stats/source_exports/db/special_ability_phase_stat_effects_tables/data__.tsv,2249,9.0.1
wh3_main_daemon_wings_abilities_eldritch_aura,stat_resistance_missile,15.0000,add,data/unit_stats/source_exports/db/special_ability_phase_stat_effects_tables/data__.tsv,2250,9.0.1
wh3_main_daemon_wings_abilities_purge_the_weak,scalar_speed,1.3000,mult,data/unit_stats/source_exports/db/special_ability_phase_stat_effects_tables/data__.tsv,2251,9.0.1
wh3_main_daemon_wings_abilities_purge_the_weak,stat_morale,6.0000,add,data/unit_stats/source_exports/db/special_ability_phase_stat_effects_tables/data__.tsv,2252,9.0.1
wh3_main_daemon_wings_abilities_trophy_heads,stat_melee_attack,-30.0000,add,data/unit_stats/source_exports/db/special_ability_phase_stat_effects_tables/data__.tsv,2253,9.0.1
wh3_main_daemon_wings_abilities_trophy_heads,stat_melee_defence,-30.0000,add,data/unit_stats/source_exports/db/special_ability_phase_stat_effects_tables/data__.tsv,2254,9.0.1
wh3_main_daemon_wings_abilities_winds_of_flight,scalar_spell_mastery,1.1500,mult,data/unit_stats/source_exports/db/special_ability_phase_stat_effects_tables/data__.tsv,2255,9.0.1
wh3_main_hidden_dummy_ogre_pre_battle_meat_1,stat_mass,1.0100,mult,data/unit_stats/source_exports/db/special_ability_phase_stat_effects_tables/data__.tsv,2256,9.0.1
wh3_main_hidden_dummy_ogre_pre_battle_meat_2,stat_mass,1.0100,mult,data/unit_stats/source_exports/db/special_ability_phase_stat_effects_tables/data__.tsv,2257,9.0.1
wh3_main_hidden_dummy_ogre_pre_battle_meat_3,stat_mass,1.0100,mult,data/unit_stats/source_exports/db/special_ability_phase_stat_effects_tables/data__.tsv,2258,9.0.1
wh3_main_hidden_dummy_ogre_pre_battle_meat_4,stat_mass,1.0100,mult,data/unit_stats/source_exports/db/special_ability_phase_stat_effects_tables/data__.tsv,2259,9.0.1
wh3_main_hidden_dummy_ogre_pre_battle_meat_5,stat_mass,1.0100,mult,data/unit_stats/source_exports/db/special_ability_phase_stat_effects_tables/data__.tsv,2260,9.0.1
wh3_main_item_abilities_alchemists_elixir_of_iron_skin,stat_armour,90.0000,add,data/unit_stats/source_exports/db/special_ability_phase_stat_effects_tables/data__.tsv,2261,9.0.1
wh3_main_item_abilities_alchemists_elixir_of_puissance,stat_melee_attack,40.0000,add,data/unit_stats/source_exports/db/special_ability_phase_stat_effects_tables/data__.tsv,2262,9.0.1
wh3_main_item_abilities_banner_of_unholy_victory,stat_melee_damage_base,1.1200,mult,data/unit_stats/source_exports/db/special_ability_phase_stat_effects_tables/data__.tsv,2263,9.0.1
wh3_main_item_abilities_banner_of_unholy_victory,stat_morale,10.0000,add,data/unit_stats/source_exports/db/special_ability_phase_stat_effects_tables/data__.tsv,2264,9.0.1
wh3_main_item_abilities_brahmir_statue,stat_morale,-8.0000,add,data/unit_stats/source_exports/db/special_ability_phase_stat_effects_tables/data__.tsv,2265,9.0.1
wh3_main_item_abilities_enthralling_musk,scalar_speed,0.9000,mult,data/unit_stats/source_exports/db/special_ability_phase_stat_effects_tables/data__.tsv,2266,9.0.1
wh3_main_item_abilities_enthralling_musk,stat_charge_bonus,0.8500,mult,data/unit_stats/source_exports/db/special_ability_phase_stat_effects_tables/data__.tsv,2267,9.0.1
wh3_main_item_abilities_ever_full_kovsh,stat_morale,8.0000,add,data/unit_stats/source_exports/db/special_ability_phase_stat_effects_tables/data__.tsv,2268,9.0.1
wh3_main_item_abilities_fistful_of_laurels,stat_melee_attack,40.0000,add,data/unit_stats/source_exports/db/special_ability_phase_stat_effects_tables/data__.tsv,2269,9.0.1
wh3_main_item_abilities_fistful_of_laurels,stat_morale,16.0000,add,data/unit_stats/source_exports/db/special_ability_phase_stat_effects_tables/data__.tsv,2270,9.0.1
wh3_main_item_abilities_fractured_clasp,stat_melee_attack,-5.0000,add,data/unit_stats/source_exports/db/special_ability_phase_stat_effects_tables/data__.tsv,2271,9.0.1
wh3_main_item_abilities_frost_shard_glaive,scalar_speed,0.5500,mult,data/unit_stats/source_exports/db/special_ability_phase_stat_effects_tables/data__.tsv,2272,9.0.1
wh3_main_item_abilities_frost_shard_glaive,stat_melee_defence,-40.0000,add,data/unit_stats/source_exports/db/special_ability_phase_stat_effects_tables/data__.tsv,2273,9.0.1
wh3_main_item_abilities_gnoblar_thiefstone,stat_resistance_all,15.0000,add,data/unit_stats/source_exports/db/special_ability_phase_stat_effects_tables/data__.tsv,2274,9.0.1
wh3_main_item_abilities_hellheart,scalar_miscast_chance,1.5000,mult,data/unit_stats/source_exports/db/special_ability_phase_stat_effects_tables/data__.tsv,2275,9.0.1
wh3_main_item_abilities_maw_shard,scalar_spell_mastery,1.6000,mult,data/unit_stats/source_exports/db/special_ability_phase_stat_effects_tables/data__.tsv,2276,9.0.1
wh3_main_item_abilities_potion_of_farsight,scalar_missile_range,1.3000,mult,data/unit_stats/source_exports/db/special_ability_phase_stat_effects_tables/data__.tsv,2277,9.0.1
wh3_main_item_abilities_potion_of_farsight,stat_spotting_forest,2.0000,mult,data/unit_stats/source_exports/db/special_ability_phase_stat_effects_tables/data__.tsv,2278,9.0.1
wh3_main_item_abilities_potion_of_farsight,stat_spotting_scrub,2.0000,mult,data/unit_stats/source_exports/db/special_ability_phase_stat_effects_tables/data__.tsv,2279,9.0.1
wh3_main_item_abilities_ragbanner,stat_morale,4.0000,add,data/unit_stats/source_exports/db/special_ability_phase_stat_effects_tables/data__.tsv,2280,9.0.1
wh3_main_item_abilities_rune_maw,stat_resistance_magic,10.0000,add,data/unit_stats/source_exports/db/special_ability_phase_stat_effects_tables/data__.tsv,2281,9.0.1
wh3_main_item_abilities_scales_of_the_celestial_court,stat_resistance_physical,75.0000,add,data/unit_stats/source_exports/db/special_ability_phase_stat_effects_tables/data__.tsv,2282,9.0.1
wh3_main_item_abilities_siren_standard,scalar_speed,0.9000,mult,data/unit_stats/source_exports/db/special_ability_phase_stat_effects_tables/data__.tsv,2283,9.0.1
wh3_main_item_abilities_siren_standard,stat_melee_defence,-5.0000,add,data/unit_stats/source_exports/db/special_ability_phase_stat_effects_tables/data__.tsv,2284,9.0.1
wh3_main_item_abilities_skullmantle,stat_morale,-10.0000,add,data/unit_stats/source_exports/db/special_ability_phase_stat_effects_tables/data__.tsv,2285,9.0.1
wh3_main_item_abilities_snowflake_pendant,scalar_miscast_chance,0.5000,mult,data/unit_stats/source_exports/db/special_ability_phase_stat_effects_tables/data__.tsv,2286,9.0.1
wh3_main_item_abilities_standard_of_chaos_glory,stat_morale,10.0000,add,data/unit_stats/source_exports/db/special_ability_phase_stat_effects_tables/data__.tsv,2287,9.0.1
wh3_main_item_abilities_steppe_hunters_horn,stat_bonus_vs_large,2.0000,mult,data/unit_stats/source_exports/db/special_ability_phase_stat_effects_tables/data__.tsv,2288,9.0.1
wh3_main_item_abilities_the_rock_of_inevitability,scalar_charge_speed,0.7500,mult,data/unit_stats/source_exports/db/special_ability_phase_stat_effects_tables/data__.tsv,2289,9.0.1
wh3_main_item_abilities_the_rock_of_inevitability,scalar_speed,0.7500,mult,data/unit_stats/source_exports/db/special_ability_phase_stat_effects_tables/data__.tsv,2290,9.0.1
wh3_main_item_abilities_the_rock_of_inevitability,stat_melee_defence,-26.0000,add,data/unit_stats/source_exports/db/special_ability_phase_stat_effects_tables/data__.tsv,2291,9.0.1
wh3_main_item_abilities_ursuns_claws,stat_melee_damage_base,1.1200,mult,data/unit_stats/source_exports/db/special_ability_phase_stat_effects_tables/data__.tsv,2292,9.0.1
wh3_main_item_passive_armour_of_ursun,stat_melee_attack,12.0000,add,data/unit_stats/source_exports/db/special_ability_phase_stat_effects_tables/data__.tsv,2293,9.0.1
wh3_main_item_passive_armour_of_ursun,stat_melee_damage_ap,1.2500,mult,data/unit_stats/source_exports/db/special_ability_phase_stat_effects_tables/data__.tsv,2294,9.0.1
wh3_main_item_passive_armour_of_ursun,stat_melee_damage_base,1.2500,mult,data/unit_stats/source_exports/db/special_ability_phase_stat_effects_tables/data__.tsv,2295,9.0.1
wh3_main_item_passive_balalaika_of_the_arari,stat_melee_attack,5.0000,add,data/unit_stats/source_exports/db/special_ability_phase_stat_effects_tables/data__.tsv,2296,9.0.1
wh3_main_item_passive_balalaika_of_the_arari,stat_melee_defence,5.0000,add,data/unit_stats/source_exports/db/special_ability_phase_stat_effects_tables/data__.tsv,2297,9.0.1
wh3_main_item_passive_blood_of_the_motherland,stat_melee_defence,5.0000,add,data/unit_stats/source_exports/db/special_ability_phase_stat_effects_tables/data__.tsv,2298,9.0.1
wh3_main_item_passive_catalytic_kiln,stat_weakness_flame,-22.0000,add,data/unit_stats/source_exports/db/special_ability_phase_stat_effects_tables/data__.tsv,2299,9.0.1
wh3_main_item_passive_cauldron_of_the_great_maw_ii,stat_melee_damage_ap,1.2000,mult,data/unit_stats/source_exports/db/special_ability_phase_stat_effects_tables/data__.tsv,2300,9.0.1
wh3_main_item_passive_cauldron_of_the_great_maw_ii,stat_melee_damage_base,1.2000,mult,data/unit_stats/source_exports/db/special_ability_phase_stat_effects_tables/data__.tsv,2301,9.0.1
wh3_main_item_passive_cauldron_of_the_great_maw_i,stat_melee_damage_ap,1.1200,mult,data/unit_stats/source_exports/db/special_ability_phase_stat_effects_tables/data__.tsv,2302,9.0.1
wh3_main_item_passive_cauldron_of_the_great_maw_i,stat_melee_damage_base,1.1200,mult,data/unit_stats/source_exports/db/special_ability_phase_stat_effects_tables/data__.tsv,2303,9.0.1
wh3_main_item_passive_celestial_silk_robe,stat_melee_defence,5.0000,add,data/unit_stats/source_exports/db/special_ability_phase_stat_effects_tables/data__.tsv,2304,9.0.1
wh3_main_item_passive_celestial_silk_robe,stat_resistance_magic,8.0000,add,data/unit_stats/source_exports/db/special_ability_phase_stat_effects_tables/data__.tsv,2305,9.0.1
wh3_main_item_passive_crystal_cloak,stat_resistance_all,20.0000,add,data/unit_stats/source_exports/db/special_ability_phase_stat_effects_tables/data__.tsv,2306,9.0.1
wh3_main_item_passive_great_icon_of_despair,stat_morale,-10.0000,add,data/unit_stats/source_exports/db/special_ability_phase_stat_effects_tables/data__.tsv,2307,9.0.1
wh3_main_item_passive_great_standard_of_sundering,scalar_miscast_chance,1.5000,mult,data/unit_stats/source_exports/db/special_ability_phase_stat_effects_tables/data__.tsv,2308,9.0.1
wh3_main_item_passive_icon_of_endless_war,stat_morale,8.0000,add,data/unit_stats/source_exports/db/special_ability_phase_stat_effects_tables/data__.tsv,2309,9.0.1
wh3_main_item_passive_icon_of_eternal_virulence_0,scalar_missile_damage_ap,0.9000,mult,data/unit_stats/source_exports/db/special_ability_phase_stat_effects_tables/data__.tsv,2310,9.0.1
wh3_main_item_passive_icon_of_eternal_virulence_0,scalar_missile_damage_base,0.9000,mult,data/unit_stats/source_exports/db/special_ability_phase_stat_effects_tables/data__.tsv,2311,9.0.1
wh3_main_item_passive_icon_of_eternal_virulence_0,scalar_speed,0.9000,mult,data/unit_stats/source_exports/db/special_ability_phase_stat_effects_tables/data__.tsv,2312,9.0.1
wh3_main_item_passive_icon_of_eternal_virulence_0,stat_melee_damage_ap,0.9000,mult,data/unit_stats/source_exports/db/special_ability_phase_stat_effects_tables/data__.tsv,2313,9.0.1
wh3_main_item_passive_icon_of_eternal_virulence_0,stat_melee_damage_base,0.9000,mult,data/unit_stats/source_exports/db/special_ability_phase_stat_effects_tables/data__.tsv,2314,9.0.1
wh3_main_item_passive_icon_of_eternal_virulence_1,scalar_missile_damage_ap,0.8500,mult,data/unit_stats/source_exports/db/special_ability_phase_stat_effects_tables/data__.tsv,2315,9.0.1
wh3_main_item_passive_icon_of_eternal_virulence_1,scalar_missile_damage_base,0.8500,mult,data/unit_stats/source_exports/db/special_ability_phase_stat_effects_tables/data__.tsv,2316,9.0.1
wh3_main_item_passive_icon_of_eternal_virulence_1,scalar_speed,0.8500,mult,data/unit_stats/source_exports/db/special_ability_phase_stat_effects_tables/data__.tsv,2317,9.0.1
wh3_main_item_passive_icon_of_eternal_virulence_1,stat_melee_damage_ap,0.8500,mult,data/unit_stats/source_exports/db/special_ability_phase_stat_effects_tables/data__.tsv,2318,9.0.1
wh3_main_item_passive_icon_of_eternal_virulence_1,stat_melee_damage_base,0.8500,mult,data/unit_stats/source_exports/db/special_ability_phase_stat_effects_tables/data__.tsv,2319,9.0.1
wh3_main_item_passive_icon_of_eternal_virulence_2,scalar_missile_damage_ap,0.8000,mult,data/unit_stats/source_exports/db/special_ability_phase_stat_effects_tables/data__.tsv,2320,9.0.1
wh3_main_item_passive_icon_of_eternal_virulence_2,scalar_missile_damage_base,0.8000,mult,data/unit_stats/source_exports/db/special_ability_phase_stat_effects_tables/data__.tsv,2321,9.0.1
wh3_main_item_passive_icon_of_eternal_virulence_2,scalar_speed,0.8000,mult,data/unit_stats/source_exports/db/special_ability_phase_stat_effects_tables/data__.tsv,2322,9.0.1
wh3_main_item_passive_icon_of_eternal_virulence_2,stat_melee_damage_ap,0.8000,mult,data/unit_stats/source_exports/db/special_ability_phase_stat_effects_tables/data__.tsv,2323,9.0.1
wh3_main_item_passive_icon_of_eternal_virulence_2,stat_melee_damage_base,0.8000,mult,data/unit_stats/source_exports/db/special_ability_phase_stat_effects_tables/data__.tsv,2324,9.0.1
wh3_main_item_passive_iron_ice_armour,scalar_speed,0.9000,mult,data/unit_stats/source_exports/db/special_ability_phase_stat_effects_tables/data__.tsv,2325,9.0.1
wh3_main_item_passive_iron_ice_armour,stat_melee_attack,-8.0000,add,data/unit_stats/source_exports/db/special_ability_phase_stat_effects_tables/data__.tsv,2326,9.0.1
wh3_main_item_passive_overtyrants_crown,stat_resistance_all,10.0000,add,data/unit_stats/source_exports/db/special_ability_phase_stat_effects_tables/data__.tsv,2327,9.0.1
wh3_main_item_passive_pennant_of_the_great_orthodoxy,stat_resistance_magic,10.0000,add,data/unit_stats/source_exports/db/special_ability_phase_stat_effects_tables/data__.tsv,2328,9.0.1
wh3_main_item_passive_rock_eye,stat_spotting_forest,1.1000,mult,data/unit_stats/source_exports/db/special_ability_phase_stat_effects_tables/data__.tsv,2329,9.0.1
wh3_main_item_passive_rock_eye,stat_spotting_scrub,1.1000,mult,data/unit_stats/source_exports/db/special_ability_phase_stat_effects_tables/data__.tsv,2330,9.0.1
wh3_main_item_passive_rod_of_command_enemy,scalar_speed,0.8500,mult,data/unit_stats/source_exports/db/special_ability_phase_stat_effects_tables/data__.tsv,2331,9.0.1
wh3_main_item_passive_rod_of_command_friend,scalar_speed,1.1500,mult,data/unit_stats/source_exports/db/special_ability_phase_stat_effects_tables/data__.tsv,2332,9.0.1
wh3_main_item_passive_shield_of_sacrifice,stat_morale,8.0000,add,data/unit_stats/source_exports/db/special_ability_phase_stat_effects_tables/data__.tsv,2333,9.0.1
wh3_main_item_passive_shield_of_sacrifice,stat_resistance_all,20.0000,add,data/unit_stats/source_exports/db/special_ability_phase_stat_effects_tables/data__.tsv,2334,9.0.1
wh3_main_item_passive_shield_of_the_nan_gau_iii,stat_armour,15.0000,add,data/unit_stats/source_exports/db/special_ability_phase_stat_effects_tables/data__.tsv,2335,9.0.1
wh3_main_item_passive_shield_of_the_nan_gau_iii,stat_missile_block_chance,30.0000,add,data/unit_stats/source_exports/db/special_ability_phase_stat_effects_tables/data__.tsv,2336,9.0.1
wh3_main_item_passive_shield_of_the_nan_gau_ii,stat_armour,10.0000,add,data/unit_stats/source_exports/db/special_ability_phase_stat_effects_tables/data__.tsv,2337,9.0.1
wh3_main_item_passive_shield_of_the_nan_gau_ii,stat_missile_block_chance,20.0000,add,data/unit_stats/source_exports/db/special_ability_phase_stat_effects_tables/data__.tsv,2338,9.0.1
wh3_main_item_passive_shield_of_the_nan_gau_i,stat_armour,5.0000,add,data/unit_stats/source_exports/db/special_ability_phase_stat_effects_tables/data__.tsv,2339,9.0.1
wh3_main_item_passive_shield_of_the_nan_gau_i,stat_missile_block_chance,10.0000,add,data/unit_stats/source_exports/db/special_ability_phase_stat_effects_tables/data__.tsv,2340,9.0.1
wh3_main_lord_abilities_ballet_of_blows_1,stat_melee_attack,12.0000,add,data/unit_stats/source_exports/db/special_ability_phase_stat_effects_tables/data__.tsv,2341,9.0.1
wh3_main_lord_abilities_ballet_of_blows_1,stat_melee_damage_ap,1.1200,mult,data/unit_stats/source_exports/db/special_ability_phase_stat_effects_tables/data__.tsv,2342,9.0.1
wh3_main_lord_abilities_ballet_of_blows_1,stat_melee_damage_base,1.1200,mult,data/unit_stats/source_exports/db/special_ability_phase_stat_effects_tables/data__.tsv,2343,9.0.1
wh3_main_lord_abilities_ballet_of_blows_2,stat_melee_attack,24.0000,add,data/unit_stats/source_exports/db/special_ability_phase_stat_effects_tables/data__.tsv,2344,9.0.1
wh3_main_lord_abilities_ballet_of_blows_2,stat_melee_damage_ap,1.2400,mult,data/unit_stats/source_exports/db/special_ability_phase_stat_effects_tables/data__.tsv,2345,9.0.1
wh3_main_lord_abilities_ballet_of_blows_2,stat_melee_damage_base,1.2400,mult,data/unit_stats/source_exports/db/special_ability_phase_stat_effects_tables/data__.tsv,2346,9.0.1
wh3_main_lord_abilities_ballet_of_blows_3,stat_melee_attack,39.0000,add,data/unit_stats/source_exports/db/special_ability_phase_stat_effects_tables/data__.tsv,2347,9.0.1
wh3_main_lord_abilities_ballet_of_blows_3,stat_melee_damage_ap,1.3600,mult,data/unit_stats/source_exports/db/special_ability_phase_stat_effects_tables/data__.tsv,2348,9.0.1
wh3_main_lord_abilities_ballet_of_blows_3,stat_melee_damage_base,1.3600,mult,data/unit_stats/source_exports/db/special_ability_phase_stat_effects_tables/data__.tsv,2349,9.0.1
wh3_main_lord_abilities_blight_swarm,stat_melee_defence,-20.0000,add,data/unit_stats/source_exports/db/special_ability_phase_stat_effects_tables/data__.tsv,2350,9.0.1
wh3_main_lord_abilities_bloodthirst,scalar_charge_speed,1.2500,mult,data/unit_stats/source_exports/db/special_ability_phase_stat_effects_tables/data__.tsv,2351,9.0.1
wh3_main_lord_abilities_bloodthirst,scalar_speed,1.2500,mult,data/unit_stats/source_exports/db/special_ability_phase_stat_effects_tables/data__.tsv,2352,9.0.1
wh3_main_lord_abilities_bloodthirst,stat_charge_bonus,1.4000,mult,data/unit_stats/source_exports/db/special_ability_phase_stat_effects_tables/data__.tsv,2353,9.0.1
wh3_main_lord_abilities_daemonic_possession,stat_resistance_magic,-25.0000,add,data/unit_stats/source_exports/db/special_ability_phase_stat_effects_tables/data__.tsv,2354,9.0.1
wh3_main_lord_abilities_deathbringer_upgraded,stat_melee_damage_ap,2.0000,mult,data/unit_stats/source_exports/db/special_ability_phase_stat_effects_tables/data__.tsv,2355,9.0.1
wh3_main_lord_abilities_deathbringer_upgraded,stat_melee_damage_base,2.0000,mult,data/unit_stats/source_exports/db/special_ability_phase_stat_effects_tables/data__.tsv,2356,9.0.1
wh3_main_lord_abilities_deathbringer,stat_melee_damage_ap,1.5000,mult,data/unit_stats/source_exports/db/special_ability_phase_stat_effects_tables/data__.tsv,2357,9.0.1
wh3_main_lord_abilities_deathbringer,stat_melee_damage_base,1.5000,mult,data/unit_stats/source_exports/db/special_ability_phase_stat_effects_tables/data__.tsv,2358,9.0.1
wh3_main_lord_abilities_everyone_has_their_price,stat_melee_attack,-24.0000,add,data/unit_stats/source_exports/db/special_ability_phase_stat_effects_tables/data__.tsv,2359,9.0.1
wh3_main_lord_abilities_everyone_has_their_price,stat_morale,-8.0000,add,data/unit_stats/source_exports/db/special_ability_phase_stat_effects_tables/data__.tsv,2360,9.0.1
wh3_main_lord_abilities_eye_of_the_storm,stat_melee_attack,24.0000,add,data/unit_stats/source_exports/db/special_ability_phase_stat_effects_tables/data__.tsv,2361,9.0.1
wh3_main_lord_abilities_eye_of_the_storm,stat_melee_damage_ap,1.5000,mult,data/unit_stats/source_exports/db/special_ability_phase_stat_effects_tables/data__.tsv,2362,9.0.1
wh3_main_lord_abilities_eye_of_the_storm,stat_melee_damage_base,1.5000,mult,data/unit_stats/source_exports/db/special_ability_phase_stat_effects_tables/data__.tsv,2363,9.0.1
wh3_main_lord_abilities_fury_of_ursun,stat_melee_damage_ap,1.2500,mult,data/unit_stats/source_exports/db/special_ability_phase_stat_effects_tables/data__.tsv,2364,9.0.1
wh3_main_lord_abilities_fury_of_ursun,stat_melee_damage_base,1.2500,mult,data/unit_stats/source_exports/db/special_ability_phase_stat_effects_tables/data__.tsv,2365,9.0.1
wh3_main_lord_abilities_gaze_of_fate,stat_melee_attack,-40.0000,add,data/unit_stats/source_exports/db/special_ability_phase_stat_effects_tables/data__.tsv,2366,9.0.1
wh3_main_lord_abilities_inspired_assault_iii,stat_charge_bonus,1.4000,mult,data/unit_stats/source_exports/db/special_ability_phase_stat_effects_tables/data__.tsv,2367,9.0.1
wh3_main_lord_abilities_inspired_assault_iii,stat_melee_attack,40.0000,add,data/unit_stats/source_exports/db/special_ability_phase_stat_effects_tables/data__.tsv,2368,9.0.1
wh3_main_lord_abilities_inspired_assault_ii,stat_charge_bonus,1.4000,mult,data/unit_stats/source_exports/db/special_ability_phase_stat_effects_tables/data__.tsv,2369,9.0.1
wh3_main_lord_abilities_inspired_assault_ii,stat_melee_attack,24.0000,add,data/unit_stats/source_exports/db/special_ability_phase_stat_effects_tables/data__.tsv,2370,9.0.1
wh3_main_lord_abilities_inspired_assault_i,stat_charge_bonus,1.2000,mult,data/unit_stats/source_exports/db/special_ability_phase_stat_effects_tables/data__.tsv,2371,9.0.1
wh3_main_lord_abilities_inspired_assault_i,stat_melee_attack,24.0000,add,data/unit_stats/source_exports/db/special_ability_phase_stat_effects_tables/data__.tsv,2372,9.0.1
wh3_main_lord_abilities_inspired_defence_iii,stat_melee_defence,40.0000,add,data/unit_stats/source_exports/db/special_ability_phase_stat_effects_tables/data__.tsv,2373,9.0.1
wh3_main_lord_abilities_inspired_defence_iii,stat_morale,16.0000,add,data/unit_stats/source_exports/db/special_ability_phase_stat_effects_tables/data__.tsv,2374,9.0.1
wh3_main_lord_abilities_inspired_defence_ii,stat_melee_defence,24.0000,add,data/unit_stats/source_exports/db/special_ability_phase_stat_effects_tables/data__.tsv,2375,9.0.1
wh3_main_lord_abilities_inspired_defence_ii,stat_morale,16.0000,add,data/unit_stats/source_exports/db/special_ability_phase_stat_effects_tables/data__.tsv,2376,9.0.1
wh3_main_lord_abilities_inspired_defence_i,stat_melee_defence,24.0000,add,data/unit_stats/source_exports/db/special_ability_phase_stat_effects_tables/data__.tsv,2377,9.0.1
wh3_main_lord_abilities_inspired_defence_i,stat_morale,16.0000,add,data/unit_stats/source_exports/db/special_ability_phase_stat_effects_tables/data__.tsv,2378,9.0.1
wh3_main_lord_abilities_inspired_marksmanship_iii,stat_accuracy,60.0000,add,data/unit_stats/source_exports/db/special_ability_phase_stat_effects_tables/data__.tsv,2379,9.0.1
wh3_main_lord_abilities_inspired_marksmanship_iii,stat_reloading,40.0000,add,data/unit_stats/source_exports/db/special_ability_phase_stat_effects_tables/data__.tsv,2380,9.0.1
wh3_main_lord_abilities_inspired_marksmanship_ii,stat_accuracy,60.0000,add,data/unit_stats/source_exports/db/special_ability_phase_stat_effects_tables/data__.tsv,2381,9.0.1
wh3_main_lord_abilities_inspired_marksmanship_ii,stat_reloading,20.0000,add,data/unit_stats/source_exports/db/special_ability_phase_stat_effects_tables/data__.tsv,2382,9.0.1
wh3_main_lord_abilities_inspired_marksmanship_i,stat_accuracy,30.0000,add,data/unit_stats/source_exports/db/special_ability_phase_stat_effects_tables/data__.tsv,2383,9.0.1
wh3_main_lord_abilities_inspired_marksmanship_i,stat_reloading,20.0000,add,data/unit_stats/source_exports/db/special_ability_phase_stat_effects_tables/data__.tsv,2384,9.0.1
wh3_main_lord_abilities_master_of_alchemy_flaming,scalar_missile_damage_base,1.5000,mult,data/unit_stats/source_exports/db/special_ability_phase_stat_effects_tables/data__.tsv,2385,9.0.1
wh3_main_lord_abilities_master_of_alchemy_flaming,stat_melee_damage_base,1.6000,mult,data/unit_stats/source_exports/db/special_ability_phase_stat_effects_tables/data__.tsv,2386,9.0.1
wh3_main_lord_abilities_master_of_alchemy_piercing,scalar_missile_damage_ap,1.2500,mult,data/unit_stats/source_exports/db/special_ability_phase_stat_effects_tables/data__.tsv,2387,9.0.1
wh3_main_lord_abilities_master_of_alchemy_piercing,scalar_missile_damage_base,1.2500,mult,data/unit_stats/source_exports/db/special_ability_phase_stat_effects_tables/data__.tsv,2388,9.0.1
wh3_main_lord_abilities_master_of_alchemy_piercing,stat_melee_damage_ap,1.2500,mult,data/unit_stats/source_exports/db/special_ability_phase_stat_effects_tables/data__.tsv,2389,9.0.1
wh3_main_lord_abilities_master_of_alchemy_piercing,stat_melee_damage_base,1.2500,mult,data/unit_stats/source_exports/db/special_ability_phase_stat_effects_tables/data__.tsv,2390,9.0.1
wh3_main_lord_abilities_master_of_alchemy_poison,scalar_missile_damage_base,1.2500,mult,data/unit_stats/source_exports/db/special_ability_phase_stat_effects_tables/data__.tsv,2391,9.0.1
wh3_main_lord_abilities_master_of_alchemy_poison,stat_melee_damage_base,1.3000,mult,data/unit_stats/source_exports/db/special_ability_phase_stat_effects_tables/data__.tsv,2392,9.0.1
wh3_main_lord_abilities_master_of_alchemy,scalar_missile_damage_base,1.2500,mult,data/unit_stats/source_exports/db/special_ability_phase_stat_effects_tables/data__.tsv,2393,9.0.1
wh3_main_lord_abilities_master_of_alchemy,stat_melee_damage_base,1.3000,mult,data/unit_stats/source_exports/db/special_ability_phase_stat_effects_tables/data__.tsv,2394,9.0.1
wh3_main_lord_abilities_oracle_of_eternity,stat_resistance_all,44.0000,add,data/unit_stats/source_exports/db/special_ability_phase_stat_effects_tables/data__.tsv,2395,9.0.1
wh3_main_lord_abilities_plaguefathers_oration,stat_melee_defence,24.0000,add,data/unit_stats/source_exports/db/special_ability_phase_stat_effects_tables/data__.tsv,2396,9.0.1
wh3_main_lord_abilities_plaguefathers_oration,stat_morale,16.0000,add,data/unit_stats/source_exports/db/special_ability_phase_stat_effects_tables/data__.tsv,2397,9.0.1
wh3_main_lord_abilities_seductive_glory,stat_melee_defence,-24.0000,add,data/unit_stats/source_exports/db/special_ability_phase_stat_effects_tables/data__.tsv,2398,9.0.1
wh3_main_lord_abilities_shadow_shroud,stat_resistance_all,60.0000,add,data/unit_stats/source_exports/db/special_ability_phase_stat_effects_tables/data__.tsv,2399,9.0.1
wh3_main_lord_abilities_slaughter_and_carnage,stat_melee_damage_ap,2.0000,mult,data/unit_stats/source_exports/db/special_ability_phase_stat_effects_tables/data__.tsv,2400,9.0.1
wh3_main_lord_abilities_slaughter_and_carnage,stat_melee_damage_base,2.0000,mult,data/unit_stats/source_exports/db/special_ability_phase_stat_effects_tables/data__.tsv,2401,9.0.1
wh3_main_lord_abilities_the_dark_master,stat_melee_attack,-40.0000,add,data/unit_stats/source_exports/db/special_ability_phase_stat_effects_tables/data__.tsv,2402,9.0.1
wh3_main_lord_abilities_virulent_contagion_upgraded,stat_melee_defence,-50.0000,add,data/unit_stats/source_exports/db/special_ability_phase_stat_effects_tables/data__.tsv,2403,9.0.1
wh3_main_lord_abilities_virulent_contagion,stat_melee_defence,-40.0000,add,data/unit_stats/source_exports/db/special_ability_phase_stat_effects_tables/data__.tsv,2404,9.0.1
wh3_main_lord_abilities_willing_prey,stat_melee_attack,-24.0000,add,data/unit_stats/source_exports/db/special_ability_phase_stat_effects_tables/data__.tsv,2405,9.0.1
wh3_main_lord_abilities_willing_prey,stat_melee_defence,-40.0000,add,data/unit_stats/source_exports/db/special_ability_phase_stat_effects_tables/data__.tsv,2406,9.0.1
wh3_main_lord_abilities_wrath_of_the_storm,stat_melee_attack,24.0000,add,data/unit_stats/source_exports/db/special_ability_phase_stat_effects_tables/data__.tsv,2407,9.0.1
wh3_main_lord_abilities_wrathful_reaper,stat_melee_damage_ap,1.5000,mult,data/unit_stats/source_exports/db/special_ability_phase_stat_effects_tables/data__.tsv,2408,9.0.1
wh3_main_lord_abilities_wrathful_reaper,stat_melee_damage_base,1.5000,mult,data/unit_stats/source_exports/db/special_ability_phase_stat_effects_tables/data__.tsv,2409,9.0.1
wh3_main_lord_passive_allure_of_slaanesh,stat_melee_attack,-8.0000,add,data/unit_stats/source_exports/db/special_ability_phase_stat_effects_tables/data__.tsv,2410,9.0.1
wh3_main_lord_passive_aura_of_majesty,stat_melee_defence,-9.0000,add,data/unit_stats/source_exports/db/special_ability_phase_stat_effects_tables/data__.tsv,2411,9.0.1
wh3_main_lord_passive_blaze_of_devotion,stat_melee_attack,5.0000,add,data/unit_stats/source_exports/db/special_ability_phase_stat_effects_tables/data__.tsv,2412,9.0.1
wh3_main_lord_passive_blaze_of_devotion,stat_morale,4.0000,add,data/unit_stats/source_exports/db/special_ability_phase_stat_effects_tables/data__.tsv,2413,9.0.1
wh3_main_lord_passive_disdain_of_the_dragons,stat_melee_attack,-8.0000,add,data/unit_stats/source_exports/db/special_ability_phase_stat_effects_tables/data__.tsv,2414,9.0.1
wh3_main_lord_passive_fetid_stench,stat_morale,-8.0000,add,data/unit_stats/source_exports/db/special_ability_phase_stat_effects_tables/data__.tsv,2415,9.0.1
wh3_main_lord_passive_fuelled_by_rage,stat_melee_damage_ap,1.2500,mult,data/unit_stats/source_exports/db/special_ability_phase_stat_effects_tables/data__.tsv,2416,9.0.1
wh3_main_lord_passive_fuelled_by_rage,stat_melee_damage_base,1.2500,mult,data/unit_stats/source_exports/db/special_ability_phase_stat_effects_tables/data__.tsv,2417,9.0.1
wh3_main_lord_passive_glamour_of_slaanesh,stat_melee_attack,-5.0000,add,data/unit_stats/source_exports/db/special_ability_phase_stat_effects_tables/data__.tsv,2418,9.0.1
wh3_main_lord_passive_grand_strategist,stat_melee_defence,9.0000,add,data/unit_stats/source_exports/db/special_ability_phase_stat_effects_tables/data__.tsv,2419,9.0.1
wh3_main_lord_passive_grand_strategist,stat_reloading,10.0000,add,data/unit_stats/source_exports/db/special_ability_phase_stat_effects_tables/data__.tsv,2420,9.0.1
wh3_main_lord_passive_hardened_scale,stat_resistance_all,40.0000,add,data/unit_stats/source_exports/db/special_ability_phase_stat_effects_tables/data__.tsv,2421,9.0.1
wh3_main_lord_passive_hoardmaster,stat_morale,8.0000,add,data/unit_stats/source_exports/db/special_ability_phase_stat_effects_tables/data__.tsv,2422,9.0.1
wh3_main_lord_passive_kill_for_khorne,stat_melee_attack,5.0000,add,data/unit_stats/source_exports/db/special_ability_phase_stat_effects_tables/data__.tsv,2423,9.0.1
wh3_main_lord_passive_kill_for_khorne,stat_morale,4.0000,add,data/unit_stats/source_exports/db/special_ability_phase_stat_effects_tables/data__.tsv,2424,9.0.1
wh3_main_lord_passive_master_of_fates,stat_melee_defence,8.0000,add,data/unit_stats/source_exports/db/special_ability_phase_stat_effects_tables/data__.tsv,2425,9.0.1
wh3_main_lord_passive_master_of_fates,stat_morale,8.0000,add,data/unit_stats/source_exports/db/special_ability_phase_stat_effects_tables/data__.tsv,2426,9.0.1
wh3_main_lord_passive_revel_in_slaughter,stat_melee_attack,8.0000,add,data/unit_stats/source_exports/db/special_ability_phase_stat_effects_tables/data__.tsv,2427,9.0.1
wh3_main_lord_passive_revel_in_slaughter,stat_morale,8.0000,add,data/unit_stats/source_exports/db/special_ability_phase_stat_effects_tables/data__.tsv,2428,9.0.1
wh3_main_lord_passive_seer_of_destiny,stat_melee_defence,5.0000,add,data/unit_stats/source_exports/db/special_ability_phase_stat_effects_tables/data__.tsv,2429,9.0.1
wh3_main_lord_passive_seer_of_destiny,stat_morale,4.0000,add,data/unit_stats/source_exports/db/special_ability_phase_stat_effects_tables/data__.tsv,2430,9.0.1
wh3_main_lord_passive_strategist,stat_melee_defence,5.0000,add,data/unit_stats/source_exports/db/special_ability_phase_stat_effects_tables/data__.tsv,2431,9.0.1
wh3_main_lord_passive_strategist,stat_reloading,5.0000,add,data/unit_stats/source_exports/db/special_ability_phase_stat_effects_tables/data__.tsv,2432,9.0.1
wh3_main_lord_passive_warding_iron,stat_resistance_all,5.0000,add,data/unit_stats/source_exports/db/special_ability_phase_stat_effects_tables/data__.tsv,2433,9.0.1
wh3_main_lord_passive_whisper_of_glory,stat_melee_defence,-5.0000,add,data/unit_stats/source_exports/db/special_ability_phase_stat_effects_tables/data__.tsv,2434,9.0.1
wh3_main_lord_passive_whispers_in_the_darkness,stat_morale,-6.0000,add,data/unit_stats/source_exports/db/special_ability_phase_stat_effects_tables/data__.tsv,2435,9.0.1
wh3_main_lore_passive_blissful_rapture,stat_melee_attack,12.0000,add,data/unit_stats/source_exports/db/special_ability_phase_stat_effects_tables/data__.tsv,2436,9.0.1
wh3_main_lore_passive_blissful_rapture,stat_morale,4.0000,add,data/unit_stats/source_exports/db/special_ability_phase_stat_effects_tables/data__.tsv,2437,9.0.1
wh3_main_lore_passive_fires_of_change,stat_resistance_all,10.0000,add,data/unit_stats/source_exports/db/special_ability_phase_stat_effects_tables/data__.tsv,2438,9.0.1
wh3_main_lore_passive_freezing_winds,scalar_speed,0.7500,mult,data/unit_stats/source_exports/db/special_ability_phase_stat_effects_tables/data__.tsv,2439,9.0.1
wh3_main_lore_passive_frost_shield,stat_armour,15.0000,add,data/unit_stats/source_exports/db/special_ability_phase_stat_effects_tables/data__.tsv,2440,9.0.1
wh3_main_lore_passive_frost_shield,stat_missile_block_chance,12.0000,add,data/unit_stats/source_exports/db/special_ability_phase_stat_effects_tables/data__.tsv,2441,9.0.1
wh3_main_lore_passive_power_of_yin,scalar_speed,0.9000,mult,data/unit_stats/source_exports/db/special_ability_phase_stat_effects_tables/data__.tsv,2442,9.0.1
wh3_main_lore_passive_power_of_yin,stat_armour,-15.0000,add,data/unit_stats/source_exports/db/special_ability_phase_stat_effects_tables/data__.tsv,2443,9.0.1
wh3_main_lore_passive_strength_of_yang,stat_melee_damage_ap,1.2400,mult,data/unit_stats/source_exports/db/special_ability_phase_stat_effects_tables/data__.tsv,2444,9.0.1
wh3_main_lore_passive_strength_of_yang,stat_melee_damage_base,1.2400,mult,data/unit_stats/source_exports/db/special_ability_phase_stat_effects_tables/data__.tsv,2445,9.0.1
wh3_main_mount_passive_totem_of_endless_bloodletting,stat_melee_attack,8.0000,add,data/unit_stats/source_exports/db/special_ability_phase_stat_effects_tables/data__.tsv,2446,9.0.1
wh3_main_mount_passive_totem_of_endless_bloodletting,stat_morale,4.0000,add,data/unit_stats/source_exports/db/special_ability_phase_stat_effects_tables/data__.tsv,2447,9.0.1
wh3_main_prisoners_dismember,scalar_speed,0.4000,mult,data/unit_stats/source_exports/db/special_ability_phase_stat_effects_tables/data__.tsv,2448,9.0.1
wh3_main_prisoners_massacre,stat_melee_attack,24.0000,add,data/unit_stats/source_exports/db/special_ability_phase_stat_effects_tables/data__.tsv,2449,9.0.1
wh3_main_prisoners_massacre,stat_melee_damage_ap,1.2500,mult,data/unit_stats/source_exports/db/special_ability_phase_stat_effects_tables/data__.tsv,2450,9.0.1
wh3_main_prisoners_massacre,stat_melee_damage_base,1.2500,mult,data/unit_stats/source_exports/db/special_ability_phase_stat_effects_tables/data__.tsv,2451,9.0.1
wh3_main_pro_character_abilities_heroic_killing_blow_1,stat_melee_damage_ap,1.5000,mult,data/unit_stats/source_exports/db/special_ability_phase_stat_effects_tables/data__.tsv,2452,9.0.1
wh3_main_pro_character_abilities_heroic_killing_blow_1,stat_melee_damage_base,1.5000,mult,data/unit_stats/source_exports/db/special_ability_phase_stat_effects_tables/data__.tsv,2453,9.0.1
wh3_main_pro_character_abilities_heroic_killing_blow_2,stat_melee_damage_ap,2.0000,mult,data/unit_stats/source_exports/db/special_ability_phase_stat_effects_tables/data__.tsv,2454,9.0.1
wh3_main_pro_character_abilities_heroic_killing_blow_2,stat_melee_damage_base,2.0000,mult,data/unit_stats/source_exports/db/special_ability_phase_stat_effects_tables/data__.tsv,2455,9.0.1
wh3_main_pro_character_abilities_ursuns_roar_1,stat_melee_attack,20.0000,add,data/unit_stats/source_exports/db/special_ability_phase_stat_effects_tables/data__.tsv,2456,9.0.1
wh3_main_pro_character_abilities_ursuns_roar_1,stat_morale,16.0000,add,data/unit_stats/source_exports/db/special_ability_phase_stat_effects_tables/data__.tsv,2457,9.0.1
wh3_main_pro_character_abilities_ursuns_roar_2,stat_melee_attack,40.0000,add,data/unit_stats/source_exports/db/special_ability_phase_stat_effects_tables/data__.tsv,2458,9.0.1
wh3_main_pro_character_abilities_ursuns_roar_2,stat_morale,16.0000,add,data/unit_stats/source_exports/db/special_ability_phase_stat_effects_tables/data__.tsv,2459,9.0.1
wh3_main_pro_character_abilities_ursuns_roar_3,stat_melee_attack,60.0000,add,data/unit_stats/source_exports/db/special_ability_phase_stat_effects_tables/data__.tsv,2460,9.0.1
wh3_main_pro_character_abilities_ursuns_roar_3,stat_morale,16.0000,add,data/unit_stats/source_exports/db/special_ability_phase_stat_effects_tables/data__.tsv,2461,9.0.1
wh3_main_pro_character_abilities_ursuns_roar,stat_melee_attack,40.0000,add,data/unit_stats/source_exports/db/special_ability_phase_stat_effects_tables/data__.tsv,2462,9.0.1
wh3_main_pro_quest_passive_favour_of_the_ruinous_powers,stat_melee_attack,8.0000,add,data/unit_stats/source_exports/db/special_ability_phase_stat_effects_tables/data__.tsv,2463,9.0.1
wh3_main_siege_defender,stat_melee_defence,1.1500,mult,data/unit_stats/source_exports/db/special_ability_phase_stat_effects_tables/data__.tsv,2464,9.0.1
wh3_main_siege_defender,stat_morale,10.0000,add,data/unit_stats/source_exports/db/special_ability_phase_stat_effects_tables/data__.tsv,2465,9.0.1
wh3_main_siege_momentum,stat_melee_attack,1.2000,mult,data/unit_stats/source_exports/db/special_ability_phase_stat_effects_tables/data__.tsv,2466,9.0.1
wh3_main_siege_momentum,stat_morale,10.0000,add,data/unit_stats/source_exports/db/special_ability_phase_stat_effects_tables/data__.tsv,2467,9.0.1
wh3_main_spell_bound_transmutation_of_lead,stat_melee_attack,-24.0000,add,data/unit_stats/source_exports/db/special_ability_phase_stat_effects_tables/data__.tsv,2468,9.0.1
wh3_main_spell_bound_transmutation_of_lead,stat_melee_damage_base,0.7000,mult,data/unit_stats/source_exports/db/special_ability_phase_stat_effects_tables/data__.tsv,2469,9.0.1
wh3_main_spell_great_maw_braingobbler_upgraded,stat_morale,-16.0000,add,data/unit_stats/source_exports/db/special_ability_phase_stat_effects_tables/data__.tsv,2470,9.0.1
wh3_main_spell_great_maw_braingobbler,stat_morale,-16.0000,add,data/unit_stats/source_exports/db/special_ability_phase_stat_effects_tables/data__.tsv,2471,9.0.1
wh3_main_spell_great_maw_bullgorger_upgraded,stat_melee_attack,24.0000,add,data/unit_stats/source_exports/db/special_ability_phase_stat_effects_tables/data__.tsv,2472,9.0.1
wh3_main_spell_great_maw_bullgorger_upgraded,stat_melee_damage_ap,1.2500,mult,data/unit_stats/source_exports/db/special_ability_phase_stat_effects_tables/data__.tsv,2473,9.0.1
wh3_main_spell_great_maw_bullgorger,stat_melee_attack,24.0000,add,data/unit_stats/source_exports/db/special_ability_phase_stat_effects_tables/data__.tsv,2474,9.0.1
wh3_main_spell_great_maw_bullgorger,stat_melee_damage_ap,1.2500,mult,data/unit_stats/source_exports/db/special_ability_phase_stat_effects_tables/data__.tsv,2475,9.0.1
wh3_main_spell_great_maw_toothcracker_upgraded,stat_armour,30.0000,add,data/unit_stats/source_exports/db/special_ability_phase_stat_effects_tables/data__.tsv,2476,9.0.1
wh3_main_spell_great_maw_toothcracker_upgraded,stat_resistance_missile,22.0000,add,data/unit_stats/source_exports/db/special_ability_phase_stat_effects_tables/data__.tsv,2477,9.0.1
wh3_main_spell_great_maw_toothcracker,stat_armour,30.0000,add,data/unit_stats/source_exports/db/special_ability_phase_stat_effects_tables/data__.tsv,2478,9.0.1
wh3_main_spell_great_maw_toothcracker,stat_resistance_missile,22.0000,add,data/unit_stats/source_exports/db/special_ability_phase_stat_effects_tables/data__.tsv,2479,9.0.1
wh3_main_spell_ice_crystal_sanctuary_upgraded,stat_resistance_all,80.0000,add,data/unit_stats/source_exports/db/special_ability_phase_stat_effects_tables/data__.tsv,2480,9.0.1
wh3_main_spell_ice_crystal_sanctuary,stat_resistance_all,80.0000,add,data/unit_stats/source_exports/db/special_ability_phase_stat_effects_tables/data__.tsv,2481,9.0.1
wh3_main_spell_ice_frost_blades_upgraded,stat_melee_attack,24.0000,add,data/unit_stats/source_exports/db/special_ability_phase_stat_effects_tables/data__.tsv,2482,9.0.1
wh3_main_spell_ice_frost_blades_upgraded,stat_melee_damage_ap,1.5000,mult,data/unit_stats/source_exports/db/special_ability_phase_stat_effects_tables/data__.tsv,2483,9.0.1
wh3_main_spell_ice_frost_blades_upgraded,stat_melee_damage_base,1.5000,mult,data/unit_stats/source_exports/db/special_ability_phase_stat_effects_tables/data__.tsv,2484,9.0.1
wh3_main_spell_ice_frost_blades,stat_melee_attack,24.0000,add,data/unit_stats/source_exports/db/special_ability_phase_stat_effects_tables/data__.tsv,2485,9.0.1
wh3_main_spell_ice_frost_blades,stat_melee_damage_ap,1.2500,mult,data/unit_stats/source_exports/db/special_ability_phase_stat_effects_tables/data__.tsv,2486,9.0.1
wh3_main_spell_ice_frost_blades,stat_melee_damage_base,1.2500,mult,data/unit_stats/source_exports/db/special_ability_phase_stat_effects_tables/data__.tsv,2487,9.0.1
wh3_main_spell_ice_heart_of_winter_1,scalar_speed,0.9000,mult,data/unit_stats/source_exports/db/special_ability_phase_stat_effects_tables/data__.tsv,2488,9.0.1
wh3_main_spell_ice_heart_of_winter_2,scalar_speed,0.7500,mult,data/unit_stats/source_exports/db/special_ability_phase_stat_effects_tables/data__.tsv,2489,9.0.1
wh3_main_spell_ice_heart_of_winter_3,scalar_speed,0.6000,mult,data/unit_stats/source_exports/db/special_ability_phase_stat_effects_tables/data__.tsv,2490,9.0.1
wh3_main_spell_ice_heart_of_winter_4,scalar_speed,0.4000,mult,data/unit_stats/source_exports/db/special_ability_phase_stat_effects_tables/data__.tsv,2491,9.0.1
wh3_main_spell_ice_heart_of_winter_upgraded_1,scalar_speed,0.9000,mult,data/unit_stats/source_exports/db/special_ability_phase_stat_effects_tables/data__.tsv,2492,9.0.1
wh3_main_spell_ice_heart_of_winter_upgraded_2,scalar_speed,0.7500,mult,data/unit_stats/source_exports/db/special_ability_phase_stat_effects_tables/data__.tsv,2493,9.0.1
wh3_main_spell_ice_heart_of_winter_upgraded_3,scalar_speed,0.6000,mult,data/unit_stats/source_exports/db/special_ability_phase_stat_effects_tables/data__.tsv,2494,9.0.1
wh3_main_spell_ice_heart_of_winter_upgraded_4,scalar_speed,0.4000,mult,data/unit_stats/source_exports/db/special_ability_phase_stat_effects_tables/data__.tsv,2495,9.0.1
wh3_main_spell_ice_ice_sheet,scalar_charge_speed,0.7500,mult,data/unit_stats/source_exports/db/special_ability_phase_stat_effects_tables/data__.tsv,2496,9.0.1
wh3_main_spell_ice_ice_sheet,scalar_entity_acceleration_modifier,0.7500,mult,data/unit_stats/source_exports/db/special_ability_phase_stat_effects_tables/data__.tsv,2497,9.0.1
wh3_main_spell_ice_ice_sheet,scalar_speed,0.7500,mult,data/unit_stats/source_exports/db/special_ability_phase_stat_effects_tables/data__.tsv,2498,9.0.1
wh3_main_spell_nurgle_curse_of_the_leper_upgraded,stat_armour,60.0000,add,data/unit_stats/source_exports/db/special_ability_phase_stat_effects_tables/data__.tsv,2499,9.0.1
wh3_main_spell_nurgle_curse_of_the_leper_upgraded,stat_damage_reflection,28.0000,add,data/unit_stats/source_exports/db/special_ability_phase_stat_effects_tables/data__.tsv,2500,9.0.1
wh3_main_spell_nurgle_curse_of_the_leper,stat_armour,30.0000,add,data/unit_stats/source_exports/db/special_ability_phase_stat_effects_tables/data__.tsv,2501,9.0.1
wh3_main_spell_nurgle_curse_of_the_leper,stat_damage_reflection,14.0000,add,data/unit_stats/source_exports/db/special_ability_phase_stat_effects_tables/data__.tsv,2502,9.0.1
wh3_main_spell_nurgle_miasma_of_pestilence_upgraded,stat_charge_bonus,0.6000,mult,data/unit_stats/source_exports/db/special_ability_phase_stat_effects_tables/data__.tsv,2503,9.0.1
wh3_main_spell_nurgle_miasma_of_pestilence_upgraded,stat_melee_attack,-24.0000,add,data/unit_stats/source_exports/db/special_ability_phase_stat_effects_tables/data__.tsv,2504,9.0.1
wh3_main_spell_nurgle_miasma_of_pestilence,stat_charge_bonus,0.6000,mult,data/unit_stats/source_exports/db/special_ability_phase_stat_effects_tables/data__.tsv,2505,9.0.1
wh3_main_spell_nurgle_miasma_of_pestilence,stat_melee_attack,-24.0000,add,data/unit_stats/source_exports/db/special_ability_phase_stat_effects_tables/data__.tsv,2506,9.0.1
wh3_main_spell_slaanesh_acquiescence_upgraded,scalar_speed,0.5500,mult,data/unit_stats/source_exports/db/special_ability_phase_stat_effects_tables/data__.tsv,2507,9.0.1
wh3_main_spell_slaanesh_acquiescence_upgraded,stat_melee_defence,-24.0000,add,data/unit_stats/source_exports/db/special_ability_phase_stat_effects_tables/data__.tsv,2508,9.0.1
wh3_main_spell_slaanesh_acquiescence,scalar_speed,0.7500,mult,data/unit_stats/source_exports/db/special_ability_phase_stat_effects_tables/data__.tsv,2509,9.0.1
wh3_main_spell_slaanesh_acquiescence,stat_melee_defence,-24.0000,add,data/unit_stats/source_exports/db/special_ability_phase_stat_effects_tables/data__.tsv,2510,9.0.1
wh3_main_spell_slaanesh_hysterical_frenzy_upgraded,stat_melee_attack,40.0000,add,data/unit_stats/source_exports/db/special_ability_phase_stat_effects_tables/data__.tsv,2511,9.0.1
wh3_main_spell_slaanesh_hysterical_frenzy_upgraded,stat_melee_damage_ap,1.2500,mult,data/unit_stats/source_exports/db/special_ability_phase_stat_effects_tables/data__.tsv,2512,9.0.1
wh3_main_spell_slaanesh_hysterical_frenzy_upgraded,stat_melee_damage_base,1.2500,mult,data/unit_stats/source_exports/db/special_ability_phase_stat_effects_tables/data__.tsv,2513,9.0.1
wh3_main_spell_slaanesh_hysterical_frenzy,stat_melee_attack,40.0000,add,data/unit_stats/source_exports/db/special_ability_phase_stat_effects_tables/data__.tsv,2514,9.0.1
wh3_main_spell_slaanesh_hysterical_frenzy,stat_melee_damage_ap,1.2500,mult,data/unit_stats/source_exports/db/special_ability_phase_stat_effects_tables/data__.tsv,2515,9.0.1
wh3_main_spell_slaanesh_hysterical_frenzy,stat_melee_damage_base,1.2500,mult,data/unit_stats/source_exports/db/special_ability_phase_stat_effects_tables/data__.tsv,2516,9.0.1
wh3_main_spell_slaanesh_phantasmagoria_upgraded,stat_morale,-16.0000,add,data/unit_stats/source_exports/db/special_ability_phase_stat_effects_tables/data__.tsv,2517,9.0.1
wh3_main_spell_slaanesh_phantasmagoria,stat_morale,-16.0000,add,data/unit_stats/source_exports/db/special_ability_phase_stat_effects_tables/data__.tsv,2518,9.0.1
wh3_main_spell_tempest_gust_of_true_flight_upgraded,scalar_missile_range,1.3000,mult,data/unit_stats/source_exports/db/special_ability_phase_stat_effects_tables/data__.tsv,2519,9.0.1
wh3_main_spell_tempest_gust_of_true_flight_upgraded,stat_accuracy,30.0000,add,data/unit_stats/source_exports/db/special_ability_phase_stat_effects_tables/data__.tsv,2520,9.0.1
wh3_main_spell_tempest_gust_of_true_flight,scalar_missile_range,1.3000,mult,data/unit_stats/source_exports/db/special_ability_phase_stat_effects_tables/data__.tsv,2521,9.0.1
wh3_main_spell_tempest_gust_of_true_flight,stat_accuracy,30.0000,add,data/unit_stats/source_exports/db/special_ability_phase_stat_effects_tables/data__.tsv,2522,9.0.1
wh3_main_spell_tempest_hawks_of_miska_upgraded,stat_morale,-16.0000,add,data/unit_stats/source_exports/db/special_ability_phase_stat_effects_tables/data__.tsv,2523,9.0.1
wh3_main_spell_tempest_hawks_of_miska,stat_morale,-16.0000,add,data/unit_stats/source_exports/db/special_ability_phase_stat_effects_tables/data__.tsv,2524,9.0.1
wh3_main_spell_tempest_swiftwing_upgraded,scalar_charge_speed,1.2500,mult,data/unit_stats/source_exports/db/special_ability_phase_stat_effects_tables/data__.tsv,2525,9.0.1
wh3_main_spell_tempest_swiftwing_upgraded,scalar_speed,1.2500,mult,data/unit_stats/source_exports/db/special_ability_phase_stat_effects_tables/data__.tsv,2526,9.0.1
wh3_main_spell_tempest_swiftwing_upgraded,stat_charge_bonus,1.4000,mult,data/unit_stats/source_exports/db/special_ability_phase_stat_effects_tables/data__.tsv,2527,9.0.1
wh3_main_spell_tempest_swiftwing,scalar_charge_speed,1.2500,mult,data/unit_stats/source_exports/db/special_ability_phase_stat_effects_tables/data__.tsv,2528,9.0.1
wh3_main_spell_tempest_swiftwing,scalar_speed,1.2500,mult,data/unit_stats/source_exports/db/special_ability_phase_stat_effects_tables/data__.tsv,2529,9.0.1
wh3_main_spell_tempest_swiftwing,stat_charge_bonus,1.4000,mult,data/unit_stats/source_exports/db/special_ability_phase_stat_effects_tables/data__.tsv,2530,9.0.1
wh3_main_spell_tzeentch_glean_magic_miscast,scalar_spell_mastery,1.1500,mult,data/unit_stats/source_exports/db/special_ability_phase_stat_effects_tables/data__.tsv,2531,9.0.1
wh3_main_spell_tzeentch_glean_magic_upgraded_miscast,scalar_spell_mastery,1.1500,mult,data/unit_stats/source_exports/db/special_ability_phase_stat_effects_tables/data__.tsv,2532,9.0.1
wh3_main_spell_tzeentch_treason_of_tzeentch_upgraded,stat_melee_attack,-24.0000,add,data/unit_stats/source_exports/db/special_ability_phase_stat_effects_tables/data__.tsv,2533,9.0.1
wh3_main_spell_tzeentch_treason_of_tzeentch_upgraded,stat_morale,-16.0000,add,data/unit_stats/source_exports/db/special_ability_phase_stat_effects_tables/data__.tsv,2534,9.0.1
wh3_main_spell_tzeentch_treason_of_tzeentch,stat_morale,-16.0000,add,data/unit_stats/source_exports/db/special_ability_phase_stat_effects_tables/data__.tsv,2535,9.0.1
wh3_main_spell_yang_jade_shield_upgraded,stat_resistance_all,44.0000,add,data/unit_stats/source_exports/db/special_ability_phase_stat_effects_tables/data__.tsv,2536,9.0.1
wh3_main_spell_yang_jade_shield,stat_resistance_all,44.0000,add,data/unit_stats/source_exports/db/special_ability_phase_stat_effects_tables/data__.tsv,2537,9.0.1
wh3_main_spell_yang_might_of_heaven_and_earth_upgraded,stat_melee_attack,40.0000,add,data/unit_stats/source_exports/db/special_ability_phase_stat_effects_tables/data__.tsv,2538,9.0.1
wh3_main_spell_yang_might_of_heaven_and_earth_upgraded,stat_melee_damage_ap,1.5000,mult,data/unit_stats/source_exports/db/special_ability_phase_stat_effects_tables/data__.tsv,2539,9.0.1
wh3_main_spell_yang_might_of_heaven_and_earth_upgraded,stat_melee_damage_base,1.5000,mult,data/unit_stats/source_exports/db/special_ability_phase_stat_effects_tables/data__.tsv,2540,9.0.1
wh3_main_spell_yang_might_of_heaven_and_earth,stat_melee_attack,24.0000,add,data/unit_stats/source_exports/db/special_ability_phase_stat_effects_tables/data__.tsv,2541,9.0.1
wh3_main_spell_yang_might_of_heaven_and_earth,stat_melee_damage_ap,1.2500,mult,data/unit_stats/source_exports/db/special_ability_phase_stat_effects_tables/data__.tsv,2542,9.0.1
wh3_main_spell_yang_might_of_heaven_and_earth,stat_melee_damage_base,1.2500,mult,data/unit_stats/source_exports/db/special_ability_phase_stat_effects_tables/data__.tsv,2543,9.0.1
wh3_main_spell_yang_stone_ground_stance_upgraded,stat_mass,2.0000,mult,data/unit_stats/source_exports/db/special_ability_phase_stat_effects_tables/data__.tsv,2544,9.0.1
wh3_main_spell_yang_stone_ground_stance_upgraded,stat_morale,8.0000,add,data/unit_stats/source_exports/db/special_ability_phase_stat_effects_tables/data__.tsv,2545,9.0.1
wh3_main_spell_yang_stone_ground_stance,stat_mass,2.0000,mult,data/unit_stats/source_exports/db/special_ability_phase_stat_effects_tables/data__.tsv,2546,9.0.1
wh3_main_spell_yang_stone_ground_stance,stat_morale,8.0000,add,data/unit_stats/source_exports/db/special_ability_phase_stat_effects_tables/data__.tsv,2547,9.0.1
wh3_main_spell_yin_storm_of_shadows_upgraded,scalar_charge_speed,0.5500,mult,data/unit_stats/source_exports/db/special_ability_phase_stat_effects_tables/data__.tsv,2548,9.0.1
wh3_main_spell_yin_storm_of_shadows_upgraded,scalar_speed,0.5500,mult,data/unit_stats/source_exports/db/special_ability_phase_stat_effects_tables/data__.tsv,2549,9.0.1
wh3_main_spell_yin_storm_of_shadows,scalar_charge_speed,0.5500,mult,data/unit_stats/source_exports/db/special_ability_phase_stat_effects_tables/data__.tsv,2550,9.0.1
wh3_main_spell_yin_storm_of_shadows,scalar_speed,0.5500,mult,data/unit_stats/source_exports/db/special_ability_phase_stat_effects_tables/data__.tsv,2551,9.0.1
wh3_main_unit_abilities_gnoblar_traps_1,scalar_charge_speed,0.5500,mult,data/unit_stats/source_exports/db/special_ability_phase_stat_effects_tables/data__.tsv,2552,9.0.1
wh3_main_unit_abilities_gnoblar_traps_1,scalar_speed,0.5500,mult,data/unit_stats/source_exports/db/special_ability_phase_stat_effects_tables/data__.tsv,2553,9.0.1
wh3_main_unit_abilities_gnoblar_traps_1,stat_charge_bonus,0.6000,mult,data/unit_stats/source_exports/db/special_ability_phase_stat_effects_tables/data__.tsv,2554,9.0.1
wh3_main_unit_abilities_mimic_brutish_charge,stat_charge_bonus,20.0000,add,data/unit_stats/source_exports/db/special_ability_phase_stat_effects_tables/data__.tsv,2555,9.0.1
wh3_main_unit_abilities_stun_bomb,stat_melee_attack,-24.0000,add,data/unit_stats/source_exports/db/special_ability_phase_stat_effects_tables/data__.tsv,2556,9.0.1
wh3_main_unit_abilities_stun_bomb,stat_melee_defence,-24.0000,add,data/unit_stats/source_exports/db/special_ability_phase_stat_effects_tables/data__.tsv,2557,9.0.1
wh3_main_unit_contact_disorientated,scalar_speed,0.7000,mult,data/unit_stats/source_exports/db/special_ability_phase_stat_effects_tables/data__.tsv,2558,9.0.1
wh3_main_unit_contact_disorientated,stat_melee_attack,-6.0000,add,data/unit_stats/source_exports/db/special_ability_phase_stat_effects_tables/data__.tsv,2559,9.0.1
wh3_main_unit_contact_disorientated,stat_melee_defence,-4.0000,add,data/unit_stats/source_exports/db/special_ability_phase_stat_effects_tables/data__.tsv,2560,9.0.1
wh3_main_unit_contact_soporific_musk,stat_melee_attack,-5.0000,add,data/unit_stats/source_exports/db/special_ability_phase_stat_effects_tables/data__.tsv,2561,9.0.1
wh3_main_unit_contact_soporific_musk,stat_melee_defence,-5.0000,add,data/unit_stats/source_exports/db/special_ability_phase_stat_effects_tables/data__.tsv,2562,9.0.1
wh3_main_unit_contact_warpflame,stat_armour,-10.0000,add,data/unit_stats/source_exports/db/special_ability_phase_stat_effects_tables/data__.tsv,2563,9.0.1
wh3_main_unit_contact_warpflame,stat_weakness_flame,-10.0000,add,data/unit_stats/source_exports/db/special_ability_phase_stat_effects_tables/data__.tsv,2564,9.0.1
wh3_main_unit_passive_aura_of_immolation,stat_weakness_flame,-20.0000,add,data/unit_stats/source_exports/db/special_ability_phase_stat_effects_tables/data__.tsv,2565,9.0.1
wh3_main_unit_passive_battle_harmony_elf,stat_melee_defence,6.0000,add,data/unit_stats/source_exports/db/special_ability_phase_stat_effects_tables/data__.tsv,2566,9.0.1
wh3_main_unit_passive_battle_harmony_elf,stat_morale,6.0000,add,data/unit_stats/source_exports/db/special_ability_phase_stat_effects_tables/data__.tsv,2567,9.0.1
wh3_main_unit_passive_battle_harmony_elf,stat_reloading,12.0000,add,data/unit_stats/source_exports/db/special_ability_phase_stat_effects_tables/data__.tsv,2568,9.0.1
wh3_main_unit_passive_battle_harmony_yang,stat_melee_attack,4.0000,add,data/unit_stats/source_exports/db/special_ability_phase_stat_effects_tables/data__.tsv,2569,9.0.1
wh3_main_unit_passive_battle_harmony_yang,stat_melee_defence,4.0000,add,data/unit_stats/source_exports/db/special_ability_phase_stat_effects_tables/data__.tsv,2570,9.0.1
wh3_main_unit_passive_battle_harmony_yang,stat_morale,4.0000,add,data/unit_stats/source_exports/db/special_ability_phase_stat_effects_tables/data__.tsv,2571,9.0.1
wh3_main_unit_passive_battle_harmony_yin,scalar_speed,1.0400,mult,data/unit_stats/source_exports/db/special_ability_phase_stat_effects_tables/data__.tsv,2572,9.0.1
wh3_main_unit_passive_battle_harmony_yin,stat_morale,4.0000,add,data/unit_stats/source_exports/db/special_ability_phase_stat_effects_tables/data__.tsv,2573,9.0.1
wh3_main_unit_passive_battle_harmony_yin,stat_reloading,12.0000,add,data/unit_stats/source_exports/db/special_ability_phase_stat_effects_tables/data__.tsv,2574,9.0.1
wh3_main_unit_passive_battlefield_indemnity,stat_melee_damage_ap,2.0000,mult,data/unit_stats/source_exports/db/special_ability_phase_stat_effects_tables/data__.tsv,2575,9.0.1
wh3_main_unit_passive_battlefield_indemnity,stat_melee_damage_base,2.0000,mult,data/unit_stats/source_exports/db/special_ability_phase_stat_effects_tables/data__.tsv,2576,9.0.1
wh3_main_unit_passive_by_our_blood_upgrade,stat_resistance_all,33.0000,add,data/unit_stats/source_exports/db/special_ability_phase_stat_effects_tables/data__.tsv,2577,9.0.1
wh3_main_unit_passive_chaotic_ebb,stat_resistance_physical,-20.0000,add,data/unit_stats/source_exports/db/special_ability_phase_stat_effects_tables/data__.tsv,2578,9.0.1
wh3_main_unit_passive_chaotic_surge,stat_resistance_physical,20.0000,add,data/unit_stats/source_exports/db/special_ability_phase_stat_effects_tables/data__.tsv,2579,9.0.1
wh3_main_unit_passive_cloud_of_flies,stat_melee_defence,9.0000,add,data/unit_stats/source_exports/db/special_ability_phase_stat_effects_tables/data__.tsv,2580,9.0.1
wh3_main_unit_passive_daemon_crusher,stat_morale,-4.0000,add,data/unit_stats/source_exports/db/special_ability_phase_stat_effects_tables/data__.tsv,2581,9.0.1
wh3_main_unit_passive_defensive_stance_buffer,scalar_bracing,1.1000,mult,data/unit_stats/source_exports/db/special_ability_phase_stat_effects_tables/data__.tsv,2582,9.0.1
wh3_main_unit_passive_defensive_stance,scalar_bracing,1.2500,mult,data/unit_stats/source_exports/db/special_ability_phase_stat_effects_tables/data__.tsv,2583,9.0.1
wh3_main_unit_passive_defensive_stance,stat_armour,10.0000,add,data/unit_stats/source_exports/db/special_ability_phase_stat_effects_tables/data__.tsv,2584,9.0.1
wh3_main_unit_passive_enduring_devotion,stat_melee_defence,5.0000,add,data/unit_stats/source_exports/db/special_ability_phase_stat_effects_tables/data__.tsv,2585,9.0.1
wh3_main_unit_passive_enduring_devotion,stat_morale,4.0000,add,data/unit_stats/source_exports/db/special_ability_phase_stat_effects_tables/data__.tsv,2586,9.0.1
wh3_main_unit_passive_eye_of_the_dragon,scalar_missile_range,1.0500,mult,data/unit_stats/source_exports/db/special_ability_phase_stat_effects_tables/data__.tsv,2587,9.0.1
wh3_main_unit_passive_eye_of_the_dragon,stat_morale,4.0000,add,data/unit_stats/source_exports/db/special_ability_phase_stat_effects_tables/data__.tsv,2588,9.0.1
wh3_main_unit_passive_eye_of_the_dragon,stat_reloading,5.0000,add,data/unit_stats/source_exports/db/special_ability_phase_stat_effects_tables/data__.tsv,2589,9.0.1
wh3_main_unit_passive_eye_of_the_dragon,stat_spotting_forest,2.0000,mult,data/unit_stats/source_exports/db/special_ability_phase_stat_effects_tables/data__.tsv,2590,9.0.1
wh3_main_unit_passive_eye_of_the_dragon,stat_spotting_scrub,2.0000,mult,data/unit_stats/source_exports/db/special_ability_phase_stat_effects_tables/data__.tsv,2591,9.0.1
wh3_main_unit_passive_hellblade,stat_melee_damage_ap,1.2000,mult,data/unit_stats/source_exports/db/special_ability_phase_stat_effects_tables/data__.tsv,2592,9.0.1
wh3_main_unit_passive_hellblade,stat_melee_damage_base,1.2000,mult,data/unit_stats/source_exports/db/special_ability_phase_stat_effects_tables/data__.tsv,2593,9.0.1
wh3_main_unit_passive_lead_by_example,stat_melee_attack,5.0000,add,data/unit_stats/source_exports/db/special_ability_phase_stat_effects_tables/data__.tsv,2594,9.0.1
wh3_main_unit_passive_lead_by_example,stat_morale,4.0000,add,data/unit_stats/source_exports/db/special_ability_phase_stat_effects_tables/data__.tsv,2595,9.0.1
wh3_main_unit_passive_permafrost_wards,stat_damage_reflection,10.0000,add,data/unit_stats/source_exports/db/special_ability_phase_stat_effects_tables/data__.tsv,2596,9.0.1
wh3_main_unit_passive_single_entity,scalar_speed,0.9000,mult,data/unit_stats/source_exports/db/special_ability_phase_stat_effects_tables/data__.tsv,2597,9.0.1
wh3_main_unit_passive_single_entity,stat_melee_damage_ap,0.8000,mult,data/unit_stats/source_exports/db/special_ability_phase_stat_effects_tables/data__.tsv,2598,9.0.1
wh3_main_unit_passive_single_entity,stat_melee_damage_base,0.8000,mult,data/unit_stats/source_exports/db/special_ability_phase_stat_effects_tables/data__.tsv,2599,9.0.1
wh3_main_unit_passive_slime_trail,scalar_speed,0.9000,mult,data/unit_stats/source_exports/db/special_ability_phase_stat_effects_tables/data__.tsv,2600,9.0.1
wh3_main_unit_passive_slime_trail,stat_melee_attack,-5.0000,add,data/unit_stats/source_exports/db/special_ability_phase_stat_effects_tables/data__.tsv,2601,9.0.1
wh3_main_unit_passive_soul_hunters,stat_charge_bonus,10.0000,add,data/unit_stats/source_exports/db/special_ability_phase_stat_effects_tables/data__.tsv,2602,9.0.1
wh3_main_unit_passive_soul_hunters,stat_morale,16.0000,add,data/unit_stats/source_exports/db/special_ability_phase_stat_effects_tables/data__.tsv,2603,9.0.1
wh3_main_unit_passive_soul_hunters,stat_resistance_all,10.0000,add,data/unit_stats/source_exports/db/special_ability_phase_stat_effects_tables/data__.tsv,2604,9.0.1
wh3_main_unit_passive_soulscent,stat_melee_attack,20.0000,add,data/unit_stats/source_exports/db/special_ability_phase_stat_effects_tables/data__.tsv,2605,9.0.1
wh3_main_unit_passive_soulscent,stat_melee_damage_ap,1.5000,mult,data/unit_stats/source_exports/db/special_ability_phase_stat_effects_tables/data__.tsv,2606,9.0.1
wh3_main_weapon_abilities_sceptre_of_titans,stat_bonus_vs_large,24.0000,add,data/unit_stats/source_exports/db/special_ability_phase_stat_effects_tables/data__.tsv,2607,9.0.1
wh3_main_weapon_abilities_sceptre_of_titans,stat_melee_damage_ap,1.7500,mult,data/unit_stats/source_exports/db/special_ability_phase_stat_effects_tables/data__.tsv,2608,9.0.1
wh3_main_weapon_abilities_shard_blade,scalar_speed,0.5500,mult,data/unit_stats/source_exports/db/special_ability_phase_stat_effects_tables/data__.tsv,2609,9.0.1
wh3_main_weapon_abilities_the_eternal_blade,stat_melee_attack,40.0000,add,data/unit_stats/source_exports/db/special_ability_phase_stat_effects_tables/data__.tsv,2610,9.0.1
wh3_main_weapon_abilities_the_eternal_blade,stat_melee_damage_ap,1.5000,mult,data/unit_stats/source_exports/db/special_ability_phase_stat_effects_tables/data__.tsv,2611,9.0.1
wh3_main_weapon_abilities_the_eternal_blade,stat_melee_damage_base,1.5000,mult,data/unit_stats/source_exports/db/special_ability_phase_stat_effects_tables/data__.tsv,2612,9.0.1
wh3_main_weapon_abilities_the_tenderiser,stat_melee_damage_ap,1.5000,mult,data/unit_stats/source_exports/db/special_ability_phase_stat_effects_tables/data__.tsv,2613,9.0.1
wh3_main_weapon_abilities_the_tenderiser,stat_melee_damage_base,1.5000,mult,data/unit_stats/source_exports/db/special_ability_phase_stat_effects_tables/data__.tsv,2614,9.0.1
wh3_main_weapon_abilities_torment_blade,stat_melee_attack,-24.0000,add,data/unit_stats/source_exports/db/special_ability_phase_stat_effects_tables/data__.tsv,2615,9.0.1
wh3_main_weapon_abilities_torment_blade,stat_melee_damage_ap,0.7500,mult,data/unit_stats/source_exports/db/special_ability_phase_stat_effects_tables/data__.tsv,2616,9.0.1
wh3_main_weapon_abilities_torment_blade,stat_melee_damage_base,0.7500,mult,data/unit_stats/source_exports/db/special_ability_phase_stat_effects_tables/data__.tsv,2617,9.0.1
wh3_main_weapon_abilities_witstealer_sword,stat_melee_damage_ap,2.0000,mult,data/unit_stats/source_exports/db/special_ability_phase_stat_effects_tables/data__.tsv,2618,9.0.1
wh3_main_weapon_abilities_witstealer_sword,stat_melee_damage_base,2.0000,mult,data/unit_stats/source_exports/db/special_ability_phase_stat_effects_tables/data__.tsv,2619,9.0.1
wh3_main_weapon_passive_blade_of_shadows,stat_melee_attack,20.0000,add,data/unit_stats/source_exports/db/special_ability_phase_stat_effects_tables/data__.tsv,2620,9.0.1
wh3_main_weapon_passive_blade_of_shadows,stat_melee_damage_ap,1.5000,mult,data/unit_stats/source_exports/db/special_ability_phase_stat_effects_tables/data__.tsv,2621,9.0.1
wh3_main_weapon_passive_blade_of_shadows,stat_melee_damage_base,1.5000,mult,data/unit_stats/source_exports/db/special_ability_phase_stat_effects_tables/data__.tsv,2622,9.0.1
wh3_main_weapon_passive_brazier_mace_of_ursun,stat_melee_damage_ap,1.5000,mult,data/unit_stats/source_exports/db/special_ability_phase_stat_effects_tables/data__.tsv,2623,9.0.1
wh3_main_weapon_passive_brazier_mace_of_ursun,stat_melee_damage_base,1.5000,mult,data/unit_stats/source_exports/db/special_ability_phase_stat_effects_tables/data__.tsv,2624,9.0.1
wh3_main_weapon_passive_chainsword,stat_melee_damage_ap,4.0000,mult,data/unit_stats/source_exports/db/special_ability_phase_stat_effects_tables/data__.tsv,2625,9.0.1
wh3_main_weapon_passive_chainsword,stat_melee_damage_base,4.0000,mult,data/unit_stats/source_exports/db/special_ability_phase_stat_effects_tables/data__.tsv,2626,9.0.1
wh3_main_weapon_passive_dawn_glaive,scalar_speed,0.9000,mult,data/unit_stats/source_exports/db/special_ability_phase_stat_effects_tables/data__.tsv,2627,9.0.1
wh3_main_weapon_passive_dawn_glaive,stat_melee_attack,-5.0000,add,data/unit_stats/source_exports/db/special_ability_phase_stat_effects_tables/data__.tsv,2628,9.0.1
wh3_main_weapon_passive_dawn_glaive,stat_melee_defence,-5.0000,add,data/unit_stats/source_exports/db/special_ability_phase_stat_effects_tables/data__.tsv,2629,9.0.1
wh3_main_weapon_passive_wand_of_whimsey,stat_melee_attack,12.0000,add,data/unit_stats/source_exports/db/special_ability_phase_stat_effects_tables/data__.tsv,2630,9.0.1
wh3_main_weapon_passive_wand_of_whimsey,stat_melee_damage_base,1.1200,mult,data/unit_stats/source_exports/db/special_ability_phase_stat_effects_tables/data__.tsv,2631,9.0.1
wh3_pro10_army_abilities_shard_of_tzeentch,scalar_spell_mastery,1.1500,mult,data/unit_stats/source_exports/db/special_ability_phase_stat_effects_tables/data__.tsv,2632,9.0.1
wh3_pro11_hero_passive_bane_of_the_dead,stat_morale,-4.0000,add,data/unit_stats/source_exports/db/special_ability_phase_stat_effects_tables/data__.tsv,2633,9.0.1
wh3_pro11_item_passive_bane_shield_enemy,stat_melee_damage_ap,0.9000,mult,data/unit_stats/source_exports/db/special_ability_phase_stat_effects_tables/data__.tsv,2634,9.0.1
wh3_pro11_item_passive_bane_shield_enemy,stat_melee_damage_base,0.9000,mult,data/unit_stats/source_exports/db/special_ability_phase_stat_effects_tables/data__.tsv,2635,9.0.1
wh3_pro11_item_passive_bane_shield_self,stat_melee_defence,10.0000,add,data/unit_stats/source_exports/db/special_ability_phase_stat_effects_tables/data__.tsv,2636,9.0.1
wh3_pro12_hero_passive_talon_of_the_skull_throne,stat_melee_attack,40.0000,add,data/unit_stats/source_exports/db/special_ability_phase_stat_effects_tables/data__.tsv,2637,9.0.1
wh3_pro12_hero_passive_talon_of_the_skull_throne,stat_melee_damage_ap,1.5000,mult,data/unit_stats/source_exports/db/special_ability_phase_stat_effects_tables/data__.tsv,2638,9.0.1
wh3_pro12_hero_passive_talon_of_the_skull_throne,stat_melee_damage_base,1.5000,mult,data/unit_stats/source_exports/db/special_ability_phase_stat_effects_tables/data__.tsv,2639,9.0.1
wh3_pro12_unit_contact_wounded_prey,stat_melee_defence,-5.0000,add,data/unit_stats/source_exports/db/special_ability_phase_stat_effects_tables/data__.tsv,2640,9.0.1
wh3_supplies_armour_upgrade_01,stat_armour,10.0000,add,data/unit_stats/source_exports/db/special_ability_phase_stat_effects_tables/data__.tsv,2641,9.0.1
wh3_supplies_armour_upgrade_02,stat_armour,20.0000,add,data/unit_stats/source_exports/db/special_ability_phase_stat_effects_tables/data__.tsv,2642,9.0.1
wh3_supplies_armour_upgrade_02,stat_resistance_all,5.0000,add,data/unit_stats/source_exports/db/special_ability_phase_stat_effects_tables/data__.tsv,2643,9.0.1
wh3_supplies_armour_upgrade_03,stat_armour,30.0000,add,data/unit_stats/source_exports/db/special_ability_phase_stat_effects_tables/data__.tsv,2644,9.0.1
wh3_supplies_armour_upgrade_03,stat_resistance_all,10.0000,add,data/unit_stats/source_exports/db/special_ability_phase_stat_effects_tables/data__.tsv,2645,9.0.1
wh3_supplies_missiles_upgrade_01,scalar_missile_damage_ap,1.1500,mult,data/unit_stats/source_exports/db/special_ability_phase_stat_effects_tables/data__.tsv,2646,9.0.1
wh3_supplies_missiles_upgrade_01,scalar_missile_damage_base,1.1500,mult,data/unit_stats/source_exports/db/special_ability_phase_stat_effects_tables/data__.tsv,2647,9.0.1
wh3_supplies_missiles_upgrade_02,scalar_missile_damage_ap,1.2000,mult,data/unit_stats/source_exports/db/special_ability_phase_stat_effects_tables/data__.tsv,2648,9.0.1
wh3_supplies_missiles_upgrade_02,scalar_missile_damage_base,1.2000,mult,data/unit_stats/source_exports/db/special_ability_phase_stat_effects_tables/data__.tsv,2649,9.0.1
wh3_supplies_missiles_upgrade_02,scalar_missile_range,1.1000,mult,data/unit_stats/source_exports/db/special_ability_phase_stat_effects_tables/data__.tsv,2650,9.0.1
wh3_supplies_missiles_upgrade_03,scalar_missile_damage_ap,1.2500,mult,data/unit_stats/source_exports/db/special_ability_phase_stat_effects_tables/data__.tsv,2651,9.0.1
wh3_supplies_missiles_upgrade_03,scalar_missile_damage_base,1.2500,mult,data/unit_stats/source_exports/db/special_ability_phase_stat_effects_tables/data__.tsv,2652,9.0.1
wh3_supplies_missiles_upgrade_03,scalar_missile_range,1.2000,mult,data/unit_stats/source_exports/db/special_ability_phase_stat_effects_tables/data__.tsv,2653,9.0.1
wh3_supplies_shields_upgrade_01,stat_missile_block_chance,20.0000,add,data/unit_stats/source_exports/db/special_ability_phase_stat_effects_tables/data__.tsv,2654,9.0.1
wh3_supplies_shields_upgrade_02,stat_missile_block_chance,35.0000,add,data/unit_stats/source_exports/db/special_ability_phase_stat_effects_tables/data__.tsv,2655,9.0.1
wh3_supplies_shields_upgrade_02,stat_resistance_missile,10.0000,add,data/unit_stats/source_exports/db/special_ability_phase_stat_effects_tables/data__.tsv,2656,9.0.1
wh3_supplies_shields_upgrade_03,stat_missile_block_chance,50.0000,add,data/unit_stats/source_exports/db/special_ability_phase_stat_effects_tables/data__.tsv,2657,9.0.1
wh3_supplies_shields_upgrade_03,stat_resistance_missile,20.0000,add,data/unit_stats/source_exports/db/special_ability_phase_stat_effects_tables/data__.tsv,2658,9.0.1
wh3_supplies_weapons_upgrade_01,stat_melee_damage_ap,1.2000,mult,data/unit_stats/source_exports/db/special_ability_phase_stat_effects_tables/data__.tsv,2659,9.0.1
wh3_supplies_weapons_upgrade_01,stat_melee_damage_base,1.2000,mult,data/unit_stats/source_exports/db/special_ability_phase_stat_effects_tables/data__.tsv,2660,9.0.1
wh3_supplies_weapons_upgrade_02,stat_melee_attack,1.1500,mult,data/unit_stats/source_exports/db/special_ability_phase_stat_effects_tables/data__.tsv,2661,9.0.1
wh3_supplies_weapons_upgrade_02,stat_melee_damage_ap,1.3000,mult,data/unit_stats/source_exports/db/special_ability_phase_stat_effects_tables/data__.tsv,2662,9.0.1
wh3_supplies_weapons_upgrade_02,stat_melee_damage_base,1.3000,mult,data/unit_stats/source_exports/db/special_ability_phase_stat_effects_tables/data__.tsv,2663,9.0.1
wh3_supplies_weapons_upgrade_03,stat_melee_attack,1.3000,mult,data/unit_stats/source_exports/db/special_ability_phase_stat_effects_tables/data__.tsv,2664,9.0.1
wh3_supplies_weapons_upgrade_03,stat_melee_damage_ap,1.4000,mult,data/unit_stats/source_exports/db/special_ability_phase_stat_effects_tables/data__.tsv,2665,9.0.1
wh3_supplies_weapons_upgrade_03,stat_melee_damage_base,1.4000,mult,data/unit_stats/source_exports/db/special_ability_phase_stat_effects_tables/data__.tsv,2666,9.0.1
wh3_survival_forge_1_face_of_the_forge,stat_armour,0.7500,mult,data/unit_stats/source_exports/db/special_ability_phase_stat_effects_tables/data__.tsv,2667,9.0.1
wh3_survival_forge_1_face_of_the_forge,stat_morale,-10.0000,add,data/unit_stats/source_exports/db/special_ability_phase_stat_effects_tables/data__.tsv,2668,9.0.1
wh3_survival_forge_3_depths_of_the_forge,stat_resistance_all,-15.0000,add,data/unit_stats/source_exports/db/special_ability_phase_stat_effects_tables/data__.tsv,2669,9.0.1
wh3_survival_khorne_1_ruin,stat_armour,0.8000,mult,data/unit_stats/source_exports/db/special_ability_phase_stat_effects_tables/data__.tsv,2670,9.0.1
wh3_survival_khorne_1_ruin,stat_melee_defence,0.9000,mult,data/unit_stats/source_exports/db/special_ability_phase_stat_effects_tables/data__.tsv,2671,9.0.1
wh3_survival_khorne_2_blood,stat_melee_attack,0.9000,mult,data/unit_stats/source_exports/db/special_ability_phase_stat_effects_tables/data__.tsv,2672,9.0.1
wh3_survival_khorne_3_torment,stat_melee_attack,0.9000,mult,data/unit_stats/source_exports/db/special_ability_phase_stat_effects_tables/data__.tsv,2673,9.0.1
wh3_survival_khorne_3_torment,stat_morale,-10.0000,add,data/unit_stats/source_exports/db/special_ability_phase_stat_effects_tables/data__.tsv,2674,9.0.1
wh3_survival_nurgle_1_garden,stat_melee_attack,0.9000,mult,data/unit_stats/source_exports/db/special_ability_phase_stat_effects_tables/data__.tsv,2675,9.0.1
wh3_survival_nurgle_1_garden,stat_melee_defence,0.9000,mult,data/unit_stats/source_exports/db/special_ability_phase_stat_effects_tables/data__.tsv,2676,9.0.1
wh3_survival_nurgle_1_garden,stat_resistance_magic,-15.0000,add,data/unit_stats/source_exports/db/special_ability_phase_stat_effects_tables/data__.tsv,2677,9.0.1
wh3_survival_nurgle_2_swamp,scalar_speed,0.9000,mult,data/unit_stats/source_exports/db/special_ability_phase_stat_effects_tables/data__.tsv,2678,9.0.1
wh3_survival_nurgle_2_swamp,stat_charge_bonus,0.9000,mult,data/unit_stats/source_exports/db/special_ability_phase_stat_effects_tables/data__.tsv,2679,9.0.1
wh3_survival_nurgle_3_thorns,stat_armour,0.8000,mult,data/unit_stats/source_exports/db/special_ability_phase_stat_effects_tables/data__.tsv,2680,9.0.1
wh3_survival_slaanesh_1_vainglory,stat_accuracy,0.8000,mult,data/unit_stats/source_exports/db/special_ability_phase_stat_effects_tables/data__.tsv,2681,9.0.1
wh3_survival_slaanesh_1_vainglory,stat_charge_bonus,0.9000,mult,data/unit_stats/source_exports/db/special_ability_phase_stat_effects_tables/data__.tsv,2682,9.0.1
wh3_survival_slaanesh_1_vainglory,stat_melee_attack,0.9000,mult,data/unit_stats/source_exports/db/special_ability_phase_stat_effects_tables/data__.tsv,2683,9.0.1
wh3_survival_slaanesh_2_joy,scalar_missile_damage_base,0.9000,mult,data/unit_stats/source_exports/db/special_ability_phase_stat_effects_tables/data__.tsv,2684,9.0.1
wh3_survival_slaanesh_2_joy,stat_melee_damage_base,0.9000,mult,data/unit_stats/source_exports/db/special_ability_phase_stat_effects_tables/data__.tsv,2685,9.0.1
wh3_survival_slaanesh_2_joy,stat_melee_defence,0.9000,mult,data/unit_stats/source_exports/db/special_ability_phase_stat_effects_tables/data__.tsv,2686,9.0.1
wh3_survival_slaanesh_3_indolency,stat_melee_attack,0.9000,mult,data/unit_stats/source_exports/db/special_ability_phase_stat_effects_tables/data__.tsv,2687,9.0.1
wh3_survival_slaanesh_3_indolency,stat_melee_defence,0.9000,mult,data/unit_stats/source_exports/db/special_ability_phase_stat_effects_tables/data__.tsv,2688,9.0.1
wh3_survival_tzeentch_1_fires,stat_resistance_flame,-15.0000,add,data/unit_stats/source_exports/db/special_ability_phase_stat_effects_tables/data__.tsv,2689,9.0.1
wh3_survival_tzeentch_1_fires,stat_resistance_magic,-15.0000,add,data/unit_stats/source_exports/db/special_ability_phase_stat_effects_tables/data__.tsv,2690,9.0.1
wh3_survival_tzeentch_2_crystals,scalar_speed,0.9000,mult,data/unit_stats/source_exports/db/special_ability_phase_stat_effects_tables/data__.tsv,2691,9.0.1
wh3_survival_tzeentch_2_crystals,stat_melee_defence,0.9000,mult,data/unit_stats/source_exports/db/special_ability_phase_stat_effects_tables/data__.tsv,2692,9.0.1
wh3_survival_tzeentch_3_time,scalar_miscast_chance,1.5000,mult,data/unit_stats/source_exports/db/special_ability_phase_stat_effects_tables/data__.tsv,2693,9.0.1
wh3_twa06_unit_passive_adaptive_tactics,stat_melee_attack,5.0000,add,data/unit_stats/source_exports/db/special_ability_phase_stat_effects_tables/data__.tsv,2694,9.0.1
wh3_twa06_unit_passive_adaptive_tactics,stat_melee_defence,10.0000,add,data/unit_stats/source_exports/db/special_ability_phase_stat_effects_tables/data__.tsv,2695,9.0.1
wh3_twa06_unit_passive_gloom_of_flies,stat_melee_defence,9.0000,add,data/unit_stats/source_exports/db/special_ability_phase_stat_effects_tables/data__.tsv,2696,9.0.1
wh3_twa06_unit_passive_hungering_blades,stat_melee_attack,5.0000,add,data/unit_stats/source_exports/db/special_ability_phase_stat_effects_tables/data__.tsv,2697,9.0.1
wh3_twa06_unit_passive_hungering_blades,stat_melee_damage_ap,1.2000,mult,data/unit_stats/source_exports/db/special_ability_phase_stat_effects_tables/data__.tsv,2698,9.0.1
wh3_twa06_unit_passive_hungering_blades,stat_melee_damage_base,1.2000,mult,data/unit_stats/source_exports/db/special_ability_phase_stat_effects_tables/data__.tsv,2699,9.0.1
wh3_twa07_unit_passive_mantle_of_immolation,stat_melee_defence,-5.0000,add,data/unit_stats/source_exports/db/special_ability_phase_stat_effects_tables/data__.tsv,2700,9.0.1
wh3_twa07_unit_passive_mantle_of_immolation,stat_weakness_flame,-20.0000,add,data/unit_stats/source_exports/db/special_ability_phase_stat_effects_tables/data__.tsv,2701,9.0.1
wh3_twa07_unit_passive_obsessive_adoration,stat_melee_attack,14.0000,add,data/unit_stats/source_exports/db/special_ability_phase_stat_effects_tables/data__.tsv,2702,9.0.1
wh3_twa07_unit_passive_obsessive_adoration,stat_melee_damage_ap,1.2000,mult,data/unit_stats/source_exports/db/special_ability_phase_stat_effects_tables/data__.tsv,2703,9.0.1
wh3_twa07_unit_passive_obsessive_adoration,stat_melee_damage_base,1.2000,mult,data/unit_stats/source_exports/db/special_ability_phase_stat_effects_tables/data__.tsv,2704,9.0.1
wh3_twa07_unit_passive_wasting_sickness,stat_mass,0.7500,mult,data/unit_stats/source_exports/db/special_ability_phase_stat_effects_tables/data__.tsv,2705,9.0.1
wh3_twa07_unit_passive_wasting_sickness,stat_melee_damage_ap,0.9000,mult,data/unit_stats/source_exports/db/special_ability_phase_stat_effects_tables/data__.tsv,2706,9.0.1
wh3_twa07_unit_passive_wasting_sickness,stat_melee_damage_base,0.9000,mult,data/unit_stats/source_exports/db/special_ability_phase_stat_effects_tables/data__.tsv,2707,9.0.1
wh3_twa08_unit_abilities_glacial_defence,scalar_speed,0.7500,mult,data/unit_stats/source_exports/db/special_ability_phase_stat_effects_tables/data__.tsv,2708,9.0.1
wh3_twa08_unit_abilities_glacial_defence,stat_armour,60.0000,add,data/unit_stats/source_exports/db/special_ability_phase_stat_effects_tables/data__.tsv,2709,9.0.1
wh3_twa08_unit_abilities_glacial_defence,stat_resistance_missile,20.0000,add,data/unit_stats/source_exports/db/special_ability_phase_stat_effects_tables/data__.tsv,2710,9.0.1
wh3_twa08_unit_passive_goreshell,stat_resistance_all,10.0000,add,data/unit_stats/source_exports/db/special_ability_phase_stat_effects_tables/data__.tsv,2711,9.0.1
wh3_twa10_unit_passive_blisterback,stat_damage_reflection,10.0000,add,data/unit_stats/source_exports/db/special_ability_phase_stat_effects_tables/data__.tsv,2712,9.0.1
wh3_twa10_unit_passive_blisterback,stat_morale,8.0000,add,data/unit_stats/source_exports/db/special_ability_phase_stat_effects_tables/data__.tsv,2713,9.0.1
wh_dlc01_banner_passive_blasted_standard,stat_missile_block_chance,12.0000,add,data/unit_stats/source_exports/db/special_ability_phase_stat_effects_tables/data__.tsv,2714,9.0.1
wh_dlc01_item_passive_helm_of_many_eyes,stat_melee_defence,54.0000,add,data/unit_stats/source_exports/db/special_ability_phase_stat_effects_tables/data__.tsv,2715,9.0.1
wh_dlc01_item_passive_the_crown_of_domination,stat_morale,4.0000,add,data/unit_stats/source_exports/db/special_ability_phase_stat_effects_tables/data__.tsv,2716,9.0.1
wh_dlc01_weapon_abilities_starcrusher,scalar_splash_attack_power,1.5000,mult,data/unit_stats/source_exports/db/special_ability_phase_stat_effects_tables/data__.tsv,2717,9.0.1
wh_dlc01_weapon_abilities_starcrusher,stat_melee_damage_ap,1.5000,mult,data/unit_stats/source_exports/db/special_ability_phase_stat_effects_tables/data__.tsv,2718,9.0.1
wh_dlc01_weapon_abilities_starcrusher,stat_melee_damage_base,1.5000,mult,data/unit_stats/source_exports/db/special_ability_phase_stat_effects_tables/data__.tsv,2719,9.0.1
wh_dlc01_weapon_abilities_the_slayer_of_kings,scalar_splash_attack_power,1.5000,mult,data/unit_stats/source_exports/db/special_ability_phase_stat_effects_tables/data__.tsv,2720,9.0.1
wh_dlc01_weapon_abilities_the_slayer_of_kings,stat_melee_damage_ap,1.7500,mult,data/unit_stats/source_exports/db/special_ability_phase_stat_effects_tables/data__.tsv,2721,9.0.1
wh_dlc01_weapon_abilities_the_slayer_of_kings,stat_melee_damage_base,1.7500,mult,data/unit_stats/source_exports/db/special_ability_phase_stat_effects_tables/data__.tsv,2722,9.0.1
wh_dlc02_unit_passive_the_flag_of_blood_keep,stat_resistance_missile,20.0000,add,data/unit_stats/source_exports/db/special_ability_phase_stat_effects_tables/data__.tsv,2723,9.0.1
wh_dlc03_banner_passive_manbane_standard,stat_morale,-4.0000,add,data/unit_stats/source_exports/db/special_ability_phase_stat_effects_tables/data__.tsv,2724,9.0.1
wh_dlc03_banner_passive_totem_of_rust,stat_armour,-7.0000,add,data/unit_stats/source_exports/db/special_ability_phase_stat_effects_tables/data__.tsv,2725,9.0.1
wh_dlc03_character_abilities_apocalyptic_vision,stat_melee_attack,24.0000,add,data/unit_stats/source_exports/db/special_ability_phase_stat_effects_tables/data__.tsv,2726,9.0.1
wh_dlc03_character_abilities_apocalyptic_vision,stat_morale,16.0000,add,data/unit_stats/source_exports/db/special_ability_phase_stat_effects_tables/data__.tsv,2727,9.0.1
wh_dlc03_character_abilities_call_of_violence,stat_morale,16.0000,add,data/unit_stats/source_exports/db/special_ability_phase_stat_effects_tables/data__.tsv,2728,9.0.1
wh_dlc03_hero_passive_something_wicked_this_way_comes,stat_morale,-4.0000,add,data/unit_stats/source_exports/db/special_ability_phase_stat_effects_tables/data__.tsv,2729,9.0.1
wh_dlc03_hero_passive_strength_of_the_land_iii,stat_armour,23.0000,add,data/unit_stats/source_exports/db/special_ability_phase_stat_effects_tables/data__.tsv,2730,9.0.1
wh_dlc03_hero_passive_strength_of_the_land_iii,stat_resistance_missile,5.0000,add,data/unit_stats/source_exports/db/special_ability_phase_stat_effects_tables/data__.tsv,2731,9.0.1
wh_dlc03_hero_passive_strength_of_the_land_ii,stat_armour,15.0000,add,data/unit_stats/source_exports/db/special_ability_phase_stat_effects_tables/data__.tsv,2732,9.0.1
wh_dlc03_hero_passive_strength_of_the_land_i,stat_armour,7.0000,add,data/unit_stats/source_exports/db/special_ability_phase_stat_effects_tables/data__.tsv,2733,9.0.1
wh_dlc03_hero_passive_strength_of_the_land_iv,stat_armour,23.0000,add,data/unit_stats/source_exports/db/special_ability_phase_stat_effects_tables/data__.tsv,2734,9.0.1
wh_dlc03_hero_passive_strength_of_the_land_iv,stat_resistance_missile,10.0000,add,data/unit_stats/source_exports/db/special_ability_phase_stat_effects_tables/data__.tsv,2735,9.0.1
wh_dlc03_hero_passive_the_unrelenting_warherd_iii,stat_melee_attack,15.0000,add,data/unit_stats/source_exports/db/special_ability_phase_stat_effects_tables/data__.tsv,2736,9.0.1
wh_dlc03_hero_passive_the_unrelenting_warherd_ii,stat_melee_attack,12.0000,add,data/unit_stats/source_exports/db/special_ability_phase_stat_effects_tables/data__.tsv,2737,9.0.1
wh_dlc03_hero_passive_the_unrelenting_warherd_i,stat_melee_attack,8.0000,add,data/unit_stats/source_exports/db/special_ability_phase_stat_effects_tables/data__.tsv,2738,9.0.1
wh_dlc03_hero_passive_the_unrelenting_warherd_iv,stat_charge_bonus,1.4000,mult,data/unit_stats/source_exports/db/special_ability_phase_stat_effects_tables/data__.tsv,2739,9.0.1
wh_dlc03_hero_passive_the_unrelenting_warherd_iv,stat_melee_attack,15.0000,add,data/unit_stats/source_exports/db/special_ability_phase_stat_effects_tables/data__.tsv,2740,9.0.1
wh_dlc03_item_abilities_chalice_of_dark_rain,stat_accuracy,-30.0000,add,data/unit_stats/source_exports/db/special_ability_phase_stat_effects_tables/data__.tsv,2741,9.0.1
wh_dlc03_item_abilities_hagtree_fetish,scalar_miscast_chance,0.2500,mult,data/unit_stats/source_exports/db/special_ability_phase_stat_effects_tables/data__.tsv,2742,9.0.1
wh_dlc03_item_abilities_horn_of_the_first_beast,stat_charge_bonus,1.2000,mult,data/unit_stats/source_exports/db/special_ability_phase_stat_effects_tables/data__.tsv,2743,9.0.1
wh_dlc03_item_abilities_horn_of_the_first_beast,stat_melee_attack,24.0000,add,data/unit_stats/source_exports/db/special_ability_phase_stat_effects_tables/data__.tsv,2744,9.0.1
wh_dlc03_item_abilities_horn_of_the_first_beast,stat_morale,8.0000,add,data/unit_stats/source_exports/db/special_ability_phase_stat_effects_tables/data__.tsv,2745,9.0.1
wh_dlc03_item_passive_banner_of_the_fallen_king,stat_melee_damage_ap,1.1200,mult,data/unit_stats/source_exports/db/special_ability_phase_stat_effects_tables/data__.tsv,2746,9.0.1
wh_dlc03_item_passive_banner_of_the_fallen_king,stat_melee_damage_base,1.1200,mult,data/unit_stats/source_exports/db/special_ability_phase_stat_effects_tables/data__.tsv,2747,9.0.1
wh_dlc03_item_passive_blackened_plate,stat_resistance_flame,20.0000,add,data/unit_stats/source_exports/db/special_ability_phase_stat_effects_tables/data__.tsv,2748,9.0.1
wh_dlc03_item_passive_icon_of_vilification,stat_morale,12.0000,add,data/unit_stats/source_exports/db/special_ability_phase_stat_effects_tables/data__.tsv,2749,9.0.1
wh_dlc03_item_passive_the_dark_mail,stat_armour,30.0000,add,data/unit_stats/source_exports/db/special_ability_phase_stat_effects_tables/data__.tsv,2750,9.0.1
wh_dlc03_item_passive_the_dark_mail,stat_resistance_all,20.0000,add,data/unit_stats/source_exports/db/special_ability_phase_stat_effects_tables/data__.tsv,2751,9.0.1
wh_dlc03_item_passive_the_dark_mail,stat_resistance_magic,25.0000,add,data/unit_stats/source_exports/db/special_ability_phase_stat_effects_tables/data__.tsv,2752,9.0.1
wh_dlc03_item_passive_trollhide,stat_weakness_flame,-20.0000,add,data/unit_stats/source_exports/db/special_ability_phase_stat_effects_tables/data__.tsv,2753,9.0.1
wh_dlc03_lord_passive_crush_the_weak,stat_melee_attack,-5.0000,add,data/unit_stats/source_exports/db/special_ability_phase_stat_effects_tables/data__.tsv,2754,9.0.1
wh_dlc03_lord_passive_crush_the_weak,stat_melee_defence,-5.0000,add,data/unit_stats/source_exports/db/special_ability_phase_stat_effects_tables/data__.tsv,2755,9.0.1
wh_dlc03_lord_passive_crush_the_weak,stat_morale,-4.0000,add,data/unit_stats/source_exports/db/special_ability_phase_stat_effects_tables/data__.tsv,2756,9.0.1
wh_dlc03_lore_passive_bestial_surge,stat_charge_bonus,1.1500,mult,data/unit_stats/source_exports/db/special_ability_phase_stat_effects_tables/data__.tsv,2757,9.0.1
wh_dlc03_quest_passive_poisoning,scalar_speed,0.5500,mult,data/unit_stats/source_exports/db/special_ability_phase_stat_effects_tables/data__.tsv,2758,9.0.1
wh_dlc03_spell_beasts_panns_impenetrable_pelt_upgraded,scalar_speed,1.2500,mult,data/unit_stats/source_exports/db/special_ability_phase_stat_effects_tables/data__.tsv,2759,9.0.1
wh_dlc03_spell_beasts_panns_impenetrable_pelt_upgraded,stat_melee_defence,24.0000,add,data/unit_stats/source_exports/db/special_ability_phase_stat_effects_tables/data__.tsv,2760,9.0.1
wh_dlc03_spell_beasts_panns_impenetrable_pelt_upgraded,stat_resistance_physical,20.0000,add,data/unit_stats/source_exports/db/special_ability_phase_stat_effects_tables/data__.tsv,2761,9.0.1
wh_dlc03_spell_beasts_panns_impenetrable_pelt,scalar_speed,1.2500,mult,data/unit_stats/source_exports/db/special_ability_phase_stat_effects_tables/data__.tsv,2762,9.0.1
wh_dlc03_spell_beasts_panns_impenetrable_pelt,stat_melee_defence,24.0000,add,data/unit_stats/source_exports/db/special_ability_phase_stat_effects_tables/data__.tsv,2763,9.0.1
wh_dlc03_spell_beasts_panns_impenetrable_pelt,stat_resistance_physical,20.0000,add,data/unit_stats/source_exports/db/special_ability_phase_stat_effects_tables/data__.tsv,2764,9.0.1
wh_dlc03_spell_beasts_the_curse_of_anraheir,scalar_speed,0.7500,mult,data/unit_stats/source_exports/db/special_ability_phase_stat_effects_tables/data__.tsv,2765,9.0.1
wh_dlc03_spell_beasts_the_curse_of_anraheir,stat_accuracy,-30.0000,add,data/unit_stats/source_exports/db/special_ability_phase_stat_effects_tables/data__.tsv,2766,9.0.1
wh_dlc03_spell_beasts_the_curse_of_anraheir,stat_melee_attack,-24.0000,add,data/unit_stats/source_exports/db/special_ability_phase_stat_effects_tables/data__.tsv,2767,9.0.1
wh_dlc03_spell_beasts_the_curse_of_anraheir,stat_melee_defence,-24.0000,add,data/unit_stats/source_exports/db/special_ability_phase_stat_effects_tables/data__.tsv,2768,9.0.1
wh_dlc03_spell_beasts_wyssans_wildform,stat_armour,30.0000,add,data/unit_stats/source_exports/db/special_ability_phase_stat_effects_tables/data__.tsv,2769,9.0.1
wh_dlc03_spell_beasts_wyssans_wildform,stat_melee_damage_ap,1.2500,mult,data/unit_stats/source_exports/db/special_ability_phase_stat_effects_tables/data__.tsv,2770,9.0.1
wh_dlc03_spell_beasts_wyssans_wildform,stat_melee_damage_base,1.2500,mult,data/unit_stats/source_exports/db/special_ability_phase_stat_effects_tables/data__.tsv,2771,9.0.1
wh_dlc03_spell_wild_devolve_upgraded,scalar_charge_speed,0.7500,mult,data/unit_stats/source_exports/db/special_ability_phase_stat_effects_tables/data__.tsv,2772,9.0.1
wh_dlc03_spell_wild_devolve_upgraded,scalar_speed,0.7500,mult,data/unit_stats/source_exports/db/special_ability_phase_stat_effects_tables/data__.tsv,2773,9.0.1
wh_dlc03_spell_wild_devolve_upgraded,stat_melee_attack,-24.0000,add,data/unit_stats/source_exports/db/special_ability_phase_stat_effects_tables/data__.tsv,2774,9.0.1
wh_dlc03_spell_wild_devolve_upgraded,stat_morale,-8.0000,add,data/unit_stats/source_exports/db/special_ability_phase_stat_effects_tables/data__.tsv,2775,9.0.1
wh_dlc03_spell_wild_devolve,scalar_charge_speed,0.7500,mult,data/unit_stats/source_exports/db/special_ability_phase_stat_effects_tables/data__.tsv,2776,9.0.1
wh_dlc03_spell_wild_devolve,scalar_speed,0.7500,mult,data/unit_stats/source_exports/db/special_ability_phase_stat_effects_tables/data__.tsv,2777,9.0.1
wh_dlc03_spell_wild_devolve,stat_melee_attack,-24.0000,add,data/unit_stats/source_exports/db/special_ability_phase_stat_effects_tables/data__.tsv,2778,9.0.1
wh_dlc03_spell_wild_devolve,stat_morale,-8.0000,add,data/unit_stats/source_exports/db/special_ability_phase_stat_effects_tables/data__.tsv,2779,9.0.1
wh_dlc03_spell_wild_mantle_of_ghorok,stat_armour,-30.0000,add,data/unit_stats/source_exports/db/special_ability_phase_stat_effects_tables/data__.tsv,2780,9.0.1
wh_dlc03_spell_wild_mantle_of_ghorok,stat_melee_attack,40.0000,add,data/unit_stats/source_exports/db/special_ability_phase_stat_effects_tables/data__.tsv,2781,9.0.1
wh_dlc03_spell_wild_mantle_of_ghorok,stat_melee_damage_ap,1.5000,mult,data/unit_stats/source_exports/db/special_ability_phase_stat_effects_tables/data__.tsv,2782,9.0.1
wh_dlc03_spell_wild_mantle_of_ghorok,stat_melee_damage_base,1.5000,mult,data/unit_stats/source_exports/db/special_ability_phase_stat_effects_tables/data__.tsv,2783,9.0.1
wh_dlc03_spell_wild_traitor_kin_upgraded,scalar_speed,0.7500,mult,data/unit_stats/source_exports/db/special_ability_phase_stat_effects_tables/data__.tsv,2784,9.0.1
wh_dlc03_spell_wild_traitor_kin,scalar_speed,0.7500,mult,data/unit_stats/source_exports/db/special_ability_phase_stat_effects_tables/data__.tsv,2785,9.0.1
wh_dlc03_unit_abilities_slaughterers_call,stat_charge_bonus,1.1000,mult,data/unit_stats/source_exports/db/special_ability_phase_stat_effects_tables/data__.tsv,2786,9.0.1
wh_dlc03_unit_abilities_slaughterers_call,stat_melee_attack,8.0000,add,data/unit_stats/source_exports/db/special_ability_phase_stat_effects_tables/data__.tsv,2787,9.0.1
wh_dlc03_unit_abilities_slaughterers_call,stat_morale,8.0000,add,data/unit_stats/source_exports/db/special_ability_phase_stat_effects_tables/data__.tsv,2788,9.0.1
wh_dlc03_unit_passive_bloodgreed,stat_charge_bonus,1.1500,mult,data/unit_stats/source_exports/db/special_ability_phase_stat_effects_tables/data__.tsv,2789,9.0.1
wh_dlc03_unit_passive_bloodgreed,stat_melee_attack,16.0000,add,data/unit_stats/source_exports/db/special_ability_phase_stat_effects_tables/data__.tsv,2790,9.0.1
wh_dlc03_unit_passive_bloodgreed,stat_melee_damage_ap,1.2000,mult,data/unit_stats/source_exports/db/special_ability_phase_stat_effects_tables/data__.tsv,2791,9.0.1
wh_dlc03_unit_passive_drunken,stat_morale,4.0000,add,data/unit_stats/source_exports/db/special_ability_phase_stat_effects_tables/data__.tsv,2792,9.0.1
wh_dlc03_unit_passive_primal_fury,scalar_speed,1.1000,mult,data/unit_stats/source_exports/db/special_ability_phase_stat_effects_tables/data__.tsv,2793,9.0.1
wh_dlc03_unit_passive_primal_fury,stat_charge_bonus,1.1000,mult,data/unit_stats/source_exports/db/special_ability_phase_stat_effects_tables/data__.tsv,2794,9.0.1
wh_dlc03_unit_passive_primal_fury,stat_melee_attack,5.0000,add,data/unit_stats/source_exports/db/special_ability_phase_stat_effects_tables/data__.tsv,2795,9.0.1
wh_dlc03_unit_passive_soul_eater,scalar_miscast_chance,1.5000,mult,data/unit_stats/source_exports/db/special_ability_phase_stat_effects_tables/data__.tsv,2796,9.0.1
wh_dlc03_weapon_abilities_scourge,scalar_splash_attack_power,1.5000,mult,data/unit_stats/source_exports/db/special_ability_phase_stat_effects_tables/data__.tsv,2797,9.0.1
wh_dlc03_weapon_abilities_scourge,stat_bonus_vs_infantry,32.0000,add,data/unit_stats/source_exports/db/special_ability_phase_stat_effects_tables/data__.tsv,2798,9.0.1
wh_dlc03_weapon_abilities_scourge,stat_melee_damage_ap,1.2500,mult,data/unit_stats/source_exports/db/special_ability_phase_stat_effects_tables/data__.tsv,2799,9.0.1
wh_dlc03_weapon_abilities_scourge,stat_melee_damage_base,1.2500,mult,data/unit_stats/source_exports/db/special_ability_phase_stat_effects_tables/data__.tsv,2800,9.0.1
wh_dlc03_weapon_passive_mangelder,stat_morale,-8.0000,add,data/unit_stats/source_exports/db/special_ability_phase_stat_effects_tables/data__.tsv,2801,9.0.1
wh_dlc03_weapon_passive_the_brass_cleaver,stat_melee_attack,8.0000,add,data/unit_stats/source_exports/db/special_ability_phase_stat_effects_tables/data__.tsv,2802,9.0.1
wh_dlc04_hero_passive_divine_power,scalar_miscast_chance,1.5000,mult,data/unit_stats/source_exports/db/special_ability_phase_stat_effects_tables/data__.tsv,2803,9.0.1
wh_dlc04_item_abilities_the_carstein_ring,stat_resistance_all,60.0000,add,data/unit_stats/source_exports/db/special_ability_phase_stat_effects_tables/data__.tsv,2804,9.0.1
wh_dlc04_lord_abilities_beguile,stat_melee_attack,-40.0000,add,data/unit_stats/source_exports/db/special_ability_phase_stat_effects_tables/data__.tsv,2805,9.0.1
wh_dlc04_lord_passive_aura_of_dark_majesty,stat_morale,-4.0000,add,data/unit_stats/source_exports/db/special_ability_phase_stat_effects_tables/data__.tsv,2806,9.0.1
wh_dlc04_spell_bound_hammer_of_sigmar_upgraded,stat_melee_attack,24.0000,add,data/unit_stats/source_exports/db/special_ability_phase_stat_effects_tables/data__.tsv,2807,9.0.1
wh_dlc04_spell_bound_shield_of_faith_upgraded,stat_resistance_all,20.0000,add,data/unit_stats/source_exports/db/special_ability_phase_stat_effects_tables/data__.tsv,2808,9.0.1
wh_dlc04_unit_contact_helmans_blight,scalar_missile_damage_ap,0.8000,mult,data/unit_stats/source_exports/db/special_ability_phase_stat_effects_tables/data__.tsv,2809,9.0.1
wh_dlc04_unit_contact_helmans_blight,scalar_missile_damage_base,0.8000,mult,data/unit_stats/source_exports/db/special_ability_phase_stat_effects_tables/data__.tsv,2810,9.0.1
wh_dlc04_unit_contact_helmans_blight,scalar_speed,0.7000,mult,data/unit_stats/source_exports/db/special_ability_phase_stat_effects_tables/data__.tsv,2811,9.0.1
wh_dlc04_unit_contact_helmans_blight,stat_melee_damage_ap,0.8000,mult,data/unit_stats/source_exports/db/special_ability_phase_stat_effects_tables/data__.tsv,2812,9.0.1
wh_dlc04_unit_contact_helmans_blight,stat_melee_damage_base,0.8000,mult,data/unit_stats/source_exports/db/special_ability_phase_stat_effects_tables/data__.tsv,2813,9.0.1
wh_dlc04_unit_passive_balefire,stat_resistance_flame,20.0000,add,data/unit_stats/source_exports/db/special_ability_phase_stat_effects_tables/data__.tsv,2814,9.0.1
wh_dlc04_unit_passive_chilling_aura,scalar_speed,0.7000,mult,data/unit_stats/source_exports/db/special_ability_phase_stat_effects_tables/data__.tsv,2815,9.0.1
wh_dlc04_unit_passive_strength_of_the_penitent,stat_melee_defence,14.0000,add,data/unit_stats/source_exports/db/special_ability_phase_stat_effects_tables/data__.tsv,2816,9.0.1
wh_dlc04_unit_passive_strength_of_the_penitent,stat_resistance_physical,15.0000,add,data/unit_stats/source_exports/db/special_ability_phase_stat_effects_tables/data__.tsv,2817,9.0.1
wh_dlc04_unit_passive_unholy_lodestone,stat_morale,4.0000,add,data/unit_stats/source_exports/db/special_ability_phase_stat_effects_tables/data__.tsv,2818,9.0.1
wh_dlc04_unit_passive_vigour_mortis,stat_melee_attack,5.0000,add,data/unit_stats/source_exports/db/special_ability_phase_stat_effects_tables/data__.tsv,2819,9.0.1
wh_dlc04_unit_passive_vigour_mortis,stat_melee_defence,5.0000,add,data/unit_stats/source_exports/db/special_ability_phase_stat_effects_tables/data__.tsv,2820,9.0.1
wh_dlc05_banner_passive_banner_of_the_eternal_queen,stat_morale,4.0000,add,data/unit_stats/source_exports/db/special_ability_phase_stat_effects_tables/data__.tsv,2821,9.0.1
wh_dlc05_banner_passive_banner_of_the_eternal_queen,stat_resistance_all,5.0000,add,data/unit_stats/source_exports/db/special_ability_phase_stat_effects_tables/data__.tsv,2822,9.0.1
wh_dlc05_banner_passive_banner_of_the_hunter_king,stat_charge_bonus,1.1000,mult,data/unit_stats/source_exports/db/special_ability_phase_stat_effects_tables/data__.tsv,2823,9.0.1
wh_dlc05_banner_passive_banner_of_the_hunter_king,stat_melee_attack,5.0000,add,data/unit_stats/source_exports/db/special_ability_phase_stat_effects_tables/data__.tsv,2824,9.0.1
wh_dlc05_character_abilities_pray_of_anath_raema,stat_resistance_missile,-20.0000,add,data/unit_stats/source_exports/db/special_ability_phase_stat_effects_tables/data__.tsv,2825,9.0.1
wh_dlc05_hero_passive_blessing_of_the_ancients,scalar_spell_mastery,1.2000,mult,data/unit_stats/source_exports/db/special_ability_phase_stat_effects_tables/data__.tsv,2826,9.0.1
wh_dlc05_hero_passive_hawkish_finesse,stat_reloading,40.0000,add,data/unit_stats/source_exports/db/special_ability_phase_stat_effects_tables/data__.tsv,2827,9.0.1
wh_dlc05_hero_passive_hawkish_precision,scalar_missile_damage_ap,1.1500,mult,data/unit_stats/source_exports/db/special_ability_phase_stat_effects_tables/data__.tsv,2828,9.0.1
wh_dlc05_hero_passive_hawkish_precision,scalar_missile_damage_base,1.1500,mult,data/unit_stats/source_exports/db/special_ability_phase_stat_effects_tables/data__.tsv,2829,9.0.1
wh_dlc05_item_abilities_horn_of_the_wild_hunt,stat_charge_bonus,1.6000,mult,data/unit_stats/source_exports/db/special_ability_phase_stat_effects_tables/data__.tsv,2830,9.0.1
wh_dlc05_item_passive_cloak_of_isha,stat_resistance_all,20.0000,add,data/unit_stats/source_exports/db/special_ability_phase_stat_effects_tables/data__.tsv,2831,9.0.1
wh_dlc05_lord_passive_call_of_the_woods,stat_melee_attack,5.0000,add,data/unit_stats/source_exports/db/special_ability_phase_stat_effects_tables/data__.tsv,2832,9.0.1
wh_dlc05_lord_passive_howl_of_the_forest,stat_melee_attack,8.0000,add,data/unit_stats/source_exports/db/special_ability_phase_stat_effects_tables/data__.tsv,2833,9.0.1
wh_dlc05_lord_passive_sight_beyond_sight,scalar_missile_damage_base,1.1500,mult,data/unit_stats/source_exports/db/special_ability_phase_stat_effects_tables/data__.tsv,2834,9.0.1
wh_dlc05_lord_passive_the_eye_of_kurnous,scalar_missile_damage_base,1.1000,mult,data/unit_stats/source_exports/db/special_ability_phase_stat_effects_tables/data__.tsv,2835,9.0.1
wh_dlc05_lore_passive_smoke_and_mirrors,scalar_charge_speed,1.1000,mult,data/unit_stats/source_exports/db/special_ability_phase_stat_effects_tables/data__.tsv,2836,9.0.1
wh_dlc05_lore_passive_smoke_and_mirrors,scalar_entity_turn_speed_modifier,1.1000,mult,data/unit_stats/source_exports/db/special_ability_phase_stat_effects_tables/data__.tsv,2837,9.0.1
wh_dlc05_lore_passive_smoke_and_mirrors,scalar_speed,1.1000,mult,data/unit_stats/source_exports/db/special_ability_phase_stat_effects_tables/data__.tsv,2838,9.0.1
wh_dlc05_quest_passive_aura_of_transmutation,stat_resistance_all,90.0000,add,data/unit_stats/source_exports/db/special_ability_phase_stat_effects_tables/data__.tsv,2839,9.0.1
wh_dlc05_spell_life_awakening_of_the_wood,scalar_speed,0.5500,mult,data/unit_stats/source_exports/db/special_ability_phase_stat_effects_tables/data__.tsv,2840,9.0.1
wh_dlc05_spell_life_flesh_to_stone_upgraded,stat_resistance_physical,60.0000,add,data/unit_stats/source_exports/db/special_ability_phase_stat_effects_tables/data__.tsv,2841,9.0.1
wh_dlc05_spell_life_flesh_to_stone,stat_resistance_physical,60.0000,add,data/unit_stats/source_exports/db/special_ability_phase_stat_effects_tables/data__.tsv,2842,9.0.1
wh_dlc05_spell_life_shield_of_thorns_upgraded,stat_damage_reflection,32.0000,add,data/unit_stats/source_exports/db/special_ability_phase_stat_effects_tables/data__.tsv,2843,9.0.1
wh_dlc05_spell_life_shield_of_thorns,stat_damage_reflection,20.0000,add,data/unit_stats/source_exports/db/special_ability_phase_stat_effects_tables/data__.tsv,2844,9.0.1
wh_dlc05_spell_life_the_dwellers_below_upgraded,scalar_speed,0.5000,mult,data/unit_stats/source_exports/db/special_ability_phase_stat_effects_tables/data__.tsv,2845,9.0.1
wh_dlc05_spell_life_the_dwellers_below,scalar_speed,0.7500,mult,data/unit_stats/source_exports/db/special_ability_phase_stat_effects_tables/data__.tsv,2846,9.0.1
wh_dlc05_spell_shadow_melkoths_mystifying_miasma_upgraded,scalar_speed,0.7500,mult,data/unit_stats/source_exports/db/special_ability_phase_stat_effects_tables/data__.tsv,2847,9.0.1
wh_dlc05_spell_shadow_melkoths_mystifying_miasma,scalar_speed,0.7500,mult,data/unit_stats/source_exports/db/special_ability_phase_stat_effects_tables/data__.tsv,2848,9.0.1
wh_dlc05_spell_shadow_okkams_mindrazor_upgraded,stat_melee_damage_ap,1.5000,mult,data/unit_stats/source_exports/db/special_ability_phase_stat_effects_tables/data__.tsv,2849,9.0.1
wh_dlc05_spell_shadow_okkams_mindrazor_upgraded,stat_melee_damage_base,1.5000,mult,data/unit_stats/source_exports/db/special_ability_phase_stat_effects_tables/data__.tsv,2850,9.0.1
wh_dlc05_spell_shadow_okkams_mindrazor,stat_melee_damage_ap,1.5000,mult,data/unit_stats/source_exports/db/special_ability_phase_stat_effects_tables/data__.tsv,2851,9.0.1
wh_dlc05_spell_shadow_okkams_mindrazor,stat_melee_damage_base,1.5000,mult,data/unit_stats/source_exports/db/special_ability_phase_stat_effects_tables/data__.tsv,2852,9.0.1
wh_dlc05_spell_shadow_the_enfeebling_foe_upgraded,stat_melee_attack,-24.0000,add,data/unit_stats/source_exports/db/special_ability_phase_stat_effects_tables/data__.tsv,2853,9.0.1
wh_dlc05_spell_shadow_the_enfeebling_foe_upgraded,stat_melee_defence,-24.0000,add,data/unit_stats/source_exports/db/special_ability_phase_stat_effects_tables/data__.tsv,2854,9.0.1
wh_dlc05_spell_shadow_the_enfeebling_foe,stat_melee_attack,-24.0000,add,data/unit_stats/source_exports/db/special_ability_phase_stat_effects_tables/data__.tsv,2855,9.0.1
wh_dlc05_spell_shadow_the_enfeebling_foe,stat_melee_defence,-24.0000,add,data/unit_stats/source_exports/db/special_ability_phase_stat_effects_tables/data__.tsv,2856,9.0.1
wh_dlc05_spell_shadow_the_withering_upgraded,stat_armour,-30.0000,add,data/unit_stats/source_exports/db/special_ability_phase_stat_effects_tables/data__.tsv,2857,9.0.1
wh_dlc05_spell_shadow_the_withering_upgraded,stat_morale,-8.0000,add,data/unit_stats/source_exports/db/special_ability_phase_stat_effects_tables/data__.tsv,2858,9.0.1
wh_dlc05_spell_shadow_the_withering,stat_armour,-30.0000,add,data/unit_stats/source_exports/db/special_ability_phase_stat_effects_tables/data__.tsv,2859,9.0.1
wh_dlc05_spell_shadow_the_withering,stat_morale,-8.0000,add,data/unit_stats/source_exports/db/special_ability_phase_stat_effects_tables/data__.tsv,2860,9.0.1
wh_dlc05_unit_abilities_storm_of_blades,stat_melee_attack,24.0000,add,data/unit_stats/source_exports/db/special_ability_phase_stat_effects_tables/data__.tsv,2861,9.0.1
wh_dlc05_unit_abilities_storm_of_blades,stat_melee_defence,-24.0000,add,data/unit_stats/source_exports/db/special_ability_phase_stat_effects_tables/data__.tsv,2862,9.0.1
wh_dlc05_unit_abilities_the_shadows_coil,stat_melee_attack,-24.0000,add,data/unit_stats/source_exports/db/special_ability_phase_stat_effects_tables/data__.tsv,2863,9.0.1
wh_dlc05_unit_abilities_the_shadows_coil,stat_melee_defence,24.0000,add,data/unit_stats/source_exports/db/special_ability_phase_stat_effects_tables/data__.tsv,2864,9.0.1
wh_dlc05_unit_abilities_woven_mist,stat_melee_defence,-24.0000,add,data/unit_stats/source_exports/db/special_ability_phase_stat_effects_tables/data__.tsv,2865,9.0.1
wh_dlc05_unit_abilities_woven_mist,stat_resistance_missile,40.0000,add,data/unit_stats/source_exports/db/special_ability_phase_stat_effects_tables/data__.tsv,2866,9.0.1
wh_dlc05_unit_passive_guardians_of_the_wildwood,stat_melee_attack,10.0000,add,data/unit_stats/source_exports/db/special_ability_phase_stat_effects_tables/data__.tsv,2867,9.0.1
wh_dlc05_unit_passive_guardians_of_the_wildwood,stat_melee_damage_ap,1.2500,mult,data/unit_stats/source_exports/db/special_ability_phase_stat_effects_tables/data__.tsv,2868,9.0.1
wh_dlc05_unit_passive_guardians_of_the_wildwood,stat_melee_damage_base,1.2500,mult,data/unit_stats/source_exports/db/special_ability_phase_stat_effects_tables/data__.tsv,2869,9.0.1
wh_dlc05_weapon_abilities_daiths_sword,stat_armour,-30.0000,add,data/unit_stats/source_exports/db/special_ability_phase_stat_effects_tables/data__.tsv,2870,9.0.1
wh_dlc05_weapon_abilities_el_syf,scalar_speed,0.5500,mult,data/unit_stats/source_exports/db/special_ability_phase_stat_effects_tables/data__.tsv,2871,9.0.1
wh_dlc05_weapon_abilities_el_syf,stat_melee_defence,-40.0000,add,data/unit_stats/source_exports/db/special_ability_phase_stat_effects_tables/data__.tsv,2872,9.0.1
wh_dlc05_weapon_abilities_el_syf,stat_resistance_physical,-20.0000,add,data/unit_stats/source_exports/db/special_ability_phase_stat_effects_tables/data__.tsv,2873,9.0.1
wh_dlc06_lord_abilities_mighty_oath_stone,stat_melee_defence,24.0000,add,data/unit_stats/source_exports/db/special_ability_phase_stat_effects_tables/data__.tsv,2874,9.0.1
wh_dlc06_lord_abilities_revenge_incarnate,stat_melee_attack,40.0000,add,data/unit_stats/source_exports/db/special_ability_phase_stat_effects_tables/data__.tsv,2875,9.0.1
wh_dlc06_lord_abilities_revenge_incarnate,stat_melee_damage_base,1.6000,mult,data/unit_stats/source_exports/db/special_ability_phase_stat_effects_tables/data__.tsv,2876,9.0.1
wh_dlc06_lord_abilities_spite_of_da_bad_moon,stat_bonus_vs_large,16.0000,add,data/unit_stats/source_exports/db/special_ability_phase_stat_effects_tables/data__.tsv,2877,9.0.1
wh_dlc06_lord_abilities_spite_of_da_bad_moon,stat_melee_damage_ap,1.2500,mult,data/unit_stats/source_exports/db/special_ability_phase_stat_effects_tables/data__.tsv,2878,9.0.1
wh_dlc06_lord_abilities_spite_of_da_bad_moon,stat_melee_damage_base,1.2500,mult,data/unit_stats/source_exports/db/special_ability_phase_stat_effects_tables/data__.tsv,2879,9.0.1
wh_dlc06_lord_abilities_tricksy_traps,scalar_speed,1.2500,mult,data/unit_stats/source_exports/db/special_ability_phase_stat_effects_tables/data__.tsv,2880,9.0.1
wh_dlc06_lord_passive_warpaint_of_wurrzag,stat_resistance_physical,10.0000,add,data/unit_stats/source_exports/db/special_ability_phase_stat_effects_tables/data__.tsv,2881,9.0.1
wh_dlc06_lord_passive_wurrzags_revenge,scalar_miscast_chance,2.0000,mult,data/unit_stats/source_exports/db/special_ability_phase_stat_effects_tables/data__.tsv,2882,9.0.1
wh_dlc06_quest_abilities_grand_faiths_bastion,stat_resistance_all,90.0000,add,data/unit_stats/source_exports/db/special_ability_phase_stat_effects_tables/data__.tsv,2883,9.0.1
wh_dlc06_quest_passive_inquisitor_of_sigmar,scalar_speed,1.4500,mult,data/unit_stats/source_exports/db/special_ability_phase_stat_effects_tables/data__.tsv,2884,9.0.1
wh_dlc06_quest_passive_inquisitor_of_sigmar,stat_reloading,40.0000,add,data/unit_stats/source_exports/db/special_ability_phase_stat_effects_tables/data__.tsv,2885,9.0.1
wh_dlc06_rune_abilities_master_rune_of_negation,stat_resistance_all,40.0000,add,data/unit_stats/source_exports/db/special_ability_phase_stat_effects_tables/data__.tsv,2886,9.0.1
wh_dlc06_rune_abilities_master_rune_of_oath_and_steel,stat_armour,60.0000,add,data/unit_stats/source_exports/db/special_ability_phase_stat_effects_tables/data__.tsv,2887,9.0.1
wh_dlc06_rune_abilities_master_rune_of_wrath_and_ruin,scalar_charge_speed,0.4000,mult,data/unit_stats/source_exports/db/special_ability_phase_stat_effects_tables/data__.tsv,2888,9.0.1
wh_dlc06_rune_abilities_master_rune_of_wrath_and_ruin,scalar_speed,0.4000,mult,data/unit_stats/source_exports/db/special_ability_phase_stat_effects_tables/data__.tsv,2889,9.0.1
wh_dlc06_rune_passive_master_rune_of_slowness,scalar_charge_speed,0.9000,mult,data/unit_stats/source_exports/db/special_ability_phase_stat_effects_tables/data__.tsv,2890,9.0.1
wh_dlc06_rune_passive_master_rune_of_slowness,scalar_speed,0.9000,mult,data/unit_stats/source_exports/db/special_ability_phase_stat_effects_tables/data__.tsv,2891,9.0.1
wh_dlc06_rune_passive_master_rune_of_slowness,stat_charge_bonus,0.9000,mult,data/unit_stats/source_exports/db/special_ability_phase_stat_effects_tables/data__.tsv,2892,9.0.1
wh_dlc06_unit_abilities_marked_by_ulthar,stat_armour,-30.0000,add,data/unit_stats/source_exports/db/special_ability_phase_stat_effects_tables/data__.tsv,2893,9.0.1
wh_dlc06_unit_abilities_marked_by_ulthar,stat_missile_block_chance,-25.0000,add,data/unit_stats/source_exports/db/special_ability_phase_stat_effects_tables/data__.tsv,2894,9.0.1
wh_dlc06_unit_abilities_marked_by_ulthar,stat_resistance_missile,-20.0000,add,data/unit_stats/source_exports/db/special_ability_phase_stat_effects_tables/data__.tsv,2895,9.0.1
wh_dlc06_unit_abilities_smoke_bomb,scalar_charge_speed,0.4000,mult,data/unit_stats/source_exports/db/special_ability_phase_stat_effects_tables/data__.tsv,2896,9.0.1
wh_dlc06_unit_abilities_smoke_bomb,scalar_speed,0.4000,mult,data/unit_stats/source_exports/db/special_ability_phase_stat_effects_tables/data__.tsv,2897,9.0.1
wh_dlc06_unit_contact_blinded,stat_accuracy,-30.0000,add,data/unit_stats/source_exports/db/special_ability_phase_stat_effects_tables/data__.tsv,2898,9.0.1
wh_dlc06_unit_contact_blinded,stat_melee_attack,-24.0000,add,data/unit_stats/source_exports/db/special_ability_phase_stat_effects_tables/data__.tsv,2899,9.0.1
wh_dlc06_unit_contact_blinded,stat_melee_defence,-24.0000,add,data/unit_stats/source_exports/db/special_ability_phase_stat_effects_tables/data__.tsv,2900,9.0.1
wh_dlc06_unit_contact_discouraged,stat_morale,-16.0000,add,data/unit_stats/source_exports/db/special_ability_phase_stat_effects_tables/data__.tsv,2901,9.0.1
wh_dlc06_unit_contact_flammable,scalar_speed,0.7000,mult,data/unit_stats/source_exports/db/special_ability_phase_stat_effects_tables/data__.tsv,2902,9.0.1
wh_dlc06_unit_contact_flammable,stat_weakness_flame,-20.0000,add,data/unit_stats/source_exports/db/special_ability_phase_stat_effects_tables/data__.tsv,2903,9.0.1
wh_dlc06_unit_contact_sundered_armour,stat_armour,-30.0000,add,data/unit_stats/source_exports/db/special_ability_phase_stat_effects_tables/data__.tsv,2904,9.0.1
wh_dlc06_unit_passive_opportunist_murderer,stat_melee_attack,10.0000,add,data/unit_stats/source_exports/db/special_ability_phase_stat_effects_tables/data__.tsv,2905,9.0.1
wh_dlc06_unit_passive_opportunist_murderer,stat_melee_damage_ap,1.4000,mult,data/unit_stats/source_exports/db/special_ability_phase_stat_effects_tables/data__.tsv,2906,9.0.1
wh_dlc06_unit_passive_power_of_the_dragonback,stat_resistance_flame,20.0000,add,data/unit_stats/source_exports/db/special_ability_phase_stat_effects_tables/data__.tsv,2907,9.0.1
wh_dlc06_unit_passive_squigs_go_wild,stat_morale,12.0000,add,data/unit_stats/source_exports/db/special_ability_phase_stat_effects_tables/data__.tsv,2908,9.0.1
wh_dlc06_weapon_passive_bonewoof_staff,stat_charge_bonus,1.2000,mult,data/unit_stats/source_exports/db/special_ability_phase_stat_effects_tables/data__.tsv,2909,9.0.1
wh_dlc06_weapon_passive_bonewoof_staff,stat_melee_attack,12.0000,add,data/unit_stats/source_exports/db/special_ability_phase_stat_effects_tables/data__.tsv,2910,9.0.1
wh_dlc06_weapon_passive_hammer_of_angrund,stat_charge_bonus,1.1500,mult,data/unit_stats/source_exports/db/special_ability_phase_stat_effects_tables/data__.tsv,2911,9.0.1
wh_dlc06_weapon_passive_hammer_of_angrund,stat_melee_attack,8.0000,add,data/unit_stats/source_exports/db/special_ability_phase_stat_effects_tables/data__.tsv,2912,9.0.1
wh_dlc06_weapon_passive_hammer_of_angrund,stat_melee_damage_ap,1.1800,mult,data/unit_stats/source_exports/db/special_ability_phase_stat_effects_tables/data__.tsv,2913,9.0.1
wh_dlc06_weapon_passive_hammer_of_angrund,stat_melee_damage_base,1.1800,mult,data/unit_stats/source_exports/db/special_ability_phase_stat_effects_tables/data__.tsv,2914,9.0.1
wh_dlc07_hero_abilities_dolorous_blade,stat_melee_attack,24.0000,add,data/unit_stats/source_exports/db/special_ability_phase_stat_effects_tables/data__.tsv,2915,9.0.1
wh_dlc07_hero_abilities_dolorous_blade,stat_melee_damage_ap,1.5000,mult,data/unit_stats/source_exports/db/special_ability_phase_stat_effects_tables/data__.tsv,2916,9.0.1
wh_dlc07_hero_passive_precise_control,scalar_missile_range,1.1000,mult,data/unit_stats/source_exports/db/special_ability_phase_stat_effects_tables/data__.tsv,2917,9.0.1
wh_dlc07_lord_abilities_favour_of_the_fay,stat_melee_attack,40.0000,add,data/unit_stats/source_exports/db/special_ability_phase_stat_effects_tables/data__.tsv,2918,9.0.1
wh_dlc07_lord_abilities_lions_shield,stat_resistance_magic,40.0000,add,data/unit_stats/source_exports/db/special_ability_phase_stat_effects_tables/data__.tsv,2919,9.0.1
wh_dlc07_lord_abilities_lions_shield,stat_resistance_missile,40.0000,add,data/unit_stats/source_exports/db/special_ability_phase_stat_effects_tables/data__.tsv,2920,9.0.1
wh_dlc07_lord_passive_mist_of_the_lady,stat_melee_attack,-5.0000,add,data/unit_stats/source_exports/db/special_ability_phase_stat_effects_tables/data__.tsv,2921,9.0.1
wh_dlc07_lord_passive_spirit_of_the_tempest,scalar_speed,1.1000,mult,data/unit_stats/source_exports/db/special_ability_phase_stat_effects_tables/data__.tsv,2922,9.0.1
wh_dlc07_lord_passive_spirit_of_the_tempest,stat_charge_bonus,1.1000,mult,data/unit_stats/source_exports/db/special_ability_phase_stat_effects_tables/data__.tsv,2923,9.0.1
wh_dlc07_unit_formation_lance,scalar_charge_speed,1.1000,mult,data/unit_stats/source_exports/db/special_ability_phase_stat_effects_tables/data__.tsv,2924,9.0.1
wh_dlc07_unit_formation_lance,scalar_entity_acceleration_modifier,1.3000,mult,data/unit_stats/source_exports/db/special_ability_phase_stat_effects_tables/data__.tsv,2925,9.0.1
wh_dlc07_unit_formation_lance,stat_charge_bonus,1.3000,mult,data/unit_stats/source_exports/db/special_ability_phase_stat_effects_tables/data__.tsv,2926,9.0.1
wh_dlc07_unit_formation_lance,stat_mass,1.3000,mult,data/unit_stats/source_exports/db/special_ability_phase_stat_effects_tables/data__.tsv,2927,9.0.1
wh_dlc07_unit_formation_lance,stat_melee_defence,-8.0000,add,data/unit_stats/source_exports/db/special_ability_phase_stat_effects_tables/data__.tsv,2928,9.0.1
wh_dlc07_unit_passive_icon_of_devotion,stat_melee_attack,5.0000,add,data/unit_stats/source_exports/db/special_ability_phase_stat_effects_tables/data__.tsv,2929,9.0.1
wh_dlc07_unit_passive_icon_of_devotion,stat_morale,8.0000,add,data/unit_stats/source_exports/db/special_ability_phase_stat_effects_tables/data__.tsv,2930,9.0.1
wh_dlc07_unit_passive_the_peasants_duty,stat_morale,8.0000,add,data/unit_stats/source_exports/db/special_ability_phase_stat_effects_tables/data__.tsv,2931,9.0.1
wh_dlc08_character_abilities_hunter_of_champions,scalar_speed,0.5500,mult,data/unit_stats/source_exports/db/special_ability_phase_stat_effects_tables/data__.tsv,2932,9.0.1
wh_dlc08_character_abilities_hunter_of_champions,stat_armour,-60.0000,add,data/unit_stats/source_exports/db/special_ability_phase_stat_effects_tables/data__.tsv,2933,9.0.1
wh_dlc08_character_abilities_hunter_of_champions,stat_melee_defence,-40.0000,add,data/unit_stats/source_exports/db/special_ability_phase_stat_effects_tables/data__.tsv,2934,9.0.1
wh_dlc08_hero_passive_frenzied_assault,stat_charge_bonus,1.4000,mult,data/unit_stats/source_exports/db/special_ability_phase_stat_effects_tables/data__.tsv,2935,9.0.1
wh_dlc08_hero_passive_frenzied_assault,stat_melee_attack,12.0000,add,data/unit_stats/source_exports/db/special_ability_phase_stat_effects_tables/data__.tsv,2936,9.0.1
wh_dlc08_hero_passive_ruinious_flesh,stat_armour,23.0000,add,data/unit_stats/source_exports/db/special_ability_phase_stat_effects_tables/data__.tsv,2937,9.0.1
wh_dlc08_hero_passive_ruinious_flesh,stat_resistance_missile,10.0000,add,data/unit_stats/source_exports/db/special_ability_phase_stat_effects_tables/data__.tsv,2938,9.0.1
wh_dlc08_hero_passive_twisted_flesh_iii,stat_armour,23.0000,add,data/unit_stats/source_exports/db/special_ability_phase_stat_effects_tables/data__.tsv,2939,9.0.1
wh_dlc08_hero_passive_twisted_flesh_ii,stat_armour,15.0000,add,data/unit_stats/source_exports/db/special_ability_phase_stat_effects_tables/data__.tsv,2940,9.0.1
wh_dlc08_hero_passive_twisted_flesh_i,stat_armour,7.0000,add,data/unit_stats/source_exports/db/special_ability_phase_stat_effects_tables/data__.tsv,2941,9.0.1
wh_dlc08_hero_passive_vicious_assault_iii,stat_melee_attack,12.0000,add,data/unit_stats/source_exports/db/special_ability_phase_stat_effects_tables/data__.tsv,2942,9.0.1
wh_dlc08_hero_passive_vicious_assault_ii,stat_melee_attack,8.0000,add,data/unit_stats/source_exports/db/special_ability_phase_stat_effects_tables/data__.tsv,2943,9.0.1
wh_dlc08_hero_passive_vicious_assault_i,stat_melee_attack,5.0000,add,data/unit_stats/source_exports/db/special_ability_phase_stat_effects_tables/data__.tsv,2944,9.0.1
wh_dlc08_item_abilities_the_wintertooth_crown,stat_melee_defence,24.0000,add,data/unit_stats/source_exports/db/special_ability_phase_stat_effects_tables/data__.tsv,2945,9.0.1
wh_dlc08_lord_passive_daring_deathblow,stat_melee_attack,10.0000,add,data/unit_stats/source_exports/db/special_ability_phase_stat_effects_tables/data__.tsv,2946,9.0.1
wh_dlc08_lord_passive_daring_deathblow,stat_melee_damage_ap,1.5000,mult,data/unit_stats/source_exports/db/special_ability_phase_stat_effects_tables/data__.tsv,2947,9.0.1
wh_dlc08_lord_passive_daring_deathblow,stat_melee_damage_base,1.5000,mult,data/unit_stats/source_exports/db/special_ability_phase_stat_effects_tables/data__.tsv,2948,9.0.1
wh_dlc08_lord_passive_daring_deathblow,stat_resistance_physical,15.0000,add,data/unit_stats/source_exports/db/special_ability_phase_stat_effects_tables/data__.tsv,2949,9.0.1
wh_dlc08_lord_passive_determined_deathblow,stat_melee_attack,10.0000,add,data/unit_stats/source_exports/db/special_ability_phase_stat_effects_tables/data__.tsv,2950,9.0.1
wh_dlc08_lord_passive_determined_deathblow,stat_melee_damage_ap,1.3000,mult,data/unit_stats/source_exports/db/special_ability_phase_stat_effects_tables/data__.tsv,2951,9.0.1
wh_dlc08_lord_passive_determined_deathblow,stat_melee_damage_base,1.3000,mult,data/unit_stats/source_exports/db/special_ability_phase_stat_effects_tables/data__.tsv,2952,9.0.1
wh_dlc08_quest_ancient_protector,stat_resistance_physical,60.0000,add,data/unit_stats/source_exports/db/special_ability_phase_stat_effects_tables/data__.tsv,2953,9.0.1
wh_dlc08_quest_passive_chilling_aura_boss,scalar_speed,0.7000,mult,data/unit_stats/source_exports/db/special_ability_phase_stat_effects_tables/data__.tsv,2954,9.0.1
wh_dlc08_quest_passive_chilling_aura_boss,stat_melee_attack,-14.0000,add,data/unit_stats/source_exports/db/special_ability_phase_stat_effects_tables/data__.tsv,2955,9.0.1
wh_dlc08_quest_passive_chilling_aura_boss,stat_melee_defence,-10.0000,add,data/unit_stats/source_exports/db/special_ability_phase_stat_effects_tables/data__.tsv,2956,9.0.1
wh_dlc08_quest_passive_exploding_fart,stat_morale,-50.0000,add,data/unit_stats/source_exports/db/special_ability_phase_stat_effects_tables/data__.tsv,2957,9.0.1
wh_dlc08_quest_passive_favoured_by_the_god,stat_resistance_all,90.0000,add,data/unit_stats/source_exports/db/special_ability_phase_stat_effects_tables/data__.tsv,2958,9.0.1
wh_dlc08_quest_passive_lightening_down,scalar_charge_speed,0.0000,mult,data/unit_stats/source_exports/db/special_ability_phase_stat_effects_tables/data__.tsv,2959,9.0.1
wh_dlc08_quest_passive_lightening_down,scalar_speed,0.0000,mult,data/unit_stats/source_exports/db/special_ability_phase_stat_effects_tables/data__.tsv,2960,9.0.1
wh_dlc08_quest_passive_lightening_down,stat_resistance_magic,100.0000,add,data/unit_stats/source_exports/db/special_ability_phase_stat_effects_tables/data__.tsv,2961,9.0.1
wh_dlc08_quest_passive_lightening_down,stat_resistance_missile,30.0000,add,data/unit_stats/source_exports/db/special_ability_phase_stat_effects_tables/data__.tsv,2962,9.0.1
wh_dlc08_unit_abilities_berserk_ii,stat_melee_attack,13.0000,add,data/unit_stats/source_exports/db/special_ability_phase_stat_effects_tables/data__.tsv,2963,9.0.1
wh_dlc08_unit_abilities_berserk_ii,stat_resistance_physical,20.0000,add,data/unit_stats/source_exports/db/special_ability_phase_stat_effects_tables/data__.tsv,2964,9.0.1
wh_dlc08_unit_abilities_berserk_i,stat_melee_attack,13.0000,add,data/unit_stats/source_exports/db/special_ability_phase_stat_effects_tables/data__.tsv,2965,9.0.1
wh_dlc08_unit_abilities_berserk_i,stat_resistance_physical,20.0000,add,data/unit_stats/source_exports/db/special_ability_phase_stat_effects_tables/data__.tsv,2966,9.0.1
wh_dlc08_unit_abilities_favour_of_the_ruinous_powers,stat_morale,10.0000,add,data/unit_stats/source_exports/db/special_ability_phase_stat_effects_tables/data__.tsv,2967,9.0.1
wh_dlc08_unit_abilities_fight_or_die,stat_melee_attack,24.0000,add,data/unit_stats/source_exports/db/special_ability_phase_stat_effects_tables/data__.tsv,2968,9.0.1
wh_dlc08_unit_abilities_fight_or_die,stat_morale,16.0000,add,data/unit_stats/source_exports/db/special_ability_phase_stat_effects_tables/data__.tsv,2969,9.0.1
wh_dlc08_unit_abilities_rage_i,stat_melee_attack,5.0000,add,data/unit_stats/source_exports/db/special_ability_phase_stat_effects_tables/data__.tsv,2970,9.0.1
wh_dlc08_unit_abilities_rage_i,stat_morale,8.0000,add,data/unit_stats/source_exports/db/special_ability_phase_stat_effects_tables/data__.tsv,2971,9.0.1
wh_dlc08_unit_abilities_rage_i,stat_resistance_physical,10.0000,add,data/unit_stats/source_exports/db/special_ability_phase_stat_effects_tables/data__.tsv,2972,9.0.1
wh_dlc08_unit_abilities_seduction_of_the_serpent,stat_melee_defence,24.0000,add,data/unit_stats/source_exports/db/special_ability_phase_stat_effects_tables/data__.tsv,2973,9.0.1
wh_dlc08_unit_abilities_seduction_of_the_serpent,stat_morale,16.0000,add,data/unit_stats/source_exports/db/special_ability_phase_stat_effects_tables/data__.tsv,2974,9.0.1
wh_dlc08_unit_contact_frostbite,scalar_speed,0.7000,mult,data/unit_stats/source_exports/db/special_ability_phase_stat_effects_tables/data__.tsv,2975,9.0.1
wh_dlc08_unit_passive_from_the_mist,stat_melee_defence,5.0000,add,data/unit_stats/source_exports/db/special_ability_phase_stat_effects_tables/data__.tsv,2976,9.0.1
wh_dlc08_unit_passive_from_the_mist,stat_resistance_missile,25.0000,add,data/unit_stats/source_exports/db/special_ability_phase_stat_effects_tables/data__.tsv,2977,9.0.1
wh_dlc08_weapon_abilities_stinky_giant_club,stat_melee_attack,24.0000,add,data/unit_stats/source_exports/db/special_ability_phase_stat_effects_tables/data__.tsv,2978,9.0.1
wh_dlc08_weapon_abilities_stinky_giant_club,stat_melee_damage_base,1.6000,mult,data/unit_stats/source_exports/db/special_ability_phase_stat_effects_tables/data__.tsv,2979,9.0.1
wh_dlc08_weapon_abilities_sword_of_torgald,stat_melee_damage_ap,1.5000,mult,data/unit_stats/source_exports/db/special_ability_phase_stat_effects_tables/data__.tsv,2980,9.0.1
wh_dlc08_weapon_abilities_sword_of_torgald,stat_melee_damage_base,1.5000,mult,data/unit_stats/source_exports/db/special_ability_phase_stat_effects_tables/data__.tsv,2981,9.0.1
wh_dlc08_weapon_passive_flaming_axe_of_cormac,stat_melee_attack,8.0000,add,data/unit_stats/source_exports/db/special_ability_phase_stat_effects_tables/data__.tsv,2982,9.0.1
wh_dlc08_weapon_passive_flaming_axe_of_cormac,stat_melee_damage_ap,1.3500,mult,data/unit_stats/source_exports/db/special_ability_phase_stat_effects_tables/data__.tsv,2983,9.0.1
wh_dlc08_weapon_passive_flaming_axe_of_cormac,stat_melee_damage_base,1.3500,mult,data/unit_stats/source_exports/db/special_ability_phase_stat_effects_tables/data__.tsv,2984,9.0.1
wh_main_banner_passive_banner_of_eternal_flame,stat_melee_damage_base,1.0800,mult,data/unit_stats/source_exports/db/special_ability_phase_stat_effects_tables/data__.tsv,2985,9.0.1
wh_main_banner_passive_banner_of_lost_holds,stat_melee_attack,5.0000,add,data/unit_stats/source_exports/db/special_ability_phase_stat_effects_tables/data__.tsv,2986,9.0.1
wh_main_banner_passive_banner_of_lost_holds,stat_melee_damage_base,1.0800,mult,data/unit_stats/source_exports/db/special_ability_phase_stat_effects_tables/data__.tsv,2987,9.0.1
wh_main_banner_passive_banner_of_rage,stat_charge_bonus,1.1000,mult,data/unit_stats/source_exports/db/special_ability_phase_stat_effects_tables/data__.tsv,2988,9.0.1
wh_main_banner_passive_banner_of_rage,stat_melee_attack,8.0000,add,data/unit_stats/source_exports/db/special_ability_phase_stat_effects_tables/data__.tsv,2989,9.0.1
wh_main_banner_passive_banner_of_rage,stat_melee_damage_base,1.1500,mult,data/unit_stats/source_exports/db/special_ability_phase_stat_effects_tables/data__.tsv,2990,9.0.1
wh_main_banner_passive_gleaming_pennant,stat_morale,4.0000,add,data/unit_stats/source_exports/db/special_ability_phase_stat_effects_tables/data__.tsv,2991,9.0.1
wh_main_banner_passive_griffon_banner,stat_morale,-4.0000,add,data/unit_stats/source_exports/db/special_ability_phase_stat_effects_tables/data__.tsv,2992,9.0.1
wh_main_banner_passive_scarecrow_banner,stat_morale,-8.0000,add,data/unit_stats/source_exports/db/special_ability_phase_stat_effects_tables/data__.tsv,2993,9.0.1
wh_main_banner_passive_the_screaming_banner,stat_morale,-4.0000,add,data/unit_stats/source_exports/db/special_ability_phase_stat_effects_tables/data__.tsv,2994,9.0.1
wh_main_character_abilities_blood_lust,stat_melee_damage_ap,1.2500,mult,data/unit_stats/source_exports/db/special_ability_phase_stat_effects_tables/data__.tsv,2995,9.0.1
wh_main_character_abilities_deadly_onslaught,stat_charge_bonus,1.6000,mult,data/unit_stats/source_exports/db/special_ability_phase_stat_effects_tables/data__.tsv,2996,9.0.1
wh_main_character_abilities_deadly_onslaught,stat_melee_damage_ap,1.2500,mult,data/unit_stats/source_exports/db/special_ability_phase_stat_effects_tables/data__.tsv,2997,9.0.1
wh_main_character_abilities_deadly_onslaught,stat_melee_damage_base,1.2500,mult,data/unit_stats/source_exports/db/special_ability_phase_stat_effects_tables/data__.tsv,2998,9.0.1
wh_main_character_abilities_foe_seeker,scalar_charge_speed,1.2500,mult,data/unit_stats/source_exports/db/special_ability_phase_stat_effects_tables/data__.tsv,2999,9.0.1
wh_main_character_abilities_foe_seeker,scalar_speed,1.2500,mult,data/unit_stats/source_exports/db/special_ability_phase_stat_effects_tables/data__.tsv,3000,9.0.1
wh_main_character_abilities_get_back_ere,stat_morale,16.0000,add,data/unit_stats/source_exports/db/special_ability_phase_stat_effects_tables/data__.tsv,3001,9.0.1
wh_main_character_abilities_heroic_killing_blow,stat_melee_damage_ap,1.5000,mult,data/unit_stats/source_exports/db/special_ability_phase_stat_effects_tables/data__.tsv,3002,9.0.1
wh_main_character_abilities_heroic_killing_blow,stat_melee_damage_base,1.5000,mult,data/unit_stats/source_exports/db/special_ability_phase_stat_effects_tables/data__.tsv,3003,9.0.1
wh_main_character_abilities_magical_animus,stat_morale,16.0000,add,data/unit_stats/source_exports/db/special_ability_phase_stat_effects_tables/data__.tsv,3004,9.0.1
wh_main_character_abilities_rally,stat_morale,16.0000,add,data/unit_stats/source_exports/db/special_ability_phase_stat_effects_tables/data__.tsv,3005,9.0.1
wh_main_character_abilities_red_fury,stat_charge_bonus,1.2000,mult,data/unit_stats/source_exports/db/special_ability_phase_stat_effects_tables/data__.tsv,3006,9.0.1
wh_main_character_abilities_red_fury,stat_melee_damage_ap,1.2500,mult,data/unit_stats/source_exports/db/special_ability_phase_stat_effects_tables/data__.tsv,3007,9.0.1
wh_main_character_abilities_stand_or_die,stat_melee_defence,24.0000,add,data/unit_stats/source_exports/db/special_ability_phase_stat_effects_tables/data__.tsv,3008,9.0.1
wh_main_character_abilities_stand_or_die,stat_morale,16.0000,add,data/unit_stats/source_exports/db/special_ability_phase_stat_effects_tables/data__.tsv,3009,9.0.1
wh_main_character_abilities_stand_your_ground,stat_melee_defence,24.0000,add,data/unit_stats/source_exports/db/special_ability_phase_stat_effects_tables/data__.tsv,3010,9.0.1
wh_main_character_abilities_stand_your_ground,stat_morale,16.0000,add,data/unit_stats/source_exports/db/special_ability_phase_stat_effects_tables/data__.tsv,3011,9.0.1
wh_main_character_abilities_undeath_resurgent,stat_melee_defence,24.0000,add,data/unit_stats/source_exports/db/special_ability_phase_stat_effects_tables/data__.tsv,3012,9.0.1
wh_main_character_abilities_undeath_resurgent,stat_morale,16.0000,add,data/unit_stats/source_exports/db/special_ability_phase_stat_effects_tables/data__.tsv,3013,9.0.1
wh_main_character_abilities_waaagh,scalar_speed,1.2500,mult,data/unit_stats/source_exports/db/special_ability_phase_stat_effects_tables/data__.tsv,3014,9.0.1
wh_main_character_abilities_waaagh,stat_charge_bonus,1.2000,mult,data/unit_stats/source_exports/db/special_ability_phase_stat_effects_tables/data__.tsv,3015,9.0.1
wh_main_character_abilities_waaagh,stat_melee_attack,20.0000,add,data/unit_stats/source_exports/db/special_ability_phase_stat_effects_tables/data__.tsv,3016,9.0.1
wh_main_character_passive_benediction,stat_morale,8.0000,add,data/unit_stats/source_exports/db/special_ability_phase_stat_effects_tables/data__.tsv,3017,9.0.1
wh_main_character_passive_dark_benediction,stat_morale,8.0000,add,data/unit_stats/source_exports/db/special_ability_phase_stat_effects_tables/data__.tsv,3018,9.0.1
wh_main_character_passive_evasion,scalar_speed,1.1000,mult,data/unit_stats/source_exports/db/special_ability_phase_stat_effects_tables/data__.tsv,3019,9.0.1
wh_main_character_passive_evasion,stat_melee_defence,5.0000,add,data/unit_stats/source_exports/db/special_ability_phase_stat_effects_tables/data__.tsv,3020,9.0.1
wh_main_hero_abilities_accusation,stat_armour,-30.0000,add,data/unit_stats/source_exports/db/special_ability_phase_stat_effects_tables/data__.tsv,3021,9.0.1
wh_main_hero_abilities_accusation,stat_melee_defence,-24.0000,add,data/unit_stats/source_exports/db/special_ability_phase_stat_effects_tables/data__.tsv,3022,9.0.1
wh_main_hero_abilities_accusation,stat_resistance_missile,-20.0000,add,data/unit_stats/source_exports/db/special_ability_phase_stat_effects_tables/data__.tsv,3023,9.0.1
wh_main_hero_abilities_accusation,stat_resistance_physical,-20.0000,add,data/unit_stats/source_exports/db/special_ability_phase_stat_effects_tables/data__.tsv,3024,9.0.1
wh_main_hero_abilities_ballistics_calibration,stat_reloading,20.0000,add,data/unit_stats/source_exports/db/special_ability_phase_stat_effects_tables/data__.tsv,3025,9.0.1
wh_main_hero_abilities_faiths_bastion,stat_resistance_all,20.0000,add,data/unit_stats/source_exports/db/special_ability_phase_stat_effects_tables/data__.tsv,3026,9.0.1
wh_main_hero_abilities_slippery,scalar_speed,1.2500,mult,data/unit_stats/source_exports/db/special_ability_phase_stat_effects_tables/data__.tsv,3027,9.0.1
wh_main_hero_abilities_slippery,stat_melee_defence,24.0000,add,data/unit_stats/source_exports/db/special_ability_phase_stat_effects_tables/data__.tsv,3028,9.0.1
wh_main_hero_passive_aura_of_the_lady,stat_resistance_magic,10.0000,add,data/unit_stats/source_exports/db/special_ability_phase_stat_effects_tables/data__.tsv,3029,9.0.1
wh_main_hero_passive_extra_powder,scalar_missile_explosion_damage_ap,1.1000,mult,data/unit_stats/source_exports/db/special_ability_phase_stat_effects_tables/data__.tsv,3030,9.0.1
wh_main_hero_passive_extra_powder,scalar_missile_explosion_damage_base,1.1000,mult,data/unit_stats/source_exports/db/special_ability_phase_stat_effects_tables/data__.tsv,3031,9.0.1
wh_main_hero_passive_forgefire,stat_armour,-15.0000,add,data/unit_stats/source_exports/db/special_ability_phase_stat_effects_tables/data__.tsv,3032,9.0.1
wh_main_hero_passive_swarm_of_flies,stat_melee_attack,-5.0000,add,data/unit_stats/source_exports/db/special_ability_phase_stat_effects_tables/data__.tsv,3033,9.0.1
wh_main_item_abilities_cloak_of_mists_and_shadows,stat_resistance_physical,75.0000,add,data/unit_stats/source_exports/db/special_ability_phase_stat_effects_tables/data__.tsv,3034,9.0.1
wh_main_item_abilities_daemonic_strength,stat_melee_damage_ap,1.5000,mult,data/unit_stats/source_exports/db/special_ability_phase_stat_effects_tables/data__.tsv,3035,9.0.1
wh_main_item_abilities_daemonic_strength,stat_melee_damage_base,1.5000,mult,data/unit_stats/source_exports/db/special_ability_phase_stat_effects_tables/data__.tsv,3036,9.0.1
wh_main_item_abilities_dark_fortune,stat_resistance_all,20.0000,add,data/unit_stats/source_exports/db/special_ability_phase_stat_effects_tables/data__.tsv,3037,9.0.1
wh_main_item_abilities_earthing_rod,scalar_miscast_chance,0.0000,mult,data/unit_stats/source_exports/db/special_ability_phase_stat_effects_tables/data__.tsv,3038,9.0.1
wh_main_item_abilities_opal_amulet,stat_resistance_all,20.0000,add,data/unit_stats/source_exports/db/special_ability_phase_stat_effects_tables/data__.tsv,3039,9.0.1
wh_main_item_abilities_pendant_of_slaanesh,scalar_speed,1.2500,mult,data/unit_stats/source_exports/db/special_ability_phase_stat_effects_tables/data__.tsv,3040,9.0.1
wh_main_item_abilities_pendant_of_slaanesh,stat_melee_attack,40.0000,add,data/unit_stats/source_exports/db/special_ability_phase_stat_effects_tables/data__.tsv,3041,9.0.1
wh_main_item_abilities_potion_of_foolhardiness,stat_charge_bonus,1.4000,mult,data/unit_stats/source_exports/db/special_ability_phase_stat_effects_tables/data__.tsv,3042,9.0.1
wh_main_item_abilities_potion_of_speed,scalar_charge_speed,1.2500,mult,data/unit_stats/source_exports/db/special_ability_phase_stat_effects_tables/data__.tsv,3043,9.0.1
wh_main_item_abilities_potion_of_speed,scalar_entity_acceleration_modifier,1.1800,mult,data/unit_stats/source_exports/db/special_ability_phase_stat_effects_tables/data__.tsv,3044,9.0.1
wh_main_item_abilities_potion_of_speed,scalar_speed,1.2500,mult,data/unit_stats/source_exports/db/special_ability_phase_stat_effects_tables/data__.tsv,3045,9.0.1
wh_main_item_abilities_potion_of_strength,stat_melee_damage_ap,1.5000,mult,data/unit_stats/source_exports/db/special_ability_phase_stat_effects_tables/data__.tsv,3046,9.0.1
wh_main_item_abilities_potion_of_strength,stat_melee_damage_base,1.5000,mult,data/unit_stats/source_exports/db/special_ability_phase_stat_effects_tables/data__.tsv,3047,9.0.1
wh_main_item_abilities_potion_of_toughness,stat_armour,30.0000,add,data/unit_stats/source_exports/db/special_ability_phase_stat_effects_tables/data__.tsv,3048,9.0.1
wh_main_item_abilities_potion_of_toughness,stat_melee_defence,24.0000,add,data/unit_stats/source_exports/db/special_ability_phase_stat_effects_tables/data__.tsv,3049,9.0.1
wh_main_item_abilities_sceptre_of_stability,stat_resistance_magic,40.0000,add,data/unit_stats/source_exports/db/special_ability_phase_stat_effects_tables/data__.tsv,3050,9.0.1
wh_main_item_abilities_scroll_of_shielding,stat_resistance_all,20.0000,add,data/unit_stats/source_exports/db/special_ability_phase_stat_effects_tables/data__.tsv,3051,9.0.1
wh_main_item_abilities_silver_horn_of_vengeance,stat_charge_bonus,12.0000,add,data/unit_stats/source_exports/db/special_ability_phase_stat_effects_tables/data__.tsv,3052,9.0.1
wh_main_item_abilities_skull_of_katam,scalar_spell_mastery,1.6000,mult,data/unit_stats/source_exports/db/special_ability_phase_stat_effects_tables/data__.tsv,3053,9.0.1
wh_main_item_abilities_skull_wand_of_kaloth,stat_melee_attack,24.0000,add,data/unit_stats/source_exports/db/special_ability_phase_stat_effects_tables/data__.tsv,3054,9.0.1
wh_main_item_abilities_skull_wand_of_kaloth,stat_melee_damage_base,1.6000,mult,data/unit_stats/source_exports/db/special_ability_phase_stat_effects_tables/data__.tsv,3055,9.0.1
wh_main_item_abilities_staff_of_volans,scalar_miscast_chance,0.5000,mult,data/unit_stats/source_exports/db/special_ability_phase_stat_effects_tables/data__.tsv,3056,9.0.1
wh_main_item_abilities_tricksters_shard,scalar_miscast_chance,2.0000,mult,data/unit_stats/source_exports/db/special_ability_phase_stat_effects_tables/data__.tsv,3057,9.0.1
wh_main_item_abilities_van_horstmanns_speculum,stat_melee_attack,-24.0000,add,data/unit_stats/source_exports/db/special_ability_phase_stat_effects_tables/data__.tsv,3058,9.0.1
wh_main_item_abilities_van_horstmanns_speculum,stat_melee_damage_base,0.7000,mult,data/unit_stats/source_exports/db/special_ability_phase_stat_effects_tables/data__.tsv,3059,9.0.1
wh_main_item_abilities_van_horstmanns_speculum,stat_melee_defence,-24.0000,add,data/unit_stats/source_exports/db/special_ability_phase_stat_effects_tables/data__.tsv,3060,9.0.1
wh_main_item_passive_featherfoe_torc,stat_armour,-15.0000,add,data/unit_stats/source_exports/db/special_ability_phase_stat_effects_tables/data__.tsv,3061,9.0.1
wh_main_item_passive_featherfoe_torc,stat_melee_defence,-10.0000,add,data/unit_stats/source_exports/db/special_ability_phase_stat_effects_tables/data__.tsv,3062,9.0.1
wh_main_item_passive_pidgeon_plucker_pendant,scalar_speed,0.9000,mult,data/unit_stats/source_exports/db/special_ability_phase_stat_effects_tables/data__.tsv,3063,9.0.1
wh_main_item_passive_pidgeon_plucker_pendant,stat_melee_attack,-5.0000,add,data/unit_stats/source_exports/db/special_ability_phase_stat_effects_tables/data__.tsv,3064,9.0.1
wh_main_item_passive_the_great_book_of_grudges,stat_melee_attack,8.0000,add,data/unit_stats/source_exports/db/special_ability_phase_stat_effects_tables/data__.tsv,3065,9.0.1
wh_main_item_passive_the_other_tricksters_shard,stat_resistance_all,-20.0000,add,data/unit_stats/source_exports/db/special_ability_phase_stat_effects_tables/data__.tsv,3066,9.0.1
wh_main_item_passive_the_other_tricksters_shard,stat_resistance_flame,-20.0000,add,data/unit_stats/source_exports/db/special_ability_phase_stat_effects_tables/data__.tsv,3067,9.0.1
wh_main_item_passive_the_other_tricksters_shard,stat_resistance_magic,-20.0000,add,data/unit_stats/source_exports/db/special_ability_phase_stat_effects_tables/data__.tsv,3068,9.0.1
wh_main_item_passive_the_other_tricksters_shard,stat_resistance_missile,-20.0000,add,data/unit_stats/source_exports/db/special_ability_phase_stat_effects_tables/data__.tsv,3069,9.0.1
wh_main_item_passive_the_other_tricksters_shard,stat_resistance_physical,-20.0000,add,data/unit_stats/source_exports/db/special_ability_phase_stat_effects_tables/data__.tsv,3070,9.0.1
wh_main_item_passive_the_white_cloak_of_ulric,scalar_speed,0.9500,mult,data/unit_stats/source_exports/db/special_ability_phase_stat_effects_tables/data__.tsv,3071,9.0.1
wh_main_item_passive_the_white_cloak_of_ulric,stat_melee_attack,-8.0000,add,data/unit_stats/source_exports/db/special_ability_phase_stat_effects_tables/data__.tsv,3072,9.0.1
wh_main_lord_abilities_master_of_the_black_arts,scalar_spell_mastery,1.6000,mult,data/unit_stats/source_exports/db/special_ability_phase_stat_effects_tables/data__.tsv,3073,9.0.1
wh_main_lord_passive_beloved_son_of_bretonnia,stat_charge_bonus,1.1000,mult,data/unit_stats/source_exports/db/special_ability_phase_stat_effects_tables/data__.tsv,3074,9.0.1
wh_main_lord_passive_beloved_son_of_bretonnia,stat_melee_attack,8.0000,add,data/unit_stats/source_exports/db/special_ability_phase_stat_effects_tables/data__.tsv,3075,9.0.1
wh_main_lord_passive_beloved_son_of_bretonnia,stat_melee_damage_base,1.1500,mult,data/unit_stats/source_exports/db/special_ability_phase_stat_effects_tables/data__.tsv,3076,9.0.1
wh_main_lord_passive_deathblow,stat_melee_damage_ap,1.2000,mult,data/unit_stats/source_exports/db/special_ability_phase_stat_effects_tables/data__.tsv,3077,9.0.1
wh_main_lord_passive_deathblow,stat_melee_damage_base,1.2000,mult,data/unit_stats/source_exports/db/special_ability_phase_stat_effects_tables/data__.tsv,3078,9.0.1
wh_main_lord_passive_get_on_wiv_it,stat_morale,8.0000,add,data/unit_stats/source_exports/db/special_ability_phase_stat_effects_tables/data__.tsv,3079,9.0.1
wh_main_lord_passive_high_king,stat_melee_attack,8.0000,add,data/unit_stats/source_exports/db/special_ability_phase_stat_effects_tables/data__.tsv,3080,9.0.1
wh_main_lord_passive_high_king,stat_melee_damage_ap,1.1500,mult,data/unit_stats/source_exports/db/special_ability_phase_stat_effects_tables/data__.tsv,3081,9.0.1
wh_main_lord_passive_high_king,stat_melee_damage_base,1.1500,mult,data/unit_stats/source_exports/db/special_ability_phase_stat_effects_tables/data__.tsv,3082,9.0.1
wh_main_lord_passive_hold_the_line,stat_melee_defence,5.0000,add,data/unit_stats/source_exports/db/special_ability_phase_stat_effects_tables/data__.tsv,3083,9.0.1
wh_main_lord_passive_hold_the_line,stat_morale,4.0000,add,data/unit_stats/source_exports/db/special_ability_phase_stat_effects_tables/data__.tsv,3084,9.0.1
wh_main_lord_passive_the_blessing_of_the_lady,stat_resistance_all,15.0000,add,data/unit_stats/source_exports/db/special_ability_phase_stat_effects_tables/data__.tsv,3085,9.0.1
wh_main_lore_passive_exorcism,stat_morale,4.0000,add,data/unit_stats/source_exports/db/special_ability_phase_stat_effects_tables/data__.tsv,3086,9.0.1
wh_main_lore_passive_kindleflame,stat_weakness_flame,-20.0000,add,data/unit_stats/source_exports/db/special_ability_phase_stat_effects_tables/data__.tsv,3087,9.0.1
wh_main_lore_passive_metalshifting,stat_melee_damage_ap,1.1200,mult,data/unit_stats/source_exports/db/special_ability_phase_stat_effects_tables/data__.tsv,3088,9.0.1
wh_main_lore_passive_metalshifting,stat_melee_damage_base,1.1200,mult,data/unit_stats/source_exports/db/special_ability_phase_stat_effects_tables/data__.tsv,3089,9.0.1
wh_main_lore_passive_roiling_skies,scalar_speed,0.7500,mult,data/unit_stats/source_exports/db/special_ability_phase_stat_effects_tables/data__.tsv,3090,9.0.1
wh_main_lore_passive_roiling_skies,stat_melee_defence,-24.0000,add,data/unit_stats/source_exports/db/special_ability_phase_stat_effects_tables/data__.tsv,3091,9.0.1
wh_main_mark_passive_mark_of_khorne,stat_charge_bonus,1.1000,mult,data/unit_stats/source_exports/db/special_ability_phase_stat_effects_tables/data__.tsv,3092,9.0.1
wh_main_mark_passive_mark_of_khorne,stat_melee_attack,8.0000,add,data/unit_stats/source_exports/db/special_ability_phase_stat_effects_tables/data__.tsv,3093,9.0.1
wh_main_mark_passive_mark_of_khorne,stat_melee_damage_base,1.1500,mult,data/unit_stats/source_exports/db/special_ability_phase_stat_effects_tables/data__.tsv,3094,9.0.1
wh_main_mount_passive_aura_of_protection,stat_resistance_all,10.0000,add,data/unit_stats/source_exports/db/special_ability_phase_stat_effects_tables/data__.tsv,3095,9.0.1
wh_main_mount_passive_bloodroar,stat_morale,-8.0000,add,data/unit_stats/source_exports/db/special_ability_phase_stat_effects_tables/data__.tsv,3096,9.0.1
wh_main_rune_abilities_rune_of_negation,stat_resistance_all,40.0000,add,data/unit_stats/source_exports/db/special_ability_phase_stat_effects_tables/data__.tsv,3097,9.0.1
wh_main_rune_abilities_rune_of_oath_and_steel,stat_armour,30.0000,add,data/unit_stats/source_exports/db/special_ability_phase_stat_effects_tables/data__.tsv,3098,9.0.1
wh_main_rune_abilities_rune_of_wrath_and_ruin,scalar_charge_speed,0.4000,mult,data/unit_stats/source_exports/db/special_ability_phase_stat_effects_tables/data__.tsv,3099,9.0.1
wh_main_rune_abilities_rune_of_wrath_and_ruin,scalar_speed,0.4000,mult,data/unit_stats/source_exports/db/special_ability_phase_stat_effects_tables/data__.tsv,3100,9.0.1
wh_main_rune_passive_master_rune_of_groth_one_eye,stat_morale,8.0000,add,data/unit_stats/source_exports/db/special_ability_phase_stat_effects_tables/data__.tsv,3101,9.0.1
wh_main_rune_passive_master_rune_of_grungni,stat_resistance_missile,20.0000,add,data/unit_stats/source_exports/db/special_ability_phase_stat_effects_tables/data__.tsv,3102,9.0.1
wh_main_rune_passive_master_rune_of_stromni_redbeard,stat_melee_attack,5.0000,add,data/unit_stats/source_exports/db/special_ability_phase_stat_effects_tables/data__.tsv,3103,9.0.1
wh_main_rune_passive_master_rune_of_stromni_redbeard,stat_morale,4.0000,add,data/unit_stats/source_exports/db/special_ability_phase_stat_effects_tables/data__.tsv,3104,9.0.1
wh_main_rune_passive_rune_of_slowness,scalar_charge_speed,0.9000,mult,data/unit_stats/source_exports/db/special_ability_phase_stat_effects_tables/data__.tsv,3105,9.0.1
wh_main_rune_passive_rune_of_slowness,scalar_speed,0.9000,mult,data/unit_stats/source_exports/db/special_ability_phase_stat_effects_tables/data__.tsv,3106,9.0.1
wh_main_rune_passive_rune_of_slowness,stat_charge_bonus,0.9000,mult,data/unit_stats/source_exports/db/special_ability_phase_stat_effects_tables/data__.tsv,3107,9.0.1
wh_main_spell_big_waaagh_ere_we_go,stat_melee_attack,40.0000,add,data/unit_stats/source_exports/db/special_ability_phase_stat_effects_tables/data__.tsv,3108,9.0.1
wh_main_spell_big_waaagh_fists_of_gork,stat_melee_attack,24.0000,add,data/unit_stats/source_exports/db/special_ability_phase_stat_effects_tables/data__.tsv,3109,9.0.1
wh_main_spell_big_waaagh_fists_of_gork,stat_melee_defence,24.0000,add,data/unit_stats/source_exports/db/special_ability_phase_stat_effects_tables/data__.tsv,3110,9.0.1
wh_main_spell_bound_bironas_timewarp,scalar_charge_speed,1.2500,mult,data/unit_stats/source_exports/db/special_ability_phase_stat_effects_tables/data__.tsv,3111,9.0.1
wh_main_spell_bound_bironas_timewarp,scalar_speed,1.2500,mult,data/unit_stats/source_exports/db/special_ability_phase_stat_effects_tables/data__.tsv,3112,9.0.1
wh_main_spell_bound_bironas_timewarp,stat_melee_attack,24.0000,add,data/unit_stats/source_exports/db/special_ability_phase_stat_effects_tables/data__.tsv,3113,9.0.1
wh_main_spell_bound_book_of_arkhan,scalar_speed,1.2500,mult,data/unit_stats/source_exports/db/special_ability_phase_stat_effects_tables/data__.tsv,3114,9.0.1
wh_main_spell_bound_book_of_arkhan,stat_melee_attack,24.0000,add,data/unit_stats/source_exports/db/special_ability_phase_stat_effects_tables/data__.tsv,3115,9.0.1
wh_main_spell_bound_hammer_of_sigmar,stat_melee_attack,24.0000,add,data/unit_stats/source_exports/db/special_ability_phase_stat_effects_tables/data__.tsv,3116,9.0.1
wh_main_spell_bound_shield_of_faith,stat_resistance_all,20.0000,add,data/unit_stats/source_exports/db/special_ability_phase_stat_effects_tables/data__.tsv,3117,9.0.1
wh_main_spell_bound_staff_of_damnation,stat_melee_attack,40.0000,add,data/unit_stats/source_exports/db/special_ability_phase_stat_effects_tables/data__.tsv,3118,9.0.1
wh_main_spell_death_aspect_of_the_dreadknight_upgraded,stat_morale,8.0000,add,data/unit_stats/source_exports/db/special_ability_phase_stat_effects_tables/data__.tsv,3119,9.0.1
wh_main_spell_death_aspect_of_the_dreadknight,stat_morale,8.0000,add,data/unit_stats/source_exports/db/special_ability_phase_stat_effects_tables/data__.tsv,3120,9.0.1
wh_main_spell_death_doom_and_darkness_upgraded,stat_morale,-16.0000,add,data/unit_stats/source_exports/db/special_ability_phase_stat_effects_tables/data__.tsv,3121,9.0.1
wh_main_spell_death_doom_and_darkness,stat_morale,-16.0000,add,data/unit_stats/source_exports/db/special_ability_phase_stat_effects_tables/data__.tsv,3122,9.0.1
wh_main_spell_death_soulblight_upgraded,stat_armour,-30.0000,add,data/unit_stats/source_exports/db/special_ability_phase_stat_effects_tables/data__.tsv,3123,9.0.1
wh_main_spell_death_soulblight_upgraded,stat_melee_damage_ap,0.7500,mult,data/unit_stats/source_exports/db/special_ability_phase_stat_effects_tables/data__.tsv,3124,9.0.1
wh_main_spell_death_soulblight_upgraded,stat_melee_damage_base,0.7500,mult,data/unit_stats/source_exports/db/special_ability_phase_stat_effects_tables/data__.tsv,3125,9.0.1
wh_main_spell_death_soulblight,stat_armour,-30.0000,add,data/unit_stats/source_exports/db/special_ability_phase_stat_effects_tables/data__.tsv,3126,9.0.1
wh_main_spell_death_soulblight,stat_melee_damage_ap,0.7500,mult,data/unit_stats/source_exports/db/special_ability_phase_stat_effects_tables/data__.tsv,3127,9.0.1
wh_main_spell_death_soulblight,stat_melee_damage_base,0.7500,mult,data/unit_stats/source_exports/db/special_ability_phase_stat_effects_tables/data__.tsv,3128,9.0.1
wh_main_spell_fire_cascading_fire_cloak,stat_melee_damage_ap,1.2500,mult,data/unit_stats/source_exports/db/special_ability_phase_stat_effects_tables/data__.tsv,3129,9.0.1
wh_main_spell_fire_cascading_fire_cloak,stat_melee_defence,24.0000,add,data/unit_stats/source_exports/db/special_ability_phase_stat_effects_tables/data__.tsv,3130,9.0.1
wh_main_spell_fire_flaming_sword_of_rhuin_upgraded,scalar_missile_damage_base,1.2500,mult,data/unit_stats/source_exports/db/special_ability_phase_stat_effects_tables/data__.tsv,3131,9.0.1
wh_main_spell_fire_flaming_sword_of_rhuin_upgraded,stat_melee_damage_base,1.3000,mult,data/unit_stats/source_exports/db/special_ability_phase_stat_effects_tables/data__.tsv,3132,9.0.1
wh_main_spell_fire_flaming_sword_of_rhuin,scalar_missile_damage_base,1.2500,mult,data/unit_stats/source_exports/db/special_ability_phase_stat_effects_tables/data__.tsv,3133,9.0.1
wh_main_spell_fire_flaming_sword_of_rhuin,stat_melee_damage_base,1.3000,mult,data/unit_stats/source_exports/db/special_ability_phase_stat_effects_tables/data__.tsv,3134,9.0.1
wh_main_spell_heavens_curse_of_the_midnight_wind_upgraded,stat_armour,-30.0000,add,data/unit_stats/source_exports/db/special_ability_phase_stat_effects_tables/data__.tsv,3135,9.0.1
wh_main_spell_heavens_curse_of_the_midnight_wind_upgraded,stat_melee_attack,-24.0000,add,data/unit_stats/source_exports/db/special_ability_phase_stat_effects_tables/data__.tsv,3136,9.0.1
wh_main_spell_heavens_curse_of_the_midnight_wind,stat_armour,-30.0000,add,data/unit_stats/source_exports/db/special_ability_phase_stat_effects_tables/data__.tsv,3137,9.0.1
wh_main_spell_heavens_curse_of_the_midnight_wind,stat_melee_attack,-24.0000,add,data/unit_stats/source_exports/db/special_ability_phase_stat_effects_tables/data__.tsv,3138,9.0.1
wh_main_spell_heavens_harmonic_convergence_upgraded,stat_armour,30.0000,add,data/unit_stats/source_exports/db/special_ability_phase_stat_effects_tables/data__.tsv,3139,9.0.1
wh_main_spell_heavens_harmonic_convergence_upgraded,stat_melee_attack,24.0000,add,data/unit_stats/source_exports/db/special_ability_phase_stat_effects_tables/data__.tsv,3140,9.0.1
wh_main_spell_heavens_harmonic_convergence_upgraded,stat_melee_defence,24.0000,add,data/unit_stats/source_exports/db/special_ability_phase_stat_effects_tables/data__.tsv,3141,9.0.1
wh_main_spell_heavens_harmonic_convergence_upgraded,stat_reloading,20.0000,add,data/unit_stats/source_exports/db/special_ability_phase_stat_effects_tables/data__.tsv,3142,9.0.1
wh_main_spell_heavens_harmonic_convergence,stat_melee_attack,24.0000,add,data/unit_stats/source_exports/db/special_ability_phase_stat_effects_tables/data__.tsv,3143,9.0.1
wh_main_spell_heavens_harmonic_convergence,stat_melee_defence,24.0000,add,data/unit_stats/source_exports/db/special_ability_phase_stat_effects_tables/data__.tsv,3144,9.0.1
wh_main_spell_heavens_harmonic_convergence,stat_reloading,20.0000,add,data/unit_stats/source_exports/db/special_ability_phase_stat_effects_tables/data__.tsv,3145,9.0.1
wh_main_spell_light_bironas_timewarp_upgraded,scalar_charge_speed,1.2500,mult,data/unit_stats/source_exports/db/special_ability_phase_stat_effects_tables/data__.tsv,3146,9.0.1
wh_main_spell_light_bironas_timewarp_upgraded,scalar_speed,1.2500,mult,data/unit_stats/source_exports/db/special_ability_phase_stat_effects_tables/data__.tsv,3147,9.0.1
wh_main_spell_light_bironas_timewarp_upgraded,stat_melee_attack,24.0000,add,data/unit_stats/source_exports/db/special_ability_phase_stat_effects_tables/data__.tsv,3148,9.0.1
wh_main_spell_light_bironas_timewarp,scalar_charge_speed,1.2500,mult,data/unit_stats/source_exports/db/special_ability_phase_stat_effects_tables/data__.tsv,3149,9.0.1
wh_main_spell_light_bironas_timewarp,scalar_speed,1.2500,mult,data/unit_stats/source_exports/db/special_ability_phase_stat_effects_tables/data__.tsv,3150,9.0.1
wh_main_spell_light_bironas_timewarp,stat_melee_attack,24.0000,add,data/unit_stats/source_exports/db/special_ability_phase_stat_effects_tables/data__.tsv,3151,9.0.1
wh_main_spell_light_phas_protection_upgraded,stat_armour,30.0000,add,data/unit_stats/source_exports/db/special_ability_phase_stat_effects_tables/data__.tsv,3152,9.0.1
wh_main_spell_light_phas_protection_upgraded,stat_melee_defence,24.0000,add,data/unit_stats/source_exports/db/special_ability_phase_stat_effects_tables/data__.tsv,3153,9.0.1
wh_main_spell_light_phas_protection,stat_armour,30.0000,add,data/unit_stats/source_exports/db/special_ability_phase_stat_effects_tables/data__.tsv,3154,9.0.1
wh_main_spell_light_phas_protection,stat_melee_defence,24.0000,add,data/unit_stats/source_exports/db/special_ability_phase_stat_effects_tables/data__.tsv,3155,9.0.1
wh_main_spell_lil_waaagh_curse_of_da_bad_moon_upgraded,scalar_speed,0.7500,mult,data/unit_stats/source_exports/db/special_ability_phase_stat_effects_tables/data__.tsv,3156,9.0.1
wh_main_spell_lil_waaagh_curse_of_da_bad_moon_upgraded,stat_armour,-30.0000,add,data/unit_stats/source_exports/db/special_ability_phase_stat_effects_tables/data__.tsv,3157,9.0.1
wh_main_spell_lil_waaagh_curse_of_da_bad_moon_upgraded,stat_melee_defence,-24.0000,add,data/unit_stats/source_exports/db/special_ability_phase_stat_effects_tables/data__.tsv,3158,9.0.1
wh_main_spell_lil_waaagh_curse_of_da_bad_moon,scalar_speed,0.7500,mult,data/unit_stats/source_exports/db/special_ability_phase_stat_effects_tables/data__.tsv,3159,9.0.1
wh_main_spell_lil_waaagh_curse_of_da_bad_moon,stat_armour,-30.0000,add,data/unit_stats/source_exports/db/special_ability_phase_stat_effects_tables/data__.tsv,3160,9.0.1
wh_main_spell_lil_waaagh_curse_of_da_bad_moon,stat_melee_defence,-24.0000,add,data/unit_stats/source_exports/db/special_ability_phase_stat_effects_tables/data__.tsv,3161,9.0.1
wh_main_spell_lil_waaagh_gorkll_fix_it,scalar_charge_speed,0.5500,mult,data/unit_stats/source_exports/db/special_ability_phase_stat_effects_tables/data__.tsv,3162,9.0.1
wh_main_spell_lil_waaagh_gorkll_fix_it,scalar_speed,0.5500,mult,data/unit_stats/source_exports/db/special_ability_phase_stat_effects_tables/data__.tsv,3163,9.0.1
wh_main_spell_lil_waaagh_gorkll_fix_it,stat_charge_bonus,0.8000,mult,data/unit_stats/source_exports/db/special_ability_phase_stat_effects_tables/data__.tsv,3164,9.0.1
wh_main_spell_lil_waaagh_itchy_nuisance,stat_melee_attack,-24.0000,add,data/unit_stats/source_exports/db/special_ability_phase_stat_effects_tables/data__.tsv,3165,9.0.1
wh_main_spell_lil_waaagh_itchy_nuisance,stat_melee_damage_base,0.7000,mult,data/unit_stats/source_exports/db/special_ability_phase_stat_effects_tables/data__.tsv,3166,9.0.1
wh_main_spell_lil_waaagh_sneaky_stabbin,stat_melee_attack,24.0000,add,data/unit_stats/source_exports/db/special_ability_phase_stat_effects_tables/data__.tsv,3167,9.0.1
wh_main_spell_lil_waaagh_sneaky_stabbin,stat_melee_damage_ap,1.2500,mult,data/unit_stats/source_exports/db/special_ability_phase_stat_effects_tables/data__.tsv,3168,9.0.1
wh_main_spell_metal_glittering_robe_upgraded,stat_armour,60.0000,add,data/unit_stats/source_exports/db/special_ability_phase_stat_effects_tables/data__.tsv,3169,9.0.1
wh_main_spell_metal_glittering_robe,stat_armour,60.0000,add,data/unit_stats/source_exports/db/special_ability_phase_stat_effects_tables/data__.tsv,3170,9.0.1
wh_main_spell_metal_plague_of_rust_upgraded,stat_armour,-60.0000,add,data/unit_stats/source_exports/db/special_ability_phase_stat_effects_tables/data__.tsv,3171,9.0.1
wh_main_spell_metal_plague_of_rust,stat_armour,-30.0000,add,data/unit_stats/source_exports/db/special_ability_phase_stat_effects_tables/data__.tsv,3172,9.0.1
wh_main_spell_metal_transmutation_of_lead_upgraded,stat_melee_attack,-24.0000,add,data/unit_stats/source_exports/db/special_ability_phase_stat_effects_tables/data__.tsv,3173,9.0.1
wh_main_spell_metal_transmutation_of_lead_upgraded,stat_melee_damage_base,0.4000,mult,data/unit_stats/source_exports/db/special_ability_phase_stat_effects_tables/data__.tsv,3174,9.0.1
wh_main_spell_metal_transmutation_of_lead,stat_melee_attack,-24.0000,add,data/unit_stats/source_exports/db/special_ability_phase_stat_effects_tables/data__.tsv,3175,9.0.1
wh_main_spell_metal_transmutation_of_lead,stat_melee_damage_base,0.7000,mult,data/unit_stats/source_exports/db/special_ability_phase_stat_effects_tables/data__.tsv,3176,9.0.1
wh_main_spell_vampires_curse_of_years,scalar_speed,0.7500,mult,data/unit_stats/source_exports/db/special_ability_phase_stat_effects_tables/data__.tsv,3177,9.0.1
wh_main_spell_vampires_curse_of_years,stat_melee_attack,-24.0000,add,data/unit_stats/source_exports/db/special_ability_phase_stat_effects_tables/data__.tsv,3178,9.0.1
wh_main_spell_vampires_vanhels_danse_macabre_upgraded,scalar_speed,1.2500,mult,data/unit_stats/source_exports/db/special_ability_phase_stat_effects_tables/data__.tsv,3179,9.0.1
wh_main_spell_vampires_vanhels_danse_macabre_upgraded,stat_melee_attack,24.0000,add,data/unit_stats/source_exports/db/special_ability_phase_stat_effects_tables/data__.tsv,3180,9.0.1
wh_main_spell_vampires_vanhels_danse_macabre,scalar_speed,1.2500,mult,data/unit_stats/source_exports/db/special_ability_phase_stat_effects_tables/data__.tsv,3181,9.0.1
wh_main_spell_vampires_vanhels_danse_macabre,stat_melee_attack,24.0000,add,data/unit_stats/source_exports/db/special_ability_phase_stat_effects_tables/data__.tsv,3182,9.0.1
wh_main_unit_abilities_black_nimbus,stat_resistance_all,40.0000,add,data/unit_stats/source_exports/db/special_ability_phase_stat_effects_tables/data__.tsv,3183,9.0.1
wh_main_unit_abilities_black_scythes,stat_melee_damage_ap,1.5000,mult,data/unit_stats/source_exports/db/special_ability_phase_stat_effects_tables/data__.tsv,3184,9.0.1
wh_main_unit_abilities_black_scythes,stat_melee_damage_base,1.5000,mult,data/unit_stats/source_exports/db/special_ability_phase_stat_effects_tables/data__.tsv,3185,9.0.1
wh_main_unit_abilities_blooood,scalar_entity_acceleration_modifier,1.1800,mult,data/unit_stats/source_exports/db/special_ability_phase_stat_effects_tables/data__.tsv,3186,9.0.1
wh_main_unit_abilities_blooood,scalar_speed,1.2500,mult,data/unit_stats/source_exports/db/special_ability_phase_stat_effects_tables/data__.tsv,3187,9.0.1
wh_main_unit_abilities_boom,scalar_missile_explosion_damage_ap,1.2000,mult,data/unit_stats/source_exports/db/special_ability_phase_stat_effects_tables/data__.tsv,3188,9.0.1
wh_main_unit_abilities_boom,scalar_missile_explosion_damage_base,1.2500,mult,data/unit_stats/source_exports/db/special_ability_phase_stat_effects_tables/data__.tsv,3189,9.0.1
wh_main_unit_abilities_entrenchment,scalar_missile_damage_ap,1.4000,mult,data/unit_stats/source_exports/db/special_ability_phase_stat_effects_tables/data__.tsv,3190,9.0.1
wh_main_unit_abilities_entrenchment,stat_resistance_physical,20.0000,add,data/unit_stats/source_exports/db/special_ability_phase_stat_effects_tables/data__.tsv,3191,9.0.1
wh_main_unit_abilities_killing_blow,stat_melee_damage_ap,1.2500,mult,data/unit_stats/source_exports/db/special_ability_phase_stat_effects_tables/data__.tsv,3192,9.0.1
wh_main_unit_abilities_killing_blow,stat_melee_damage_base,1.2500,mult,data/unit_stats/source_exports/db/special_ability_phase_stat_effects_tables/data__.tsv,3193,9.0.1
wh_main_unit_contact_morale,stat_morale,-8.0000,add,data/unit_stats/source_exports/db/special_ability_phase_stat_effects_tables/data__.tsv,3194,9.0.1
wh_main_unit_contact_overhead_morale,stat_morale,-8.0000,add,data/unit_stats/source_exports/db/special_ability_phase_stat_effects_tables/data__.tsv,3195,9.0.1
wh_main_unit_contact_poison,scalar_missile_damage_ap,0.8500,mult,data/unit_stats/source_exports/db/special_ability_phase_stat_effects_tables/data__.tsv,3196,9.0.1
wh_main_unit_contact_poison,scalar_missile_damage_base,0.8500,mult,data/unit_stats/source_exports/db/special_ability_phase_stat_effects_tables/data__.tsv,3197,9.0.1
wh_main_unit_contact_poison,scalar_speed,0.8500,mult,data/unit_stats/source_exports/db/special_ability_phase_stat_effects_tables/data__.tsv,3198,9.0.1
wh_main_unit_contact_poison,stat_melee_damage_ap,0.8500,mult,data/unit_stats/source_exports/db/special_ability_phase_stat_effects_tables/data__.tsv,3199,9.0.1
wh_main_unit_contact_poison,stat_melee_damage_base,0.8500,mult,data/unit_stats/source_exports/db/special_ability_phase_stat_effects_tables/data__.tsv,3200,9.0.1
wh_main_unit_passive_frenzy,stat_charge_bonus,1.1000,mult,data/unit_stats/source_exports/db/special_ability_phase_stat_effects_tables/data__.tsv,3201,9.0.1
wh_main_unit_passive_frenzy,stat_melee_attack,10.0000,add,data/unit_stats/source_exports/db/special_ability_phase_stat_effects_tables/data__.tsv,3202,9.0.1
wh_main_unit_passive_frenzy,stat_melee_damage_ap,1.1000,mult,data/unit_stats/source_exports/db/special_ability_phase_stat_effects_tables/data__.tsv,3203,9.0.1
wh_main_unit_passive_frenzy,stat_melee_damage_base,1.1000,mult,data/unit_stats/source_exports/db/special_ability_phase_stat_effects_tables/data__.tsv,3204,9.0.1
wh_main_unit_passive_regeneration,stat_weakness_flame,-20.0000,add,data/unit_stats/source_exports/db/special_ability_phase_stat_effects_tables/data__.tsv,3205,9.0.1
wh_main_unit_passive_war_paint,stat_resistance_magic,10.0000,add,data/unit_stats/source_exports/db/special_ability_phase_stat_effects_tables/data__.tsv,3206,9.0.1
wh_main_weapon_abilities_axe_of_dargo,stat_bonus_vs_large,32.0000,add,data/unit_stats/source_exports/db/special_ability_phase_stat_effects_tables/data__.tsv,3207,9.0.1
wh_main_weapon_abilities_axe_of_dargo,stat_melee_damage_ap,1.5000,mult,data/unit_stats/source_exports/db/special_ability_phase_stat_effects_tables/data__.tsv,3208,9.0.1
wh_main_weapon_abilities_charmed_shield,stat_missile_block_chance,25.0000,add,data/unit_stats/source_exports/db/special_ability_phase_stat_effects_tables/data__.tsv,3209,9.0.1
wh_main_weapon_abilities_charmed_shield,stat_resistance_all,20.0000,add,data/unit_stats/source_exports/db/special_ability_phase_stat_effects_tables/data__.tsv,3210,9.0.1
wh_main_weapon_abilities_filth_mace,stat_melee_damage_ap,1.2500,mult,data/unit_stats/source_exports/db/special_ability_phase_stat_effects_tables/data__.tsv,3211,9.0.1
wh_main_weapon_abilities_filth_mace,stat_melee_damage_base,1.2500,mult,data/unit_stats/source_exports/db/special_ability_phase_stat_effects_tables/data__.tsv,3212,9.0.1
wh_main_weapon_abilities_ghal_maraz,stat_bonus_vs_large,16.0000,add,data/unit_stats/source_exports/db/special_ability_phase_stat_effects_tables/data__.tsv,3213,9.0.1
wh_main_weapon_abilities_ghal_maraz,stat_melee_damage_ap,1.5000,mult,data/unit_stats/source_exports/db/special_ability_phase_stat_effects_tables/data__.tsv,3214,9.0.1
wh_main_weapon_abilities_gitsnik,stat_melee_attack,24.0000,add,data/unit_stats/source_exports/db/special_ability_phase_stat_effects_tables/data__.tsv,3215,9.0.1
wh_main_weapon_abilities_gitsnik,stat_melee_damage_ap,1.5000,mult,data/unit_stats/source_exports/db/special_ability_phase_stat_effects_tables/data__.tsv,3216,9.0.1
wh_main_weapon_abilities_gitsnik,stat_melee_damage_base,1.5000,mult,data/unit_stats/source_exports/db/special_ability_phase_stat_effects_tables/data__.tsv,3217,9.0.1
wh_main_weapon_abilities_hellfire_sword,stat_melee_damage_ap,1.5000,mult,data/unit_stats/source_exports/db/special_ability_phase_stat_effects_tables/data__.tsv,3218,9.0.1
wh_main_weapon_abilities_hellfire_sword,stat_melee_damage_base,1.5000,mult,data/unit_stats/source_exports/db/special_ability_phase_stat_effects_tables/data__.tsv,3219,9.0.1
wh_main_weapon_abilities_helm_of_discord,stat_melee_attack,-24.0000,add,data/unit_stats/source_exports/db/special_ability_phase_stat_effects_tables/data__.tsv,3220,9.0.1
wh_main_weapon_abilities_helm_of_discord,stat_melee_defence,-24.0000,add,data/unit_stats/source_exports/db/special_ability_phase_stat_effects_tables/data__.tsv,3221,9.0.1
wh_main_weapon_abilities_runefang,scalar_splash_attack_power,1.5000,mult,data/unit_stats/source_exports/db/special_ability_phase_stat_effects_tables/data__.tsv,3222,9.0.1
wh_main_weapon_abilities_runefang,stat_melee_damage_ap,1.5000,mult,data/unit_stats/source_exports/db/special_ability_phase_stat_effects_tables/data__.tsv,3223,9.0.1
wh_main_weapon_abilities_runefang,stat_melee_damage_base,1.5000,mult,data/unit_stats/source_exports/db/special_ability_phase_stat_effects_tables/data__.tsv,3224,9.0.1
wh_main_weapon_abilities_sword_of_anti_heroes,stat_melee_damage_ap,1.5000,mult,data/unit_stats/source_exports/db/special_ability_phase_stat_effects_tables/data__.tsv,3225,9.0.1
wh_main_weapon_abilities_sword_of_anti_heroes,stat_melee_damage_base,1.5000,mult,data/unit_stats/source_exports/db/special_ability_phase_stat_effects_tables/data__.tsv,3226,9.0.1
wh_main_weapon_abilities_the_hammer_of_karak_drazh,stat_melee_attack,-40.0000,add,data/unit_stats/source_exports/db/special_ability_phase_stat_effects_tables/data__.tsv,3227,9.0.1
wh_main_weapon_abilities_the_hammer_of_karak_drazh,stat_melee_damage_base,0.7000,mult,data/unit_stats/source_exports/db/special_ability_phase_stat_effects_tables/data__.tsv,3228,9.0.1
wh_main_weapon_abilities_the_mace_of_helsturm,stat_melee_damage_ap,1.5000,mult,data/unit_stats/source_exports/db/special_ability_phase_stat_effects_tables/data__.tsv,3229,9.0.1
wh_main_weapon_abilities_the_mace_of_helsturm,stat_melee_damage_base,1.5000,mult,data/unit_stats/source_exports/db/special_ability_phase_stat_effects_tables/data__.tsv,3230,9.0.1
wh_main_weapon_abilities_the_reikland_runefang,stat_melee_attack,24.0000,add,data/unit_stats/source_exports/db/special_ability_phase_stat_effects_tables/data__.tsv,3231,9.0.1
wh_main_weapon_abilities_the_reikland_runefang,stat_morale,8.0000,add,data/unit_stats/source_exports/db/special_ability_phase_stat_effects_tables/data__.tsv,3232,9.0.1
wh_main_weapon_abilities_the_sword_of_couronne,stat_armour,-30.0000,add,data/unit_stats/source_exports/db/special_ability_phase_stat_effects_tables/data__.tsv,3233,9.0.1
wh_main_weapon_abilities_the_sword_of_couronne,stat_melee_defence,-24.0000,add,data/unit_stats/source_exports/db/special_ability_phase_stat_effects_tables/data__.tsv,3234,9.0.1
wh_main_weapon_abilities_tormentor_sword,stat_melee_attack,-24.0000,add,data/unit_stats/source_exports/db/special_ability_phase_stat_effects_tables/data__.tsv,3235,9.0.1
wh_main_weapon_passive_chaos_tomb_blade,stat_melee_attack,5.0000,add,data/unit_stats/source_exports/db/special_ability_phase_stat_effects_tables/data__.tsv,3236,9.0.1
wh_main_weapon_passive_glittering_scales,stat_melee_attack,-5.0000,add,data/unit_stats/source_exports/db/special_ability_phase_stat_effects_tables/data__.tsv,3237,9.0.1
wh_main_weapon_passive_warrior_bane,stat_melee_damage_base,0.8800,mult,data/unit_stats/source_exports/db/special_ability_phase_stat_effects_tables/data__.tsv,3238,9.0.1
wh_pro01_item_passive_rune_helm_of_zhufbar,stat_morale,12.0000,add,data/unit_stats/source_exports/db/special_ability_phase_stat_effects_tables/data__.tsv,3239,9.0.1
wh_pro01_lord_abilities_flash_bomb,scalar_charge_speed,0.4000,mult,data/unit_stats/source_exports/db/special_ability_phase_stat_effects_tables/data__.tsv,3240,9.0.1
wh_pro01_lord_abilities_flash_bomb,scalar_speed,0.4000,mult,data/unit_stats/source_exports/db/special_ability_phase_stat_effects_tables/data__.tsv,3241,9.0.1
wh_pro01_lord_abilities_flash_bomb,stat_melee_defence,-24.0000,add,data/unit_stats/source_exports/db/special_ability_phase_stat_effects_tables/data__.tsv,3242,9.0.1
wh_pro01_lord_passive_grombrindal_has_no_fear,stat_melee_defence,24.0000,add,data/unit_stats/source_exports/db/special_ability_phase_stat_effects_tables/data__.tsv,3243,9.0.1
wh_pro01_weapon_abilities_rune_axe_of_grombrindal,stat_melee_damage_ap,1.5000,mult,data/unit_stats/source_exports/db/special_ability_phase_stat_effects_tables/data__.tsv,3244,9.0.1
wh_pro04_unit_abilities_enrage,stat_resistance_all,40.0000,add,data/unit_stats/source_exports/db/special_ability_phase_stat_effects_tables/data__.tsv,3245,9.0.1
wh_pro04_unit_abilities_loecs_shroud,scalar_speed,1.2500,mult,data/unit_stats/source_exports/db/special_ability_phase_stat_effects_tables/data__.tsv,3246,9.0.1
wh_pro04_unit_passive_apocalyptic_charge,scalar_charge_speed,1.1000,mult,data/unit_stats/source_exports/db/special_ability_phase_stat_effects_tables/data__.tsv,3247,9.0.1
wh_pro04_unit_passive_apocalyptic_charge,stat_charge_bonus,1.2000,mult,data/unit_stats/source_exports/db/special_ability_phase_stat_effects_tables/data__.tsv,3248,9.0.1
wh_pro04_unit_passive_guardian,stat_resistance_physical,15.0000,add,data/unit_stats/source_exports/db/special_ability_phase_stat_effects_tables/data__.tsv,3249,9.0.1
wh_pro04_unit_passive_soul_devourer,stat_reloading,40.0000,add,data/unit_stats/source_exports/db/special_ability_phase_stat_effects_tables/data__.tsv,3250,9.0.1
wh_pro04_unit_passive_wildfire_aura,stat_resistance_flame,20.0000,add,data/unit_stats/source_exports/db/special_ability_phase_stat_effects_tables/data__.tsv,3251,9.0.1
