agent_subtype_key,node_set_key,node_key,skill_key,skill_level,effect_key,skill_source_path,skill_source_line,ability_key,binding_table,binding_source_path,binding_source_line,bonus_value_id,target_kind,target_key
wh_dlc07_chs_chaos_sorcerer_shadow,wh_dlc07_skill_node_set_chs_sorcerer_shadow,wh_dlc07_skill_node_chs_chaos_sorcerer_shadow_magic1_01,wh_dlc05_skill_magic_shadow_mystifying_miasma,1,wh_dlc05_effect_ability_cooldown_melkoths_mystifying_miasma,data/skill_trees/characters/warriors_of_chaos/Chaos_Sorcerer_Shadows.csv,9,wh_dlc05_spell_shadow_melkoths_mystifying_miasma,ability_bindings,data/effect_semantics/source_exports/db/effect_bonus_value_unit_ability_junctions_tables/data__.tsv,5138,recharge_mod,ability,wh_dlc05_spell_shadow_melkoths_mystifying_miasma
wh_dlc07_chs_chaos_sorcerer_shadow,wh_dlc07_skill_node_set_chs_sorcerer_shadow,wh_dlc07_skill_node_chs_chaos_sorcerer_shadow_magic1_01,wh_dlc05_skill_magic_shadow_mystifying_miasma,1,wh2_main_effect_ability_overcast_melkoths_mystifying_miasma,data/skill_trees/characters/warriors_of_chaos/Chaos_Sorcerer_Shadows.csv,10,wh_dlc05_spell_shadow_melkoths_mystifying_miasma,ability_bindings,data/effect_semantics/source_exports/db/effect_bonus_value_unit_ability_junctions_tables/data__.tsv,1346,enable_overchage,ability,wh_dlc05_spell_shadow_melkoths_mystifying_miasma
wh_dlc07_chs_chaos_sorcerer_shadow,wh_dlc07_skill_node_set_chs_sorcerer_shadow,wh_dlc07_skill_node_chs_chaos_sorcerer_shadow_magic1_01,wh_dlc05_skill_magic_shadow_mystifying_miasma,1,wh2_main_effect_ability_overcast_melkoths_mystifying_miasma,data/skill_trees/characters/warriors_of_chaos/Chaos_Sorcerer_Shadows.csv,10,wh_dlc05_spell_shadow_melkoths_mystifying_miasma,ability_bindings,data/effect_semantics/source_exports/db/effect_bonus_value_unit_ability_junctions_tables/data__.tsv,1347,enable,ability,wh_dlc05_spell_shadow_melkoths_mystifying_miasma
wh_dlc07_chs_chaos_sorcerer_shadow,wh_dlc07_skill_node_set_chs_sorcerer_shadow,wh_dlc07_skill_node_chs_chaos_sorcerer_shadow_magic1_01,wh_dlc05_skill_magic_shadow_mystifying_miasma,2,wh_dlc05_effect_ability_cooldown_melkoths_mystifying_miasma,data/skill_trees/characters/warriors_of_chaos/Chaos_Sorcerer_Shadows.csv,11,wh_dlc05_spell_shadow_melkoths_mystifying_miasma,ability_bindings,data/effect_semantics/source_exports/db/effect_bonus_value_unit_ability_junctions_tables/data__.tsv,5138,recharge_mod,ability,wh_dlc05_spell_shadow_melkoths_mystifying_miasma
wh_dlc07_chs_chaos_sorcerer_shadow,wh_dlc07_skill_node_set_chs_sorcerer_shadow,wh_dlc07_skill_node_chs_chaos_sorcerer_shadow_magic1_01,wh_dlc05_skill_magic_shadow_mystifying_miasma,2,wh2_main_effect_ability_miscast_melkoths_mystifying_miasma_upgraded,data/skill_trees/characters/warriors_of_chaos/Chaos_Sorcerer_Shadows.csv,12,wh_dlc05_spell_shadow_melkoths_mystifying_miasma_upgraded,ability_bindings,data/effect_semantics/source_exports/db/effect_bonus_value_unit_ability_junctions_tables/data__.tsv,1229,miscast_percentage_mod,ability,wh_dlc05_spell_shadow_melkoths_mystifying_miasma_upgraded
wh_dlc07_chs_chaos_sorcerer_shadow,wh_dlc07_skill_node_set_chs_sorcerer_shadow,wh_dlc07_skill_node_chs_chaos_sorcerer_shadow_magic1_01,wh_dlc05_skill_magic_shadow_mystifying_miasma,2,wh2_main_effect_ability_overcast_melkoths_mystifying_miasma,data/skill_trees/characters/warriors_of_chaos/Chaos_Sorcerer_Shadows.csv,13,wh_dlc05_spell_shadow_melkoths_mystifying_miasma,ability_bindings,data/effect_semantics/source_exports/db/effect_bonus_value_unit_ability_junctions_tables/data__.tsv,1346,enable_overchage,ability,wh_dlc05_spell_shadow_melkoths_mystifying_miasma
wh_dlc07_chs_chaos_sorcerer_shadow,wh_dlc07_skill_node_set_chs_sorcerer_shadow,wh_dlc07_skill_node_chs_chaos_sorcerer_shadow_magic1_01,wh_dlc05_skill_magic_shadow_mystifying_miasma,2,wh2_main_effect_ability_overcast_melkoths_mystifying_miasma,data/skill_trees/characters/warriors_of_chaos/Chaos_Sorcerer_Shadows.csv,13,wh_dlc05_spell_shadow_melkoths_mystifying_miasma,ability_bindings,data/effect_semantics/source_exports/db/effect_bonus_value_unit_ability_junctions_tables/data__.tsv,1347,enable,ability,wh_dlc05_spell_shadow_melkoths_mystifying_miasma
wh_dlc07_chs_chaos_sorcerer_shadow,wh_dlc07_skill_node_set_chs_sorcerer_shadow,wh_dlc07_skill_node_chs_chaos_sorcerer_shadow_magic1_01,wh_dlc05_skill_magic_shadow_mystifying_miasma,2,wh2_main_effect_ability_wom_cost_melkoths_mystifying_miasma,data/skill_trees/characters/warriors_of_chaos/Chaos_Sorcerer_Shadows.csv,14,wh_dlc05_spell_shadow_melkoths_mystifying_miasma,ability_bindings,data/effect_semantics/source_exports/db/effect_bonus_value_unit_ability_junctions_tables/data__.tsv,1522,cost_mod,ability,wh_dlc05_spell_shadow_melkoths_mystifying_miasma
wh_dlc07_chs_chaos_sorcerer_shadow,wh_dlc07_skill_node_set_chs_sorcerer_shadow,wh_dlc07_skill_node_chs_chaos_sorcerer_shadow_magic1_01,wh_dlc05_skill_magic_shadow_mystifying_miasma,2,wh2_main_effect_ability_wom_cost_melkoths_mystifying_miasma_upgraded,data/skill_trees/characters/warriors_of_chaos/Chaos_Sorcerer_Shadows.csv,15,wh_dlc05_spell_shadow_melkoths_mystifying_miasma_upgraded,ability_bindings,data/effect_semantics/source_exports/db/effect_bonus_value_unit_ability_junctions_tables/data__.tsv,1521,cost_mod,ability,wh_dlc05_spell_shadow_melkoths_mystifying_miasma_upgraded
wh_dlc07_chs_chaos_sorcerer_shadow,wh_dlc07_skill_node_set_chs_sorcerer_shadow,wh_dlc07_skill_node_chs_chaos_sorcerer_shadow_magic1_02,wh_dlc05_skill_magic_shadow_smoke_and_mirrors,1,wh_dlc05_effect_ability_enable_smoke_and_mirrors,data/skill_trees/characters/warriors_of_chaos/Chaos_Sorcerer_Shadows.csv,213,wh_dlc05_lore_passive_smoke_and_mirrors,ability_bindings,data/effect_semantics/source_exports/db/effect_bonus_value_unit_ability_junctions_tables/data__.tsv,5184,enable,ability,wh_dlc05_lore_passive_smoke_and_mirrors
wh_dlc07_chs_chaos_sorcerer_shadow,wh_dlc07_skill_node_set_chs_sorcerer_shadow,wh3_dlc20_skill_node_chs_chaos_sorcerer_shadow_shared_02,wh3_dlc20_skill_shared_chs_cha_chaos_sorcerer_quick,1,wh2_main_effect_ability_cooldown_spells,data/skill_trees/characters/warriors_of_chaos/Chaos_Sorcerer_Shadows.csv,216,wh2_dlc09_spell_nehekhara_djafs_incantation_of_cursed_blades,ability_bindings,data/effect_semantics/source_exports/db/effect_bonus_value_unit_ability_junctions_tables/data__.tsv,844,recharge_mod,ability,wh2_dlc09_spell_nehekhara_djafs_incantation_of_cursed_blades
wh_dlc07_chs_chaos_sorcerer_shadow,wh_dlc07_skill_node_set_chs_sorcerer_shadow,wh3_dlc20_skill_node_chs_chaos_sorcerer_shadow_shared_02,wh3_dlc20_skill_shared_chs_cha_chaos_sorcerer_quick,1,wh2_main_effect_ability_cooldown_spells,data/skill_trees/characters/warriors_of_chaos/Chaos_Sorcerer_Shadows.csv,216,wh2_dlc09_spell_nehekhara_nerus_incantation_of_protection,ability_bindings,data/effect_semantics/source_exports/db/effect_bonus_value_unit_ability_junctions_tables/data__.tsv,845,recharge_mod,ability,wh2_dlc09_spell_nehekhara_nerus_incantation_of_protection
wh_dlc07_chs_chaos_sorcerer_shadow,wh_dlc07_skill_node_set_chs_sorcerer_shadow,wh3_dlc20_skill_node_chs_chaos_sorcerer_shadow_shared_02,wh3_dlc20_skill_shared_chs_cha_chaos_sorcerer_quick,1,wh2_main_effect_ability_cooldown_spells,data/skill_trees/characters/warriors_of_chaos/Chaos_Sorcerer_Shadows.csv,216,wh2_dlc09_spell_nehekhara_ptras_incantation_of_righteous_smiting,ability_bindings,data/effect_semantics/source_exports/db/effect_bonus_value_unit_ability_junctions_tables/data__.tsv,846,recharge_mod,ability,wh2_dlc09_spell_nehekhara_ptras_incantation_of_righteous_smiting
wh_dlc07_chs_chaos_sorcerer_shadow,wh_dlc07_skill_node_set_chs_sorcerer_shadow,wh3_dlc20_skill_node_chs_chaos_sorcerer_shadow_shared_02,wh3_dlc20_skill_shared_chs_cha_chaos_sorcerer_quick,1,wh2_main_effect_ability_cooldown_spells,data/skill_trees/characters/warriors_of_chaos/Chaos_Sorcerer_Shadows.csv,216,wh2_dlc09_spell_nehekhara_sakhmets_incantation_of_the_skullstorm,ability_bindings,data/effect_semantics/source_exports/db/effect_bonus_value_unit_ability_junctions_tables/data__.tsv,847,recharge_mod,ability,wh2_dlc09_spell_nehekhara_sakhmets_incantation_of_the_skullstorm
wh_dlc07_chs_chaos_sorcerer_shadow,wh_dlc07_skill_node_set_chs_sorcerer_shadow,wh3_dlc20_skill_node_chs_chaos_sorcerer_shadow_shared_02,wh3_dlc20_skill_shared_chs_cha_chaos_sorcerer_quick,1,wh2_main_effect_ability_cooldown_spells,data/skill_trees/characters/warriors_of_chaos/Chaos_Sorcerer_Shadows.csv,216,wh2_dlc09_spell_nehekhara_usekhps_incantation_of_desiccation,ability_bindings,data/effect_semantics/source_exports/db/effect_bonus_value_unit_ability_junctions_tables/data__.tsv,848,recharge_mod,ability,wh2_dlc09_spell_nehekhara_usekhps_incantation_of_desiccation
wh_dlc07_chs_chaos_sorcerer_shadow,wh_dlc07_skill_node_set_chs_sorcerer_shadow,wh3_dlc20_skill_node_chs_chaos_sorcerer_shadow_shared_02,wh3_dlc20_skill_shared_chs_cha_chaos_sorcerer_quick,1,wh2_main_effect_ability_cooldown_spells,data/skill_trees/characters/warriors_of_chaos/Chaos_Sorcerer_Shadows.csv,216,wh2_dlc09_spell_nehekhara_usirians_incantation_of_vengeance,ability_bindings,data/effect_semantics/source_exports/db/effect_bonus_value_unit_ability_junctions_tables/data__.tsv,849,recharge_mod,ability,wh2_dlc09_spell_nehekhara_usirians_incantation_of_vengeance
wh_dlc07_chs_chaos_sorcerer_shadow,wh_dlc07_skill_node_set_chs_sorcerer_shadow,wh3_dlc20_skill_node_chs_chaos_sorcerer_shadow_shared_02,wh3_dlc20_skill_shared_chs_cha_chaos_sorcerer_quick,1,wh2_main_effect_ability_cooldown_spells,data/skill_trees/characters/warriors_of_chaos/Chaos_Sorcerer_Shadows.csv,216,wh2_dlc11_spell_beasts_transformation_of_kadon,ability_bindings,data/effect_semantics/source_exports/db/effect_bonus_value_unit_ability_junctions_tables/data__.tsv,850,recharge_mod,ability,wh2_dlc11_spell_beasts_transformation_of_kadon
wh_dlc07_chs_chaos_sorcerer_shadow,wh_dlc07_skill_node_set_chs_sorcerer_shadow,wh3_dlc20_skill_node_chs_chaos_sorcerer_shadow_shared_02,wh3_dlc20_skill_shared_chs_cha_chaos_sorcerer_quick,1,wh2_main_effect_ability_cooldown_spells,data/skill_trees/characters/warriors_of_chaos/Chaos_Sorcerer_Shadows.csv,216,wh2_dlc11_spell_deep_denizens_of_the_deep,ability_bindings,data/effect_semantics/source_exports/db/effect_bonus_value_unit_ability_junctions_tables/data__.tsv,851,recharge_mod,ability,wh2_dlc11_spell_deep_denizens_of_the_deep
wh_dlc07_chs_chaos_sorcerer_shadow,wh_dlc07_skill_node_set_chs_sorcerer_shadow,wh3_dlc20_skill_node_chs_chaos_sorcerer_shadow_shared_02,wh3_dlc20_skill_shared_chs_cha_chaos_sorcerer_quick,1,wh2_main_effect_ability_cooldown_spells,data/skill_trees/characters/warriors_of_chaos/Chaos_Sorcerer_Shadows.csv,216,wh2_dlc11_spell_deep_fog_of_the_damned,ability_bindings,data/effect_semantics/source_exports/db/effect_bonus_value_unit_ability_junctions_tables/data__.tsv,852,recharge_mod,ability,wh2_dlc11_spell_deep_fog_of_the_damned
wh_dlc07_chs_chaos_sorcerer_shadow,wh_dlc07_skill_node_set_chs_sorcerer_shadow,wh3_dlc20_skill_node_chs_chaos_sorcerer_shadow_shared_02,wh3_dlc20_skill_shared_chs_cha_chaos_sorcerer_quick,1,wh2_main_effect_ability_cooldown_spells,data/skill_trees/characters/warriors_of_chaos/Chaos_Sorcerer_Shadows.csv,216,wh2_dlc11_spell_deep_ghost_ship,ability_bindings,data/effect_semantics/source_exports/db/effect_bonus_value_unit_ability_junctions_tables/data__.tsv,853,recharge_mod,ability,wh2_dlc11_spell_deep_ghost_ship
wh_dlc07_chs_chaos_sorcerer_shadow,wh_dlc07_skill_node_set_chs_sorcerer_shadow,wh3_dlc20_skill_node_chs_chaos_sorcerer_shadow_shared_02,wh3_dlc20_skill_shared_chs_cha_chaos_sorcerer_quick,1,wh2_main_effect_ability_cooldown_spells,data/skill_trees/characters/warriors_of_chaos/Chaos_Sorcerer_Shadows.csv,216,wh2_dlc11_spell_deep_krakens_pull,ability_bindings,data/effect_semantics/source_exports/db/effect_bonus_value_unit_ability_junctions_tables/data__.tsv,854,recharge_mod,ability,wh2_dlc11_spell_deep_krakens_pull
wh_dlc07_chs_chaos_sorcerer_shadow,wh_dlc07_skill_node_set_chs_sorcerer_shadow,wh3_dlc20_skill_node_chs_chaos_sorcerer_shadow_shared_02,wh3_dlc20_skill_shared_chs_cha_chaos_sorcerer_quick,1,wh2_main_effect_ability_cooldown_spells,data/skill_trees/characters/warriors_of_chaos/Chaos_Sorcerer_Shadows.csv,216,wh2_dlc11_spell_deep_spiteful_shot,ability_bindings,data/effect_semantics/source_exports/db/effect_bonus_value_unit_ability_junctions_tables/data__.tsv,855,recharge_mod,ability,wh2_dlc11_spell_deep_spiteful_shot
wh_dlc07_chs_chaos_sorcerer_shadow,wh_dlc07_skill_node_set_chs_sorcerer_shadow,wh3_dlc20_skill_node_chs_chaos_sorcerer_shadow_shared_02,wh3_dlc20_skill_shared_chs_cha_chaos_sorcerer_quick,1,wh2_main_effect_ability_cooldown_spells,data/skill_trees/characters/warriors_of_chaos/Chaos_Sorcerer_Shadows.csv,216,wh2_dlc11_spell_deep_tidecall,ability_bindings,data/effect_semantics/source_exports/db/effect_bonus_value_unit_ability_junctions_tables/data__.tsv,856,recharge_mod,ability,wh2_dlc11_spell_deep_tidecall
wh_dlc07_chs_chaos_sorcerer_shadow,wh_dlc07_skill_node_set_chs_sorcerer_shadow,wh3_dlc20_skill_node_chs_chaos_sorcerer_shadow_shared_02,wh3_dlc20_skill_shared_chs_cha_chaos_sorcerer_quick,1,wh2_main_effect_ability_cooldown_spells,data/skill_trees/characters/warriors_of_chaos/Chaos_Sorcerer_Shadows.csv,216,wh2_dlc11_spell_vampires_drowned_dead,ability_bindings,data/effect_semantics/source_exports/db/effect_bonus_value_unit_ability_junctions_tables/data__.tsv,857,recharge_mod,ability,wh2_dlc11_spell_vampires_drowned_dead
wh_dlc07_chs_chaos_sorcerer_shadow,wh_dlc07_skill_node_set_chs_sorcerer_shadow,wh3_dlc20_skill_node_chs_chaos_sorcerer_shadow_shared_02,wh3_dlc20_skill_shared_chs_cha_chaos_sorcerer_quick,1,wh2_main_effect_ability_cooldown_spells,data/skill_trees/characters/warriors_of_chaos/Chaos_Sorcerer_Shadows.csv,216,wh2_dlc12_spell_kroak_deliverance_of_itza_1,ability_bindings,data/effect_semantics/source_exports/db/effect_bonus_value_unit_ability_junctions_tables/data__.tsv,858,recharge_mod,ability,wh2_dlc12_spell_kroak_deliverance_of_itza_1
wh_dlc07_chs_chaos_sorcerer_shadow,wh_dlc07_skill_node_set_chs_sorcerer_shadow,wh3_dlc20_skill_node_chs_chaos_sorcerer_shadow_shared_02,wh3_dlc20_skill_shared_chs_cha_chaos_sorcerer_quick,1,wh2_main_effect_ability_cooldown_spells,data/skill_trees/characters/warriors_of_chaos/Chaos_Sorcerer_Shadows.csv,216,wh2_dlc12_spell_kroak_deliverance_of_itza_2,ability_bindings,data/effect_semantics/source_exports/db/effect_bonus_value_unit_ability_junctions_tables/data__.tsv,859,recharge_mod,ability,wh2_dlc12_spell_kroak_deliverance_of_itza_2
wh_dlc07_chs_chaos_sorcerer_shadow,wh_dlc07_skill_node_set_chs_sorcerer_shadow,wh3_dlc20_skill_node_chs_chaos_sorcerer_shadow_shared_02,wh3_dlc20_skill_shared_chs_cha_chaos_sorcerer_quick,1,wh2_main_effect_ability_cooldown_spells,data/skill_trees/characters/warriors_of_chaos/Chaos_Sorcerer_Shadows.csv,216,wh2_dlc12_spell_kroak_deliverance_of_itza_3,ability_bindings,data/effect_semantics/source_exports/db/effect_bonus_value_unit_ability_junctions_tables/data__.tsv,860,recharge_mod,ability,wh2_dlc12_spell_kroak_deliverance_of_itza_3
wh_dlc07_chs_chaos_sorcerer_shadow,wh_dlc07_skill_node_set_chs_sorcerer_shadow,wh3_dlc20_skill_node_chs_chaos_sorcerer_shadow_shared_02,wh3_dlc20_skill_shared_chs_cha_chaos_sorcerer_quick,1,wh2_main_effect_ability_cooldown_spells,data/skill_trees/characters/warriors_of_chaos/Chaos_Sorcerer_Shadows.csv,216,wh2_main_spell_dark_magic_bladewind,ability_bindings,data/effect_semantics/source_exports/db/effect_bonus_value_unit_ability_junctions_tables/data__.tsv,861,recharge_mod,ability,wh2_main_spell_dark_magic_bladewind
wh_dlc07_chs_chaos_sorcerer_shadow,wh_dlc07_skill_node_set_chs_sorcerer_shadow,wh3_dlc20_skill_node_chs_chaos_sorcerer_shadow_shared_02,wh3_dlc20_skill_shared_chs_cha_chaos_sorcerer_quick,1,wh2_main_effect_ability_cooldown_spells,data/skill_trees/characters/warriors_of_chaos/Chaos_Sorcerer_Shadows.csv,216,wh2_main_spell_dark_magic_chillwind,ability_bindings,data/effect_semantics/source_exports/db/effect_bonus_value_unit_ability_junctions_tables/data__.tsv,862,recharge_mod,ability,wh2_main_spell_dark_magic_chillwind
wh_dlc07_chs_chaos_sorcerer_shadow,wh_dlc07_skill_node_set_chs_sorcerer_shadow,wh3_dlc20_skill_node_chs_chaos_sorcerer_shadow_shared_02,wh3_dlc20_skill_shared_chs_cha_chaos_sorcerer_quick,1,wh2_main_effect_ability_cooldown_spells,data/skill_trees/characters/warriors_of_chaos/Chaos_Sorcerer_Shadows.csv,216,wh2_main_spell_dark_magic_doombolt,ability_bindings,data/effect_semantics/source_exports/db/effect_bonus_value_unit_ability_junctions_tables/data__.tsv,863,recharge_mod,ability,wh2_main_spell_dark_magic_doombolt
wh_dlc07_chs_chaos_sorcerer_shadow,wh_dlc07_skill_node_set_chs_sorcerer_shadow,wh3_dlc20_skill_node_chs_chaos_sorcerer_shadow_shared_02,wh3_dlc20_skill_shared_chs_cha_chaos_sorcerer_quick,1,wh2_main_effect_ability_cooldown_spells,data/skill_trees/characters/warriors_of_chaos/Chaos_Sorcerer_Shadows.csv,216,wh2_main_spell_dark_magic_power_of_darkness,ability_bindings,data/effect_semantics/source_exports/db/effect_bonus_value_unit_ability_junctions_tables/data__.tsv,864,recharge_mod,ability,wh2_main_spell_dark_magic_power_of_darkness
wh_dlc07_chs_chaos_sorcerer_shadow,wh_dlc07_skill_node_set_chs_sorcerer_shadow,wh3_dlc20_skill_node_chs_chaos_sorcerer_shadow_shared_02,wh3_dlc20_skill_shared_chs_cha_chaos_sorcerer_quick,1,wh2_main_effect_ability_cooldown_spells,data/skill_trees/characters/warriors_of_chaos/Chaos_Sorcerer_Shadows.csv,216,wh2_main_spell_dark_magic_soul_stealer,ability_bindings,data/effect_semantics/source_exports/db/effect_bonus_value_unit_ability_junctions_tables/data__.tsv,865,recharge_mod,ability,wh2_main_spell_dark_magic_soul_stealer
wh_dlc07_chs_chaos_sorcerer_shadow,wh_dlc07_skill_node_set_chs_sorcerer_shadow,wh3_dlc20_skill_node_chs_chaos_sorcerer_shadow_shared_02,wh3_dlc20_skill_shared_chs_cha_chaos_sorcerer_quick,1,wh2_main_effect_ability_cooldown_spells,data/skill_trees/characters/warriors_of_chaos/Chaos_Sorcerer_Shadows.csv,216,wh2_main_spell_dark_magic_word_of_pain,ability_bindings,data/effect_semantics/source_exports/db/effect_bonus_value_unit_ability_junctions_tables/data__.tsv,866,recharge_mod,ability,wh2_main_spell_dark_magic_word_of_pain
wh_dlc07_chs_chaos_sorcerer_shadow,wh_dlc07_skill_node_set_chs_sorcerer_shadow,wh3_dlc20_skill_node_chs_chaos_sorcerer_shadow_shared_02,wh3_dlc20_skill_shared_chs_cha_chaos_sorcerer_quick,1,wh2_main_effect_ability_cooldown_spells,data/skill_trees/characters/warriors_of_chaos/Chaos_Sorcerer_Shadows.csv,216,wh2_main_spell_grey_seer_the_dreaded_thirteenth_spell,ability_bindings,data/effect_semantics/source_exports/db/effect_bonus_value_unit_ability_junctions_tables/data__.tsv,867,recharge_mod,ability,wh2_main_spell_grey_seer_the_dreaded_thirteenth_spell
wh_dlc07_chs_chaos_sorcerer_shadow,wh_dlc07_skill_node_set_chs_sorcerer_shadow,wh3_dlc20_skill_node_chs_chaos_sorcerer_shadow_shared_02,wh3_dlc20_skill_shared_chs_cha_chaos_sorcerer_quick,1,wh2_main_effect_ability_cooldown_spells,data/skill_trees/characters/warriors_of_chaos/Chaos_Sorcerer_Shadows.csv,216,wh2_main_spell_high_magic_apotheosis,ability_bindings,data/effect_semantics/source_exports/db/effect_bonus_value_unit_ability_junctions_tables/data__.tsv,868,recharge_mod,ability,wh2_main_spell_high_magic_apotheosis
wh_dlc07_chs_chaos_sorcerer_shadow,wh_dlc07_skill_node_set_chs_sorcerer_shadow,wh3_dlc20_skill_node_chs_chaos_sorcerer_shadow_shared_02,wh3_dlc20_skill_shared_chs_cha_chaos_sorcerer_quick,1,wh2_main_effect_ability_cooldown_spells,data/skill_trees/characters/warriors_of_chaos/Chaos_Sorcerer_Shadows.csv,216,wh2_main_spell_high_magic_arcane_unforging,ability_bindings,data/effect_semantics/source_exports/db/effect_bonus_value_unit_ability_junctions_tables/data__.tsv,869,recharge_mod,ability,wh2_main_spell_high_magic_arcane_unforging
wh_dlc07_chs_chaos_sorcerer_shadow,wh_dlc07_skill_node_set_chs_sorcerer_shadow,wh3_dlc20_skill_node_chs_chaos_sorcerer_shadow_shared_02,wh3_dlc20_skill_shared_chs_cha_chaos_sorcerer_quick,1,wh2_main_effect_ability_cooldown_spells,data/skill_trees/characters/warriors_of_chaos/Chaos_Sorcerer_Shadows.csv,216,wh2_main_spell_high_magic_fiery_convocation,ability_bindings,data/effect_semantics/source_exports/db/effect_bonus_value_unit_ability_junctions_tables/data__.tsv,870,recharge_mod,ability,wh2_main_spell_high_magic_fiery_convocation
wh_dlc07_chs_chaos_sorcerer_shadow,wh_dlc07_skill_node_set_chs_sorcerer_shadow,wh3_dlc20_skill_node_chs_chaos_sorcerer_shadow_shared_02,wh3_dlc20_skill_shared_chs_cha_chaos_sorcerer_quick,1,wh2_main_effect_ability_cooldown_spells,data/skill_trees/characters/warriors_of_chaos/Chaos_Sorcerer_Shadows.csv,216,wh2_main_spell_high_magic_hand_of_glory,ability_bindings,data/effect_semantics/source_exports/db/effect_bonus_value_unit_ability_junctions_tables/data__.tsv,871,recharge_mod,ability,wh2_main_spell_high_magic_hand_of_glory
wh_dlc07_chs_chaos_sorcerer_shadow,wh_dlc07_skill_node_set_chs_sorcerer_shadow,wh3_dlc20_skill_node_chs_chaos_sorcerer_shadow_shared_02,wh3_dlc20_skill_shared_chs_cha_chaos_sorcerer_quick,1,wh2_main_effect_ability_cooldown_spells,data/skill_trees/characters/warriors_of_chaos/Chaos_Sorcerer_Shadows.csv,216,wh2_main_spell_high_magic_soul_quench,ability_bindings,data/effect_semantics/source_exports/db/effect_bonus_value_unit_ability_junctions_tables/data__.tsv,872,recharge_mod,ability,wh2_main_spell_high_magic_soul_quench
wh_dlc07_chs_chaos_sorcerer_shadow,wh_dlc07_skill_node_set_chs_sorcerer_shadow,wh3_dlc20_skill_node_chs_chaos_sorcerer_shadow_shared_02,wh3_dlc20_skill_shared_chs_cha_chaos_sorcerer_quick,1,wh2_main_effect_ability_cooldown_spells,data/skill_trees/characters/warriors_of_chaos/Chaos_Sorcerer_Shadows.csv,216,wh2_main_spell_high_magic_tempest,ability_bindings,data/effect_semantics/source_exports/db/effect_bonus_value_unit_ability_junctions_tables/data__.tsv,873,recharge_mod,ability,wh2_main_spell_high_magic_tempest
wh_dlc07_chs_chaos_sorcerer_shadow,wh_dlc07_skill_node_set_chs_sorcerer_shadow,wh3_dlc20_skill_node_chs_chaos_sorcerer_shadow_shared_02,wh3_dlc20_skill_shared_chs_cha_chaos_sorcerer_quick,1,wh2_main_effect_ability_cooldown_spells,data/skill_trees/characters/warriors_of_chaos/Chaos_Sorcerer_Shadows.csv,216,wh2_main_spell_plague_bless_with_filth,ability_bindings,data/effect_semantics/source_exports/db/effect_bonus_value_unit_ability_junctions_tables/data__.tsv,874,recharge_mod,ability,wh2_main_spell_plague_bless_with_filth
wh_dlc07_chs_chaos_sorcerer_shadow,wh_dlc07_skill_node_set_chs_sorcerer_shadow,wh3_dlc20_skill_node_chs_chaos_sorcerer_shadow_shared_02,wh3_dlc20_skill_shared_chs_cha_chaos_sorcerer_quick,1,wh2_main_effect_ability_cooldown_spells,data/skill_trees/characters/warriors_of_chaos/Chaos_Sorcerer_Shadows.csv,216,wh2_main_spell_plague_pestilent_birth,ability_bindings,data/effect_semantics/source_exports/db/effect_bonus_value_unit_ability_junctions_tables/data__.tsv,875,recharge_mod,ability,wh2_main_spell_plague_pestilent_birth
wh_dlc07_chs_chaos_sorcerer_shadow,wh_dlc07_skill_node_set_chs_sorcerer_shadow,wh3_dlc20_skill_node_chs_chaos_sorcerer_shadow_shared_02,wh3_dlc20_skill_shared_chs_cha_chaos_sorcerer_quick,1,wh2_main_effect_ability_cooldown_spells,data/skill_trees/characters/warriors_of_chaos/Chaos_Sorcerer_Shadows.csv,216,wh2_main_spell_plague_pestilent_breath,ability_bindings,data/effect_semantics/source_exports/db/effect_bonus_value_unit_ability_junctions_tables/data__.tsv,876,recharge_mod,ability,wh2_main_spell_plague_pestilent_breath
wh_dlc07_chs_chaos_sorcerer_shadow,wh_dlc07_skill_node_set_chs_sorcerer_shadow,wh3_dlc20_skill_node_chs_chaos_sorcerer_shadow_shared_02,wh3_dlc20_skill_shared_chs_cha_chaos_sorcerer_quick,1,wh2_main_effect_ability_cooldown_spells,data/skill_trees/characters/warriors_of_chaos/Chaos_Sorcerer_Shadows.csv,216,wh2_main_spell_plague_plague,ability_bindings,data/effect_semantics/source_exports/db/effect_bonus_value_unit_ability_junctions_tables/data__.tsv,877,recharge_mod,ability,wh2_main_spell_plague_plague
wh_dlc07_chs_chaos_sorcerer_shadow,wh_dlc07_skill_node_set_chs_sorcerer_shadow,wh3_dlc20_skill_node_chs_chaos_sorcerer_shadow_shared_02,wh3_dlc20_skill_shared_chs_cha_chaos_sorcerer_quick,1,wh2_main_effect_ability_cooldown_spells,data/skill_trees/characters/warriors_of_chaos/Chaos_Sorcerer_Shadows.csv,216,wh2_main_spell_plague_vermintide,ability_bindings,data/effect_semantics/source_exports/db/effect_bonus_value_unit_ability_junctions_tables/data__.tsv,878,recharge_mod,ability,wh2_main_spell_plague_vermintide
wh_dlc07_chs_chaos_sorcerer_shadow,wh_dlc07_skill_node_set_chs_sorcerer_shadow,wh3_dlc20_skill_node_chs_chaos_sorcerer_shadow_shared_02,wh3_dlc20_skill_shared_chs_cha_chaos_sorcerer_quick,1,wh2_main_effect_ability_cooldown_spells,data/skill_trees/characters/warriors_of_chaos/Chaos_Sorcerer_Shadows.csv,216,wh2_main_spell_plague_wither,ability_bindings,data/effect_semantics/source_exports/db/effect_bonus_value_unit_ability_junctions_tables/data__.tsv,879,recharge_mod,ability,wh2_main_spell_plague_wither
wh_dlc07_chs_chaos_sorcerer_shadow,wh_dlc07_skill_node_set_chs_sorcerer_shadow,wh3_dlc20_skill_node_chs_chaos_sorcerer_shadow_shared_02,wh3_dlc20_skill_shared_chs_cha_chaos_sorcerer_quick,1,wh2_main_effect_ability_cooldown_spells,data/skill_trees/characters/warriors_of_chaos/Chaos_Sorcerer_Shadows.csv,216,wh2_main_spell_ruin_cracks_call,ability_bindings,data/effect_semantics/source_exports/db/effect_bonus_value_unit_ability_junctions_tables/data__.tsv,880,recharge_mod,ability,wh2_main_spell_ruin_cracks_call
wh_dlc07_chs_chaos_sorcerer_shadow,wh_dlc07_skill_node_set_chs_sorcerer_shadow,wh3_dlc20_skill_node_chs_chaos_sorcerer_shadow_shared_02,wh3_dlc20_skill_shared_chs_cha_chaos_sorcerer_quick,1,wh2_main_effect_ability_cooldown_spells,data/skill_trees/characters/warriors_of_chaos/Chaos_Sorcerer_Shadows.csv,216,wh2_main_spell_ruin_death_frenzy,ability_bindings,data/effect_semantics/source_exports/db/effect_bonus_value_unit_ability_junctions_tables/data__.tsv,881,recharge_mod,ability,wh2_main_spell_ruin_death_frenzy
wh_dlc07_chs_chaos_sorcerer_shadow,wh_dlc07_skill_node_set_chs_sorcerer_shadow,wh3_dlc20_skill_node_chs_chaos_sorcerer_shadow_shared_02,wh3_dlc20_skill_shared_chs_cha_chaos_sorcerer_quick,1,wh2_main_effect_ability_cooldown_spells,data/skill_trees/characters/warriors_of_chaos/Chaos_Sorcerer_Shadows.csv,216,wh2_main_spell_ruin_howling_warpgale,ability_bindings,data/effect_semantics/source_exports/db/effect_bonus_value_unit_ability_junctions_tables/data__.tsv,882,recharge_mod,ability,wh2_main_spell_ruin_howling_warpgale
wh_dlc07_chs_chaos_sorcerer_shadow,wh_dlc07_skill_node_set_chs_sorcerer_shadow,wh3_dlc20_skill_node_chs_chaos_sorcerer_shadow_shared_02,wh3_dlc20_skill_shared_chs_cha_chaos_sorcerer_quick,1,wh2_main_effect_ability_cooldown_spells,data/skill_trees/characters/warriors_of_chaos/Chaos_Sorcerer_Shadows.csv,216,wh2_main_spell_ruin_scorch,ability_bindings,data/effect_semantics/source_exports/db/effect_bonus_value_unit_ability_junctions_tables/data__.tsv,883,recharge_mod,ability,wh2_main_spell_ruin_scorch
wh_dlc07_chs_chaos_sorcerer_shadow,wh_dlc07_skill_node_set_chs_sorcerer_shadow,wh3_dlc20_skill_node_chs_chaos_sorcerer_shadow_shared_02,wh3_dlc20_skill_shared_chs_cha_chaos_sorcerer_quick,1,wh2_main_effect_ability_cooldown_spells,data/skill_trees/characters/warriors_of_chaos/Chaos_Sorcerer_Shadows.csv,216,wh2_main_spell_ruin_skitterleap,ability_bindings,data/effect_semantics/source_exports/db/effect_bonus_value_unit_ability_junctions_tables/data__.tsv,884,recharge_mod,ability,wh2_main_spell_ruin_skitterleap
wh_dlc07_chs_chaos_sorcerer_shadow,wh_dlc07_skill_node_set_chs_sorcerer_shadow,wh3_dlc20_skill_node_chs_chaos_sorcerer_shadow_shared_02,wh3_dlc20_skill_shared_chs_cha_chaos_sorcerer_quick,1,wh2_main_effect_ability_cooldown_spells,data/skill_trees/characters/warriors_of_chaos/Chaos_Sorcerer_Shadows.csv,216,wh2_main_spell_ruin_warp_lightning,ability_bindings,data/effect_semantics/source_exports/db/effect_bonus_value_unit_ability_junctions_tables/data__.tsv,885,recharge_mod,ability,wh2_main_spell_ruin_warp_lightning
wh_dlc07_chs_chaos_sorcerer_shadow,wh_dlc07_skill_node_set_chs_sorcerer_shadow,wh3_dlc20_skill_node_chs_chaos_sorcerer_shadow_shared_02,wh3_dlc20_skill_shared_chs_cha_chaos_sorcerer_quick,1,wh2_main_effect_ability_cooldown_spells,data/skill_trees/characters/warriors_of_chaos/Chaos_Sorcerer_Shadows.csv,216,wh3_dlc29_spell_undeath_akararan_the_dark_riders,ability_bindings,data/effect_semantics/source_exports/db/effect_bonus_value_unit_ability_junctions_tables/data__.tsv,886,recharge_mod,ability,wh3_dlc29_spell_undeath_akararan_the_dark_riders
wh_dlc07_chs_chaos_sorcerer_shadow,wh_dlc07_skill_node_set_chs_sorcerer_shadow,wh3_dlc20_skill_node_chs_chaos_sorcerer_shadow_shared_02,wh3_dlc20_skill_shared_chs_cha_chaos_sorcerer_quick,1,wh2_main_effect_ability_cooldown_spells,data/skill_trees/characters/warriors_of_chaos/Chaos_Sorcerer_Shadows.csv,216,wh3_dlc29_spell_undeath_akararan_the_dark_riders_upgraded,ability_bindings,data/effect_semantics/source_exports/db/effect_bonus_value_unit_ability_junctions_tables/data__.tsv,887,recharge_mod,ability,wh3_dlc29_spell_undeath_akararan_the_dark_riders_upgraded
wh_dlc07_chs_chaos_sorcerer_shadow,wh_dlc07_skill_node_set_chs_sorcerer_shadow,wh3_dlc20_skill_node_chs_chaos_sorcerer_shadow_shared_02,wh3_dlc20_skill_shared_chs_cha_chaos_sorcerer_quick,1,wh2_main_effect_ability_cooldown_spells,data/skill_trees/characters/warriors_of_chaos/Chaos_Sorcerer_Shadows.csv,216,wh3_dlc29_spell_undeath_kandorak_the_harbinger,ability_bindings,data/effect_semantics/source_exports/db/effect_bonus_value_unit_ability_junctions_tables/data__.tsv,888,recharge_mod,ability,wh3_dlc29_spell_undeath_kandorak_the_harbinger
wh_dlc07_chs_chaos_sorcerer_shadow,wh_dlc07_skill_node_set_chs_sorcerer_shadow,wh3_dlc20_skill_node_chs_chaos_sorcerer_shadow_shared_02,wh3_dlc20_skill_shared_chs_cha_chaos_sorcerer_quick,1,wh2_main_effect_ability_cooldown_spells,data/skill_trees/characters/warriors_of_chaos/Chaos_Sorcerer_Shadows.csv,216,wh3_dlc29_spell_undeath_khizaar_the_soulstealer,ability_bindings,data/effect_semantics/source_exports/db/effect_bonus_value_unit_ability_junctions_tables/data__.tsv,889,recharge_mod,ability,wh3_dlc29_spell_undeath_khizaar_the_soulstealer
wh_dlc07_chs_chaos_sorcerer_shadow,wh_dlc07_skill_node_set_chs_sorcerer_shadow,wh3_dlc20_skill_node_chs_chaos_sorcerer_shadow_shared_02,wh3_dlc20_skill_shared_chs_cha_chaos_sorcerer_quick,1,wh2_main_effect_ability_cooldown_spells,data/skill_trees/characters/warriors_of_chaos/Chaos_Sorcerer_Shadows.csv,216,wh3_dlc29_spell_undeath_khizaar_the_soulstealer_upgraded,ability_bindings,data/effect_semantics/source_exports/db/effect_bonus_value_unit_ability_junctions_tables/data__.tsv,890,recharge_mod,ability,wh3_dlc29_spell_undeath_khizaar_the_soulstealer_upgraded
wh_dlc07_chs_chaos_sorcerer_shadow,wh_dlc07_skill_node_set_chs_sorcerer_shadow,wh3_dlc20_skill_node_chs_chaos_sorcerer_shadow_shared_02,wh3_dlc20_skill_shared_chs_cha_chaos_sorcerer_quick,1,wh2_main_effect_ability_cooldown_spells,data/skill_trees/characters/warriors_of_chaos/Chaos_Sorcerer_Shadows.csv,216,wh3_dlc29_spell_undeath_morkharn_breath_of_darkness,ability_bindings,data/effect_semantics/source_exports/db/effect_bonus_value_unit_ability_junctions_tables/data__.tsv,891,recharge_mod,ability,wh3_dlc29_spell_undeath_morkharn_breath_of_darkness
wh_dlc07_chs_chaos_sorcerer_shadow,wh_dlc07_skill_node_set_chs_sorcerer_shadow,wh3_dlc20_skill_node_chs_chaos_sorcerer_shadow_shared_02,wh3_dlc20_skill_shared_chs_cha_chaos_sorcerer_quick,1,wh2_main_effect_ability_cooldown_spells,data/skill_trees/characters/warriors_of_chaos/Chaos_Sorcerer_Shadows.csv,216,wh3_dlc29_spell_undeath_morkharn_breath_of_darkness_upgraded,ability_bindings,data/effect_semantics/source_exports/db/effect_bonus_value_unit_ability_junctions_tables/data__.tsv,892,recharge_mod,ability,wh3_dlc29_spell_undeath_morkharn_breath_of_darkness_upgraded
wh_dlc07_chs_chaos_sorcerer_shadow,wh_dlc07_skill_node_set_chs_sorcerer_shadow,wh3_dlc20_skill_node_chs_chaos_sorcerer_shadow_shared_02,wh3_dlc20_skill_shared_chs_cha_chaos_sorcerer_quick,1,wh2_main_effect_ability_cooldown_spells,data/skill_trees/characters/warriors_of_chaos/Chaos_Sorcerer_Shadows.csv,216,wh3_dlc29_spell_undeath_razkhar_the_abyssal_swarm,ability_bindings,data/effect_semantics/source_exports/db/effect_bonus_value_unit_ability_junctions_tables/data__.tsv,893,recharge_mod,ability,wh3_dlc29_spell_undeath_razkhar_the_abyssal_swarm
wh_dlc07_chs_chaos_sorcerer_shadow,wh_dlc07_skill_node_set_chs_sorcerer_shadow,wh3_dlc20_skill_node_chs_chaos_sorcerer_shadow_shared_02,wh3_dlc20_skill_shared_chs_cha_chaos_sorcerer_quick,1,wh2_main_effect_ability_cooldown_spells,data/skill_trees/characters/warriors_of_chaos/Chaos_Sorcerer_Shadows.csv,216,wh3_dlc29_spell_undeath_razkhar_the_abyssal_swarm_upgraded,ability_bindings,data/effect_semantics/source_exports/db/effect_bonus_value_unit_ability_junctions_tables/data__.tsv,894,recharge_mod,ability,wh3_dlc29_spell_undeath_razkhar_the_abyssal_swarm_upgraded
wh_dlc07_chs_chaos_sorcerer_shadow,wh_dlc07_skill_node_set_chs_sorcerer_shadow,wh3_dlc20_skill_node_chs_chaos_sorcerer_shadow_shared_02,wh3_dlc20_skill_shared_chs_cha_chaos_sorcerer_quick,1,wh2_main_effect_ability_cooldown_spells,data/skill_trees/characters/warriors_of_chaos/Chaos_Sorcerer_Shadows.csv,216,wh3_dlc29_spell_undeath_sulekhim_hand_of_dust,ability_bindings,data/effect_semantics/source_exports/db/effect_bonus_value_unit_ability_junctions_tables/data__.tsv,895,recharge_mod,ability,wh3_dlc29_spell_undeath_sulekhim_hand_of_dust
wh_dlc07_chs_chaos_sorcerer_shadow,wh_dlc07_skill_node_set_chs_sorcerer_shadow,wh3_dlc20_skill_node_chs_chaos_sorcerer_shadow_shared_02,wh3_dlc20_skill_shared_chs_cha_chaos_sorcerer_quick,1,wh2_main_effect_ability_cooldown_spells,data/skill_trees/characters/warriors_of_chaos/Chaos_Sorcerer_Shadows.csv,216,wh3_dlc29_spell_undeath_sulekhim_hand_of_dust_upgraded,ability_bindings,data/effect_semantics/source_exports/db/effect_bonus_value_unit_ability_junctions_tables/data__.tsv,896,recharge_mod,ability,wh3_dlc29_spell_undeath_sulekhim_hand_of_dust_upgraded
wh_dlc07_chs_chaos_sorcerer_shadow,wh_dlc07_skill_node_set_chs_sorcerer_shadow,wh3_dlc20_skill_node_chs_chaos_sorcerer_shadow_shared_02,wh3_dlc20_skill_shared_chs_cha_chaos_sorcerer_quick,1,wh2_main_effect_ability_cooldown_spells,data/skill_trees/characters/warriors_of_chaos/Chaos_Sorcerer_Shadows.csv,216,wh3_main_spell_great_maw_bonecrusher,ability_bindings,data/effect_semantics/source_exports/db/effect_bonus_value_unit_ability_junctions_tables/data__.tsv,897,recharge_mod,ability,wh3_main_spell_great_maw_bonecrusher
wh_dlc07_chs_chaos_sorcerer_shadow,wh_dlc07_skill_node_set_chs_sorcerer_shadow,wh3_dlc20_skill_node_chs_chaos_sorcerer_shadow_shared_02,wh3_dlc20_skill_shared_chs_cha_chaos_sorcerer_quick,1,wh2_main_effect_ability_cooldown_spells,data/skill_trees/characters/warriors_of_chaos/Chaos_Sorcerer_Shadows.csv,216,wh3_main_spell_great_maw_braingobbler,ability_bindings,data/effect_semantics/source_exports/db/effect_bonus_value_unit_ability_junctions_tables/data__.tsv,898,recharge_mod,ability,wh3_main_spell_great_maw_braingobbler
wh_dlc07_chs_chaos_sorcerer_shadow,wh_dlc07_skill_node_set_chs_sorcerer_shadow,wh3_dlc20_skill_node_chs_chaos_sorcerer_shadow_shared_02,wh3_dlc20_skill_shared_chs_cha_chaos_sorcerer_quick,1,wh2_main_effect_ability_cooldown_spells,data/skill_trees/characters/warriors_of_chaos/Chaos_Sorcerer_Shadows.csv,216,wh3_main_spell_great_maw_bullgorger,ability_bindings,data/effect_semantics/source_exports/db/effect_bonus_value_unit_ability_junctions_tables/data__.tsv,899,recharge_mod,ability,wh3_main_spell_great_maw_bullgorger
wh_dlc07_chs_chaos_sorcerer_shadow,wh_dlc07_skill_node_set_chs_sorcerer_shadow,wh3_dlc20_skill_node_chs_chaos_sorcerer_shadow_shared_02,wh3_dlc20_skill_shared_chs_cha_chaos_sorcerer_quick,1,wh2_main_effect_ability_cooldown_spells,data/skill_trees/characters/warriors_of_chaos/Chaos_Sorcerer_Shadows.csv,216,wh3_main_spell_great_maw_the_maw,ability_bindings,data/effect_semantics/source_exports/db/effect_bonus_value_unit_ability_junctions_tables/data__.tsv,900,recharge_mod,ability,wh3_main_spell_great_maw_the_maw
wh_dlc07_chs_chaos_sorcerer_shadow,wh_dlc07_skill_node_set_chs_sorcerer_shadow,wh3_dlc20_skill_node_chs_chaos_sorcerer_shadow_shared_02,wh3_dlc20_skill_shared_chs_cha_chaos_sorcerer_quick,1,wh2_main_effect_ability_cooldown_spells,data/skill_trees/characters/warriors_of_chaos/Chaos_Sorcerer_Shadows.csv,216,wh3_main_spell_great_maw_toothcracker,ability_bindings,data/effect_semantics/source_exports/db/effect_bonus_value_unit_ability_junctions_tables/data__.tsv,901,recharge_mod,ability,wh3_main_spell_great_maw_toothcracker
wh_dlc07_chs_chaos_sorcerer_shadow,wh_dlc07_skill_node_set_chs_sorcerer_shadow,wh3_dlc20_skill_node_chs_chaos_sorcerer_shadow_shared_02,wh3_dlc20_skill_shared_chs_cha_chaos_sorcerer_quick,1,wh2_main_effect_ability_cooldown_spells,data/skill_trees/characters/warriors_of_chaos/Chaos_Sorcerer_Shadows.csv,216,wh3_main_spell_great_maw_trollguts,ability_bindings,data/effect_semantics/source_exports/db/effect_bonus_value_unit_ability_junctions_tables/data__.tsv,902,recharge_mod,ability,wh3_main_spell_great_maw_trollguts
wh_dlc07_chs_chaos_sorcerer_shadow,wh_dlc07_skill_node_set_chs_sorcerer_shadow,wh3_dlc20_skill_node_chs_chaos_sorcerer_shadow_shared_02,wh3_dlc20_skill_shared_chs_cha_chaos_sorcerer_quick,1,wh2_main_effect_ability_cooldown_spells,data/skill_trees/characters/warriors_of_chaos/Chaos_Sorcerer_Shadows.csv,216,wh3_main_spell_ice_crystal_sanctuary,ability_bindings,data/effect_semantics/source_exports/db/effect_bonus_value_unit_ability_junctions_tables/data__.tsv,903,recharge_mod,ability,wh3_main_spell_ice_crystal_sanctuary
wh_dlc07_chs_chaos_sorcerer_shadow,wh_dlc07_skill_node_set_chs_sorcerer_shadow,wh3_dlc20_skill_node_chs_chaos_sorcerer_shadow_shared_02,wh3_dlc20_skill_shared_chs_cha_chaos_sorcerer_quick,1,wh2_main_effect_ability_cooldown_spells,data/skill_trees/characters/warriors_of_chaos/Chaos_Sorcerer_Shadows.csv,216,wh3_main_spell_ice_death_frost,ability_bindings,data/effect_semantics/source_exports/db/effect_bonus_value_unit_ability_junctions_tables/data__.tsv,904,recharge_mod,ability,wh3_main_spell_ice_death_frost
wh_dlc07_chs_chaos_sorcerer_shadow,wh_dlc07_skill_node_set_chs_sorcerer_shadow,wh3_dlc20_skill_node_chs_chaos_sorcerer_shadow_shared_02,wh3_dlc20_skill_shared_chs_cha_chaos_sorcerer_quick,1,wh2_main_effect_ability_cooldown_spells,data/skill_trees/characters/warriors_of_chaos/Chaos_Sorcerer_Shadows.csv,216,wh3_main_spell_ice_frost_blades,ability_bindings,data/effect_semantics/source_exports/db/effect_bonus_value_unit_ability_junctions_tables/data__.tsv,905,recharge_mod,ability,wh3_main_spell_ice_frost_blades
wh_dlc07_chs_chaos_sorcerer_shadow,wh_dlc07_skill_node_set_chs_sorcerer_shadow,wh3_dlc20_skill_node_chs_chaos_sorcerer_shadow_shared_02,wh3_dlc20_skill_shared_chs_cha_chaos_sorcerer_quick,1,wh2_main_effect_ability_cooldown_spells,data/skill_trees/characters/warriors_of_chaos/Chaos_Sorcerer_Shadows.csv,216,wh3_main_spell_ice_heart_of_winter,ability_bindings,data/effect_semantics/source_exports/db/effect_bonus_value_unit_ability_junctions_tables/data__.tsv,906,recharge_mod,ability,wh3_main_spell_ice_heart_of_winter
wh_dlc07_chs_chaos_sorcerer_shadow,wh_dlc07_skill_node_set_chs_sorcerer_shadow,wh3_dlc20_skill_node_chs_chaos_sorcerer_shadow_shared_02,wh3_dlc20_skill_shared_chs_cha_chaos_sorcerer_quick,1,wh2_main_effect_ability_cooldown_spells,data/skill_trees/characters/warriors_of_chaos/Chaos_Sorcerer_Shadows.csv,216,wh3_main_spell_ice_ice_maidens_kiss,ability_bindings,data/effect_semantics/source_exports/db/effect_bonus_value_unit_ability_junctions_tables/data__.tsv,907,recharge_mod,ability,wh3_main_spell_ice_ice_maidens_kiss
wh_dlc07_chs_chaos_sorcerer_shadow,wh_dlc07_skill_node_set_chs_sorcerer_shadow,wh3_dlc20_skill_node_chs_chaos_sorcerer_shadow_shared_02,wh3_dlc20_skill_shared_chs_cha_chaos_sorcerer_quick,1,wh2_main_effect_ability_cooldown_spells,data/skill_trees/characters/warriors_of_chaos/Chaos_Sorcerer_Shadows.csv,216,wh3_main_spell_ice_ice_sheet,ability_bindings,data/effect_semantics/source_exports/db/effect_bonus_value_unit_ability_junctions_tables/data__.tsv,908,recharge_mod,ability,wh3_main_spell_ice_ice_sheet
wh_dlc07_chs_chaos_sorcerer_shadow,wh_dlc07_skill_node_set_chs_sorcerer_shadow,wh3_dlc20_skill_node_chs_chaos_sorcerer_shadow_shared_02,wh3_dlc20_skill_shared_chs_cha_chaos_sorcerer_quick,1,wh2_main_effect_ability_cooldown_spells,data/skill_trees/characters/warriors_of_chaos/Chaos_Sorcerer_Shadows.csv,216,wh3_main_spell_nurgle_curse_of_the_leper,ability_bindings,data/effect_semantics/source_exports/db/effect_bonus_value_unit_ability_junctions_tables/data__.tsv,909,recharge_mod,ability,wh3_main_spell_nurgle_curse_of_the_leper
wh_dlc07_chs_chaos_sorcerer_shadow,wh_dlc07_skill_node_set_chs_sorcerer_shadow,wh3_dlc20_skill_node_chs_chaos_sorcerer_shadow_shared_02,wh3_dlc20_skill_shared_chs_cha_chaos_sorcerer_quick,1,wh2_main_effect_ability_cooldown_spells,data/skill_trees/characters/warriors_of_chaos/Chaos_Sorcerer_Shadows.csv,216,wh3_main_spell_nurgle_fleshy_abundance,ability_bindings,data/effect_semantics/source_exports/db/effect_bonus_value_unit_ability_junctions_tables/data__.tsv,910,recharge_mod,ability,wh3_main_spell_nurgle_fleshy_abundance
wh_dlc07_chs_chaos_sorcerer_shadow,wh_dlc07_skill_node_set_chs_sorcerer_shadow,wh3_dlc20_skill_node_chs_chaos_sorcerer_shadow_shared_02,wh3_dlc20_skill_shared_chs_cha_chaos_sorcerer_quick,1,wh2_main_effect_ability_cooldown_spells,data/skill_trees/characters/warriors_of_chaos/Chaos_Sorcerer_Shadows.csv,216,wh3_main_spell_nurgle_miasma_of_pestilence,ability_bindings,data/effect_semantics/source_exports/db/effect_bonus_value_unit_ability_junctions_tables/data__.tsv,911,recharge_mod,ability,wh3_main_spell_nurgle_miasma_of_pestilence
wh_dlc07_chs_chaos_sorcerer_shadow,wh_dlc07_skill_node_set_chs_sorcerer_shadow,wh3_dlc20_skill_node_chs_chaos_sorcerer_shadow_shared_02,wh3_dlc20_skill_shared_chs_cha_chaos_sorcerer_quick,1,wh2_main_effect_ability_cooldown_spells,data/skill_trees/characters/warriors_of_chaos/Chaos_Sorcerer_Shadows.csv,216,wh3_main_spell_nurgle_pestilent_pustule,ability_bindings,data/effect_semantics/source_exports/db/effect_bonus_value_unit_ability_junctions_tables/data__.tsv,912,recharge_mod,ability,wh3_main_spell_nurgle_pestilent_pustule
wh_dlc07_chs_chaos_sorcerer_shadow,wh_dlc07_skill_node_set_chs_sorcerer_shadow,wh3_dlc20_skill_node_chs_chaos_sorcerer_shadow_shared_02,wh3_dlc20_skill_shared_chs_cha_chaos_sorcerer_quick,1,wh2_main_effect_ability_cooldown_spells,data/skill_trees/characters/warriors_of_chaos/Chaos_Sorcerer_Shadows.csv,216,wh3_main_spell_nurgle_rancid_visitations,ability_bindings,data/effect_semantics/source_exports/db/effect_bonus_value_unit_ability_junctions_tables/data__.tsv,913,recharge_mod,ability,wh3_main_spell_nurgle_rancid_visitations
wh_dlc07_chs_chaos_sorcerer_shadow,wh_dlc07_skill_node_set_chs_sorcerer_shadow,wh3_dlc20_skill_node_chs_chaos_sorcerer_shadow_shared_02,wh3_dlc20_skill_shared_chs_cha_chaos_sorcerer_quick,1,wh2_main_effect_ability_cooldown_spells,data/skill_trees/characters/warriors_of_chaos/Chaos_Sorcerer_Shadows.csv,216,wh3_main_spell_nurgle_stream_of_corruption,ability_bindings,data/effect_semantics/source_exports/db/effect_bonus_value_unit_ability_junctions_tables/data__.tsv,914,recharge_mod,ability,wh3_main_spell_nurgle_stream_of_corruption
wh_dlc07_chs_chaos_sorcerer_shadow,wh_dlc07_skill_node_set_chs_sorcerer_shadow,wh3_dlc20_skill_node_chs_chaos_sorcerer_shadow_shared_02,wh3_dlc20_skill_shared_chs_cha_chaos_sorcerer_quick,1,wh2_main_effect_ability_cooldown_spells,data/skill_trees/characters/warriors_of_chaos/Chaos_Sorcerer_Shadows.csv,216,wh3_main_spell_slaanesh_acquiescence,ability_bindings,data/effect_semantics/source_exports/db/effect_bonus_value_unit_ability_junctions_tables/data__.tsv,915,recharge_mod,ability,wh3_main_spell_slaanesh_acquiescence
wh_dlc07_chs_chaos_sorcerer_shadow,wh_dlc07_skill_node_set_chs_sorcerer_shadow,wh3_dlc20_skill_node_chs_chaos_sorcerer_shadow_shared_02,wh3_dlc20_skill_shared_chs_cha_chaos_sorcerer_quick,1,wh2_main_effect_ability_cooldown_spells,data/skill_trees/characters/warriors_of_chaos/Chaos_Sorcerer_Shadows.csv,216,wh3_main_spell_slaanesh_hysterical_frenzy,ability_bindings,data/effect_semantics/source_exports/db/effect_bonus_value_unit_ability_junctions_tables/data__.tsv,916,recharge_mod,ability,wh3_main_spell_slaanesh_hysterical_frenzy
wh_dlc07_chs_chaos_sorcerer_shadow,wh_dlc07_skill_node_set_chs_sorcerer_shadow,wh3_dlc20_skill_node_chs_chaos_sorcerer_shadow_shared_02,wh3_dlc20_skill_shared_chs_cha_chaos_sorcerer_quick,1,wh2_main_effect_ability_cooldown_spells,data/skill_trees/characters/warriors_of_chaos/Chaos_Sorcerer_Shadows.csv,216,wh3_main_spell_slaanesh_lash_of_slaanesh,ability_bindings,data/effect_semantics/source_exports/db/effect_bonus_value_unit_ability_junctions_tables/data__.tsv,917,recharge_mod,ability,wh3_main_spell_slaanesh_lash_of_slaanesh
wh_dlc07_chs_chaos_sorcerer_shadow,wh_dlc07_skill_node_set_chs_sorcerer_shadow,wh3_dlc20_skill_node_chs_chaos_sorcerer_shadow_shared_02,wh3_dlc20_skill_shared_chs_cha_chaos_sorcerer_quick,1,wh2_main_effect_ability_cooldown_spells,data/skill_trees/characters/warriors_of_chaos/Chaos_Sorcerer_Shadows.csv,216,wh3_main_spell_slaanesh_pavane_of_slaanesh,ability_bindings,data/effect_semantics/source_exports/db/effect_bonus_value_unit_ability_junctions_tables/data__.tsv,918,recharge_mod,ability,wh3_main_spell_slaanesh_pavane_of_slaanesh
wh_dlc07_chs_chaos_sorcerer_shadow,wh_dlc07_skill_node_set_chs_sorcerer_shadow,wh3_dlc20_skill_node_chs_chaos_sorcerer_shadow_shared_02,wh3_dlc20_skill_shared_chs_cha_chaos_sorcerer_quick,1,wh2_main_effect_ability_cooldown_spells,data/skill_trees/characters/warriors_of_chaos/Chaos_Sorcerer_Shadows.csv,216,wh3_main_spell_slaanesh_phantasmagoria,ability_bindings,data/effect_semantics/source_exports/db/effect_bonus_value_unit_ability_junctions_tables/data__.tsv,919,recharge_mod,ability,wh3_main_spell_slaanesh_phantasmagoria
wh_dlc07_chs_chaos_sorcerer_shadow,wh_dlc07_skill_node_set_chs_sorcerer_shadow,wh3_dlc20_skill_node_chs_chaos_sorcerer_shadow_shared_02,wh3_dlc20_skill_shared_chs_cha_chaos_sorcerer_quick,1,wh2_main_effect_ability_cooldown_spells,data/skill_trees/characters/warriors_of_chaos/Chaos_Sorcerer_Shadows.csv,216,wh3_main_spell_slaanesh_slicing_shards,ability_bindings,data/effect_semantics/source_exports/db/effect_bonus_value_unit_ability_junctions_tables/data__.tsv,920,recharge_mod,ability,wh3_main_spell_slaanesh_slicing_shards
wh_dlc07_chs_chaos_sorcerer_shadow,wh_dlc07_skill_node_set_chs_sorcerer_shadow,wh3_dlc20_skill_node_chs_chaos_sorcerer_shadow_shared_02,wh3_dlc20_skill_shared_chs_cha_chaos_sorcerer_quick,1,wh2_main_effect_ability_cooldown_spells,data/skill_trees/characters/warriors_of_chaos/Chaos_Sorcerer_Shadows.csv,216,wh3_main_spell_tempest_biting_wind,ability_bindings,data/effect_semantics/source_exports/db/effect_bonus_value_unit_ability_junctions_tables/data__.tsv,921,recharge_mod,ability,wh3_main_spell_tempest_biting_wind
wh_dlc07_chs_chaos_sorcerer_shadow,wh_dlc07_skill_node_set_chs_sorcerer_shadow,wh3_dlc20_skill_node_chs_chaos_sorcerer_shadow_shared_02,wh3_dlc20_skill_shared_chs_cha_chaos_sorcerer_quick,1,wh2_main_effect_ability_cooldown_spells,data/skill_trees/characters/warriors_of_chaos/Chaos_Sorcerer_Shadows.csv,216,wh3_main_spell_tempest_blizzard,ability_bindings,data/effect_semantics/source_exports/db/effect_bonus_value_unit_ability_junctions_tables/data__.tsv,922,recharge_mod,ability,wh3_main_spell_tempest_blizzard
wh_dlc07_chs_chaos_sorcerer_shadow,wh_dlc07_skill_node_set_chs_sorcerer_shadow,wh3_dlc20_skill_node_chs_chaos_sorcerer_shadow_shared_02,wh3_dlc20_skill_shared_chs_cha_chaos_sorcerer_quick,1,wh2_main_effect_ability_cooldown_spells,data/skill_trees/characters/warriors_of_chaos/Chaos_Sorcerer_Shadows.csv,216,wh3_main_spell_tempest_gust_of_true_flight,ability_bindings,data/effect_semantics/source_exports/db/effect_bonus_value_unit_ability_junctions_tables/data__.tsv,923,recharge_mod,ability,wh3_main_spell_tempest_gust_of_true_flight
wh_dlc07_chs_chaos_sorcerer_shadow,wh_dlc07_skill_node_set_chs_sorcerer_shadow,wh3_dlc20_skill_node_chs_chaos_sorcerer_shadow_shared_02,wh3_dlc20_skill_shared_chs_cha_chaos_sorcerer_quick,1,wh2_main_effect_ability_cooldown_spells,data/skill_trees/characters/warriors_of_chaos/Chaos_Sorcerer_Shadows.csv,216,wh3_main_spell_tempest_hailstorm,ability_bindings,data/effect_semantics/source_exports/db/effect_bonus_value_unit_ability_junctions_tables/data__.tsv,924,recharge_mod,ability,wh3_main_spell_tempest_hailstorm
wh_dlc07_chs_chaos_sorcerer_shadow,wh_dlc07_skill_node_set_chs_sorcerer_shadow,wh3_dlc20_skill_node_chs_chaos_sorcerer_shadow_shared_02,wh3_dlc20_skill_shared_chs_cha_chaos_sorcerer_quick,1,wh2_main_effect_ability_cooldown_spells,data/skill_trees/characters/warriors_of_chaos/Chaos_Sorcerer_Shadows.csv,216,wh3_main_spell_tempest_hawks_of_miska,ability_bindings,data/effect_semantics/source_exports/db/effect_bonus_value_unit_ability_junctions_tables/data__.tsv,925,recharge_mod,ability,wh3_main_spell_tempest_hawks_of_miska
wh_dlc07_chs_chaos_sorcerer_shadow,wh_dlc07_skill_node_set_chs_sorcerer_shadow,wh3_dlc20_skill_node_chs_chaos_sorcerer_shadow_shared_02,wh3_dlc20_skill_shared_chs_cha_chaos_sorcerer_quick,1,wh2_main_effect_ability_cooldown_spells,data/skill_trees/characters/warriors_of_chaos/Chaos_Sorcerer_Shadows.csv,216,wh3_main_spell_tempest_swiftwing,ability_bindings,data/effect_semantics/source_exports/db/effect_bonus_value_unit_ability_junctions_tables/data__.tsv,926,recharge_mod,ability,wh3_main_spell_tempest_swiftwing
wh_dlc07_chs_chaos_sorcerer_shadow,wh_dlc07_skill_node_set_chs_sorcerer_shadow,wh3_dlc20_skill_node_chs_chaos_sorcerer_shadow_shared_02,wh3_dlc20_skill_shared_chs_cha_chaos_sorcerer_quick,1,wh2_main_effect_ability_cooldown_spells,data/skill_trees/characters/warriors_of_chaos/Chaos_Sorcerer_Shadows.csv,216,wh3_main_spell_tzeentch_blue_fire_of_tzeentch,ability_bindings,data/effect_semantics/source_exports/db/effect_bonus_value_unit_ability_junctions_tables/data__.tsv,927,recharge_mod,ability,wh3_main_spell_tzeentch_blue_fire_of_tzeentch
wh_dlc07_chs_chaos_sorcerer_shadow,wh_dlc07_skill_node_set_chs_sorcerer_shadow,wh3_dlc20_skill_node_chs_chaos_sorcerer_shadow_shared_02,wh3_dlc20_skill_shared_chs_cha_chaos_sorcerer_quick,1,wh2_main_effect_ability_cooldown_spells,data/skill_trees/characters/warriors_of_chaos/Chaos_Sorcerer_Shadows.csv,216,wh3_main_spell_tzeentch_glean_magic,ability_bindings,data/effect_semantics/source_exports/db/effect_bonus_value_unit_ability_junctions_tables/data__.tsv,928,recharge_mod,ability,wh3_main_spell_tzeentch_glean_magic
wh_dlc07_chs_chaos_sorcerer_shadow,wh_dlc07_skill_node_set_chs_sorcerer_shadow,wh3_dlc20_skill_node_chs_chaos_sorcerer_shadow_shared_02,wh3_dlc20_skill_shared_chs_cha_chaos_sorcerer_quick,1,wh2_main_effect_ability_cooldown_spells,data/skill_trees/characters/warriors_of_chaos/Chaos_Sorcerer_Shadows.csv,216,wh3_main_spell_tzeentch_infernal_gateway,ability_bindings,data/effect_semantics/source_exports/db/effect_bonus_value_unit_ability_junctions_tables/data__.tsv,929,recharge_mod,ability,wh3_main_spell_tzeentch_infernal_gateway
wh_dlc07_chs_chaos_sorcerer_shadow,wh_dlc07_skill_node_set_chs_sorcerer_shadow,wh3_dlc20_skill_node_chs_chaos_sorcerer_shadow_shared_02,wh3_dlc20_skill_shared_chs_cha_chaos_sorcerer_quick,1,wh2_main_effect_ability_cooldown_spells,data/skill_trees/characters/warriors_of_chaos/Chaos_Sorcerer_Shadows.csv,216,wh3_main_spell_tzeentch_pink_fire_of_tzeentch,ability_bindings,data/effect_semantics/source_exports/db/effect_bonus_value_unit_ability_junctions_tables/data__.tsv,930,recharge_mod,ability,wh3_main_spell_tzeentch_pink_fire_of_tzeentch
wh_dlc07_chs_chaos_sorcerer_shadow,wh_dlc07_skill_node_set_chs_sorcerer_shadow,wh3_dlc20_skill_node_chs_chaos_sorcerer_shadow_shared_02,wh3_dlc20_skill_shared_chs_cha_chaos_sorcerer_quick,1,wh2_main_effect_ability_cooldown_spells,data/skill_trees/characters/warriors_of_chaos/Chaos_Sorcerer_Shadows.csv,216,wh3_main_spell_tzeentch_treason_of_tzeentch,ability_bindings,data/effect_semantics/source_exports/db/effect_bonus_value_unit_ability_junctions_tables/data__.tsv,931,recharge_mod,ability,wh3_main_spell_tzeentch_treason_of_tzeentch
wh_dlc07_chs_chaos_sorcerer_shadow,wh_dlc07_skill_node_set_chs_sorcerer_shadow,wh3_dlc20_skill_node_chs_chaos_sorcerer_shadow_shared_02,wh3_dlc20_skill_shared_chs_cha_chaos_sorcerer_quick,1,wh2_main_effect_ability_cooldown_spells,data/skill_trees/characters/warriors_of_chaos/Chaos_Sorcerer_Shadows.csv,216,wh3_main_spell_tzeentch_tzeentchs_firestorm,ability_bindings,data/effect_semantics/source_exports/db/effect_bonus_value_unit_ability_junctions_tables/data__.tsv,932,recharge_mod,ability,wh3_main_spell_tzeentch_tzeentchs_firestorm
wh_dlc07_chs_chaos_sorcerer_shadow,wh_dlc07_skill_node_set_chs_sorcerer_shadow,wh3_dlc20_skill_node_chs_chaos_sorcerer_shadow_shared_02,wh3_dlc20_skill_shared_chs_cha_chaos_sorcerer_quick,1,wh2_main_effect_ability_cooldown_spells,data/skill_trees/characters/warriors_of_chaos/Chaos_Sorcerer_Shadows.csv,216,wh3_main_spell_yang_constellation_of_the_dragon,ability_bindings,data/effect_semantics/source_exports/db/effect_bonus_value_unit_ability_junctions_tables/data__.tsv,933,recharge_mod,ability,wh3_main_spell_yang_constellation_of_the_dragon
wh_dlc07_chs_chaos_sorcerer_shadow,wh_dlc07_skill_node_set_chs_sorcerer_shadow,wh3_dlc20_skill_node_chs_chaos_sorcerer_shadow_shared_02,wh3_dlc20_skill_shared_chs_cha_chaos_sorcerer_quick,1,wh2_main_effect_ability_cooldown_spells,data/skill_trees/characters/warriors_of_chaos/Chaos_Sorcerer_Shadows.csv,216,wh3_main_spell_yang_dragons_breath,ability_bindings,data/effect_semantics/source_exports/db/effect_bonus_value_unit_ability_junctions_tables/data__.tsv,934,recharge_mod,ability,wh3_main_spell_yang_dragons_breath
wh_dlc07_chs_chaos_sorcerer_shadow,wh_dlc07_skill_node_set_chs_sorcerer_shadow,wh3_dlc20_skill_node_chs_chaos_sorcerer_shadow_shared_02,wh3_dlc20_skill_shared_chs_cha_chaos_sorcerer_quick,1,wh2_main_effect_ability_cooldown_spells,data/skill_trees/characters/warriors_of_chaos/Chaos_Sorcerer_Shadows.csv,216,wh3_main_spell_yang_jade_shield,ability_bindings,data/effect_semantics/source_exports/db/effect_bonus_value_unit_ability_junctions_tables/data__.tsv,935,recharge_mod,ability,wh3_main_spell_yang_jade_shield
wh_dlc07_chs_chaos_sorcerer_shadow,wh_dlc07_skill_node_set_chs_sorcerer_shadow,wh3_dlc20_skill_node_chs_chaos_sorcerer_shadow_shared_02,wh3_dlc20_skill_shared_chs_cha_chaos_sorcerer_quick,1,wh2_main_effect_ability_cooldown_spells,data/skill_trees/characters/warriors_of_chaos/Chaos_Sorcerer_Shadows.csv,216,wh3_main_spell_yang_might_of_heaven_and_earth,ability_bindings,data/effect_semantics/source_exports/db/effect_bonus_value_unit_ability_junctions_tables/data__.tsv,936,recharge_mod,ability,wh3_main_spell_yang_might_of_heaven_and_earth
wh_dlc07_chs_chaos_sorcerer_shadow,wh_dlc07_skill_node_set_chs_sorcerer_shadow,wh3_dlc20_skill_node_chs_chaos_sorcerer_shadow_shared_02,wh3_dlc20_skill_shared_chs_cha_chaos_sorcerer_quick,1,wh2_main_effect_ability_cooldown_spells,data/skill_trees/characters/warriors_of_chaos/Chaos_Sorcerer_Shadows.csv,216,wh3_main_spell_yang_stone_ground_stance,ability_bindings,data/effect_semantics/source_exports/db/effect_bonus_value_unit_ability_junctions_tables/data__.tsv,937,recharge_mod,ability,wh3_main_spell_yang_stone_ground_stance
wh_dlc07_chs_chaos_sorcerer_shadow,wh_dlc07_skill_node_set_chs_sorcerer_shadow,wh3_dlc20_skill_node_chs_chaos_sorcerer_shadow_shared_02,wh3_dlc20_skill_shared_chs_cha_chaos_sorcerer_quick,1,wh2_main_effect_ability_cooldown_spells,data/skill_trees/characters/warriors_of_chaos/Chaos_Sorcerer_Shadows.csv,216,wh3_main_spell_yang_wall_of_wind_and_fire,ability_bindings,data/effect_semantics/source_exports/db/effect_bonus_value_unit_ability_junctions_tables/data__.tsv,938,recharge_mod,ability,wh3_main_spell_yang_wall_of_wind_and_fire
wh_dlc07_chs_chaos_sorcerer_shadow,wh_dlc07_skill_node_set_chs_sorcerer_shadow,wh3_dlc20_skill_node_chs_chaos_sorcerer_shadow_shared_02,wh3_dlc20_skill_shared_chs_cha_chaos_sorcerer_quick,1,wh2_main_effect_ability_cooldown_spells,data/skill_trees/characters/warriors_of_chaos/Chaos_Sorcerer_Shadows.csv,216,wh3_main_spell_yin_ancestral_warriors,ability_bindings,data/effect_semantics/source_exports/db/effect_bonus_value_unit_ability_junctions_tables/data__.tsv,939,recharge_mod,ability,wh3_main_spell_yin_ancestral_warriors
wh_dlc07_chs_chaos_sorcerer_shadow,wh_dlc07_skill_node_set_chs_sorcerer_shadow,wh3_dlc20_skill_node_chs_chaos_sorcerer_shadow_shared_02,wh3_dlc20_skill_shared_chs_cha_chaos_sorcerer_quick,1,wh2_main_effect_ability_cooldown_spells,data/skill_trees/characters/warriors_of_chaos/Chaos_Sorcerer_Shadows.csv,216,wh3_main_spell_yin_blossom_wind,ability_bindings,data/effect_semantics/source_exports/db/effect_bonus_value_unit_ability_junctions_tables/data__.tsv,940,recharge_mod,ability,wh3_main_spell_yin_blossom_wind
wh_dlc07_chs_chaos_sorcerer_shadow,wh_dlc07_skill_node_set_chs_sorcerer_shadow,wh3_dlc20_skill_node_chs_chaos_sorcerer_shadow_shared_02,wh3_dlc20_skill_shared_chs_cha_chaos_sorcerer_quick,1,wh2_main_effect_ability_cooldown_spells,data/skill_trees/characters/warriors_of_chaos/Chaos_Sorcerer_Shadows.csv,216,wh3_main_spell_yin_cloak_of_jet,ability_bindings,data/effect_semantics/source_exports/db/effect_bonus_value_unit_ability_junctions_tables/data__.tsv,941,recharge_mod,ability,wh3_main_spell_yin_cloak_of_jet
wh_dlc07_chs_chaos_sorcerer_shadow,wh_dlc07_skill_node_set_chs_sorcerer_shadow,wh3_dlc20_skill_node_chs_chaos_sorcerer_shadow_shared_02,wh3_dlc20_skill_shared_chs_cha_chaos_sorcerer_quick,1,wh2_main_effect_ability_cooldown_spells,data/skill_trees/characters/warriors_of_chaos/Chaos_Sorcerer_Shadows.csv,216,wh3_main_spell_yin_missile_mirror,ability_bindings,data/effect_semantics/source_exports/db/effect_bonus_value_unit_ability_junctions_tables/data__.tsv,942,recharge_mod,ability,wh3_main_spell_yin_missile_mirror
wh_dlc07_chs_chaos_sorcerer_shadow,wh_dlc07_skill_node_set_chs_sorcerer_shadow,wh3_dlc20_skill_node_chs_chaos_sorcerer_shadow_shared_02,wh3_dlc20_skill_shared_chs_cha_chaos_sorcerer_quick,1,wh2_main_effect_ability_cooldown_spells,data/skill_trees/characters/warriors_of_chaos/Chaos_Sorcerer_Shadows.csv,216,wh3_main_spell_yin_storm_of_shadows,ability_bindings,data/effect_semantics/source_exports/db/effect_bonus_value_unit_ability_junctions_tables/data__.tsv,943,recharge_mod,ability,wh3_main_spell_yin_storm_of_shadows
wh_dlc07_chs_chaos_sorcerer_shadow,wh_dlc07_skill_node_set_chs_sorcerer_shadow,wh3_dlc20_skill_node_chs_chaos_sorcerer_shadow_shared_02,wh3_dlc20_skill_shared_chs_cha_chaos_sorcerer_quick,1,wh2_main_effect_ability_cooldown_spells,data/skill_trees/characters/warriors_of_chaos/Chaos_Sorcerer_Shadows.csv,216,wh3_main_spell_yin_talons_of_night,ability_bindings,data/effect_semantics/source_exports/db/effect_bonus_value_unit_ability_junctions_tables/data__.tsv,944,recharge_mod,ability,wh3_main_spell_yin_talons_of_night
wh_dlc07_chs_chaos_sorcerer_shadow,wh_dlc07_skill_node_set_chs_sorcerer_shadow,wh3_dlc20_skill_node_chs_chaos_sorcerer_shadow_shared_02,wh3_dlc20_skill_shared_chs_cha_chaos_sorcerer_quick,1,wh2_main_effect_ability_cooldown_spells,data/skill_trees/characters/warriors_of_chaos/Chaos_Sorcerer_Shadows.csv,216,wh_dlc03_spell_beasts_flock_of_doom,ability_bindings,data/effect_semantics/source_exports/db/effect_bonus_value_unit_ability_junctions_tables/data__.tsv,945,recharge_mod,ability,wh_dlc03_spell_beasts_flock_of_doom
wh_dlc07_chs_chaos_sorcerer_shadow,wh_dlc07_skill_node_set_chs_sorcerer_shadow,wh3_dlc20_skill_node_chs_chaos_sorcerer_shadow_shared_02,wh3_dlc20_skill_shared_chs_cha_chaos_sorcerer_quick,1,wh2_main_effect_ability_cooldown_spells,data/skill_trees/characters/warriors_of_chaos/Chaos_Sorcerer_Shadows.csv,216,wh_dlc03_spell_beasts_panns_impenetrable_pelt,ability_bindings,data/effect_semantics/source_exports/db/effect_bonus_value_unit_ability_junctions_tables/data__.tsv,946,recharge_mod,ability,wh_dlc03_spell_beasts_panns_impenetrable_pelt
wh_dlc07_chs_chaos_sorcerer_shadow,wh_dlc07_skill_node_set_chs_sorcerer_shadow,wh3_dlc20_skill_node_chs_chaos_sorcerer_shadow_shared_02,wh3_dlc20_skill_shared_chs_cha_chaos_sorcerer_quick,1,wh2_main_effect_ability_cooldown_spells,data/skill_trees/characters/warriors_of_chaos/Chaos_Sorcerer_Shadows.csv,216,wh_dlc03_spell_beasts_the_amber_spear,ability_bindings,data/effect_semantics/source_exports/db/effect_bonus_value_unit_ability_junctions_tables/data__.tsv,947,recharge_mod,ability,wh_dlc03_spell_beasts_the_amber_spear
wh_dlc07_chs_chaos_sorcerer_shadow,wh_dlc07_skill_node_set_chs_sorcerer_shadow,wh3_dlc20_skill_node_chs_chaos_sorcerer_shadow_shared_02,wh3_dlc20_skill_shared_chs_cha_chaos_sorcerer_quick,1,wh2_main_effect_ability_cooldown_spells,data/skill_trees/characters/warriors_of_chaos/Chaos_Sorcerer_Shadows.csv,216,wh_dlc03_spell_beasts_the_curse_of_anraheir,ability_bindings,data/effect_semantics/source_exports/db/effect_bonus_value_unit_ability_junctions_tables/data__.tsv,948,recharge_mod,ability,wh_dlc03_spell_beasts_the_curse_of_anraheir
wh_dlc07_chs_chaos_sorcerer_shadow,wh_dlc07_skill_node_set_chs_sorcerer_shadow,wh3_dlc20_skill_node_chs_chaos_sorcerer_shadow_shared_02,wh3_dlc20_skill_shared_chs_cha_chaos_sorcerer_quick,1,wh2_main_effect_ability_cooldown_spells,data/skill_trees/characters/warriors_of_chaos/Chaos_Sorcerer_Shadows.csv,216,wh_dlc03_spell_beasts_transformation_of_kadon,ability_bindings,data/effect_semantics/source_exports/db/effect_bonus_value_unit_ability_junctions_tables/data__.tsv,949,recharge_mod,ability,wh_dlc03_spell_beasts_transformation_of_kadon
wh_dlc07_chs_chaos_sorcerer_shadow,wh_dlc07_skill_node_set_chs_sorcerer_shadow,wh3_dlc20_skill_node_chs_chaos_sorcerer_shadow_shared_02,wh3_dlc20_skill_shared_chs_cha_chaos_sorcerer_quick,1,wh2_main_effect_ability_cooldown_spells,data/skill_trees/characters/warriors_of_chaos/Chaos_Sorcerer_Shadows.csv,216,wh_dlc03_spell_beasts_wyssans_wildform,ability_bindings,data/effect_semantics/source_exports/db/effect_bonus_value_unit_ability_junctions_tables/data__.tsv,950,recharge_mod,ability,wh_dlc03_spell_beasts_wyssans_wildform
wh_dlc07_chs_chaos_sorcerer_shadow,wh_dlc07_skill_node_set_chs_sorcerer_shadow,wh3_dlc20_skill_node_chs_chaos_sorcerer_shadow_shared_02,wh3_dlc20_skill_shared_chs_cha_chaos_sorcerer_quick,1,wh2_main_effect_ability_cooldown_spells,data/skill_trees/characters/warriors_of_chaos/Chaos_Sorcerer_Shadows.csv,216,wh_dlc03_spell_wild_bray_scream,ability_bindings,data/effect_semantics/source_exports/db/effect_bonus_value_unit_ability_junctions_tables/data__.tsv,951,recharge_mod,ability,wh_dlc03_spell_wild_bray_scream
wh_dlc07_chs_chaos_sorcerer_shadow,wh_dlc07_skill_node_set_chs_sorcerer_shadow,wh3_dlc20_skill_node_chs_chaos_sorcerer_shadow_shared_02,wh3_dlc20_skill_shared_chs_cha_chaos_sorcerer_quick,1,wh2_main_effect_ability_cooldown_spells,data/skill_trees/characters/warriors_of_chaos/Chaos_Sorcerer_Shadows.csv,216,wh_dlc03_spell_wild_devolve,ability_bindings,data/effect_semantics/source_exports/db/effect_bonus_value_unit_ability_junctions_tables/data__.tsv,952,recharge_mod,ability,wh_dlc03_spell_wild_devolve
wh_dlc07_chs_chaos_sorcerer_shadow,wh_dlc07_skill_node_set_chs_sorcerer_shadow,wh3_dlc20_skill_node_chs_chaos_sorcerer_shadow_shared_02,wh3_dlc20_skill_shared_chs_cha_chaos_sorcerer_quick,1,wh2_main_effect_ability_cooldown_spells,data/skill_trees/characters/warriors_of_chaos/Chaos_Sorcerer_Shadows.csv,216,wh_dlc03_spell_wild_mantle_of_ghorok,ability_bindings,data/effect_semantics/source_exports/db/effect_bonus_value_unit_ability_junctions_tables/data__.tsv,953,recharge_mod,ability,wh_dlc03_spell_wild_mantle_of_ghorok
wh_dlc07_chs_chaos_sorcerer_shadow,wh_dlc07_skill_node_set_chs_sorcerer_shadow,wh3_dlc20_skill_node_chs_chaos_sorcerer_shadow_shared_02,wh3_dlc20_skill_shared_chs_cha_chaos_sorcerer_quick,1,wh2_main_effect_ability_cooldown_spells,data/skill_trees/characters/warriors_of_chaos/Chaos_Sorcerer_Shadows.csv,216,wh_dlc03_spell_wild_savage_dominion,ability_bindings,data/effect_semantics/source_exports/db/effect_bonus_value_unit_ability_junctions_tables/data__.tsv,954,recharge_mod,ability,wh_dlc03_spell_wild_savage_dominion
wh_dlc07_chs_chaos_sorcerer_shadow,wh_dlc07_skill_node_set_chs_sorcerer_shadow,wh3_dlc20_skill_node_chs_chaos_sorcerer_shadow_shared_02,wh3_dlc20_skill_shared_chs_cha_chaos_sorcerer_quick,1,wh2_main_effect_ability_cooldown_spells,data/skill_trees/characters/warriors_of_chaos/Chaos_Sorcerer_Shadows.csv,216,wh_dlc03_spell_wild_traitor_kin,ability_bindings,data/effect_semantics/source_exports/db/effect_bonus_value_unit_ability_junctions_tables/data__.tsv,955,recharge_mod,ability,wh_dlc03_spell_wild_traitor_kin
wh_dlc07_chs_chaos_sorcerer_shadow,wh_dlc07_skill_node_set_chs_sorcerer_shadow,wh3_dlc20_skill_node_chs_chaos_sorcerer_shadow_shared_02,wh3_dlc20_skill_shared_chs_cha_chaos_sorcerer_quick,1,wh2_main_effect_ability_cooldown_spells,data/skill_trees/characters/warriors_of_chaos/Chaos_Sorcerer_Shadows.csv,216,wh_dlc03_spell_wild_viletide,ability_bindings,data/effect_semantics/source_exports/db/effect_bonus_value_unit_ability_junctions_tables/data__.tsv,956,recharge_mod,ability,wh_dlc03_spell_wild_viletide
wh_dlc07_chs_chaos_sorcerer_shadow,wh_dlc07_skill_node_set_chs_sorcerer_shadow,wh3_dlc20_skill_node_chs_chaos_sorcerer_shadow_shared_02,wh3_dlc20_skill_shared_chs_cha_chaos_sorcerer_quick,1,wh2_main_effect_ability_cooldown_spells,data/skill_trees/characters/warriors_of_chaos/Chaos_Sorcerer_Shadows.csv,216,wh_dlc04_spell_vampires_curse_of_years_helman,ability_bindings,data/effect_semantics/source_exports/db/effect_bonus_value_unit_ability_junctions_tables/data__.tsv,957,recharge_mod,ability,wh_dlc04_spell_vampires_curse_of_years_helman
wh_dlc07_chs_chaos_sorcerer_shadow,wh_dlc07_skill_node_set_chs_sorcerer_shadow,wh3_dlc20_skill_node_chs_chaos_sorcerer_shadow_shared_02,wh3_dlc20_skill_shared_chs_cha_chaos_sorcerer_quick,1,wh2_main_effect_ability_cooldown_spells,data/skill_trees/characters/warriors_of_chaos/Chaos_Sorcerer_Shadows.csv,216,wh_dlc04_spell_vampires_gaze_of_nagash_helman,ability_bindings,data/effect_semantics/source_exports/db/effect_bonus_value_unit_ability_junctions_tables/data__.tsv,958,recharge_mod,ability,wh_dlc04_spell_vampires_gaze_of_nagash_helman
wh_dlc07_chs_chaos_sorcerer_shadow,wh_dlc07_skill_node_set_chs_sorcerer_shadow,wh3_dlc20_skill_node_chs_chaos_sorcerer_shadow_shared_02,wh3_dlc20_skill_shared_chs_cha_chaos_sorcerer_quick,1,wh2_main_effect_ability_cooldown_spells,data/skill_trees/characters/warriors_of_chaos/Chaos_Sorcerer_Shadows.csv,216,wh_dlc04_spell_vampires_invocation_of_nehek_helman,ability_bindings,data/effect_semantics/source_exports/db/effect_bonus_value_unit_ability_junctions_tables/data__.tsv,959,recharge_mod,ability,wh_dlc04_spell_vampires_invocation_of_nehek_helman
wh_dlc07_chs_chaos_sorcerer_shadow,wh_dlc07_skill_node_set_chs_sorcerer_shadow,wh3_dlc20_skill_node_chs_chaos_sorcerer_shadow_shared_02,wh3_dlc20_skill_shared_chs_cha_chaos_sorcerer_quick,1,wh2_main_effect_ability_cooldown_spells,data/skill_trees/characters/warriors_of_chaos/Chaos_Sorcerer_Shadows.csv,216,wh_dlc04_spell_vampires_raise_dead_helman,ability_bindings,data/effect_semantics/source_exports/db/effect_bonus_value_unit_ability_junctions_tables/data__.tsv,960,recharge_mod,ability,wh_dlc04_spell_vampires_raise_dead_helman
wh_dlc07_chs_chaos_sorcerer_shadow,wh_dlc07_skill_node_set_chs_sorcerer_shadow,wh3_dlc20_skill_node_chs_chaos_sorcerer_shadow_shared_02,wh3_dlc20_skill_shared_chs_cha_chaos_sorcerer_quick,1,wh2_main_effect_ability_cooldown_spells,data/skill_trees/characters/warriors_of_chaos/Chaos_Sorcerer_Shadows.csv,216,wh_dlc04_spell_vampires_raise_dead_strigoi,ability_bindings,data/effect_semantics/source_exports/db/effect_bonus_value_unit_ability_junctions_tables/data__.tsv,961,recharge_mod,ability,wh_dlc04_spell_vampires_raise_dead_strigoi
wh_dlc07_chs_chaos_sorcerer_shadow,wh_dlc07_skill_node_set_chs_sorcerer_shadow,wh3_dlc20_skill_node_chs_chaos_sorcerer_shadow_shared_02,wh3_dlc20_skill_shared_chs_cha_chaos_sorcerer_quick,1,wh2_main_effect_ability_cooldown_spells,data/skill_trees/characters/warriors_of_chaos/Chaos_Sorcerer_Shadows.csv,216,wh_dlc04_spell_vampires_vanhels_danse_macabre_helman,ability_bindings,data/effect_semantics/source_exports/db/effect_bonus_value_unit_ability_junctions_tables/data__.tsv,962,recharge_mod,ability,wh_dlc04_spell_vampires_vanhels_danse_macabre_helman
wh_dlc07_chs_chaos_sorcerer_shadow,wh_dlc07_skill_node_set_chs_sorcerer_shadow,wh3_dlc20_skill_node_chs_chaos_sorcerer_shadow_shared_02,wh3_dlc20_skill_shared_chs_cha_chaos_sorcerer_quick,1,wh2_main_effect_ability_cooldown_spells,data/skill_trees/characters/warriors_of_chaos/Chaos_Sorcerer_Shadows.csv,216,wh_dlc04_spell_vampires_wind_of_death_helman,ability_bindings,data/effect_semantics/source_exports/db/effect_bonus_value_unit_ability_junctions_tables/data__.tsv,963,recharge_mod,ability,wh_dlc04_spell_vampires_wind_of_death_helman
wh_dlc07_chs_chaos_sorcerer_shadow,wh_dlc07_skill_node_set_chs_sorcerer_shadow,wh3_dlc20_skill_node_chs_chaos_sorcerer_shadow_shared_02,wh3_dlc20_skill_shared_chs_cha_chaos_sorcerer_quick,1,wh2_main_effect_ability_cooldown_spells,data/skill_trees/characters/warriors_of_chaos/Chaos_Sorcerer_Shadows.csv,216,wh_dlc05_spell_life_awakening_of_the_wood,ability_bindings,data/effect_semantics/source_exports/db/effect_bonus_value_unit_ability_junctions_tables/data__.tsv,964,recharge_mod,ability,wh_dlc05_spell_life_awakening_of_the_wood
wh_dlc07_chs_chaos_sorcerer_shadow,wh_dlc07_skill_node_set_chs_sorcerer_shadow,wh3_dlc20_skill_node_chs_chaos_sorcerer_shadow_shared_02,wh3_dlc20_skill_shared_chs_cha_chaos_sorcerer_quick,1,wh2_main_effect_ability_cooldown_spells,data/skill_trees/characters/warriors_of_chaos/Chaos_Sorcerer_Shadows.csv,216,wh_dlc05_spell_life_awakening_the_wood_branchwraith,ability_bindings,data/effect_semantics/source_exports/db/effect_bonus_value_unit_ability_junctions_tables/data__.tsv,965,recharge_mod,ability,wh_dlc05_spell_life_awakening_the_wood_branchwraith
wh_dlc07_chs_chaos_sorcerer_shadow,wh_dlc07_skill_node_set_chs_sorcerer_shadow,wh3_dlc20_skill_node_chs_chaos_sorcerer_shadow_shared_02,wh3_dlc20_skill_shared_chs_cha_chaos_sorcerer_quick,1,wh2_main_effect_ability_cooldown_spells,data/skill_trees/characters/warriors_of_chaos/Chaos_Sorcerer_Shadows.csv,216,wh_dlc05_spell_life_earth_blood,ability_bindings,data/effect_semantics/source_exports/db/effect_bonus_value_unit_ability_junctions_tables/data__.tsv,966,recharge_mod,ability,wh_dlc05_spell_life_earth_blood
wh_dlc07_chs_chaos_sorcerer_shadow,wh_dlc07_skill_node_set_chs_sorcerer_shadow,wh3_dlc20_skill_node_chs_chaos_sorcerer_shadow_shared_02,wh3_dlc20_skill_shared_chs_cha_chaos_sorcerer_quick,1,wh2_main_effect_ability_cooldown_spells,data/skill_trees/characters/warriors_of_chaos/Chaos_Sorcerer_Shadows.csv,216,wh_dlc05_spell_life_earth_blood_branchwraith,ability_bindings,data/effect_semantics/source_exports/db/effect_bonus_value_unit_ability_junctions_tables/data__.tsv,967,recharge_mod,ability,wh_dlc05_spell_life_earth_blood_branchwraith
wh_dlc07_chs_chaos_sorcerer_shadow,wh_dlc07_skill_node_set_chs_sorcerer_shadow,wh3_dlc20_skill_node_chs_chaos_sorcerer_shadow_shared_02,wh3_dlc20_skill_shared_chs_cha_chaos_sorcerer_quick,1,wh2_main_effect_ability_cooldown_spells,data/skill_trees/characters/warriors_of_chaos/Chaos_Sorcerer_Shadows.csv,216,wh_dlc05_spell_life_flesh_to_stone,ability_bindings,data/effect_semantics/source_exports/db/effect_bonus_value_unit_ability_junctions_tables/data__.tsv,968,recharge_mod,ability,wh_dlc05_spell_life_flesh_to_stone
wh_dlc07_chs_chaos_sorcerer_shadow,wh_dlc07_skill_node_set_chs_sorcerer_shadow,wh3_dlc20_skill_node_chs_chaos_sorcerer_shadow_shared_02,wh3_dlc20_skill_shared_chs_cha_chaos_sorcerer_quick,1,wh2_main_effect_ability_cooldown_spells,data/skill_trees/characters/warriors_of_chaos/Chaos_Sorcerer_Shadows.csv,216,wh_dlc05_spell_life_regrowth,ability_bindings,data/effect_semantics/source_exports/db/effect_bonus_value_unit_ability_junctions_tables/data__.tsv,969,recharge_mod,ability,wh_dlc05_spell_life_regrowth
wh_dlc07_chs_chaos_sorcerer_shadow,wh_dlc07_skill_node_set_chs_sorcerer_shadow,wh3_dlc20_skill_node_chs_chaos_sorcerer_shadow_shared_02,wh3_dlc20_skill_shared_chs_cha_chaos_sorcerer_quick,1,wh2_main_effect_ability_cooldown_spells,data/skill_trees/characters/warriors_of_chaos/Chaos_Sorcerer_Shadows.csv,216,wh_dlc05_spell_life_shield_of_thorns,ability_bindings,data/effect_semantics/source_exports/db/effect_bonus_value_unit_ability_junctions_tables/data__.tsv,970,recharge_mod,ability,wh_dlc05_spell_life_shield_of_thorns
wh_dlc07_chs_chaos_sorcerer_shadow,wh_dlc07_skill_node_set_chs_sorcerer_shadow,wh3_dlc20_skill_node_chs_chaos_sorcerer_shadow_shared_02,wh3_dlc20_skill_shared_chs_cha_chaos_sorcerer_quick,1,wh2_main_effect_ability_cooldown_spells,data/skill_trees/characters/warriors_of_chaos/Chaos_Sorcerer_Shadows.csv,216,wh_dlc05_spell_life_shield_of_thorns_branchwraith,ability_bindings,data/effect_semantics/source_exports/db/effect_bonus_value_unit_ability_junctions_tables/data__.tsv,971,recharge_mod,ability,wh_dlc05_spell_life_shield_of_thorns_branchwraith
wh_dlc07_chs_chaos_sorcerer_shadow,wh_dlc07_skill_node_set_chs_sorcerer_shadow,wh3_dlc20_skill_node_chs_chaos_sorcerer_shadow_shared_02,wh3_dlc20_skill_shared_chs_cha_chaos_sorcerer_quick,1,wh2_main_effect_ability_cooldown_spells,data/skill_trees/characters/warriors_of_chaos/Chaos_Sorcerer_Shadows.csv,216,wh_dlc05_spell_life_the_dwellers_below,ability_bindings,data/effect_semantics/source_exports/db/effect_bonus_value_unit_ability_junctions_tables/data__.tsv,972,recharge_mod,ability,wh_dlc05_spell_life_the_dwellers_below
wh_dlc07_chs_chaos_sorcerer_shadow,wh_dlc07_skill_node_set_chs_sorcerer_shadow,wh3_dlc20_skill_node_chs_chaos_sorcerer_shadow_shared_02,wh3_dlc20_skill_shared_chs_cha_chaos_sorcerer_quick,1,wh2_main_effect_ability_cooldown_spells,data/skill_trees/characters/warriors_of_chaos/Chaos_Sorcerer_Shadows.csv,216,wh_dlc05_spell_shadow_melkoths_mystifying_miasma,ability_bindings,data/effect_semantics/source_exports/db/effect_bonus_value_unit_ability_junctions_tables/data__.tsv,973,recharge_mod,ability,wh_dlc05_spell_shadow_melkoths_mystifying_miasma
wh_dlc07_chs_chaos_sorcerer_shadow,wh_dlc07_skill_node_set_chs_sorcerer_shadow,wh3_dlc20_skill_node_chs_chaos_sorcerer_shadow_shared_02,wh3_dlc20_skill_shared_chs_cha_chaos_sorcerer_quick,1,wh2_main_effect_ability_cooldown_spells,data/skill_trees/characters/warriors_of_chaos/Chaos_Sorcerer_Shadows.csv,216,wh_dlc05_spell_shadow_melkoths_mystifying_miasma_branchwraith,ability_bindings,data/effect_semantics/source_exports/db/effect_bonus_value_unit_ability_junctions_tables/data__.tsv,974,recharge_mod,ability,wh_dlc05_spell_shadow_melkoths_mystifying_miasma_branchwraith
wh_dlc07_chs_chaos_sorcerer_shadow,wh_dlc07_skill_node_set_chs_sorcerer_shadow,wh3_dlc20_skill_node_chs_chaos_sorcerer_shadow_shared_02,wh3_dlc20_skill_shared_chs_cha_chaos_sorcerer_quick,1,wh2_main_effect_ability_cooldown_spells,data/skill_trees/characters/warriors_of_chaos/Chaos_Sorcerer_Shadows.csv,216,wh_dlc05_spell_shadow_okkams_mindrazor,ability_bindings,data/effect_semantics/source_exports/db/effect_bonus_value_unit_ability_junctions_tables/data__.tsv,975,recharge_mod,ability,wh_dlc05_spell_shadow_okkams_mindrazor
wh_dlc07_chs_chaos_sorcerer_shadow,wh_dlc07_skill_node_set_chs_sorcerer_shadow,wh3_dlc20_skill_node_chs_chaos_sorcerer_shadow_shared_02,wh3_dlc20_skill_shared_chs_cha_chaos_sorcerer_quick,1,wh2_main_effect_ability_cooldown_spells,data/skill_trees/characters/warriors_of_chaos/Chaos_Sorcerer_Shadows.csv,216,wh_dlc05_spell_shadow_pit_of_shades,ability_bindings,data/effect_semantics/source_exports/db/effect_bonus_value_unit_ability_junctions_tables/data__.tsv,976,recharge_mod,ability,wh_dlc05_spell_shadow_pit_of_shades
wh_dlc07_chs_chaos_sorcerer_shadow,wh_dlc07_skill_node_set_chs_sorcerer_shadow,wh3_dlc20_skill_node_chs_chaos_sorcerer_shadow_shared_02,wh3_dlc20_skill_shared_chs_cha_chaos_sorcerer_quick,1,wh2_main_effect_ability_cooldown_spells,data/skill_trees/characters/warriors_of_chaos/Chaos_Sorcerer_Shadows.csv,216,wh_dlc05_spell_shadow_the_enfeebling_foe,ability_bindings,data/effect_semantics/source_exports/db/effect_bonus_value_unit_ability_junctions_tables/data__.tsv,977,recharge_mod,ability,wh_dlc05_spell_shadow_the_enfeebling_foe
wh_dlc07_chs_chaos_sorcerer_shadow,wh_dlc07_skill_node_set_chs_sorcerer_shadow,wh3_dlc20_skill_node_chs_chaos_sorcerer_shadow_shared_02,wh3_dlc20_skill_shared_chs_cha_chaos_sorcerer_quick,1,wh2_main_effect_ability_cooldown_spells,data/skill_trees/characters/warriors_of_chaos/Chaos_Sorcerer_Shadows.csv,216,wh_dlc05_spell_shadow_the_penumbral_pendulum,ability_bindings,data/effect_semantics/source_exports/db/effect_bonus_value_unit_ability_junctions_tables/data__.tsv,978,recharge_mod,ability,wh_dlc05_spell_shadow_the_penumbral_pendulum
wh_dlc07_chs_chaos_sorcerer_shadow,wh_dlc07_skill_node_set_chs_sorcerer_shadow,wh3_dlc20_skill_node_chs_chaos_sorcerer_shadow_shared_02,wh3_dlc20_skill_shared_chs_cha_chaos_sorcerer_quick,1,wh2_main_effect_ability_cooldown_spells,data/skill_trees/characters/warriors_of_chaos/Chaos_Sorcerer_Shadows.csv,216,wh_dlc05_spell_shadow_the_penumbral_pendulum_branchwraith,ability_bindings,data/effect_semantics/source_exports/db/effect_bonus_value_unit_ability_junctions_tables/data__.tsv,979,recharge_mod,ability,wh_dlc05_spell_shadow_the_penumbral_pendulum_branchwraith
wh_dlc07_chs_chaos_sorcerer_shadow,wh_dlc07_skill_node_set_chs_sorcerer_shadow,wh3_dlc20_skill_node_chs_chaos_sorcerer_shadow_shared_02,wh3_dlc20_skill_shared_chs_cha_chaos_sorcerer_quick,1,wh2_main_effect_ability_cooldown_spells,data/skill_trees/characters/warriors_of_chaos/Chaos_Sorcerer_Shadows.csv,216,wh_dlc05_spell_shadow_the_withering,ability_bindings,data/effect_semantics/source_exports/db/effect_bonus_value_unit_ability_junctions_tables/data__.tsv,980,recharge_mod,ability,wh_dlc05_spell_shadow_the_withering
wh_dlc07_chs_chaos_sorcerer_shadow,wh_dlc07_skill_node_set_chs_sorcerer_shadow,wh3_dlc20_skill_node_chs_chaos_sorcerer_shadow_shared_02,wh3_dlc20_skill_shared_chs_cha_chaos_sorcerer_quick,1,wh2_main_effect_ability_cooldown_spells,data/skill_trees/characters/warriors_of_chaos/Chaos_Sorcerer_Shadows.csv,216,wh_dlc05_spell_shadow_the_withering_branchwraith,ability_bindings,data/effect_semantics/source_exports/db/effect_bonus_value_unit_ability_junctions_tables/data__.tsv,981,recharge_mod,ability,wh_dlc05_spell_shadow_the_withering_branchwraith
wh_dlc07_chs_chaos_sorcerer_shadow,wh_dlc07_skill_node_set_chs_sorcerer_shadow,wh3_dlc20_skill_node_chs_chaos_sorcerer_shadow_shared_02,wh3_dlc20_skill_shared_chs_cha_chaos_sorcerer_quick,1,wh2_main_effect_ability_cooldown_spells,data/skill_trees/characters/warriors_of_chaos/Chaos_Sorcerer_Shadows.csv,216,wh_dlc08_spell_death_aspect_of_the_dreadknight_arzik,ability_bindings,data/effect_semantics/source_exports/db/effect_bonus_value_unit_ability_junctions_tables/data__.tsv,982,recharge_mod,ability,wh_dlc08_spell_death_aspect_of_the_dreadknight_arzik
wh_dlc07_chs_chaos_sorcerer_shadow,wh_dlc07_skill_node_set_chs_sorcerer_shadow,wh3_dlc20_skill_node_chs_chaos_sorcerer_shadow_shared_02,wh3_dlc20_skill_shared_chs_cha_chaos_sorcerer_quick,1,wh2_main_effect_ability_cooldown_spells,data/skill_trees/characters/warriors_of_chaos/Chaos_Sorcerer_Shadows.csv,216,wh_dlc08_spell_death_soulblight_arzik,ability_bindings,data/effect_semantics/source_exports/db/effect_bonus_value_unit_ability_junctions_tables/data__.tsv,983,recharge_mod,ability,wh_dlc08_spell_death_soulblight_arzik
wh_dlc07_chs_chaos_sorcerer_shadow,wh_dlc07_skill_node_set_chs_sorcerer_shadow,wh3_dlc20_skill_node_chs_chaos_sorcerer_shadow_shared_02,wh3_dlc20_skill_shared_chs_cha_chaos_sorcerer_quick,1,wh2_main_effect_ability_cooldown_spells,data/skill_trees/characters/warriors_of_chaos/Chaos_Sorcerer_Shadows.csv,216,wh_dlc08_spell_death_the_fate_of_bjuna_arzik,ability_bindings,data/effect_semantics/source_exports/db/effect_bonus_value_unit_ability_junctions_tables/data__.tsv,984,recharge_mod,ability,wh_dlc08_spell_death_the_fate_of_bjuna_arzik
wh_dlc07_chs_chaos_sorcerer_shadow,wh_dlc07_skill_node_set_chs_sorcerer_shadow,wh3_dlc20_skill_node_chs_chaos_sorcerer_shadow_shared_02,wh3_dlc20_skill_shared_chs_cha_chaos_sorcerer_quick,1,wh2_main_effect_ability_cooldown_spells,data/skill_trees/characters/warriors_of_chaos/Chaos_Sorcerer_Shadows.csv,216,wh_dlc08_spell_fire_fireball_kihar,ability_bindings,data/effect_semantics/source_exports/db/effect_bonus_value_unit_ability_junctions_tables/data__.tsv,985,recharge_mod,ability,wh_dlc08_spell_fire_fireball_kihar
wh_dlc07_chs_chaos_sorcerer_shadow,wh_dlc07_skill_node_set_chs_sorcerer_shadow,wh3_dlc20_skill_node_chs_chaos_sorcerer_shadow_shared_02,wh3_dlc20_skill_shared_chs_cha_chaos_sorcerer_quick,1,wh2_main_effect_ability_cooldown_spells,data/skill_trees/characters/warriors_of_chaos/Chaos_Sorcerer_Shadows.csv,216,wh_dlc08_spell_fire_flaming_sword_of_rhuin_kihar,ability_bindings,data/effect_semantics/source_exports/db/effect_bonus_value_unit_ability_junctions_tables/data__.tsv,986,recharge_mod,ability,wh_dlc08_spell_fire_flaming_sword_of_rhuin_kihar
wh_dlc07_chs_chaos_sorcerer_shadow,wh_dlc07_skill_node_set_chs_sorcerer_shadow,wh3_dlc20_skill_node_chs_chaos_sorcerer_shadow_shared_02,wh3_dlc20_skill_shared_chs_cha_chaos_sorcerer_quick,1,wh2_main_effect_ability_cooldown_spells,data/skill_trees/characters/warriors_of_chaos/Chaos_Sorcerer_Shadows.csv,216,wh_dlc08_spell_metal_final_transmutation_arzik,ability_bindings,data/effect_semantics/source_exports/db/effect_bonus_value_unit_ability_junctions_tables/data__.tsv,987,recharge_mod,ability,wh_dlc08_spell_metal_final_transmutation_arzik
wh_dlc07_chs_chaos_sorcerer_shadow,wh_dlc07_skill_node_set_chs_sorcerer_shadow,wh3_dlc20_skill_node_chs_chaos_sorcerer_shadow_shared_02,wh3_dlc20_skill_shared_chs_cha_chaos_sorcerer_quick,1,wh2_main_effect_ability_cooldown_spells,data/skill_trees/characters/warriors_of_chaos/Chaos_Sorcerer_Shadows.csv,216,wh_dlc08_spell_metal_gehennas_golden_hounds_arzik,ability_bindings,data/effect_semantics/source_exports/db/effect_bonus_value_unit_ability_junctions_tables/data__.tsv,988,recharge_mod,ability,wh_dlc08_spell_metal_gehennas_golden_hounds_arzik
wh_dlc07_chs_chaos_sorcerer_shadow,wh_dlc07_skill_node_set_chs_sorcerer_shadow,wh3_dlc20_skill_node_chs_chaos_sorcerer_shadow_shared_02,wh3_dlc20_skill_shared_chs_cha_chaos_sorcerer_quick,1,wh2_main_effect_ability_cooldown_spells,data/skill_trees/characters/warriors_of_chaos/Chaos_Sorcerer_Shadows.csv,216,wh_dlc08_spell_metal_plague_of_rust_kihar,ability_bindings,data/effect_semantics/source_exports/db/effect_bonus_value_unit_ability_junctions_tables/data__.tsv,989,recharge_mod,ability,wh_dlc08_spell_metal_plague_of_rust_kihar
wh_dlc07_chs_chaos_sorcerer_shadow,wh_dlc07_skill_node_set_chs_sorcerer_shadow,wh3_dlc20_skill_node_chs_chaos_sorcerer_shadow_shared_02,wh3_dlc20_skill_shared_chs_cha_chaos_sorcerer_quick,1,wh2_main_effect_ability_cooldown_spells,data/skill_trees/characters/warriors_of_chaos/Chaos_Sorcerer_Shadows.csv,216,wh_dlc08_spell_metal_searing_doom_arzik,ability_bindings,data/effect_semantics/source_exports/db/effect_bonus_value_unit_ability_junctions_tables/data__.tsv,990,recharge_mod,ability,wh_dlc08_spell_metal_searing_doom_arzik
wh_dlc07_chs_chaos_sorcerer_shadow,wh_dlc07_skill_node_set_chs_sorcerer_shadow,wh3_dlc20_skill_node_chs_chaos_sorcerer_shadow_shared_02,wh3_dlc20_skill_shared_chs_cha_chaos_sorcerer_quick,1,wh2_main_effect_ability_cooldown_spells,data/skill_trees/characters/warriors_of_chaos/Chaos_Sorcerer_Shadows.csv,216,wh_dlc08_spell_metal_transmutation_of_lead_kihar,ability_bindings,data/effect_semantics/source_exports/db/effect_bonus_value_unit_ability_junctions_tables/data__.tsv,991,recharge_mod,ability,wh_dlc08_spell_metal_transmutation_of_lead_kihar
wh_dlc07_chs_chaos_sorcerer_shadow,wh_dlc07_skill_node_set_chs_sorcerer_shadow,wh3_dlc20_skill_node_chs_chaos_sorcerer_shadow_shared_02,wh3_dlc20_skill_shared_chs_cha_chaos_sorcerer_quick,1,wh2_main_effect_ability_cooldown_spells,data/skill_trees/characters/warriors_of_chaos/Chaos_Sorcerer_Shadows.csv,216,wh_dlc08_spell_shadow_pit_of_shades_kihar,ability_bindings,data/effect_semantics/source_exports/db/effect_bonus_value_unit_ability_junctions_tables/data__.tsv,992,recharge_mod,ability,wh_dlc08_spell_shadow_pit_of_shades_kihar
wh_dlc07_chs_chaos_sorcerer_shadow,wh_dlc07_skill_node_set_chs_sorcerer_shadow,wh3_dlc20_skill_node_chs_chaos_sorcerer_shadow_shared_02,wh3_dlc20_skill_shared_chs_cha_chaos_sorcerer_quick,1,wh2_main_effect_ability_cooldown_spells,data/skill_trees/characters/warriors_of_chaos/Chaos_Sorcerer_Shadows.csv,216,wh_dlc08_spell_shadow_the_penumbral_pendulum_kihar,ability_bindings,data/effect_semantics/source_exports/db/effect_bonus_value_unit_ability_junctions_tables/data__.tsv,993,recharge_mod,ability,wh_dlc08_spell_shadow_the_penumbral_pendulum_kihar
wh_dlc07_chs_chaos_sorcerer_shadow,wh_dlc07_skill_node_set_chs_sorcerer_shadow,wh3_dlc20_skill_node_chs_chaos_sorcerer_shadow_shared_02,wh3_dlc20_skill_shared_chs_cha_chaos_sorcerer_quick,1,wh2_main_effect_ability_cooldown_spells,data/skill_trees/characters/warriors_of_chaos/Chaos_Sorcerer_Shadows.csv,216,wh_main_spell_big_waaagh_brain_bursta,ability_bindings,data/effect_semantics/source_exports/db/effect_bonus_value_unit_ability_junctions_tables/data__.tsv,994,recharge_mod,ability,wh_main_spell_big_waaagh_brain_bursta
wh_dlc07_chs_chaos_sorcerer_shadow,wh_dlc07_skill_node_set_chs_sorcerer_shadow,wh3_dlc20_skill_node_chs_chaos_sorcerer_shadow_shared_02,wh3_dlc20_skill_shared_chs_cha_chaos_sorcerer_quick,1,wh2_main_effect_ability_cooldown_spells,data/skill_trees/characters/warriors_of_chaos/Chaos_Sorcerer_Shadows.csv,216,wh_main_spell_big_waaagh_eadbutt,ability_bindings,data/effect_semantics/source_exports/db/effect_bonus_value_unit_ability_junctions_tables/data__.tsv,995,recharge_mod,ability,wh_main_spell_big_waaagh_eadbutt
wh_dlc07_chs_chaos_sorcerer_shadow,wh_dlc07_skill_node_set_chs_sorcerer_shadow,wh3_dlc20_skill_node_chs_chaos_sorcerer_shadow_shared_02,wh3_dlc20_skill_shared_chs_cha_chaos_sorcerer_quick,1,wh2_main_effect_ability_cooldown_spells,data/skill_trees/characters/warriors_of_chaos/Chaos_Sorcerer_Shadows.csv,216,wh_main_spell_big_waaagh_ere_we_go,ability_bindings,data/effect_semantics/source_exports/db/effect_bonus_value_unit_ability_junctions_tables/data__.tsv,996,recharge_mod,ability,wh_main_spell_big_waaagh_ere_we_go
wh_dlc07_chs_chaos_sorcerer_shadow,wh_dlc07_skill_node_set_chs_sorcerer_shadow,wh3_dlc20_skill_node_chs_chaos_sorcerer_shadow_shared_02,wh3_dlc20_skill_shared_chs_cha_chaos_sorcerer_quick,1,wh2_main_effect_ability_cooldown_spells,data/skill_trees/characters/warriors_of_chaos/Chaos_Sorcerer_Shadows.csv,216,wh_main_spell_big_waaagh_fists_of_gork,ability_bindings,data/effect_semantics/source_exports/db/effect_bonus_value_unit_ability_junctions_tables/data__.tsv,997,recharge_mod,ability,wh_main_spell_big_waaagh_fists_of_gork
wh_dlc07_chs_chaos_sorcerer_shadow,wh_dlc07_skill_node_set_chs_sorcerer_shadow,wh3_dlc20_skill_node_chs_chaos_sorcerer_shadow_shared_02,wh3_dlc20_skill_shared_chs_cha_chaos_sorcerer_quick,1,wh2_main_effect_ability_cooldown_spells,data/skill_trees/characters/warriors_of_chaos/Chaos_Sorcerer_Shadows.csv,216,wh_main_spell_big_waaagh_foot_of_gork,ability_bindings,data/effect_semantics/source_exports/db/effect_bonus_value_unit_ability_junctions_tables/data__.tsv,998,recharge_mod,ability,wh_main_spell_big_waaagh_foot_of_gork
wh_dlc07_chs_chaos_sorcerer_shadow,wh_dlc07_skill_node_set_chs_sorcerer_shadow,wh3_dlc20_skill_node_chs_chaos_sorcerer_shadow_shared_02,wh3_dlc20_skill_shared_chs_cha_chaos_sorcerer_quick,1,wh2_main_effect_ability_cooldown_spells,data/skill_trees/characters/warriors_of_chaos/Chaos_Sorcerer_Shadows.csv,216,wh_main_spell_big_waaagh_gaze_of_mork,ability_bindings,data/effect_semantics/source_exports/db/effect_bonus_value_unit_ability_junctions_tables/data__.tsv,999,recharge_mod,ability,wh_main_spell_big_waaagh_gaze_of_mork
wh_dlc07_chs_chaos_sorcerer_shadow,wh_dlc07_skill_node_set_chs_sorcerer_shadow,wh3_dlc20_skill_node_chs_chaos_sorcerer_shadow_shared_02,wh3_dlc20_skill_shared_chs_cha_chaos_sorcerer_quick,1,wh2_main_effect_ability_cooldown_spells,data/skill_trees/characters/warriors_of_chaos/Chaos_Sorcerer_Shadows.csv,216,wh_main_spell_death_aspect_of_the_dreadknight,ability_bindings,data/effect_semantics/source_exports/db/effect_bonus_value_unit_ability_junctions_tables/data__.tsv,1000,recharge_mod,ability,wh_main_spell_death_aspect_of_the_dreadknight
wh_dlc07_chs_chaos_sorcerer_shadow,wh_dlc07_skill_node_set_chs_sorcerer_shadow,wh3_dlc20_skill_node_chs_chaos_sorcerer_shadow_shared_02,wh3_dlc20_skill_shared_chs_cha_chaos_sorcerer_quick,1,wh2_main_effect_ability_cooldown_spells,data/skill_trees/characters/warriors_of_chaos/Chaos_Sorcerer_Shadows.csv,216,wh_main_spell_death_doom_and_darkness,ability_bindings,data/effect_semantics/source_exports/db/effect_bonus_value_unit_ability_junctions_tables/data__.tsv,1001,recharge_mod,ability,wh_main_spell_death_doom_and_darkness
wh_dlc07_chs_chaos_sorcerer_shadow,wh_dlc07_skill_node_set_chs_sorcerer_shadow,wh3_dlc20_skill_node_chs_chaos_sorcerer_shadow_shared_02,wh3_dlc20_skill_shared_chs_cha_chaos_sorcerer_quick,1,wh2_main_effect_ability_cooldown_spells,data/skill_trees/characters/warriors_of_chaos/Chaos_Sorcerer_Shadows.csv,216,wh_main_spell_death_soulblight,ability_bindings,data/effect_semantics/source_exports/db/effect_bonus_value_unit_ability_junctions_tables/data__.tsv,1002,recharge_mod,ability,wh_main_spell_death_soulblight
wh_dlc07_chs_chaos_sorcerer_shadow,wh_dlc07_skill_node_set_chs_sorcerer_shadow,wh3_dlc20_skill_node_chs_chaos_sorcerer_shadow_shared_02,wh3_dlc20_skill_shared_chs_cha_chaos_sorcerer_quick,1,wh2_main_effect_ability_cooldown_spells,data/skill_trees/characters/warriors_of_chaos/Chaos_Sorcerer_Shadows.csv,216,wh_main_spell_death_spirit_leech,ability_bindings,data/effect_semantics/source_exports/db/effect_bonus_value_unit_ability_junctions_tables/data__.tsv,1003,recharge_mod,ability,wh_main_spell_death_spirit_leech
wh_dlc07_chs_chaos_sorcerer_shadow,wh_dlc07_skill_node_set_chs_sorcerer_shadow,wh3_dlc20_skill_node_chs_chaos_sorcerer_shadow_shared_02,wh3_dlc20_skill_shared_chs_cha_chaos_sorcerer_quick,1,wh2_main_effect_ability_cooldown_spells,data/skill_trees/characters/warriors_of_chaos/Chaos_Sorcerer_Shadows.csv,216,wh_main_spell_death_the_fate_of_bjuna,ability_bindings,data/effect_semantics/source_exports/db/effect_bonus_value_unit_ability_junctions_tables/data__.tsv,1004,recharge_mod,ability,wh_main_spell_death_the_fate_of_bjuna
wh_dlc07_chs_chaos_sorcerer_shadow,wh_dlc07_skill_node_set_chs_sorcerer_shadow,wh3_dlc20_skill_node_chs_chaos_sorcerer_shadow_shared_02,wh3_dlc20_skill_shared_chs_cha_chaos_sorcerer_quick,1,wh2_main_effect_ability_cooldown_spells,data/skill_trees/characters/warriors_of_chaos/Chaos_Sorcerer_Shadows.csv,216,wh_main_spell_death_the_purple_sun_of_xereus,ability_bindings,data/effect_semantics/source_exports/db/effect_bonus_value_unit_ability_junctions_tables/data__.tsv,1005,recharge_mod,ability,wh_main_spell_death_the_purple_sun_of_xereus
wh_dlc07_chs_chaos_sorcerer_shadow,wh_dlc07_skill_node_set_chs_sorcerer_shadow,wh3_dlc20_skill_node_chs_chaos_sorcerer_shadow_shared_02,wh3_dlc20_skill_shared_chs_cha_chaos_sorcerer_quick,1,wh2_main_effect_ability_cooldown_spells,data/skill_trees/characters/warriors_of_chaos/Chaos_Sorcerer_Shadows.csv,216,wh_main_spell_fire_cascading_fire_cloak,ability_bindings,data/effect_semantics/source_exports/db/effect_bonus_value_unit_ability_junctions_tables/data__.tsv,1006,recharge_mod,ability,wh_main_spell_fire_cascading_fire_cloak
wh_dlc07_chs_chaos_sorcerer_shadow,wh_dlc07_skill_node_set_chs_sorcerer_shadow,wh3_dlc20_skill_node_chs_chaos_sorcerer_shadow_shared_02,wh3_dlc20_skill_shared_chs_cha_chaos_sorcerer_quick,1,wh2_main_effect_ability_cooldown_spells,data/skill_trees/characters/warriors_of_chaos/Chaos_Sorcerer_Shadows.csv,216,wh_main_spell_fire_fireball,ability_bindings,data/effect_semantics/source_exports/db/effect_bonus_value_unit_ability_junctions_tables/data__.tsv,1007,recharge_mod,ability,wh_main_spell_fire_fireball
wh_dlc07_chs_chaos_sorcerer_shadow,wh_dlc07_skill_node_set_chs_sorcerer_shadow,wh3_dlc20_skill_node_chs_chaos_sorcerer_shadow_shared_02,wh3_dlc20_skill_shared_chs_cha_chaos_sorcerer_quick,1,wh2_main_effect_ability_cooldown_spells,data/skill_trees/characters/warriors_of_chaos/Chaos_Sorcerer_Shadows.csv,216,wh_main_spell_fire_flame_storm,ability_bindings,data/effect_semantics/source_exports/db/effect_bonus_value_unit_ability_junctions_tables/data__.tsv,1008,recharge_mod,ability,wh_main_spell_fire_flame_storm
wh_dlc07_chs_chaos_sorcerer_shadow,wh_dlc07_skill_node_set_chs_sorcerer_shadow,wh3_dlc20_skill_node_chs_chaos_sorcerer_shadow_shared_02,wh3_dlc20_skill_shared_chs_cha_chaos_sorcerer_quick,1,wh2_main_effect_ability_cooldown_spells,data/skill_trees/characters/warriors_of_chaos/Chaos_Sorcerer_Shadows.csv,216,wh_main_spell_fire_flaming_sword_of_rhuin,ability_bindings,data/effect_semantics/source_exports/db/effect_bonus_value_unit_ability_junctions_tables/data__.tsv,1009,recharge_mod,ability,wh_main_spell_fire_flaming_sword_of_rhuin
wh_dlc07_chs_chaos_sorcerer_shadow,wh_dlc07_skill_node_set_chs_sorcerer_shadow,wh3_dlc20_skill_node_chs_chaos_sorcerer_shadow_shared_02,wh3_dlc20_skill_shared_chs_cha_chaos_sorcerer_quick,1,wh2_main_effect_ability_cooldown_spells,data/skill_trees/characters/warriors_of_chaos/Chaos_Sorcerer_Shadows.csv,216,wh_main_spell_fire_piercing_bolts_of_burning,ability_bindings,data/effect_semantics/source_exports/db/effect_bonus_value_unit_ability_junctions_tables/data__.tsv,1010,recharge_mod,ability,wh_main_spell_fire_piercing_bolts_of_burning
wh_dlc07_chs_chaos_sorcerer_shadow,wh_dlc07_skill_node_set_chs_sorcerer_shadow,wh3_dlc20_skill_node_chs_chaos_sorcerer_shadow_shared_02,wh3_dlc20_skill_shared_chs_cha_chaos_sorcerer_quick,1,wh2_main_effect_ability_cooldown_spells,data/skill_trees/characters/warriors_of_chaos/Chaos_Sorcerer_Shadows.csv,216,wh_main_spell_fire_the_burning_head,ability_bindings,data/effect_semantics/source_exports/db/effect_bonus_value_unit_ability_junctions_tables/data__.tsv,1011,recharge_mod,ability,wh_main_spell_fire_the_burning_head
wh_dlc07_chs_chaos_sorcerer_shadow,wh_dlc07_skill_node_set_chs_sorcerer_shadow,wh3_dlc20_skill_node_chs_chaos_sorcerer_shadow_shared_02,wh3_dlc20_skill_shared_chs_cha_chaos_sorcerer_quick,1,wh2_main_effect_ability_cooldown_spells,data/skill_trees/characters/warriors_of_chaos/Chaos_Sorcerer_Shadows.csv,216,wh_main_spell_heavens_chain_lightning,ability_bindings,data/effect_semantics/source_exports/db/effect_bonus_value_unit_ability_junctions_tables/data__.tsv,1012,recharge_mod,ability,wh_main_spell_heavens_chain_lightning
wh_dlc07_chs_chaos_sorcerer_shadow,wh_dlc07_skill_node_set_chs_sorcerer_shadow,wh3_dlc20_skill_node_chs_chaos_sorcerer_shadow_shared_02,wh3_dlc20_skill_shared_chs_cha_chaos_sorcerer_quick,1,wh2_main_effect_ability_cooldown_spells,data/skill_trees/characters/warriors_of_chaos/Chaos_Sorcerer_Shadows.csv,216,wh_main_spell_heavens_comet_of_casandora,ability_bindings,data/effect_semantics/source_exports/db/effect_bonus_value_unit_ability_junctions_tables/data__.tsv,1013,recharge_mod,ability,wh_main_spell_heavens_comet_of_casandora
wh_dlc07_chs_chaos_sorcerer_shadow,wh_dlc07_skill_node_set_chs_sorcerer_shadow,wh3_dlc20_skill_node_chs_chaos_sorcerer_shadow_shared_02,wh3_dlc20_skill_shared_chs_cha_chaos_sorcerer_quick,1,wh2_main_effect_ability_cooldown_spells,data/skill_trees/characters/warriors_of_chaos/Chaos_Sorcerer_Shadows.csv,216,wh_main_spell_heavens_curse_of_the_midnight_wind,ability_bindings,data/effect_semantics/source_exports/db/effect_bonus_value_unit_ability_junctions_tables/data__.tsv,1014,recharge_mod,ability,wh_main_spell_heavens_curse_of_the_midnight_wind
wh_dlc07_chs_chaos_sorcerer_shadow,wh_dlc07_skill_node_set_chs_sorcerer_shadow,wh3_dlc20_skill_node_chs_chaos_sorcerer_shadow_shared_02,wh3_dlc20_skill_shared_chs_cha_chaos_sorcerer_quick,1,wh2_main_effect_ability_cooldown_spells,data/skill_trees/characters/warriors_of_chaos/Chaos_Sorcerer_Shadows.csv,216,wh_main_spell_heavens_harmonic_convergence,ability_bindings,data/effect_semantics/source_exports/db/effect_bonus_value_unit_ability_junctions_tables/data__.tsv,1015,recharge_mod,ability,wh_main_spell_heavens_harmonic_convergence
wh_dlc07_chs_chaos_sorcerer_shadow,wh_dlc07_skill_node_set_chs_sorcerer_shadow,wh3_dlc20_skill_node_chs_chaos_sorcerer_shadow_shared_02,wh3_dlc20_skill_shared_chs_cha_chaos_sorcerer_quick,1,wh2_main_effect_ability_cooldown_spells,data/skill_trees/characters/warriors_of_chaos/Chaos_Sorcerer_Shadows.csv,216,wh_main_spell_heavens_urannons_thunderbolt,ability_bindings,data/effect_semantics/source_exports/db/effect_bonus_value_unit_ability_junctions_tables/data__.tsv,1016,recharge_mod,ability,wh_main_spell_heavens_urannons_thunderbolt
wh_dlc07_chs_chaos_sorcerer_shadow,wh_dlc07_skill_node_set_chs_sorcerer_shadow,wh3_dlc20_skill_node_chs_chaos_sorcerer_shadow_shared_02,wh3_dlc20_skill_shared_chs_cha_chaos_sorcerer_quick,1,wh2_main_effect_ability_cooldown_spells,data/skill_trees/characters/warriors_of_chaos/Chaos_Sorcerer_Shadows.csv,216,wh_main_spell_heavens_wind_blast,ability_bindings,data/effect_semantics/source_exports/db/effect_bonus_value_unit_ability_junctions_tables/data__.tsv,1017,recharge_mod,ability,wh_main_spell_heavens_wind_blast
wh_dlc07_chs_chaos_sorcerer_shadow,wh_dlc07_skill_node_set_chs_sorcerer_shadow,wh3_dlc20_skill_node_chs_chaos_sorcerer_shadow_shared_02,wh3_dlc20_skill_shared_chs_cha_chaos_sorcerer_quick,1,wh2_main_effect_ability_cooldown_spells,data/skill_trees/characters/warriors_of_chaos/Chaos_Sorcerer_Shadows.csv,216,wh_main_spell_light_banishment,ability_bindings,data/effect_semantics/source_exports/db/effect_bonus_value_unit_ability_junctions_tables/data__.tsv,1018,recharge_mod,ability,wh_main_spell_light_banishment
wh_dlc07_chs_chaos_sorcerer_shadow,wh_dlc07_skill_node_set_chs_sorcerer_shadow,wh3_dlc20_skill_node_chs_chaos_sorcerer_shadow_shared_02,wh3_dlc20_skill_shared_chs_cha_chaos_sorcerer_quick,1,wh2_main_effect_ability_cooldown_spells,data/skill_trees/characters/warriors_of_chaos/Chaos_Sorcerer_Shadows.csv,216,wh_main_spell_light_bironas_timewarp,ability_bindings,data/effect_semantics/source_exports/db/effect_bonus_value_unit_ability_junctions_tables/data__.tsv,1019,recharge_mod,ability,wh_main_spell_light_bironas_timewarp
wh_dlc07_chs_chaos_sorcerer_shadow,wh_dlc07_skill_node_set_chs_sorcerer_shadow,wh3_dlc20_skill_node_chs_chaos_sorcerer_shadow_shared_02,wh3_dlc20_skill_shared_chs_cha_chaos_sorcerer_quick,1,wh2_main_effect_ability_cooldown_spells,data/skill_trees/characters/warriors_of_chaos/Chaos_Sorcerer_Shadows.csv,216,wh_main_spell_light_light_of_battle,ability_bindings,data/effect_semantics/source_exports/db/effect_bonus_value_unit_ability_junctions_tables/data__.tsv,1020,recharge_mod,ability,wh_main_spell_light_light_of_battle
wh_dlc07_chs_chaos_sorcerer_shadow,wh_dlc07_skill_node_set_chs_sorcerer_shadow,wh3_dlc20_skill_node_chs_chaos_sorcerer_shadow_shared_02,wh3_dlc20_skill_shared_chs_cha_chaos_sorcerer_quick,1,wh2_main_effect_ability_cooldown_spells,data/skill_trees/characters/warriors_of_chaos/Chaos_Sorcerer_Shadows.csv,216,wh_main_spell_light_net_of_amyntok,ability_bindings,data/effect_semantics/source_exports/db/effect_bonus_value_unit_ability_junctions_tables/data__.tsv,1021,recharge_mod,ability,wh_main_spell_light_net_of_amyntok
wh_dlc07_chs_chaos_sorcerer_shadow,wh_dlc07_skill_node_set_chs_sorcerer_shadow,wh3_dlc20_skill_node_chs_chaos_sorcerer_shadow_shared_02,wh3_dlc20_skill_shared_chs_cha_chaos_sorcerer_quick,1,wh2_main_effect_ability_cooldown_spells,data/skill_trees/characters/warriors_of_chaos/Chaos_Sorcerer_Shadows.csv,216,wh_main_spell_light_phas_protection,ability_bindings,data/effect_semantics/source_exports/db/effect_bonus_value_unit_ability_junctions_tables/data__.tsv,1022,recharge_mod,ability,wh_main_spell_light_phas_protection
wh_dlc07_chs_chaos_sorcerer_shadow,wh_dlc07_skill_node_set_chs_sorcerer_shadow,wh3_dlc20_skill_node_chs_chaos_sorcerer_shadow_shared_02,wh3_dlc20_skill_shared_chs_cha_chaos_sorcerer_quick,1,wh2_main_effect_ability_cooldown_spells,data/skill_trees/characters/warriors_of_chaos/Chaos_Sorcerer_Shadows.csv,216,wh_main_spell_light_shems_burning_gaze,ability_bindings,data/effect_semantics/source_exports/db/effect_bonus_value_unit_ability_junctions_tables/data__.tsv,1023,recharge_mod,ability,wh_main_spell_light_shems_burning_gaze
wh_dlc07_chs_chaos_sorcerer_shadow,wh_dlc07_skill_node_set_chs_sorcerer_shadow,wh3_dlc20_skill_node_chs_chaos_sorcerer_shadow_shared_02,wh3_dlc20_skill_shared_chs_cha_chaos_sorcerer_quick,1,wh2_main_effect_ability_cooldown_spells,data/skill_trees/characters/warriors_of_chaos/Chaos_Sorcerer_Shadows.csv,216,wh_main_spell_lil_waaagh_curse_of_da_bad_moon,ability_bindings,data/effect_semantics/source_exports/db/effect_bonus_value_unit_ability_junctions_tables/data__.tsv,1024,recharge_mod,ability,wh_main_spell_lil_waaagh_curse_of_da_bad_moon
wh_dlc07_chs_chaos_sorcerer_shadow,wh_dlc07_skill_node_set_chs_sorcerer_shadow,wh3_dlc20_skill_node_chs_chaos_sorcerer_shadow_shared_02,wh3_dlc20_skill_shared_chs_cha_chaos_sorcerer_quick,1,wh2_main_effect_ability_cooldown_spells,data/skill_trees/characters/warriors_of_chaos/Chaos_Sorcerer_Shadows.csv,216,wh_main_spell_lil_waaagh_gorkll_fix_it,ability_bindings,data/effect_semantics/source_exports/db/effect_bonus_value_unit_ability_junctions_tables/data__.tsv,1025,recharge_mod,ability,wh_main_spell_lil_waaagh_gorkll_fix_it
wh_dlc07_chs_chaos_sorcerer_shadow,wh_dlc07_skill_node_set_chs_sorcerer_shadow,wh3_dlc20_skill_node_chs_chaos_sorcerer_shadow_shared_02,wh3_dlc20_skill_shared_chs_cha_chaos_sorcerer_quick,1,wh2_main_effect_ability_cooldown_spells,data/skill_trees/characters/warriors_of_chaos/Chaos_Sorcerer_Shadows.csv,216,wh_main_spell_lil_waaagh_itchy_nuisance,ability_bindings,data/effect_semantics/source_exports/db/effect_bonus_value_unit_ability_junctions_tables/data__.tsv,1026,recharge_mod,ability,wh_main_spell_lil_waaagh_itchy_nuisance
wh_dlc07_chs_chaos_sorcerer_shadow,wh_dlc07_skill_node_set_chs_sorcerer_shadow,wh3_dlc20_skill_node_chs_chaos_sorcerer_shadow_shared_02,wh3_dlc20_skill_shared_chs_cha_chaos_sorcerer_quick,1,wh2_main_effect_ability_cooldown_spells,data/skill_trees/characters/warriors_of_chaos/Chaos_Sorcerer_Shadows.csv,216,wh_main_spell_lil_waaagh_night_shroud,ability_bindings,data/effect_semantics/source_exports/db/effect_bonus_value_unit_ability_junctions_tables/data__.tsv,1027,recharge_mod,ability,wh_main_spell_lil_waaagh_night_shroud
wh_dlc07_chs_chaos_sorcerer_shadow,wh_dlc07_skill_node_set_chs_sorcerer_shadow,wh3_dlc20_skill_node_chs_chaos_sorcerer_shadow_shared_02,wh3_dlc20_skill_shared_chs_cha_chaos_sorcerer_quick,1,wh2_main_effect_ability_cooldown_spells,data/skill_trees/characters/warriors_of_chaos/Chaos_Sorcerer_Shadows.csv,216,wh_main_spell_lil_waaagh_sneaky_stabbin,ability_bindings,data/effect_semantics/source_exports/db/effect_bonus_value_unit_ability_junctions_tables/data__.tsv,1028,recharge_mod,ability,wh_main_spell_lil_waaagh_sneaky_stabbin
wh_dlc07_chs_chaos_sorcerer_shadow,wh_dlc07_skill_node_set_chs_sorcerer_shadow,wh3_dlc20_skill_node_chs_chaos_sorcerer_shadow_shared_02,wh3_dlc20_skill_shared_chs_cha_chaos_sorcerer_quick,1,wh2_main_effect_ability_cooldown_spells,data/skill_trees/characters/warriors_of_chaos/Chaos_Sorcerer_Shadows.csv,216,wh_main_spell_lil_waaagh_vindictive_glare,ability_bindings,data/effect_semantics/source_exports/db/effect_bonus_value_unit_ability_junctions_tables/data__.tsv,1029,recharge_mod,ability,wh_main_spell_lil_waaagh_vindictive_glare
wh_dlc07_chs_chaos_sorcerer_shadow,wh_dlc07_skill_node_set_chs_sorcerer_shadow,wh3_dlc20_skill_node_chs_chaos_sorcerer_shadow_shared_02,wh3_dlc20_skill_shared_chs_cha_chaos_sorcerer_quick,1,wh2_main_effect_ability_cooldown_spells,data/skill_trees/characters/warriors_of_chaos/Chaos_Sorcerer_Shadows.csv,216,wh_main_spell_metal_final_transmutation,ability_bindings,data/effect_semantics/source_exports/db/effect_bonus_value_unit_ability_junctions_tables/data__.tsv,1030,recharge_mod,ability,wh_main_spell_metal_final_transmutation
wh_dlc07_chs_chaos_sorcerer_shadow,wh_dlc07_skill_node_set_chs_sorcerer_shadow,wh3_dlc20_skill_node_chs_chaos_sorcerer_shadow_shared_02,wh3_dlc20_skill_shared_chs_cha_chaos_sorcerer_quick,1,wh2_main_effect_ability_cooldown_spells,data/skill_trees/characters/warriors_of_chaos/Chaos_Sorcerer_Shadows.csv,216,wh_main_spell_metal_gehennas_golden_hounds,ability_bindings,data/effect_semantics/source_exports/db/effect_bonus_value_unit_ability_junctions_tables/data__.tsv,1031,recharge_mod,ability,wh_main_spell_metal_gehennas_golden_hounds
wh_dlc07_chs_chaos_sorcerer_shadow,wh_dlc07_skill_node_set_chs_sorcerer_shadow,wh3_dlc20_skill_node_chs_chaos_sorcerer_shadow_shared_02,wh3_dlc20_skill_shared_chs_cha_chaos_sorcerer_quick,1,wh2_main_effect_ability_cooldown_spells,data/skill_trees/characters/warriors_of_chaos/Chaos_Sorcerer_Shadows.csv,216,wh_main_spell_metal_glittering_robe,ability_bindings,data/effect_semantics/source_exports/db/effect_bonus_value_unit_ability_junctions_tables/data__.tsv,1032,recharge_mod,ability,wh_main_spell_metal_glittering_robe
wh_dlc07_chs_chaos_sorcerer_shadow,wh_dlc07_skill_node_set_chs_sorcerer_shadow,wh3_dlc20_skill_node_chs_chaos_sorcerer_shadow_shared_02,wh3_dlc20_skill_shared_chs_cha_chaos_sorcerer_quick,1,wh2_main_effect_ability_cooldown_spells,data/skill_trees/characters/warriors_of_chaos/Chaos_Sorcerer_Shadows.csv,216,wh_main_spell_metal_plague_of_rust,ability_bindings,data/effect_semantics/source_exports/db/effect_bonus_value_unit_ability_junctions_tables/data__.tsv,1033,recharge_mod,ability,wh_main_spell_metal_plague_of_rust
wh_dlc07_chs_chaos_sorcerer_shadow,wh_dlc07_skill_node_set_chs_sorcerer_shadow,wh3_dlc20_skill_node_chs_chaos_sorcerer_shadow_shared_02,wh3_dlc20_skill_shared_chs_cha_chaos_sorcerer_quick,1,wh2_main_effect_ability_cooldown_spells,data/skill_trees/characters/warriors_of_chaos/Chaos_Sorcerer_Shadows.csv,216,wh_main_spell_metal_searing_doom,ability_bindings,data/effect_semantics/source_exports/db/effect_bonus_value_unit_ability_junctions_tables/data__.tsv,1034,recharge_mod,ability,wh_main_spell_metal_searing_doom
wh_dlc07_chs_chaos_sorcerer_shadow,wh_dlc07_skill_node_set_chs_sorcerer_shadow,wh3_dlc20_skill_node_chs_chaos_sorcerer_shadow_shared_02,wh3_dlc20_skill_shared_chs_cha_chaos_sorcerer_quick,1,wh2_main_effect_ability_cooldown_spells,data/skill_trees/characters/warriors_of_chaos/Chaos_Sorcerer_Shadows.csv,216,wh_main_spell_metal_transmutation_of_lead,ability_bindings,data/effect_semantics/source_exports/db/effect_bonus_value_unit_ability_junctions_tables/data__.tsv,1035,recharge_mod,ability,wh_main_spell_metal_transmutation_of_lead
wh_dlc07_chs_chaos_sorcerer_shadow,wh_dlc07_skill_node_set_chs_sorcerer_shadow,wh3_dlc20_skill_node_chs_chaos_sorcerer_shadow_shared_02,wh3_dlc20_skill_shared_chs_cha_chaos_sorcerer_quick,1,wh2_main_effect_ability_cooldown_spells,data/skill_trees/characters/warriors_of_chaos/Chaos_Sorcerer_Shadows.csv,216,wh_main_spell_vampires_curse_of_years,ability_bindings,data/effect_semantics/source_exports/db/effect_bonus_value_unit_ability_junctions_tables/data__.tsv,1036,recharge_mod,ability,wh_main_spell_vampires_curse_of_years
wh_dlc07_chs_chaos_sorcerer_shadow,wh_dlc07_skill_node_set_chs_sorcerer_shadow,wh3_dlc20_skill_node_chs_chaos_sorcerer_shadow_shared_02,wh3_dlc20_skill_shared_chs_cha_chaos_sorcerer_quick,1,wh2_main_effect_ability_cooldown_spells,data/skill_trees/characters/warriors_of_chaos/Chaos_Sorcerer_Shadows.csv,216,wh_main_spell_vampires_gaze_of_nagash,ability_bindings,data/effect_semantics/source_exports/db/effect_bonus_value_unit_ability_junctions_tables/data__.tsv,1037,recharge_mod,ability,wh_main_spell_vampires_gaze_of_nagash
wh_dlc07_chs_chaos_sorcerer_shadow,wh_dlc07_skill_node_set_chs_sorcerer_shadow,wh3_dlc20_skill_node_chs_chaos_sorcerer_shadow_shared_02,wh3_dlc20_skill_shared_chs_cha_chaos_sorcerer_quick,1,wh2_main_effect_ability_cooldown_spells,data/skill_trees/characters/warriors_of_chaos/Chaos_Sorcerer_Shadows.csv,216,wh_main_spell_vampires_invocation_of_nehek,ability_bindings,data/effect_semantics/source_exports/db/effect_bonus_value_unit_ability_junctions_tables/data__.tsv,1038,recharge_mod,ability,wh_main_spell_vampires_invocation_of_nehek
wh_dlc07_chs_chaos_sorcerer_shadow,wh_dlc07_skill_node_set_chs_sorcerer_shadow,wh3_dlc20_skill_node_chs_chaos_sorcerer_shadow_shared_02,wh3_dlc20_skill_shared_chs_cha_chaos_sorcerer_quick,1,wh2_main_effect_ability_cooldown_spells,data/skill_trees/characters/warriors_of_chaos/Chaos_Sorcerer_Shadows.csv,216,wh_main_spell_vampires_raise_dead,ability_bindings,data/effect_semantics/source_exports/db/effect_bonus_value_unit_ability_junctions_tables/data__.tsv,1039,recharge_mod,ability,wh_main_spell_vampires_raise_dead
wh_dlc07_chs_chaos_sorcerer_shadow,wh_dlc07_skill_node_set_chs_sorcerer_shadow,wh3_dlc20_skill_node_chs_chaos_sorcerer_shadow_shared_02,wh3_dlc20_skill_shared_chs_cha_chaos_sorcerer_quick,1,wh2_main_effect_ability_cooldown_spells,data/skill_trees/characters/warriors_of_chaos/Chaos_Sorcerer_Shadows.csv,216,wh_main_spell_vampires_vanhels_danse_macabre,ability_bindings,data/effect_semantics/source_exports/db/effect_bonus_value_unit_ability_junctions_tables/data__.tsv,1040,recharge_mod,ability,wh_main_spell_vampires_vanhels_danse_macabre
wh_dlc07_chs_chaos_sorcerer_shadow,wh_dlc07_skill_node_set_chs_sorcerer_shadow,wh3_dlc20_skill_node_chs_chaos_sorcerer_shadow_shared_02,wh3_dlc20_skill_shared_chs_cha_chaos_sorcerer_quick,1,wh2_main_effect_ability_cooldown_spells,data/skill_trees/characters/warriors_of_chaos/Chaos_Sorcerer_Shadows.csv,216,wh_main_spell_vampires_wind_of_death,ability_bindings,data/effect_semantics/source_exports/db/effect_bonus_value_unit_ability_junctions_tables/data__.tsv,1041,recharge_mod,ability,wh_main_spell_vampires_wind_of_death
wh_dlc07_chs_chaos_sorcerer_shadow,wh_dlc07_skill_node_set_chs_sorcerer_shadow,wh_dlc07_skill_node_chs_chaos_sorcerer_shadow_magic1_03,wh_dlc05_skill_magic_shadow_enfeebling_foe,1,wh_dlc05_effect_ability_enable_enfeebling_foe,data/skill_trees/characters/warriors_of_chaos/Chaos_Sorcerer_Shadows.csv,237,wh_dlc05_spell_shadow_the_enfeebling_foe,ability_bindings,data/effect_semantics/source_exports/db/effect_bonus_value_unit_ability_junctions_tables/data__.tsv,5162,enable,ability,wh_dlc05_spell_shadow_the_enfeebling_foe
wh_dlc07_chs_chaos_sorcerer_shadow,wh_dlc07_skill_node_set_chs_sorcerer_shadow,wh_dlc07_skill_node_chs_chaos_sorcerer_shadow_magic1_03,wh_dlc05_skill_magic_shadow_enfeebling_foe,2,wh_dlc05_effect_ability_cooldown_enfeebling_foe,data/skill_trees/characters/warriors_of_chaos/Chaos_Sorcerer_Shadows.csv,238,wh_dlc05_spell_shadow_the_enfeebling_foe,ability_bindings,data/effect_semantics/source_exports/db/effect_bonus_value_unit_ability_junctions_tables/data__.tsv,5135,recharge_mod,ability,wh_dlc05_spell_shadow_the_enfeebling_foe
wh_dlc07_chs_chaos_sorcerer_shadow,wh_dlc07_skill_node_set_chs_sorcerer_shadow,wh_dlc07_skill_node_chs_chaos_sorcerer_shadow_magic1_03,wh_dlc05_skill_magic_shadow_enfeebling_foe,2,wh2_main_effect_ability_overcast_melkoths_enfeebling_foe,data/skill_trees/characters/warriors_of_chaos/Chaos_Sorcerer_Shadows.csv,239,wh_dlc05_spell_shadow_the_enfeebling_foe,ability_bindings,data/effect_semantics/source_exports/db/effect_bonus_value_unit_ability_junctions_tables/data__.tsv,1344,enable_overchage,ability,wh_dlc05_spell_shadow_the_enfeebling_foe
wh_dlc07_chs_chaos_sorcerer_shadow,wh_dlc07_skill_node_set_chs_sorcerer_shadow,wh_dlc07_skill_node_chs_chaos_sorcerer_shadow_magic1_03,wh_dlc05_skill_magic_shadow_enfeebling_foe,2,wh2_main_effect_ability_overcast_melkoths_enfeebling_foe,data/skill_trees/characters/warriors_of_chaos/Chaos_Sorcerer_Shadows.csv,239,wh_dlc05_spell_shadow_the_enfeebling_foe,ability_bindings,data/effect_semantics/source_exports/db/effect_bonus_value_unit_ability_junctions_tables/data__.tsv,1345,enable,ability,wh_dlc05_spell_shadow_the_enfeebling_foe
wh_dlc07_chs_chaos_sorcerer_shadow,wh_dlc07_skill_node_set_chs_sorcerer_shadow,wh_dlc07_skill_node_chs_chaos_sorcerer_shadow_magic1_03,wh_dlc05_skill_magic_shadow_enfeebling_foe,3,wh_dlc05_effect_ability_cooldown_enfeebling_foe,data/skill_trees/characters/warriors_of_chaos/Chaos_Sorcerer_Shadows.csv,240,wh_dlc05_spell_shadow_the_enfeebling_foe,ability_bindings,data/effect_semantics/source_exports/db/effect_bonus_value_unit_ability_junctions_tables/data__.tsv,5135,recharge_mod,ability,wh_dlc05_spell_shadow_the_enfeebling_foe
wh_dlc07_chs_chaos_sorcerer_shadow,wh_dlc07_skill_node_set_chs_sorcerer_shadow,wh_dlc07_skill_node_chs_chaos_sorcerer_shadow_magic1_03,wh_dlc05_skill_magic_shadow_enfeebling_foe,3,wh2_main_effect_ability_miscast_melkoths_enfeebling_foe_upgraded,data/skill_trees/characters/warriors_of_chaos/Chaos_Sorcerer_Shadows.csv,241,wh_dlc05_spell_shadow_the_enfeebling_foe_upgraded,ability_bindings,data/effect_semantics/source_exports/db/effect_bonus_value_unit_ability_junctions_tables/data__.tsv,1228,miscast_percentage_mod,ability,wh_dlc05_spell_shadow_the_enfeebling_foe_upgraded
wh_dlc07_chs_chaos_sorcerer_shadow,wh_dlc07_skill_node_set_chs_sorcerer_shadow,wh_dlc07_skill_node_chs_chaos_sorcerer_shadow_magic1_03,wh_dlc05_skill_magic_shadow_enfeebling_foe,3,wh2_main_effect_ability_overcast_melkoths_enfeebling_foe,data/skill_trees/characters/warriors_of_chaos/Chaos_Sorcerer_Shadows.csv,242,wh_dlc05_spell_shadow_the_enfeebling_foe,ability_bindings,data/effect_semantics/source_exports/db/effect_bonus_value_unit_ability_junctions_tables/data__.tsv,1344,enable_overchage,ability,wh_dlc05_spell_shadow_the_enfeebling_foe
wh_dlc07_chs_chaos_sorcerer_shadow,wh_dlc07_skill_node_set_chs_sorcerer_shadow,wh_dlc07_skill_node_chs_chaos_sorcerer_shadow_magic1_03,wh_dlc05_skill_magic_shadow_enfeebling_foe,3,wh2_main_effect_ability_overcast_melkoths_enfeebling_foe,data/skill_trees/characters/warriors_of_chaos/Chaos_Sorcerer_Shadows.csv,242,wh_dlc05_spell_shadow_the_enfeebling_foe,ability_bindings,data/effect_semantics/source_exports/db/effect_bonus_value_unit_ability_junctions_tables/data__.tsv,1345,enable,ability,wh_dlc05_spell_shadow_the_enfeebling_foe
wh_dlc07_chs_chaos_sorcerer_shadow,wh_dlc07_skill_node_set_chs_sorcerer_shadow,wh_dlc07_skill_node_chs_chaos_sorcerer_shadow_magic1_03,wh_dlc05_skill_magic_shadow_enfeebling_foe,3,wh2_main_effect_ability_wom_cost_melkoths_enfeebling_foe,data/skill_trees/characters/warriors_of_chaos/Chaos_Sorcerer_Shadows.csv,243,wh_dlc05_spell_shadow_the_enfeebling_foe,ability_bindings,data/effect_semantics/source_exports/db/effect_bonus_value_unit_ability_junctions_tables/data__.tsv,1520,cost_mod,ability,wh_dlc05_spell_shadow_the_enfeebling_foe
wh_dlc07_chs_chaos_sorcerer_shadow,wh_dlc07_skill_node_set_chs_sorcerer_shadow,wh_dlc07_skill_node_chs_chaos_sorcerer_shadow_magic1_03,wh_dlc05_skill_magic_shadow_enfeebling_foe,3,wh2_main_effect_ability_wom_cost_melkoths_enfeebling_foe_upgraded,data/skill_trees/characters/warriors_of_chaos/Chaos_Sorcerer_Shadows.csv,244,wh_dlc05_spell_shadow_the_enfeebling_foe_upgraded,ability_bindings,data/effect_semantics/source_exports/db/effect_bonus_value_unit_ability_junctions_tables/data__.tsv,1519,cost_mod,ability,wh_dlc05_spell_shadow_the_enfeebling_foe_upgraded
wh_dlc07_chs_chaos_sorcerer_shadow,wh_dlc07_skill_node_set_chs_sorcerer_shadow,wh_dlc07_skill_node_chs_chaos_sorcerer_shadow_magic1_04,wh_dlc05_skill_magic_shadow_the_withering,1,wh_dlc05_effect_ability_enable_the_withering,data/skill_trees/characters/warriors_of_chaos/Chaos_Sorcerer_Shadows.csv,271,wh_dlc05_spell_shadow_the_withering,ability_bindings,data/effect_semantics/source_exports/db/effect_bonus_value_unit_ability_junctions_tables/data__.tsv,5194,enable,ability,wh_dlc05_spell_shadow_the_withering
wh_dlc07_chs_chaos_sorcerer_shadow,wh_dlc07_skill_node_set_chs_sorcerer_shadow,wh_dlc07_skill_node_chs_chaos_sorcerer_shadow_magic1_04,wh_dlc05_skill_magic_shadow_the_withering,2,wh_dlc05_effect_ability_cooldown_the_withering,data/skill_trees/characters/warriors_of_chaos/Chaos_Sorcerer_Shadows.csv,272,wh_dlc05_spell_shadow_the_withering,ability_bindings,data/effect_semantics/source_exports/db/effect_bonus_value_unit_ability_junctions_tables/data__.tsv,5148,recharge_mod,ability,wh_dlc05_spell_shadow_the_withering
wh_dlc07_chs_chaos_sorcerer_shadow,wh_dlc07_skill_node_set_chs_sorcerer_shadow,wh_dlc07_skill_node_chs_chaos_sorcerer_shadow_magic1_04,wh_dlc05_skill_magic_shadow_the_withering,2,wh2_main_effect_ability_overcast_the_withering,data/skill_trees/characters/warriors_of_chaos/Chaos_Sorcerer_Shadows.csv,273,wh_dlc05_spell_shadow_the_withering,ability_bindings,data/effect_semantics/source_exports/db/effect_bonus_value_unit_ability_junctions_tables/data__.tsv,1400,enable_overchage,ability,wh_dlc05_spell_shadow_the_withering
wh_dlc07_chs_chaos_sorcerer_shadow,wh_dlc07_skill_node_set_chs_sorcerer_shadow,wh_dlc07_skill_node_chs_chaos_sorcerer_shadow_magic1_04,wh_dlc05_skill_magic_shadow_the_withering,2,wh2_main_effect_ability_overcast_the_withering,data/skill_trees/characters/warriors_of_chaos/Chaos_Sorcerer_Shadows.csv,273,wh_dlc05_spell_shadow_the_withering,ability_bindings,data/effect_semantics/source_exports/db/effect_bonus_value_unit_ability_junctions_tables/data__.tsv,1401,enable,ability,wh_dlc05_spell_shadow_the_withering
wh_dlc07_chs_chaos_sorcerer_shadow,wh_dlc07_skill_node_set_chs_sorcerer_shadow,wh_dlc07_skill_node_chs_chaos_sorcerer_shadow_magic1_04,wh_dlc05_skill_magic_shadow_the_withering,3,wh_dlc05_effect_ability_cooldown_the_withering,data/skill_trees/characters/warriors_of_chaos/Chaos_Sorcerer_Shadows.csv,274,wh_dlc05_spell_shadow_the_withering,ability_bindings,data/effect_semantics/source_exports/db/effect_bonus_value_unit_ability_junctions_tables/data__.tsv,5148,recharge_mod,ability,wh_dlc05_spell_shadow_the_withering
wh_dlc07_chs_chaos_sorcerer_shadow,wh_dlc07_skill_node_set_chs_sorcerer_shadow,wh_dlc07_skill_node_chs_chaos_sorcerer_shadow_magic1_04,wh_dlc05_skill_magic_shadow_the_withering,3,wh2_main_effect_ability_miscast_the_withering_upgraded,data/skill_trees/characters/warriors_of_chaos/Chaos_Sorcerer_Shadows.csv,275,wh_dlc05_spell_shadow_the_withering_upgraded,ability_bindings,data/effect_semantics/source_exports/db/effect_bonus_value_unit_ability_junctions_tables/data__.tsv,1256,miscast_percentage_mod,ability,wh_dlc05_spell_shadow_the_withering_upgraded
wh_dlc07_chs_chaos_sorcerer_shadow,wh_dlc07_skill_node_set_chs_sorcerer_shadow,wh_dlc07_skill_node_chs_chaos_sorcerer_shadow_magic1_04,wh_dlc05_skill_magic_shadow_the_withering,3,wh2_main_effect_ability_overcast_the_withering,data/skill_trees/characters/warriors_of_chaos/Chaos_Sorcerer_Shadows.csv,276,wh_dlc05_spell_shadow_the_withering,ability_bindings,data/effect_semantics/source_exports/db/effect_bonus_value_unit_ability_junctions_tables/data__.tsv,1400,enable_overchage,ability,wh_dlc05_spell_shadow_the_withering
wh_dlc07_chs_chaos_sorcerer_shadow,wh_dlc07_skill_node_set_chs_sorcerer_shadow,wh_dlc07_skill_node_chs_chaos_sorcerer_shadow_magic1_04,wh_dlc05_skill_magic_shadow_the_withering,3,wh2_main_effect_ability_overcast_the_withering,data/skill_trees/characters/warriors_of_chaos/Chaos_Sorcerer_Shadows.csv,276,wh_dlc05_spell_shadow_the_withering,ability_bindings,data/effect_semantics/source_exports/db/effect_bonus_value_unit_ability_junctions_tables/data__.tsv,1401,enable,ability,wh_dlc05_spell_shadow_the_withering
wh_dlc07_chs_chaos_sorcerer_shadow,wh_dlc07_skill_node_set_chs_sorcerer_shadow,wh_dlc07_skill_node_chs_chaos_sorcerer_shadow_magic1_04,wh_dlc05_skill_magic_shadow_the_withering,3,wh2_main_effect_ability_wom_cost_the_withering,data/skill_trees/characters/warriors_of_chaos/Chaos_Sorcerer_Shadows.csv,277,wh_dlc05_spell_shadow_the_withering,ability_bindings,data/effect_semantics/source_exports/db/effect_bonus_value_unit_ability_junctions_tables/data__.tsv,1582,cost_mod,ability,wh_dlc05_spell_shadow_the_withering
wh_dlc07_chs_chaos_sorcerer_shadow,wh_dlc07_skill_node_set_chs_sorcerer_shadow,wh_dlc07_skill_node_chs_chaos_sorcerer_shadow_magic1_04,wh_dlc05_skill_magic_shadow_the_withering,3,wh2_main_effect_ability_wom_cost_the_withering_upgraded,data/skill_trees/characters/warriors_of_chaos/Chaos_Sorcerer_Shadows.csv,278,wh_dlc05_spell_shadow_the_withering_upgraded,ability_bindings,data/effect_semantics/source_exports/db/effect_bonus_value_unit_ability_junctions_tables/data__.tsv,1581,cost_mod,ability,wh_dlc05_spell_shadow_the_withering_upgraded
wh_dlc07_chs_chaos_sorcerer_shadow,wh_dlc07_skill_node_set_chs_sorcerer_shadow,wh_dlc07_skill_node_chs_chaos_sorcerer_shadow_innate_04,wh3_dlc20_skill_innate_chs_chaos_familiar,1,wh2_dlc12_effect_magic_cooldown_all_lores,data/skill_trees/characters/warriors_of_chaos/Chaos_Sorcerer_Shadows.csv,293,,ability_group_bindings,data/effect_semantics/source_exports/db/effect_bonus_value_special_ability_group_junctions_tables/data__.tsv,11,recharge_rate_percentage_mod,ability_group,wh2_dlc09_lore_nehekhara
wh_dlc07_chs_chaos_sorcerer_shadow,wh_dlc07_skill_node_set_chs_sorcerer_shadow,wh_dlc07_skill_node_chs_chaos_sorcerer_shadow_innate_04,wh3_dlc20_skill_innate_chs_chaos_familiar,1,wh2_dlc12_effect_magic_cooldown_all_lores,data/skill_trees/characters/warriors_of_chaos/Chaos_Sorcerer_Shadows.csv,293,,ability_group_bindings,data/effect_semantics/source_exports/db/effect_bonus_value_special_ability_group_junctions_tables/data__.tsv,12,recharge_rate_percentage_mod,ability_group,wh2_dlc09_lore_nehekhara_upgraded
wh_dlc07_chs_chaos_sorcerer_shadow,wh_dlc07_skill_node_set_chs_sorcerer_shadow,wh_dlc07_skill_node_chs_chaos_sorcerer_shadow_innate_04,wh3_dlc20_skill_innate_chs_chaos_familiar,1,wh2_dlc12_effect_magic_cooldown_all_lores,data/skill_trees/characters/warriors_of_chaos/Chaos_Sorcerer_Shadows.csv,293,,ability_group_bindings,data/effect_semantics/source_exports/db/effect_bonus_value_special_ability_group_junctions_tables/data__.tsv,13,recharge_rate_percentage_mod,ability_group,wh2_dlc11_lore_deep
wh_dlc07_chs_chaos_sorcerer_shadow,wh_dlc07_skill_node_set_chs_sorcerer_shadow,wh_dlc07_skill_node_chs_chaos_sorcerer_shadow_innate_04,wh3_dlc20_skill_innate_chs_chaos_familiar,1,wh2_dlc12_effect_magic_cooldown_all_lores,data/skill_trees/characters/warriors_of_chaos/Chaos_Sorcerer_Shadows.csv,293,,ability_group_bindings,data/effect_semantics/source_exports/db/effect_bonus_value_special_ability_group_junctions_tables/data__.tsv,14,recharge_rate_percentage_mod,ability_group,wh2_dlc11_lore_deep_upgraded
wh_dlc07_chs_chaos_sorcerer_shadow,wh_dlc07_skill_node_set_chs_sorcerer_shadow,wh_dlc07_skill_node_chs_chaos_sorcerer_shadow_innate_04,wh3_dlc20_skill_innate_chs_chaos_familiar,1,wh2_dlc12_effect_magic_cooldown_all_lores,data/skill_trees/characters/warriors_of_chaos/Chaos_Sorcerer_Shadows.csv,293,,ability_group_bindings,data/effect_semantics/source_exports/db/effect_bonus_value_special_ability_group_junctions_tables/data__.tsv,15,recharge_rate_percentage_mod,ability_group,wh2_dlc12_lore_lord_kroak
wh_dlc07_chs_chaos_sorcerer_shadow,wh_dlc07_skill_node_set_chs_sorcerer_shadow,wh_dlc07_skill_node_chs_chaos_sorcerer_shadow_innate_04,wh3_dlc20_skill_innate_chs_chaos_familiar,1,wh2_dlc12_effect_magic_cooldown_all_lores,data/skill_trees/characters/warriors_of_chaos/Chaos_Sorcerer_Shadows.csv,293,,ability_group_bindings,data/effect_semantics/source_exports/db/effect_bonus_value_special_ability_group_junctions_tables/data__.tsv,16,recharge_rate_percentage_mod,ability_group,wh2_dlc14_lore_stealth
wh_dlc07_chs_chaos_sorcerer_shadow,wh_dlc07_skill_node_set_chs_sorcerer_shadow,wh_dlc07_skill_node_chs_chaos_sorcerer_shadow_innate_04,wh3_dlc20_skill_innate_chs_chaos_familiar,1,wh2_dlc12_effect_magic_cooldown_all_lores,data/skill_trees/characters/warriors_of_chaos/Chaos_Sorcerer_Shadows.csv,293,,ability_group_bindings,data/effect_semantics/source_exports/db/effect_bonus_value_special_ability_group_junctions_tables/data__.tsv,17,recharge_rate_percentage_mod,ability_group,wh2_dlc14_lore_stealth_upgraded
wh_dlc07_chs_chaos_sorcerer_shadow,wh_dlc07_skill_node_set_chs_sorcerer_shadow,wh_dlc07_skill_node_chs_chaos_sorcerer_shadow_innate_04,wh3_dlc20_skill_innate_chs_chaos_familiar,1,wh2_dlc12_effect_magic_cooldown_all_lores,data/skill_trees/characters/warriors_of_chaos/Chaos_Sorcerer_Shadows.csv,293,,ability_group_bindings,data/effect_semantics/source_exports/db/effect_bonus_value_special_ability_group_junctions_tables/data__.tsv,18,recharge_rate_percentage_mod,ability_group,wh2_main_lore_dark_magic
wh_dlc07_chs_chaos_sorcerer_shadow,wh_dlc07_skill_node_set_chs_sorcerer_shadow,wh_dlc07_skill_node_chs_chaos_sorcerer_shadow_innate_04,wh3_dlc20_skill_innate_chs_chaos_familiar,1,wh2_dlc12_effect_magic_cooldown_all_lores,data/skill_trees/characters/warriors_of_chaos/Chaos_Sorcerer_Shadows.csv,293,,ability_group_bindings,data/effect_semantics/source_exports/db/effect_bonus_value_special_ability_group_junctions_tables/data__.tsv,19,recharge_rate_percentage_mod,ability_group,wh2_main_lore_dark_magic_upgraded
wh_dlc07_chs_chaos_sorcerer_shadow,wh_dlc07_skill_node_set_chs_sorcerer_shadow,wh_dlc07_skill_node_chs_chaos_sorcerer_shadow_innate_04,wh3_dlc20_skill_innate_chs_chaos_familiar,1,wh2_dlc12_effect_magic_cooldown_all_lores,data/skill_trees/characters/warriors_of_chaos/Chaos_Sorcerer_Shadows.csv,293,,ability_group_bindings,data/effect_semantics/source_exports/db/effect_bonus_value_special_ability_group_junctions_tables/data__.tsv,20,recharge_rate_percentage_mod,ability_group,wh2_main_lore_high_magic
wh_dlc07_chs_chaos_sorcerer_shadow,wh_dlc07_skill_node_set_chs_sorcerer_shadow,wh_dlc07_skill_node_chs_chaos_sorcerer_shadow_innate_04,wh3_dlc20_skill_innate_chs_chaos_familiar,1,wh2_dlc12_effect_magic_cooldown_all_lores,data/skill_trees/characters/warriors_of_chaos/Chaos_Sorcerer_Shadows.csv,293,,ability_group_bindings,data/effect_semantics/source_exports/db/effect_bonus_value_special_ability_group_junctions_tables/data__.tsv,21,recharge_rate_percentage_mod,ability_group,wh2_main_lore_high_magic_upgraded
wh_dlc07_chs_chaos_sorcerer_shadow,wh_dlc07_skill_node_set_chs_sorcerer_shadow,wh_dlc07_skill_node_chs_chaos_sorcerer_shadow_innate_04,wh3_dlc20_skill_innate_chs_chaos_familiar,1,wh2_dlc12_effect_magic_cooldown_all_lores,data/skill_trees/characters/warriors_of_chaos/Chaos_Sorcerer_Shadows.csv,293,,ability_group_bindings,data/effect_semantics/source_exports/db/effect_bonus_value_special_ability_group_junctions_tables/data__.tsv,22,recharge_rate_percentage_mod,ability_group,wh2_main_lore_plague
wh_dlc07_chs_chaos_sorcerer_shadow,wh_dlc07_skill_node_set_chs_sorcerer_shadow,wh_dlc07_skill_node_chs_chaos_sorcerer_shadow_innate_04,wh3_dlc20_skill_innate_chs_chaos_familiar,1,wh2_dlc12_effect_magic_cooldown_all_lores,data/skill_trees/characters/warriors_of_chaos/Chaos_Sorcerer_Shadows.csv,293,,ability_group_bindings,data/effect_semantics/source_exports/db/effect_bonus_value_special_ability_group_junctions_tables/data__.tsv,23,recharge_rate_percentage_mod,ability_group,wh2_main_lore_plague_upgraded
wh_dlc07_chs_chaos_sorcerer_shadow,wh_dlc07_skill_node_set_chs_sorcerer_shadow,wh_dlc07_skill_node_chs_chaos_sorcerer_shadow_innate_04,wh3_dlc20_skill_innate_chs_chaos_familiar,1,wh2_dlc12_effect_magic_cooldown_all_lores,data/skill_trees/characters/warriors_of_chaos/Chaos_Sorcerer_Shadows.csv,293,,ability_group_bindings,data/effect_semantics/source_exports/db/effect_bonus_value_special_ability_group_junctions_tables/data__.tsv,24,recharge_rate_percentage_mod,ability_group,wh2_main_lore_ruin
wh_dlc07_chs_chaos_sorcerer_shadow,wh_dlc07_skill_node_set_chs_sorcerer_shadow,wh_dlc07_skill_node_chs_chaos_sorcerer_shadow_innate_04,wh3_dlc20_skill_innate_chs_chaos_familiar,1,wh2_dlc12_effect_magic_cooldown_all_lores,data/skill_trees/characters/warriors_of_chaos/Chaos_Sorcerer_Shadows.csv,293,,ability_group_bindings,data/effect_semantics/source_exports/db/effect_bonus_value_special_ability_group_junctions_tables/data__.tsv,25,recharge_rate_percentage_mod,ability_group,wh2_main_lore_ruin_upgraded
wh_dlc07_chs_chaos_sorcerer_shadow,wh_dlc07_skill_node_set_chs_sorcerer_shadow,wh_dlc07_skill_node_chs_chaos_sorcerer_shadow_innate_04,wh3_dlc20_skill_innate_chs_chaos_familiar,1,wh2_dlc12_effect_magic_cooldown_all_lores,data/skill_trees/characters/warriors_of_chaos/Chaos_Sorcerer_Shadows.csv,293,,ability_group_bindings,data/effect_semantics/source_exports/db/effect_bonus_value_special_ability_group_junctions_tables/data__.tsv,26,recharge_rate_percentage_mod,ability_group,wh3_cp1_all_lore_spell_variations
wh_dlc07_chs_chaos_sorcerer_shadow,wh_dlc07_skill_node_set_chs_sorcerer_shadow,wh_dlc07_skill_node_chs_chaos_sorcerer_shadow_innate_04,wh3_dlc20_skill_innate_chs_chaos_familiar,1,wh2_dlc12_effect_magic_cooldown_all_lores,data/skill_trees/characters/warriors_of_chaos/Chaos_Sorcerer_Shadows.csv,293,,ability_group_bindings,data/effect_semantics/source_exports/db/effect_bonus_value_special_ability_group_junctions_tables/data__.tsv,27,recharge_rate_percentage_mod,ability_group,wh3_dlc23_lore_hashut
wh_dlc07_chs_chaos_sorcerer_shadow,wh_dlc07_skill_node_set_chs_sorcerer_shadow,wh_dlc07_skill_node_chs_chaos_sorcerer_shadow_innate_04,wh3_dlc20_skill_innate_chs_chaos_familiar,1,wh2_dlc12_effect_magic_cooldown_all_lores,data/skill_trees/characters/warriors_of_chaos/Chaos_Sorcerer_Shadows.csv,293,,ability_group_bindings,data/effect_semantics/source_exports/db/effect_bonus_value_special_ability_group_junctions_tables/data__.tsv,28,recharge_rate_percentage_mod,ability_group,wh3_dlc23_lore_hashut_upgraded
wh_dlc07_chs_chaos_sorcerer_shadow,wh_dlc07_skill_node_set_chs_sorcerer_shadow,wh_dlc07_skill_node_chs_chaos_sorcerer_shadow_innate_04,wh3_dlc20_skill_innate_chs_chaos_familiar,1,wh2_dlc12_effect_magic_cooldown_all_lores,data/skill_trees/characters/warriors_of_chaos/Chaos_Sorcerer_Shadows.csv,293,,ability_group_bindings,data/effect_semantics/source_exports/db/effect_bonus_value_special_ability_group_junctions_tables/data__.tsv,29,recharge_rate_percentage_mod,ability_group,wh3_dlc24_lore_hag
wh_dlc07_chs_chaos_sorcerer_shadow,wh_dlc07_skill_node_set_chs_sorcerer_shadow,wh_dlc07_skill_node_chs_chaos_sorcerer_shadow_innate_04,wh3_dlc20_skill_innate_chs_chaos_familiar,1,wh2_dlc12_effect_magic_cooldown_all_lores,data/skill_trees/characters/warriors_of_chaos/Chaos_Sorcerer_Shadows.csv,293,,ability_group_bindings,data/effect_semantics/source_exports/db/effect_bonus_value_special_ability_group_junctions_tables/data__.tsv,30,recharge_rate_percentage_mod,ability_group,wh3_dlc24_lore_hag_upgraded
wh_dlc07_chs_chaos_sorcerer_shadow,wh_dlc07_skill_node_set_chs_sorcerer_shadow,wh_dlc07_skill_node_chs_chaos_sorcerer_shadow_innate_04,wh3_dlc20_skill_innate_chs_chaos_familiar,1,wh2_dlc12_effect_magic_cooldown_all_lores,data/skill_trees/characters/warriors_of_chaos/Chaos_Sorcerer_Shadows.csv,293,,ability_group_bindings,data/effect_semantics/source_exports/db/effect_bonus_value_special_ability_group_junctions_tables/data__.tsv,31,recharge_rate_percentage_mod,ability_group,wh3_dlc27_lore_mists
wh_dlc07_chs_chaos_sorcerer_shadow,wh_dlc07_skill_node_set_chs_sorcerer_shadow,wh_dlc07_skill_node_chs_chaos_sorcerer_shadow_innate_04,wh3_dlc20_skill_innate_chs_chaos_familiar,1,wh2_dlc12_effect_magic_cooldown_all_lores,data/skill_trees/characters/warriors_of_chaos/Chaos_Sorcerer_Shadows.csv,293,,ability_group_bindings,data/effect_semantics/source_exports/db/effect_bonus_value_special_ability_group_junctions_tables/data__.tsv,32,recharge_rate_percentage_mod,ability_group,wh3_dlc27_lore_mists_upgraded
wh_dlc07_chs_chaos_sorcerer_shadow,wh_dlc07_skill_node_set_chs_sorcerer_shadow,wh_dlc07_skill_node_chs_chaos_sorcerer_shadow_innate_04,wh3_dlc20_skill_innate_chs_chaos_familiar,1,wh2_dlc12_effect_magic_cooldown_all_lores,data/skill_trees/characters/warriors_of_chaos/Chaos_Sorcerer_Shadows.csv,293,,ability_group_bindings,data/effect_semantics/source_exports/db/effect_bonus_value_special_ability_group_junctions_tables/data__.tsv,33,recharge_rate_percentage_mod,ability_group,wh3_dlc29_lore_undeath
wh_dlc07_chs_chaos_sorcerer_shadow,wh_dlc07_skill_node_set_chs_sorcerer_shadow,wh_dlc07_skill_node_chs_chaos_sorcerer_shadow_innate_04,wh3_dlc20_skill_innate_chs_chaos_familiar,1,wh2_dlc12_effect_magic_cooldown_all_lores,data/skill_trees/characters/warriors_of_chaos/Chaos_Sorcerer_Shadows.csv,293,,ability_group_bindings,data/effect_semantics/source_exports/db/effect_bonus_value_special_ability_group_junctions_tables/data__.tsv,34,recharge_rate_percentage_mod,ability_group,wh3_dlc29_lore_undeath_upgraded
wh_dlc07_chs_chaos_sorcerer_shadow,wh_dlc07_skill_node_set_chs_sorcerer_shadow,wh_dlc07_skill_node_chs_chaos_sorcerer_shadow_innate_04,wh3_dlc20_skill_innate_chs_chaos_familiar,1,wh2_dlc12_effect_magic_cooldown_all_lores,data/skill_trees/characters/warriors_of_chaos/Chaos_Sorcerer_Shadows.csv,293,,ability_group_bindings,data/effect_semantics/source_exports/db/effect_bonus_value_special_ability_group_junctions_tables/data__.tsv,35,recharge_rate_percentage_mod,ability_group,wh3_main_lore_nurgle
wh_dlc07_chs_chaos_sorcerer_shadow,wh_dlc07_skill_node_set_chs_sorcerer_shadow,wh_dlc07_skill_node_chs_chaos_sorcerer_shadow_innate_04,wh3_dlc20_skill_innate_chs_chaos_familiar,1,wh2_dlc12_effect_magic_cooldown_all_lores,data/skill_trees/characters/warriors_of_chaos/Chaos_Sorcerer_Shadows.csv,293,,ability_group_bindings,data/effect_semantics/source_exports/db/effect_bonus_value_special_ability_group_junctions_tables/data__.tsv,36,recharge_rate_percentage_mod,ability_group,wh3_main_lore_nurgle_upgraded
wh_dlc07_chs_chaos_sorcerer_shadow,wh_dlc07_skill_node_set_chs_sorcerer_shadow,wh_dlc07_skill_node_chs_chaos_sorcerer_shadow_innate_04,wh3_dlc20_skill_innate_chs_chaos_familiar,1,wh2_dlc12_effect_magic_cooldown_all_lores,data/skill_trees/characters/warriors_of_chaos/Chaos_Sorcerer_Shadows.csv,293,,ability_group_bindings,data/effect_semantics/source_exports/db/effect_bonus_value_special_ability_group_junctions_tables/data__.tsv,37,recharge_rate_percentage_mod,ability_group,wh3_main_lore_of_great_maw
wh_dlc07_chs_chaos_sorcerer_shadow,wh_dlc07_skill_node_set_chs_sorcerer_shadow,wh_dlc07_skill_node_chs_chaos_sorcerer_shadow_innate_04,wh3_dlc20_skill_innate_chs_chaos_familiar,1,wh2_dlc12_effect_magic_cooldown_all_lores,data/skill_trees/characters/warriors_of_chaos/Chaos_Sorcerer_Shadows.csv,293,,ability_group_bindings,data/effect_semantics/source_exports/db/effect_bonus_value_special_ability_group_junctions_tables/data__.tsv,38,recharge_rate_percentage_mod,ability_group,wh3_main_lore_of_great_maw_upgraded
wh_dlc07_chs_chaos_sorcerer_shadow,wh_dlc07_skill_node_set_chs_sorcerer_shadow,wh_dlc07_skill_node_chs_chaos_sorcerer_shadow_innate_04,wh3_dlc20_skill_innate_chs_chaos_familiar,1,wh2_dlc12_effect_magic_cooldown_all_lores,data/skill_trees/characters/warriors_of_chaos/Chaos_Sorcerer_Shadows.csv,293,,ability_group_bindings,data/effect_semantics/source_exports/db/effect_bonus_value_special_ability_group_junctions_tables/data__.tsv,39,recharge_rate_percentage_mod,ability_group,wh3_main_lore_of_ice
wh_dlc07_chs_chaos_sorcerer_shadow,wh_dlc07_skill_node_set_chs_sorcerer_shadow,wh_dlc07_skill_node_chs_chaos_sorcerer_shadow_innate_04,wh3_dlc20_skill_innate_chs_chaos_familiar,1,wh2_dlc12_effect_magic_cooldown_all_lores,data/skill_trees/characters/warriors_of_chaos/Chaos_Sorcerer_Shadows.csv,293,,ability_group_bindings,data/effect_semantics/source_exports/db/effect_bonus_value_special_ability_group_junctions_tables/data__.tsv,40,recharge_rate_percentage_mod,ability_group,wh3_main_lore_of_ice_upgraded
wh_dlc07_chs_chaos_sorcerer_shadow,wh_dlc07_skill_node_set_chs_sorcerer_shadow,wh_dlc07_skill_node_chs_chaos_sorcerer_shadow_innate_04,wh3_dlc20_skill_innate_chs_chaos_familiar,1,wh2_dlc12_effect_magic_cooldown_all_lores,data/skill_trees/characters/warriors_of_chaos/Chaos_Sorcerer_Shadows.csv,293,,ability_group_bindings,data/effect_semantics/source_exports/db/effect_bonus_value_special_ability_group_junctions_tables/data__.tsv,41,recharge_rate_percentage_mod,ability_group,wh3_main_lore_of_tempest
wh_dlc07_chs_chaos_sorcerer_shadow,wh_dlc07_skill_node_set_chs_sorcerer_shadow,wh_dlc07_skill_node_chs_chaos_sorcerer_shadow_innate_04,wh3_dlc20_skill_innate_chs_chaos_familiar,1,wh2_dlc12_effect_magic_cooldown_all_lores,data/skill_trees/characters/warriors_of_chaos/Chaos_Sorcerer_Shadows.csv,293,,ability_group_bindings,data/effect_semantics/source_exports/db/effect_bonus_value_special_ability_group_junctions_tables/data__.tsv,42,recharge_rate_percentage_mod,ability_group,wh3_main_lore_of_tempest_upgraded
wh_dlc07_chs_chaos_sorcerer_shadow,wh_dlc07_skill_node_set_chs_sorcerer_shadow,wh_dlc07_skill_node_chs_chaos_sorcerer_shadow_innate_04,wh3_dlc20_skill_innate_chs_chaos_familiar,1,wh2_dlc12_effect_magic_cooldown_all_lores,data/skill_trees/characters/warriors_of_chaos/Chaos_Sorcerer_Shadows.csv,293,,ability_group_bindings,data/effect_semantics/source_exports/db/effect_bonus_value_special_ability_group_junctions_tables/data__.tsv,43,recharge_rate_percentage_mod,ability_group,wh3_main_lore_of_yang
wh_dlc07_chs_chaos_sorcerer_shadow,wh_dlc07_skill_node_set_chs_sorcerer_shadow,wh_dlc07_skill_node_chs_chaos_sorcerer_shadow_innate_04,wh3_dlc20_skill_innate_chs_chaos_familiar,1,wh2_dlc12_effect_magic_cooldown_all_lores,data/skill_trees/characters/warriors_of_chaos/Chaos_Sorcerer_Shadows.csv,293,,ability_group_bindings,data/effect_semantics/source_exports/db/effect_bonus_value_special_ability_group_junctions_tables/data__.tsv,44,recharge_rate_percentage_mod,ability_group,wh3_main_lore_of_yang_upgraded
wh_dlc07_chs_chaos_sorcerer_shadow,wh_dlc07_skill_node_set_chs_sorcerer_shadow,wh_dlc07_skill_node_chs_chaos_sorcerer_shadow_innate_04,wh3_dlc20_skill_innate_chs_chaos_familiar,1,wh2_dlc12_effect_magic_cooldown_all_lores,data/skill_trees/characters/warriors_of_chaos/Chaos_Sorcerer_Shadows.csv,293,,ability_group_bindings,data/effect_semantics/source_exports/db/effect_bonus_value_special_ability_group_junctions_tables/data__.tsv,45,recharge_rate_percentage_mod,ability_group,wh3_main_lore_of_yin
wh_dlc07_chs_chaos_sorcerer_shadow,wh_dlc07_skill_node_set_chs_sorcerer_shadow,wh_dlc07_skill_node_chs_chaos_sorcerer_shadow_innate_04,wh3_dlc20_skill_innate_chs_chaos_familiar,1,wh2_dlc12_effect_magic_cooldown_all_lores,data/skill_trees/characters/warriors_of_chaos/Chaos_Sorcerer_Shadows.csv,293,,ability_group_bindings,data/effect_semantics/source_exports/db/effect_bonus_value_special_ability_group_junctions_tables/data__.tsv,46,recharge_rate_percentage_mod,ability_group,wh3_main_lore_of_yin_upgraded
wh_dlc07_chs_chaos_sorcerer_shadow,wh_dlc07_skill_node_set_chs_sorcerer_shadow,wh_dlc07_skill_node_chs_chaos_sorcerer_shadow_innate_04,wh3_dlc20_skill_innate_chs_chaos_familiar,1,wh2_dlc12_effect_magic_cooldown_all_lores,data/skill_trees/characters/warriors_of_chaos/Chaos_Sorcerer_Shadows.csv,293,,ability_group_bindings,data/effect_semantics/source_exports/db/effect_bonus_value_special_ability_group_junctions_tables/data__.tsv,47,recharge_rate_percentage_mod,ability_group,wh3_main_lore_slaanesh
wh_dlc07_chs_chaos_sorcerer_shadow,wh_dlc07_skill_node_set_chs_sorcerer_shadow,wh_dlc07_skill_node_chs_chaos_sorcerer_shadow_innate_04,wh3_dlc20_skill_innate_chs_chaos_familiar,1,wh2_dlc12_effect_magic_cooldown_all_lores,data/skill_trees/characters/warriors_of_chaos/Chaos_Sorcerer_Shadows.csv,293,,ability_group_bindings,data/effect_semantics/source_exports/db/effect_bonus_value_special_ability_group_junctions_tables/data__.tsv,48,recharge_rate_percentage_mod,ability_group,wh3_main_lore_slaanesh_upgraded
wh_dlc07_chs_chaos_sorcerer_shadow,wh_dlc07_skill_node_set_chs_sorcerer_shadow,wh_dlc07_skill_node_chs_chaos_sorcerer_shadow_innate_04,wh3_dlc20_skill_innate_chs_chaos_familiar,1,wh2_dlc12_effect_magic_cooldown_all_lores,data/skill_trees/characters/warriors_of_chaos/Chaos_Sorcerer_Shadows.csv,293,,ability_group_bindings,data/effect_semantics/source_exports/db/effect_bonus_value_special_ability_group_junctions_tables/data__.tsv,49,recharge_rate_percentage_mod,ability_group,wh3_main_lore_tzeentch
wh_dlc07_chs_chaos_sorcerer_shadow,wh_dlc07_skill_node_set_chs_sorcerer_shadow,wh_dlc07_skill_node_chs_chaos_sorcerer_shadow_innate_04,wh3_dlc20_skill_innate_chs_chaos_familiar,1,wh2_dlc12_effect_magic_cooldown_all_lores,data/skill_trees/characters/warriors_of_chaos/Chaos_Sorcerer_Shadows.csv,293,,ability_group_bindings,data/effect_semantics/source_exports/db/effect_bonus_value_special_ability_group_junctions_tables/data__.tsv,50,recharge_rate_percentage_mod,ability_group,wh3_main_lore_tzeentch_upgraded
wh_dlc07_chs_chaos_sorcerer_shadow,wh_dlc07_skill_node_set_chs_sorcerer_shadow,wh_dlc07_skill_node_chs_chaos_sorcerer_shadow_innate_04,wh3_dlc20_skill_innate_chs_chaos_familiar,1,wh2_dlc12_effect_magic_cooldown_all_lores,data/skill_trees/characters/warriors_of_chaos/Chaos_Sorcerer_Shadows.csv,293,,ability_group_bindings,data/effect_semantics/source_exports/db/effect_bonus_value_special_ability_group_junctions_tables/data__.tsv,51,recharge_rate_percentage_mod,ability_group,wh_dlc03_lore_beasts
wh_dlc07_chs_chaos_sorcerer_shadow,wh_dlc07_skill_node_set_chs_sorcerer_shadow,wh_dlc07_skill_node_chs_chaos_sorcerer_shadow_innate_04,wh3_dlc20_skill_innate_chs_chaos_familiar,1,wh2_dlc12_effect_magic_cooldown_all_lores,data/skill_trees/characters/warriors_of_chaos/Chaos_Sorcerer_Shadows.csv,293,,ability_group_bindings,data/effect_semantics/source_exports/db/effect_bonus_value_special_ability_group_junctions_tables/data__.tsv,52,recharge_rate_percentage_mod,ability_group,wh_dlc03_lore_beasts_upgraded
wh_dlc07_chs_chaos_sorcerer_shadow,wh_dlc07_skill_node_set_chs_sorcerer_shadow,wh_dlc07_skill_node_chs_chaos_sorcerer_shadow_innate_04,wh3_dlc20_skill_innate_chs_chaos_familiar,1,wh2_dlc12_effect_magic_cooldown_all_lores,data/skill_trees/characters/warriors_of_chaos/Chaos_Sorcerer_Shadows.csv,293,,ability_group_bindings,data/effect_semantics/source_exports/db/effect_bonus_value_special_ability_group_junctions_tables/data__.tsv,53,recharge_rate_percentage_mod,ability_group,wh_dlc03_lore_wild
wh_dlc07_chs_chaos_sorcerer_shadow,wh_dlc07_skill_node_set_chs_sorcerer_shadow,wh_dlc07_skill_node_chs_chaos_sorcerer_shadow_innate_04,wh3_dlc20_skill_innate_chs_chaos_familiar,1,wh2_dlc12_effect_magic_cooldown_all_lores,data/skill_trees/characters/warriors_of_chaos/Chaos_Sorcerer_Shadows.csv,293,,ability_group_bindings,data/effect_semantics/source_exports/db/effect_bonus_value_special_ability_group_junctions_tables/data__.tsv,54,recharge_rate_percentage_mod,ability_group,wh_dlc03_lore_wild_upgraded
wh_dlc07_chs_chaos_sorcerer_shadow,wh_dlc07_skill_node_set_chs_sorcerer_shadow,wh_dlc07_skill_node_chs_chaos_sorcerer_shadow_innate_04,wh3_dlc20_skill_innate_chs_chaos_familiar,1,wh2_dlc12_effect_magic_cooldown_all_lores,data/skill_trees/characters/warriors_of_chaos/Chaos_Sorcerer_Shadows.csv,293,,ability_group_bindings,data/effect_semantics/source_exports/db/effect_bonus_value_special_ability_group_junctions_tables/data__.tsv,55,recharge_rate_percentage_mod,ability_group,wh_dlc05_lore_life
wh_dlc07_chs_chaos_sorcerer_shadow,wh_dlc07_skill_node_set_chs_sorcerer_shadow,wh_dlc07_skill_node_chs_chaos_sorcerer_shadow_innate_04,wh3_dlc20_skill_innate_chs_chaos_familiar,1,wh2_dlc12_effect_magic_cooldown_all_lores,data/skill_trees/characters/warriors_of_chaos/Chaos_Sorcerer_Shadows.csv,293,,ability_group_bindings,data/effect_semantics/source_exports/db/effect_bonus_value_special_ability_group_junctions_tables/data__.tsv,56,recharge_rate_percentage_mod,ability_group,wh_dlc05_lore_life_upgraded
wh_dlc07_chs_chaos_sorcerer_shadow,wh_dlc07_skill_node_set_chs_sorcerer_shadow,wh_dlc07_skill_node_chs_chaos_sorcerer_shadow_innate_04,wh3_dlc20_skill_innate_chs_chaos_familiar,1,wh2_dlc12_effect_magic_cooldown_all_lores,data/skill_trees/characters/warriors_of_chaos/Chaos_Sorcerer_Shadows.csv,293,,ability_group_bindings,data/effect_semantics/source_exports/db/effect_bonus_value_special_ability_group_junctions_tables/data__.tsv,57,recharge_rate_percentage_mod,ability_group,wh_dlc05_lore_shadows
wh_dlc07_chs_chaos_sorcerer_shadow,wh_dlc07_skill_node_set_chs_sorcerer_shadow,wh_dlc07_skill_node_chs_chaos_sorcerer_shadow_innate_04,wh3_dlc20_skill_innate_chs_chaos_familiar,1,wh2_dlc12_effect_magic_cooldown_all_lores,data/skill_trees/characters/warriors_of_chaos/Chaos_Sorcerer_Shadows.csv,293,,ability_group_bindings,data/effect_semantics/source_exports/db/effect_bonus_value_special_ability_group_junctions_tables/data__.tsv,58,recharge_rate_percentage_mod,ability_group,wh_dlc05_lore_shadows_upgraded
wh_dlc07_chs_chaos_sorcerer_shadow,wh_dlc07_skill_node_set_chs_sorcerer_shadow,wh_dlc07_skill_node_chs_chaos_sorcerer_shadow_innate_04,wh3_dlc20_skill_innate_chs_chaos_familiar,1,wh2_dlc12_effect_magic_cooldown_all_lores,data/skill_trees/characters/warriors_of_chaos/Chaos_Sorcerer_Shadows.csv,293,,ability_group_bindings,data/effect_semantics/source_exports/db/effect_bonus_value_special_ability_group_junctions_tables/data__.tsv,59,recharge_rate_percentage_mod,ability_group,wh_main_lore_big_waaagh
wh_dlc07_chs_chaos_sorcerer_shadow,wh_dlc07_skill_node_set_chs_sorcerer_shadow,wh_dlc07_skill_node_chs_chaos_sorcerer_shadow_innate_04,wh3_dlc20_skill_innate_chs_chaos_familiar,1,wh2_dlc12_effect_magic_cooldown_all_lores,data/skill_trees/characters/warriors_of_chaos/Chaos_Sorcerer_Shadows.csv,293,,ability_group_bindings,data/effect_semantics/source_exports/db/effect_bonus_value_special_ability_group_junctions_tables/data__.tsv,60,recharge_rate_percentage_mod,ability_group,wh_main_lore_big_waaagh_upgraded
wh_dlc07_chs_chaos_sorcerer_shadow,wh_dlc07_skill_node_set_chs_sorcerer_shadow,wh_dlc07_skill_node_chs_chaos_sorcerer_shadow_innate_04,wh3_dlc20_skill_innate_chs_chaos_familiar,1,wh2_dlc12_effect_magic_cooldown_all_lores,data/skill_trees/characters/warriors_of_chaos/Chaos_Sorcerer_Shadows.csv,293,,ability_group_bindings,data/effect_semantics/source_exports/db/effect_bonus_value_special_ability_group_junctions_tables/data__.tsv,61,recharge_rate_percentage_mod,ability_group,wh_main_lore_death
wh_dlc07_chs_chaos_sorcerer_shadow,wh_dlc07_skill_node_set_chs_sorcerer_shadow,wh_dlc07_skill_node_chs_chaos_sorcerer_shadow_innate_04,wh3_dlc20_skill_innate_chs_chaos_familiar,1,wh2_dlc12_effect_magic_cooldown_all_lores,data/skill_trees/characters/warriors_of_chaos/Chaos_Sorcerer_Shadows.csv,293,,ability_group_bindings,data/effect_semantics/source_exports/db/effect_bonus_value_special_ability_group_junctions_tables/data__.tsv,62,recharge_rate_percentage_mod,ability_group,wh_main_lore_death_upgraded
wh_dlc07_chs_chaos_sorcerer_shadow,wh_dlc07_skill_node_set_chs_sorcerer_shadow,wh_dlc07_skill_node_chs_chaos_sorcerer_shadow_innate_04,wh3_dlc20_skill_innate_chs_chaos_familiar,1,wh2_dlc12_effect_magic_cooldown_all_lores,data/skill_trees/characters/warriors_of_chaos/Chaos_Sorcerer_Shadows.csv,293,,ability_group_bindings,data/effect_semantics/source_exports/db/effect_bonus_value_special_ability_group_junctions_tables/data__.tsv,63,recharge_rate_percentage_mod,ability_group,wh_main_lore_fire
wh_dlc07_chs_chaos_sorcerer_shadow,wh_dlc07_skill_node_set_chs_sorcerer_shadow,wh_dlc07_skill_node_chs_chaos_sorcerer_shadow_innate_04,wh3_dlc20_skill_innate_chs_chaos_familiar,1,wh2_dlc12_effect_magic_cooldown_all_lores,data/skill_trees/characters/warriors_of_chaos/Chaos_Sorcerer_Shadows.csv,293,,ability_group_bindings,data/effect_semantics/source_exports/db/effect_bonus_value_special_ability_group_junctions_tables/data__.tsv,64,recharge_rate_percentage_mod,ability_group,wh_main_lore_fire_upgraded
wh_dlc07_chs_chaos_sorcerer_shadow,wh_dlc07_skill_node_set_chs_sorcerer_shadow,wh_dlc07_skill_node_chs_chaos_sorcerer_shadow_innate_04,wh3_dlc20_skill_innate_chs_chaos_familiar,1,wh2_dlc12_effect_magic_cooldown_all_lores,data/skill_trees/characters/warriors_of_chaos/Chaos_Sorcerer_Shadows.csv,293,,ability_group_bindings,data/effect_semantics/source_exports/db/effect_bonus_value_special_ability_group_junctions_tables/data__.tsv,65,recharge_rate_percentage_mod,ability_group,wh_main_lore_heavens
wh_dlc07_chs_chaos_sorcerer_shadow,wh_dlc07_skill_node_set_chs_sorcerer_shadow,wh_dlc07_skill_node_chs_chaos_sorcerer_shadow_innate_04,wh3_dlc20_skill_innate_chs_chaos_familiar,1,wh2_dlc12_effect_magic_cooldown_all_lores,data/skill_trees/characters/warriors_of_chaos/Chaos_Sorcerer_Shadows.csv,293,,ability_group_bindings,data/effect_semantics/source_exports/db/effect_bonus_value_special_ability_group_junctions_tables/data__.tsv,66,recharge_rate_percentage_mod,ability_group,wh_main_lore_heavens_upgraded
wh_dlc07_chs_chaos_sorcerer_shadow,wh_dlc07_skill_node_set_chs_sorcerer_shadow,wh_dlc07_skill_node_chs_chaos_sorcerer_shadow_innate_04,wh3_dlc20_skill_innate_chs_chaos_familiar,1,wh2_dlc12_effect_magic_cooldown_all_lores,data/skill_trees/characters/warriors_of_chaos/Chaos_Sorcerer_Shadows.csv,293,,ability_group_bindings,data/effect_semantics/source_exports/db/effect_bonus_value_special_ability_group_junctions_tables/data__.tsv,67,recharge_rate_percentage_mod,ability_group,wh_main_lore_light
wh_dlc07_chs_chaos_sorcerer_shadow,wh_dlc07_skill_node_set_chs_sorcerer_shadow,wh_dlc07_skill_node_chs_chaos_sorcerer_shadow_innate_04,wh3_dlc20_skill_innate_chs_chaos_familiar,1,wh2_dlc12_effect_magic_cooldown_all_lores,data/skill_trees/characters/warriors_of_chaos/Chaos_Sorcerer_Shadows.csv,293,,ability_group_bindings,data/effect_semantics/source_exports/db/effect_bonus_value_special_ability_group_junctions_tables/data__.tsv,68,recharge_rate_percentage_mod,ability_group,wh_main_lore_light_upgraded
wh_dlc07_chs_chaos_sorcerer_shadow,wh_dlc07_skill_node_set_chs_sorcerer_shadow,wh_dlc07_skill_node_chs_chaos_sorcerer_shadow_innate_04,wh3_dlc20_skill_innate_chs_chaos_familiar,1,wh2_dlc12_effect_magic_cooldown_all_lores,data/skill_trees/characters/warriors_of_chaos/Chaos_Sorcerer_Shadows.csv,293,,ability_group_bindings,data/effect_semantics/source_exports/db/effect_bonus_value_special_ability_group_junctions_tables/data__.tsv,69,recharge_rate_percentage_mod,ability_group,wh_main_lore_lil_waaagh
wh_dlc07_chs_chaos_sorcerer_shadow,wh_dlc07_skill_node_set_chs_sorcerer_shadow,wh_dlc07_skill_node_chs_chaos_sorcerer_shadow_innate_04,wh3_dlc20_skill_innate_chs_chaos_familiar,1,wh2_dlc12_effect_magic_cooldown_all_lores,data/skill_trees/characters/warriors_of_chaos/Chaos_Sorcerer_Shadows.csv,293,,ability_group_bindings,data/effect_semantics/source_exports/db/effect_bonus_value_special_ability_group_junctions_tables/data__.tsv,70,recharge_rate_percentage_mod,ability_group,wh_main_lore_lil_waaagh_upgraded
wh_dlc07_chs_chaos_sorcerer_shadow,wh_dlc07_skill_node_set_chs_sorcerer_shadow,wh_dlc07_skill_node_chs_chaos_sorcerer_shadow_innate_04,wh3_dlc20_skill_innate_chs_chaos_familiar,1,wh2_dlc12_effect_magic_cooldown_all_lores,data/skill_trees/characters/warriors_of_chaos/Chaos_Sorcerer_Shadows.csv,293,,ability_group_bindings,data/effect_semantics/source_exports/db/effect_bonus_value_special_ability_group_junctions_tables/data__.tsv,71,recharge_rate_percentage_mod,ability_group,wh_main_lore_metal
wh_dlc07_chs_chaos_sorcerer_shadow,wh_dlc07_skill_node_set_chs_sorcerer_shadow,wh_dlc07_skill_node_chs_chaos_sorcerer_shadow_innate_04,wh3_dlc20_skill_innate_chs_chaos_familiar,1,wh2_dlc12_effect_magic_cooldown_all_lores,data/skill_trees/characters/warriors_of_chaos/Chaos_Sorcerer_Shadows.csv,293,,ability_group_bindings,data/effect_semantics/source_exports/db/effect_bonus_value_special_ability_group_junctions_tables/data__.tsv,72,recharge_rate_percentage_mod,ability_group,wh_main_lore_metal_upgraded
wh_dlc07_chs_chaos_sorcerer_shadow,wh_dlc07_skill_node_set_chs_sorcerer_shadow,wh_dlc07_skill_node_chs_chaos_sorcerer_shadow_innate_04,wh3_dlc20_skill_innate_chs_chaos_familiar,1,wh2_dlc12_effect_magic_cooldown_all_lores,data/skill_trees/characters/warriors_of_chaos/Chaos_Sorcerer_Shadows.csv,293,,ability_group_bindings,data/effect_semantics/source_exports/db/effect_bonus_value_special_ability_group_junctions_tables/data__.tsv,73,recharge_rate_percentage_mod,ability_group,wh_main_lore_vampires
wh_dlc07_chs_chaos_sorcerer_shadow,wh_dlc07_skill_node_set_chs_sorcerer_shadow,wh_dlc07_skill_node_chs_chaos_sorcerer_shadow_innate_04,wh3_dlc20_skill_innate_chs_chaos_familiar,1,wh2_dlc12_effect_magic_cooldown_all_lores,data/skill_trees/characters/warriors_of_chaos/Chaos_Sorcerer_Shadows.csv,293,,ability_group_bindings,data/effect_semantics/source_exports/db/effect_bonus_value_special_ability_group_junctions_tables/data__.tsv,74,recharge_rate_percentage_mod,ability_group,wh_main_lore_vampires_upgraded
wh_dlc07_chs_chaos_sorcerer_shadow,wh_dlc07_skill_node_set_chs_sorcerer_shadow,wh_dlc07_skill_node_chs_chaos_sorcerer_shadow_magic1_05,wh_dlc05_skill_magic_shadow_penumbral_pendulum,1,wh_dlc05_effect_ability_enable_penumbral_pendulum,data/skill_trees/characters/warriors_of_chaos/Chaos_Sorcerer_Shadows.csv,298,wh_dlc05_spell_shadow_the_penumbral_pendulum,ability_bindings,data/effect_semantics/source_exports/db/effect_bonus_value_unit_ability_junctions_tables/data__.tsv,5178,enable,ability,wh_dlc05_spell_shadow_the_penumbral_pendulum
wh_dlc07_chs_chaos_sorcerer_shadow,wh_dlc07_skill_node_set_chs_sorcerer_shadow,wh_dlc07_skill_node_chs_chaos_sorcerer_shadow_magic1_05,wh_dlc05_skill_magic_shadow_penumbral_pendulum,2,wh_dlc05_effect_ability_cooldown_penumbral_pendulum,data/skill_trees/characters/warriors_of_chaos/Chaos_Sorcerer_Shadows.csv,299,wh_dlc05_spell_shadow_the_penumbral_pendulum,ability_bindings,data/effect_semantics/source_exports/db/effect_bonus_value_unit_ability_junctions_tables/data__.tsv,5141,recharge_mod,ability,wh_dlc05_spell_shadow_the_penumbral_pendulum
wh_dlc07_chs_chaos_sorcerer_shadow,wh_dlc07_skill_node_set_chs_sorcerer_shadow,wh_dlc07_skill_node_chs_chaos_sorcerer_shadow_magic1_05,wh_dlc05_skill_magic_shadow_penumbral_pendulum,2,wh2_main_effect_ability_overcast_penumbral_pendulum,data/skill_trees/characters/warriors_of_chaos/Chaos_Sorcerer_Shadows.csv,300,wh_dlc05_spell_shadow_the_penumbral_pendulum,ability_bindings,data/effect_semantics/source_exports/db/effect_bonus_value_unit_ability_junctions_tables/data__.tsv,1356,enable_overchage,ability,wh_dlc05_spell_shadow_the_penumbral_pendulum
wh_dlc07_chs_chaos_sorcerer_shadow,wh_dlc07_skill_node_set_chs_sorcerer_shadow,wh_dlc07_skill_node_chs_chaos_sorcerer_shadow_magic1_05,wh_dlc05_skill_magic_shadow_penumbral_pendulum,2,wh2_main_effect_ability_overcast_penumbral_pendulum,data/skill_trees/characters/warriors_of_chaos/Chaos_Sorcerer_Shadows.csv,300,wh_dlc05_spell_shadow_the_penumbral_pendulum,ability_bindings,data/effect_semantics/source_exports/db/effect_bonus_value_unit_ability_junctions_tables/data__.tsv,1357,enable,ability,wh_dlc05_spell_shadow_the_penumbral_pendulum
wh_dlc07_chs_chaos_sorcerer_shadow,wh_dlc07_skill_node_set_chs_sorcerer_shadow,wh_dlc07_skill_node_chs_chaos_sorcerer_shadow_magic1_05,wh_dlc05_skill_magic_shadow_penumbral_pendulum,3,wh_dlc05_effect_ability_cooldown_penumbral_pendulum,data/skill_trees/characters/warriors_of_chaos/Chaos_Sorcerer_Shadows.csv,301,wh_dlc05_spell_shadow_the_penumbral_pendulum,ability_bindings,data/effect_semantics/source_exports/db/effect_bonus_value_unit_ability_junctions_tables/data__.tsv,5141,recharge_mod,ability,wh_dlc05_spell_shadow_the_penumbral_pendulum
wh_dlc07_chs_chaos_sorcerer_shadow,wh_dlc07_skill_node_set_chs_sorcerer_shadow,wh_dlc07_skill_node_chs_chaos_sorcerer_shadow_magic1_05,wh_dlc05_skill_magic_shadow_penumbral_pendulum,3,wh2_main_effect_ability_miscast_penumbral_pendulum_upgraded,data/skill_trees/characters/warriors_of_chaos/Chaos_Sorcerer_Shadows.csv,302,wh_dlc05_spell_shadow_the_penumbral_pendulum_upgraded,ability_bindings,data/effect_semantics/source_exports/db/effect_bonus_value_unit_ability_junctions_tables/data__.tsv,1236,miscast_percentage_mod,ability,wh_dlc05_spell_shadow_the_penumbral_pendulum_upgraded
wh_dlc07_chs_chaos_sorcerer_shadow,wh_dlc07_skill_node_set_chs_sorcerer_shadow,wh_dlc07_skill_node_chs_chaos_sorcerer_shadow_magic1_05,wh_dlc05_skill_magic_shadow_penumbral_pendulum,3,wh2_main_effect_ability_overcast_penumbral_pendulum,data/skill_trees/characters/warriors_of_chaos/Chaos_Sorcerer_Shadows.csv,303,wh_dlc05_spell_shadow_the_penumbral_pendulum,ability_bindings,data/effect_semantics/source_exports/db/effect_bonus_value_unit_ability_junctions_tables/data__.tsv,1356,enable_overchage,ability,wh_dlc05_spell_shadow_the_penumbral_pendulum
wh_dlc07_chs_chaos_sorcerer_shadow,wh_dlc07_skill_node_set_chs_sorcerer_shadow,wh_dlc07_skill_node_chs_chaos_sorcerer_shadow_magic1_05,wh_dlc05_skill_magic_shadow_penumbral_pendulum,3,wh2_main_effect_ability_overcast_penumbral_pendulum,data/skill_trees/characters/warriors_of_chaos/Chaos_Sorcerer_Shadows.csv,303,wh_dlc05_spell_shadow_the_penumbral_pendulum,ability_bindings,data/effect_semantics/source_exports/db/effect_bonus_value_unit_ability_junctions_tables/data__.tsv,1357,enable,ability,wh_dlc05_spell_shadow_the_penumbral_pendulum
wh_dlc07_chs_chaos_sorcerer_shadow,wh_dlc07_skill_node_set_chs_sorcerer_shadow,wh_dlc07_skill_node_chs_chaos_sorcerer_shadow_magic1_05,wh_dlc05_skill_magic_shadow_penumbral_pendulum,3,wh2_main_effect_ability_wom_cost_penumbral_pendulum,data/skill_trees/characters/warriors_of_chaos/Chaos_Sorcerer_Shadows.csv,304,wh_dlc05_spell_shadow_the_penumbral_pendulum,ability_bindings,data/effect_semantics/source_exports/db/effect_bonus_value_unit_ability_junctions_tables/data__.tsv,1532,cost_mod,ability,wh_dlc05_spell_shadow_the_penumbral_pendulum
wh_dlc07_chs_chaos_sorcerer_shadow,wh_dlc07_skill_node_set_chs_sorcerer_shadow,wh_dlc07_skill_node_chs_chaos_sorcerer_shadow_magic1_05,wh_dlc05_skill_magic_shadow_penumbral_pendulum,3,wh2_main_effect_ability_wom_cost_penumbral_pendulum_upgraded,data/skill_trees/characters/warriors_of_chaos/Chaos_Sorcerer_Shadows.csv,305,wh_dlc05_spell_shadow_the_penumbral_pendulum_upgraded,ability_bindings,data/effect_semantics/source_exports/db/effect_bonus_value_unit_ability_junctions_tables/data__.tsv,1531,cost_mod,ability,wh_dlc05_spell_shadow_the_penumbral_pendulum_upgraded
wh_dlc07_chs_chaos_sorcerer_shadow,wh_dlc07_skill_node_set_chs_sorcerer_shadow,wh_dlc07_skill_node_chs_chaos_sorcerer_shadow_magic1_09,wh_dlc05_skill_magic_shadow_pit_of_shades,1,wh_dlc05_effect_ability_enable_pit_of_shades,data/skill_trees/characters/warriors_of_chaos/Chaos_Sorcerer_Shadows.csv,343,wh_dlc05_spell_shadow_pit_of_shades,ability_bindings,data/effect_semantics/source_exports/db/effect_bonus_value_unit_ability_junctions_tables/data__.tsv,5179,enable,ability,wh_dlc05_spell_shadow_pit_of_shades
wh_dlc07_chs_chaos_sorcerer_shadow,wh_dlc07_skill_node_set_chs_sorcerer_shadow,wh_dlc07_skill_node_chs_chaos_sorcerer_shadow_magic1_09,wh_dlc05_skill_magic_shadow_pit_of_shades,2,wh_dlc05_effect_ability_cooldown_pit_of_shades,data/skill_trees/characters/warriors_of_chaos/Chaos_Sorcerer_Shadows.csv,344,wh_dlc05_spell_shadow_pit_of_shades,ability_bindings,data/effect_semantics/source_exports/db/effect_bonus_value_unit_ability_junctions_tables/data__.tsv,5142,recharge_mod,ability,wh_dlc05_spell_shadow_pit_of_shades
wh_dlc07_chs_chaos_sorcerer_shadow,wh_dlc07_skill_node_set_chs_sorcerer_shadow,wh_dlc07_skill_node_chs_chaos_sorcerer_shadow_magic1_09,wh_dlc05_skill_magic_shadow_pit_of_shades,2,wh2_main_effect_ability_overcast_pit_of_shades,data/skill_trees/characters/warriors_of_chaos/Chaos_Sorcerer_Shadows.csv,345,wh_dlc05_spell_shadow_pit_of_shades,ability_bindings,data/effect_semantics/source_exports/db/effect_bonus_value_unit_ability_junctions_tables/data__.tsv,1364,enable_overchage,ability,wh_dlc05_spell_shadow_pit_of_shades
wh_dlc07_chs_chaos_sorcerer_shadow,wh_dlc07_skill_node_set_chs_sorcerer_shadow,wh_dlc07_skill_node_chs_chaos_sorcerer_shadow_magic1_09,wh_dlc05_skill_magic_shadow_pit_of_shades,2,wh2_main_effect_ability_overcast_pit_of_shades,data/skill_trees/characters/warriors_of_chaos/Chaos_Sorcerer_Shadows.csv,345,wh_dlc05_spell_shadow_pit_of_shades,ability_bindings,data/effect_semantics/source_exports/db/effect_bonus_value_unit_ability_junctions_tables/data__.tsv,1365,enable,ability,wh_dlc05_spell_shadow_pit_of_shades
wh_dlc07_chs_chaos_sorcerer_shadow,wh_dlc07_skill_node_set_chs_sorcerer_shadow,wh_dlc07_skill_node_chs_chaos_sorcerer_shadow_magic1_09,wh_dlc05_skill_magic_shadow_pit_of_shades,3,wh_dlc05_effect_ability_cooldown_pit_of_shades,data/skill_trees/characters/warriors_of_chaos/Chaos_Sorcerer_Shadows.csv,346,wh_dlc05_spell_shadow_pit_of_shades,ability_bindings,data/effect_semantics/source_exports/db/effect_bonus_value_unit_ability_junctions_tables/data__.tsv,5142,recharge_mod,ability,wh_dlc05_spell_shadow_pit_of_shades
wh_dlc07_chs_chaos_sorcerer_shadow,wh_dlc07_skill_node_set_chs_sorcerer_shadow,wh_dlc07_skill_node_chs_chaos_sorcerer_shadow_magic1_09,wh_dlc05_skill_magic_shadow_pit_of_shades,3,wh2_main_effect_ability_miscast_pit_of_shades_upgraded,data/skill_trees/characters/warriors_of_chaos/Chaos_Sorcerer_Shadows.csv,347,wh_dlc05_spell_shadow_pit_of_shades_upgraded,ability_bindings,data/effect_semantics/source_exports/db/effect_bonus_value_unit_ability_junctions_tables/data__.tsv,1240,miscast_percentage_mod,ability,wh_dlc05_spell_shadow_pit_of_shades_upgraded
wh_dlc07_chs_chaos_sorcerer_shadow,wh_dlc07_skill_node_set_chs_sorcerer_shadow,wh_dlc07_skill_node_chs_chaos_sorcerer_shadow_magic1_09,wh_dlc05_skill_magic_shadow_pit_of_shades,3,wh2_main_effect_ability_overcast_pit_of_shades,data/skill_trees/characters/warriors_of_chaos/Chaos_Sorcerer_Shadows.csv,348,wh_dlc05_spell_shadow_pit_of_shades,ability_bindings,data/effect_semantics/source_exports/db/effect_bonus_value_unit_ability_junctions_tables/data__.tsv,1364,enable_overchage,ability,wh_dlc05_spell_shadow_pit_of_shades
wh_dlc07_chs_chaos_sorcerer_shadow,wh_dlc07_skill_node_set_chs_sorcerer_shadow,wh_dlc07_skill_node_chs_chaos_sorcerer_shadow_magic1_09,wh_dlc05_skill_magic_shadow_pit_of_shades,3,wh2_main_effect_ability_overcast_pit_of_shades,data/skill_trees/characters/warriors_of_chaos/Chaos_Sorcerer_Shadows.csv,348,wh_dlc05_spell_shadow_pit_of_shades,ability_bindings,data/effect_semantics/source_exports/db/effect_bonus_value_unit_ability_junctions_tables/data__.tsv,1365,enable,ability,wh_dlc05_spell_shadow_pit_of_shades
wh_dlc07_chs_chaos_sorcerer_shadow,wh_dlc07_skill_node_set_chs_sorcerer_shadow,wh_dlc07_skill_node_chs_chaos_sorcerer_shadow_magic1_09,wh_dlc05_skill_magic_shadow_pit_of_shades,3,wh2_main_effect_ability_wom_cost_pit_of_shades,data/skill_trees/characters/warriors_of_chaos/Chaos_Sorcerer_Shadows.csv,349,wh_dlc05_spell_shadow_pit_of_shades,ability_bindings,data/effect_semantics/source_exports/db/effect_bonus_value_unit_ability_junctions_tables/data__.tsv,1541,cost_mod,ability,wh_dlc05_spell_shadow_pit_of_shades
wh_dlc07_chs_chaos_sorcerer_shadow,wh_dlc07_skill_node_set_chs_sorcerer_shadow,wh_dlc07_skill_node_chs_chaos_sorcerer_shadow_magic1_09,wh_dlc05_skill_magic_shadow_pit_of_shades,3,wh2_main_effect_ability_wom_cost_pit_of_shades_upgraded,data/skill_trees/characters/warriors_of_chaos/Chaos_Sorcerer_Shadows.csv,350,wh_dlc05_spell_shadow_pit_of_shades_upgraded,ability_bindings,data/effect_semantics/source_exports/db/effect_bonus_value_unit_ability_junctions_tables/data__.tsv,1540,cost_mod,ability,wh_dlc05_spell_shadow_pit_of_shades_upgraded
wh_dlc07_chs_chaos_sorcerer_shadow,wh_dlc07_skill_node_set_chs_sorcerer_shadow,wh_dlc07_skill_node_chs_chaos_sorcerer_shadow_magic1_10,wh_dlc05_skill_magic_shadow_okkams_mindrazor,1,wh_dlc05_effect_ability_enable_okkams_mindrazor,data/skill_trees/characters/warriors_of_chaos/Chaos_Sorcerer_Shadows.csv,365,wh_dlc05_spell_shadow_okkams_mindrazor,ability_bindings,data/effect_semantics/source_exports/db/effect_bonus_value_unit_ability_junctions_tables/data__.tsv,5172,enable,ability,wh_dlc05_spell_shadow_okkams_mindrazor
wh_dlc07_chs_chaos_sorcerer_shadow,wh_dlc07_skill_node_set_chs_sorcerer_shadow,wh_dlc07_skill_node_chs_chaos_sorcerer_shadow_magic1_10,wh_dlc05_skill_magic_shadow_okkams_mindrazor,2,wh_dlc05_effect_ability_cooldown_okkams_mindrazor,data/skill_trees/characters/warriors_of_chaos/Chaos_Sorcerer_Shadows.csv,366,wh_dlc05_spell_shadow_okkams_mindrazor,ability_bindings,data/effect_semantics/source_exports/db/effect_bonus_value_unit_ability_junctions_tables/data__.tsv,5139,recharge_mod,ability,wh_dlc05_spell_shadow_okkams_mindrazor
wh_dlc07_chs_chaos_sorcerer_shadow,wh_dlc07_skill_node_set_chs_sorcerer_shadow,wh_dlc07_skill_node_chs_chaos_sorcerer_shadow_magic1_10,wh_dlc05_skill_magic_shadow_okkams_mindrazor,2,wh2_main_effect_ability_overcast_okkams_mindrazor,data/skill_trees/characters/warriors_of_chaos/Chaos_Sorcerer_Shadows.csv,367,wh_dlc05_spell_shadow_okkams_mindrazor,ability_bindings,data/effect_semantics/source_exports/db/effect_bonus_value_unit_ability_junctions_tables/data__.tsv,1352,enable_overchage,ability,wh_dlc05_spell_shadow_okkams_mindrazor
wh_dlc07_chs_chaos_sorcerer_shadow,wh_dlc07_skill_node_set_chs_sorcerer_shadow,wh_dlc07_skill_node_chs_chaos_sorcerer_shadow_magic1_10,wh_dlc05_skill_magic_shadow_okkams_mindrazor,2,wh2_main_effect_ability_overcast_okkams_mindrazor,data/skill_trees/characters/warriors_of_chaos/Chaos_Sorcerer_Shadows.csv,367,wh_dlc05_spell_shadow_okkams_mindrazor,ability_bindings,data/effect_semantics/source_exports/db/effect_bonus_value_unit_ability_junctions_tables/data__.tsv,1353,enable,ability,wh_dlc05_spell_shadow_okkams_mindrazor
wh_dlc07_chs_chaos_sorcerer_shadow,wh_dlc07_skill_node_set_chs_sorcerer_shadow,wh_dlc07_skill_node_chs_chaos_sorcerer_shadow_magic1_10,wh_dlc05_skill_magic_shadow_okkams_mindrazor,3,wh_dlc05_effect_ability_cooldown_okkams_mindrazor,data/skill_trees/characters/warriors_of_chaos/Chaos_Sorcerer_Shadows.csv,368,wh_dlc05_spell_shadow_okkams_mindrazor,ability_bindings,data/effect_semantics/source_exports/db/effect_bonus_value_unit_ability_junctions_tables/data__.tsv,5139,recharge_mod,ability,wh_dlc05_spell_shadow_okkams_mindrazor
wh_dlc07_chs_chaos_sorcerer_shadow,wh_dlc07_skill_node_set_chs_sorcerer_shadow,wh_dlc07_skill_node_chs_chaos_sorcerer_shadow_magic1_10,wh_dlc05_skill_magic_shadow_okkams_mindrazor,3,wh2_main_effect_ability_miscast_okkams_mindrazor_upgraded,data/skill_trees/characters/warriors_of_chaos/Chaos_Sorcerer_Shadows.csv,369,wh_dlc05_spell_shadow_okkams_mindrazor_upgraded,ability_bindings,data/effect_semantics/source_exports/db/effect_bonus_value_unit_ability_junctions_tables/data__.tsv,1234,miscast_percentage_mod,ability,wh_dlc05_spell_shadow_okkams_mindrazor_upgraded
wh_dlc07_chs_chaos_sorcerer_shadow,wh_dlc07_skill_node_set_chs_sorcerer_shadow,wh_dlc07_skill_node_chs_chaos_sorcerer_shadow_magic1_10,wh_dlc05_skill_magic_shadow_okkams_mindrazor,3,wh2_main_effect_ability_overcast_okkams_mindrazor,data/skill_trees/characters/warriors_of_chaos/Chaos_Sorcerer_Shadows.csv,370,wh_dlc05_spell_shadow_okkams_mindrazor,ability_bindings,data/effect_semantics/source_exports/db/effect_bonus_value_unit_ability_junctions_tables/data__.tsv,1352,enable_overchage,ability,wh_dlc05_spell_shadow_okkams_mindrazor
wh_dlc07_chs_chaos_sorcerer_shadow,wh_dlc07_skill_node_set_chs_sorcerer_shadow,wh_dlc07_skill_node_chs_chaos_sorcerer_shadow_magic1_10,wh_dlc05_skill_magic_shadow_okkams_mindrazor,3,wh2_main_effect_ability_overcast_okkams_mindrazor,data/skill_trees/characters/warriors_of_chaos/Chaos_Sorcerer_Shadows.csv,370,wh_dlc05_spell_shadow_okkams_mindrazor,ability_bindings,data/effect_semantics/source_exports/db/effect_bonus_value_unit_ability_junctions_tables/data__.tsv,1353,enable,ability,wh_dlc05_spell_shadow_okkams_mindrazor
wh_dlc07_chs_chaos_sorcerer_shadow,wh_dlc07_skill_node_set_chs_sorcerer_shadow,wh_dlc07_skill_node_chs_chaos_sorcerer_shadow_magic1_10,wh_dlc05_skill_magic_shadow_okkams_mindrazor,3,wh2_main_effect_ability_wom_cost_okkams_mindrazor,data/skill_trees/characters/warriors_of_chaos/Chaos_Sorcerer_Shadows.csv,371,wh_dlc05_spell_shadow_okkams_mindrazor,ability_bindings,data/effect_semantics/source_exports/db/effect_bonus_value_unit_ability_junctions_tables/data__.tsv,1528,cost_mod,ability,wh_dlc05_spell_shadow_okkams_mindrazor
wh_dlc07_chs_chaos_sorcerer_shadow,wh_dlc07_skill_node_set_chs_sorcerer_shadow,wh_dlc07_skill_node_chs_chaos_sorcerer_shadow_magic1_10,wh_dlc05_skill_magic_shadow_okkams_mindrazor,3,wh2_main_effect_ability_wom_cost_okkams_mindrazor_upgraded,data/skill_trees/characters/warriors_of_chaos/Chaos_Sorcerer_Shadows.csv,372,wh_dlc05_spell_shadow_okkams_mindrazor_upgraded,ability_bindings,data/effect_semantics/source_exports/db/effect_bonus_value_unit_ability_junctions_tables/data__.tsv,1527,cost_mod,ability,wh_dlc05_spell_shadow_okkams_mindrazor_upgraded
wh_dlc07_chs_chaos_sorcerer_shadow,wh_dlc07_skill_node_set_chs_sorcerer_shadow,wh3_dlc27_skill_node_chs_chaos_sorcerer_unique_2,wh3_dlc27_skill_chs_chaos_sorcerer_unique_2,3,wh3_main_effect_spell_targeting_range_all,data/skill_trees/characters/warriors_of_chaos/Chaos_Sorcerer_Shadows.csv,382,,ability_group_bindings,data/effect_semantics/source_exports/db/effect_bonus_value_special_ability_group_junctions_tables/data__.tsv,318,target_intercept_range_mod,ability_group,wh2_dlc09_lore_nehekhara
wh_dlc07_chs_chaos_sorcerer_shadow,wh_dlc07_skill_node_set_chs_sorcerer_shadow,wh3_dlc27_skill_node_chs_chaos_sorcerer_unique_2,wh3_dlc27_skill_chs_chaos_sorcerer_unique_2,3,wh3_main_effect_spell_targeting_range_all,data/skill_trees/characters/warriors_of_chaos/Chaos_Sorcerer_Shadows.csv,382,,ability_group_bindings,data/effect_semantics/source_exports/db/effect_bonus_value_special_ability_group_junctions_tables/data__.tsv,319,target_intercept_range_mod,ability_group,wh2_dlc09_lore_nehekhara_upgraded
wh_dlc07_chs_chaos_sorcerer_shadow,wh_dlc07_skill_node_set_chs_sorcerer_shadow,wh3_dlc27_skill_node_chs_chaos_sorcerer_unique_2,wh3_dlc27_skill_chs_chaos_sorcerer_unique_2,3,wh3_main_effect_spell_targeting_range_all,data/skill_trees/characters/warriors_of_chaos/Chaos_Sorcerer_Shadows.csv,382,,ability_group_bindings,data/effect_semantics/source_exports/db/effect_bonus_value_special_ability_group_junctions_tables/data__.tsv,320,target_intercept_range_mod,ability_group,wh2_dlc11_lore_deep
wh_dlc07_chs_chaos_sorcerer_shadow,wh_dlc07_skill_node_set_chs_sorcerer_shadow,wh3_dlc27_skill_node_chs_chaos_sorcerer_unique_2,wh3_dlc27_skill_chs_chaos_sorcerer_unique_2,3,wh3_main_effect_spell_targeting_range_all,data/skill_trees/characters/warriors_of_chaos/Chaos_Sorcerer_Shadows.csv,382,,ability_group_bindings,data/effect_semantics/source_exports/db/effect_bonus_value_special_ability_group_junctions_tables/data__.tsv,321,target_intercept_range_mod,ability_group,wh2_dlc11_lore_deep_upgraded
wh_dlc07_chs_chaos_sorcerer_shadow,wh_dlc07_skill_node_set_chs_sorcerer_shadow,wh3_dlc27_skill_node_chs_chaos_sorcerer_unique_2,wh3_dlc27_skill_chs_chaos_sorcerer_unique_2,3,wh3_main_effect_spell_targeting_range_all,data/skill_trees/characters/warriors_of_chaos/Chaos_Sorcerer_Shadows.csv,382,,ability_group_bindings,data/effect_semantics/source_exports/db/effect_bonus_value_special_ability_group_junctions_tables/data__.tsv,322,target_intercept_range_mod,ability_group,wh2_dlc12_lore_lord_kroak
wh_dlc07_chs_chaos_sorcerer_shadow,wh_dlc07_skill_node_set_chs_sorcerer_shadow,wh3_dlc27_skill_node_chs_chaos_sorcerer_unique_2,wh3_dlc27_skill_chs_chaos_sorcerer_unique_2,3,wh3_main_effect_spell_targeting_range_all,data/skill_trees/characters/warriors_of_chaos/Chaos_Sorcerer_Shadows.csv,382,,ability_group_bindings,data/effect_semantics/source_exports/db/effect_bonus_value_special_ability_group_junctions_tables/data__.tsv,323,target_intercept_range_mod,ability_group,wh2_dlc14_lore_stealth
wh_dlc07_chs_chaos_sorcerer_shadow,wh_dlc07_skill_node_set_chs_sorcerer_shadow,wh3_dlc27_skill_node_chs_chaos_sorcerer_unique_2,wh3_dlc27_skill_chs_chaos_sorcerer_unique_2,3,wh3_main_effect_spell_targeting_range_all,data/skill_trees/characters/warriors_of_chaos/Chaos_Sorcerer_Shadows.csv,382,,ability_group_bindings,data/effect_semantics/source_exports/db/effect_bonus_value_special_ability_group_junctions_tables/data__.tsv,324,target_intercept_range_mod,ability_group,wh2_dlc14_lore_stealth_upgraded
wh_dlc07_chs_chaos_sorcerer_shadow,wh_dlc07_skill_node_set_chs_sorcerer_shadow,wh3_dlc27_skill_node_chs_chaos_sorcerer_unique_2,wh3_dlc27_skill_chs_chaos_sorcerer_unique_2,3,wh3_main_effect_spell_targeting_range_all,data/skill_trees/characters/warriors_of_chaos/Chaos_Sorcerer_Shadows.csv,382,,ability_group_bindings,data/effect_semantics/source_exports/db/effect_bonus_value_special_ability_group_junctions_tables/data__.tsv,325,target_intercept_range_mod,ability_group,wh2_main_lore_dark_magic
wh_dlc07_chs_chaos_sorcerer_shadow,wh_dlc07_skill_node_set_chs_sorcerer_shadow,wh3_dlc27_skill_node_chs_chaos_sorcerer_unique_2,wh3_dlc27_skill_chs_chaos_sorcerer_unique_2,3,wh3_main_effect_spell_targeting_range_all,data/skill_trees/characters/warriors_of_chaos/Chaos_Sorcerer_Shadows.csv,382,,ability_group_bindings,data/effect_semantics/source_exports/db/effect_bonus_value_special_ability_group_junctions_tables/data__.tsv,326,target_intercept_range_mod,ability_group,wh2_main_lore_dark_magic_upgraded
wh_dlc07_chs_chaos_sorcerer_shadow,wh_dlc07_skill_node_set_chs_sorcerer_shadow,wh3_dlc27_skill_node_chs_chaos_sorcerer_unique_2,wh3_dlc27_skill_chs_chaos_sorcerer_unique_2,3,wh3_main_effect_spell_targeting_range_all,data/skill_trees/characters/warriors_of_chaos/Chaos_Sorcerer_Shadows.csv,382,,ability_group_bindings,data/effect_semantics/source_exports/db/effect_bonus_value_special_ability_group_junctions_tables/data__.tsv,327,target_intercept_range_mod,ability_group,wh2_main_lore_high_magic
wh_dlc07_chs_chaos_sorcerer_shadow,wh_dlc07_skill_node_set_chs_sorcerer_shadow,wh3_dlc27_skill_node_chs_chaos_sorcerer_unique_2,wh3_dlc27_skill_chs_chaos_sorcerer_unique_2,3,wh3_main_effect_spell_targeting_range_all,data/skill_trees/characters/warriors_of_chaos/Chaos_Sorcerer_Shadows.csv,382,,ability_group_bindings,data/effect_semantics/source_exports/db/effect_bonus_value_special_ability_group_junctions_tables/data__.tsv,328,target_intercept_range_mod,ability_group,wh2_main_lore_high_magic_upgraded
wh_dlc07_chs_chaos_sorcerer_shadow,wh_dlc07_skill_node_set_chs_sorcerer_shadow,wh3_dlc27_skill_node_chs_chaos_sorcerer_unique_2,wh3_dlc27_skill_chs_chaos_sorcerer_unique_2,3,wh3_main_effect_spell_targeting_range_all,data/skill_trees/characters/warriors_of_chaos/Chaos_Sorcerer_Shadows.csv,382,,ability_group_bindings,data/effect_semantics/source_exports/db/effect_bonus_value_special_ability_group_junctions_tables/data__.tsv,329,target_intercept_range_mod,ability_group,wh2_main_lore_plague
wh_dlc07_chs_chaos_sorcerer_shadow,wh_dlc07_skill_node_set_chs_sorcerer_shadow,wh3_dlc27_skill_node_chs_chaos_sorcerer_unique_2,wh3_dlc27_skill_chs_chaos_sorcerer_unique_2,3,wh3_main_effect_spell_targeting_range_all,data/skill_trees/characters/warriors_of_chaos/Chaos_Sorcerer_Shadows.csv,382,,ability_group_bindings,data/effect_semantics/source_exports/db/effect_bonus_value_special_ability_group_junctions_tables/data__.tsv,330,target_intercept_range_mod,ability_group,wh2_main_lore_plague_upgraded
wh_dlc07_chs_chaos_sorcerer_shadow,wh_dlc07_skill_node_set_chs_sorcerer_shadow,wh3_dlc27_skill_node_chs_chaos_sorcerer_unique_2,wh3_dlc27_skill_chs_chaos_sorcerer_unique_2,3,wh3_main_effect_spell_targeting_range_all,data/skill_trees/characters/warriors_of_chaos/Chaos_Sorcerer_Shadows.csv,382,,ability_group_bindings,data/effect_semantics/source_exports/db/effect_bonus_value_special_ability_group_junctions_tables/data__.tsv,331,target_intercept_range_mod,ability_group,wh2_main_lore_ruin
wh_dlc07_chs_chaos_sorcerer_shadow,wh_dlc07_skill_node_set_chs_sorcerer_shadow,wh3_dlc27_skill_node_chs_chaos_sorcerer_unique_2,wh3_dlc27_skill_chs_chaos_sorcerer_unique_2,3,wh3_main_effect_spell_targeting_range_all,data/skill_trees/characters/warriors_of_chaos/Chaos_Sorcerer_Shadows.csv,382,,ability_group_bindings,data/effect_semantics/source_exports/db/effect_bonus_value_special_ability_group_junctions_tables/data__.tsv,332,target_intercept_range_mod,ability_group,wh2_main_lore_ruin_upgraded
wh_dlc07_chs_chaos_sorcerer_shadow,wh_dlc07_skill_node_set_chs_sorcerer_shadow,wh3_dlc27_skill_node_chs_chaos_sorcerer_unique_2,wh3_dlc27_skill_chs_chaos_sorcerer_unique_2,3,wh3_main_effect_spell_targeting_range_all,data/skill_trees/characters/warriors_of_chaos/Chaos_Sorcerer_Shadows.csv,382,,ability_group_bindings,data/effect_semantics/source_exports/db/effect_bonus_value_special_ability_group_junctions_tables/data__.tsv,333,target_intercept_range_mod,ability_group,wh3_dlc23_lore_hashut
wh_dlc07_chs_chaos_sorcerer_shadow,wh_dlc07_skill_node_set_chs_sorcerer_shadow,wh3_dlc27_skill_node_chs_chaos_sorcerer_unique_2,wh3_dlc27_skill_chs_chaos_sorcerer_unique_2,3,wh3_main_effect_spell_targeting_range_all,data/skill_trees/characters/warriors_of_chaos/Chaos_Sorcerer_Shadows.csv,382,,ability_group_bindings,data/effect_semantics/source_exports/db/effect_bonus_value_special_ability_group_junctions_tables/data__.tsv,334,target_intercept_range_mod,ability_group,wh3_dlc23_lore_hashut_upgraded
wh_dlc07_chs_chaos_sorcerer_shadow,wh_dlc07_skill_node_set_chs_sorcerer_shadow,wh3_dlc27_skill_node_chs_chaos_sorcerer_unique_2,wh3_dlc27_skill_chs_chaos_sorcerer_unique_2,3,wh3_main_effect_spell_targeting_range_all,data/skill_trees/characters/warriors_of_chaos/Chaos_Sorcerer_Shadows.csv,382,,ability_group_bindings,data/effect_semantics/source_exports/db/effect_bonus_value_special_ability_group_junctions_tables/data__.tsv,335,target_intercept_range_mod,ability_group,wh3_dlc24_lore_hag
wh_dlc07_chs_chaos_sorcerer_shadow,wh_dlc07_skill_node_set_chs_sorcerer_shadow,wh3_dlc27_skill_node_chs_chaos_sorcerer_unique_2,wh3_dlc27_skill_chs_chaos_sorcerer_unique_2,3,wh3_main_effect_spell_targeting_range_all,data/skill_trees/characters/warriors_of_chaos/Chaos_Sorcerer_Shadows.csv,382,,ability_group_bindings,data/effect_semantics/source_exports/db/effect_bonus_value_special_ability_group_junctions_tables/data__.tsv,336,target_intercept_range_mod,ability_group,wh3_dlc24_lore_hag_upgraded
wh_dlc07_chs_chaos_sorcerer_shadow,wh_dlc07_skill_node_set_chs_sorcerer_shadow,wh3_dlc27_skill_node_chs_chaos_sorcerer_unique_2,wh3_dlc27_skill_chs_chaos_sorcerer_unique_2,3,wh3_main_effect_spell_targeting_range_all,data/skill_trees/characters/warriors_of_chaos/Chaos_Sorcerer_Shadows.csv,382,,ability_group_bindings,data/effect_semantics/source_exports/db/effect_bonus_value_special_ability_group_junctions_tables/data__.tsv,337,target_intercept_range_mod,ability_group,wh3_dlc27_lore_mists
wh_dlc07_chs_chaos_sorcerer_shadow,wh_dlc07_skill_node_set_chs_sorcerer_shadow,wh3_dlc27_skill_node_chs_chaos_sorcerer_unique_2,wh3_dlc27_skill_chs_chaos_sorcerer_unique_2,3,wh3_main_effect_spell_targeting_range_all,data/skill_trees/characters/warriors_of_chaos/Chaos_Sorcerer_Shadows.csv,382,,ability_group_bindings,data/effect_semantics/source_exports/db/effect_bonus_value_special_ability_group_junctions_tables/data__.tsv,338,target_intercept_range_mod,ability_group,wh3_dlc27_lore_mists_upgraded
wh_dlc07_chs_chaos_sorcerer_shadow,wh_dlc07_skill_node_set_chs_sorcerer_shadow,wh3_dlc27_skill_node_chs_chaos_sorcerer_unique_2,wh3_dlc27_skill_chs_chaos_sorcerer_unique_2,3,wh3_main_effect_spell_targeting_range_all,data/skill_trees/characters/warriors_of_chaos/Chaos_Sorcerer_Shadows.csv,382,,ability_group_bindings,data/effect_semantics/source_exports/db/effect_bonus_value_special_ability_group_junctions_tables/data__.tsv,339,target_intercept_range_mod,ability_group,wh3_main_lore_nurgle
wh_dlc07_chs_chaos_sorcerer_shadow,wh_dlc07_skill_node_set_chs_sorcerer_shadow,wh3_dlc27_skill_node_chs_chaos_sorcerer_unique_2,wh3_dlc27_skill_chs_chaos_sorcerer_unique_2,3,wh3_main_effect_spell_targeting_range_all,data/skill_trees/characters/warriors_of_chaos/Chaos_Sorcerer_Shadows.csv,382,,ability_group_bindings,data/effect_semantics/source_exports/db/effect_bonus_value_special_ability_group_junctions_tables/data__.tsv,340,target_intercept_range_mod,ability_group,wh3_main_lore_nurgle_upgraded
wh_dlc07_chs_chaos_sorcerer_shadow,wh_dlc07_skill_node_set_chs_sorcerer_shadow,wh3_dlc27_skill_node_chs_chaos_sorcerer_unique_2,wh3_dlc27_skill_chs_chaos_sorcerer_unique_2,3,wh3_main_effect_spell_targeting_range_all,data/skill_trees/characters/warriors_of_chaos/Chaos_Sorcerer_Shadows.csv,382,,ability_group_bindings,data/effect_semantics/source_exports/db/effect_bonus_value_special_ability_group_junctions_tables/data__.tsv,341,target_intercept_range_mod,ability_group,wh3_main_lore_of_great_maw
wh_dlc07_chs_chaos_sorcerer_shadow,wh_dlc07_skill_node_set_chs_sorcerer_shadow,wh3_dlc27_skill_node_chs_chaos_sorcerer_unique_2,wh3_dlc27_skill_chs_chaos_sorcerer_unique_2,3,wh3_main_effect_spell_targeting_range_all,data/skill_trees/characters/warriors_of_chaos/Chaos_Sorcerer_Shadows.csv,382,,ability_group_bindings,data/effect_semantics/source_exports/db/effect_bonus_value_special_ability_group_junctions_tables/data__.tsv,342,target_intercept_range_mod,ability_group,wh3_main_lore_of_great_maw_upgraded
wh_dlc07_chs_chaos_sorcerer_shadow,wh_dlc07_skill_node_set_chs_sorcerer_shadow,wh3_dlc27_skill_node_chs_chaos_sorcerer_unique_2,wh3_dlc27_skill_chs_chaos_sorcerer_unique_2,3,wh3_main_effect_spell_targeting_range_all,data/skill_trees/characters/warriors_of_chaos/Chaos_Sorcerer_Shadows.csv,382,,ability_group_bindings,data/effect_semantics/source_exports/db/effect_bonus_value_special_ability_group_junctions_tables/data__.tsv,343,target_intercept_range_mod,ability_group,wh3_main_lore_of_ice
wh_dlc07_chs_chaos_sorcerer_shadow,wh_dlc07_skill_node_set_chs_sorcerer_shadow,wh3_dlc27_skill_node_chs_chaos_sorcerer_unique_2,wh3_dlc27_skill_chs_chaos_sorcerer_unique_2,3,wh3_main_effect_spell_targeting_range_all,data/skill_trees/characters/warriors_of_chaos/Chaos_Sorcerer_Shadows.csv,382,,ability_group_bindings,data/effect_semantics/source_exports/db/effect_bonus_value_special_ability_group_junctions_tables/data__.tsv,344,target_intercept_range_mod,ability_group,wh3_main_lore_of_ice_upgraded
wh_dlc07_chs_chaos_sorcerer_shadow,wh_dlc07_skill_node_set_chs_sorcerer_shadow,wh3_dlc27_skill_node_chs_chaos_sorcerer_unique_2,wh3_dlc27_skill_chs_chaos_sorcerer_unique_2,3,wh3_main_effect_spell_targeting_range_all,data/skill_trees/characters/warriors_of_chaos/Chaos_Sorcerer_Shadows.csv,382,,ability_group_bindings,data/effect_semantics/source_exports/db/effect_bonus_value_special_ability_group_junctions_tables/data__.tsv,345,target_intercept_range_mod,ability_group,wh3_main_lore_of_tempest
wh_dlc07_chs_chaos_sorcerer_shadow,wh_dlc07_skill_node_set_chs_sorcerer_shadow,wh3_dlc27_skill_node_chs_chaos_sorcerer_unique_2,wh3_dlc27_skill_chs_chaos_sorcerer_unique_2,3,wh3_main_effect_spell_targeting_range_all,data/skill_trees/characters/warriors_of_chaos/Chaos_Sorcerer_Shadows.csv,382,,ability_group_bindings,data/effect_semantics/source_exports/db/effect_bonus_value_special_ability_group_junctions_tables/data__.tsv,346,target_intercept_range_mod,ability_group,wh3_main_lore_of_tempest_upgraded
wh_dlc07_chs_chaos_sorcerer_shadow,wh_dlc07_skill_node_set_chs_sorcerer_shadow,wh3_dlc27_skill_node_chs_chaos_sorcerer_unique_2,wh3_dlc27_skill_chs_chaos_sorcerer_unique_2,3,wh3_main_effect_spell_targeting_range_all,data/skill_trees/characters/warriors_of_chaos/Chaos_Sorcerer_Shadows.csv,382,,ability_group_bindings,data/effect_semantics/source_exports/db/effect_bonus_value_special_ability_group_junctions_tables/data__.tsv,347,target_intercept_range_mod,ability_group,wh3_main_lore_of_yang
wh_dlc07_chs_chaos_sorcerer_shadow,wh_dlc07_skill_node_set_chs_sorcerer_shadow,wh3_dlc27_skill_node_chs_chaos_sorcerer_unique_2,wh3_dlc27_skill_chs_chaos_sorcerer_unique_2,3,wh3_main_effect_spell_targeting_range_all,data/skill_trees/characters/warriors_of_chaos/Chaos_Sorcerer_Shadows.csv,382,,ability_group_bindings,data/effect_semantics/source_exports/db/effect_bonus_value_special_ability_group_junctions_tables/data__.tsv,348,target_intercept_range_mod,ability_group,wh3_main_lore_of_yang_upgraded
wh_dlc07_chs_chaos_sorcerer_shadow,wh_dlc07_skill_node_set_chs_sorcerer_shadow,wh3_dlc27_skill_node_chs_chaos_sorcerer_unique_2,wh3_dlc27_skill_chs_chaos_sorcerer_unique_2,3,wh3_main_effect_spell_targeting_range_all,data/skill_trees/characters/warriors_of_chaos/Chaos_Sorcerer_Shadows.csv,382,,ability_group_bindings,data/effect_semantics/source_exports/db/effect_bonus_value_special_ability_group_junctions_tables/data__.tsv,349,target_intercept_range_mod,ability_group,wh3_main_lore_of_yin
wh_dlc07_chs_chaos_sorcerer_shadow,wh_dlc07_skill_node_set_chs_sorcerer_shadow,wh3_dlc27_skill_node_chs_chaos_sorcerer_unique_2,wh3_dlc27_skill_chs_chaos_sorcerer_unique_2,3,wh3_main_effect_spell_targeting_range_all,data/skill_trees/characters/warriors_of_chaos/Chaos_Sorcerer_Shadows.csv,382,,ability_group_bindings,data/effect_semantics/source_exports/db/effect_bonus_value_special_ability_group_junctions_tables/data__.tsv,350,target_intercept_range_mod,ability_group,wh3_main_lore_of_yin_upgraded
wh_dlc07_chs_chaos_sorcerer_shadow,wh_dlc07_skill_node_set_chs_sorcerer_shadow,wh3_dlc27_skill_node_chs_chaos_sorcerer_unique_2,wh3_dlc27_skill_chs_chaos_sorcerer_unique_2,3,wh3_main_effect_spell_targeting_range_all,data/skill_trees/characters/warriors_of_chaos/Chaos_Sorcerer_Shadows.csv,382,,ability_group_bindings,data/effect_semantics/source_exports/db/effect_bonus_value_special_ability_group_junctions_tables/data__.tsv,351,target_intercept_range_mod,ability_group,wh3_main_lore_slaanesh
wh_dlc07_chs_chaos_sorcerer_shadow,wh_dlc07_skill_node_set_chs_sorcerer_shadow,wh3_dlc27_skill_node_chs_chaos_sorcerer_unique_2,wh3_dlc27_skill_chs_chaos_sorcerer_unique_2,3,wh3_main_effect_spell_targeting_range_all,data/skill_trees/characters/warriors_of_chaos/Chaos_Sorcerer_Shadows.csv,382,,ability_group_bindings,data/effect_semantics/source_exports/db/effect_bonus_value_special_ability_group_junctions_tables/data__.tsv,352,target_intercept_range_mod,ability_group,wh3_main_lore_slaanesh_upgraded
wh_dlc07_chs_chaos_sorcerer_shadow,wh_dlc07_skill_node_set_chs_sorcerer_shadow,wh3_dlc27_skill_node_chs_chaos_sorcerer_unique_2,wh3_dlc27_skill_chs_chaos_sorcerer_unique_2,3,wh3_main_effect_spell_targeting_range_all,data/skill_trees/characters/warriors_of_chaos/Chaos_Sorcerer_Shadows.csv,382,,ability_group_bindings,data/effect_semantics/source_exports/db/effect_bonus_value_special_ability_group_junctions_tables/data__.tsv,353,target_intercept_range_mod,ability_group,wh3_main_lore_tzeentch
wh_dlc07_chs_chaos_sorcerer_shadow,wh_dlc07_skill_node_set_chs_sorcerer_shadow,wh3_dlc27_skill_node_chs_chaos_sorcerer_unique_2,wh3_dlc27_skill_chs_chaos_sorcerer_unique_2,3,wh3_main_effect_spell_targeting_range_all,data/skill_trees/characters/warriors_of_chaos/Chaos_Sorcerer_Shadows.csv,382,,ability_group_bindings,data/effect_semantics/source_exports/db/effect_bonus_value_special_ability_group_junctions_tables/data__.tsv,354,target_intercept_range_mod,ability_group,wh3_main_lore_tzeentch_upgraded
wh_dlc07_chs_chaos_sorcerer_shadow,wh_dlc07_skill_node_set_chs_sorcerer_shadow,wh3_dlc27_skill_node_chs_chaos_sorcerer_unique_2,wh3_dlc27_skill_chs_chaos_sorcerer_unique_2,3,wh3_main_effect_spell_targeting_range_all,data/skill_trees/characters/warriors_of_chaos/Chaos_Sorcerer_Shadows.csv,382,,ability_group_bindings,data/effect_semantics/source_exports/db/effect_bonus_value_special_ability_group_junctions_tables/data__.tsv,355,target_intercept_range_mod,ability_group,wh_dlc03_lore_beasts
wh_dlc07_chs_chaos_sorcerer_shadow,wh_dlc07_skill_node_set_chs_sorcerer_shadow,wh3_dlc27_skill_node_chs_chaos_sorcerer_unique_2,wh3_dlc27_skill_chs_chaos_sorcerer_unique_2,3,wh3_main_effect_spell_targeting_range_all,data/skill_trees/characters/warriors_of_chaos/Chaos_Sorcerer_Shadows.csv,382,,ability_group_bindings,data/effect_semantics/source_exports/db/effect_bonus_value_special_ability_group_junctions_tables/data__.tsv,356,target_intercept_range_mod,ability_group,wh_dlc03_lore_beasts_upgraded
wh_dlc07_chs_chaos_sorcerer_shadow,wh_dlc07_skill_node_set_chs_sorcerer_shadow,wh3_dlc27_skill_node_chs_chaos_sorcerer_unique_2,wh3_dlc27_skill_chs_chaos_sorcerer_unique_2,3,wh3_main_effect_spell_targeting_range_all,data/skill_trees/characters/warriors_of_chaos/Chaos_Sorcerer_Shadows.csv,382,,ability_group_bindings,data/effect_semantics/source_exports/db/effect_bonus_value_special_ability_group_junctions_tables/data__.tsv,357,target_intercept_range_mod,ability_group,wh_dlc03_lore_wild
wh_dlc07_chs_chaos_sorcerer_shadow,wh_dlc07_skill_node_set_chs_sorcerer_shadow,wh3_dlc27_skill_node_chs_chaos_sorcerer_unique_2,wh3_dlc27_skill_chs_chaos_sorcerer_unique_2,3,wh3_main_effect_spell_targeting_range_all,data/skill_trees/characters/warriors_of_chaos/Chaos_Sorcerer_Shadows.csv,382,,ability_group_bindings,data/effect_semantics/source_exports/db/effect_bonus_value_special_ability_group_junctions_tables/data__.tsv,358,target_intercept_range_mod,ability_group,wh_dlc03_lore_wild_upgraded
wh_dlc07_chs_chaos_sorcerer_shadow,wh_dlc07_skill_node_set_chs_sorcerer_shadow,wh3_dlc27_skill_node_chs_chaos_sorcerer_unique_2,wh3_dlc27_skill_chs_chaos_sorcerer_unique_2,3,wh3_main_effect_spell_targeting_range_all,data/skill_trees/characters/warriors_of_chaos/Chaos_Sorcerer_Shadows.csv,382,,ability_group_bindings,data/effect_semantics/source_exports/db/effect_bonus_value_special_ability_group_junctions_tables/data__.tsv,359,target_intercept_range_mod,ability_group,wh_dlc05_lore_life
wh_dlc07_chs_chaos_sorcerer_shadow,wh_dlc07_skill_node_set_chs_sorcerer_shadow,wh3_dlc27_skill_node_chs_chaos_sorcerer_unique_2,wh3_dlc27_skill_chs_chaos_sorcerer_unique_2,3,wh3_main_effect_spell_targeting_range_all,data/skill_trees/characters/warriors_of_chaos/Chaos_Sorcerer_Shadows.csv,382,,ability_group_bindings,data/effect_semantics/source_exports/db/effect_bonus_value_special_ability_group_junctions_tables/data__.tsv,360,target_intercept_range_mod,ability_group,wh_dlc05_lore_life_upgraded
wh_dlc07_chs_chaos_sorcerer_shadow,wh_dlc07_skill_node_set_chs_sorcerer_shadow,wh3_dlc27_skill_node_chs_chaos_sorcerer_unique_2,wh3_dlc27_skill_chs_chaos_sorcerer_unique_2,3,wh3_main_effect_spell_targeting_range_all,data/skill_trees/characters/warriors_of_chaos/Chaos_Sorcerer_Shadows.csv,382,,ability_group_bindings,data/effect_semantics/source_exports/db/effect_bonus_value_special_ability_group_junctions_tables/data__.tsv,361,target_intercept_range_mod,ability_group,wh_dlc05_lore_shadows
wh_dlc07_chs_chaos_sorcerer_shadow,wh_dlc07_skill_node_set_chs_sorcerer_shadow,wh3_dlc27_skill_node_chs_chaos_sorcerer_unique_2,wh3_dlc27_skill_chs_chaos_sorcerer_unique_2,3,wh3_main_effect_spell_targeting_range_all,data/skill_trees/characters/warriors_of_chaos/Chaos_Sorcerer_Shadows.csv,382,,ability_group_bindings,data/effect_semantics/source_exports/db/effect_bonus_value_special_ability_group_junctions_tables/data__.tsv,362,target_intercept_range_mod,ability_group,wh_dlc05_lore_shadows_upgraded
wh_dlc07_chs_chaos_sorcerer_shadow,wh_dlc07_skill_node_set_chs_sorcerer_shadow,wh3_dlc27_skill_node_chs_chaos_sorcerer_unique_2,wh3_dlc27_skill_chs_chaos_sorcerer_unique_2,3,wh3_main_effect_spell_targeting_range_all,data/skill_trees/characters/warriors_of_chaos/Chaos_Sorcerer_Shadows.csv,382,,ability_group_bindings,data/effect_semantics/source_exports/db/effect_bonus_value_special_ability_group_junctions_tables/data__.tsv,363,target_intercept_range_mod,ability_group,wh_main_lore_big_waaagh
wh_dlc07_chs_chaos_sorcerer_shadow,wh_dlc07_skill_node_set_chs_sorcerer_shadow,wh3_dlc27_skill_node_chs_chaos_sorcerer_unique_2,wh3_dlc27_skill_chs_chaos_sorcerer_unique_2,3,wh3_main_effect_spell_targeting_range_all,data/skill_trees/characters/warriors_of_chaos/Chaos_Sorcerer_Shadows.csv,382,,ability_group_bindings,data/effect_semantics/source_exports/db/effect_bonus_value_special_ability_group_junctions_tables/data__.tsv,364,target_intercept_range_mod,ability_group,wh_main_lore_big_waaagh_upgraded
wh_dlc07_chs_chaos_sorcerer_shadow,wh_dlc07_skill_node_set_chs_sorcerer_shadow,wh3_dlc27_skill_node_chs_chaos_sorcerer_unique_2,wh3_dlc27_skill_chs_chaos_sorcerer_unique_2,3,wh3_main_effect_spell_targeting_range_all,data/skill_trees/characters/warriors_of_chaos/Chaos_Sorcerer_Shadows.csv,382,,ability_group_bindings,data/effect_semantics/source_exports/db/effect_bonus_value_special_ability_group_junctions_tables/data__.tsv,365,target_intercept_range_mod,ability_group,wh_main_lore_death
wh_dlc07_chs_chaos_sorcerer_shadow,wh_dlc07_skill_node_set_chs_sorcerer_shadow,wh3_dlc27_skill_node_chs_chaos_sorcerer_unique_2,wh3_dlc27_skill_chs_chaos_sorcerer_unique_2,3,wh3_main_effect_spell_targeting_range_all,data/skill_trees/characters/warriors_of_chaos/Chaos_Sorcerer_Shadows.csv,382,,ability_group_bindings,data/effect_semantics/source_exports/db/effect_bonus_value_special_ability_group_junctions_tables/data__.tsv,366,target_intercept_range_mod,ability_group,wh_main_lore_death_upgraded
wh_dlc07_chs_chaos_sorcerer_shadow,wh_dlc07_skill_node_set_chs_sorcerer_shadow,wh3_dlc27_skill_node_chs_chaos_sorcerer_unique_2,wh3_dlc27_skill_chs_chaos_sorcerer_unique_2,3,wh3_main_effect_spell_targeting_range_all,data/skill_trees/characters/warriors_of_chaos/Chaos_Sorcerer_Shadows.csv,382,,ability_group_bindings,data/effect_semantics/source_exports/db/effect_bonus_value_special_ability_group_junctions_tables/data__.tsv,367,target_intercept_range_mod,ability_group,wh_main_lore_fire
wh_dlc07_chs_chaos_sorcerer_shadow,wh_dlc07_skill_node_set_chs_sorcerer_shadow,wh3_dlc27_skill_node_chs_chaos_sorcerer_unique_2,wh3_dlc27_skill_chs_chaos_sorcerer_unique_2,3,wh3_main_effect_spell_targeting_range_all,data/skill_trees/characters/warriors_of_chaos/Chaos_Sorcerer_Shadows.csv,382,,ability_group_bindings,data/effect_semantics/source_exports/db/effect_bonus_value_special_ability_group_junctions_tables/data__.tsv,368,target_intercept_range_mod,ability_group,wh_main_lore_fire_upgraded
wh_dlc07_chs_chaos_sorcerer_shadow,wh_dlc07_skill_node_set_chs_sorcerer_shadow,wh3_dlc27_skill_node_chs_chaos_sorcerer_unique_2,wh3_dlc27_skill_chs_chaos_sorcerer_unique_2,3,wh3_main_effect_spell_targeting_range_all,data/skill_trees/characters/warriors_of_chaos/Chaos_Sorcerer_Shadows.csv,382,,ability_group_bindings,data/effect_semantics/source_exports/db/effect_bonus_value_special_ability_group_junctions_tables/data__.tsv,369,target_intercept_range_mod,ability_group,wh_main_lore_heavens
wh_dlc07_chs_chaos_sorcerer_shadow,wh_dlc07_skill_node_set_chs_sorcerer_shadow,wh3_dlc27_skill_node_chs_chaos_sorcerer_unique_2,wh3_dlc27_skill_chs_chaos_sorcerer_unique_2,3,wh3_main_effect_spell_targeting_range_all,data/skill_trees/characters/warriors_of_chaos/Chaos_Sorcerer_Shadows.csv,382,,ability_group_bindings,data/effect_semantics/source_exports/db/effect_bonus_value_special_ability_group_junctions_tables/data__.tsv,370,target_intercept_range_mod,ability_group,wh_main_lore_heavens_upgraded
wh_dlc07_chs_chaos_sorcerer_shadow,wh_dlc07_skill_node_set_chs_sorcerer_shadow,wh3_dlc27_skill_node_chs_chaos_sorcerer_unique_2,wh3_dlc27_skill_chs_chaos_sorcerer_unique_2,3,wh3_main_effect_spell_targeting_range_all,data/skill_trees/characters/warriors_of_chaos/Chaos_Sorcerer_Shadows.csv,382,,ability_group_bindings,data/effect_semantics/source_exports/db/effect_bonus_value_special_ability_group_junctions_tables/data__.tsv,371,target_intercept_range_mod,ability_group,wh_main_lore_light
wh_dlc07_chs_chaos_sorcerer_shadow,wh_dlc07_skill_node_set_chs_sorcerer_shadow,wh3_dlc27_skill_node_chs_chaos_sorcerer_unique_2,wh3_dlc27_skill_chs_chaos_sorcerer_unique_2,3,wh3_main_effect_spell_targeting_range_all,data/skill_trees/characters/warriors_of_chaos/Chaos_Sorcerer_Shadows.csv,382,,ability_group_bindings,data/effect_semantics/source_exports/db/effect_bonus_value_special_ability_group_junctions_tables/data__.tsv,372,target_intercept_range_mod,ability_group,wh_main_lore_light_upgraded
wh_dlc07_chs_chaos_sorcerer_shadow,wh_dlc07_skill_node_set_chs_sorcerer_shadow,wh3_dlc27_skill_node_chs_chaos_sorcerer_unique_2,wh3_dlc27_skill_chs_chaos_sorcerer_unique_2,3,wh3_main_effect_spell_targeting_range_all,data/skill_trees/characters/warriors_of_chaos/Chaos_Sorcerer_Shadows.csv,382,,ability_group_bindings,data/effect_semantics/source_exports/db/effect_bonus_value_special_ability_group_junctions_tables/data__.tsv,373,target_intercept_range_mod,ability_group,wh_main_lore_lil_waaagh
wh_dlc07_chs_chaos_sorcerer_shadow,wh_dlc07_skill_node_set_chs_sorcerer_shadow,wh3_dlc27_skill_node_chs_chaos_sorcerer_unique_2,wh3_dlc27_skill_chs_chaos_sorcerer_unique_2,3,wh3_main_effect_spell_targeting_range_all,data/skill_trees/characters/warriors_of_chaos/Chaos_Sorcerer_Shadows.csv,382,,ability_group_bindings,data/effect_semantics/source_exports/db/effect_bonus_value_special_ability_group_junctions_tables/data__.tsv,374,target_intercept_range_mod,ability_group,wh_main_lore_lil_waaagh_upgraded
wh_dlc07_chs_chaos_sorcerer_shadow,wh_dlc07_skill_node_set_chs_sorcerer_shadow,wh3_dlc27_skill_node_chs_chaos_sorcerer_unique_2,wh3_dlc27_skill_chs_chaos_sorcerer_unique_2,3,wh3_main_effect_spell_targeting_range_all,data/skill_trees/characters/warriors_of_chaos/Chaos_Sorcerer_Shadows.csv,382,,ability_group_bindings,data/effect_semantics/source_exports/db/effect_bonus_value_special_ability_group_junctions_tables/data__.tsv,375,target_intercept_range_mod,ability_group,wh_main_lore_metal
wh_dlc07_chs_chaos_sorcerer_shadow,wh_dlc07_skill_node_set_chs_sorcerer_shadow,wh3_dlc27_skill_node_chs_chaos_sorcerer_unique_2,wh3_dlc27_skill_chs_chaos_sorcerer_unique_2,3,wh3_main_effect_spell_targeting_range_all,data/skill_trees/characters/warriors_of_chaos/Chaos_Sorcerer_Shadows.csv,382,,ability_group_bindings,data/effect_semantics/source_exports/db/effect_bonus_value_special_ability_group_junctions_tables/data__.tsv,376,target_intercept_range_mod,ability_group,wh_main_lore_metal_upgraded
wh_dlc07_chs_chaos_sorcerer_shadow,wh_dlc07_skill_node_set_chs_sorcerer_shadow,wh3_dlc27_skill_node_chs_chaos_sorcerer_unique_2,wh3_dlc27_skill_chs_chaos_sorcerer_unique_2,3,wh3_main_effect_spell_targeting_range_all,data/skill_trees/characters/warriors_of_chaos/Chaos_Sorcerer_Shadows.csv,382,,ability_group_bindings,data/effect_semantics/source_exports/db/effect_bonus_value_special_ability_group_junctions_tables/data__.tsv,377,target_intercept_range_mod,ability_group,wh_main_lore_vampires
wh_dlc07_chs_chaos_sorcerer_shadow,wh_dlc07_skill_node_set_chs_sorcerer_shadow,wh3_dlc27_skill_node_chs_chaos_sorcerer_unique_2,wh3_dlc27_skill_chs_chaos_sorcerer_unique_2,3,wh3_main_effect_spell_targeting_range_all,data/skill_trees/characters/warriors_of_chaos/Chaos_Sorcerer_Shadows.csv,382,,ability_group_bindings,data/effect_semantics/source_exports/db/effect_bonus_value_special_ability_group_junctions_tables/data__.tsv,378,target_intercept_range_mod,ability_group,wh_main_lore_vampires_upgraded
wh_dlc07_chs_chaos_sorcerer_shadow,wh_dlc07_skill_node_set_chs_sorcerer_shadow,wh_dlc07_skill_node_chs_chaos_sorcerer_shadow_magic1_dummy,wh_dlc05_skill_magic_shadow_mystifying_miasma_dummy,1,wh_dlc05_effect_ability_enable_melkoths_mystifying_miasma,data/skill_trees/characters/warriors_of_chaos/Chaos_Sorcerer_Shadows.csv,398,wh_dlc05_spell_shadow_melkoths_mystifying_miasma,ability_bindings,data/effect_semantics/source_exports/db/effect_bonus_value_unit_ability_junctions_tables/data__.tsv,5171,enable,ability,wh_dlc05_spell_shadow_melkoths_mystifying_miasma
