record_type,game,patch,steam_build_id,race,race_slug,subculture_key,character_name,character_slug,character_class,agent_subtype_key,primary_agent_type,permitted_agent_types,permitted_faction_keys,is_legendary_lord,is_unique_agent,is_recruitable,show_in_ui,auto_generate,is_caster,magic_lore,recruitment_category,node_set_key,node_set_name,node_set_index,node_set_agent_key,node_set_for_army,node_set_for_navy,node_set_faction_key,node_set_campaign_key,node_set_subculture_key,node_key,skill_key,skill_name,skill_description,skill_icon_path,node_tier,node_indent,points_on_creation,required_num_parents,visible_in_ui,skill_unlocked_at_rank,skill_max_level,skill_level,level_name,level_description,level_unlocked_at_rank,level_image_path,level_campaign_key,level_faction_key,level_subculture_key,effect_key,effect_description,effect_additional_tooltip,effect_scope,effect_value,effect_category,effect_priority,effect_is_positive_value_good,effect_icon,effect_icon_negative,parent_node_key,parent_skill_key,parent_skill_name,child_node_key,child_skill_key,child_skill_name,link_type,initial_descent_tiers,parent_link_position,child_link_position,parent_link_position_offset,child_link_position_offset,locked_skill_key,locked_skill_name,locked_skill_level,ancillary_key,ancillary_name,ancillary_type,ancillary_category,dilemma_key,dilemma_title,dilemma_random_selection,source_table,source_key
character,warhammer_3,9.0,25507028,Undead Legions,undead_legions,wh3_dlc29_sc_nag_undead_legions,Nagash,Nagash,legendary_lord,wh3_dlc29_nag_nagash,general,general,wh3_dlc29_nag_host_of_nagash|wh3_dlc29_nag_host_of_nagash_qb1,true,false,true,true,false,true,wh3_dlc29_lore_undeath,legendary_lords,,,,,,,,,,,,,,,,,,,,,,,,,,,,,,,,,,,,,,,,,,,,,,,,,,,,,,,,,,,,,,agent_subtypes_tables,wh3_dlc29_nag_nagash
node_set,warhammer_3,9.0,25507028,Undead Legions,undead_legions,wh3_dlc29_sc_nag_undead_legions,Nagash,Nagash,legendary_lord,wh3_dlc29_nag_nagash,general,general,wh3_dlc29_nag_host_of_nagash|wh3_dlc29_nag_host_of_nagash_qb1,true,false,true,true,false,true,wh3_dlc29_lore_undeath,legendary_lords,wh3_dlc29_skill_node_set_nag_nagash,,1,general,false,false,,,,,,,,,,,,,,,,,,,,,,,,,,,,,,,,,,,,,,,,,,,,,,,,,,,,,,,,character_skill_node_sets_tables,wh3_dlc29_skill_node_set_nag_nagash
node,warhammer_3,9.0,25507028,Undead Legions,undead_legions,wh3_dlc29_sc_nag_undead_legions,Nagash,Nagash,legendary_lord,wh3_dlc29_nag_nagash,general,general,wh3_dlc29_nag_host_of_nagash|wh3_dlc29_nag_host_of_nagash_qb1,true,false,true,true,false,true,wh3_dlc29_lore_undeath,legendary_lords,wh3_dlc29_skill_node_set_nag_nagash,,1,general,false,false,,,,wh3_dlc29_skill_node_nag_nagash_unique_0_01,wh_main_skill_vmp_lord_battle_aura_of_dark_majesty,Aura of Dark Majesty,This Lord of Undeath projects an aura of dominion that can wilt the most iron-willed mortals.,character_general_ability.png,0,0,0,0,true,0,1,,,,,,,,,,,,,,,,,,,,,,,,,,,,,,,,,,,,,,,,,character_skill_nodes_tables,wh3_dlc29_skill_node_nag_nagash_unique_0_01
effect,warhammer_3,9.0,25507028,Undead Legions,undead_legions,wh3_dlc29_sc_nag_undead_legions,Nagash,Nagash,legendary_lord,wh3_dlc29_nag_nagash,general,general,wh3_dlc29_nag_host_of_nagash|wh3_dlc29_nag_host_of_nagash_qb1,true,false,true,true,false,true,wh3_dlc29_lore_undeath,legendary_lords,wh3_dlc29_skill_node_set_nag_nagash,,1,general,false,false,,,,wh3_dlc29_skill_node_nag_nagash_unique_0_01,wh_main_skill_vmp_lord_battle_aura_of_dark_majesty,Aura of Dark Majesty,This Lord of Undeath projects an aura of dominion that can wilt the most iron-willed mortals.,character_general_ability.png,0,0,0,0,true,0,1,1,Aura of Dark Majesty,This Lord of Undeath projects an aura of dominion that can wilt the most iron-willed mortals.,,,,,,wh_main_effect_character_stat_leadership_aura_size,Leadership aura size: %+n%,Aura. Any unit standing within this character's aura in battle will receive a [[img:icon_morale]][[/img]]leadership bonus.,character_to_character_own,25,battle,260,true,general_ability.png,general_ability.png,,,,,,,,,,,,,,,,,,,,,,,character_skill_level_to_effects_junctions_tables,wh_main_skill_vmp_lord_battle_aura_of_dark_majesty|wh_main_effect_character_stat_leadership_aura_size|1|character_to_character_own
node,warhammer_3,9.0,25507028,Undead Legions,undead_legions,wh3_dlc29_sc_nag_undead_legions,Nagash,Nagash,legendary_lord,wh3_dlc29_nag_nagash,general,general,wh3_dlc29_nag_host_of_nagash|wh3_dlc29_nag_host_of_nagash_qb1,true,false,true,true,false,true,wh3_dlc29_lore_undeath,legendary_lords,wh3_dlc29_skill_node_set_nag_nagash,,1,general,false,false,,,,wh3_dlc29_skill_node_nag_nagash_unique_1_01,wh3_dlc29_skill_nag_nagash_unique_wizard_02,Arch-master of Shyish,The greatest ritualist of all can put the strands of the Purple Wind to uses unthinkable to others.,character_magic.png,0,1,0,0,true,0,1,,,,,,,,,,,,,,,,,,,,,,,,,,,,,,,,,,,,,,,,,character_skill_nodes_tables,wh3_dlc29_skill_node_nag_nagash_unique_1_01
skill_level,warhammer_3,9.0,25507028,Undead Legions,undead_legions,wh3_dlc29_sc_nag_undead_legions,Nagash,Nagash,legendary_lord,wh3_dlc29_nag_nagash,general,general,wh3_dlc29_nag_host_of_nagash|wh3_dlc29_nag_host_of_nagash_qb1,true,false,true,true,false,true,wh3_dlc29_lore_undeath,legendary_lords,wh3_dlc29_skill_node_set_nag_nagash,,1,general,false,false,,,,wh3_dlc29_skill_node_nag_nagash_unique_1_01,wh3_dlc29_skill_nag_nagash_unique_wizard_02,Arch-master of Shyish,The greatest ritualist of all can put the strands of the Purple Wind to uses unthinkable to others.,character_magic.png,0,1,0,0,true,0,1,1,Arch-master of Shyish,The greatest ritualist of all can put the strands of the Purple Wind to uses unthinkable to others.,11,x,,,,,,,,,,,,,,,,,,,,,,,,,,,,,,,,,,,,character_skill_level_details_tables,wh3_dlc29_skill_nag_nagash_unique_wizard_02|1|||
effect,warhammer_3,9.0,25507028,Undead Legions,undead_legions,wh3_dlc29_sc_nag_undead_legions,Nagash,Nagash,legendary_lord,wh3_dlc29_nag_nagash,general,general,wh3_dlc29_nag_host_of_nagash|wh3_dlc29_nag_host_of_nagash_qb1,true,false,true,true,false,true,wh3_dlc29_lore_undeath,legendary_lords,wh3_dlc29_skill_node_set_nag_nagash,,1,general,false,false,,,,wh3_dlc29_skill_node_nag_nagash_unique_1_01,wh3_dlc29_skill_nag_nagash_unique_wizard_02,Arch-master of Shyish,The greatest ritualist of all can put the strands of the Purple Wind to uses unthinkable to others.,character_magic.png,0,1,0,0,true,0,1,1,Arch-master of Shyish,The greatest ritualist of all can put the strands of the Purple Wind to uses unthinkable to others.,,,,,,wh3_dlc29_effect_ability_disable_undeath_to_all,"Replaces: ""{{tr:unit_abilities_onscreen_name_wh3_dlc29_lord_abilities_raise_legion}}""",,character_to_character_own,1,both,306,true,general_ability.png,general_ability.png,,,,,,,,,,,,,,,,,,,,,,,character_skill_level_to_effects_junctions_tables,wh3_dlc29_skill_nag_nagash_unique_wizard_02|wh3_dlc29_effect_ability_disable_undeath_to_all|1|character_to_character_own
effect,warhammer_3,9.0,25507028,Undead Legions,undead_legions,wh3_dlc29_sc_nag_undead_legions,Nagash,Nagash,legendary_lord,wh3_dlc29_nag_nagash,general,general,wh3_dlc29_nag_host_of_nagash|wh3_dlc29_nag_host_of_nagash_qb1,true,false,true,true,false,true,wh3_dlc29_lore_undeath,legendary_lords,wh3_dlc29_skill_node_set_nag_nagash,,1,general,false,false,,,,wh3_dlc29_skill_node_nag_nagash_unique_1_01,wh3_dlc29_skill_nag_nagash_unique_wizard_02,Arch-master of Shyish,The greatest ritualist of all can put the strands of the Purple Wind to uses unthinkable to others.,character_magic.png,0,1,0,0,true,0,1,1,Arch-master of Shyish,The greatest ritualist of all can put the strands of the Purple Wind to uses unthinkable to others.,,,,,,wh3_dlc29_effect_ability_upgrade_raise_legion,"Ability: ""{{tr:unit_abilities_onscreen_name_wh3_dlc29_lord_abilities_raise_legion_upgraded}}""",,character_to_character_own,1,both,305,true,general_ability.png,general_ability.png,,,,,,,,,,,,,,,,,,,,,,,character_skill_level_to_effects_junctions_tables,wh3_dlc29_skill_nag_nagash_unique_wizard_02|wh3_dlc29_effect_ability_upgrade_raise_legion|1|character_to_character_own
effect,warhammer_3,9.0,25507028,Undead Legions,undead_legions,wh3_dlc29_sc_nag_undead_legions,Nagash,Nagash,legendary_lord,wh3_dlc29_nag_nagash,general,general,wh3_dlc29_nag_host_of_nagash|wh3_dlc29_nag_host_of_nagash_qb1,true,false,true,true,false,true,wh3_dlc29_lore_undeath,legendary_lords,wh3_dlc29_skill_node_set_nag_nagash,,1,general,false,false,,,,wh3_dlc29_skill_node_nag_nagash_unique_1_01,wh3_dlc29_skill_nag_nagash_unique_wizard_02,Arch-master of Shyish,The greatest ritualist of all can put the strands of the Purple Wind to uses unthinkable to others.,character_magic.png,0,1,0,0,true,0,1,1,Arch-master of Shyish,The greatest ritualist of all can put the strands of the Purple Wind to uses unthinkable to others.,,,,,,wh3_main_effect_spell_mastery,Spell intensity: %+n%,"Spell Intensity. Any type of spell damage, and positive or negative bonus will be modified by the given percentage amount.",character_to_character_own,10,battle,2,true,wizard.png,wizard.png,,,,,,,,,,,,,,,,,,,,,,,character_skill_level_to_effects_junctions_tables,wh3_dlc29_skill_nag_nagash_unique_wizard_02|wh3_main_effect_spell_mastery|1|character_to_character_own
effect,warhammer_3,9.0,25507028,Undead Legions,undead_legions,wh3_dlc29_sc_nag_undead_legions,Nagash,Nagash,legendary_lord,wh3_dlc29_nag_nagash,general,general,wh3_dlc29_nag_host_of_nagash|wh3_dlc29_nag_host_of_nagash_qb1,true,false,true,true,false,true,wh3_dlc29_lore_undeath,legendary_lords,wh3_dlc29_skill_node_set_nag_nagash,,1,general,false,false,,,,wh3_dlc29_skill_node_nag_nagash_unique_1_01,wh3_dlc29_skill_nag_nagash_unique_wizard_02,Arch-master of Shyish,The greatest ritualist of all can put the strands of the Purple Wind to uses unthinkable to others.,character_magic.png,0,1,0,0,true,0,1,1,Arch-master of Shyish,The greatest ritualist of all can put the strands of the Purple Wind to uses unthinkable to others.,,,,,,wh3_main_effect_winds_of_magic_character,Winds of Magic power reserve: %+n per turn,,character_to_force_own_unseen,5,campaign,4,true,magic_campaign.png,magic_campaign.png,,,,,,,,,,,,,,,,,,,,,,,character_skill_level_to_effects_junctions_tables,wh3_dlc29_skill_nag_nagash_unique_wizard_02|wh3_main_effect_winds_of_magic_character|1|character_to_force_own_unseen
node,warhammer_3,9.0,25507028,Undead Legions,undead_legions,wh3_dlc29_sc_nag_undead_legions,Nagash,Nagash,legendary_lord,wh3_dlc29_nag_nagash,general,general,wh3_dlc29_nag_host_of_nagash|wh3_dlc29_nag_host_of_nagash_qb1,true,false,true,true,false,true,wh3_dlc29_lore_undeath,legendary_lords,wh3_dlc29_skill_node_set_nag_nagash,,1,general,false,false,,,,wh3_dlc29_skill_nag_nagash_personal_0,wh3_dlc29_skill_nag_self_survivalist,{{tr:character_skills_localised_name_wh_main_skill_all_spy_self_survivalist_2}},{{tr:character_skills_localised_description_wh_main_skill_all_spy_self_survivalist}},character_health.png,0,2,0,0,true,0,1,,,,,,,,,,,,,,,,,,,,,,,,,,,,,,,,,,,,,,,,,character_skill_nodes_tables,wh3_dlc29_skill_nag_nagash_personal_0
effect,warhammer_3,9.0,25507028,Undead Legions,undead_legions,wh3_dlc29_sc_nag_undead_legions,Nagash,Nagash,legendary_lord,wh3_dlc29_nag_nagash,general,general,wh3_dlc29_nag_host_of_nagash|wh3_dlc29_nag_host_of_nagash_qb1,true,false,true,true,false,true,wh3_dlc29_lore_undeath,legendary_lords,wh3_dlc29_skill_node_set_nag_nagash,,1,general,false,false,,,,wh3_dlc29_skill_nag_nagash_personal_0,wh3_dlc29_skill_nag_self_survivalist,{{tr:character_skills_localised_name_wh_main_skill_all_spy_self_survivalist_2}},{{tr:character_skills_localised_description_wh_main_skill_all_spy_self_survivalist}},character_health.png,0,2,0,0,true,0,1,1,{{tr:character_skills_localised_name_wh_main_skill_all_spy_self_survivalist_2}},{{tr:character_skills_localised_description_wh_main_skill_all_spy_self_survivalist}},,,,,,wh_main_effect_character_stat_unit_health,Hit points: %+n%,,character_to_character_own,10,both,90,true,health_character.png,health_character.png,,,,,,,,,,,,,,,,,,,,,,,character_skill_level_to_effects_junctions_tables,wh3_dlc29_skill_nag_self_survivalist|wh_main_effect_character_stat_unit_health|1|character_to_character_own
node,warhammer_3,9.0,25507028,Undead Legions,undead_legions,wh3_dlc29_sc_nag_undead_legions,Nagash,Nagash,legendary_lord,wh3_dlc29_nag_nagash,general,general,wh3_dlc29_nag_host_of_nagash|wh3_dlc29_nag_host_of_nagash_qb1,true,false,true,true,false,true,wh3_dlc29_lore_undeath,legendary_lords,wh3_dlc29_skill_node_set_nag_nagash,,1,general,false,false,,,,wh3_dlc29_skill_node_nag_nagash_magic1_01,wh3_dlc29_skill_nag_magic_undeath_01_morkharn_breath_of_darkness,{{tr:unit_abilities_onscreen_name_wh3_dlc29_spell_undeath_morkharn_breath_of_darkness}},,wh3_dlc29_spell_undeath_morkharn_breath_of_darkness.png,0,3,0,0,true,0,2,,,,,,,,,,,,,,,,,,,,,,,,,,,,,,,,,,,,,,,,,character_skill_nodes_tables,wh3_dlc29_skill_node_nag_nagash_magic1_01
effect,warhammer_3,9.0,25507028,Undead Legions,undead_legions,wh3_dlc29_sc_nag_undead_legions,Nagash,Nagash,legendary_lord,wh3_dlc29_nag_nagash,general,general,wh3_dlc29_nag_host_of_nagash|wh3_dlc29_nag_host_of_nagash_qb1,true,false,true,true,false,true,wh3_dlc29_lore_undeath,legendary_lords,wh3_dlc29_skill_node_set_nag_nagash,,1,general,false,false,,,,wh3_dlc29_skill_node_nag_nagash_magic1_01,wh3_dlc29_skill_nag_magic_undeath_01_morkharn_breath_of_darkness,{{tr:unit_abilities_onscreen_name_wh3_dlc29_spell_undeath_morkharn_breath_of_darkness}},,wh3_dlc29_spell_undeath_morkharn_breath_of_darkness.png,0,3,0,0,true,0,2,1,{{tr:unit_abilities_onscreen_name_wh3_dlc29_spell_undeath_morkharn_breath_of_darkness}},,,,,,,wh3_dlc29_effect_ability_cooldown_breath_of_darkness,"Cooldown: %+n% to ""{{tr:unit_abilities_onscreen_name_wh3_dlc29_spell_undeath_morkharn_breath_of_darkness}}""",,character_to_character_own,-30,both,293,false,magic_cooldown.png,magic_cooldown.png,,,,,,,,,,,,,,,,,,,,,,,character_skill_level_to_effects_junctions_tables,wh3_dlc29_skill_nag_magic_undeath_01_morkharn_breath_of_darkness|wh3_dlc29_effect_ability_cooldown_breath_of_darkness|1|character_to_character_own
effect,warhammer_3,9.0,25507028,Undead Legions,undead_legions,wh3_dlc29_sc_nag_undead_legions,Nagash,Nagash,legendary_lord,wh3_dlc29_nag_nagash,general,general,wh3_dlc29_nag_host_of_nagash|wh3_dlc29_nag_host_of_nagash_qb1,true,false,true,true,false,true,wh3_dlc29_lore_undeath,legendary_lords,wh3_dlc29_skill_node_set_nag_nagash,,1,general,false,false,,,,wh3_dlc29_skill_node_nag_nagash_magic1_01,wh3_dlc29_skill_nag_magic_undeath_01_morkharn_breath_of_darkness,{{tr:unit_abilities_onscreen_name_wh3_dlc29_spell_undeath_morkharn_breath_of_darkness}},,wh3_dlc29_spell_undeath_morkharn_breath_of_darkness.png,0,3,0,0,true,0,2,1,{{tr:unit_abilities_onscreen_name_wh3_dlc29_spell_undeath_morkharn_breath_of_darkness}},,,,,,,wh3_dlc29_effect_ability_enable_morkharn_breath_of_darkness_upgraded,"Overcast spell: ""{{tr:unit_abilities_onscreen_name_wh3_dlc29_spell_undeath_morkharn_breath_of_darkness}}""",,character_to_character_own,1,battle,291,true,magic_character.png,magic_character.png,,,,,,,,,,,,,,,,,,,,,,,character_skill_level_to_effects_junctions_tables,wh3_dlc29_skill_nag_magic_undeath_01_morkharn_breath_of_darkness|wh3_dlc29_effect_ability_enable_morkharn_breath_of_darkness_upgraded|1|character_to_character_own
effect,warhammer_3,9.0,25507028,Undead Legions,undead_legions,wh3_dlc29_sc_nag_undead_legions,Nagash,Nagash,legendary_lord,wh3_dlc29_nag_nagash,general,general,wh3_dlc29_nag_host_of_nagash|wh3_dlc29_nag_host_of_nagash_qb1,true,false,true,true,false,true,wh3_dlc29_lore_undeath,legendary_lords,wh3_dlc29_skill_node_set_nag_nagash,,1,general,false,false,,,,wh3_dlc29_skill_node_nag_nagash_magic1_01,wh3_dlc29_skill_nag_magic_undeath_01_morkharn_breath_of_darkness,{{tr:unit_abilities_onscreen_name_wh3_dlc29_spell_undeath_morkharn_breath_of_darkness}},,wh3_dlc29_spell_undeath_morkharn_breath_of_darkness.png,0,3,0,0,true,0,2,2,{{tr:unit_abilities_onscreen_name_wh3_dlc29_spell_undeath_morkharn_breath_of_darkness}},,,,,,,wh3_dlc29_effect_ability_cooldown_breath_of_darkness,"Cooldown: %+n% to ""{{tr:unit_abilities_onscreen_name_wh3_dlc29_spell_undeath_morkharn_breath_of_darkness}}""",,character_to_character_own,-50,both,293,false,magic_cooldown.png,magic_cooldown.png,,,,,,,,,,,,,,,,,,,,,,,character_skill_level_to_effects_junctions_tables,wh3_dlc29_skill_nag_magic_undeath_01_morkharn_breath_of_darkness|wh3_dlc29_effect_ability_cooldown_breath_of_darkness|2|character_to_character_own
effect,warhammer_3,9.0,25507028,Undead Legions,undead_legions,wh3_dlc29_sc_nag_undead_legions,Nagash,Nagash,legendary_lord,wh3_dlc29_nag_nagash,general,general,wh3_dlc29_nag_host_of_nagash|wh3_dlc29_nag_host_of_nagash_qb1,true,false,true,true,false,true,wh3_dlc29_lore_undeath,legendary_lords,wh3_dlc29_skill_node_set_nag_nagash,,1,general,false,false,,,,wh3_dlc29_skill_node_nag_nagash_magic1_01,wh3_dlc29_skill_nag_magic_undeath_01_morkharn_breath_of_darkness,{{tr:unit_abilities_onscreen_name_wh3_dlc29_spell_undeath_morkharn_breath_of_darkness}},,wh3_dlc29_spell_undeath_morkharn_breath_of_darkness.png,0,3,0,0,true,0,2,2,{{tr:unit_abilities_onscreen_name_wh3_dlc29_spell_undeath_morkharn_breath_of_darkness}},,,,,,,wh3_dlc29_effect_ability_enable_morkharn_breath_of_darkness_upgraded,"Overcast spell: ""{{tr:unit_abilities_onscreen_name_wh3_dlc29_spell_undeath_morkharn_breath_of_darkness}}""",,character_to_character_own,1,battle,291,true,magic_character.png,magic_character.png,,,,,,,,,,,,,,,,,,,,,,,character_skill_level_to_effects_junctions_tables,wh3_dlc29_skill_nag_magic_undeath_01_morkharn_breath_of_darkness|wh3_dlc29_effect_ability_enable_morkharn_breath_of_darkness_upgraded|2|character_to_character_own
effect,warhammer_3,9.0,25507028,Undead Legions,undead_legions,wh3_dlc29_sc_nag_undead_legions,Nagash,Nagash,legendary_lord,wh3_dlc29_nag_nagash,general,general,wh3_dlc29_nag_host_of_nagash|wh3_dlc29_nag_host_of_nagash_qb1,true,false,true,true,false,true,wh3_dlc29_lore_undeath,legendary_lords,wh3_dlc29_skill_node_set_nag_nagash,,1,general,false,false,,,,wh3_dlc29_skill_node_nag_nagash_magic1_01,wh3_dlc29_skill_nag_magic_undeath_01_morkharn_breath_of_darkness,{{tr:unit_abilities_onscreen_name_wh3_dlc29_spell_undeath_morkharn_breath_of_darkness}},,wh3_dlc29_spell_undeath_morkharn_breath_of_darkness.png,0,3,0,0,true,0,2,2,{{tr:unit_abilities_onscreen_name_wh3_dlc29_spell_undeath_morkharn_breath_of_darkness}},,,,,,,wh3_dlc29_effect_ability_miscast_breath_of_darkness_upgraded,"Miscast base chance: %+n% for ""{{tr:unit_abilities_onscreen_name_wh3_dlc29_spell_undeath_morkharn_breath_of_darkness}} Upgraded""",,character_to_character_own,-15,both,298,false,magic.png,magic.png,,,,,,,,,,,,,,,,,,,,,,,character_skill_level_to_effects_junctions_tables,wh3_dlc29_skill_nag_magic_undeath_01_morkharn_breath_of_darkness|wh3_dlc29_effect_ability_miscast_breath_of_darkness_upgraded|2|character_to_character_own
effect,warhammer_3,9.0,25507028,Undead Legions,undead_legions,wh3_dlc29_sc_nag_undead_legions,Nagash,Nagash,legendary_lord,wh3_dlc29_nag_nagash,general,general,wh3_dlc29_nag_host_of_nagash|wh3_dlc29_nag_host_of_nagash_qb1,true,false,true,true,false,true,wh3_dlc29_lore_undeath,legendary_lords,wh3_dlc29_skill_node_set_nag_nagash,,1,general,false,false,,,,wh3_dlc29_skill_node_nag_nagash_magic1_01,wh3_dlc29_skill_nag_magic_undeath_01_morkharn_breath_of_darkness,{{tr:unit_abilities_onscreen_name_wh3_dlc29_spell_undeath_morkharn_breath_of_darkness}},,wh3_dlc29_spell_undeath_morkharn_breath_of_darkness.png,0,3,0,0,true,0,2,2,{{tr:unit_abilities_onscreen_name_wh3_dlc29_spell_undeath_morkharn_breath_of_darkness}},,,,,,,wh3_dlc29_effect_ability_wom_cost_breath_of_darkness,"Winds of Magic cost: %n for ""{{tr:unit_abilities_onscreen_name_wh3_dlc29_spell_undeath_morkharn_breath_of_darkness}}""",,character_to_character_own,-2,both,294,false,magic_character.png,magic_character.png,,,,,,,,,,,,,,,,,,,,,,,character_skill_level_to_effects_junctions_tables,wh3_dlc29_skill_nag_magic_undeath_01_morkharn_breath_of_darkness|wh3_dlc29_effect_ability_wom_cost_breath_of_darkness|2|character_to_character_own
effect,warhammer_3,9.0,25507028,Undead Legions,undead_legions,wh3_dlc29_sc_nag_undead_legions,Nagash,Nagash,legendary_lord,wh3_dlc29_nag_nagash,general,general,wh3_dlc29_nag_host_of_nagash|wh3_dlc29_nag_host_of_nagash_qb1,true,false,true,true,false,true,wh3_dlc29_lore_undeath,legendary_lords,wh3_dlc29_skill_node_set_nag_nagash,,1,general,false,false,,,,wh3_dlc29_skill_node_nag_nagash_magic1_01,wh3_dlc29_skill_nag_magic_undeath_01_morkharn_breath_of_darkness,{{tr:unit_abilities_onscreen_name_wh3_dlc29_spell_undeath_morkharn_breath_of_darkness}},,wh3_dlc29_spell_undeath_morkharn_breath_of_darkness.png,0,3,0,0,true,0,2,2,{{tr:unit_abilities_onscreen_name_wh3_dlc29_spell_undeath_morkharn_breath_of_darkness}},,,,,,,wh3_dlc29_effect_ability_wom_cost_breath_of_darkness_upgraded,"Winds of Magic cost: %n for ""{{tr:unit_abilities_onscreen_name_wh3_dlc29_spell_undeath_morkharn_breath_of_darkness}} Upgraded""",,character_to_character_own,-3,both,294,false,magic_character.png,magic_character.png,,,,,,,,,,,,,,,,,,,,,,,character_skill_level_to_effects_junctions_tables,wh3_dlc29_skill_nag_magic_undeath_01_morkharn_breath_of_darkness|wh3_dlc29_effect_ability_wom_cost_breath_of_darkness_upgraded|2|character_to_character_own
node,warhammer_3,9.0,25507028,Undead Legions,undead_legions,wh3_dlc29_sc_nag_undead_legions,Nagash,Nagash,legendary_lord,wh3_dlc29_nag_nagash,general,general,wh3_dlc29_nag_host_of_nagash|wh3_dlc29_nag_host_of_nagash_qb1,true,false,true,true,false,true,wh3_dlc29_lore_undeath,legendary_lords,wh3_dlc29_skill_node_set_nag_nagash,,1,general,false,false,,,,wh3_dlc29_skill_node_nag_nagash_battle_01,wh_main_skill_vmp_lord_battle_aura_of_supremacy,Aura of Supremacy,"""I am mighty, none dare challenge me!""",battle_morale.png,0,4,0,0,true,0,1,,,,,,,,,,,,,,,,,,,,,,,,,,,,,,,,,,,,,,,,,character_skill_nodes_tables,wh3_dlc29_skill_node_nag_nagash_battle_01
effect,warhammer_3,9.0,25507028,Undead Legions,undead_legions,wh3_dlc29_sc_nag_undead_legions,Nagash,Nagash,legendary_lord,wh3_dlc29_nag_nagash,general,general,wh3_dlc29_nag_host_of_nagash|wh3_dlc29_nag_host_of_nagash_qb1,true,false,true,true,false,true,wh3_dlc29_lore_undeath,legendary_lords,wh3_dlc29_skill_node_set_nag_nagash,,1,general,false,false,,,,wh3_dlc29_skill_node_nag_nagash_battle_01,wh_main_skill_vmp_lord_battle_aura_of_supremacy,Aura of Supremacy,"""I am mighty, none dare challenge me!""",battle_morale.png,0,4,0,0,true,0,1,1,Aura of Supremacy,"""I am mighty, none dare challenge me!""",,,,,,wh_main_effect_character_stat_aura_leadership_effect,Character's aura leadership effect: %+n,Aura. Any unit standing within this character's aura in battle will receive a [[img:icon_morale]][[/img]]leadership bonus.,character_to_character_own,5,battle,260,true,morale_character.png,morale_character.png,,,,,,,,,,,,,,,,,,,,,,,character_skill_level_to_effects_junctions_tables,wh_main_skill_vmp_lord_battle_aura_of_supremacy|wh_main_effect_character_stat_aura_leadership_effect|1|character_to_character_own
effect,warhammer_3,9.0,25507028,Undead Legions,undead_legions,wh3_dlc29_sc_nag_undead_legions,Nagash,Nagash,legendary_lord,wh3_dlc29_nag_nagash,general,general,wh3_dlc29_nag_host_of_nagash|wh3_dlc29_nag_host_of_nagash_qb1,true,false,true,true,false,true,wh3_dlc29_lore_undeath,legendary_lords,wh3_dlc29_skill_node_set_nag_nagash,,1,general,false,false,,,,wh3_dlc29_skill_node_nag_nagash_battle_01,wh_main_skill_vmp_lord_battle_aura_of_supremacy,Aura of Supremacy,"""I am mighty, none dare challenge me!""",battle_morale.png,0,4,0,0,true,0,1,1,Aura of Supremacy,"""I am mighty, none dare challenge me!""",,,,,,wh_main_effect_force_stat_leadership_enemy_unit,Enemy leadership: %+n,,character_to_force_enemy_provincewide,-4,battle,411,false,morale.png,morale.png,,,,,,,,,,,,,,,,,,,,,,,character_skill_level_to_effects_junctions_tables,wh_main_skill_vmp_lord_battle_aura_of_supremacy|wh_main_effect_force_stat_leadership_enemy_unit|1|character_to_force_enemy_provincewide
node,warhammer_3,9.0,25507028,Undead Legions,undead_legions,wh3_dlc29_sc_nag_undead_legions,Nagash,Nagash,legendary_lord,wh3_dlc29_nag_nagash,general,general,wh3_dlc29_nag_host_of_nagash|wh3_dlc29_nag_host_of_nagash_qb1,true,false,true,true,false,true,wh3_dlc29_lore_undeath,legendary_lords,wh3_dlc29_skill_node_set_nag_nagash,,1,general,false,false,,,,wh3_dlc29_skill_node_nag_nagash_campaign_01,wh_main_skill_vmp_lord_campaign_the_restless_dead,The Restless Dead,"A Lord of Necromancy's minions do not suffer exhaustion, they can walk for leagues and never suffer.",campaign_movement.png,0,5,0,0,true,0,1,,,,,,,,,,,,,,,,,,,,,,,,,,,,,,,,,,,,,,,,,character_skill_nodes_tables,wh3_dlc29_skill_node_nag_nagash_campaign_01
effect,warhammer_3,9.0,25507028,Undead Legions,undead_legions,wh3_dlc29_sc_nag_undead_legions,Nagash,Nagash,legendary_lord,wh3_dlc29_nag_nagash,general,general,wh3_dlc29_nag_host_of_nagash|wh3_dlc29_nag_host_of_nagash_qb1,true,false,true,true,false,true,wh3_dlc29_lore_undeath,legendary_lords,wh3_dlc29_skill_node_set_nag_nagash,,1,general,false,false,,,,wh3_dlc29_skill_node_nag_nagash_campaign_01,wh_main_skill_vmp_lord_campaign_the_restless_dead,The Restless Dead,"A Lord of Necromancy's minions do not suffer exhaustion, they can walk for leagues and never suffer.",campaign_movement.png,0,5,0,0,true,0,1,1,The Restless Dead,"A Lord of Necromancy's minions do not suffer exhaustion, they can walk for leagues and never suffer.",,,,,,wh_main_effect_agent_movement_range_mod,Campaign movement range: %+n%,{{tr:campaign_movement_range_additional_tooltip}},character_to_character_own,5,campaign,100,true,campaign_movement.png,campaign_movement.png,,,,,,,,,,,,,,,,,,,,,,,character_skill_level_to_effects_junctions_tables,wh_main_skill_vmp_lord_campaign_the_restless_dead|wh_main_effect_agent_movement_range_mod|1|character_to_character_own
node,warhammer_3,9.0,25507028,Undead Legions,undead_legions,wh3_dlc29_sc_nag_undead_legions,Nagash,Nagash,legendary_lord,wh3_dlc29_nag_nagash,general,general,wh3_dlc29_nag_host_of_nagash|wh3_dlc29_nag_host_of_nagash_qb1,true,false,true,true,false,true,wh3_dlc29_lore_undeath,legendary_lords,wh3_dlc29_skill_node_set_nag_nagash,,1,general,false,false,,,,wh3_dlc29_skill_innate_nag_nagash,wh3_dlc29_skill_innate_nag_nagash,Inevitable,"Nagash does not deal in uncertainties. His armies are tireless and inexhaustible. What falls will rise, again and again, until the end.",trait_nagash.png,0,7,1,0,false,0,1,,,,,,,,,,,,,,,,,,,,,,,,,,,,,,,,,,,,,,,,,character_skill_nodes_tables,wh3_dlc29_skill_innate_nag_nagash
effect,warhammer_3,9.0,25507028,Undead Legions,undead_legions,wh3_dlc29_sc_nag_undead_legions,Nagash,Nagash,legendary_lord,wh3_dlc29_nag_nagash,general,general,wh3_dlc29_nag_host_of_nagash|wh3_dlc29_nag_host_of_nagash_qb1,true,false,true,true,false,true,wh3_dlc29_lore_undeath,legendary_lords,wh3_dlc29_skill_node_set_nag_nagash,,1,general,false,false,,,,wh3_dlc29_skill_innate_nag_nagash,wh3_dlc29_skill_innate_nag_nagash,Inevitable,"Nagash does not deal in uncertainties. His armies are tireless and inexhaustible. What falls will rise, again and again, until the end.",trait_nagash.png,0,7,1,0,false,0,1,1,Inevitable,"Nagash does not deal in uncertainties. His armies are tireless and inexhaustible. What falls will rise, again and again, until the end.",,,,,,wh3_dlc29_effect_gravecall_recruitment_cost_mod,Grave Call cost: %+n%,,character_to_character_own_armytext,-10,campaign,7,false,icon_necromantic_power.png,icon_necromantic_power.png,,,,,,,,,,,,,,,,,,,,,,,character_skill_level_to_effects_junctions_tables,wh3_dlc29_skill_innate_nag_nagash|wh3_dlc29_effect_gravecall_recruitment_cost_mod|1|character_to_character_own_armytext
effect,warhammer_3,9.0,25507028,Undead Legions,undead_legions,wh3_dlc29_sc_nag_undead_legions,Nagash,Nagash,legendary_lord,wh3_dlc29_nag_nagash,general,general,wh3_dlc29_nag_host_of_nagash|wh3_dlc29_nag_host_of_nagash_qb1,true,false,true,true,false,true,wh3_dlc29_lore_undeath,legendary_lords,wh3_dlc29_skill_node_set_nag_nagash,,1,general,false,false,,,,wh3_dlc29_skill_innate_nag_nagash,wh3_dlc29_skill_innate_nag_nagash,Inevitable,"Nagash does not deal in uncertainties. His armies are tireless and inexhaustible. What falls will rise, again and again, until the end.",trait_nagash.png,0,7,1,0,false,0,1,1,Inevitable,"Nagash does not deal in uncertainties. His armies are tireless and inexhaustible. What falls will rise, again and again, until the end.",,,,,,wh3_dlc29_effect_post_battle_unit_saving_chance_all,The Dead Rise Again: %+n% chance for destroyed units to be restored after battle,,general_to_force_own,10,campaign,101,true,replenishment.png,replenishment.png,,,,,,,,,,,,,,,,,,,,,,,character_skill_level_to_effects_junctions_tables,wh3_dlc29_skill_innate_nag_nagash|wh3_dlc29_effect_post_battle_unit_saving_chance_all|1|general_to_force_own
effect,warhammer_3,9.0,25507028,Undead Legions,undead_legions,wh3_dlc29_sc_nag_undead_legions,Nagash,Nagash,legendary_lord,wh3_dlc29_nag_nagash,general,general,wh3_dlc29_nag_host_of_nagash|wh3_dlc29_nag_host_of_nagash_qb1,true,false,true,true,false,true,wh3_dlc29_lore_undeath,legendary_lords,wh3_dlc29_skill_node_set_nag_nagash,,1,general,false,false,,,,wh3_dlc29_skill_innate_nag_nagash,wh3_dlc29_skill_innate_nag_nagash,Inevitable,"Nagash does not deal in uncertainties. His armies are tireless and inexhaustible. What falls will rise, again and again, until the end.",trait_nagash.png,0,7,1,0,false,0,1,1,Inevitable,"Nagash does not deal in uncertainties. His armies are tireless and inexhaustible. What falls will rise, again and again, until the end.",,,,,,wh3_dlc29_pooled_resource_necromantic_energy_battle_mod,{{tr:pooled_resources_display_name_wh3_dlc29_nag_necromantic_energy}} gain from battles: %+n%,,general_to_force_own,10,campaign,102,true,icon_necromantic_power.png,icon_necromantic_power.png,,,,,,,,,,,,,,,,,,,,,,,character_skill_level_to_effects_junctions_tables,wh3_dlc29_skill_innate_nag_nagash|wh3_dlc29_pooled_resource_necromantic_energy_battle_mod|1|general_to_force_own
node,warhammer_3,9.0,25507028,Undead Legions,undead_legions,wh3_dlc29_sc_nag_undead_legions,Nagash,Nagash,legendary_lord,wh3_dlc29_nag_nagash,general,general,wh3_dlc29_nag_host_of_nagash|wh3_dlc29_nag_host_of_nagash_qb1,true,false,true,true,false,true,wh3_dlc29_lore_undeath,legendary_lords,wh3_dlc29_skill_node_set_nag_nagash,,1,general,false,false,,,,wh3_dlc29_skill_node_nag_nagash_unique_0_02,wh3_dlc29_skill_nag_lord_unique_top_01,{{tr:unit_abilities_onscreen_name_wh3_dlc29_lord_abilities_raise_legion}},{{tr:unit_abilities_tooltip_text_wh3_dlc29_lord_abilities_raise_legion}},character_general_ability.png,1,0,0,0,true,2,1,,,,,,,,,,,,,,,,,,,,,,,,,,,,,,,,,,,,,,,,,character_skill_nodes_tables,wh3_dlc29_skill_node_nag_nagash_unique_0_02
skill_level,warhammer_3,9.0,25507028,Undead Legions,undead_legions,wh3_dlc29_sc_nag_undead_legions,Nagash,Nagash,legendary_lord,wh3_dlc29_nag_nagash,general,general,wh3_dlc29_nag_host_of_nagash|wh3_dlc29_nag_host_of_nagash_qb1,true,false,true,true,false,true,wh3_dlc29_lore_undeath,legendary_lords,wh3_dlc29_skill_node_set_nag_nagash,,1,general,false,false,,,,wh3_dlc29_skill_node_nag_nagash_unique_0_02,wh3_dlc29_skill_nag_lord_unique_top_01,{{tr:unit_abilities_onscreen_name_wh3_dlc29_lord_abilities_raise_legion}},{{tr:unit_abilities_tooltip_text_wh3_dlc29_lord_abilities_raise_legion}},character_general_ability.png,1,0,0,0,true,2,1,1,{{tr:unit_abilities_onscreen_name_wh3_dlc29_lord_abilities_raise_legion}},{{tr:unit_abilities_tooltip_text_wh3_dlc29_lord_abilities_raise_legion}},2,x,,,,,,,,,,,,,,,,,,,,,,,,,,,,,,,,,,,,character_skill_level_details_tables,wh3_dlc29_skill_nag_lord_unique_top_01|1|||
effect,warhammer_3,9.0,25507028,Undead Legions,undead_legions,wh3_dlc29_sc_nag_undead_legions,Nagash,Nagash,legendary_lord,wh3_dlc29_nag_nagash,general,general,wh3_dlc29_nag_host_of_nagash|wh3_dlc29_nag_host_of_nagash_qb1,true,false,true,true,false,true,wh3_dlc29_lore_undeath,legendary_lords,wh3_dlc29_skill_node_set_nag_nagash,,1,general,false,false,,,,wh3_dlc29_skill_node_nag_nagash_unique_0_02,wh3_dlc29_skill_nag_lord_unique_top_01,{{tr:unit_abilities_onscreen_name_wh3_dlc29_lord_abilities_raise_legion}},{{tr:unit_abilities_tooltip_text_wh3_dlc29_lord_abilities_raise_legion}},character_general_ability.png,1,0,0,0,true,2,1,1,{{tr:unit_abilities_onscreen_name_wh3_dlc29_lord_abilities_raise_legion}},{{tr:unit_abilities_tooltip_text_wh3_dlc29_lord_abilities_raise_legion}},,,,,,wh3_dlc29_effect_ability_enable_undeath_to_all,"Ability: ""{{tr:unit_abilities_onscreen_name_wh3_dlc29_lord_abilities_raise_legion}}""",,character_to_character_own,1,battle,300,true,general_ability.png,general_ability.png,,,,,,,,,,,,,,,,,,,,,,,character_skill_level_to_effects_junctions_tables,wh3_dlc29_skill_nag_lord_unique_top_01|wh3_dlc29_effect_ability_enable_undeath_to_all|1|character_to_character_own
node,warhammer_3,9.0,25507028,Undead Legions,undead_legions,wh3_dlc29_sc_nag_undead_legions,Nagash,Nagash,legendary_lord,wh3_dlc29_nag_nagash,general,general,wh3_dlc29_nag_host_of_nagash|wh3_dlc29_nag_host_of_nagash_qb1,true,false,true,true,false,true,wh3_dlc29_lore_undeath,legendary_lords,wh3_dlc29_skill_node_set_nag_nagash,,1,general,false,false,,,,wh3_dlc29_skill_node_nag_nagash_unique_1_02,wh3_dlc29_skill_nag_nagash_unique_wizard_04,The Great Necromancer,"When first Nagash created necromancy, perhaps he knew already that he could grant or withhold necromancy's grace at will.",character_replenishment.png,1,1,0,0,true,0,1,,,,,,,,,,,,,,,,,,,,,,,,,,,,,,,,,,,,,,,,,character_skill_nodes_tables,wh3_dlc29_skill_node_nag_nagash_unique_1_02
effect,warhammer_3,9.0,25507028,Undead Legions,undead_legions,wh3_dlc29_sc_nag_undead_legions,Nagash,Nagash,legendary_lord,wh3_dlc29_nag_nagash,general,general,wh3_dlc29_nag_host_of_nagash|wh3_dlc29_nag_host_of_nagash_qb1,true,false,true,true,false,true,wh3_dlc29_lore_undeath,legendary_lords,wh3_dlc29_skill_node_set_nag_nagash,,1,general,false,false,,,,wh3_dlc29_skill_node_nag_nagash_unique_1_02,wh3_dlc29_skill_nag_nagash_unique_wizard_04,The Great Necromancer,"When first Nagash created necromancy, perhaps he knew already that he could grant or withhold necromancy's grace at will.",character_replenishment.png,1,1,0,0,true,0,1,1,The Great Necromancer,"When first Nagash created necromancy, perhaps he knew already that he could grant or withhold necromancy's grace at will.",,,,,,wh_main_effect_force_all_campaign_replenishment_rate,Casualty replenishment rate: %+n%,{{tr:replenishment_additional_tooltip}},general_to_force_own,5,campaign,101,true,replenishment.png,replenishment.png,,,,,,,,,,,,,,,,,,,,,,,character_skill_level_to_effects_junctions_tables,wh3_dlc29_skill_nag_nagash_unique_wizard_04|wh_main_effect_force_all_campaign_replenishment_rate|1|general_to_force_own
effect,warhammer_3,9.0,25507028,Undead Legions,undead_legions,wh3_dlc29_sc_nag_undead_legions,Nagash,Nagash,legendary_lord,wh3_dlc29_nag_nagash,general,general,wh3_dlc29_nag_host_of_nagash|wh3_dlc29_nag_host_of_nagash_qb1,true,false,true,true,false,true,wh3_dlc29_lore_undeath,legendary_lords,wh3_dlc29_skill_node_set_nag_nagash,,1,general,false,false,,,,wh3_dlc29_skill_node_nag_nagash_unique_1_02,wh3_dlc29_skill_nag_nagash_unique_wizard_04,The Great Necromancer,"When first Nagash created necromancy, perhaps he knew already that he could grant or withhold necromancy's grace at will.",character_replenishment.png,1,1,0,0,true,0,1,1,The Great Necromancer,"When first Nagash created necromancy, perhaps he knew already that he could grant or withhold necromancy's grace at will.",,,,,,wh3_dlc29_effect_post_battle_unit_saving_chance_all,The Dead Rise Again: %+n% chance for destroyed units to be restored after battle,,general_to_force_own,10,campaign,101,true,replenishment.png,replenishment.png,,,,,,,,,,,,,,,,,,,,,,,character_skill_level_to_effects_junctions_tables,wh3_dlc29_skill_nag_nagash_unique_wizard_04|wh3_dlc29_effect_post_battle_unit_saving_chance_all|1|general_to_force_own
effect,warhammer_3,9.0,25507028,Undead Legions,undead_legions,wh3_dlc29_sc_nag_undead_legions,Nagash,Nagash,legendary_lord,wh3_dlc29_nag_nagash,general,general,wh3_dlc29_nag_host_of_nagash|wh3_dlc29_nag_host_of_nagash_qb1,true,false,true,true,false,true,wh3_dlc29_lore_undeath,legendary_lords,wh3_dlc29_skill_node_set_nag_nagash,,1,general,false,false,,,,wh3_dlc29_skill_node_nag_nagash_unique_1_02,wh3_dlc29_skill_nag_nagash_unique_wizard_04,The Great Necromancer,"When first Nagash created necromancy, perhaps he knew already that he could grant or withhold necromancy's grace at will.",character_replenishment.png,1,1,0,0,true,0,1,1,The Great Necromancer,"When first Nagash created necromancy, perhaps he knew already that he could grant or withhold necromancy's grace at will.",,,,,,wh3_dlc29_effect_post_battle_unit_saving_hp_all,The Dead Rise Again: %+n% hit points for destroyed units restored after battle,,general_to_force_own,10,campaign,8,true,replenishment.png,replenishment.png,,,,,,,,,,,,,,,,,,,,,,,character_skill_level_to_effects_junctions_tables,wh3_dlc29_skill_nag_nagash_unique_wizard_04|wh3_dlc29_effect_post_battle_unit_saving_hp_all|1|general_to_force_own
node,warhammer_3,9.0,25507028,Undead Legions,undead_legions,wh3_dlc29_sc_nag_undead_legions,Nagash,Nagash,legendary_lord,wh3_dlc29_nag_nagash,general,general,wh3_dlc29_nag_host_of_nagash|wh3_dlc29_nag_host_of_nagash_qb1,true,false,true,true,false,true,wh3_dlc29_lore_undeath,legendary_lords,wh3_dlc29_skill_node_set_nag_nagash,,1,general,false,false,,,,wh3_dlc29_skill_nag_nagash_personal_1,wh2_dlc11_skill_all_lord_self_blade_master,{{tr:character_skills_localised_name_wh_main_skill_all_all_self_blade_master}},{{tr:character_skills_localised_description_wh_main_skill_all_all_self_blade_master}},character_attack.png,1,2,0,0,true,0,2,,,,,,,,,,,,,,,,,,,,,,,,,,,,,,,,,,,,,,,,,character_skill_nodes_tables,wh3_dlc29_skill_nag_nagash_personal_1
effect,warhammer_3,9.0,25507028,Undead Legions,undead_legions,wh3_dlc29_sc_nag_undead_legions,Nagash,Nagash,legendary_lord,wh3_dlc29_nag_nagash,general,general,wh3_dlc29_nag_host_of_nagash|wh3_dlc29_nag_host_of_nagash_qb1,true,false,true,true,false,true,wh3_dlc29_lore_undeath,legendary_lords,wh3_dlc29_skill_node_set_nag_nagash,,1,general,false,false,,,,wh3_dlc29_skill_nag_nagash_personal_1,wh2_dlc11_skill_all_lord_self_blade_master,{{tr:character_skills_localised_name_wh_main_skill_all_all_self_blade_master}},{{tr:character_skills_localised_description_wh_main_skill_all_all_self_blade_master}},character_attack.png,1,2,0,0,true,0,2,1,{{tr:character_skills_localised_name_wh_main_skill_all_all_self_blade_master}},{{tr:character_skills_localised_description_wh_main_skill_all_all_self_blade_master}},,,,,,wh_main_effect_character_stat_melee_attack,Melee attack: %+n,,character_to_character_own,6,both,130,true,melee_character.png,melee_character.png,,,,,,,,,,,,,,,,,,,,,,,character_skill_level_to_effects_junctions_tables,wh2_dlc11_skill_all_lord_self_blade_master|wh_main_effect_character_stat_melee_attack|1|character_to_character_own
effect,warhammer_3,9.0,25507028,Undead Legions,undead_legions,wh3_dlc29_sc_nag_undead_legions,Nagash,Nagash,legendary_lord,wh3_dlc29_nag_nagash,general,general,wh3_dlc29_nag_host_of_nagash|wh3_dlc29_nag_host_of_nagash_qb1,true,false,true,true,false,true,wh3_dlc29_lore_undeath,legendary_lords,wh3_dlc29_skill_node_set_nag_nagash,,1,general,false,false,,,,wh3_dlc29_skill_nag_nagash_personal_1,wh2_dlc11_skill_all_lord_self_blade_master,{{tr:character_skills_localised_name_wh_main_skill_all_all_self_blade_master}},{{tr:character_skills_localised_description_wh_main_skill_all_all_self_blade_master}},character_attack.png,1,2,0,0,true,0,2,2,{{tr:character_skills_localised_name_wh_main_skill_all_all_self_blade_master}},{{tr:character_skills_localised_description_wh_main_skill_all_all_self_blade_master}},,,,,,wh_main_effect_character_stat_melee_attack,Melee attack: %+n,,character_to_character_own,12,both,130,true,melee_character.png,melee_character.png,,,,,,,,,,,,,,,,,,,,,,,character_skill_level_to_effects_junctions_tables,wh2_dlc11_skill_all_lord_self_blade_master|wh_main_effect_character_stat_melee_attack|2|character_to_character_own
node,warhammer_3,9.0,25507028,Undead Legions,undead_legions,wh3_dlc29_sc_nag_undead_legions,Nagash,Nagash,legendary_lord,wh3_dlc29_nag_nagash,general,general,wh3_dlc29_nag_host_of_nagash|wh3_dlc29_nag_host_of_nagash_qb1,true,false,true,true,false,true,wh3_dlc29_lore_undeath,legendary_lords,wh3_dlc29_skill_node_set_nag_nagash,,1,general,false,false,,,,wh3_dlc29_skill_node_nag_nagash_magic1_02,wh3_dlc29_skill_nag_magic_undeath_02_raise_the_dead,{{tr:unit_abilities_onscreen_name_wh3_dlc29_lore_passive_raise_the_dead}},{{tr:unit_abilities_tooltip_text_wh3_dlc29_lore_passive_raise_the_dead}},wh3_dlc29_lore_passive_raise_the_dead.png,1,3,0,0,true,0,1,,,,,,,,,,,,,,,,,,,,,,,,,,,,,,,,,,,,,,,,,character_skill_nodes_tables,wh3_dlc29_skill_node_nag_nagash_magic1_02
effect,warhammer_3,9.0,25507028,Undead Legions,undead_legions,wh3_dlc29_sc_nag_undead_legions,Nagash,Nagash,legendary_lord,wh3_dlc29_nag_nagash,general,general,wh3_dlc29_nag_host_of_nagash|wh3_dlc29_nag_host_of_nagash_qb1,true,false,true,true,false,true,wh3_dlc29_lore_undeath,legendary_lords,wh3_dlc29_skill_node_set_nag_nagash,,1,general,false,false,,,,wh3_dlc29_skill_node_nag_nagash_magic1_02,wh3_dlc29_skill_nag_magic_undeath_02_raise_the_dead,{{tr:unit_abilities_onscreen_name_wh3_dlc29_lore_passive_raise_the_dead}},{{tr:unit_abilities_tooltip_text_wh3_dlc29_lore_passive_raise_the_dead}},wh3_dlc29_lore_passive_raise_the_dead.png,1,3,0,0,true,0,1,1,{{tr:unit_abilities_onscreen_name_wh3_dlc29_lore_passive_raise_the_dead}},{{tr:unit_abilities_tooltip_text_wh3_dlc29_lore_passive_raise_the_dead}},,,,,,wh3_dlc29_effect_ability_enable_raise_the_dead,"Passive ability: ""Raise the Dead""",,character_to_character_own,1,battle,290,true,general_ability.png,general_ability.png,,,,,,,,,,,,,,,,,,,,,,,character_skill_level_to_effects_junctions_tables,wh3_dlc29_skill_nag_magic_undeath_02_raise_the_dead|wh3_dlc29_effect_ability_enable_raise_the_dead|1|character_to_character_own
node,warhammer_3,9.0,25507028,Undead Legions,undead_legions,wh3_dlc29_sc_nag_undead_legions,Nagash,Nagash,legendary_lord,wh3_dlc29_nag_nagash,general,general,wh3_dlc29_nag_host_of_nagash|wh3_dlc29_nag_host_of_nagash_qb1,true,false,true,true,false,true,wh3_dlc29_lore_undeath,legendary_lords,wh3_dlc29_skill_node_set_nag_nagash,,1,general,false,false,,,,wh3_dlc29_skill_node_nag_nagash_battle_02,wh3_dlc29_skill_nag_lord_battle_carriages_of_undeath,Carriers of Souls,"Ever since Nagash broke the Undead Realms' gates, endless souls are at his beck and call, even if some need to be carried into its hands.",battle_defence.png,1,4,0,0,true,0,3,,,,,,,,,,,,,,,,,,,,,,,,,,,,,,,,,,,,,,,,,character_skill_nodes_tables,wh3_dlc29_skill_node_nag_nagash_battle_02
effect,warhammer_3,9.0,25507028,Undead Legions,undead_legions,wh3_dlc29_sc_nag_undead_legions,Nagash,Nagash,legendary_lord,wh3_dlc29_nag_nagash,general,general,wh3_dlc29_nag_host_of_nagash|wh3_dlc29_nag_host_of_nagash_qb1,true,false,true,true,false,true,wh3_dlc29_lore_undeath,legendary_lords,wh3_dlc29_skill_node_set_nag_nagash,,1,general,false,false,,,,wh3_dlc29_skill_node_nag_nagash_battle_02,wh3_dlc29_skill_nag_lord_battle_carriages_of_undeath,Carriers of Souls,"Ever since Nagash broke the Undead Realms' gates, endless souls are at his beck and call, even if some need to be carried into its hands.",battle_defence.png,1,4,0,0,true,0,3,1,Carriers of Souls,"Ever since Nagash broke the Undead Realms' gates, endless souls are at his beck and call, even if some need to be carried into its hands.",,,,,,wh3_dlc29_effect_force_stat_melee_defence_nag_melee_infantry,Melee defence: %+n for all Melee infantry units,,general_to_force_own,4,battle,400,true,defence.png,defence.png,,,,,,,,,,,,,,,,,,,,,,,character_skill_level_to_effects_junctions_tables,wh3_dlc29_skill_nag_lord_battle_carriages_of_undeath|wh3_dlc29_effect_force_stat_melee_defence_nag_melee_infantry|1|general_to_force_own
effect,warhammer_3,9.0,25507028,Undead Legions,undead_legions,wh3_dlc29_sc_nag_undead_legions,Nagash,Nagash,legendary_lord,wh3_dlc29_nag_nagash,general,general,wh3_dlc29_nag_host_of_nagash|wh3_dlc29_nag_host_of_nagash_qb1,true,false,true,true,false,true,wh3_dlc29_lore_undeath,legendary_lords,wh3_dlc29_skill_node_set_nag_nagash,,1,general,false,false,,,,wh3_dlc29_skill_node_nag_nagash_battle_02,wh3_dlc29_skill_nag_lord_battle_carriages_of_undeath,Carriers of Souls,"Ever since Nagash broke the Undead Realms' gates, endless souls are at his beck and call, even if some need to be carried into its hands.",battle_defence.png,1,4,0,0,true,0,3,2,Carriers of Souls,"Ever since Nagash broke the Undead Realms' gates, endless souls are at his beck and call, even if some need to be carried into its hands.",,,,,,wh3_dlc29_effect_force_stat_armour_nag_melee_infantry,Armour: %+n for all Melee infantry units,,general_to_force_own,6,battle,401,true,armour.png,armour.png,,,,,,,,,,,,,,,,,,,,,,,character_skill_level_to_effects_junctions_tables,wh3_dlc29_skill_nag_lord_battle_carriages_of_undeath|wh3_dlc29_effect_force_stat_armour_nag_melee_infantry|2|general_to_force_own
effect,warhammer_3,9.0,25507028,Undead Legions,undead_legions,wh3_dlc29_sc_nag_undead_legions,Nagash,Nagash,legendary_lord,wh3_dlc29_nag_nagash,general,general,wh3_dlc29_nag_host_of_nagash|wh3_dlc29_nag_host_of_nagash_qb1,true,false,true,true,false,true,wh3_dlc29_lore_undeath,legendary_lords,wh3_dlc29_skill_node_set_nag_nagash,,1,general,false,false,,,,wh3_dlc29_skill_node_nag_nagash_battle_02,wh3_dlc29_skill_nag_lord_battle_carriages_of_undeath,Carriers of Souls,"Ever since Nagash broke the Undead Realms' gates, endless souls are at his beck and call, even if some need to be carried into its hands.",battle_defence.png,1,4,0,0,true,0,3,2,Carriers of Souls,"Ever since Nagash broke the Undead Realms' gates, endless souls are at his beck and call, even if some need to be carried into its hands.",,,,,,wh3_dlc29_effect_force_stat_melee_defence_nag_melee_infantry,Melee defence: %+n for all Melee infantry units,,general_to_force_own,6,battle,400,true,defence.png,defence.png,,,,,,,,,,,,,,,,,,,,,,,character_skill_level_to_effects_junctions_tables,wh3_dlc29_skill_nag_lord_battle_carriages_of_undeath|wh3_dlc29_effect_force_stat_melee_defence_nag_melee_infantry|2|general_to_force_own
effect,warhammer_3,9.0,25507028,Undead Legions,undead_legions,wh3_dlc29_sc_nag_undead_legions,Nagash,Nagash,legendary_lord,wh3_dlc29_nag_nagash,general,general,wh3_dlc29_nag_host_of_nagash|wh3_dlc29_nag_host_of_nagash_qb1,true,false,true,true,false,true,wh3_dlc29_lore_undeath,legendary_lords,wh3_dlc29_skill_node_set_nag_nagash,,1,general,false,false,,,,wh3_dlc29_skill_node_nag_nagash_battle_02,wh3_dlc29_skill_nag_lord_battle_carriages_of_undeath,Carriers of Souls,"Ever since Nagash broke the Undead Realms' gates, endless souls are at his beck and call, even if some need to be carried into its hands.",battle_defence.png,1,4,0,0,true,0,3,3,Carriers of Souls,"Ever since Nagash broke the Undead Realms' gates, endless souls are at his beck and call, even if some need to be carried into its hands.",,,,,,wh3_dlc29_effect_force_stat_armour_nag_melee_infantry,Armour: %+n for all Melee infantry units,,general_to_force_own,12,battle,401,true,armour.png,armour.png,,,,,,,,,,,,,,,,,,,,,,,character_skill_level_to_effects_junctions_tables,wh3_dlc29_skill_nag_lord_battle_carriages_of_undeath|wh3_dlc29_effect_force_stat_armour_nag_melee_infantry|3|general_to_force_own
effect,warhammer_3,9.0,25507028,Undead Legions,undead_legions,wh3_dlc29_sc_nag_undead_legions,Nagash,Nagash,legendary_lord,wh3_dlc29_nag_nagash,general,general,wh3_dlc29_nag_host_of_nagash|wh3_dlc29_nag_host_of_nagash_qb1,true,false,true,true,false,true,wh3_dlc29_lore_undeath,legendary_lords,wh3_dlc29_skill_node_set_nag_nagash,,1,general,false,false,,,,wh3_dlc29_skill_node_nag_nagash_battle_02,wh3_dlc29_skill_nag_lord_battle_carriages_of_undeath,Carriers of Souls,"Ever since Nagash broke the Undead Realms' gates, endless souls are at his beck and call, even if some need to be carried into its hands.",battle_defence.png,1,4,0,0,true,0,3,3,Carriers of Souls,"Ever since Nagash broke the Undead Realms' gates, endless souls are at his beck and call, even if some need to be carried into its hands.",,,,,,wh3_dlc29_effect_force_stat_melee_defence_nag_melee_infantry,Melee defence: %+n for all Melee infantry units,,general_to_force_own,8,battle,400,true,defence.png,defence.png,,,,,,,,,,,,,,,,,,,,,,,character_skill_level_to_effects_junctions_tables,wh3_dlc29_skill_nag_lord_battle_carriages_of_undeath|wh3_dlc29_effect_force_stat_melee_defence_nag_melee_infantry|3|general_to_force_own
node,warhammer_3,9.0,25507028,Undead Legions,undead_legions,wh3_dlc29_sc_nag_undead_legions,Nagash,Nagash,legendary_lord,wh3_dlc29_nag_nagash,general,general,wh3_dlc29_nag_host_of_nagash|wh3_dlc29_nag_host_of_nagash_qb1,true,false,true,true,false,true,wh3_dlc29_lore_undeath,legendary_lords,wh3_dlc29_skill_node_set_nag_nagash,,1,general,false,false,,,,wh3_dlc29_skill_node_nag_nagash_campaign_02,wh_main_skill_vmp_lord_campaign_undying_horde,Undying Horde,"Once slain in battle, the foe belongs to the Undead Lord, and will rise again, eager to serve.",campaign_replenishment.png,1,5,0,0,true,0,3,,,,,,,,,,,,,,,,,,,,,,,,,,,,,,,,,,,,,,,,,character_skill_nodes_tables,wh3_dlc29_skill_node_nag_nagash_campaign_02
effect,warhammer_3,9.0,25507028,Undead Legions,undead_legions,wh3_dlc29_sc_nag_undead_legions,Nagash,Nagash,legendary_lord,wh3_dlc29_nag_nagash,general,general,wh3_dlc29_nag_host_of_nagash|wh3_dlc29_nag_host_of_nagash_qb1,true,false,true,true,false,true,wh3_dlc29_lore_undeath,legendary_lords,wh3_dlc29_skill_node_set_nag_nagash,,1,general,false,false,,,,wh3_dlc29_skill_node_nag_nagash_campaign_02,wh_main_skill_vmp_lord_campaign_undying_horde,Undying Horde,"Once slain in battle, the foe belongs to the Undead Lord, and will rise again, eager to serve.",campaign_replenishment.png,1,5,0,0,true,0,3,1,Undying Horde,"Once slain in battle, the foe belongs to the Undead Lord, and will rise again, eager to serve.",,,,,,wh_main_effect_force_all_campaign_replenishment_rate,Casualty replenishment rate: %+n%,{{tr:replenishment_additional_tooltip}},general_to_force_own,2,campaign,101,true,replenishment.png,replenishment.png,,,,,,,,,,,,,,,,,,,,,,,character_skill_level_to_effects_junctions_tables,wh_main_skill_vmp_lord_campaign_undying_horde|wh_main_effect_force_all_campaign_replenishment_rate|1|general_to_force_own
effect,warhammer_3,9.0,25507028,Undead Legions,undead_legions,wh3_dlc29_sc_nag_undead_legions,Nagash,Nagash,legendary_lord,wh3_dlc29_nag_nagash,general,general,wh3_dlc29_nag_host_of_nagash|wh3_dlc29_nag_host_of_nagash_qb1,true,false,true,true,false,true,wh3_dlc29_lore_undeath,legendary_lords,wh3_dlc29_skill_node_set_nag_nagash,,1,general,false,false,,,,wh3_dlc29_skill_node_nag_nagash_campaign_02,wh_main_skill_vmp_lord_campaign_undying_horde,Undying Horde,"Once slain in battle, the foe belongs to the Undead Lord, and will rise again, eager to serve.",campaign_replenishment.png,1,5,0,0,true,0,3,1,Undying Horde,"Once slain in battle, the foe belongs to the Undead Lord, and will rise again, eager to serve.",,,,,,wh3_main_effect_undead_post_battle_unit_saving_hp,The Dead Rise Again: %+n% hit points for destroyed Undead units restored after battle,,general_to_force_own,5,campaign,101,true,replenishment.png,replenishment.png,,,,,,,,,,,,,,,,,,,,,,,character_skill_level_to_effects_junctions_tables,wh_main_skill_vmp_lord_campaign_undying_horde|wh3_main_effect_undead_post_battle_unit_saving_hp|1|general_to_force_own
effect,warhammer_3,9.0,25507028,Undead Legions,undead_legions,wh3_dlc29_sc_nag_undead_legions,Nagash,Nagash,legendary_lord,wh3_dlc29_nag_nagash,general,general,wh3_dlc29_nag_host_of_nagash|wh3_dlc29_nag_host_of_nagash_qb1,true,false,true,true,false,true,wh3_dlc29_lore_undeath,legendary_lords,wh3_dlc29_skill_node_set_nag_nagash,,1,general,false,false,,,,wh3_dlc29_skill_node_nag_nagash_campaign_02,wh_main_skill_vmp_lord_campaign_undying_horde,Undying Horde,"Once slain in battle, the foe belongs to the Undead Lord, and will rise again, eager to serve.",campaign_replenishment.png,1,5,0,0,true,0,3,2,Undying Horde,"Once slain in battle, the foe belongs to the Undead Lord, and will rise again, eager to serve.",,,,,,wh_main_effect_force_all_campaign_replenishment_rate,Casualty replenishment rate: %+n%,{{tr:replenishment_additional_tooltip}},general_to_force_own,4,campaign,101,true,replenishment.png,replenishment.png,,,,,,,,,,,,,,,,,,,,,,,character_skill_level_to_effects_junctions_tables,wh_main_skill_vmp_lord_campaign_undying_horde|wh_main_effect_force_all_campaign_replenishment_rate|2|general_to_force_own
effect,warhammer_3,9.0,25507028,Undead Legions,undead_legions,wh3_dlc29_sc_nag_undead_legions,Nagash,Nagash,legendary_lord,wh3_dlc29_nag_nagash,general,general,wh3_dlc29_nag_host_of_nagash|wh3_dlc29_nag_host_of_nagash_qb1,true,false,true,true,false,true,wh3_dlc29_lore_undeath,legendary_lords,wh3_dlc29_skill_node_set_nag_nagash,,1,general,false,false,,,,wh3_dlc29_skill_node_nag_nagash_campaign_02,wh_main_skill_vmp_lord_campaign_undying_horde,Undying Horde,"Once slain in battle, the foe belongs to the Undead Lord, and will rise again, eager to serve.",campaign_replenishment.png,1,5,0,0,true,0,3,2,Undying Horde,"Once slain in battle, the foe belongs to the Undead Lord, and will rise again, eager to serve.",,,,,,wh3_main_effect_undead_post_battle_unit_saving_hp,The Dead Rise Again: %+n% hit points for destroyed Undead units restored after battle,,general_to_force_own,10,campaign,101,true,replenishment.png,replenishment.png,,,,,,,,,,,,,,,,,,,,,,,character_skill_level_to_effects_junctions_tables,wh_main_skill_vmp_lord_campaign_undying_horde|wh3_main_effect_undead_post_battle_unit_saving_hp|2|general_to_force_own
effect,warhammer_3,9.0,25507028,Undead Legions,undead_legions,wh3_dlc29_sc_nag_undead_legions,Nagash,Nagash,legendary_lord,wh3_dlc29_nag_nagash,general,general,wh3_dlc29_nag_host_of_nagash|wh3_dlc29_nag_host_of_nagash_qb1,true,false,true,true,false,true,wh3_dlc29_lore_undeath,legendary_lords,wh3_dlc29_skill_node_set_nag_nagash,,1,general,false,false,,,,wh3_dlc29_skill_node_nag_nagash_campaign_02,wh_main_skill_vmp_lord_campaign_undying_horde,Undying Horde,"Once slain in battle, the foe belongs to the Undead Lord, and will rise again, eager to serve.",campaign_replenishment.png,1,5,0,0,true,0,3,3,Undying Horde,"Once slain in battle, the foe belongs to the Undead Lord, and will rise again, eager to serve.",,,,,,wh_main_effect_force_all_campaign_replenishment_rate,Casualty replenishment rate: %+n%,{{tr:replenishment_additional_tooltip}},general_to_force_own,6,campaign,101,true,replenishment.png,replenishment.png,,,,,,,,,,,,,,,,,,,,,,,character_skill_level_to_effects_junctions_tables,wh_main_skill_vmp_lord_campaign_undying_horde|wh_main_effect_force_all_campaign_replenishment_rate|3|general_to_force_own
effect,warhammer_3,9.0,25507028,Undead Legions,undead_legions,wh3_dlc29_sc_nag_undead_legions,Nagash,Nagash,legendary_lord,wh3_dlc29_nag_nagash,general,general,wh3_dlc29_nag_host_of_nagash|wh3_dlc29_nag_host_of_nagash_qb1,true,false,true,true,false,true,wh3_dlc29_lore_undeath,legendary_lords,wh3_dlc29_skill_node_set_nag_nagash,,1,general,false,false,,,,wh3_dlc29_skill_node_nag_nagash_campaign_02,wh_main_skill_vmp_lord_campaign_undying_horde,Undying Horde,"Once slain in battle, the foe belongs to the Undead Lord, and will rise again, eager to serve.",campaign_replenishment.png,1,5,0,0,true,0,3,3,Undying Horde,"Once slain in battle, the foe belongs to the Undead Lord, and will rise again, eager to serve.",,,,,,wh3_main_effect_undead_post_battle_unit_saving_hp,The Dead Rise Again: %+n% hit points for destroyed Undead units restored after battle,,general_to_force_own,15,campaign,101,true,replenishment.png,replenishment.png,,,,,,,,,,,,,,,,,,,,,,,character_skill_level_to_effects_junctions_tables,wh_main_skill_vmp_lord_campaign_undying_horde|wh3_main_effect_undead_post_battle_unit_saving_hp|3|general_to_force_own
node,warhammer_3,9.0,25507028,Undead Legions,undead_legions,wh3_dlc29_sc_nag_undead_legions,Nagash,Nagash,legendary_lord,wh3_dlc29_nag_nagash,general,general,wh3_dlc29_nag_host_of_nagash|wh3_dlc29_nag_host_of_nagash_qb1,true,false,true,true,false,true,wh3_dlc29_lore_undeath,legendary_lords,wh3_dlc29_skill_node_set_nag_nagash,,1,general,false,false,,,,wh3_dlc29_skill_node_nag_nagash_unique_0_03,wh3_dlc29_skill_nag_lord_unique_top_02,{{tr:unit_abilities_onscreen_name_wh3_dlc29_lord_passive_arch_necromancer}},{{tr:unit_abilities_tooltip_text_wh3_dlc29_lord_passive_arch_necromancer}},wh3_dlc29_lord_passive_arch_necromancer.png,2,0,0,0,true,4,1,,,,,,,,,,,,,,,,,,,,,,,,,,,,,,,,,,,,,,,,,character_skill_nodes_tables,wh3_dlc29_skill_node_nag_nagash_unique_0_03
skill_level,warhammer_3,9.0,25507028,Undead Legions,undead_legions,wh3_dlc29_sc_nag_undead_legions,Nagash,Nagash,legendary_lord,wh3_dlc29_nag_nagash,general,general,wh3_dlc29_nag_host_of_nagash|wh3_dlc29_nag_host_of_nagash_qb1,true,false,true,true,false,true,wh3_dlc29_lore_undeath,legendary_lords,wh3_dlc29_skill_node_set_nag_nagash,,1,general,false,false,,,,wh3_dlc29_skill_node_nag_nagash_unique_0_03,wh3_dlc29_skill_nag_lord_unique_top_02,{{tr:unit_abilities_onscreen_name_wh3_dlc29_lord_passive_arch_necromancer}},{{tr:unit_abilities_tooltip_text_wh3_dlc29_lord_passive_arch_necromancer}},wh3_dlc29_lord_passive_arch_necromancer.png,2,0,0,0,true,4,1,1,{{tr:unit_abilities_onscreen_name_wh3_dlc29_lord_passive_arch_necromancer}},{{tr:unit_abilities_tooltip_text_wh3_dlc29_lord_passive_arch_necromancer}},4,x,,,,,,,,,,,,,,,,,,,,,,,,,,,,,,,,,,,,character_skill_level_details_tables,wh3_dlc29_skill_nag_lord_unique_top_02|1|||
effect,warhammer_3,9.0,25507028,Undead Legions,undead_legions,wh3_dlc29_sc_nag_undead_legions,Nagash,Nagash,legendary_lord,wh3_dlc29_nag_nagash,general,general,wh3_dlc29_nag_host_of_nagash|wh3_dlc29_nag_host_of_nagash_qb1,true,false,true,true,false,true,wh3_dlc29_lore_undeath,legendary_lords,wh3_dlc29_skill_node_set_nag_nagash,,1,general,false,false,,,,wh3_dlc29_skill_node_nag_nagash_unique_0_03,wh3_dlc29_skill_nag_lord_unique_top_02,{{tr:unit_abilities_onscreen_name_wh3_dlc29_lord_passive_arch_necromancer}},{{tr:unit_abilities_tooltip_text_wh3_dlc29_lord_passive_arch_necromancer}},wh3_dlc29_lord_passive_arch_necromancer.png,2,0,0,0,true,4,1,1,{{tr:unit_abilities_onscreen_name_wh3_dlc29_lord_passive_arch_necromancer}},{{tr:unit_abilities_tooltip_text_wh3_dlc29_lord_passive_arch_necromancer}},,,,,,wh3_dlc29_effect_ability_death_to_all,"Passive ability: ""{{tr:unit_abilities_onscreen_name_wh3_dlc29_lord_passive_arch_necromancer}}""",,character_to_character_own,1,battle,300,true,general_ability.png,general_ability.png,,,,,,,,,,,,,,,,,,,,,,,character_skill_level_to_effects_junctions_tables,wh3_dlc29_skill_nag_lord_unique_top_02|wh3_dlc29_effect_ability_death_to_all|1|character_to_character_own
node,warhammer_3,9.0,25507028,Undead Legions,undead_legions,wh3_dlc29_sc_nag_undead_legions,Nagash,Nagash,legendary_lord,wh3_dlc29_nag_nagash,general,general,wh3_dlc29_nag_host_of_nagash|wh3_dlc29_nag_host_of_nagash_qb1,true,false,true,true,false,true,wh3_dlc29_lore_undeath,legendary_lords,wh3_dlc29_skill_node_set_nag_nagash,,1,general,false,false,,,,wh3_dlc29_skill_node_nag_nagash_unique_1_03,wh3_dlc29_skill_nag_nagash_unique_wizard_05,Heralds of the Accursed One,"The Hammurai, Heralds of the sky-god Ptra, once descended upon Nagash to avenge the affront he was upon the divine. After, they became his, Heralds and Harbingers both.",wh2_dlc10_guardian.png,2,1,0,0,true,0,1,,,,,,,,,,,,,,,,,,,,,,,,,,,,,,,,,,,,,,,,,character_skill_nodes_tables,wh3_dlc29_skill_node_nag_nagash_unique_1_03
effect,warhammer_3,9.0,25507028,Undead Legions,undead_legions,wh3_dlc29_sc_nag_undead_legions,Nagash,Nagash,legendary_lord,wh3_dlc29_nag_nagash,general,general,wh3_dlc29_nag_host_of_nagash|wh3_dlc29_nag_host_of_nagash_qb1,true,false,true,true,false,true,wh3_dlc29_lore_undeath,legendary_lords,wh3_dlc29_skill_node_set_nag_nagash,,1,general,false,false,,,,wh3_dlc29_skill_node_nag_nagash_unique_1_03,wh3_dlc29_skill_nag_nagash_unique_wizard_05,Heralds of the Accursed One,"The Hammurai, Heralds of the sky-god Ptra, once descended upon Nagash to avenge the affront he was upon the divine. After, they became his, Heralds and Harbingers both.",wh2_dlc10_guardian.png,2,1,0,0,true,0,1,1,Heralds of the Accursed One,"The Hammurai, Heralds of the sky-god Ptra, once descended upon Nagash to avenge the affront he was upon the divine. After, they became his, Heralds and Harbingers both.",,,,,,wh3_dlc29_effect_ability_enable_guardian_morghast,"Passive ability: ""Guardian"" for Morghast units",,general_to_force_own,1,battle,600,true,general_ability.png,general_ability.png,,,,,,,,,,,,,,,,,,,,,,,character_skill_level_to_effects_junctions_tables,wh3_dlc29_skill_nag_nagash_unique_wizard_05|wh3_dlc29_effect_ability_enable_guardian_morghast|1|general_to_force_own
effect,warhammer_3,9.0,25507028,Undead Legions,undead_legions,wh3_dlc29_sc_nag_undead_legions,Nagash,Nagash,legendary_lord,wh3_dlc29_nag_nagash,general,general,wh3_dlc29_nag_host_of_nagash|wh3_dlc29_nag_host_of_nagash_qb1,true,false,true,true,false,true,wh3_dlc29_lore_undeath,legendary_lords,wh3_dlc29_skill_node_set_nag_nagash,,1,general,false,false,,,,wh3_dlc29_skill_node_nag_nagash_unique_1_03,wh3_dlc29_skill_nag_nagash_unique_wizard_05,Heralds of the Accursed One,"The Hammurai, Heralds of the sky-god Ptra, once descended upon Nagash to avenge the affront he was upon the divine. After, they became his, Heralds and Harbingers both.",wh2_dlc10_guardian.png,2,1,0,0,true,0,1,1,Heralds of the Accursed One,"The Hammurai, Heralds of the sky-god Ptra, once descended upon Nagash to avenge the affront he was upon the divine. After, they became his, Heralds and Harbingers both.",,,,,,wh3_dlc29_effect_force_campaign_recruitment_cost_morghast,Recruitment cost: %+n% for Morghast units,,general_to_force_own,-50,campaign,106,false,treasury.png,treasury.png,,,,,,,,,,,,,,,,,,,,,,,character_skill_level_to_effects_junctions_tables,wh3_dlc29_skill_nag_nagash_unique_wizard_05|wh3_dlc29_effect_force_campaign_recruitment_cost_morghast|1|general_to_force_own
effect,warhammer_3,9.0,25507028,Undead Legions,undead_legions,wh3_dlc29_sc_nag_undead_legions,Nagash,Nagash,legendary_lord,wh3_dlc29_nag_nagash,general,general,wh3_dlc29_nag_host_of_nagash|wh3_dlc29_nag_host_of_nagash_qb1,true,false,true,true,false,true,wh3_dlc29_lore_undeath,legendary_lords,wh3_dlc29_skill_node_set_nag_nagash,,1,general,false,false,,,,wh3_dlc29_skill_node_nag_nagash_unique_1_03,wh3_dlc29_skill_nag_nagash_unique_wizard_05,Heralds of the Accursed One,"The Hammurai, Heralds of the sky-god Ptra, once descended upon Nagash to avenge the affront he was upon the divine. After, they became his, Heralds and Harbingers both.",wh2_dlc10_guardian.png,2,1,0,0,true,0,1,1,Heralds of the Accursed One,"The Hammurai, Heralds of the sky-god Ptra, once descended upon Nagash to avenge the affront he was upon the divine. After, they became his, Heralds and Harbingers both.",,,,,,wh3_dlc29_effect_force_upkeep_morghasts,Upkeep: %+n% for Morghast units,,general_to_force_own,-25,campaign,2,false,military_spending.png,military_spending.png,,,,,,,,,,,,,,,,,,,,,,,character_skill_level_to_effects_junctions_tables,wh3_dlc29_skill_nag_nagash_unique_wizard_05|wh3_dlc29_effect_force_upkeep_morghasts|1|general_to_force_own
node,warhammer_3,9.0,25507028,Undead Legions,undead_legions,wh3_dlc29_sc_nag_undead_legions,Nagash,Nagash,legendary_lord,wh3_dlc29_nag_nagash,general,general,wh3_dlc29_nag_host_of_nagash|wh3_dlc29_nag_host_of_nagash_qb1,true,false,true,true,false,true,wh3_dlc29_lore_undeath,legendary_lords,wh3_dlc29_skill_node_set_nag_nagash,,1,general,false,false,,,,wh3_dlc29_skill_nag_nagash_personal_2,wh2_dlc11_skill_all_lord_self_wound-maker,{{tr:character_skills_localised_name_wh_main_skill_all_all_self_wound-maker}},{{tr:character_skills_localised_description_wh_main_skill_all_all_self_wound-maker}},character_damage.png,2,2,0,0,true,0,2,,,,,,,,,,,,,,,,,,,,,,,,,,,,,,,,,,,,,,,,,character_skill_nodes_tables,wh3_dlc29_skill_nag_nagash_personal_2
effect,warhammer_3,9.0,25507028,Undead Legions,undead_legions,wh3_dlc29_sc_nag_undead_legions,Nagash,Nagash,legendary_lord,wh3_dlc29_nag_nagash,general,general,wh3_dlc29_nag_host_of_nagash|wh3_dlc29_nag_host_of_nagash_qb1,true,false,true,true,false,true,wh3_dlc29_lore_undeath,legendary_lords,wh3_dlc29_skill_node_set_nag_nagash,,1,general,false,false,,,,wh3_dlc29_skill_nag_nagash_personal_2,wh2_dlc11_skill_all_lord_self_wound-maker,{{tr:character_skills_localised_name_wh_main_skill_all_all_self_wound-maker}},{{tr:character_skills_localised_description_wh_main_skill_all_all_self_wound-maker}},character_damage.png,2,2,0,0,true,0,2,1,{{tr:character_skills_localised_name_wh_main_skill_all_all_self_wound-maker}},{{tr:character_skills_localised_description_wh_main_skill_all_all_self_wound-maker}},,,,,,wh_main_effect_character_stat_weapon_strength,Weapon strength: %+n%,,character_to_character_own,10,both,160,true,weapon_damage_character.png,weapon_damage_character.png,,,,,,,,,,,,,,,,,,,,,,,character_skill_level_to_effects_junctions_tables,wh2_dlc11_skill_all_lord_self_wound-maker|wh_main_effect_character_stat_weapon_strength|1|character_to_character_own
effect,warhammer_3,9.0,25507028,Undead Legions,undead_legions,wh3_dlc29_sc_nag_undead_legions,Nagash,Nagash,legendary_lord,wh3_dlc29_nag_nagash,general,general,wh3_dlc29_nag_host_of_nagash|wh3_dlc29_nag_host_of_nagash_qb1,true,false,true,true,false,true,wh3_dlc29_lore_undeath,legendary_lords,wh3_dlc29_skill_node_set_nag_nagash,,1,general,false,false,,,,wh3_dlc29_skill_nag_nagash_personal_2,wh2_dlc11_skill_all_lord_self_wound-maker,{{tr:character_skills_localised_name_wh_main_skill_all_all_self_wound-maker}},{{tr:character_skills_localised_description_wh_main_skill_all_all_self_wound-maker}},character_damage.png,2,2,0,0,true,0,2,2,{{tr:character_skills_localised_name_wh_main_skill_all_all_self_wound-maker}},{{tr:character_skills_localised_description_wh_main_skill_all_all_self_wound-maker}},,,,,,wh_main_effect_character_stat_weapon_strength,Weapon strength: %+n%,,character_to_character_own,20,both,160,true,weapon_damage_character.png,weapon_damage_character.png,,,,,,,,,,,,,,,,,,,,,,,character_skill_level_to_effects_junctions_tables,wh2_dlc11_skill_all_lord_self_wound-maker|wh_main_effect_character_stat_weapon_strength|2|character_to_character_own
node,warhammer_3,9.0,25507028,Undead Legions,undead_legions,wh3_dlc29_sc_nag_undead_legions,Nagash,Nagash,legendary_lord,wh3_dlc29_nag_nagash,general,general,wh3_dlc29_nag_host_of_nagash|wh3_dlc29_nag_host_of_nagash_qb1,true,false,true,true,false,true,wh3_dlc29_lore_undeath,legendary_lords,wh3_dlc29_skill_node_set_nag_nagash,,1,general,false,false,,,,wh3_dlc29_skill_node_nag_nagash_magic1_03,wh3_dlc29_skill_nag_magic_undeath_03_sulekhim_the_hand_of_dust,{{tr:unit_abilities_onscreen_name_wh3_dlc29_spell_undeath_sulekhim_hand_of_dust}},,wh3_dlc29_spell_undeath_sulekhim_hand_of_dust.png,2,3,0,0,true,0,2,,,,,,,,,,,,,,,,,,,,,,,,,,,,,,,,,,,,,,,,,character_skill_nodes_tables,wh3_dlc29_skill_node_nag_nagash_magic1_03
effect,warhammer_3,9.0,25507028,Undead Legions,undead_legions,wh3_dlc29_sc_nag_undead_legions,Nagash,Nagash,legendary_lord,wh3_dlc29_nag_nagash,general,general,wh3_dlc29_nag_host_of_nagash|wh3_dlc29_nag_host_of_nagash_qb1,true,false,true,true,false,true,wh3_dlc29_lore_undeath,legendary_lords,wh3_dlc29_skill_node_set_nag_nagash,,1,general,false,false,,,,wh3_dlc29_skill_node_nag_nagash_magic1_03,wh3_dlc29_skill_nag_magic_undeath_03_sulekhim_the_hand_of_dust,{{tr:unit_abilities_onscreen_name_wh3_dlc29_spell_undeath_sulekhim_hand_of_dust}},,wh3_dlc29_spell_undeath_sulekhim_hand_of_dust.png,2,3,0,0,true,0,2,1,{{tr:unit_abilities_onscreen_name_wh3_dlc29_spell_undeath_sulekhim_hand_of_dust}},,,,,,,wh3_dlc29_effect_ability_cooldown_hand_of_dust,"Cooldown: %+n% to ""{{tr:unit_abilities_onscreen_name_wh3_dlc29_spell_undeath_sulekhim_hand_of_dust}}""",,character_to_character_own,-30,both,293,false,magic_cooldown.png,magic_cooldown.png,,,,,,,,,,,,,,,,,,,,,,,character_skill_level_to_effects_junctions_tables,wh3_dlc29_skill_nag_magic_undeath_03_sulekhim_the_hand_of_dust|wh3_dlc29_effect_ability_cooldown_hand_of_dust|1|character_to_character_own
effect,warhammer_3,9.0,25507028,Undead Legions,undead_legions,wh3_dlc29_sc_nag_undead_legions,Nagash,Nagash,legendary_lord,wh3_dlc29_nag_nagash,general,general,wh3_dlc29_nag_host_of_nagash|wh3_dlc29_nag_host_of_nagash_qb1,true,false,true,true,false,true,wh3_dlc29_lore_undeath,legendary_lords,wh3_dlc29_skill_node_set_nag_nagash,,1,general,false,false,,,,wh3_dlc29_skill_node_nag_nagash_magic1_03,wh3_dlc29_skill_nag_magic_undeath_03_sulekhim_the_hand_of_dust,{{tr:unit_abilities_onscreen_name_wh3_dlc29_spell_undeath_sulekhim_hand_of_dust}},,wh3_dlc29_spell_undeath_sulekhim_hand_of_dust.png,2,3,0,0,true,0,2,1,{{tr:unit_abilities_onscreen_name_wh3_dlc29_spell_undeath_sulekhim_hand_of_dust}},,,,,,,wh3_dlc29_effect_ability_enable_sulekhim_hand_of_dust_upgraded,"Overcast spell: ""{{tr:unit_abilities_onscreen_name_wh3_dlc29_spell_undeath_sulekhim_hand_of_dust}}""",,character_to_character_own,1,battle,291,true,magic_character.png,magic_character.png,,,,,,,,,,,,,,,,,,,,,,,character_skill_level_to_effects_junctions_tables,wh3_dlc29_skill_nag_magic_undeath_03_sulekhim_the_hand_of_dust|wh3_dlc29_effect_ability_enable_sulekhim_hand_of_dust_upgraded|1|character_to_character_own
effect,warhammer_3,9.0,25507028,Undead Legions,undead_legions,wh3_dlc29_sc_nag_undead_legions,Nagash,Nagash,legendary_lord,wh3_dlc29_nag_nagash,general,general,wh3_dlc29_nag_host_of_nagash|wh3_dlc29_nag_host_of_nagash_qb1,true,false,true,true,false,true,wh3_dlc29_lore_undeath,legendary_lords,wh3_dlc29_skill_node_set_nag_nagash,,1,general,false,false,,,,wh3_dlc29_skill_node_nag_nagash_magic1_03,wh3_dlc29_skill_nag_magic_undeath_03_sulekhim_the_hand_of_dust,{{tr:unit_abilities_onscreen_name_wh3_dlc29_spell_undeath_sulekhim_hand_of_dust}},,wh3_dlc29_spell_undeath_sulekhim_hand_of_dust.png,2,3,0,0,true,0,2,2,{{tr:unit_abilities_onscreen_name_wh3_dlc29_spell_undeath_sulekhim_hand_of_dust}},,,,,,,wh3_dlc29_effect_ability_cooldown_hand_of_dust,"Cooldown: %+n% to ""{{tr:unit_abilities_onscreen_name_wh3_dlc29_spell_undeath_sulekhim_hand_of_dust}}""",,character_to_character_own,-50,both,293,false,magic_cooldown.png,magic_cooldown.png,,,,,,,,,,,,,,,,,,,,,,,character_skill_level_to_effects_junctions_tables,wh3_dlc29_skill_nag_magic_undeath_03_sulekhim_the_hand_of_dust|wh3_dlc29_effect_ability_cooldown_hand_of_dust|2|character_to_character_own
effect,warhammer_3,9.0,25507028,Undead Legions,undead_legions,wh3_dlc29_sc_nag_undead_legions,Nagash,Nagash,legendary_lord,wh3_dlc29_nag_nagash,general,general,wh3_dlc29_nag_host_of_nagash|wh3_dlc29_nag_host_of_nagash_qb1,true,false,true,true,false,true,wh3_dlc29_lore_undeath,legendary_lords,wh3_dlc29_skill_node_set_nag_nagash,,1,general,false,false,,,,wh3_dlc29_skill_node_nag_nagash_magic1_03,wh3_dlc29_skill_nag_magic_undeath_03_sulekhim_the_hand_of_dust,{{tr:unit_abilities_onscreen_name_wh3_dlc29_spell_undeath_sulekhim_hand_of_dust}},,wh3_dlc29_spell_undeath_sulekhim_hand_of_dust.png,2,3,0,0,true,0,2,2,{{tr:unit_abilities_onscreen_name_wh3_dlc29_spell_undeath_sulekhim_hand_of_dust}},,,,,,,wh3_dlc29_effect_ability_enable_sulekhim_hand_of_dust_upgraded,"Overcast spell: ""{{tr:unit_abilities_onscreen_name_wh3_dlc29_spell_undeath_sulekhim_hand_of_dust}}""",,character_to_character_own,1,battle,291,true,magic_character.png,magic_character.png,,,,,,,,,,,,,,,,,,,,,,,character_skill_level_to_effects_junctions_tables,wh3_dlc29_skill_nag_magic_undeath_03_sulekhim_the_hand_of_dust|wh3_dlc29_effect_ability_enable_sulekhim_hand_of_dust_upgraded|2|character_to_character_own
effect,warhammer_3,9.0,25507028,Undead Legions,undead_legions,wh3_dlc29_sc_nag_undead_legions,Nagash,Nagash,legendary_lord,wh3_dlc29_nag_nagash,general,general,wh3_dlc29_nag_host_of_nagash|wh3_dlc29_nag_host_of_nagash_qb1,true,false,true,true,false,true,wh3_dlc29_lore_undeath,legendary_lords,wh3_dlc29_skill_node_set_nag_nagash,,1,general,false,false,,,,wh3_dlc29_skill_node_nag_nagash_magic1_03,wh3_dlc29_skill_nag_magic_undeath_03_sulekhim_the_hand_of_dust,{{tr:unit_abilities_onscreen_name_wh3_dlc29_spell_undeath_sulekhim_hand_of_dust}},,wh3_dlc29_spell_undeath_sulekhim_hand_of_dust.png,2,3,0,0,true,0,2,2,{{tr:unit_abilities_onscreen_name_wh3_dlc29_spell_undeath_sulekhim_hand_of_dust}},,,,,,,wh3_dlc29_effect_ability_miscast_hand_of_dust_upgraded,"Miscast base chance: %+n% for ""{{tr:unit_abilities_onscreen_name_wh3_dlc29_spell_undeath_sulekhim_hand_of_dust}} Upgraded""",,character_to_character_own,-15,both,298,false,magic.png,magic.png,,,,,,,,,,,,,,,,,,,,,,,character_skill_level_to_effects_junctions_tables,wh3_dlc29_skill_nag_magic_undeath_03_sulekhim_the_hand_of_dust|wh3_dlc29_effect_ability_miscast_hand_of_dust_upgraded|2|character_to_character_own
effect,warhammer_3,9.0,25507028,Undead Legions,undead_legions,wh3_dlc29_sc_nag_undead_legions,Nagash,Nagash,legendary_lord,wh3_dlc29_nag_nagash,general,general,wh3_dlc29_nag_host_of_nagash|wh3_dlc29_nag_host_of_nagash_qb1,true,false,true,true,false,true,wh3_dlc29_lore_undeath,legendary_lords,wh3_dlc29_skill_node_set_nag_nagash,,1,general,false,false,,,,wh3_dlc29_skill_node_nag_nagash_magic1_03,wh3_dlc29_skill_nag_magic_undeath_03_sulekhim_the_hand_of_dust,{{tr:unit_abilities_onscreen_name_wh3_dlc29_spell_undeath_sulekhim_hand_of_dust}},,wh3_dlc29_spell_undeath_sulekhim_hand_of_dust.png,2,3,0,0,true,0,2,2,{{tr:unit_abilities_onscreen_name_wh3_dlc29_spell_undeath_sulekhim_hand_of_dust}},,,,,,,wh3_dlc29_effect_ability_wom_cost_hand_of_dust,"Winds of Magic cost: %n for ""{{tr:unit_abilities_onscreen_name_wh3_dlc29_spell_undeath_sulekhim_hand_of_dust}}""",,character_to_character_own,-1,both,294,false,magic_character.png,magic_character.png,,,,,,,,,,,,,,,,,,,,,,,character_skill_level_to_effects_junctions_tables,wh3_dlc29_skill_nag_magic_undeath_03_sulekhim_the_hand_of_dust|wh3_dlc29_effect_ability_wom_cost_hand_of_dust|2|character_to_character_own
effect,warhammer_3,9.0,25507028,Undead Legions,undead_legions,wh3_dlc29_sc_nag_undead_legions,Nagash,Nagash,legendary_lord,wh3_dlc29_nag_nagash,general,general,wh3_dlc29_nag_host_of_nagash|wh3_dlc29_nag_host_of_nagash_qb1,true,false,true,true,false,true,wh3_dlc29_lore_undeath,legendary_lords,wh3_dlc29_skill_node_set_nag_nagash,,1,general,false,false,,,,wh3_dlc29_skill_node_nag_nagash_magic1_03,wh3_dlc29_skill_nag_magic_undeath_03_sulekhim_the_hand_of_dust,{{tr:unit_abilities_onscreen_name_wh3_dlc29_spell_undeath_sulekhim_hand_of_dust}},,wh3_dlc29_spell_undeath_sulekhim_hand_of_dust.png,2,3,0,0,true,0,2,2,{{tr:unit_abilities_onscreen_name_wh3_dlc29_spell_undeath_sulekhim_hand_of_dust}},,,,,,,wh3_dlc29_effect_ability_wom_cost_hand_of_dust_upgraded,"Winds of Magic cost: %n for ""{{tr:unit_abilities_onscreen_name_wh3_dlc29_spell_undeath_sulekhim_hand_of_dust}} Upgraded""",,character_to_character_own,-2,both,294,false,magic_character.png,magic_character.png,,,,,,,,,,,,,,,,,,,,,,,character_skill_level_to_effects_junctions_tables,wh3_dlc29_skill_nag_magic_undeath_03_sulekhim_the_hand_of_dust|wh3_dlc29_effect_ability_wom_cost_hand_of_dust_upgraded|2|character_to_character_own
node,warhammer_3,9.0,25507028,Undead Legions,undead_legions,wh3_dlc29_sc_nag_undead_legions,Nagash,Nagash,legendary_lord,wh3_dlc29_nag_nagash,general,general,wh3_dlc29_nag_host_of_nagash|wh3_dlc29_nag_host_of_nagash_qb1,true,false,true,true,false,true,wh3_dlc29_lore_undeath,legendary_lords,wh3_dlc29_skill_node_set_nag_nagash,,1,general,false,false,,,,wh3_dlc29_skill_node_nag_nagash_battle_03,wh3_dlc29_skill_nag_lord_battle_risen_precision,As the Sky Rains Death,This veil cast forth by Nagash's servants from afar is but a taste of the heavens' piercing darkness once his work is finished.,battle_ranged_damage.png,2,4,0,0,true,0,3,,,,,,,,,,,,,,,,,,,,,,,,,,,,,,,,,,,,,,,,,character_skill_nodes_tables,wh3_dlc29_skill_node_nag_nagash_battle_03
effect,warhammer_3,9.0,25507028,Undead Legions,undead_legions,wh3_dlc29_sc_nag_undead_legions,Nagash,Nagash,legendary_lord,wh3_dlc29_nag_nagash,general,general,wh3_dlc29_nag_host_of_nagash|wh3_dlc29_nag_host_of_nagash_qb1,true,false,true,true,false,true,wh3_dlc29_lore_undeath,legendary_lords,wh3_dlc29_skill_node_set_nag_nagash,,1,general,false,false,,,,wh3_dlc29_skill_node_nag_nagash_battle_03,wh3_dlc29_skill_nag_lord_battle_risen_precision,As the Sky Rains Death,This veil cast forth by Nagash's servants from afar is but a taste of the heavens' piercing darkness once his work is finished.,battle_ranged_damage.png,2,4,0,0,true,0,3,1,As the Sky Rains Death,This veil cast forth by Nagash's servants from afar is but a taste of the heavens' piercing darkness once his work is finished.,,,,,,wh3_dlc29_effect_force_stat_missile_damage_nag_missile_units_artillery,Missile strength: %+n% for all Missile and Artillery units,,general_to_force_own,6,battle,500,true,ranged_damage.png,ranged_damage.png,,,,,,,,,,,,,,,,,,,,,,,character_skill_level_to_effects_junctions_tables,wh3_dlc29_skill_nag_lord_battle_risen_precision|wh3_dlc29_effect_force_stat_missile_damage_nag_missile_units_artillery|1|general_to_force_own
effect,warhammer_3,9.0,25507028,Undead Legions,undead_legions,wh3_dlc29_sc_nag_undead_legions,Nagash,Nagash,legendary_lord,wh3_dlc29_nag_nagash,general,general,wh3_dlc29_nag_host_of_nagash|wh3_dlc29_nag_host_of_nagash_qb1,true,false,true,true,false,true,wh3_dlc29_lore_undeath,legendary_lords,wh3_dlc29_skill_node_set_nag_nagash,,1,general,false,false,,,,wh3_dlc29_skill_node_nag_nagash_battle_03,wh3_dlc29_skill_nag_lord_battle_risen_precision,As the Sky Rains Death,This veil cast forth by Nagash's servants from afar is but a taste of the heavens' piercing darkness once his work is finished.,battle_ranged_damage.png,2,4,0,0,true,0,3,2,As the Sky Rains Death,This veil cast forth by Nagash's servants from afar is but a taste of the heavens' piercing darkness once his work is finished.,,,,,,wh3_dlc29_effect_force_stat_ammunition_nag_missile_units_artillery,Ammunition: %+n% for all Missile and Artillery units,,general_to_force_own,10,battle,511,true,ammo.png,ammo.png,,,,,,,,,,,,,,,,,,,,,,,character_skill_level_to_effects_junctions_tables,wh3_dlc29_skill_nag_lord_battle_risen_precision|wh3_dlc29_effect_force_stat_ammunition_nag_missile_units_artillery|2|general_to_force_own
effect,warhammer_3,9.0,25507028,Undead Legions,undead_legions,wh3_dlc29_sc_nag_undead_legions,Nagash,Nagash,legendary_lord,wh3_dlc29_nag_nagash,general,general,wh3_dlc29_nag_host_of_nagash|wh3_dlc29_nag_host_of_nagash_qb1,true,false,true,true,false,true,wh3_dlc29_lore_undeath,legendary_lords,wh3_dlc29_skill_node_set_nag_nagash,,1,general,false,false,,,,wh3_dlc29_skill_node_nag_nagash_battle_03,wh3_dlc29_skill_nag_lord_battle_risen_precision,As the Sky Rains Death,This veil cast forth by Nagash's servants from afar is but a taste of the heavens' piercing darkness once his work is finished.,battle_ranged_damage.png,2,4,0,0,true,0,3,2,As the Sky Rains Death,This veil cast forth by Nagash's servants from afar is but a taste of the heavens' piercing darkness once his work is finished.,,,,,,wh3_dlc29_effect_force_stat_missile_damage_nag_missile_units_artillery,Missile strength: %+n% for all Missile and Artillery units,,general_to_force_own,9,battle,500,true,ranged_damage.png,ranged_damage.png,,,,,,,,,,,,,,,,,,,,,,,character_skill_level_to_effects_junctions_tables,wh3_dlc29_skill_nag_lord_battle_risen_precision|wh3_dlc29_effect_force_stat_missile_damage_nag_missile_units_artillery|2|general_to_force_own
effect,warhammer_3,9.0,25507028,Undead Legions,undead_legions,wh3_dlc29_sc_nag_undead_legions,Nagash,Nagash,legendary_lord,wh3_dlc29_nag_nagash,general,general,wh3_dlc29_nag_host_of_nagash|wh3_dlc29_nag_host_of_nagash_qb1,true,false,true,true,false,true,wh3_dlc29_lore_undeath,legendary_lords,wh3_dlc29_skill_node_set_nag_nagash,,1,general,false,false,,,,wh3_dlc29_skill_node_nag_nagash_battle_03,wh3_dlc29_skill_nag_lord_battle_risen_precision,As the Sky Rains Death,This veil cast forth by Nagash's servants from afar is but a taste of the heavens' piercing darkness once his work is finished.,battle_ranged_damage.png,2,4,0,0,true,0,3,3,As the Sky Rains Death,This veil cast forth by Nagash's servants from afar is but a taste of the heavens' piercing darkness once his work is finished.,,,,,,wh3_dlc29_effect_force_stat_ammunition_nag_missile_units_artillery,Ammunition: %+n% for all Missile and Artillery units,,general_to_force_own,20,battle,511,true,ammo.png,ammo.png,,,,,,,,,,,,,,,,,,,,,,,character_skill_level_to_effects_junctions_tables,wh3_dlc29_skill_nag_lord_battle_risen_precision|wh3_dlc29_effect_force_stat_ammunition_nag_missile_units_artillery|3|general_to_force_own
effect,warhammer_3,9.0,25507028,Undead Legions,undead_legions,wh3_dlc29_sc_nag_undead_legions,Nagash,Nagash,legendary_lord,wh3_dlc29_nag_nagash,general,general,wh3_dlc29_nag_host_of_nagash|wh3_dlc29_nag_host_of_nagash_qb1,true,false,true,true,false,true,wh3_dlc29_lore_undeath,legendary_lords,wh3_dlc29_skill_node_set_nag_nagash,,1,general,false,false,,,,wh3_dlc29_skill_node_nag_nagash_battle_03,wh3_dlc29_skill_nag_lord_battle_risen_precision,As the Sky Rains Death,This veil cast forth by Nagash's servants from afar is but a taste of the heavens' piercing darkness once his work is finished.,battle_ranged_damage.png,2,4,0,0,true,0,3,3,As the Sky Rains Death,This veil cast forth by Nagash's servants from afar is but a taste of the heavens' piercing darkness once his work is finished.,,,,,,wh3_dlc29_effect_force_stat_missile_damage_nag_missile_units_artillery,Missile strength: %+n% for all Missile and Artillery units,,general_to_force_own,12,battle,500,true,ranged_damage.png,ranged_damage.png,,,,,,,,,,,,,,,,,,,,,,,character_skill_level_to_effects_junctions_tables,wh3_dlc29_skill_nag_lord_battle_risen_precision|wh3_dlc29_effect_force_stat_missile_damage_nag_missile_units_artillery|3|general_to_force_own
node,warhammer_3,9.0,25507028,Undead Legions,undead_legions,wh3_dlc29_sc_nag_undead_legions,Nagash,Nagash,legendary_lord,wh3_dlc29_nag_nagash,general,general,wh3_dlc29_nag_host_of_nagash|wh3_dlc29_nag_host_of_nagash_qb1,true,false,true,true,false,true,wh3_dlc29_lore_undeath,legendary_lords,wh3_dlc29_skill_node_set_nag_nagash,,1,general,false,false,,,,wh3_dlc29_skill_node_nag_nagash_campaign_03,wh3_dlc29_skill_nag_lord_campaign_rule_with_fear,Absolute,"Whatever exists in Nagash's domain is his by right. Through Shyish, the force which animates it, it is chained to the Supreme Lord of the Undead forever.",campaign_public_order.png,2,5,0,0,true,0,3,,,,,,,,,,,,,,,,,,,,,,,,,,,,,,,,,,,,,,,,,character_skill_nodes_tables,wh3_dlc29_skill_node_nag_nagash_campaign_03
effect,warhammer_3,9.0,25507028,Undead Legions,undead_legions,wh3_dlc29_sc_nag_undead_legions,Nagash,Nagash,legendary_lord,wh3_dlc29_nag_nagash,general,general,wh3_dlc29_nag_host_of_nagash|wh3_dlc29_nag_host_of_nagash_qb1,true,false,true,true,false,true,wh3_dlc29_lore_undeath,legendary_lords,wh3_dlc29_skill_node_set_nag_nagash,,1,general,false,false,,,,wh3_dlc29_skill_node_nag_nagash_campaign_03,wh3_dlc29_skill_nag_lord_campaign_rule_with_fear,Absolute,"Whatever exists in Nagash's domain is his by right. Through Shyish, the force which animates it, it is chained to the Supreme Lord of the Undead forever.",campaign_public_order.png,2,5,0,0,true,0,3,1,Absolute,"Whatever exists in Nagash's domain is his by right. Through Shyish, the force which animates it, it is chained to the Supreme Lord of the Undead forever.",,,,,,wh_main_effect_building_construction_cost_mod,Construction cost: %+n% for all buildings,,character_to_region_own_provincewide,-3,campaign,101,false,treasury.png,treasury.png,,,,,,,,,,,,,,,,,,,,,,,character_skill_level_to_effects_junctions_tables,wh3_dlc29_skill_nag_lord_campaign_rule_with_fear|wh_main_effect_building_construction_cost_mod|1|character_to_region_own_provincewide
effect,warhammer_3,9.0,25507028,Undead Legions,undead_legions,wh3_dlc29_sc_nag_undead_legions,Nagash,Nagash,legendary_lord,wh3_dlc29_nag_nagash,general,general,wh3_dlc29_nag_host_of_nagash|wh3_dlc29_nag_host_of_nagash_qb1,true,false,true,true,false,true,wh3_dlc29_lore_undeath,legendary_lords,wh3_dlc29_skill_node_set_nag_nagash,,1,general,false,false,,,,wh3_dlc29_skill_node_nag_nagash_campaign_03,wh3_dlc29_skill_nag_lord_campaign_rule_with_fear,Absolute,"Whatever exists in Nagash's domain is his by right. Through Shyish, the force which animates it, it is chained to the Supreme Lord of the Undead forever.",campaign_public_order.png,2,5,0,0,true,0,3,1,Absolute,"Whatever exists in Nagash's domain is his by right. Through Shyish, the force which animates it, it is chained to the Supreme Lord of the Undead forever.",,,,,,wh_main_effect_public_order_characters,{{tr:public_order_effect}}: %+n,,character_to_province_own,2,campaign,6,true,public_order.png,public_order.png,,,,,,,,,,,,,,,,,,,,,,,character_skill_level_to_effects_junctions_tables,wh3_dlc29_skill_nag_lord_campaign_rule_with_fear|wh_main_effect_public_order_characters|1|character_to_province_own
effect,warhammer_3,9.0,25507028,Undead Legions,undead_legions,wh3_dlc29_sc_nag_undead_legions,Nagash,Nagash,legendary_lord,wh3_dlc29_nag_nagash,general,general,wh3_dlc29_nag_host_of_nagash|wh3_dlc29_nag_host_of_nagash_qb1,true,false,true,true,false,true,wh3_dlc29_lore_undeath,legendary_lords,wh3_dlc29_skill_node_set_nag_nagash,,1,general,false,false,,,,wh3_dlc29_skill_node_nag_nagash_campaign_03,wh3_dlc29_skill_nag_lord_campaign_rule_with_fear,Absolute,"Whatever exists in Nagash's domain is his by right. Through Shyish, the force which animates it, it is chained to the Supreme Lord of the Undead forever.",campaign_public_order.png,2,5,0,0,true,0,3,2,Absolute,"Whatever exists in Nagash's domain is his by right. Through Shyish, the force which animates it, it is chained to the Supreme Lord of the Undead forever.",,,,,,wh_main_effect_building_construction_cost_mod,Construction cost: %+n% for all buildings,,character_to_region_own_provincewide,-6,campaign,101,false,treasury.png,treasury.png,,,,,,,,,,,,,,,,,,,,,,,character_skill_level_to_effects_junctions_tables,wh3_dlc29_skill_nag_lord_campaign_rule_with_fear|wh_main_effect_building_construction_cost_mod|2|character_to_region_own_provincewide
effect,warhammer_3,9.0,25507028,Undead Legions,undead_legions,wh3_dlc29_sc_nag_undead_legions,Nagash,Nagash,legendary_lord,wh3_dlc29_nag_nagash,general,general,wh3_dlc29_nag_host_of_nagash|wh3_dlc29_nag_host_of_nagash_qb1,true,false,true,true,false,true,wh3_dlc29_lore_undeath,legendary_lords,wh3_dlc29_skill_node_set_nag_nagash,,1,general,false,false,,,,wh3_dlc29_skill_node_nag_nagash_campaign_03,wh3_dlc29_skill_nag_lord_campaign_rule_with_fear,Absolute,"Whatever exists in Nagash's domain is his by right. Through Shyish, the force which animates it, it is chained to the Supreme Lord of the Undead forever.",campaign_public_order.png,2,5,0,0,true,0,3,2,Absolute,"Whatever exists in Nagash's domain is his by right. Through Shyish, the force which animates it, it is chained to the Supreme Lord of the Undead forever.",,,,,,wh_main_effect_public_order_characters,{{tr:public_order_effect}}: %+n,,character_to_province_own,3,campaign,6,true,public_order.png,public_order.png,,,,,,,,,,,,,,,,,,,,,,,character_skill_level_to_effects_junctions_tables,wh3_dlc29_skill_nag_lord_campaign_rule_with_fear|wh_main_effect_public_order_characters|2|character_to_province_own
effect,warhammer_3,9.0,25507028,Undead Legions,undead_legions,wh3_dlc29_sc_nag_undead_legions,Nagash,Nagash,legendary_lord,wh3_dlc29_nag_nagash,general,general,wh3_dlc29_nag_host_of_nagash|wh3_dlc29_nag_host_of_nagash_qb1,true,false,true,true,false,true,wh3_dlc29_lore_undeath,legendary_lords,wh3_dlc29_skill_node_set_nag_nagash,,1,general,false,false,,,,wh3_dlc29_skill_node_nag_nagash_campaign_03,wh3_dlc29_skill_nag_lord_campaign_rule_with_fear,Absolute,"Whatever exists in Nagash's domain is his by right. Through Shyish, the force which animates it, it is chained to the Supreme Lord of the Undead forever.",campaign_public_order.png,2,5,0,0,true,0,3,3,Absolute,"Whatever exists in Nagash's domain is his by right. Through Shyish, the force which animates it, it is chained to the Supreme Lord of the Undead forever.",,,,,,wh_main_effect_building_construction_cost_mod,Construction cost: %+n% for all buildings,,character_to_region_own_provincewide,-10,campaign,101,false,treasury.png,treasury.png,,,,,,,,,,,,,,,,,,,,,,,character_skill_level_to_effects_junctions_tables,wh3_dlc29_skill_nag_lord_campaign_rule_with_fear|wh_main_effect_building_construction_cost_mod|3|character_to_region_own_provincewide
effect,warhammer_3,9.0,25507028,Undead Legions,undead_legions,wh3_dlc29_sc_nag_undead_legions,Nagash,Nagash,legendary_lord,wh3_dlc29_nag_nagash,general,general,wh3_dlc29_nag_host_of_nagash|wh3_dlc29_nag_host_of_nagash_qb1,true,false,true,true,false,true,wh3_dlc29_lore_undeath,legendary_lords,wh3_dlc29_skill_node_set_nag_nagash,,1,general,false,false,,,,wh3_dlc29_skill_node_nag_nagash_campaign_03,wh3_dlc29_skill_nag_lord_campaign_rule_with_fear,Absolute,"Whatever exists in Nagash's domain is his by right. Through Shyish, the force which animates it, it is chained to the Supreme Lord of the Undead forever.",campaign_public_order.png,2,5,0,0,true,0,3,3,Absolute,"Whatever exists in Nagash's domain is his by right. Through Shyish, the force which animates it, it is chained to the Supreme Lord of the Undead forever.",,,,,,wh_main_effect_public_order_characters,{{tr:public_order_effect}}: %+n,,character_to_province_own,4,campaign,6,true,public_order.png,public_order.png,,,,,,,,,,,,,,,,,,,,,,,character_skill_level_to_effects_junctions_tables,wh3_dlc29_skill_nag_lord_campaign_rule_with_fear|wh_main_effect_public_order_characters|3|character_to_province_own
node,warhammer_3,9.0,25507028,Undead Legions,undead_legions,wh3_dlc29_sc_nag_undead_legions,Nagash,Nagash,legendary_lord,wh3_dlc29_nag_nagash,general,general,wh3_dlc29_nag_host_of_nagash|wh3_dlc29_nag_host_of_nagash_qb1,true,false,true,true,false,true,wh3_dlc29_lore_undeath,legendary_lords,wh3_dlc29_skill_node_set_nag_nagash,,1,general,false,false,,,,wh3_dlc29_skill_node_nag_nagash_unique_0_04,wh3_dlc29_skill_nag_lord_unique_top_03,{{tr:unit_abilities_onscreen_name_wh3_dlc29_lord_passive_liche_ascendant}},{{tr:unit_abilities_tooltip_text_wh3_dlc29_lord_passive_liche_ascendant}},wh3_dlc29_lord_passive_liche_ascendant.png,3,0,0,0,true,6,1,,,,,,,,,,,,,,,,,,,,,,,,,,,,,,,,,,,,,,,,,character_skill_nodes_tables,wh3_dlc29_skill_node_nag_nagash_unique_0_04
skill_level,warhammer_3,9.0,25507028,Undead Legions,undead_legions,wh3_dlc29_sc_nag_undead_legions,Nagash,Nagash,legendary_lord,wh3_dlc29_nag_nagash,general,general,wh3_dlc29_nag_host_of_nagash|wh3_dlc29_nag_host_of_nagash_qb1,true,false,true,true,false,true,wh3_dlc29_lore_undeath,legendary_lords,wh3_dlc29_skill_node_set_nag_nagash,,1,general,false,false,,,,wh3_dlc29_skill_node_nag_nagash_unique_0_04,wh3_dlc29_skill_nag_lord_unique_top_03,{{tr:unit_abilities_onscreen_name_wh3_dlc29_lord_passive_liche_ascendant}},{{tr:unit_abilities_tooltip_text_wh3_dlc29_lord_passive_liche_ascendant}},wh3_dlc29_lord_passive_liche_ascendant.png,3,0,0,0,true,6,1,1,{{tr:unit_abilities_onscreen_name_wh3_dlc29_lord_passive_liche_ascendant}},{{tr:unit_abilities_tooltip_text_wh3_dlc29_lord_passive_liche_ascendant}},6,x,,,,,,,,,,,,,,,,,,,,,,,,,,,,,,,,,,,,character_skill_level_details_tables,wh3_dlc29_skill_nag_lord_unique_top_03|1|||
effect,warhammer_3,9.0,25507028,Undead Legions,undead_legions,wh3_dlc29_sc_nag_undead_legions,Nagash,Nagash,legendary_lord,wh3_dlc29_nag_nagash,general,general,wh3_dlc29_nag_host_of_nagash|wh3_dlc29_nag_host_of_nagash_qb1,true,false,true,true,false,true,wh3_dlc29_lore_undeath,legendary_lords,wh3_dlc29_skill_node_set_nag_nagash,,1,general,false,false,,,,wh3_dlc29_skill_node_nag_nagash_unique_0_04,wh3_dlc29_skill_nag_lord_unique_top_03,{{tr:unit_abilities_onscreen_name_wh3_dlc29_lord_passive_liche_ascendant}},{{tr:unit_abilities_tooltip_text_wh3_dlc29_lord_passive_liche_ascendant}},wh3_dlc29_lord_passive_liche_ascendant.png,3,0,0,0,true,6,1,1,{{tr:unit_abilities_onscreen_name_wh3_dlc29_lord_passive_liche_ascendant}},{{tr:unit_abilities_tooltip_text_wh3_dlc29_lord_passive_liche_ascendant}},,,,,,wh3_dlc29_effect_ability_absolute_supremacy,"Passive ability: ""{{tr:unit_abilities_onscreen_name_wh3_dlc29_lord_passive_liche_ascendant}}""",,character_to_character_own,1,battle,300,true,general_ability.png,general_ability.png,,,,,,,,,,,,,,,,,,,,,,,character_skill_level_to_effects_junctions_tables,wh3_dlc29_skill_nag_lord_unique_top_03|wh3_dlc29_effect_ability_absolute_supremacy|1|character_to_character_own
node,warhammer_3,9.0,25507028,Undead Legions,undead_legions,wh3_dlc29_sc_nag_undead_legions,Nagash,Nagash,legendary_lord,wh3_dlc29_nag_nagash,general,general,wh3_dlc29_nag_host_of_nagash|wh3_dlc29_nag_host_of_nagash_qb1,true,false,true,true,false,true,wh3_dlc29_lore_undeath,legendary_lords,wh3_dlc29_skill_node_set_nag_nagash,,1,general,false,false,,,,wh3_dlc29_skill_node_nag_nagash_unique_1_04,wh3_dlc29_skill_nag_nagash_unique_wizard_01,The Undying Lord,"Nagash has woven the very fabric of  Shyish into himself. It may grasp at other souls, but Nagash's soul will forever return.",character_wound_time.png,3,1,0,0,true,0,1,,,,,,,,,,,,,,,,,,,,,,,,,,,,,,,,,,,,,,,,,character_skill_nodes_tables,wh3_dlc29_skill_node_nag_nagash_unique_1_04
effect,warhammer_3,9.0,25507028,Undead Legions,undead_legions,wh3_dlc29_sc_nag_undead_legions,Nagash,Nagash,legendary_lord,wh3_dlc29_nag_nagash,general,general,wh3_dlc29_nag_host_of_nagash|wh3_dlc29_nag_host_of_nagash_qb1,true,false,true,true,false,true,wh3_dlc29_lore_undeath,legendary_lords,wh3_dlc29_skill_node_set_nag_nagash,,1,general,false,false,,,,wh3_dlc29_skill_node_nag_nagash_unique_1_04,wh3_dlc29_skill_nag_nagash_unique_wizard_01,The Undying Lord,"Nagash has woven the very fabric of  Shyish into himself. It may grasp at other souls, but Nagash's soul will forever return.",character_wound_time.png,3,1,0,0,true,0,1,1,The Undying Lord,"Nagash has woven the very fabric of  Shyish into himself. It may grasp at other souls, but Nagash's soul will forever return.",,,,,,wh_main_effect_character_stat_unit_health,Hit points: %+n%,,character_to_character_own,10,both,90,true,health_character.png,health_character.png,,,,,,,,,,,,,,,,,,,,,,,character_skill_level_to_effects_junctions_tables,wh3_dlc29_skill_nag_nagash_unique_wizard_01|wh_main_effect_character_stat_unit_health|1|character_to_character_own
effect,warhammer_3,9.0,25507028,Undead Legions,undead_legions,wh3_dlc29_sc_nag_undead_legions,Nagash,Nagash,legendary_lord,wh3_dlc29_nag_nagash,general,general,wh3_dlc29_nag_host_of_nagash|wh3_dlc29_nag_host_of_nagash_qb1,true,false,true,true,false,true,wh3_dlc29_lore_undeath,legendary_lords,wh3_dlc29_skill_node_set_nag_nagash,,1,general,false,false,,,,wh3_dlc29_skill_node_nag_nagash_unique_1_04,wh3_dlc29_skill_nag_nagash_unique_wizard_01,The Undying Lord,"Nagash has woven the very fabric of  Shyish into himself. It may grasp at other souls, but Nagash's soul will forever return.",character_wound_time.png,3,1,0,0,true,0,1,1,The Undying Lord,"Nagash has woven the very fabric of  Shyish into himself. It may grasp at other souls, but Nagash's soul will forever return.",,,,,,wh_main_effect_character_wound_recovery_time_mod,Wound recovery time: %+n turns,,character_to_character_own,-1,campaign,101,false,wound_time.png,wound_time.png,,,,,,,,,,,,,,,,,,,,,,,character_skill_level_to_effects_junctions_tables,wh3_dlc29_skill_nag_nagash_unique_wizard_01|wh_main_effect_character_wound_recovery_time_mod|1|character_to_character_own
effect,warhammer_3,9.0,25507028,Undead Legions,undead_legions,wh3_dlc29_sc_nag_undead_legions,Nagash,Nagash,legendary_lord,wh3_dlc29_nag_nagash,general,general,wh3_dlc29_nag_host_of_nagash|wh3_dlc29_nag_host_of_nagash_qb1,true,false,true,true,false,true,wh3_dlc29_lore_undeath,legendary_lords,wh3_dlc29_skill_node_set_nag_nagash,,1,general,false,false,,,,wh3_dlc29_skill_node_nag_nagash_unique_1_04,wh3_dlc29_skill_nag_nagash_unique_wizard_01,The Undying Lord,"Nagash has woven the very fabric of  Shyish into himself. It may grasp at other souls, but Nagash's soul will forever return.",character_wound_time.png,3,1,0,0,true,0,1,1,The Undying Lord,"Nagash has woven the very fabric of  Shyish into himself. It may grasp at other souls, but Nagash's soul will forever return.",,,,,,wh3_dlc20_effect_healing_cap_modifier,Battle healing cap: %+n%,,character_to_character_own,50,battle,101,true,health_character.png,health_character.png,,,,,,,,,,,,,,,,,,,,,,,character_skill_level_to_effects_junctions_tables,wh3_dlc29_skill_nag_nagash_unique_wizard_01|wh3_dlc20_effect_healing_cap_modifier|1|character_to_character_own
effect,warhammer_3,9.0,25507028,Undead Legions,undead_legions,wh3_dlc29_sc_nag_undead_legions,Nagash,Nagash,legendary_lord,wh3_dlc29_nag_nagash,general,general,wh3_dlc29_nag_host_of_nagash|wh3_dlc29_nag_host_of_nagash_qb1,true,false,true,true,false,true,wh3_dlc29_lore_undeath,legendary_lords,wh3_dlc29_skill_node_set_nag_nagash,,1,general,false,false,,,,wh3_dlc29_skill_node_nag_nagash_unique_1_04,wh3_dlc29_skill_nag_nagash_unique_wizard_01,The Undying Lord,"Nagash has woven the very fabric of  Shyish into himself. It may grasp at other souls, but Nagash's soul will forever return.",character_wound_time.png,3,1,0,0,true,0,1,1,The Undying Lord,"Nagash has woven the very fabric of  Shyish into himself. It may grasp at other souls, but Nagash's soul will forever return.",,,,,,wh3_dlc26_effect_stat_incoming_healing_mod,Incoming Healing Modifier: %+n%,,character_to_character_own,25,battle,33,true,stat_healing_received.png,stat_healing_received.png,,,,,,,,,,,,,,,,,,,,,,,character_skill_level_to_effects_junctions_tables,wh3_dlc29_skill_nag_nagash_unique_wizard_01|wh3_dlc26_effect_stat_incoming_healing_mod|1|character_to_character_own
node,warhammer_3,9.0,25507028,Undead Legions,undead_legions,wh3_dlc29_sc_nag_undead_legions,Nagash,Nagash,legendary_lord,wh3_dlc29_nag_nagash,general,general,wh3_dlc29_nag_host_of_nagash|wh3_dlc29_nag_host_of_nagash_qb1,true,false,true,true,false,true,wh3_dlc29_lore_undeath,legendary_lords,wh3_dlc29_skill_node_set_nag_nagash,,1,general,false,false,,,,wh3_dlc29_skill_nag_nagash_personal_3,wh2_dlc11_skill_all_lord_self_blade_shield,Blade Shield,A blade that sings in defence will not let its wielder be penetrated.,character_defence.png,3,2,0,0,true,0,2,,,,,,,,,,,,,,,,,,,,,,,,,,,,,,,,,,,,,,,,,character_skill_nodes_tables,wh3_dlc29_skill_nag_nagash_personal_3
effect,warhammer_3,9.0,25507028,Undead Legions,undead_legions,wh3_dlc29_sc_nag_undead_legions,Nagash,Nagash,legendary_lord,wh3_dlc29_nag_nagash,general,general,wh3_dlc29_nag_host_of_nagash|wh3_dlc29_nag_host_of_nagash_qb1,true,false,true,true,false,true,wh3_dlc29_lore_undeath,legendary_lords,wh3_dlc29_skill_node_set_nag_nagash,,1,general,false,false,,,,wh3_dlc29_skill_nag_nagash_personal_3,wh2_dlc11_skill_all_lord_self_blade_shield,Blade Shield,A blade that sings in defence will not let its wielder be penetrated.,character_defence.png,3,2,0,0,true,0,2,1,Blade Shield,A blade that sings in defence will not let its wielder be penetrated.,,,,,,wh_main_effect_character_stat_melee_defence,Melee defence: %+n,,character_to_character_own,6,both,150,true,defence_character.png,defence_character.png,,,,,,,,,,,,,,,,,,,,,,,character_skill_level_to_effects_junctions_tables,wh2_dlc11_skill_all_lord_self_blade_shield|wh_main_effect_character_stat_melee_defence|1|character_to_character_own
effect,warhammer_3,9.0,25507028,Undead Legions,undead_legions,wh3_dlc29_sc_nag_undead_legions,Nagash,Nagash,legendary_lord,wh3_dlc29_nag_nagash,general,general,wh3_dlc29_nag_host_of_nagash|wh3_dlc29_nag_host_of_nagash_qb1,true,false,true,true,false,true,wh3_dlc29_lore_undeath,legendary_lords,wh3_dlc29_skill_node_set_nag_nagash,,1,general,false,false,,,,wh3_dlc29_skill_nag_nagash_personal_3,wh2_dlc11_skill_all_lord_self_blade_shield,Blade Shield,A blade that sings in defence will not let its wielder be penetrated.,character_defence.png,3,2,0,0,true,0,2,2,Blade Shield,A blade that sings in defence will not let its wielder be penetrated.,,,,,,wh_main_effect_character_stat_melee_defence,Melee defence: %+n,,character_to_character_own,12,both,150,true,defence_character.png,defence_character.png,,,,,,,,,,,,,,,,,,,,,,,character_skill_level_to_effects_junctions_tables,wh2_dlc11_skill_all_lord_self_blade_shield|wh_main_effect_character_stat_melee_defence|2|character_to_character_own
node,warhammer_3,9.0,25507028,Undead Legions,undead_legions,wh3_dlc29_sc_nag_undead_legions,Nagash,Nagash,legendary_lord,wh3_dlc29_nag_nagash,general,general,wh3_dlc29_nag_host_of_nagash|wh3_dlc29_nag_host_of_nagash_qb1,true,false,true,true,false,true,wh3_dlc29_lore_undeath,legendary_lords,wh3_dlc29_skill_node_set_nag_nagash,,1,general,false,false,,,,wh3_dlc29_skill_node_nag_nagash_magic1_04,wh3_dlc29_skill_nag_magic_undeath_04_khizaar_the_soulstealer,{{tr:unit_abilities_onscreen_name_wh3_dlc29_spell_undeath_khizaar_the_soulstealer}},,wh3_dlc29_spell_undeath_khizaar_the_soulstealer.png,3,3,0,0,true,0,2,,,,,,,,,,,,,,,,,,,,,,,,,,,,,,,,,,,,,,,,,character_skill_nodes_tables,wh3_dlc29_skill_node_nag_nagash_magic1_04
effect,warhammer_3,9.0,25507028,Undead Legions,undead_legions,wh3_dlc29_sc_nag_undead_legions,Nagash,Nagash,legendary_lord,wh3_dlc29_nag_nagash,general,general,wh3_dlc29_nag_host_of_nagash|wh3_dlc29_nag_host_of_nagash_qb1,true,false,true,true,false,true,wh3_dlc29_lore_undeath,legendary_lords,wh3_dlc29_skill_node_set_nag_nagash,,1,general,false,false,,,,wh3_dlc29_skill_node_nag_nagash_magic1_04,wh3_dlc29_skill_nag_magic_undeath_04_khizaar_the_soulstealer,{{tr:unit_abilities_onscreen_name_wh3_dlc29_spell_undeath_khizaar_the_soulstealer}},,wh3_dlc29_spell_undeath_khizaar_the_soulstealer.png,3,3,0,0,true,0,2,1,{{tr:unit_abilities_onscreen_name_wh3_dlc29_spell_undeath_khizaar_the_soulstealer}},,,,,,,wh3_dlc29_effect_ability_cooldown_soulstealer,"Cooldown: %+n% to ""{{tr:unit_abilities_onscreen_name_wh3_dlc29_spell_undeath_khizaar_the_soulstealer}}""",,character_to_character_own,-30,both,293,false,magic_cooldown.png,magic_cooldown.png,,,,,,,,,,,,,,,,,,,,,,,character_skill_level_to_effects_junctions_tables,wh3_dlc29_skill_nag_magic_undeath_04_khizaar_the_soulstealer|wh3_dlc29_effect_ability_cooldown_soulstealer|1|character_to_character_own
effect,warhammer_3,9.0,25507028,Undead Legions,undead_legions,wh3_dlc29_sc_nag_undead_legions,Nagash,Nagash,legendary_lord,wh3_dlc29_nag_nagash,general,general,wh3_dlc29_nag_host_of_nagash|wh3_dlc29_nag_host_of_nagash_qb1,true,false,true,true,false,true,wh3_dlc29_lore_undeath,legendary_lords,wh3_dlc29_skill_node_set_nag_nagash,,1,general,false,false,,,,wh3_dlc29_skill_node_nag_nagash_magic1_04,wh3_dlc29_skill_nag_magic_undeath_04_khizaar_the_soulstealer,{{tr:unit_abilities_onscreen_name_wh3_dlc29_spell_undeath_khizaar_the_soulstealer}},,wh3_dlc29_spell_undeath_khizaar_the_soulstealer.png,3,3,0,0,true,0,2,1,{{tr:unit_abilities_onscreen_name_wh3_dlc29_spell_undeath_khizaar_the_soulstealer}},,,,,,,wh3_dlc29_effect_ability_enable_khizaar_soulstealer,"Spell: ""{{tr:unit_abilities_onscreen_name_wh3_dlc29_spell_undeath_khizaar_the_soulstealer}}""",,character_to_character_own,1,battle,290,true,magic_character.png,magic_character.png,,,,,,,,,,,,,,,,,,,,,,,character_skill_level_to_effects_junctions_tables,wh3_dlc29_skill_nag_magic_undeath_04_khizaar_the_soulstealer|wh3_dlc29_effect_ability_enable_khizaar_soulstealer|1|character_to_character_own
effect,warhammer_3,9.0,25507028,Undead Legions,undead_legions,wh3_dlc29_sc_nag_undead_legions,Nagash,Nagash,legendary_lord,wh3_dlc29_nag_nagash,general,general,wh3_dlc29_nag_host_of_nagash|wh3_dlc29_nag_host_of_nagash_qb1,true,false,true,true,false,true,wh3_dlc29_lore_undeath,legendary_lords,wh3_dlc29_skill_node_set_nag_nagash,,1,general,false,false,,,,wh3_dlc29_skill_node_nag_nagash_magic1_04,wh3_dlc29_skill_nag_magic_undeath_04_khizaar_the_soulstealer,{{tr:unit_abilities_onscreen_name_wh3_dlc29_spell_undeath_khizaar_the_soulstealer}},,wh3_dlc29_spell_undeath_khizaar_the_soulstealer.png,3,3,0,0,true,0,2,1,{{tr:unit_abilities_onscreen_name_wh3_dlc29_spell_undeath_khizaar_the_soulstealer}},,,,,,,wh3_dlc29_effect_ability_enable_khizaar_soulstealer_upgraded,"Overcast spell: ""{{tr:unit_abilities_onscreen_name_wh3_dlc29_spell_undeath_khizaar_the_soulstealer}}""",,character_to_character_own,1,battle,291,true,magic_character.png,magic_character.png,,,,,,,,,,,,,,,,,,,,,,,character_skill_level_to_effects_junctions_tables,wh3_dlc29_skill_nag_magic_undeath_04_khizaar_the_soulstealer|wh3_dlc29_effect_ability_enable_khizaar_soulstealer_upgraded|1|character_to_character_own
effect,warhammer_3,9.0,25507028,Undead Legions,undead_legions,wh3_dlc29_sc_nag_undead_legions,Nagash,Nagash,legendary_lord,wh3_dlc29_nag_nagash,general,general,wh3_dlc29_nag_host_of_nagash|wh3_dlc29_nag_host_of_nagash_qb1,true,false,true,true,false,true,wh3_dlc29_lore_undeath,legendary_lords,wh3_dlc29_skill_node_set_nag_nagash,,1,general,false,false,,,,wh3_dlc29_skill_node_nag_nagash_magic1_04,wh3_dlc29_skill_nag_magic_undeath_04_khizaar_the_soulstealer,{{tr:unit_abilities_onscreen_name_wh3_dlc29_spell_undeath_khizaar_the_soulstealer}},,wh3_dlc29_spell_undeath_khizaar_the_soulstealer.png,3,3,0,0,true,0,2,2,{{tr:unit_abilities_onscreen_name_wh3_dlc29_spell_undeath_khizaar_the_soulstealer}},,,,,,,wh3_dlc29_effect_ability_cooldown_soulstealer,"Cooldown: %+n% to ""{{tr:unit_abilities_onscreen_name_wh3_dlc29_spell_undeath_khizaar_the_soulstealer}}""",,character_to_character_own,-50,both,293,false,magic_cooldown.png,magic_cooldown.png,,,,,,,,,,,,,,,,,,,,,,,character_skill_level_to_effects_junctions_tables,wh3_dlc29_skill_nag_magic_undeath_04_khizaar_the_soulstealer|wh3_dlc29_effect_ability_cooldown_soulstealer|2|character_to_character_own
effect,warhammer_3,9.0,25507028,Undead Legions,undead_legions,wh3_dlc29_sc_nag_undead_legions,Nagash,Nagash,legendary_lord,wh3_dlc29_nag_nagash,general,general,wh3_dlc29_nag_host_of_nagash|wh3_dlc29_nag_host_of_nagash_qb1,true,false,true,true,false,true,wh3_dlc29_lore_undeath,legendary_lords,wh3_dlc29_skill_node_set_nag_nagash,,1,general,false,false,,,,wh3_dlc29_skill_node_nag_nagash_magic1_04,wh3_dlc29_skill_nag_magic_undeath_04_khizaar_the_soulstealer,{{tr:unit_abilities_onscreen_name_wh3_dlc29_spell_undeath_khizaar_the_soulstealer}},,wh3_dlc29_spell_undeath_khizaar_the_soulstealer.png,3,3,0,0,true,0,2,2,{{tr:unit_abilities_onscreen_name_wh3_dlc29_spell_undeath_khizaar_the_soulstealer}},,,,,,,wh3_dlc29_effect_ability_enable_khizaar_soulstealer_upgraded,"Overcast spell: ""{{tr:unit_abilities_onscreen_name_wh3_dlc29_spell_undeath_khizaar_the_soulstealer}}""",,character_to_character_own,1,battle,291,true,magic_character.png,magic_character.png,,,,,,,,,,,,,,,,,,,,,,,character_skill_level_to_effects_junctions_tables,wh3_dlc29_skill_nag_magic_undeath_04_khizaar_the_soulstealer|wh3_dlc29_effect_ability_enable_khizaar_soulstealer_upgraded|2|character_to_character_own
effect,warhammer_3,9.0,25507028,Undead Legions,undead_legions,wh3_dlc29_sc_nag_undead_legions,Nagash,Nagash,legendary_lord,wh3_dlc29_nag_nagash,general,general,wh3_dlc29_nag_host_of_nagash|wh3_dlc29_nag_host_of_nagash_qb1,true,false,true,true,false,true,wh3_dlc29_lore_undeath,legendary_lords,wh3_dlc29_skill_node_set_nag_nagash,,1,general,false,false,,,,wh3_dlc29_skill_node_nag_nagash_magic1_04,wh3_dlc29_skill_nag_magic_undeath_04_khizaar_the_soulstealer,{{tr:unit_abilities_onscreen_name_wh3_dlc29_spell_undeath_khizaar_the_soulstealer}},,wh3_dlc29_spell_undeath_khizaar_the_soulstealer.png,3,3,0,0,true,0,2,2,{{tr:unit_abilities_onscreen_name_wh3_dlc29_spell_undeath_khizaar_the_soulstealer}},,,,,,,wh3_dlc29_effect_ability_miscast_soulstealer_upgraded,"Miscast base chance: %+n% for ""{{tr:unit_abilities_onscreen_name_wh3_dlc29_spell_undeath_khizaar_the_soulstealer}} Upgraded""",,character_to_character_own,-15,both,298,false,magic.png,magic.png,,,,,,,,,,,,,,,,,,,,,,,character_skill_level_to_effects_junctions_tables,wh3_dlc29_skill_nag_magic_undeath_04_khizaar_the_soulstealer|wh3_dlc29_effect_ability_miscast_soulstealer_upgraded|2|character_to_character_own
effect,warhammer_3,9.0,25507028,Undead Legions,undead_legions,wh3_dlc29_sc_nag_undead_legions,Nagash,Nagash,legendary_lord,wh3_dlc29_nag_nagash,general,general,wh3_dlc29_nag_host_of_nagash|wh3_dlc29_nag_host_of_nagash_qb1,true,false,true,true,false,true,wh3_dlc29_lore_undeath,legendary_lords,wh3_dlc29_skill_node_set_nag_nagash,,1,general,false,false,,,,wh3_dlc29_skill_node_nag_nagash_magic1_04,wh3_dlc29_skill_nag_magic_undeath_04_khizaar_the_soulstealer,{{tr:unit_abilities_onscreen_name_wh3_dlc29_spell_undeath_khizaar_the_soulstealer}},,wh3_dlc29_spell_undeath_khizaar_the_soulstealer.png,3,3,0,0,true,0,2,2,{{tr:unit_abilities_onscreen_name_wh3_dlc29_spell_undeath_khizaar_the_soulstealer}},,,,,,,wh3_dlc29_effect_ability_wom_cost_soulstealer,"Winds of Magic cost: %n for ""{{tr:unit_abilities_onscreen_name_wh3_dlc29_spell_undeath_khizaar_the_soulstealer}}""",,character_to_character_own,-2,both,294,false,magic_character.png,magic_character.png,,,,,,,,,,,,,,,,,,,,,,,character_skill_level_to_effects_junctions_tables,wh3_dlc29_skill_nag_magic_undeath_04_khizaar_the_soulstealer|wh3_dlc29_effect_ability_wom_cost_soulstealer|2|character_to_character_own
effect,warhammer_3,9.0,25507028,Undead Legions,undead_legions,wh3_dlc29_sc_nag_undead_legions,Nagash,Nagash,legendary_lord,wh3_dlc29_nag_nagash,general,general,wh3_dlc29_nag_host_of_nagash|wh3_dlc29_nag_host_of_nagash_qb1,true,false,true,true,false,true,wh3_dlc29_lore_undeath,legendary_lords,wh3_dlc29_skill_node_set_nag_nagash,,1,general,false,false,,,,wh3_dlc29_skill_node_nag_nagash_magic1_04,wh3_dlc29_skill_nag_magic_undeath_04_khizaar_the_soulstealer,{{tr:unit_abilities_onscreen_name_wh3_dlc29_spell_undeath_khizaar_the_soulstealer}},,wh3_dlc29_spell_undeath_khizaar_the_soulstealer.png,3,3,0,0,true,0,2,2,{{tr:unit_abilities_onscreen_name_wh3_dlc29_spell_undeath_khizaar_the_soulstealer}},,,,,,,wh3_dlc29_effect_ability_wom_cost_soulstealer_upgraded,"Winds of Magic cost: %n for ""{{tr:unit_abilities_onscreen_name_wh3_dlc29_spell_undeath_khizaar_the_soulstealer}} Upgraded""",,character_to_character_own,-3,both,294,false,magic_character.png,magic_character.png,,,,,,,,,,,,,,,,,,,,,,,character_skill_level_to_effects_junctions_tables,wh3_dlc29_skill_nag_magic_undeath_04_khizaar_the_soulstealer|wh3_dlc29_effect_ability_wom_cost_soulstealer_upgraded|2|character_to_character_own
node,warhammer_3,9.0,25507028,Undead Legions,undead_legions,wh3_dlc29_sc_nag_undead_legions,Nagash,Nagash,legendary_lord,wh3_dlc29_nag_nagash,general,general,wh3_dlc29_nag_host_of_nagash|wh3_dlc29_nag_host_of_nagash_qb1,true,false,true,true,false,true,wh3_dlc29_lore_undeath,legendary_lords,wh3_dlc29_skill_node_set_nag_nagash,,1,general,false,false,,,,wh3_dlc29_skill_node_nag_nagash_battle_04,wh3_dlc29_skill_nag_lord_battle_flying_death,Hungering Skies,The very source of breath must grow teeth and talons and tear away the throats who dare labour in the presence of Nagash. Air is but for his servants to ride on.,battle_charge.png,3,4,0,0,true,0,3,,,,,,,,,,,,,,,,,,,,,,,,,,,,,,,,,,,,,,,,,character_skill_nodes_tables,wh3_dlc29_skill_node_nag_nagash_battle_04
effect,warhammer_3,9.0,25507028,Undead Legions,undead_legions,wh3_dlc29_sc_nag_undead_legions,Nagash,Nagash,legendary_lord,wh3_dlc29_nag_nagash,general,general,wh3_dlc29_nag_host_of_nagash|wh3_dlc29_nag_host_of_nagash_qb1,true,false,true,true,false,true,wh3_dlc29_lore_undeath,legendary_lords,wh3_dlc29_skill_node_set_nag_nagash,,1,general,false,false,,,,wh3_dlc29_skill_node_nag_nagash_battle_04,wh3_dlc29_skill_nag_lord_battle_flying_death,Hungering Skies,The very source of breath must grow teeth and talons and tear away the throats who dare labour in the presence of Nagash. Air is but for his servants to ride on.,battle_charge.png,3,4,0,0,true,0,3,1,Hungering Skies,The very source of breath must grow teeth and talons and tear away the throats who dare labour in the presence of Nagash. Air is but for his servants to ride on.,,,,,,wh3_dlc29_effect_force_stat_melee_attack_nag_beasts_monstrous_infantry,Melee attack: %+n for all Beasts and Monstrous Infantry units,,general_to_force_own,4,battle,431,true,melee.png,melee.png,,,,,,,,,,,,,,,,,,,,,,,character_skill_level_to_effects_junctions_tables,wh3_dlc29_skill_nag_lord_battle_flying_death|wh3_dlc29_effect_force_stat_melee_attack_nag_beasts_monstrous_infantry|1|general_to_force_own
effect,warhammer_3,9.0,25507028,Undead Legions,undead_legions,wh3_dlc29_sc_nag_undead_legions,Nagash,Nagash,legendary_lord,wh3_dlc29_nag_nagash,general,general,wh3_dlc29_nag_host_of_nagash|wh3_dlc29_nag_host_of_nagash_qb1,true,false,true,true,false,true,wh3_dlc29_lore_undeath,legendary_lords,wh3_dlc29_skill_node_set_nag_nagash,,1,general,false,false,,,,wh3_dlc29_skill_node_nag_nagash_battle_04,wh3_dlc29_skill_nag_lord_battle_flying_death,Hungering Skies,The very source of breath must grow teeth and talons and tear away the throats who dare labour in the presence of Nagash. Air is but for his servants to ride on.,battle_charge.png,3,4,0,0,true,0,3,2,Hungering Skies,The very source of breath must grow teeth and talons and tear away the throats who dare labour in the presence of Nagash. Air is but for his servants to ride on.,,,,,,wh3_dlc29_effect_force_stat_charge_bonus_add_nag_beasts_monstrous_infantry,Charge bonus: %+n for all Beasts and Monstrous Infantry units,,general_to_force_own,6,battle,501,true,charge.png,charge.png,,,,,,,,,,,,,,,,,,,,,,,character_skill_level_to_effects_junctions_tables,wh3_dlc29_skill_nag_lord_battle_flying_death|wh3_dlc29_effect_force_stat_charge_bonus_add_nag_beasts_monstrous_infantry|2|general_to_force_own
effect,warhammer_3,9.0,25507028,Undead Legions,undead_legions,wh3_dlc29_sc_nag_undead_legions,Nagash,Nagash,legendary_lord,wh3_dlc29_nag_nagash,general,general,wh3_dlc29_nag_host_of_nagash|wh3_dlc29_nag_host_of_nagash_qb1,true,false,true,true,false,true,wh3_dlc29_lore_undeath,legendary_lords,wh3_dlc29_skill_node_set_nag_nagash,,1,general,false,false,,,,wh3_dlc29_skill_node_nag_nagash_battle_04,wh3_dlc29_skill_nag_lord_battle_flying_death,Hungering Skies,The very source of breath must grow teeth and talons and tear away the throats who dare labour in the presence of Nagash. Air is but for his servants to ride on.,battle_charge.png,3,4,0,0,true,0,3,2,Hungering Skies,The very source of breath must grow teeth and talons and tear away the throats who dare labour in the presence of Nagash. Air is but for his servants to ride on.,,,,,,wh3_dlc29_effect_force_stat_melee_attack_nag_beasts_monstrous_infantry,Melee attack: %+n for all Beasts and Monstrous Infantry units,,general_to_force_own,6,battle,431,true,melee.png,melee.png,,,,,,,,,,,,,,,,,,,,,,,character_skill_level_to_effects_junctions_tables,wh3_dlc29_skill_nag_lord_battle_flying_death|wh3_dlc29_effect_force_stat_melee_attack_nag_beasts_monstrous_infantry|2|general_to_force_own
effect,warhammer_3,9.0,25507028,Undead Legions,undead_legions,wh3_dlc29_sc_nag_undead_legions,Nagash,Nagash,legendary_lord,wh3_dlc29_nag_nagash,general,general,wh3_dlc29_nag_host_of_nagash|wh3_dlc29_nag_host_of_nagash_qb1,true,false,true,true,false,true,wh3_dlc29_lore_undeath,legendary_lords,wh3_dlc29_skill_node_set_nag_nagash,,1,general,false,false,,,,wh3_dlc29_skill_node_nag_nagash_battle_04,wh3_dlc29_skill_nag_lord_battle_flying_death,Hungering Skies,The very source of breath must grow teeth and talons and tear away the throats who dare labour in the presence of Nagash. Air is but for his servants to ride on.,battle_charge.png,3,4,0,0,true,0,3,3,Hungering Skies,The very source of breath must grow teeth and talons and tear away the throats who dare labour in the presence of Nagash. Air is but for his servants to ride on.,,,,,,wh3_dlc29_effect_force_stat_charge_bonus_add_nag_beasts_monstrous_infantry,Charge bonus: %+n for all Beasts and Monstrous Infantry units,,general_to_force_own,12,battle,501,true,charge.png,charge.png,,,,,,,,,,,,,,,,,,,,,,,character_skill_level_to_effects_junctions_tables,wh3_dlc29_skill_nag_lord_battle_flying_death|wh3_dlc29_effect_force_stat_charge_bonus_add_nag_beasts_monstrous_infantry|3|general_to_force_own
effect,warhammer_3,9.0,25507028,Undead Legions,undead_legions,wh3_dlc29_sc_nag_undead_legions,Nagash,Nagash,legendary_lord,wh3_dlc29_nag_nagash,general,general,wh3_dlc29_nag_host_of_nagash|wh3_dlc29_nag_host_of_nagash_qb1,true,false,true,true,false,true,wh3_dlc29_lore_undeath,legendary_lords,wh3_dlc29_skill_node_set_nag_nagash,,1,general,false,false,,,,wh3_dlc29_skill_node_nag_nagash_battle_04,wh3_dlc29_skill_nag_lord_battle_flying_death,Hungering Skies,The very source of breath must grow teeth and talons and tear away the throats who dare labour in the presence of Nagash. Air is but for his servants to ride on.,battle_charge.png,3,4,0,0,true,0,3,3,Hungering Skies,The very source of breath must grow teeth and talons and tear away the throats who dare labour in the presence of Nagash. Air is but for his servants to ride on.,,,,,,wh3_dlc29_effect_force_stat_melee_attack_nag_beasts_monstrous_infantry,Melee attack: %+n for all Beasts and Monstrous Infantry units,,general_to_force_own,8,battle,431,true,melee.png,melee.png,,,,,,,,,,,,,,,,,,,,,,,character_skill_level_to_effects_junctions_tables,wh3_dlc29_skill_nag_lord_battle_flying_death|wh3_dlc29_effect_force_stat_melee_attack_nag_beasts_monstrous_infantry|3|general_to_force_own
node,warhammer_3,9.0,25507028,Undead Legions,undead_legions,wh3_dlc29_sc_nag_undead_legions,Nagash,Nagash,legendary_lord,wh3_dlc29_nag_nagash,general,general,wh3_dlc29_nag_host_of_nagash|wh3_dlc29_nag_host_of_nagash_qb1,true,false,true,true,false,true,wh3_dlc29_lore_undeath,legendary_lords,wh3_dlc29_skill_node_set_nag_nagash,,1,general,false,false,,,,wh3_dlc29_skill_node_nag_nagash_campaign_04,wh3_dlc29_skill_nag_lord_campaign_all_belongs_to_him,No Magic but His,To compare Nagash's arcane mastery  to anyone else's is unthinkable. All that contains a glimmer of magic is his possession.,campaign_item.png,3,5,0,0,true,0,3,,,,,,,,,,,,,,,,,,,,,,,,,,,,,,,,,,,,,,,,,character_skill_nodes_tables,wh3_dlc29_skill_node_nag_nagash_campaign_04
effect,warhammer_3,9.0,25507028,Undead Legions,undead_legions,wh3_dlc29_sc_nag_undead_legions,Nagash,Nagash,legendary_lord,wh3_dlc29_nag_nagash,general,general,wh3_dlc29_nag_host_of_nagash|wh3_dlc29_nag_host_of_nagash_qb1,true,false,true,true,false,true,wh3_dlc29_lore_undeath,legendary_lords,wh3_dlc29_skill_node_set_nag_nagash,,1,general,false,false,,,,wh3_dlc29_skill_node_nag_nagash_campaign_04,wh3_dlc29_skill_nag_lord_campaign_all_belongs_to_him,No Magic but His,To compare Nagash's arcane mastery  to anyone else's is unthinkable. All that contains a glimmer of magic is his possession.,campaign_item.png,3,5,0,0,true,0,3,1,No Magic but His,To compare Nagash's arcane mastery  to anyone else's is unthinkable. All that contains a glimmer of magic is his possession.,,,,,,wh_main_effect_character_mod_ancillary_steal,Post battle chance of stealing a magic item: %+n%,,character_to_army_general_own_unseen,5,campaign,8,true,item_ability.png,item_ability.png,,,,,,,,,,,,,,,,,,,,,,,character_skill_level_to_effects_junctions_tables,wh3_dlc29_skill_nag_lord_campaign_all_belongs_to_him|wh_main_effect_character_mod_ancillary_steal|1|character_to_army_general_own_unseen
effect,warhammer_3,9.0,25507028,Undead Legions,undead_legions,wh3_dlc29_sc_nag_undead_legions,Nagash,Nagash,legendary_lord,wh3_dlc29_nag_nagash,general,general,wh3_dlc29_nag_host_of_nagash|wh3_dlc29_nag_host_of_nagash_qb1,true,false,true,true,false,true,wh3_dlc29_lore_undeath,legendary_lords,wh3_dlc29_skill_node_set_nag_nagash,,1,general,false,false,,,,wh3_dlc29_skill_node_nag_nagash_campaign_04,wh3_dlc29_skill_nag_lord_campaign_all_belongs_to_him,No Magic but His,To compare Nagash's arcane mastery  to anyone else's is unthinkable. All that contains a glimmer of magic is his possession.,campaign_item.png,3,5,0,0,true,0,3,1,No Magic but His,To compare Nagash's arcane mastery  to anyone else's is unthinkable. All that contains a glimmer of magic is his possession.,,,,,,wh_main_effect_force_all_campaign_post_battle_loot_mod,Income from post-battle loot: %+n%,,character_to_character_own,5,campaign,101,true,income.png,income.png,,,,,,,,,,,,,,,,,,,,,,,character_skill_level_to_effects_junctions_tables,wh3_dlc29_skill_nag_lord_campaign_all_belongs_to_him|wh_main_effect_force_all_campaign_post_battle_loot_mod|1|character_to_character_own
effect,warhammer_3,9.0,25507028,Undead Legions,undead_legions,wh3_dlc29_sc_nag_undead_legions,Nagash,Nagash,legendary_lord,wh3_dlc29_nag_nagash,general,general,wh3_dlc29_nag_host_of_nagash|wh3_dlc29_nag_host_of_nagash_qb1,true,false,true,true,false,true,wh3_dlc29_lore_undeath,legendary_lords,wh3_dlc29_skill_node_set_nag_nagash,,1,general,false,false,,,,wh3_dlc29_skill_node_nag_nagash_campaign_04,wh3_dlc29_skill_nag_lord_campaign_all_belongs_to_him,No Magic but His,To compare Nagash's arcane mastery  to anyone else's is unthinkable. All that contains a glimmer of magic is his possession.,campaign_item.png,3,5,0,0,true,0,3,2,No Magic but His,To compare Nagash's arcane mastery  to anyone else's is unthinkable. All that contains a glimmer of magic is his possession.,,,,,,wh_main_effect_character_mod_ancillary_steal,Post battle chance of stealing a magic item: %+n%,,character_to_army_general_own_unseen,10,campaign,8,true,item_ability.png,item_ability.png,,,,,,,,,,,,,,,,,,,,,,,character_skill_level_to_effects_junctions_tables,wh3_dlc29_skill_nag_lord_campaign_all_belongs_to_him|wh_main_effect_character_mod_ancillary_steal|2|character_to_army_general_own_unseen
effect,warhammer_3,9.0,25507028,Undead Legions,undead_legions,wh3_dlc29_sc_nag_undead_legions,Nagash,Nagash,legendary_lord,wh3_dlc29_nag_nagash,general,general,wh3_dlc29_nag_host_of_nagash|wh3_dlc29_nag_host_of_nagash_qb1,true,false,true,true,false,true,wh3_dlc29_lore_undeath,legendary_lords,wh3_dlc29_skill_node_set_nag_nagash,,1,general,false,false,,,,wh3_dlc29_skill_node_nag_nagash_campaign_04,wh3_dlc29_skill_nag_lord_campaign_all_belongs_to_him,No Magic but His,To compare Nagash's arcane mastery  to anyone else's is unthinkable. All that contains a glimmer of magic is his possession.,campaign_item.png,3,5,0,0,true,0,3,2,No Magic but His,To compare Nagash's arcane mastery  to anyone else's is unthinkable. All that contains a glimmer of magic is his possession.,,,,,,wh_main_effect_force_all_campaign_post_battle_loot_mod,Income from post-battle loot: %+n%,,character_to_character_own,10,campaign,101,true,income.png,income.png,,,,,,,,,,,,,,,,,,,,,,,character_skill_level_to_effects_junctions_tables,wh3_dlc29_skill_nag_lord_campaign_all_belongs_to_him|wh_main_effect_force_all_campaign_post_battle_loot_mod|2|character_to_character_own
effect,warhammer_3,9.0,25507028,Undead Legions,undead_legions,wh3_dlc29_sc_nag_undead_legions,Nagash,Nagash,legendary_lord,wh3_dlc29_nag_nagash,general,general,wh3_dlc29_nag_host_of_nagash|wh3_dlc29_nag_host_of_nagash_qb1,true,false,true,true,false,true,wh3_dlc29_lore_undeath,legendary_lords,wh3_dlc29_skill_node_set_nag_nagash,,1,general,false,false,,,,wh3_dlc29_skill_node_nag_nagash_campaign_04,wh3_dlc29_skill_nag_lord_campaign_all_belongs_to_him,No Magic but His,To compare Nagash's arcane mastery  to anyone else's is unthinkable. All that contains a glimmer of magic is his possession.,campaign_item.png,3,5,0,0,true,0,3,3,No Magic but His,To compare Nagash's arcane mastery  to anyone else's is unthinkable. All that contains a glimmer of magic is his possession.,,,,,,wh_main_effect_character_mod_ancillary_steal,Post battle chance of stealing a magic item: %+n%,,character_to_army_general_own_unseen,15,campaign,8,true,item_ability.png,item_ability.png,,,,,,,,,,,,,,,,,,,,,,,character_skill_level_to_effects_junctions_tables,wh3_dlc29_skill_nag_lord_campaign_all_belongs_to_him|wh_main_effect_character_mod_ancillary_steal|3|character_to_army_general_own_unseen
effect,warhammer_3,9.0,25507028,Undead Legions,undead_legions,wh3_dlc29_sc_nag_undead_legions,Nagash,Nagash,legendary_lord,wh3_dlc29_nag_nagash,general,general,wh3_dlc29_nag_host_of_nagash|wh3_dlc29_nag_host_of_nagash_qb1,true,false,true,true,false,true,wh3_dlc29_lore_undeath,legendary_lords,wh3_dlc29_skill_node_set_nag_nagash,,1,general,false,false,,,,wh3_dlc29_skill_node_nag_nagash_campaign_04,wh3_dlc29_skill_nag_lord_campaign_all_belongs_to_him,No Magic but His,To compare Nagash's arcane mastery  to anyone else's is unthinkable. All that contains a glimmer of magic is his possession.,campaign_item.png,3,5,0,0,true,0,3,3,No Magic but His,To compare Nagash's arcane mastery  to anyone else's is unthinkable. All that contains a glimmer of magic is his possession.,,,,,,wh_main_effect_force_all_campaign_post_battle_loot_mod,Income from post-battle loot: %+n%,,character_to_character_own,15,campaign,101,true,income.png,income.png,,,,,,,,,,,,,,,,,,,,,,,character_skill_level_to_effects_junctions_tables,wh3_dlc29_skill_nag_lord_campaign_all_belongs_to_him|wh_main_effect_force_all_campaign_post_battle_loot_mod|3|character_to_character_own
node,warhammer_3,9.0,25507028,Undead Legions,undead_legions,wh3_dlc29_sc_nag_undead_legions,Nagash,Nagash,legendary_lord,wh3_dlc29_nag_nagash,general,general,wh3_dlc29_nag_host_of_nagash|wh3_dlc29_nag_host_of_nagash_qb1,true,false,true,true,false,true,wh3_dlc29_lore_undeath,legendary_lords,wh3_dlc29_skill_node_set_nag_nagash,,1,general,false,false,,,,wh3_dlc29_skill_node_nag_nagash_unique_0_05,wh_dlc29_skill_nag_lord_unique_loremaster_lore_of_undeath,"Loremaster, Lore of Undeath","Undeath is what Nagash gives and what he takes away. Imitation is all anyone ever managed to accomplish. Puny, prowling existence, bereft of the purpose now at hand.",character_magic.png,4,0,0,0,true,0,1,,,,,,,,,,,,,,,,,,,,,,,,,,,,,,,,,,,,,,,,,character_skill_nodes_tables,wh3_dlc29_skill_node_nag_nagash_unique_0_05
skill_level,warhammer_3,9.0,25507028,Undead Legions,undead_legions,wh3_dlc29_sc_nag_undead_legions,Nagash,Nagash,legendary_lord,wh3_dlc29_nag_nagash,general,general,wh3_dlc29_nag_host_of_nagash|wh3_dlc29_nag_host_of_nagash_qb1,true,false,true,true,false,true,wh3_dlc29_lore_undeath,legendary_lords,wh3_dlc29_skill_node_set_nag_nagash,,1,general,false,false,,,,wh3_dlc29_skill_node_nag_nagash_unique_0_05,wh_dlc29_skill_nag_lord_unique_loremaster_lore_of_undeath,"Loremaster, Lore of Undeath","Undeath is what Nagash gives and what he takes away. Imitation is all anyone ever managed to accomplish. Puny, prowling existence, bereft of the purpose now at hand.",character_magic.png,4,0,0,0,true,0,1,1,"Loremaster, Lore of Undeath","Undeath is what Nagash gives and what he takes away. Imitation is all anyone ever managed to accomplish. Puny, prowling existence, bereft of the purpose now at hand.",8,x,,,,,,,,,,,,,,,,,,,,,,,,,,,,,,,,,,,,character_skill_level_details_tables,wh_dlc29_skill_nag_lord_unique_loremaster_lore_of_undeath|1|||
effect,warhammer_3,9.0,25507028,Undead Legions,undead_legions,wh3_dlc29_sc_nag_undead_legions,Nagash,Nagash,legendary_lord,wh3_dlc29_nag_nagash,general,general,wh3_dlc29_nag_host_of_nagash|wh3_dlc29_nag_host_of_nagash_qb1,true,false,true,true,false,true,wh3_dlc29_lore_undeath,legendary_lords,wh3_dlc29_skill_node_set_nag_nagash,,1,general,false,false,,,,wh3_dlc29_skill_node_nag_nagash_unique_0_05,wh_dlc29_skill_nag_lord_unique_loremaster_lore_of_undeath,"Loremaster, Lore of Undeath","Undeath is what Nagash gives and what he takes away. Imitation is all anyone ever managed to accomplish. Puny, prowling existence, bereft of the purpose now at hand.",character_magic.png,4,0,0,0,true,0,1,1,"Loremaster, Lore of Undeath","Undeath is what Nagash gives and what he takes away. Imitation is all anyone ever managed to accomplish. Puny, prowling existence, bereft of the purpose now at hand.",,,,,,wh3_dlc29_effect_ability_cooldown_lore_of_undeath,Cooldown: %+n% to Lore of Undeath spells,,character_to_character_own,-20,both,293,false,magic_cooldown_character.png,magic_cooldown_character.png,,,,,,,,,,,,,,,,,,,,,,,character_skill_level_to_effects_junctions_tables,wh_dlc29_skill_nag_lord_unique_loremaster_lore_of_undeath|wh3_dlc29_effect_ability_cooldown_lore_of_undeath|1|character_to_character_own
effect,warhammer_3,9.0,25507028,Undead Legions,undead_legions,wh3_dlc29_sc_nag_undead_legions,Nagash,Nagash,legendary_lord,wh3_dlc29_nag_nagash,general,general,wh3_dlc29_nag_host_of_nagash|wh3_dlc29_nag_host_of_nagash_qb1,true,false,true,true,false,true,wh3_dlc29_lore_undeath,legendary_lords,wh3_dlc29_skill_node_set_nag_nagash,,1,general,false,false,,,,wh3_dlc29_skill_node_nag_nagash_unique_0_05,wh_dlc29_skill_nag_lord_unique_loremaster_lore_of_undeath,"Loremaster, Lore of Undeath","Undeath is what Nagash gives and what he takes away. Imitation is all anyone ever managed to accomplish. Puny, prowling existence, bereft of the purpose now at hand.",character_magic.png,4,0,0,0,true,0,1,1,"Loremaster, Lore of Undeath","Undeath is what Nagash gives and what he takes away. Imitation is all anyone ever managed to accomplish. Puny, prowling existence, bereft of the purpose now at hand.",,,,,,wh3_dlc29_effect_magic_undeath_reduce_wom_cost_all,Winds of Magic cost: %+n% for Lore of Undeath,,character_to_character_own,-10,battle,66,false,magic_character.png,magic_character.png,,,,,,,,,,,,,,,,,,,,,,,character_skill_level_to_effects_junctions_tables,wh_dlc29_skill_nag_lord_unique_loremaster_lore_of_undeath|wh3_dlc29_effect_magic_undeath_reduce_wom_cost_all|1|character_to_character_own
effect,warhammer_3,9.0,25507028,Undead Legions,undead_legions,wh3_dlc29_sc_nag_undead_legions,Nagash,Nagash,legendary_lord,wh3_dlc29_nag_nagash,general,general,wh3_dlc29_nag_host_of_nagash|wh3_dlc29_nag_host_of_nagash_qb1,true,false,true,true,false,true,wh3_dlc29_lore_undeath,legendary_lords,wh3_dlc29_skill_node_set_nag_nagash,,1,general,false,false,,,,wh3_dlc29_skill_node_nag_nagash_unique_0_05,wh_dlc29_skill_nag_lord_unique_loremaster_lore_of_undeath,"Loremaster, Lore of Undeath","Undeath is what Nagash gives and what he takes away. Imitation is all anyone ever managed to accomplish. Puny, prowling existence, bereft of the purpose now at hand.",character_magic.png,4,0,0,0,true,0,1,1,"Loremaster, Lore of Undeath","Undeath is what Nagash gives and what he takes away. Imitation is all anyone ever managed to accomplish. Puny, prowling existence, bereft of the purpose now at hand.",,,,,,wh3_main_effect_spell_mastery,Spell intensity: %+n%,"Spell Intensity. Any type of spell damage, and positive or negative bonus will be modified by the given percentage amount.",character_to_character_own,10,battle,2,true,wizard.png,wizard.png,,,,,,,,,,,,,,,,,,,,,,,character_skill_level_to_effects_junctions_tables,wh_dlc29_skill_nag_lord_unique_loremaster_lore_of_undeath|wh3_main_effect_spell_mastery|1|character_to_character_own
node,warhammer_3,9.0,25507028,Undead Legions,undead_legions,wh3_dlc29_sc_nag_undead_legions,Nagash,Nagash,legendary_lord,wh3_dlc29_nag_nagash,general,general,wh3_dlc29_nag_host_of_nagash|wh3_dlc29_nag_host_of_nagash_qb1,true,false,true,true,false,true,wh3_dlc29_lore_undeath,legendary_lords,wh3_dlc29_skill_node_set_nag_nagash,,1,general,false,false,,,,wh3_dlc29_skill_node_nag_nagash_unique_1_05,wh3_dlc29_skill_nag_nagash_unique_wizard_03,Architect of the Black Pyramid,"An undertaking of collosal proportions, the Black Pyramid once may have drained Nehekhara's vitality, but vitality was never the goal – only death.",character_construction.png,4,1,0,0,true,0,1,,,,,,,,,,,,,,,,,,,,,,,,,,,,,,,,,,,,,,,,,character_skill_nodes_tables,wh3_dlc29_skill_node_nag_nagash_unique_1_05
effect,warhammer_3,9.0,25507028,Undead Legions,undead_legions,wh3_dlc29_sc_nag_undead_legions,Nagash,Nagash,legendary_lord,wh3_dlc29_nag_nagash,general,general,wh3_dlc29_nag_host_of_nagash|wh3_dlc29_nag_host_of_nagash_qb1,true,false,true,true,false,true,wh3_dlc29_lore_undeath,legendary_lords,wh3_dlc29_skill_node_set_nag_nagash,,1,general,false,false,,,,wh3_dlc29_skill_node_nag_nagash_unique_1_05,wh3_dlc29_skill_nag_nagash_unique_wizard_03,Architect of the Black Pyramid,"An undertaking of collosal proportions, the Black Pyramid once may have drained Nehekhara's vitality, but vitality was never the goal – only death.",character_construction.png,4,1,0,0,true,0,1,1,Architect of the Black Pyramid,"An undertaking of collosal proportions, the Black Pyramid once may have drained Nehekhara's vitality, but vitality was never the goal – only death.",,,,,,wh_main_effect_building_construction_cost_mod,Construction cost: %+n% for all buildings,,character_to_region_own_provincewide,-10,campaign,101,false,treasury.png,treasury.png,,,,,,,,,,,,,,,,,,,,,,,character_skill_level_to_effects_junctions_tables,wh3_dlc29_skill_nag_nagash_unique_wizard_03|wh_main_effect_building_construction_cost_mod|1|character_to_region_own_provincewide
effect,warhammer_3,9.0,25507028,Undead Legions,undead_legions,wh3_dlc29_sc_nag_undead_legions,Nagash,Nagash,legendary_lord,wh3_dlc29_nag_nagash,general,general,wh3_dlc29_nag_host_of_nagash|wh3_dlc29_nag_host_of_nagash_qb1,true,false,true,true,false,true,wh3_dlc29_lore_undeath,legendary_lords,wh3_dlc29_skill_node_set_nag_nagash,,1,general,false,false,,,,wh3_dlc29_skill_node_nag_nagash_unique_1_05,wh3_dlc29_skill_nag_nagash_unique_wizard_03,Architect of the Black Pyramid,"An undertaking of collosal proportions, the Black Pyramid once may have drained Nehekhara's vitality, but vitality was never the goal – only death.",character_construction.png,4,1,0,0,true,0,1,1,Architect of the Black Pyramid,"An undertaking of collosal proportions, the Black Pyramid once may have drained Nehekhara's vitality, but vitality was never the goal – only death.",,,,,,wh_main_effect_public_order_characters,{{tr:public_order_effect}}: %+n,,character_to_province_own,5,campaign,6,true,public_order.png,public_order.png,,,,,,,,,,,,,,,,,,,,,,,character_skill_level_to_effects_junctions_tables,wh3_dlc29_skill_nag_nagash_unique_wizard_03|wh_main_effect_public_order_characters|1|character_to_province_own
effect,warhammer_3,9.0,25507028,Undead Legions,undead_legions,wh3_dlc29_sc_nag_undead_legions,Nagash,Nagash,legendary_lord,wh3_dlc29_nag_nagash,general,general,wh3_dlc29_nag_host_of_nagash|wh3_dlc29_nag_host_of_nagash_qb1,true,false,true,true,false,true,wh3_dlc29_lore_undeath,legendary_lords,wh3_dlc29_skill_node_set_nag_nagash,,1,general,false,false,,,,wh3_dlc29_skill_node_nag_nagash_unique_1_05,wh3_dlc29_skill_nag_nagash_unique_wizard_03,Architect of the Black Pyramid,"An undertaking of collosal proportions, the Black Pyramid once may have drained Nehekhara's vitality, but vitality was never the goal – only death.",character_construction.png,4,1,0,0,true,0,1,1,Architect of the Black Pyramid,"An undertaking of collosal proportions, the Black Pyramid once may have drained Nehekhara's vitality, but vitality was never the goal – only death.",,,,,,wh3_main_effect_corruption_vampiric_characters,Vampiric corruption: %+n,,character_to_province_any,3,campaign,104,true,corruption_vampiric.png,corruption_vampiric.png,,,,,,,,,,,,,,,,,,,,,,,character_skill_level_to_effects_junctions_tables,wh3_dlc29_skill_nag_nagash_unique_wizard_03|wh3_main_effect_corruption_vampiric_characters|1|character_to_province_any
node,warhammer_3,9.0,25507028,Undead Legions,undead_legions,wh3_dlc29_sc_nag_undead_legions,Nagash,Nagash,legendary_lord,wh3_dlc29_nag_nagash,general,general,wh3_dlc29_nag_host_of_nagash|wh3_dlc29_nag_host_of_nagash_qb1,true,false,true,true,false,true,wh3_dlc29_lore_undeath,legendary_lords,wh3_dlc29_skill_node_set_nag_nagash,,1,general,false,false,,,,wh3_dlc29_skill_nag_nagash_personal_4,wh2_dlc11_skill_all_lord_self_full_plate_armour,Full Plate Armour,Full-Plate armour protects the wearer from head-to-foot. Many such suits are blessed or imbued with arcane abilities.,character_armour.png,4,2,0,0,true,0,2,,,,,,,,,,,,,,,,,,,,,,,,,,,,,,,,,,,,,,,,,character_skill_nodes_tables,wh3_dlc29_skill_nag_nagash_personal_4
effect,warhammer_3,9.0,25507028,Undead Legions,undead_legions,wh3_dlc29_sc_nag_undead_legions,Nagash,Nagash,legendary_lord,wh3_dlc29_nag_nagash,general,general,wh3_dlc29_nag_host_of_nagash|wh3_dlc29_nag_host_of_nagash_qb1,true,false,true,true,false,true,wh3_dlc29_lore_undeath,legendary_lords,wh3_dlc29_skill_node_set_nag_nagash,,1,general,false,false,,,,wh3_dlc29_skill_nag_nagash_personal_4,wh2_dlc11_skill_all_lord_self_full_plate_armour,Full Plate Armour,Full-Plate armour protects the wearer from head-to-foot. Many such suits are blessed or imbued with arcane abilities.,character_armour.png,4,2,0,0,true,0,2,1,Full Plate Armour,Full-Plate armour protects the wearer from head-to-foot. Many such suits are blessed or imbued with arcane abilities.,,,,,,wh_main_effect_character_stat_armour,Armour: %+n,,character_to_character_own,7,both,100,true,armour_character.png,armour_character.png,,,,,,,,,,,,,,,,,,,,,,,character_skill_level_to_effects_junctions_tables,wh2_dlc11_skill_all_lord_self_full_plate_armour|wh_main_effect_character_stat_armour|1|character_to_character_own
effect,warhammer_3,9.0,25507028,Undead Legions,undead_legions,wh3_dlc29_sc_nag_undead_legions,Nagash,Nagash,legendary_lord,wh3_dlc29_nag_nagash,general,general,wh3_dlc29_nag_host_of_nagash|wh3_dlc29_nag_host_of_nagash_qb1,true,false,true,true,false,true,wh3_dlc29_lore_undeath,legendary_lords,wh3_dlc29_skill_node_set_nag_nagash,,1,general,false,false,,,,wh3_dlc29_skill_nag_nagash_personal_4,wh2_dlc11_skill_all_lord_self_full_plate_armour,Full Plate Armour,Full-Plate armour protects the wearer from head-to-foot. Many such suits are blessed or imbued with arcane abilities.,character_armour.png,4,2,0,0,true,0,2,2,Full Plate Armour,Full-Plate armour protects the wearer from head-to-foot. Many such suits are blessed or imbued with arcane abilities.,,,,,,wh_main_effect_character_stat_armour,Armour: %+n,,character_to_character_own,15,both,100,true,armour_character.png,armour_character.png,,,,,,,,,,,,,,,,,,,,,,,character_skill_level_to_effects_junctions_tables,wh2_dlc11_skill_all_lord_self_full_plate_armour|wh_main_effect_character_stat_armour|2|character_to_character_own
node,warhammer_3,9.0,25507028,Undead Legions,undead_legions,wh3_dlc29_sc_nag_undead_legions,Nagash,Nagash,legendary_lord,wh3_dlc29_nag_nagash,general,general,wh3_dlc29_nag_host_of_nagash|wh3_dlc29_nag_host_of_nagash_qb1,true,false,true,true,false,true,wh3_dlc29_lore_undeath,legendary_lords,wh3_dlc29_skill_node_set_nag_nagash,,1,general,false,false,,,,wh3_dlc29_skill_node_nag_nagash_magic1_05,wh3_dlc29_skill_nag_magic_undeath_05_Razkhar_the_abyssal_swarm,{{tr:unit_abilities_onscreen_name_wh3_dlc29_spell_undeath_razkhar_the_abyssal_swarm}},,wh3_dlc29_spell_undeath_Razkhar_the_abyssal_swarm.png,4,3,0,0,true,0,2,,,,,,,,,,,,,,,,,,,,,,,,,,,,,,,,,,,,,,,,,character_skill_nodes_tables,wh3_dlc29_skill_node_nag_nagash_magic1_05
effect,warhammer_3,9.0,25507028,Undead Legions,undead_legions,wh3_dlc29_sc_nag_undead_legions,Nagash,Nagash,legendary_lord,wh3_dlc29_nag_nagash,general,general,wh3_dlc29_nag_host_of_nagash|wh3_dlc29_nag_host_of_nagash_qb1,true,false,true,true,false,true,wh3_dlc29_lore_undeath,legendary_lords,wh3_dlc29_skill_node_set_nag_nagash,,1,general,false,false,,,,wh3_dlc29_skill_node_nag_nagash_magic1_05,wh3_dlc29_skill_nag_magic_undeath_05_Razkhar_the_abyssal_swarm,{{tr:unit_abilities_onscreen_name_wh3_dlc29_spell_undeath_razkhar_the_abyssal_swarm}},,wh3_dlc29_spell_undeath_Razkhar_the_abyssal_swarm.png,4,3,0,0,true,0,2,1,{{tr:unit_abilities_onscreen_name_wh3_dlc29_spell_undeath_razkhar_the_abyssal_swarm}},,,,,,,wh3_dlc29_effect_ability_cooldown_abyssal_swarm,"Cooldown: %+n% to ""{{tr:unit_abilities_onscreen_name_wh3_dlc29_spell_undeath_razkhar_the_abyssal_swarm}}",,character_to_character_own,-30,both,293,false,magic_cooldown.png,magic_cooldown.png,,,,,,,,,,,,,,,,,,,,,,,character_skill_level_to_effects_junctions_tables,wh3_dlc29_skill_nag_magic_undeath_05_Razkhar_the_abyssal_swarm|wh3_dlc29_effect_ability_cooldown_abyssal_swarm|1|character_to_character_own
effect,warhammer_3,9.0,25507028,Undead Legions,undead_legions,wh3_dlc29_sc_nag_undead_legions,Nagash,Nagash,legendary_lord,wh3_dlc29_nag_nagash,general,general,wh3_dlc29_nag_host_of_nagash|wh3_dlc29_nag_host_of_nagash_qb1,true,false,true,true,false,true,wh3_dlc29_lore_undeath,legendary_lords,wh3_dlc29_skill_node_set_nag_nagash,,1,general,false,false,,,,wh3_dlc29_skill_node_nag_nagash_magic1_05,wh3_dlc29_skill_nag_magic_undeath_05_Razkhar_the_abyssal_swarm,{{tr:unit_abilities_onscreen_name_wh3_dlc29_spell_undeath_razkhar_the_abyssal_swarm}},,wh3_dlc29_spell_undeath_Razkhar_the_abyssal_swarm.png,4,3,0,0,true,0,2,1,{{tr:unit_abilities_onscreen_name_wh3_dlc29_spell_undeath_razkhar_the_abyssal_swarm}},,,,,,,wh3_dlc29_effect_ability_enable_razkhar_abyssal_swarm,"Spell: ""{{tr:unit_abilities_onscreen_name_wh3_dlc29_spell_undeath_razkhar_the_abyssal_swarm}}""",,character_to_character_own,1,battle,290,true,magic_character.png,magic_character.png,,,,,,,,,,,,,,,,,,,,,,,character_skill_level_to_effects_junctions_tables,wh3_dlc29_skill_nag_magic_undeath_05_Razkhar_the_abyssal_swarm|wh3_dlc29_effect_ability_enable_razkhar_abyssal_swarm|1|character_to_character_own
effect,warhammer_3,9.0,25507028,Undead Legions,undead_legions,wh3_dlc29_sc_nag_undead_legions,Nagash,Nagash,legendary_lord,wh3_dlc29_nag_nagash,general,general,wh3_dlc29_nag_host_of_nagash|wh3_dlc29_nag_host_of_nagash_qb1,true,false,true,true,false,true,wh3_dlc29_lore_undeath,legendary_lords,wh3_dlc29_skill_node_set_nag_nagash,,1,general,false,false,,,,wh3_dlc29_skill_node_nag_nagash_magic1_05,wh3_dlc29_skill_nag_magic_undeath_05_Razkhar_the_abyssal_swarm,{{tr:unit_abilities_onscreen_name_wh3_dlc29_spell_undeath_razkhar_the_abyssal_swarm}},,wh3_dlc29_spell_undeath_Razkhar_the_abyssal_swarm.png,4,3,0,0,true,0,2,1,{{tr:unit_abilities_onscreen_name_wh3_dlc29_spell_undeath_razkhar_the_abyssal_swarm}},,,,,,,wh3_dlc29_effect_ability_enable_razkhar_abyssal_swarm_upgraded,"Overcast spell: ""{{tr:unit_abilities_onscreen_name_wh3_dlc29_spell_undeath_razkhar_the_abyssal_swarm}}""",,character_to_character_own,1,battle,291,true,magic_character.png,magic_character.png,,,,,,,,,,,,,,,,,,,,,,,character_skill_level_to_effects_junctions_tables,wh3_dlc29_skill_nag_magic_undeath_05_Razkhar_the_abyssal_swarm|wh3_dlc29_effect_ability_enable_razkhar_abyssal_swarm_upgraded|1|character_to_character_own
effect,warhammer_3,9.0,25507028,Undead Legions,undead_legions,wh3_dlc29_sc_nag_undead_legions,Nagash,Nagash,legendary_lord,wh3_dlc29_nag_nagash,general,general,wh3_dlc29_nag_host_of_nagash|wh3_dlc29_nag_host_of_nagash_qb1,true,false,true,true,false,true,wh3_dlc29_lore_undeath,legendary_lords,wh3_dlc29_skill_node_set_nag_nagash,,1,general,false,false,,,,wh3_dlc29_skill_node_nag_nagash_magic1_05,wh3_dlc29_skill_nag_magic_undeath_05_Razkhar_the_abyssal_swarm,{{tr:unit_abilities_onscreen_name_wh3_dlc29_spell_undeath_razkhar_the_abyssal_swarm}},,wh3_dlc29_spell_undeath_Razkhar_the_abyssal_swarm.png,4,3,0,0,true,0,2,2,{{tr:unit_abilities_onscreen_name_wh3_dlc29_spell_undeath_razkhar_the_abyssal_swarm}},,,,,,,wh3_dlc29_effect_ability_cooldown_abyssal_swarm,"Cooldown: %+n% to ""{{tr:unit_abilities_onscreen_name_wh3_dlc29_spell_undeath_razkhar_the_abyssal_swarm}}",,character_to_character_own,-50,both,293,false,magic_cooldown.png,magic_cooldown.png,,,,,,,,,,,,,,,,,,,,,,,character_skill_level_to_effects_junctions_tables,wh3_dlc29_skill_nag_magic_undeath_05_Razkhar_the_abyssal_swarm|wh3_dlc29_effect_ability_cooldown_abyssal_swarm|2|character_to_character_own
effect,warhammer_3,9.0,25507028,Undead Legions,undead_legions,wh3_dlc29_sc_nag_undead_legions,Nagash,Nagash,legendary_lord,wh3_dlc29_nag_nagash,general,general,wh3_dlc29_nag_host_of_nagash|wh3_dlc29_nag_host_of_nagash_qb1,true,false,true,true,false,true,wh3_dlc29_lore_undeath,legendary_lords,wh3_dlc29_skill_node_set_nag_nagash,,1,general,false,false,,,,wh3_dlc29_skill_node_nag_nagash_magic1_05,wh3_dlc29_skill_nag_magic_undeath_05_Razkhar_the_abyssal_swarm,{{tr:unit_abilities_onscreen_name_wh3_dlc29_spell_undeath_razkhar_the_abyssal_swarm}},,wh3_dlc29_spell_undeath_Razkhar_the_abyssal_swarm.png,4,3,0,0,true,0,2,2,{{tr:unit_abilities_onscreen_name_wh3_dlc29_spell_undeath_razkhar_the_abyssal_swarm}},,,,,,,wh3_dlc29_effect_ability_enable_razkhar_abyssal_swarm_upgraded,"Overcast spell: ""{{tr:unit_abilities_onscreen_name_wh3_dlc29_spell_undeath_razkhar_the_abyssal_swarm}}""",,character_to_character_own,1,battle,291,true,magic_character.png,magic_character.png,,,,,,,,,,,,,,,,,,,,,,,character_skill_level_to_effects_junctions_tables,wh3_dlc29_skill_nag_magic_undeath_05_Razkhar_the_abyssal_swarm|wh3_dlc29_effect_ability_enable_razkhar_abyssal_swarm_upgraded|2|character_to_character_own
effect,warhammer_3,9.0,25507028,Undead Legions,undead_legions,wh3_dlc29_sc_nag_undead_legions,Nagash,Nagash,legendary_lord,wh3_dlc29_nag_nagash,general,general,wh3_dlc29_nag_host_of_nagash|wh3_dlc29_nag_host_of_nagash_qb1,true,false,true,true,false,true,wh3_dlc29_lore_undeath,legendary_lords,wh3_dlc29_skill_node_set_nag_nagash,,1,general,false,false,,,,wh3_dlc29_skill_node_nag_nagash_magic1_05,wh3_dlc29_skill_nag_magic_undeath_05_Razkhar_the_abyssal_swarm,{{tr:unit_abilities_onscreen_name_wh3_dlc29_spell_undeath_razkhar_the_abyssal_swarm}},,wh3_dlc29_spell_undeath_Razkhar_the_abyssal_swarm.png,4,3,0,0,true,0,2,2,{{tr:unit_abilities_onscreen_name_wh3_dlc29_spell_undeath_razkhar_the_abyssal_swarm}},,,,,,,wh3_dlc29_effect_ability_miscast_abyssal_swarm_upgraded,"Miscast base chance: %+n% for ""{{tr:unit_abilities_onscreen_name_wh3_dlc29_spell_undeath_razkhar_the_abyssal_swarm}} Upgraded""",,character_to_character_own,-15,both,298,false,magic.png,magic.png,,,,,,,,,,,,,,,,,,,,,,,character_skill_level_to_effects_junctions_tables,wh3_dlc29_skill_nag_magic_undeath_05_Razkhar_the_abyssal_swarm|wh3_dlc29_effect_ability_miscast_abyssal_swarm_upgraded|2|character_to_character_own
effect,warhammer_3,9.0,25507028,Undead Legions,undead_legions,wh3_dlc29_sc_nag_undead_legions,Nagash,Nagash,legendary_lord,wh3_dlc29_nag_nagash,general,general,wh3_dlc29_nag_host_of_nagash|wh3_dlc29_nag_host_of_nagash_qb1,true,false,true,true,false,true,wh3_dlc29_lore_undeath,legendary_lords,wh3_dlc29_skill_node_set_nag_nagash,,1,general,false,false,,,,wh3_dlc29_skill_node_nag_nagash_magic1_05,wh3_dlc29_skill_nag_magic_undeath_05_Razkhar_the_abyssal_swarm,{{tr:unit_abilities_onscreen_name_wh3_dlc29_spell_undeath_razkhar_the_abyssal_swarm}},,wh3_dlc29_spell_undeath_Razkhar_the_abyssal_swarm.png,4,3,0,0,true,0,2,2,{{tr:unit_abilities_onscreen_name_wh3_dlc29_spell_undeath_razkhar_the_abyssal_swarm}},,,,,,,wh3_dlc29_effect_ability_wom_cost_abyssal_swarm,"Winds of Magic cost: %n for ""{{tr:unit_abilities_onscreen_name_wh3_dlc29_spell_undeath_razkhar_the_abyssal_swarm}}""",,character_to_character_own,-2,both,294,false,magic_character.png,magic_character.png,,,,,,,,,,,,,,,,,,,,,,,character_skill_level_to_effects_junctions_tables,wh3_dlc29_skill_nag_magic_undeath_05_Razkhar_the_abyssal_swarm|wh3_dlc29_effect_ability_wom_cost_abyssal_swarm|2|character_to_character_own
effect,warhammer_3,9.0,25507028,Undead Legions,undead_legions,wh3_dlc29_sc_nag_undead_legions,Nagash,Nagash,legendary_lord,wh3_dlc29_nag_nagash,general,general,wh3_dlc29_nag_host_of_nagash|wh3_dlc29_nag_host_of_nagash_qb1,true,false,true,true,false,true,wh3_dlc29_lore_undeath,legendary_lords,wh3_dlc29_skill_node_set_nag_nagash,,1,general,false,false,,,,wh3_dlc29_skill_node_nag_nagash_magic1_05,wh3_dlc29_skill_nag_magic_undeath_05_Razkhar_the_abyssal_swarm,{{tr:unit_abilities_onscreen_name_wh3_dlc29_spell_undeath_razkhar_the_abyssal_swarm}},,wh3_dlc29_spell_undeath_Razkhar_the_abyssal_swarm.png,4,3,0,0,true,0,2,2,{{tr:unit_abilities_onscreen_name_wh3_dlc29_spell_undeath_razkhar_the_abyssal_swarm}},,,,,,,wh3_dlc29_effect_ability_wom_cost_abyssal_swarm_upgraded,"Winds of Magic cost: %n for ""{{tr:unit_abilities_onscreen_name_wh3_dlc29_spell_undeath_razkhar_the_abyssal_swarm}} Upgraded""",,character_to_character_own,-4,both,294,false,magic_character.png,magic_character.png,,,,,,,,,,,,,,,,,,,,,,,character_skill_level_to_effects_junctions_tables,wh3_dlc29_skill_nag_magic_undeath_05_Razkhar_the_abyssal_swarm|wh3_dlc29_effect_ability_wom_cost_abyssal_swarm_upgraded|2|character_to_character_own
node,warhammer_3,9.0,25507028,Undead Legions,undead_legions,wh3_dlc29_sc_nag_undead_legions,Nagash,Nagash,legendary_lord,wh3_dlc29_nag_nagash,general,general,wh3_dlc29_nag_host_of_nagash|wh3_dlc29_nag_host_of_nagash_qb1,true,false,true,true,false,true,wh3_dlc29_lore_undeath,legendary_lords,wh3_dlc29_skill_node_set_nag_nagash,,1,general,false,false,,,,wh3_dlc29_skill_node_nag_nagash_battle_05,wh3_dlc29_skill_nag_lord_battle_ivory_steeds,Shyish Tears Across the Earth,"Creatures possessed by a Wind of Magic still cannot outrun their source of power. Yet Shyish is not a mere Wind of Magic. It is Nagash's preordained path, and he is no mere traveller.",battle_speed.png,4,4,0,0,true,0,3,,,,,,,,,,,,,,,,,,,,,,,,,,,,,,,,,,,,,,,,,character_skill_nodes_tables,wh3_dlc29_skill_node_nag_nagash_battle_05
effect,warhammer_3,9.0,25507028,Undead Legions,undead_legions,wh3_dlc29_sc_nag_undead_legions,Nagash,Nagash,legendary_lord,wh3_dlc29_nag_nagash,general,general,wh3_dlc29_nag_host_of_nagash|wh3_dlc29_nag_host_of_nagash_qb1,true,false,true,true,false,true,wh3_dlc29_lore_undeath,legendary_lords,wh3_dlc29_skill_node_set_nag_nagash,,1,general,false,false,,,,wh3_dlc29_skill_node_nag_nagash_battle_05,wh3_dlc29_skill_nag_lord_battle_ivory_steeds,Shyish Tears Across the Earth,"Creatures possessed by a Wind of Magic still cannot outrun their source of power. Yet Shyish is not a mere Wind of Magic. It is Nagash's preordained path, and he is no mere traveller.",battle_speed.png,4,4,0,0,true,0,3,1,Shyish Tears Across the Earth,"Creatures possessed by a Wind of Magic still cannot outrun their source of power. Yet Shyish is not a mere Wind of Magic. It is Nagash's preordained path, and he is no mere traveller.",,,,,,wh3_dlc29_effect_force_stat_armour_nag_melee_cavalry_chariots,"Armour: %+n for all Melee cavalry, Melee Chariots and Magical Chariot units",,general_to_force_own,4,battle,401,true,armour.png,armour.png,,,,,,,,,,,,,,,,,,,,,,,character_skill_level_to_effects_junctions_tables,wh3_dlc29_skill_nag_lord_battle_ivory_steeds|wh3_dlc29_effect_force_stat_armour_nag_melee_cavalry_chariots|1|general_to_force_own
effect,warhammer_3,9.0,25507028,Undead Legions,undead_legions,wh3_dlc29_sc_nag_undead_legions,Nagash,Nagash,legendary_lord,wh3_dlc29_nag_nagash,general,general,wh3_dlc29_nag_host_of_nagash|wh3_dlc29_nag_host_of_nagash_qb1,true,false,true,true,false,true,wh3_dlc29_lore_undeath,legendary_lords,wh3_dlc29_skill_node_set_nag_nagash,,1,general,false,false,,,,wh3_dlc29_skill_node_nag_nagash_battle_05,wh3_dlc29_skill_nag_lord_battle_ivory_steeds,Shyish Tears Across the Earth,"Creatures possessed by a Wind of Magic still cannot outrun their source of power. Yet Shyish is not a mere Wind of Magic. It is Nagash's preordained path, and he is no mere traveller.",battle_speed.png,4,4,0,0,true,0,3,2,Shyish Tears Across the Earth,"Creatures possessed by a Wind of Magic still cannot outrun their source of power. Yet Shyish is not a mere Wind of Magic. It is Nagash's preordained path, and he is no mere traveller.",,,,,,wh3_dlc29_effect_force_stat_armour_nag_melee_cavalry_chariots,"Armour: %+n for all Melee cavalry, Melee Chariots and Magical Chariot units",,general_to_force_own,8,battle,401,true,armour.png,armour.png,,,,,,,,,,,,,,,,,,,,,,,character_skill_level_to_effects_junctions_tables,wh3_dlc29_skill_nag_lord_battle_ivory_steeds|wh3_dlc29_effect_force_stat_armour_nag_melee_cavalry_chariots|2|general_to_force_own
effect,warhammer_3,9.0,25507028,Undead Legions,undead_legions,wh3_dlc29_sc_nag_undead_legions,Nagash,Nagash,legendary_lord,wh3_dlc29_nag_nagash,general,general,wh3_dlc29_nag_host_of_nagash|wh3_dlc29_nag_host_of_nagash_qb1,true,false,true,true,false,true,wh3_dlc29_lore_undeath,legendary_lords,wh3_dlc29_skill_node_set_nag_nagash,,1,general,false,false,,,,wh3_dlc29_skill_node_nag_nagash_battle_05,wh3_dlc29_skill_nag_lord_battle_ivory_steeds,Shyish Tears Across the Earth,"Creatures possessed by a Wind of Magic still cannot outrun their source of power. Yet Shyish is not a mere Wind of Magic. It is Nagash's preordained path, and he is no mere traveller.",battle_speed.png,4,4,0,0,true,0,3,2,Shyish Tears Across the Earth,"Creatures possessed by a Wind of Magic still cannot outrun their source of power. Yet Shyish is not a mere Wind of Magic. It is Nagash's preordained path, and he is no mere traveller.",,,,,,wh3_dlc29_effect_force_stat_speed_nag_melee_cavalry_chariots,"Speed: %+n% for all Melee cavalry, Melee Chariots and Magical Chariot units",,general_to_force_own,6,battle,421,true,battle_movement.png,battle_movement.png,,,,,,,,,,,,,,,,,,,,,,,character_skill_level_to_effects_junctions_tables,wh3_dlc29_skill_nag_lord_battle_ivory_steeds|wh3_dlc29_effect_force_stat_speed_nag_melee_cavalry_chariots|2|general_to_force_own
effect,warhammer_3,9.0,25507028,Undead Legions,undead_legions,wh3_dlc29_sc_nag_undead_legions,Nagash,Nagash,legendary_lord,wh3_dlc29_nag_nagash,general,general,wh3_dlc29_nag_host_of_nagash|wh3_dlc29_nag_host_of_nagash_qb1,true,false,true,true,false,true,wh3_dlc29_lore_undeath,legendary_lords,wh3_dlc29_skill_node_set_nag_nagash,,1,general,false,false,,,,wh3_dlc29_skill_node_nag_nagash_battle_05,wh3_dlc29_skill_nag_lord_battle_ivory_steeds,Shyish Tears Across the Earth,"Creatures possessed by a Wind of Magic still cannot outrun their source of power. Yet Shyish is not a mere Wind of Magic. It is Nagash's preordained path, and he is no mere traveller.",battle_speed.png,4,4,0,0,true,0,3,3,Shyish Tears Across the Earth,"Creatures possessed by a Wind of Magic still cannot outrun their source of power. Yet Shyish is not a mere Wind of Magic. It is Nagash's preordained path, and he is no mere traveller.",,,,,,wh3_dlc29_effect_force_stat_armour_nag_melee_cavalry_chariots,"Armour: %+n for all Melee cavalry, Melee Chariots and Magical Chariot units",,general_to_force_own,12,battle,401,true,armour.png,armour.png,,,,,,,,,,,,,,,,,,,,,,,character_skill_level_to_effects_junctions_tables,wh3_dlc29_skill_nag_lord_battle_ivory_steeds|wh3_dlc29_effect_force_stat_armour_nag_melee_cavalry_chariots|3|general_to_force_own
effect,warhammer_3,9.0,25507028,Undead Legions,undead_legions,wh3_dlc29_sc_nag_undead_legions,Nagash,Nagash,legendary_lord,wh3_dlc29_nag_nagash,general,general,wh3_dlc29_nag_host_of_nagash|wh3_dlc29_nag_host_of_nagash_qb1,true,false,true,true,false,true,wh3_dlc29_lore_undeath,legendary_lords,wh3_dlc29_skill_node_set_nag_nagash,,1,general,false,false,,,,wh3_dlc29_skill_node_nag_nagash_battle_05,wh3_dlc29_skill_nag_lord_battle_ivory_steeds,Shyish Tears Across the Earth,"Creatures possessed by a Wind of Magic still cannot outrun their source of power. Yet Shyish is not a mere Wind of Magic. It is Nagash's preordained path, and he is no mere traveller.",battle_speed.png,4,4,0,0,true,0,3,3,Shyish Tears Across the Earth,"Creatures possessed by a Wind of Magic still cannot outrun their source of power. Yet Shyish is not a mere Wind of Magic. It is Nagash's preordained path, and he is no mere traveller.",,,,,,wh3_dlc29_effect_force_stat_speed_nag_melee_cavalry_chariots,"Speed: %+n% for all Melee cavalry, Melee Chariots and Magical Chariot units",,general_to_force_own,12,battle,421,true,battle_movement.png,battle_movement.png,,,,,,,,,,,,,,,,,,,,,,,character_skill_level_to_effects_junctions_tables,wh3_dlc29_skill_nag_lord_battle_ivory_steeds|wh3_dlc29_effect_force_stat_speed_nag_melee_cavalry_chariots|3|general_to_force_own
node,warhammer_3,9.0,25507028,Undead Legions,undead_legions,wh3_dlc29_sc_nag_undead_legions,Nagash,Nagash,legendary_lord,wh3_dlc29_nag_nagash,general,general,wh3_dlc29_nag_host_of_nagash|wh3_dlc29_nag_host_of_nagash_qb1,true,false,true,true,false,true,wh3_dlc29_lore_undeath,legendary_lords,wh3_dlc29_skill_node_set_nag_nagash,,1,general,false,false,,,,wh3_dlc29_skill_node_nag_nagash_campaign_05,wh3_dlc29_skill_nag_lord_campaign_elixer_of_life,The Elixir's Creator,"First of all others, Nagash brought forth the means of immortality, all to serve his ends. All who pride themselves on it serve, as well.",campaign_vampiric_corruption.png,4,5,0,0,true,0,3,,,,,,,,,,,,,,,,,,,,,,,,,,,,,,,,,,,,,,,,,character_skill_nodes_tables,wh3_dlc29_skill_node_nag_nagash_campaign_05
effect,warhammer_3,9.0,25507028,Undead Legions,undead_legions,wh3_dlc29_sc_nag_undead_legions,Nagash,Nagash,legendary_lord,wh3_dlc29_nag_nagash,general,general,wh3_dlc29_nag_host_of_nagash|wh3_dlc29_nag_host_of_nagash_qb1,true,false,true,true,false,true,wh3_dlc29_lore_undeath,legendary_lords,wh3_dlc29_skill_node_set_nag_nagash,,1,general,false,false,,,,wh3_dlc29_skill_node_nag_nagash_campaign_05,wh3_dlc29_skill_nag_lord_campaign_elixer_of_life,The Elixir's Creator,"First of all others, Nagash brought forth the means of immortality, all to serve his ends. All who pride themselves on it serve, as well.",campaign_vampiric_corruption.png,4,5,0,0,true,0,3,1,The Elixir's Creator,"First of all others, Nagash brought forth the means of immortality, all to serve his ends. All who pride themselves on it serve, as well.",,,,,,wh_main_effect_force_army_campaign_attrition_all_resistance,Attrition: %+n% casualties suffered from all attrition,,general_to_force_own,-10,campaign,100,false,attrition.png,attrition.png,,,,,,,,,,,,,,,,,,,,,,,character_skill_level_to_effects_junctions_tables,wh3_dlc29_skill_nag_lord_campaign_elixer_of_life|wh_main_effect_force_army_campaign_attrition_all_resistance|1|general_to_force_own
effect,warhammer_3,9.0,25507028,Undead Legions,undead_legions,wh3_dlc29_sc_nag_undead_legions,Nagash,Nagash,legendary_lord,wh3_dlc29_nag_nagash,general,general,wh3_dlc29_nag_host_of_nagash|wh3_dlc29_nag_host_of_nagash_qb1,true,false,true,true,false,true,wh3_dlc29_lore_undeath,legendary_lords,wh3_dlc29_skill_node_set_nag_nagash,,1,general,false,false,,,,wh3_dlc29_skill_node_nag_nagash_campaign_05,wh3_dlc29_skill_nag_lord_campaign_elixer_of_life,The Elixir's Creator,"First of all others, Nagash brought forth the means of immortality, all to serve his ends. All who pride themselves on it serve, as well.",campaign_vampiric_corruption.png,4,5,0,0,true,0,3,1,The Elixir's Creator,"First of all others, Nagash brought forth the means of immortality, all to serve his ends. All who pride themselves on it serve, as well.",,,,,,wh3_main_effect_corruption_vampiric_characters,Vampiric corruption: %+n,,character_to_province_any,1,campaign,104,true,corruption_vampiric.png,corruption_vampiric.png,,,,,,,,,,,,,,,,,,,,,,,character_skill_level_to_effects_junctions_tables,wh3_dlc29_skill_nag_lord_campaign_elixer_of_life|wh3_main_effect_corruption_vampiric_characters|1|character_to_province_any
effect,warhammer_3,9.0,25507028,Undead Legions,undead_legions,wh3_dlc29_sc_nag_undead_legions,Nagash,Nagash,legendary_lord,wh3_dlc29_nag_nagash,general,general,wh3_dlc29_nag_host_of_nagash|wh3_dlc29_nag_host_of_nagash_qb1,true,false,true,true,false,true,wh3_dlc29_lore_undeath,legendary_lords,wh3_dlc29_skill_node_set_nag_nagash,,1,general,false,false,,,,wh3_dlc29_skill_node_nag_nagash_campaign_05,wh3_dlc29_skill_nag_lord_campaign_elixer_of_life,The Elixir's Creator,"First of all others, Nagash brought forth the means of immortality, all to serve his ends. All who pride themselves on it serve, as well.",campaign_vampiric_corruption.png,4,5,0,0,true,0,3,2,The Elixir's Creator,"First of all others, Nagash brought forth the means of immortality, all to serve his ends. All who pride themselves on it serve, as well.",,,,,,wh_main_effect_force_army_campaign_attrition_all_resistance,Attrition: %+n% casualties suffered from all attrition,,general_to_force_own,-20,campaign,100,false,attrition.png,attrition.png,,,,,,,,,,,,,,,,,,,,,,,character_skill_level_to_effects_junctions_tables,wh3_dlc29_skill_nag_lord_campaign_elixer_of_life|wh_main_effect_force_army_campaign_attrition_all_resistance|2|general_to_force_own
effect,warhammer_3,9.0,25507028,Undead Legions,undead_legions,wh3_dlc29_sc_nag_undead_legions,Nagash,Nagash,legendary_lord,wh3_dlc29_nag_nagash,general,general,wh3_dlc29_nag_host_of_nagash|wh3_dlc29_nag_host_of_nagash_qb1,true,false,true,true,false,true,wh3_dlc29_lore_undeath,legendary_lords,wh3_dlc29_skill_node_set_nag_nagash,,1,general,false,false,,,,wh3_dlc29_skill_node_nag_nagash_campaign_05,wh3_dlc29_skill_nag_lord_campaign_elixer_of_life,The Elixir's Creator,"First of all others, Nagash brought forth the means of immortality, all to serve his ends. All who pride themselves on it serve, as well.",campaign_vampiric_corruption.png,4,5,0,0,true,0,3,2,The Elixir's Creator,"First of all others, Nagash brought forth the means of immortality, all to serve his ends. All who pride themselves on it serve, as well.",,,,,,wh3_main_effect_corruption_vampiric_characters,Vampiric corruption: %+n,,character_to_province_any,2,campaign,104,true,corruption_vampiric.png,corruption_vampiric.png,,,,,,,,,,,,,,,,,,,,,,,character_skill_level_to_effects_junctions_tables,wh3_dlc29_skill_nag_lord_campaign_elixer_of_life|wh3_main_effect_corruption_vampiric_characters|2|character_to_province_any
effect,warhammer_3,9.0,25507028,Undead Legions,undead_legions,wh3_dlc29_sc_nag_undead_legions,Nagash,Nagash,legendary_lord,wh3_dlc29_nag_nagash,general,general,wh3_dlc29_nag_host_of_nagash|wh3_dlc29_nag_host_of_nagash_qb1,true,false,true,true,false,true,wh3_dlc29_lore_undeath,legendary_lords,wh3_dlc29_skill_node_set_nag_nagash,,1,general,false,false,,,,wh3_dlc29_skill_node_nag_nagash_campaign_05,wh3_dlc29_skill_nag_lord_campaign_elixer_of_life,The Elixir's Creator,"First of all others, Nagash brought forth the means of immortality, all to serve his ends. All who pride themselves on it serve, as well.",campaign_vampiric_corruption.png,4,5,0,0,true,0,3,3,The Elixir's Creator,"First of all others, Nagash brought forth the means of immortality, all to serve his ends. All who pride themselves on it serve, as well.",,,,,,wh_main_effect_force_army_campaign_attrition_all_resistance,Attrition: %+n% casualties suffered from all attrition,,general_to_force_own,-30,campaign,100,false,attrition.png,attrition.png,,,,,,,,,,,,,,,,,,,,,,,character_skill_level_to_effects_junctions_tables,wh3_dlc29_skill_nag_lord_campaign_elixer_of_life|wh_main_effect_force_army_campaign_attrition_all_resistance|3|general_to_force_own
effect,warhammer_3,9.0,25507028,Undead Legions,undead_legions,wh3_dlc29_sc_nag_undead_legions,Nagash,Nagash,legendary_lord,wh3_dlc29_nag_nagash,general,general,wh3_dlc29_nag_host_of_nagash|wh3_dlc29_nag_host_of_nagash_qb1,true,false,true,true,false,true,wh3_dlc29_lore_undeath,legendary_lords,wh3_dlc29_skill_node_set_nag_nagash,,1,general,false,false,,,,wh3_dlc29_skill_node_nag_nagash_campaign_05,wh3_dlc29_skill_nag_lord_campaign_elixer_of_life,The Elixir's Creator,"First of all others, Nagash brought forth the means of immortality, all to serve his ends. All who pride themselves on it serve, as well.",campaign_vampiric_corruption.png,4,5,0,0,true,0,3,3,The Elixir's Creator,"First of all others, Nagash brought forth the means of immortality, all to serve his ends. All who pride themselves on it serve, as well.",,,,,,wh3_main_effect_corruption_vampiric_characters,Vampiric corruption: %+n,,character_to_province_any,3,campaign,104,true,corruption_vampiric.png,corruption_vampiric.png,,,,,,,,,,,,,,,,,,,,,,,character_skill_level_to_effects_junctions_tables,wh3_dlc29_skill_nag_lord_campaign_elixer_of_life|wh3_main_effect_corruption_vampiric_characters|3|character_to_province_any
node,warhammer_3,9.0,25507028,Undead Legions,undead_legions,wh3_dlc29_sc_nag_undead_legions,Nagash,Nagash,legendary_lord,wh3_dlc29_nag_nagash,general,general,wh3_dlc29_nag_host_of_nagash|wh3_dlc29_nag_host_of_nagash_qb1,true,false,true,true,false,true,wh3_dlc29_lore_undeath,legendary_lords,wh3_dlc29_skill_node_set_nag_nagash,,1,general,false,false,,,,wh3_dlc29_skill_node_nag_nagash_unique_0_06,wh_main_skill_vmp_all_unique_grave_ward,Grave Ward,Whereby the power of death itself is used to hold back the physical world.,character_ward_save.png,5,0,0,0,true,7,1,,,,,,,,,,,,,,,,,,,,,,,,,,,,,,,,,,,,,,,,,character_skill_nodes_tables,wh3_dlc29_skill_node_nag_nagash_unique_0_06
skill_level,warhammer_3,9.0,25507028,Undead Legions,undead_legions,wh3_dlc29_sc_nag_undead_legions,Nagash,Nagash,legendary_lord,wh3_dlc29_nag_nagash,general,general,wh3_dlc29_nag_host_of_nagash|wh3_dlc29_nag_host_of_nagash_qb1,true,false,true,true,false,true,wh3_dlc29_lore_undeath,legendary_lords,wh3_dlc29_skill_node_set_nag_nagash,,1,general,false,false,,,,wh3_dlc29_skill_node_nag_nagash_unique_0_06,wh_main_skill_vmp_all_unique_grave_ward,Grave Ward,Whereby the power of death itself is used to hold back the physical world.,character_ward_save.png,5,0,0,0,true,7,1,1,Grave Ward,Whereby the power of death itself is used to hold back the physical world.,7,x,,,,,,,,,,,,,,,,,,,,,,,,,,,,,,,,,,,,character_skill_level_details_tables,wh_main_skill_vmp_all_unique_grave_ward|1|||
effect,warhammer_3,9.0,25507028,Undead Legions,undead_legions,wh3_dlc29_sc_nag_undead_legions,Nagash,Nagash,legendary_lord,wh3_dlc29_nag_nagash,general,general,wh3_dlc29_nag_host_of_nagash|wh3_dlc29_nag_host_of_nagash_qb1,true,false,true,true,false,true,wh3_dlc29_lore_undeath,legendary_lords,wh3_dlc29_skill_node_set_nag_nagash,,1,general,false,false,,,,wh3_dlc29_skill_node_nag_nagash_unique_0_06,wh_main_skill_vmp_all_unique_grave_ward,Grave Ward,Whereby the power of death itself is used to hold back the physical world.,character_ward_save.png,5,0,0,0,true,7,1,1,Grave Ward,Whereby the power of death itself is used to hold back the physical world.,,,,,,wh_main_effect_character_stat_missile_resistance,Missile resistance: %n%,"Missile Resistance. Damage of missile attacks is reduced by this amount, up to a maximum of 90%",character_to_character_own,10,both,280,true,resistance_missile.png,resistance_missile.png,,,,,,,,,,,,,,,,,,,,,,,character_skill_level_to_effects_junctions_tables,wh_main_skill_vmp_all_unique_grave_ward|wh_main_effect_character_stat_missile_resistance|1|character_to_character_own
node,warhammer_3,9.0,25507028,Undead Legions,undead_legions,wh3_dlc29_sc_nag_undead_legions,Nagash,Nagash,legendary_lord,wh3_dlc29_nag_nagash,general,general,wh3_dlc29_nag_host_of_nagash|wh3_dlc29_nag_host_of_nagash_qb1,true,false,true,true,false,true,wh3_dlc29_lore_undeath,legendary_lords,wh3_dlc29_skill_node_set_nag_nagash,,1,general,false,false,,,,wh3_dlc29_skill_node_nag_nagash_unique_1_06,wh3_dlc29_skill_nag_nagash_unique_wizard_06,Supreme Lord of the Undead,"Whereas mighty Undead answer to a mighty Necromancer's call, to Nagash they answer at a thought.",character_necromantic_energy.png,5,1,0,2,true,0,1,,,,,,,,,,,,,,,,,,,,,,,,,,,,,,,,,,,,,,,,,character_skill_nodes_tables,wh3_dlc29_skill_node_nag_nagash_unique_1_06
effect,warhammer_3,9.0,25507028,Undead Legions,undead_legions,wh3_dlc29_sc_nag_undead_legions,Nagash,Nagash,legendary_lord,wh3_dlc29_nag_nagash,general,general,wh3_dlc29_nag_host_of_nagash|wh3_dlc29_nag_host_of_nagash_qb1,true,false,true,true,false,true,wh3_dlc29_lore_undeath,legendary_lords,wh3_dlc29_skill_node_set_nag_nagash,,1,general,false,false,,,,wh3_dlc29_skill_node_nag_nagash_unique_1_06,wh3_dlc29_skill_nag_nagash_unique_wizard_06,Supreme Lord of the Undead,"Whereas mighty Undead answer to a mighty Necromancer's call, to Nagash they answer at a thought.",character_necromantic_energy.png,5,1,0,2,true,0,1,1,Supreme Lord of the Undead,"Whereas mighty Undead answer to a mighty Necromancer's call, to Nagash they answer at a thought.",,,,,,wh3_dlc29_effect_gravecall_recruitment_cost_mod,Grave Call cost: %+n%,,character_to_character_own_armytext,-15,campaign,7,false,icon_necromantic_power.png,icon_necromantic_power.png,,,,,,,,,,,,,,,,,,,,,,,character_skill_level_to_effects_junctions_tables,wh3_dlc29_skill_nag_nagash_unique_wizard_06|wh3_dlc29_effect_gravecall_recruitment_cost_mod|1|character_to_character_own_armytext
effect,warhammer_3,9.0,25507028,Undead Legions,undead_legions,wh3_dlc29_sc_nag_undead_legions,Nagash,Nagash,legendary_lord,wh3_dlc29_nag_nagash,general,general,wh3_dlc29_nag_host_of_nagash|wh3_dlc29_nag_host_of_nagash_qb1,true,false,true,true,false,true,wh3_dlc29_lore_undeath,legendary_lords,wh3_dlc29_skill_node_set_nag_nagash,,1,general,false,false,,,,wh3_dlc29_skill_node_nag_nagash_unique_1_06,wh3_dlc29_skill_nag_nagash_unique_wizard_06,Supreme Lord of the Undead,"Whereas mighty Undead answer to a mighty Necromancer's call, to Nagash they answer at a thought.",character_necromantic_energy.png,5,1,0,2,true,0,1,1,Supreme Lord of the Undead,"Whereas mighty Undead answer to a mighty Necromancer's call, to Nagash they answer at a thought.",,,,,,wh3_dlc29_effect_nag_necromancy_cost_mod_all,Necromantic Energy cost: %+n% for all unit capacities,,character_to_faction_unseen,-10,campaign,50,false,icon_necromantic_power.png,icon_necromantic_power.png,,,,,,,,,,,,,,,,,,,,,,,character_skill_level_to_effects_junctions_tables,wh3_dlc29_skill_nag_nagash_unique_wizard_06|wh3_dlc29_effect_nag_necromancy_cost_mod_all|1|character_to_faction_unseen
effect,warhammer_3,9.0,25507028,Undead Legions,undead_legions,wh3_dlc29_sc_nag_undead_legions,Nagash,Nagash,legendary_lord,wh3_dlc29_nag_nagash,general,general,wh3_dlc29_nag_host_of_nagash|wh3_dlc29_nag_host_of_nagash_qb1,true,false,true,true,false,true,wh3_dlc29_lore_undeath,legendary_lords,wh3_dlc29_skill_node_set_nag_nagash,,1,general,false,false,,,,wh3_dlc29_skill_node_nag_nagash_unique_1_06,wh3_dlc29_skill_nag_nagash_unique_wizard_06,Supreme Lord of the Undead,"Whereas mighty Undead answer to a mighty Necromancer's call, to Nagash they answer at a thought.",character_necromantic_energy.png,5,1,0,2,true,0,1,1,Supreme Lord of the Undead,"Whereas mighty Undead answer to a mighty Necromancer's call, to Nagash they answer at a thought.",,,,,,wh3_dlc29_nag_all_recruitment_points,"Local recruitment capacity for Vampire Coast, Vampire Counts and Tomb Kings units: %+n",,character_to_province_own,1,campaign,270,true,army.png,army.png,,,,,,,,,,,,,,,,,,,,,,,character_skill_level_to_effects_junctions_tables,wh3_dlc29_skill_nag_nagash_unique_wizard_06|wh3_dlc29_nag_all_recruitment_points|1|character_to_province_own
node,warhammer_3,9.0,25507028,Undead Legions,undead_legions,wh3_dlc29_sc_nag_undead_legions,Nagash,Nagash,legendary_lord,wh3_dlc29_nag_nagash,general,general,wh3_dlc29_nag_host_of_nagash|wh3_dlc29_nag_host_of_nagash_qb1,true,false,true,true,false,true,wh3_dlc29_lore_undeath,legendary_lords,wh3_dlc29_skill_node_set_nag_nagash,,1,general,false,false,,,,wh3_dlc29_skill_nag_nagash_personal_5,wh3_dlc29_skill_nag_nagash_unbreakable,Predestined,"While alive, Nagash never doubted his purpose, and bent the world to it. It is time it broke in his grasp.",unbreakable.png,5,2,0,4,true,0,1,,,,,,,,,,,,,,,,,,,,,,,,,,,,,,,,,,,,,,,,,character_skill_nodes_tables,wh3_dlc29_skill_nag_nagash_personal_5
effect,warhammer_3,9.0,25507028,Undead Legions,undead_legions,wh3_dlc29_sc_nag_undead_legions,Nagash,Nagash,legendary_lord,wh3_dlc29_nag_nagash,general,general,wh3_dlc29_nag_host_of_nagash|wh3_dlc29_nag_host_of_nagash_qb1,true,false,true,true,false,true,wh3_dlc29_lore_undeath,legendary_lords,wh3_dlc29_skill_node_set_nag_nagash,,1,general,false,false,,,,wh3_dlc29_skill_nag_nagash_personal_5,wh3_dlc29_skill_nag_nagash_unbreakable,Predestined,"While alive, Nagash never doubted his purpose, and bent the world to it. It is time it broke in his grasp.",unbreakable.png,5,2,0,4,true,0,1,1,Predestined,"While alive, Nagash never doubted his purpose, and bent the world to it. It is time it broke in his grasp.",,,,,,wh_main_effect_attribute_enable_unbreakable,Attribute: Unbreakable,,character_to_character_own,1,both,320,true,attribute_unbreakable.png,attribute_unbreakable.png,,,,,,,,,,,,,,,,,,,,,,,character_skill_level_to_effects_junctions_tables,wh3_dlc29_skill_nag_nagash_unbreakable|wh_main_effect_attribute_enable_unbreakable|1|character_to_character_own
node,warhammer_3,9.0,25507028,Undead Legions,undead_legions,wh3_dlc29_sc_nag_undead_legions,Nagash,Nagash,legendary_lord,wh3_dlc29_nag_nagash,general,general,wh3_dlc29_nag_host_of_nagash|wh3_dlc29_nag_host_of_nagash_qb1,true,false,true,true,false,true,wh3_dlc29_lore_undeath,legendary_lords,wh3_dlc29_skill_node_set_nag_nagash,,1,general,false,false,,,,wh3_dlc29_skill_node_nag_nagash_magic1_06,wh_main_skill_all_magic_all_06_evasion,Evasion,,wh_main_character_passive_evasion.png,5,3,0,4,true,0,1,,,,,,,,,,,,,,,,,,,,,,,,,,,,,,,,,,,,,,,,,character_skill_nodes_tables,wh3_dlc29_skill_node_nag_nagash_magic1_06
effect,warhammer_3,9.0,25507028,Undead Legions,undead_legions,wh3_dlc29_sc_nag_undead_legions,Nagash,Nagash,legendary_lord,wh3_dlc29_nag_nagash,general,general,wh3_dlc29_nag_host_of_nagash|wh3_dlc29_nag_host_of_nagash_qb1,true,false,true,true,false,true,wh3_dlc29_lore_undeath,legendary_lords,wh3_dlc29_skill_node_set_nag_nagash,,1,general,false,false,,,,wh3_dlc29_skill_node_nag_nagash_magic1_06,wh_main_skill_all_magic_all_06_evasion,Evasion,,wh_main_character_passive_evasion.png,5,3,0,4,true,0,1,1,Evasion,,,,,,,wh_main_effect_ability_enable_evasion,"Passive ability: ""Evasion""",,character_to_character_own,1,battle,310,true,general_ability.png,general_ability.png,,,,,,,,,,,,,,,,,,,,,,,character_skill_level_to_effects_junctions_tables,wh_main_skill_all_magic_all_06_evasion|wh_main_effect_ability_enable_evasion|1|character_to_character_own
node,warhammer_3,9.0,25507028,Undead Legions,undead_legions,wh3_dlc29_sc_nag_undead_legions,Nagash,Nagash,legendary_lord,wh3_dlc29_nag_nagash,general,general,wh3_dlc29_nag_host_of_nagash|wh3_dlc29_nag_host_of_nagash_qb1,true,false,true,true,false,true,wh3_dlc29_lore_undeath,legendary_lords,wh3_dlc29_skill_node_set_nag_nagash,,1,general,false,false,,,,wh3_dlc29_skill_node_nag_nagash_battle_06,wh3_dlc29_skill_nag_lord_battle_undead_horrors,Death in Monstrous Form,"Death comes in many shapes. Few of these who walk the world again are fair to look upon. Some are so terrible, it is impossible to look away.",battle_damage.png,5,4,0,0,true,0,3,,,,,,,,,,,,,,,,,,,,,,,,,,,,,,,,,,,,,,,,,character_skill_nodes_tables,wh3_dlc29_skill_node_nag_nagash_battle_06
effect,warhammer_3,9.0,25507028,Undead Legions,undead_legions,wh3_dlc29_sc_nag_undead_legions,Nagash,Nagash,legendary_lord,wh3_dlc29_nag_nagash,general,general,wh3_dlc29_nag_host_of_nagash|wh3_dlc29_nag_host_of_nagash_qb1,true,false,true,true,false,true,wh3_dlc29_lore_undeath,legendary_lords,wh3_dlc29_skill_node_set_nag_nagash,,1,general,false,false,,,,wh3_dlc29_skill_node_nag_nagash_battle_06,wh3_dlc29_skill_nag_lord_battle_undead_horrors,Death in Monstrous Form,"Death comes in many shapes. Few of these who walk the world again are fair to look upon. Some are so terrible, it is impossible to look away.",battle_damage.png,5,4,0,0,true,0,3,1,Death in Monstrous Form,"Death comes in many shapes. Few of these who walk the world again are fair to look upon. Some are so terrible, it is impossible to look away.",,,,,,wh3_dlc29_effect_force_stat_weapon_strength_nag_melee_monsters,Weapon strength: %+n% for all Melee Monster units,,general_to_force_own,6,battle,411,true,weapon_damage.png,weapon_damage.png,,,,,,,,,,,,,,,,,,,,,,,character_skill_level_to_effects_junctions_tables,wh3_dlc29_skill_nag_lord_battle_undead_horrors|wh3_dlc29_effect_force_stat_weapon_strength_nag_melee_monsters|1|general_to_force_own
effect,warhammer_3,9.0,25507028,Undead Legions,undead_legions,wh3_dlc29_sc_nag_undead_legions,Nagash,Nagash,legendary_lord,wh3_dlc29_nag_nagash,general,general,wh3_dlc29_nag_host_of_nagash|wh3_dlc29_nag_host_of_nagash_qb1,true,false,true,true,false,true,wh3_dlc29_lore_undeath,legendary_lords,wh3_dlc29_skill_node_set_nag_nagash,,1,general,false,false,,,,wh3_dlc29_skill_node_nag_nagash_battle_06,wh3_dlc29_skill_nag_lord_battle_undead_horrors,Death in Monstrous Form,"Death comes in many shapes. Few of these who walk the world again are fair to look upon. Some are so terrible, it is impossible to look away.",battle_damage.png,5,4,0,0,true,0,3,2,Death in Monstrous Form,"Death comes in many shapes. Few of these who walk the world again are fair to look upon. Some are so terrible, it is impossible to look away.",,,,,,wh3_dlc29_effect_force_stat_melee_attack_nag_melee_monsters,Melee attack: %+n for all Melee Monster units,,general_to_force_own,4,battle,431,true,melee.png,melee.png,,,,,,,,,,,,,,,,,,,,,,,character_skill_level_to_effects_junctions_tables,wh3_dlc29_skill_nag_lord_battle_undead_horrors|wh3_dlc29_effect_force_stat_melee_attack_nag_melee_monsters|2|general_to_force_own
effect,warhammer_3,9.0,25507028,Undead Legions,undead_legions,wh3_dlc29_sc_nag_undead_legions,Nagash,Nagash,legendary_lord,wh3_dlc29_nag_nagash,general,general,wh3_dlc29_nag_host_of_nagash|wh3_dlc29_nag_host_of_nagash_qb1,true,false,true,true,false,true,wh3_dlc29_lore_undeath,legendary_lords,wh3_dlc29_skill_node_set_nag_nagash,,1,general,false,false,,,,wh3_dlc29_skill_node_nag_nagash_battle_06,wh3_dlc29_skill_nag_lord_battle_undead_horrors,Death in Monstrous Form,"Death comes in many shapes. Few of these who walk the world again are fair to look upon. Some are so terrible, it is impossible to look away.",battle_damage.png,5,4,0,0,true,0,3,2,Death in Monstrous Form,"Death comes in many shapes. Few of these who walk the world again are fair to look upon. Some are so terrible, it is impossible to look away.",,,,,,wh3_dlc29_effect_force_stat_weapon_strength_nag_melee_monsters,Weapon strength: %+n% for all Melee Monster units,,general_to_force_own,9,battle,411,true,weapon_damage.png,weapon_damage.png,,,,,,,,,,,,,,,,,,,,,,,character_skill_level_to_effects_junctions_tables,wh3_dlc29_skill_nag_lord_battle_undead_horrors|wh3_dlc29_effect_force_stat_weapon_strength_nag_melee_monsters|2|general_to_force_own
effect,warhammer_3,9.0,25507028,Undead Legions,undead_legions,wh3_dlc29_sc_nag_undead_legions,Nagash,Nagash,legendary_lord,wh3_dlc29_nag_nagash,general,general,wh3_dlc29_nag_host_of_nagash|wh3_dlc29_nag_host_of_nagash_qb1,true,false,true,true,false,true,wh3_dlc29_lore_undeath,legendary_lords,wh3_dlc29_skill_node_set_nag_nagash,,1,general,false,false,,,,wh3_dlc29_skill_node_nag_nagash_battle_06,wh3_dlc29_skill_nag_lord_battle_undead_horrors,Death in Monstrous Form,"Death comes in many shapes. Few of these who walk the world again are fair to look upon. Some are so terrible, it is impossible to look away.",battle_damage.png,5,4,0,0,true,0,3,3,Death in Monstrous Form,"Death comes in many shapes. Few of these who walk the world again are fair to look upon. Some are so terrible, it is impossible to look away.",,,,,,wh3_dlc29_effect_force_stat_melee_attack_nag_melee_monsters,Melee attack: %+n for all Melee Monster units,,general_to_force_own,8,battle,431,true,melee.png,melee.png,,,,,,,,,,,,,,,,,,,,,,,character_skill_level_to_effects_junctions_tables,wh3_dlc29_skill_nag_lord_battle_undead_horrors|wh3_dlc29_effect_force_stat_melee_attack_nag_melee_monsters|3|general_to_force_own
effect,warhammer_3,9.0,25507028,Undead Legions,undead_legions,wh3_dlc29_sc_nag_undead_legions,Nagash,Nagash,legendary_lord,wh3_dlc29_nag_nagash,general,general,wh3_dlc29_nag_host_of_nagash|wh3_dlc29_nag_host_of_nagash_qb1,true,false,true,true,false,true,wh3_dlc29_lore_undeath,legendary_lords,wh3_dlc29_skill_node_set_nag_nagash,,1,general,false,false,,,,wh3_dlc29_skill_node_nag_nagash_battle_06,wh3_dlc29_skill_nag_lord_battle_undead_horrors,Death in Monstrous Form,"Death comes in many shapes. Few of these who walk the world again are fair to look upon. Some are so terrible, it is impossible to look away.",battle_damage.png,5,4,0,0,true,0,3,3,Death in Monstrous Form,"Death comes in many shapes. Few of these who walk the world again are fair to look upon. Some are so terrible, it is impossible to look away.",,,,,,wh3_dlc29_effect_force_stat_weapon_strength_nag_melee_monsters,Weapon strength: %+n% for all Melee Monster units,,general_to_force_own,12,battle,411,true,weapon_damage.png,weapon_damage.png,,,,,,,,,,,,,,,,,,,,,,,character_skill_level_to_effects_junctions_tables,wh3_dlc29_skill_nag_lord_battle_undead_horrors|wh3_dlc29_effect_force_stat_weapon_strength_nag_melee_monsters|3|general_to_force_own
node,warhammer_3,9.0,25507028,Undead Legions,undead_legions,wh3_dlc29_sc_nag_undead_legions,Nagash,Nagash,legendary_lord,wh3_dlc29_nag_nagash,general,general,wh3_dlc29_nag_host_of_nagash|wh3_dlc29_nag_host_of_nagash_qb1,true,false,true,true,false,true,wh3_dlc29_lore_undeath,legendary_lords,wh3_dlc29_skill_node_set_nag_nagash,,1,general,false,false,,,,wh3_dlc29_skill_node_nag_nagash_campaign_06,wh3_dlc29_skill_nag_lord_campaign_masters_of_death,Inexhorable,"Throughout the ages, some have thought they had stopped Nagash. They did not, no more than one can end the passage of time. Only he can.",campaign_replenishment.png,5,5,0,4,true,0,1,,,,,,,,,,,,,,,,,,,,,,,,,,,,,,,,,,,,,,,,,character_skill_nodes_tables,wh3_dlc29_skill_node_nag_nagash_campaign_06
effect,warhammer_3,9.0,25507028,Undead Legions,undead_legions,wh3_dlc29_sc_nag_undead_legions,Nagash,Nagash,legendary_lord,wh3_dlc29_nag_nagash,general,general,wh3_dlc29_nag_host_of_nagash|wh3_dlc29_nag_host_of_nagash_qb1,true,false,true,true,false,true,wh3_dlc29_lore_undeath,legendary_lords,wh3_dlc29_skill_node_set_nag_nagash,,1,general,false,false,,,,wh3_dlc29_skill_node_nag_nagash_campaign_06,wh3_dlc29_skill_nag_lord_campaign_masters_of_death,Inexhorable,"Throughout the ages, some have thought they had stopped Nagash. They did not, no more than one can end the passage of time. Only he can.",campaign_replenishment.png,5,5,0,4,true,0,1,1,Inexhorable,"Throughout the ages, some have thought they had stopped Nagash. They did not, no more than one can end the passage of time. Only he can.",,,,,,wh_main_effect_agent_defence_wound_chance_mod,Hero self-defence: %+n% chance of wounding aggressors,,character_to_character_own,25,campaign,101,true,agent.png,agent.png,,,,,,,,,,,,,,,,,,,,,,,character_skill_level_to_effects_junctions_tables,wh3_dlc29_skill_nag_lord_campaign_masters_of_death|wh_main_effect_agent_defence_wound_chance_mod|1|character_to_character_own
effect,warhammer_3,9.0,25507028,Undead Legions,undead_legions,wh3_dlc29_sc_nag_undead_legions,Nagash,Nagash,legendary_lord,wh3_dlc29_nag_nagash,general,general,wh3_dlc29_nag_host_of_nagash|wh3_dlc29_nag_host_of_nagash_qb1,true,false,true,true,false,true,wh3_dlc29_lore_undeath,legendary_lords,wh3_dlc29_skill_node_set_nag_nagash,,1,general,false,false,,,,wh3_dlc29_skill_node_nag_nagash_campaign_06,wh3_dlc29_skill_nag_lord_campaign_masters_of_death,Inexhorable,"Throughout the ages, some have thought they had stopped Nagash. They did not, no more than one can end the passage of time. Only he can.",campaign_replenishment.png,5,5,0,4,true,0,1,1,Inexhorable,"Throughout the ages, some have thought they had stopped Nagash. They did not, no more than one can end the passage of time. Only he can.",,,,,,wh2_main_effect_replenishment_lords,Casualty replenishment rate: %+n% for this [[img:icon_general]][[/img]]Lord,{{tr:replenishment_additional_tooltip}},character_to_character_own,30,campaign,1,true,replenishment.png,replenishment.png,,,,,,,,,,,,,,,,,,,,,,,character_skill_level_to_effects_junctions_tables,wh3_dlc29_skill_nag_lord_campaign_masters_of_death|wh2_main_effect_replenishment_lords|1|character_to_character_own
effect,warhammer_3,9.0,25507028,Undead Legions,undead_legions,wh3_dlc29_sc_nag_undead_legions,Nagash,Nagash,legendary_lord,wh3_dlc29_nag_nagash,general,general,wh3_dlc29_nag_host_of_nagash|wh3_dlc29_nag_host_of_nagash_qb1,true,false,true,true,false,true,wh3_dlc29_lore_undeath,legendary_lords,wh3_dlc29_skill_node_set_nag_nagash,,1,general,false,false,,,,wh3_dlc29_skill_node_nag_nagash_campaign_06,wh3_dlc29_skill_nag_lord_campaign_masters_of_death,Inexhorable,"Throughout the ages, some have thought they had stopped Nagash. They did not, no more than one can end the passage of time. Only he can.",campaign_replenishment.png,5,5,0,4,true,0,1,1,Inexhorable,"Throughout the ages, some have thought they had stopped Nagash. They did not, no more than one can end the passage of time. Only he can.",,,,,,wh3_dlc20_effect_healing_cap_modifier,Battle healing cap: %+n%,,character_to_character_own,50,battle,101,true,health_character.png,health_character.png,,,,,,,,,,,,,,,,,,,,,,,character_skill_level_to_effects_junctions_tables,wh3_dlc29_skill_nag_lord_campaign_masters_of_death|wh3_dlc20_effect_healing_cap_modifier|1|character_to_character_own
node,warhammer_3,9.0,25507028,Undead Legions,undead_legions,wh3_dlc29_sc_nag_undead_legions,Nagash,Nagash,legendary_lord,wh3_dlc29_nag_nagash,general,general,wh3_dlc29_nag_host_of_nagash|wh3_dlc29_nag_host_of_nagash_qb1,true,false,true,true,false,true,wh3_dlc29_lore_undeath,legendary_lords,wh3_dlc29_skill_node_set_nag_nagash,,1,general,false,false,,,,wh3_dlc29_skill_node_nag_nagash_magic1_07,wh3_dlc29_skill_nag_magic_undeath_06_kandorak_the_harbinger,{{tr:unit_abilities_onscreen_name_wh3_dlc29_spell_undeath_kandorak_the_harbinger}},,wh3_dlc29_spell_undeath_kandorak_the_harbinger.png,6,3,0,0,true,0,2,,,,,,,,,,,,,,,,,,,,,,,,,,,,,,,,,,,,,,,,,character_skill_nodes_tables,wh3_dlc29_skill_node_nag_nagash_magic1_07
effect,warhammer_3,9.0,25507028,Undead Legions,undead_legions,wh3_dlc29_sc_nag_undead_legions,Nagash,Nagash,legendary_lord,wh3_dlc29_nag_nagash,general,general,wh3_dlc29_nag_host_of_nagash|wh3_dlc29_nag_host_of_nagash_qb1,true,false,true,true,false,true,wh3_dlc29_lore_undeath,legendary_lords,wh3_dlc29_skill_node_set_nag_nagash,,1,general,false,false,,,,wh3_dlc29_skill_node_nag_nagash_magic1_07,wh3_dlc29_skill_nag_magic_undeath_06_kandorak_the_harbinger,{{tr:unit_abilities_onscreen_name_wh3_dlc29_spell_undeath_kandorak_the_harbinger}},,wh3_dlc29_spell_undeath_kandorak_the_harbinger.png,6,3,0,0,true,0,2,1,{{tr:unit_abilities_onscreen_name_wh3_dlc29_spell_undeath_kandorak_the_harbinger}},,,,,,,wh3_dlc29_effect_ability_cooldown_harbringer,"Cooldown: %+n% to ""{{tr:unit_abilities_onscreen_name_wh3_dlc29_spell_undeath_kandorak_the_harbinger}}""",,character_to_character_own,-30,both,293,false,magic_cooldown.png,magic_cooldown.png,,,,,,,,,,,,,,,,,,,,,,,character_skill_level_to_effects_junctions_tables,wh3_dlc29_skill_nag_magic_undeath_06_kandorak_the_harbinger|wh3_dlc29_effect_ability_cooldown_harbringer|1|character_to_character_own
effect,warhammer_3,9.0,25507028,Undead Legions,undead_legions,wh3_dlc29_sc_nag_undead_legions,Nagash,Nagash,legendary_lord,wh3_dlc29_nag_nagash,general,general,wh3_dlc29_nag_host_of_nagash|wh3_dlc29_nag_host_of_nagash_qb1,true,false,true,true,false,true,wh3_dlc29_lore_undeath,legendary_lords,wh3_dlc29_skill_node_set_nag_nagash,,1,general,false,false,,,,wh3_dlc29_skill_node_nag_nagash_magic1_07,wh3_dlc29_skill_nag_magic_undeath_06_kandorak_the_harbinger,{{tr:unit_abilities_onscreen_name_wh3_dlc29_spell_undeath_kandorak_the_harbinger}},,wh3_dlc29_spell_undeath_kandorak_the_harbinger.png,6,3,0,0,true,0,2,1,{{tr:unit_abilities_onscreen_name_wh3_dlc29_spell_undeath_kandorak_the_harbinger}},,,,,,,wh3_dlc29_effect_ability_enable_kandorak_harbringer,"Spell: ""{{tr:unit_abilities_onscreen_name_wh3_dlc29_spell_undeath_kandorak_the_harbinger}}""",,character_to_character_own,1,battle,290,true,magic_character.png,magic_character.png,,,,,,,,,,,,,,,,,,,,,,,character_skill_level_to_effects_junctions_tables,wh3_dlc29_skill_nag_magic_undeath_06_kandorak_the_harbinger|wh3_dlc29_effect_ability_enable_kandorak_harbringer|1|character_to_character_own
effect,warhammer_3,9.0,25507028,Undead Legions,undead_legions,wh3_dlc29_sc_nag_undead_legions,Nagash,Nagash,legendary_lord,wh3_dlc29_nag_nagash,general,general,wh3_dlc29_nag_host_of_nagash|wh3_dlc29_nag_host_of_nagash_qb1,true,false,true,true,false,true,wh3_dlc29_lore_undeath,legendary_lords,wh3_dlc29_skill_node_set_nag_nagash,,1,general,false,false,,,,wh3_dlc29_skill_node_nag_nagash_magic1_07,wh3_dlc29_skill_nag_magic_undeath_06_kandorak_the_harbinger,{{tr:unit_abilities_onscreen_name_wh3_dlc29_spell_undeath_kandorak_the_harbinger}},,wh3_dlc29_spell_undeath_kandorak_the_harbinger.png,6,3,0,0,true,0,2,2,{{tr:unit_abilities_onscreen_name_wh3_dlc29_spell_undeath_kandorak_the_harbinger}},,,,,,,wh3_dlc29_effect_ability_cooldown_harbringer,"Cooldown: %+n% to ""{{tr:unit_abilities_onscreen_name_wh3_dlc29_spell_undeath_kandorak_the_harbinger}}""",,character_to_character_own,-50,both,293,false,magic_cooldown.png,magic_cooldown.png,,,,,,,,,,,,,,,,,,,,,,,character_skill_level_to_effects_junctions_tables,wh3_dlc29_skill_nag_magic_undeath_06_kandorak_the_harbinger|wh3_dlc29_effect_ability_cooldown_harbringer|2|character_to_character_own
effect,warhammer_3,9.0,25507028,Undead Legions,undead_legions,wh3_dlc29_sc_nag_undead_legions,Nagash,Nagash,legendary_lord,wh3_dlc29_nag_nagash,general,general,wh3_dlc29_nag_host_of_nagash|wh3_dlc29_nag_host_of_nagash_qb1,true,false,true,true,false,true,wh3_dlc29_lore_undeath,legendary_lords,wh3_dlc29_skill_node_set_nag_nagash,,1,general,false,false,,,,wh3_dlc29_skill_node_nag_nagash_magic1_07,wh3_dlc29_skill_nag_magic_undeath_06_kandorak_the_harbinger,{{tr:unit_abilities_onscreen_name_wh3_dlc29_spell_undeath_kandorak_the_harbinger}},,wh3_dlc29_spell_undeath_kandorak_the_harbinger.png,6,3,0,0,true,0,2,2,{{tr:unit_abilities_onscreen_name_wh3_dlc29_spell_undeath_kandorak_the_harbinger}},,,,,,,wh3_dlc29_effect_ability_enable_kandorak_harbringer,"Spell: ""{{tr:unit_abilities_onscreen_name_wh3_dlc29_spell_undeath_kandorak_the_harbinger}}""",,character_to_character_own,1,battle,290,true,magic_character.png,magic_character.png,,,,,,,,,,,,,,,,,,,,,,,character_skill_level_to_effects_junctions_tables,wh3_dlc29_skill_nag_magic_undeath_06_kandorak_the_harbinger|wh3_dlc29_effect_ability_enable_kandorak_harbringer|2|character_to_character_own
effect,warhammer_3,9.0,25507028,Undead Legions,undead_legions,wh3_dlc29_sc_nag_undead_legions,Nagash,Nagash,legendary_lord,wh3_dlc29_nag_nagash,general,general,wh3_dlc29_nag_host_of_nagash|wh3_dlc29_nag_host_of_nagash_qb1,true,false,true,true,false,true,wh3_dlc29_lore_undeath,legendary_lords,wh3_dlc29_skill_node_set_nag_nagash,,1,general,false,false,,,,wh3_dlc29_skill_node_nag_nagash_magic1_07,wh3_dlc29_skill_nag_magic_undeath_06_kandorak_the_harbinger,{{tr:unit_abilities_onscreen_name_wh3_dlc29_spell_undeath_kandorak_the_harbinger}},,wh3_dlc29_spell_undeath_kandorak_the_harbinger.png,6,3,0,0,true,0,2,2,{{tr:unit_abilities_onscreen_name_wh3_dlc29_spell_undeath_kandorak_the_harbinger}},,,,,,,wh3_dlc29_effect_ability_wom_cost_harbringer,"Winds of Magic cost: %n for ""{{tr:unit_abilities_onscreen_name_wh3_dlc29_spell_undeath_kandorak_the_harbinger}}""",,character_to_character_own,-3,both,294,false,magic_character.png,magic_character.png,,,,,,,,,,,,,,,,,,,,,,,character_skill_level_to_effects_junctions_tables,wh3_dlc29_skill_nag_magic_undeath_06_kandorak_the_harbinger|wh3_dlc29_effect_ability_wom_cost_harbringer|2|character_to_character_own
node,warhammer_3,9.0,25507028,Undead Legions,undead_legions,wh3_dlc29_sc_nag_undead_legions,Nagash,Nagash,legendary_lord,wh3_dlc29_nag_nagash,general,general,wh3_dlc29_nag_host_of_nagash|wh3_dlc29_nag_host_of_nagash_qb1,true,false,true,true,false,true,wh3_dlc29_lore_undeath,legendary_lords,wh3_dlc29_skill_node_set_nag_nagash,,1,general,false,false,,,,wh3_dlc29_skill_node_nag_nagash_battle_07,wh2_dlc09_skill_tmb_lord_rally,Reanimate,It takes an iron will and unnatural - supernatural - strength to rally bound troops routed by magical means.,wh2_dlc09_reanimate.png,6,4,0,6,true,0,1,,,,,,,,,,,,,,,,,,,,,,,,,,,,,,,,,,,,,,,,,character_skill_nodes_tables,wh3_dlc29_skill_node_nag_nagash_battle_07
effect,warhammer_3,9.0,25507028,Undead Legions,undead_legions,wh3_dlc29_sc_nag_undead_legions,Nagash,Nagash,legendary_lord,wh3_dlc29_nag_nagash,general,general,wh3_dlc29_nag_host_of_nagash|wh3_dlc29_nag_host_of_nagash_qb1,true,false,true,true,false,true,wh3_dlc29_lore_undeath,legendary_lords,wh3_dlc29_skill_node_set_nag_nagash,,1,general,false,false,,,,wh3_dlc29_skill_node_nag_nagash_battle_07,wh2_dlc09_skill_tmb_lord_rally,Reanimate,It takes an iron will and unnatural - supernatural - strength to rally bound troops routed by magical means.,wh2_dlc09_reanimate.png,6,4,0,6,true,0,1,1,Reanimate,It takes an iron will and unnatural - supernatural - strength to rally bound troops routed by magical means.,,,,,,wh2_dlc09_effect_ability_enable_reanimate,"Ability: ""Reanimate""",,character_to_character_own,1,battle,300,true,general_ability.png,general_ability.png,,,,,,,,,,,,,,,,,,,,,,,character_skill_level_to_effects_junctions_tables,wh2_dlc09_skill_tmb_lord_rally|wh2_dlc09_effect_ability_enable_reanimate|1|character_to_character_own
node,warhammer_3,9.0,25507028,Undead Legions,undead_legions,wh3_dlc29_sc_nag_undead_legions,Nagash,Nagash,legendary_lord,wh3_dlc29_nag_nagash,general,general,wh3_dlc29_nag_host_of_nagash|wh3_dlc29_nag_host_of_nagash_qb1,true,false,true,true,false,true,wh3_dlc29_lore_undeath,legendary_lords,wh3_dlc29_skill_node_set_nag_nagash,,1,general,false,false,,,,wh3_dlc29_skill_node_nag_nagash_campaign_07,wh_main_skill_all_lord_campaign_lightning_strike,Lightning Strike,"""The time to strike is now!""",campaign_subterfuge.png,6,5,0,0,true,0,3,,,,,,,,,,,,,,,,,,,,,,,,,,,,,,,,,,,,,,,,,character_skill_nodes_tables,wh3_dlc29_skill_node_nag_nagash_campaign_07
effect,warhammer_3,9.0,25507028,Undead Legions,undead_legions,wh3_dlc29_sc_nag_undead_legions,Nagash,Nagash,legendary_lord,wh3_dlc29_nag_nagash,general,general,wh3_dlc29_nag_host_of_nagash|wh3_dlc29_nag_host_of_nagash_qb1,true,false,true,true,false,true,wh3_dlc29_lore_undeath,legendary_lords,wh3_dlc29_skill_node_set_nag_nagash,,1,general,false,false,,,,wh3_dlc29_skill_node_nag_nagash_campaign_07,wh_main_skill_all_lord_campaign_lightning_strike,Lightning Strike,"""The time to strike is now!""",campaign_subterfuge.png,6,5,0,0,true,0,3,1,Lightning Strike,"""The time to strike is now!""",,,,,,wh3_main_effect_opposing_reinforcement_time_percentage_mod,Enemy battle reinforcement time: %+n%,,general_to_force_own_unseen,25,both,101,true,military.png,military.png,,,,,,,,,,,,,,,,,,,,,,,character_skill_level_to_effects_junctions_tables,wh_main_skill_all_lord_campaign_lightning_strike|wh3_main_effect_opposing_reinforcement_time_percentage_mod|1|general_to_force_own_unseen
effect,warhammer_3,9.0,25507028,Undead Legions,undead_legions,wh3_dlc29_sc_nag_undead_legions,Nagash,Nagash,legendary_lord,wh3_dlc29_nag_nagash,general,general,wh3_dlc29_nag_host_of_nagash|wh3_dlc29_nag_host_of_nagash_qb1,true,false,true,true,false,true,wh3_dlc29_lore_undeath,legendary_lords,wh3_dlc29_skill_node_set_nag_nagash,,1,general,false,false,,,,wh3_dlc29_skill_node_nag_nagash_campaign_07,wh_main_skill_all_lord_campaign_lightning_strike,Lightning Strike,"""The time to strike is now!""",campaign_subterfuge.png,6,5,0,0,true,0,3,1,Lightning Strike,"""The time to strike is now!""",,,,,,wh3_main_effect_own_reinforcement_time_percentage_mod,Battle reinforcement time: %+n%,,general_to_force_own_unseen,-10,both,101,false,military.png,military.png,,,,,,,,,,,,,,,,,,,,,,,character_skill_level_to_effects_junctions_tables,wh_main_skill_all_lord_campaign_lightning_strike|wh3_main_effect_own_reinforcement_time_percentage_mod|1|general_to_force_own_unseen
effect,warhammer_3,9.0,25507028,Undead Legions,undead_legions,wh3_dlc29_sc_nag_undead_legions,Nagash,Nagash,legendary_lord,wh3_dlc29_nag_nagash,general,general,wh3_dlc29_nag_host_of_nagash|wh3_dlc29_nag_host_of_nagash_qb1,true,false,true,true,false,true,wh3_dlc29_lore_undeath,legendary_lords,wh3_dlc29_skill_node_set_nag_nagash,,1,general,false,false,,,,wh3_dlc29_skill_node_nag_nagash_campaign_07,wh_main_skill_all_lord_campaign_lightning_strike,Lightning Strike,"""The time to strike is now!""",campaign_subterfuge.png,6,5,0,0,true,0,3,1,Lightning Strike,"""The time to strike is now!""",,,,,,wh3_main_effect_reinforcement_adjustment_budget,Reinforcements supporting this army can have their arrival point adjusted by %+n metres without incurring any time penalty,,general_to_force_own_unseen,250,campaign,101,true,military.png,military.png,,,,,,,,,,,,,,,,,,,,,,,character_skill_level_to_effects_junctions_tables,wh_main_skill_all_lord_campaign_lightning_strike|wh3_main_effect_reinforcement_adjustment_budget|1|general_to_force_own_unseen
effect,warhammer_3,9.0,25507028,Undead Legions,undead_legions,wh3_dlc29_sc_nag_undead_legions,Nagash,Nagash,legendary_lord,wh3_dlc29_nag_nagash,general,general,wh3_dlc29_nag_host_of_nagash|wh3_dlc29_nag_host_of_nagash_qb1,true,false,true,true,false,true,wh3_dlc29_lore_undeath,legendary_lords,wh3_dlc29_skill_node_set_nag_nagash,,1,general,false,false,,,,wh3_dlc29_skill_node_nag_nagash_campaign_07,wh_main_skill_all_lord_campaign_lightning_strike,Lightning Strike,"""The time to strike is now!""",campaign_subterfuge.png,6,5,0,0,true,0,3,2,Lightning Strike,"""The time to strike is now!""",,,,,,wh3_main_effect_opposing_reinforcement_time_percentage_mod,Enemy battle reinforcement time: %+n%,,general_to_force_own_unseen,50,both,101,true,military.png,military.png,,,,,,,,,,,,,,,,,,,,,,,character_skill_level_to_effects_junctions_tables,wh_main_skill_all_lord_campaign_lightning_strike|wh3_main_effect_opposing_reinforcement_time_percentage_mod|2|general_to_force_own_unseen
effect,warhammer_3,9.0,25507028,Undead Legions,undead_legions,wh3_dlc29_sc_nag_undead_legions,Nagash,Nagash,legendary_lord,wh3_dlc29_nag_nagash,general,general,wh3_dlc29_nag_host_of_nagash|wh3_dlc29_nag_host_of_nagash_qb1,true,false,true,true,false,true,wh3_dlc29_lore_undeath,legendary_lords,wh3_dlc29_skill_node_set_nag_nagash,,1,general,false,false,,,,wh3_dlc29_skill_node_nag_nagash_campaign_07,wh_main_skill_all_lord_campaign_lightning_strike,Lightning Strike,"""The time to strike is now!""",campaign_subterfuge.png,6,5,0,0,true,0,3,2,Lightning Strike,"""The time to strike is now!""",,,,,,wh3_main_effect_own_reinforcement_time_percentage_mod,Battle reinforcement time: %+n%,,general_to_force_own_unseen,-20,both,101,false,military.png,military.png,,,,,,,,,,,,,,,,,,,,,,,character_skill_level_to_effects_junctions_tables,wh_main_skill_all_lord_campaign_lightning_strike|wh3_main_effect_own_reinforcement_time_percentage_mod|2|general_to_force_own_unseen
effect,warhammer_3,9.0,25507028,Undead Legions,undead_legions,wh3_dlc29_sc_nag_undead_legions,Nagash,Nagash,legendary_lord,wh3_dlc29_nag_nagash,general,general,wh3_dlc29_nag_host_of_nagash|wh3_dlc29_nag_host_of_nagash_qb1,true,false,true,true,false,true,wh3_dlc29_lore_undeath,legendary_lords,wh3_dlc29_skill_node_set_nag_nagash,,1,general,false,false,,,,wh3_dlc29_skill_node_nag_nagash_campaign_07,wh_main_skill_all_lord_campaign_lightning_strike,Lightning Strike,"""The time to strike is now!""",campaign_subterfuge.png,6,5,0,0,true,0,3,2,Lightning Strike,"""The time to strike is now!""",,,,,,wh3_main_effect_reinforcement_adjustment_budget,Reinforcements supporting this army can have their arrival point adjusted by %+n metres without incurring any time penalty,,general_to_force_own_unseen,600,campaign,101,true,military.png,military.png,,,,,,,,,,,,,,,,,,,,,,,character_skill_level_to_effects_junctions_tables,wh_main_skill_all_lord_campaign_lightning_strike|wh3_main_effect_reinforcement_adjustment_budget|2|general_to_force_own_unseen
effect,warhammer_3,9.0,25507028,Undead Legions,undead_legions,wh3_dlc29_sc_nag_undead_legions,Nagash,Nagash,legendary_lord,wh3_dlc29_nag_nagash,general,general,wh3_dlc29_nag_host_of_nagash|wh3_dlc29_nag_host_of_nagash_qb1,true,false,true,true,false,true,wh3_dlc29_lore_undeath,legendary_lords,wh3_dlc29_skill_node_set_nag_nagash,,1,general,false,false,,,,wh3_dlc29_skill_node_nag_nagash_campaign_07,wh_main_skill_all_lord_campaign_lightning_strike,Lightning Strike,"""The time to strike is now!""",campaign_subterfuge.png,6,5,0,0,true,0,3,3,Lightning Strike,"""The time to strike is now!""",,,,,,wh_main_effect_conquest_enable_night_battles,Enables lightning strike battles when reinforcements are present,The option to carry out a lightning strike battle will appear on the Pre-Battle panel. Enabling this prevents reinforcements from joining the battle but will cause your troops to start the battle with reduced Vigour.,character_to_character_own,1,campaign,10,true,subterfuge.png,subterfuge.png,,,,,,,,,,,,,,,,,,,,,,,character_skill_level_to_effects_junctions_tables,wh_main_skill_all_lord_campaign_lightning_strike|wh_main_effect_conquest_enable_night_battles|3|character_to_character_own
effect,warhammer_3,9.0,25507028,Undead Legions,undead_legions,wh3_dlc29_sc_nag_undead_legions,Nagash,Nagash,legendary_lord,wh3_dlc29_nag_nagash,general,general,wh3_dlc29_nag_host_of_nagash|wh3_dlc29_nag_host_of_nagash_qb1,true,false,true,true,false,true,wh3_dlc29_lore_undeath,legendary_lords,wh3_dlc29_skill_node_set_nag_nagash,,1,general,false,false,,,,wh3_dlc29_skill_node_nag_nagash_campaign_07,wh_main_skill_all_lord_campaign_lightning_strike,Lightning Strike,"""The time to strike is now!""",campaign_subterfuge.png,6,5,0,0,true,0,3,3,Lightning Strike,"""The time to strike is now!""",,,,,,wh3_main_effect_opposing_reinforcement_time_percentage_mod,Enemy battle reinforcement time: %+n%,,general_to_force_own_unseen,50,both,101,true,military.png,military.png,,,,,,,,,,,,,,,,,,,,,,,character_skill_level_to_effects_junctions_tables,wh_main_skill_all_lord_campaign_lightning_strike|wh3_main_effect_opposing_reinforcement_time_percentage_mod|3|general_to_force_own_unseen
effect,warhammer_3,9.0,25507028,Undead Legions,undead_legions,wh3_dlc29_sc_nag_undead_legions,Nagash,Nagash,legendary_lord,wh3_dlc29_nag_nagash,general,general,wh3_dlc29_nag_host_of_nagash|wh3_dlc29_nag_host_of_nagash_qb1,true,false,true,true,false,true,wh3_dlc29_lore_undeath,legendary_lords,wh3_dlc29_skill_node_set_nag_nagash,,1,general,false,false,,,,wh3_dlc29_skill_node_nag_nagash_campaign_07,wh_main_skill_all_lord_campaign_lightning_strike,Lightning Strike,"""The time to strike is now!""",campaign_subterfuge.png,6,5,0,0,true,0,3,3,Lightning Strike,"""The time to strike is now!""",,,,,,wh3_main_effect_own_reinforcement_time_percentage_mod,Battle reinforcement time: %+n%,,general_to_force_own_unseen,-30,both,101,false,military.png,military.png,,,,,,,,,,,,,,,,,,,,,,,character_skill_level_to_effects_junctions_tables,wh_main_skill_all_lord_campaign_lightning_strike|wh3_main_effect_own_reinforcement_time_percentage_mod|3|general_to_force_own_unseen
effect,warhammer_3,9.0,25507028,Undead Legions,undead_legions,wh3_dlc29_sc_nag_undead_legions,Nagash,Nagash,legendary_lord,wh3_dlc29_nag_nagash,general,general,wh3_dlc29_nag_host_of_nagash|wh3_dlc29_nag_host_of_nagash_qb1,true,false,true,true,false,true,wh3_dlc29_lore_undeath,legendary_lords,wh3_dlc29_skill_node_set_nag_nagash,,1,general,false,false,,,,wh3_dlc29_skill_node_nag_nagash_campaign_07,wh_main_skill_all_lord_campaign_lightning_strike,Lightning Strike,"""The time to strike is now!""",campaign_subterfuge.png,6,5,0,0,true,0,3,3,Lightning Strike,"""The time to strike is now!""",,,,,,wh3_main_effect_reinforcement_adjustment_budget,Reinforcements supporting this army can have their arrival point adjusted by %+n metres without incurring any time penalty,,general_to_force_own_unseen,1000,campaign,101,true,military.png,military.png,,,,,,,,,,,,,,,,,,,,,,,character_skill_level_to_effects_junctions_tables,wh_main_skill_all_lord_campaign_lightning_strike|wh3_main_effect_reinforcement_adjustment_budget|3|general_to_force_own_unseen
node,warhammer_3,9.0,25507028,Undead Legions,undead_legions,wh3_dlc29_sc_nag_undead_legions,Nagash,Nagash,legendary_lord,wh3_dlc29_nag_nagash,general,general,wh3_dlc29_nag_host_of_nagash|wh3_dlc29_nag_host_of_nagash_qb1,true,false,true,true,false,true,wh3_dlc29_lore_undeath,legendary_lords,wh3_dlc29_skill_node_set_nag_nagash,,1,general,false,false,,,,wh3_dlc29_skill_node_nag_nagash_unique_0_08,wh3_main_skill_all_mentor_lord,Mentor,"Having learned much in their long years of service, this character now turns their attention to training others.",character_experience.png,7,0,0,0,true,0,3,,,,,,,,,,,,,,,,,,,,,,,,,,,,,,,,,,,,,,,,,character_skill_nodes_tables,wh3_dlc29_skill_node_nag_nagash_unique_0_08
skill_level,warhammer_3,9.0,25507028,Undead Legions,undead_legions,wh3_dlc29_sc_nag_undead_legions,Nagash,Nagash,legendary_lord,wh3_dlc29_nag_nagash,general,general,wh3_dlc29_nag_host_of_nagash|wh3_dlc29_nag_host_of_nagash_qb1,true,false,true,true,false,true,wh3_dlc29_lore_undeath,legendary_lords,wh3_dlc29_skill_node_set_nag_nagash,,1,general,false,false,,,,wh3_dlc29_skill_node_nag_nagash_unique_0_08,wh3_main_skill_all_mentor_lord,Mentor,"Having learned much in their long years of service, this character now turns their attention to training others.",character_experience.png,7,0,0,0,true,0,3,1,Mentor,"Having learned much in their long years of service, this character now turns their attention to training others.",29,x,,,,,,,,,,,,,,,,,,,,,,,,,,,,,,,,,,,,character_skill_level_details_tables,wh3_main_skill_all_mentor_lord|1|||
skill_level,warhammer_3,9.0,25507028,Undead Legions,undead_legions,wh3_dlc29_sc_nag_undead_legions,Nagash,Nagash,legendary_lord,wh3_dlc29_nag_nagash,general,general,wh3_dlc29_nag_host_of_nagash|wh3_dlc29_nag_host_of_nagash_qb1,true,false,true,true,false,true,wh3_dlc29_lore_undeath,legendary_lords,wh3_dlc29_skill_node_set_nag_nagash,,1,general,false,false,,,,wh3_dlc29_skill_node_nag_nagash_unique_0_08,wh3_main_skill_all_mentor_lord,Mentor,"Having learned much in their long years of service, this character now turns their attention to training others.",character_experience.png,7,0,0,0,true,0,3,2,Mentor,"Having learned much in their long years of service, this character now turns their attention to training others.",39,x,,,,,,,,,,,,,,,,,,,,,,,,,,,,,,,,,,,,character_skill_level_details_tables,wh3_main_skill_all_mentor_lord|2|||
skill_level,warhammer_3,9.0,25507028,Undead Legions,undead_legions,wh3_dlc29_sc_nag_undead_legions,Nagash,Nagash,legendary_lord,wh3_dlc29_nag_nagash,general,general,wh3_dlc29_nag_host_of_nagash|wh3_dlc29_nag_host_of_nagash_qb1,true,false,true,true,false,true,wh3_dlc29_lore_undeath,legendary_lords,wh3_dlc29_skill_node_set_nag_nagash,,1,general,false,false,,,,wh3_dlc29_skill_node_nag_nagash_unique_0_08,wh3_main_skill_all_mentor_lord,Mentor,"Having learned much in their long years of service, this character now turns their attention to training others.",character_experience.png,7,0,0,0,true,0,3,3,Mentor,"Having learned much in their long years of service, this character now turns their attention to training others.",49,x,,,,,,,,,,,,,,,,,,,,,,,,,,,,,,,,,,,,character_skill_level_details_tables,wh3_main_skill_all_mentor_lord|3|||
effect,warhammer_3,9.0,25507028,Undead Legions,undead_legions,wh3_dlc29_sc_nag_undead_legions,Nagash,Nagash,legendary_lord,wh3_dlc29_nag_nagash,general,general,wh3_dlc29_nag_host_of_nagash|wh3_dlc29_nag_host_of_nagash_qb1,true,false,true,true,false,true,wh3_dlc29_lore_undeath,legendary_lords,wh3_dlc29_skill_node_set_nag_nagash,,1,general,false,false,,,,wh3_dlc29_skill_node_nag_nagash_unique_0_08,wh3_main_skill_all_mentor_lord,Mentor,"Having learned much in their long years of service, this character now turns their attention to training others.",character_experience.png,7,0,0,0,true,0,3,1,Mentor,"Having learned much in their long years of service, this character now turns their attention to training others.",,,,,,wh3_main_effect_character_campaign_experience_mod,Character experience gain: %+n%,,general_to_character_own_forcewide_heroes_only,20,campaign,14,true,experience.png,experience.png,,,,,,,,,,,,,,,,,,,,,,,character_skill_level_to_effects_junctions_tables,wh3_main_skill_all_mentor_lord|wh3_main_effect_character_campaign_experience_mod|1|general_to_character_own_forcewide_heroes_only
effect,warhammer_3,9.0,25507028,Undead Legions,undead_legions,wh3_dlc29_sc_nag_undead_legions,Nagash,Nagash,legendary_lord,wh3_dlc29_nag_nagash,general,general,wh3_dlc29_nag_host_of_nagash|wh3_dlc29_nag_host_of_nagash_qb1,true,false,true,true,false,true,wh3_dlc29_lore_undeath,legendary_lords,wh3_dlc29_skill_node_set_nag_nagash,,1,general,false,false,,,,wh3_dlc29_skill_node_nag_nagash_unique_0_08,wh3_main_skill_all_mentor_lord,Mentor,"Having learned much in their long years of service, this character now turns their attention to training others.",character_experience.png,7,0,0,0,true,0,3,1,Mentor,"Having learned much in their long years of service, this character now turns their attention to training others.",,,,,,wh3_main_effect_character_xp_share_generic_lordtext,Character will share %+n% of experience earned between all other active [[img:icon_general]][[/img]]Lords,,character_to_character_own,15,campaign,10,true,experience.png,experience.png,,,,,,,,,,,,,,,,,,,,,,,character_skill_level_to_effects_junctions_tables,wh3_main_skill_all_mentor_lord|wh3_main_effect_character_xp_share_generic_lordtext|1|character_to_character_own
effect,warhammer_3,9.0,25507028,Undead Legions,undead_legions,wh3_dlc29_sc_nag_undead_legions,Nagash,Nagash,legendary_lord,wh3_dlc29_nag_nagash,general,general,wh3_dlc29_nag_host_of_nagash|wh3_dlc29_nag_host_of_nagash_qb1,true,false,true,true,false,true,wh3_dlc29_lore_undeath,legendary_lords,wh3_dlc29_skill_node_set_nag_nagash,,1,general,false,false,,,,wh3_dlc29_skill_node_nag_nagash_unique_0_08,wh3_main_skill_all_mentor_lord,Mentor,"Having learned much in their long years of service, this character now turns their attention to training others.",character_experience.png,7,0,0,0,true,0,3,2,Mentor,"Having learned much in their long years of service, this character now turns their attention to training others.",,,,,,wh3_main_effect_character_campaign_experience_mod,Character experience gain: %+n%,,general_to_character_own_forcewide_heroes_only,35,campaign,14,true,experience.png,experience.png,,,,,,,,,,,,,,,,,,,,,,,character_skill_level_to_effects_junctions_tables,wh3_main_skill_all_mentor_lord|wh3_main_effect_character_campaign_experience_mod|2|general_to_character_own_forcewide_heroes_only
effect,warhammer_3,9.0,25507028,Undead Legions,undead_legions,wh3_dlc29_sc_nag_undead_legions,Nagash,Nagash,legendary_lord,wh3_dlc29_nag_nagash,general,general,wh3_dlc29_nag_host_of_nagash|wh3_dlc29_nag_host_of_nagash_qb1,true,false,true,true,false,true,wh3_dlc29_lore_undeath,legendary_lords,wh3_dlc29_skill_node_set_nag_nagash,,1,general,false,false,,,,wh3_dlc29_skill_node_nag_nagash_unique_0_08,wh3_main_skill_all_mentor_lord,Mentor,"Having learned much in their long years of service, this character now turns their attention to training others.",character_experience.png,7,0,0,0,true,0,3,2,Mentor,"Having learned much in their long years of service, this character now turns their attention to training others.",,,,,,wh3_main_effect_character_xp_share_generic_lordtext,Character will share %+n% of experience earned between all other active [[img:icon_general]][[/img]]Lords,,character_to_character_own,30,campaign,10,true,experience.png,experience.png,,,,,,,,,,,,,,,,,,,,,,,character_skill_level_to_effects_junctions_tables,wh3_main_skill_all_mentor_lord|wh3_main_effect_character_xp_share_generic_lordtext|2|character_to_character_own
effect,warhammer_3,9.0,25507028,Undead Legions,undead_legions,wh3_dlc29_sc_nag_undead_legions,Nagash,Nagash,legendary_lord,wh3_dlc29_nag_nagash,general,general,wh3_dlc29_nag_host_of_nagash|wh3_dlc29_nag_host_of_nagash_qb1,true,false,true,true,false,true,wh3_dlc29_lore_undeath,legendary_lords,wh3_dlc29_skill_node_set_nag_nagash,,1,general,false,false,,,,wh3_dlc29_skill_node_nag_nagash_unique_0_08,wh3_main_skill_all_mentor_lord,Mentor,"Having learned much in their long years of service, this character now turns their attention to training others.",character_experience.png,7,0,0,0,true,0,3,3,Mentor,"Having learned much in their long years of service, this character now turns their attention to training others.",,,,,,wh3_main_effect_character_campaign_experience_mod,Character experience gain: %+n%,,general_to_character_own_forcewide_heroes_only,50,campaign,14,true,experience.png,experience.png,,,,,,,,,,,,,,,,,,,,,,,character_skill_level_to_effects_junctions_tables,wh3_main_skill_all_mentor_lord|wh3_main_effect_character_campaign_experience_mod|3|general_to_character_own_forcewide_heroes_only
effect,warhammer_3,9.0,25507028,Undead Legions,undead_legions,wh3_dlc29_sc_nag_undead_legions,Nagash,Nagash,legendary_lord,wh3_dlc29_nag_nagash,general,general,wh3_dlc29_nag_host_of_nagash|wh3_dlc29_nag_host_of_nagash_qb1,true,false,true,true,false,true,wh3_dlc29_lore_undeath,legendary_lords,wh3_dlc29_skill_node_set_nag_nagash,,1,general,false,false,,,,wh3_dlc29_skill_node_nag_nagash_unique_0_08,wh3_main_skill_all_mentor_lord,Mentor,"Having learned much in their long years of service, this character now turns their attention to training others.",character_experience.png,7,0,0,0,true,0,3,3,Mentor,"Having learned much in their long years of service, this character now turns their attention to training others.",,,,,,wh3_main_effect_character_xp_share_generic_lordtext,Character will share %+n% of experience earned between all other active [[img:icon_general]][[/img]]Lords,,character_to_character_own,50,campaign,10,true,experience.png,experience.png,,,,,,,,,,,,,,,,,,,,,,,character_skill_level_to_effects_junctions_tables,wh3_main_skill_all_mentor_lord|wh3_main_effect_character_xp_share_generic_lordtext|3|character_to_character_own
node,warhammer_3,9.0,25507028,Undead Legions,undead_legions,wh3_dlc29_sc_nag_undead_legions,Nagash,Nagash,legendary_lord,wh3_dlc29_nag_nagash,general,general,wh3_dlc29_nag_host_of_nagash|wh3_dlc29_nag_host_of_nagash_qb1,true,false,true,true,false,true,wh3_dlc29_lore_undeath,legendary_lords,wh3_dlc29_skill_node_set_nag_nagash,,1,general,false,false,,,,wh3_dlc29_skill_node_nag_nagash_magic1_08,wh3_dlc29_skill_nag_magic_undeath_07_akararan_the_dark_riders,{{tr:unit_abilities_onscreen_name_wh3_dlc29_spell_undeath_akararan_the_dark_riders}},,wh3_dlc29_spell_undeath_akararan_the_dark_riders.png,7,3,0,0,true,0,2,,,,,,,,,,,,,,,,,,,,,,,,,,,,,,,,,,,,,,,,,character_skill_nodes_tables,wh3_dlc29_skill_node_nag_nagash_magic1_08
effect,warhammer_3,9.0,25507028,Undead Legions,undead_legions,wh3_dlc29_sc_nag_undead_legions,Nagash,Nagash,legendary_lord,wh3_dlc29_nag_nagash,general,general,wh3_dlc29_nag_host_of_nagash|wh3_dlc29_nag_host_of_nagash_qb1,true,false,true,true,false,true,wh3_dlc29_lore_undeath,legendary_lords,wh3_dlc29_skill_node_set_nag_nagash,,1,general,false,false,,,,wh3_dlc29_skill_node_nag_nagash_magic1_08,wh3_dlc29_skill_nag_magic_undeath_07_akararan_the_dark_riders,{{tr:unit_abilities_onscreen_name_wh3_dlc29_spell_undeath_akararan_the_dark_riders}},,wh3_dlc29_spell_undeath_akararan_the_dark_riders.png,7,3,0,0,true,0,2,1,{{tr:unit_abilities_onscreen_name_wh3_dlc29_spell_undeath_akararan_the_dark_riders}},,,,,,,wh3_dlc29_effect_ability_cooldown_dark_raiders,"Cooldown: %+n% to ""{{tr:unit_abilities_onscreen_name_wh3_dlc29_spell_undeath_akararan_the_dark_riders}}""",,character_to_character_own,-30,both,293,false,magic_cooldown.png,magic_cooldown.png,,,,,,,,,,,,,,,,,,,,,,,character_skill_level_to_effects_junctions_tables,wh3_dlc29_skill_nag_magic_undeath_07_akararan_the_dark_riders|wh3_dlc29_effect_ability_cooldown_dark_raiders|1|character_to_character_own
effect,warhammer_3,9.0,25507028,Undead Legions,undead_legions,wh3_dlc29_sc_nag_undead_legions,Nagash,Nagash,legendary_lord,wh3_dlc29_nag_nagash,general,general,wh3_dlc29_nag_host_of_nagash|wh3_dlc29_nag_host_of_nagash_qb1,true,false,true,true,false,true,wh3_dlc29_lore_undeath,legendary_lords,wh3_dlc29_skill_node_set_nag_nagash,,1,general,false,false,,,,wh3_dlc29_skill_node_nag_nagash_magic1_08,wh3_dlc29_skill_nag_magic_undeath_07_akararan_the_dark_riders,{{tr:unit_abilities_onscreen_name_wh3_dlc29_spell_undeath_akararan_the_dark_riders}},,wh3_dlc29_spell_undeath_akararan_the_dark_riders.png,7,3,0,0,true,0,2,1,{{tr:unit_abilities_onscreen_name_wh3_dlc29_spell_undeath_akararan_the_dark_riders}},,,,,,,wh3_dlc29_effect_ability_enable_akararan_dark_raiders,"Spell: ""{{tr:unit_abilities_onscreen_name_wh3_dlc29_spell_undeath_akararan_the_dark_riders}}""",,character_to_character_own,1,battle,290,true,magic_character.png,magic_character.png,,,,,,,,,,,,,,,,,,,,,,,character_skill_level_to_effects_junctions_tables,wh3_dlc29_skill_nag_magic_undeath_07_akararan_the_dark_riders|wh3_dlc29_effect_ability_enable_akararan_dark_raiders|1|character_to_character_own
effect,warhammer_3,9.0,25507028,Undead Legions,undead_legions,wh3_dlc29_sc_nag_undead_legions,Nagash,Nagash,legendary_lord,wh3_dlc29_nag_nagash,general,general,wh3_dlc29_nag_host_of_nagash|wh3_dlc29_nag_host_of_nagash_qb1,true,false,true,true,false,true,wh3_dlc29_lore_undeath,legendary_lords,wh3_dlc29_skill_node_set_nag_nagash,,1,general,false,false,,,,wh3_dlc29_skill_node_nag_nagash_magic1_08,wh3_dlc29_skill_nag_magic_undeath_07_akararan_the_dark_riders,{{tr:unit_abilities_onscreen_name_wh3_dlc29_spell_undeath_akararan_the_dark_riders}},,wh3_dlc29_spell_undeath_akararan_the_dark_riders.png,7,3,0,0,true,0,2,1,{{tr:unit_abilities_onscreen_name_wh3_dlc29_spell_undeath_akararan_the_dark_riders}},,,,,,,wh3_dlc29_effect_ability_enable_akararan_dark_raiders_upgraded,"Overcast spell: ""{{tr:unit_abilities_onscreen_name_wh3_dlc29_spell_undeath_akararan_the_dark_riders}}""",,character_to_character_own,1,battle,291,true,magic_character.png,magic_character.png,,,,,,,,,,,,,,,,,,,,,,,character_skill_level_to_effects_junctions_tables,wh3_dlc29_skill_nag_magic_undeath_07_akararan_the_dark_riders|wh3_dlc29_effect_ability_enable_akararan_dark_raiders_upgraded|1|character_to_character_own
effect,warhammer_3,9.0,25507028,Undead Legions,undead_legions,wh3_dlc29_sc_nag_undead_legions,Nagash,Nagash,legendary_lord,wh3_dlc29_nag_nagash,general,general,wh3_dlc29_nag_host_of_nagash|wh3_dlc29_nag_host_of_nagash_qb1,true,false,true,true,false,true,wh3_dlc29_lore_undeath,legendary_lords,wh3_dlc29_skill_node_set_nag_nagash,,1,general,false,false,,,,wh3_dlc29_skill_node_nag_nagash_magic1_08,wh3_dlc29_skill_nag_magic_undeath_07_akararan_the_dark_riders,{{tr:unit_abilities_onscreen_name_wh3_dlc29_spell_undeath_akararan_the_dark_riders}},,wh3_dlc29_spell_undeath_akararan_the_dark_riders.png,7,3,0,0,true,0,2,2,{{tr:unit_abilities_onscreen_name_wh3_dlc29_spell_undeath_akararan_the_dark_riders}},,,,,,,wh3_dlc29_effect_ability_cooldown_dark_raiders,"Cooldown: %+n% to ""{{tr:unit_abilities_onscreen_name_wh3_dlc29_spell_undeath_akararan_the_dark_riders}}""",,character_to_character_own,-50,both,293,false,magic_cooldown.png,magic_cooldown.png,,,,,,,,,,,,,,,,,,,,,,,character_skill_level_to_effects_junctions_tables,wh3_dlc29_skill_nag_magic_undeath_07_akararan_the_dark_riders|wh3_dlc29_effect_ability_cooldown_dark_raiders|2|character_to_character_own
effect,warhammer_3,9.0,25507028,Undead Legions,undead_legions,wh3_dlc29_sc_nag_undead_legions,Nagash,Nagash,legendary_lord,wh3_dlc29_nag_nagash,general,general,wh3_dlc29_nag_host_of_nagash|wh3_dlc29_nag_host_of_nagash_qb1,true,false,true,true,false,true,wh3_dlc29_lore_undeath,legendary_lords,wh3_dlc29_skill_node_set_nag_nagash,,1,general,false,false,,,,wh3_dlc29_skill_node_nag_nagash_magic1_08,wh3_dlc29_skill_nag_magic_undeath_07_akararan_the_dark_riders,{{tr:unit_abilities_onscreen_name_wh3_dlc29_spell_undeath_akararan_the_dark_riders}},,wh3_dlc29_spell_undeath_akararan_the_dark_riders.png,7,3,0,0,true,0,2,2,{{tr:unit_abilities_onscreen_name_wh3_dlc29_spell_undeath_akararan_the_dark_riders}},,,,,,,wh3_dlc29_effect_ability_enable_akararan_dark_raiders_upgraded,"Overcast spell: ""{{tr:unit_abilities_onscreen_name_wh3_dlc29_spell_undeath_akararan_the_dark_riders}}""",,character_to_character_own,1,battle,291,true,magic_character.png,magic_character.png,,,,,,,,,,,,,,,,,,,,,,,character_skill_level_to_effects_junctions_tables,wh3_dlc29_skill_nag_magic_undeath_07_akararan_the_dark_riders|wh3_dlc29_effect_ability_enable_akararan_dark_raiders_upgraded|2|character_to_character_own
effect,warhammer_3,9.0,25507028,Undead Legions,undead_legions,wh3_dlc29_sc_nag_undead_legions,Nagash,Nagash,legendary_lord,wh3_dlc29_nag_nagash,general,general,wh3_dlc29_nag_host_of_nagash|wh3_dlc29_nag_host_of_nagash_qb1,true,false,true,true,false,true,wh3_dlc29_lore_undeath,legendary_lords,wh3_dlc29_skill_node_set_nag_nagash,,1,general,false,false,,,,wh3_dlc29_skill_node_nag_nagash_magic1_08,wh3_dlc29_skill_nag_magic_undeath_07_akararan_the_dark_riders,{{tr:unit_abilities_onscreen_name_wh3_dlc29_spell_undeath_akararan_the_dark_riders}},,wh3_dlc29_spell_undeath_akararan_the_dark_riders.png,7,3,0,0,true,0,2,2,{{tr:unit_abilities_onscreen_name_wh3_dlc29_spell_undeath_akararan_the_dark_riders}},,,,,,,wh3_dlc29_effect_ability_miscast_dark_raiders_upgraded,"Miscast base chance: %+n% for ""{{tr:unit_abilities_onscreen_name_wh3_dlc29_spell_undeath_akararan_the_dark_riders}} Upgraded""",,character_to_character_own,-15,both,298,false,magic.png,magic.png,,,,,,,,,,,,,,,,,,,,,,,character_skill_level_to_effects_junctions_tables,wh3_dlc29_skill_nag_magic_undeath_07_akararan_the_dark_riders|wh3_dlc29_effect_ability_miscast_dark_raiders_upgraded|2|character_to_character_own
effect,warhammer_3,9.0,25507028,Undead Legions,undead_legions,wh3_dlc29_sc_nag_undead_legions,Nagash,Nagash,legendary_lord,wh3_dlc29_nag_nagash,general,general,wh3_dlc29_nag_host_of_nagash|wh3_dlc29_nag_host_of_nagash_qb1,true,false,true,true,false,true,wh3_dlc29_lore_undeath,legendary_lords,wh3_dlc29_skill_node_set_nag_nagash,,1,general,false,false,,,,wh3_dlc29_skill_node_nag_nagash_magic1_08,wh3_dlc29_skill_nag_magic_undeath_07_akararan_the_dark_riders,{{tr:unit_abilities_onscreen_name_wh3_dlc29_spell_undeath_akararan_the_dark_riders}},,wh3_dlc29_spell_undeath_akararan_the_dark_riders.png,7,3,0,0,true,0,2,2,{{tr:unit_abilities_onscreen_name_wh3_dlc29_spell_undeath_akararan_the_dark_riders}},,,,,,,wh3_dlc29_effect_ability_wom_cost_dark_raiders,"Winds of Magic cost: %n for ""{{tr:unit_abilities_onscreen_name_wh3_dlc29_spell_undeath_akararan_the_dark_riders}}""",,character_to_character_own,-2,both,294,false,magic_character.png,magic_character.png,,,,,,,,,,,,,,,,,,,,,,,character_skill_level_to_effects_junctions_tables,wh3_dlc29_skill_nag_magic_undeath_07_akararan_the_dark_riders|wh3_dlc29_effect_ability_wom_cost_dark_raiders|2|character_to_character_own
effect,warhammer_3,9.0,25507028,Undead Legions,undead_legions,wh3_dlc29_sc_nag_undead_legions,Nagash,Nagash,legendary_lord,wh3_dlc29_nag_nagash,general,general,wh3_dlc29_nag_host_of_nagash|wh3_dlc29_nag_host_of_nagash_qb1,true,false,true,true,false,true,wh3_dlc29_lore_undeath,legendary_lords,wh3_dlc29_skill_node_set_nag_nagash,,1,general,false,false,,,,wh3_dlc29_skill_node_nag_nagash_magic1_08,wh3_dlc29_skill_nag_magic_undeath_07_akararan_the_dark_riders,{{tr:unit_abilities_onscreen_name_wh3_dlc29_spell_undeath_akararan_the_dark_riders}},,wh3_dlc29_spell_undeath_akararan_the_dark_riders.png,7,3,0,0,true,0,2,2,{{tr:unit_abilities_onscreen_name_wh3_dlc29_spell_undeath_akararan_the_dark_riders}},,,,,,,wh3_dlc29_effect_ability_wom_cost_dark_raiders_upgraded,"Winds of Magic cost: %n for ""{{tr:unit_abilities_onscreen_name_wh3_dlc29_spell_undeath_akararan_the_dark_riders}} Upgraded""",,character_to_character_own,-4,both,294,false,magic_character.png,magic_character.png,,,,,,,,,,,,,,,,,,,,,,,character_skill_level_to_effects_junctions_tables,wh3_dlc29_skill_nag_magic_undeath_07_akararan_the_dark_riders|wh3_dlc29_effect_ability_wom_cost_dark_raiders_upgraded|2|character_to_character_own
node,warhammer_3,9.0,25507028,Undead Legions,undead_legions,wh3_dlc29_sc_nag_undead_legions,Nagash,Nagash,legendary_lord,wh3_dlc29_nag_nagash,general,general,wh3_dlc29_nag_host_of_nagash|wh3_dlc29_nag_host_of_nagash_qb1,true,false,true,true,false,true,wh3_dlc29_lore_undeath,legendary_lords,wh3_dlc29_skill_node_set_nag_nagash,,1,general,false,false,,,,wh3_dlc29_skill_node_nag_nagash_battle_08,wh3_dlc29_skill_nag_lord_battle_risen_guardians,Eternal Guard,"Those who persist in duty beyond life must be worthy of keeping their eternal vigil beyond the death of all, as well.",battle_attack.png,7,4,0,0,true,0,1,,,,,,,,,,,,,,,,,,,,,,,,,,,,,,,,,,,,,,,,,character_skill_nodes_tables,wh3_dlc29_skill_node_nag_nagash_battle_08
effect,warhammer_3,9.0,25507028,Undead Legions,undead_legions,wh3_dlc29_sc_nag_undead_legions,Nagash,Nagash,legendary_lord,wh3_dlc29_nag_nagash,general,general,wh3_dlc29_nag_host_of_nagash|wh3_dlc29_nag_host_of_nagash_qb1,true,false,true,true,false,true,wh3_dlc29_lore_undeath,legendary_lords,wh3_dlc29_skill_node_set_nag_nagash,,1,general,false,false,,,,wh3_dlc29_skill_node_nag_nagash_battle_08,wh3_dlc29_skill_nag_lord_battle_risen_guardians,Eternal Guard,"Those who persist in duty beyond life must be worthy of keeping their eternal vigil beyond the death of all, as well.",battle_attack.png,7,4,0,0,true,0,1,1,Eternal Guard,"Those who persist in duty beyond life must be worthy of keeping their eternal vigil beyond the death of all, as well.",,,,,,wh3_dlc29_effect_force_stat_leadership_nag_melee_infantry_rank7,Leadership: %+n for all Melee infantry units {{tr:rank7}},,general_to_force_own,5,battle,411,true,morale.png,morale.png,,,,,,,,,,,,,,,,,,,,,,,character_skill_level_to_effects_junctions_tables,wh3_dlc29_skill_nag_lord_battle_risen_guardians|wh3_dlc29_effect_force_stat_leadership_nag_melee_infantry_rank7|1|general_to_force_own
effect,warhammer_3,9.0,25507028,Undead Legions,undead_legions,wh3_dlc29_sc_nag_undead_legions,Nagash,Nagash,legendary_lord,wh3_dlc29_nag_nagash,general,general,wh3_dlc29_nag_host_of_nagash|wh3_dlc29_nag_host_of_nagash_qb1,true,false,true,true,false,true,wh3_dlc29_lore_undeath,legendary_lords,wh3_dlc29_skill_node_set_nag_nagash,,1,general,false,false,,,,wh3_dlc29_skill_node_nag_nagash_battle_08,wh3_dlc29_skill_nag_lord_battle_risen_guardians,Eternal Guard,"Those who persist in duty beyond life must be worthy of keeping their eternal vigil beyond the death of all, as well.",battle_attack.png,7,4,0,0,true,0,1,1,Eternal Guard,"Those who persist in duty beyond life must be worthy of keeping their eternal vigil beyond the death of all, as well.",,,,,,wh3_dlc29_effect_force_stat_melee_attack_nag_melee_infantry_rank7,Melee attack: %+n for all Melee infantry units {{tr:rank7}},,general_to_force_own,5,battle,431,true,melee.png,melee.png,,,,,,,,,,,,,,,,,,,,,,,character_skill_level_to_effects_junctions_tables,wh3_dlc29_skill_nag_lord_battle_risen_guardians|wh3_dlc29_effect_force_stat_melee_attack_nag_melee_infantry_rank7|1|general_to_force_own
effect,warhammer_3,9.0,25507028,Undead Legions,undead_legions,wh3_dlc29_sc_nag_undead_legions,Nagash,Nagash,legendary_lord,wh3_dlc29_nag_nagash,general,general,wh3_dlc29_nag_host_of_nagash|wh3_dlc29_nag_host_of_nagash_qb1,true,false,true,true,false,true,wh3_dlc29_lore_undeath,legendary_lords,wh3_dlc29_skill_node_set_nag_nagash,,1,general,false,false,,,,wh3_dlc29_skill_node_nag_nagash_battle_08,wh3_dlc29_skill_nag_lord_battle_risen_guardians,Eternal Guard,"Those who persist in duty beyond life must be worthy of keeping their eternal vigil beyond the death of all, as well.",battle_attack.png,7,4,0,0,true,0,1,1,Eternal Guard,"Those who persist in duty beyond life must be worthy of keeping their eternal vigil beyond the death of all, as well.",,,,,,wh3_dlc29_effect_force_stat_spell_resist_nag_melee_infantry_rank7,Spell resistance: %n% for all Melee infantry units {{tr:rank7}},,general_to_force_own,15,battle,582,true,resistance_magic.png,resistance_magic.png,,,,,,,,,,,,,,,,,,,,,,,character_skill_level_to_effects_junctions_tables,wh3_dlc29_skill_nag_lord_battle_risen_guardians|wh3_dlc29_effect_force_stat_spell_resist_nag_melee_infantry_rank7|1|general_to_force_own
node,warhammer_3,9.0,25507028,Undead Legions,undead_legions,wh3_dlc29_sc_nag_undead_legions,Nagash,Nagash,legendary_lord,wh3_dlc29_nag_nagash,general,general,wh3_dlc29_nag_host_of_nagash|wh3_dlc29_nag_host_of_nagash_qb1,true,false,true,true,false,true,wh3_dlc29_lore_undeath,legendary_lords,wh3_dlc29_skill_node_set_nag_nagash,,1,general,false,false,,,,wh3_dlc29_skill_node_nag_nagash_campaign_08,wh3_dlc29_skill_nag_lord_campaign_necrotic_prowess,The Fallen Follow Still,"It is no small matter to replenish one's Undead forces if some fall. Nagash simply keeps on, and the fallen simply keep following him.",campaign_military_spending.png,7,5,0,0,true,0,3,,,,,,,,,,,,,,,,,,,,,,,,,,,,,,,,,,,,,,,,,character_skill_nodes_tables,wh3_dlc29_skill_node_nag_nagash_campaign_08
effect,warhammer_3,9.0,25507028,Undead Legions,undead_legions,wh3_dlc29_sc_nag_undead_legions,Nagash,Nagash,legendary_lord,wh3_dlc29_nag_nagash,general,general,wh3_dlc29_nag_host_of_nagash|wh3_dlc29_nag_host_of_nagash_qb1,true,false,true,true,false,true,wh3_dlc29_lore_undeath,legendary_lords,wh3_dlc29_skill_node_set_nag_nagash,,1,general,false,false,,,,wh3_dlc29_skill_node_nag_nagash_campaign_08,wh3_dlc29_skill_nag_lord_campaign_necrotic_prowess,The Fallen Follow Still,"It is no small matter to replenish one's Undead forces if some fall. Nagash simply keeps on, and the fallen simply keep following him.",campaign_military_spending.png,7,5,0,0,true,0,3,1,The Fallen Follow Still,"It is no small matter to replenish one's Undead forces if some fall. Nagash simply keeps on, and the fallen simply keep following him.",,,,,,wh3_dlc29_effect_gravecall_recruitment_cost_mod,Grave Call cost: %+n%,,character_to_character_own,-5,campaign,7,false,icon_necromantic_power.png,icon_necromantic_power.png,,,,,,,,,,,,,,,,,,,,,,,character_skill_level_to_effects_junctions_tables,wh3_dlc29_skill_nag_lord_campaign_necrotic_prowess|wh3_dlc29_effect_gravecall_recruitment_cost_mod|1|character_to_character_own
effect,warhammer_3,9.0,25507028,Undead Legions,undead_legions,wh3_dlc29_sc_nag_undead_legions,Nagash,Nagash,legendary_lord,wh3_dlc29_nag_nagash,general,general,wh3_dlc29_nag_host_of_nagash|wh3_dlc29_nag_host_of_nagash_qb1,true,false,true,true,false,true,wh3_dlc29_lore_undeath,legendary_lords,wh3_dlc29_skill_node_set_nag_nagash,,1,general,false,false,,,,wh3_dlc29_skill_node_nag_nagash_campaign_08,wh3_dlc29_skill_nag_lord_campaign_necrotic_prowess,The Fallen Follow Still,"It is no small matter to replenish one's Undead forces if some fall. Nagash simply keeps on, and the fallen simply keep following him.",campaign_military_spending.png,7,5,0,0,true,0,3,1,The Fallen Follow Still,"It is no small matter to replenish one's Undead forces if some fall. Nagash simply keeps on, and the fallen simply keep following him.",,,,,,wh3_dlc29_effect_post_battle_unit_saving_chance_all,The Dead Rise Again: %+n% chance for destroyed units to be restored after battle,,general_to_force_own,3,campaign,101,true,replenishment.png,replenishment.png,,,,,,,,,,,,,,,,,,,,,,,character_skill_level_to_effects_junctions_tables,wh3_dlc29_skill_nag_lord_campaign_necrotic_prowess|wh3_dlc29_effect_post_battle_unit_saving_chance_all|1|general_to_force_own
effect,warhammer_3,9.0,25507028,Undead Legions,undead_legions,wh3_dlc29_sc_nag_undead_legions,Nagash,Nagash,legendary_lord,wh3_dlc29_nag_nagash,general,general,wh3_dlc29_nag_host_of_nagash|wh3_dlc29_nag_host_of_nagash_qb1,true,false,true,true,false,true,wh3_dlc29_lore_undeath,legendary_lords,wh3_dlc29_skill_node_set_nag_nagash,,1,general,false,false,,,,wh3_dlc29_skill_node_nag_nagash_campaign_08,wh3_dlc29_skill_nag_lord_campaign_necrotic_prowess,The Fallen Follow Still,"It is no small matter to replenish one's Undead forces if some fall. Nagash simply keeps on, and the fallen simply keep following him.",campaign_military_spending.png,7,5,0,0,true,0,3,2,The Fallen Follow Still,"It is no small matter to replenish one's Undead forces if some fall. Nagash simply keeps on, and the fallen simply keep following him.",,,,,,wh3_dlc29_effect_gravecall_recruitment_cost_mod,Grave Call cost: %+n%,,character_to_character_own,-10,campaign,7,false,icon_necromantic_power.png,icon_necromantic_power.png,,,,,,,,,,,,,,,,,,,,,,,character_skill_level_to_effects_junctions_tables,wh3_dlc29_skill_nag_lord_campaign_necrotic_prowess|wh3_dlc29_effect_gravecall_recruitment_cost_mod|2|character_to_character_own
effect,warhammer_3,9.0,25507028,Undead Legions,undead_legions,wh3_dlc29_sc_nag_undead_legions,Nagash,Nagash,legendary_lord,wh3_dlc29_nag_nagash,general,general,wh3_dlc29_nag_host_of_nagash|wh3_dlc29_nag_host_of_nagash_qb1,true,false,true,true,false,true,wh3_dlc29_lore_undeath,legendary_lords,wh3_dlc29_skill_node_set_nag_nagash,,1,general,false,false,,,,wh3_dlc29_skill_node_nag_nagash_campaign_08,wh3_dlc29_skill_nag_lord_campaign_necrotic_prowess,The Fallen Follow Still,"It is no small matter to replenish one's Undead forces if some fall. Nagash simply keeps on, and the fallen simply keep following him.",campaign_military_spending.png,7,5,0,0,true,0,3,2,The Fallen Follow Still,"It is no small matter to replenish one's Undead forces if some fall. Nagash simply keeps on, and the fallen simply keep following him.",,,,,,wh3_dlc29_effect_post_battle_unit_saving_chance_all,The Dead Rise Again: %+n% chance for destroyed units to be restored after battle,,general_to_force_own,6,campaign,101,true,replenishment.png,replenishment.png,,,,,,,,,,,,,,,,,,,,,,,character_skill_level_to_effects_junctions_tables,wh3_dlc29_skill_nag_lord_campaign_necrotic_prowess|wh3_dlc29_effect_post_battle_unit_saving_chance_all|2|general_to_force_own
effect,warhammer_3,9.0,25507028,Undead Legions,undead_legions,wh3_dlc29_sc_nag_undead_legions,Nagash,Nagash,legendary_lord,wh3_dlc29_nag_nagash,general,general,wh3_dlc29_nag_host_of_nagash|wh3_dlc29_nag_host_of_nagash_qb1,true,false,true,true,false,true,wh3_dlc29_lore_undeath,legendary_lords,wh3_dlc29_skill_node_set_nag_nagash,,1,general,false,false,,,,wh3_dlc29_skill_node_nag_nagash_campaign_08,wh3_dlc29_skill_nag_lord_campaign_necrotic_prowess,The Fallen Follow Still,"It is no small matter to replenish one's Undead forces if some fall. Nagash simply keeps on, and the fallen simply keep following him.",campaign_military_spending.png,7,5,0,0,true,0,3,3,The Fallen Follow Still,"It is no small matter to replenish one's Undead forces if some fall. Nagash simply keeps on, and the fallen simply keep following him.",,,,,,wh3_dlc29_effect_gravecall_recruitment_cost_mod,Grave Call cost: %+n%,,character_to_character_own,-15,campaign,7,false,icon_necromantic_power.png,icon_necromantic_power.png,,,,,,,,,,,,,,,,,,,,,,,character_skill_level_to_effects_junctions_tables,wh3_dlc29_skill_nag_lord_campaign_necrotic_prowess|wh3_dlc29_effect_gravecall_recruitment_cost_mod|3|character_to_character_own
effect,warhammer_3,9.0,25507028,Undead Legions,undead_legions,wh3_dlc29_sc_nag_undead_legions,Nagash,Nagash,legendary_lord,wh3_dlc29_nag_nagash,general,general,wh3_dlc29_nag_host_of_nagash|wh3_dlc29_nag_host_of_nagash_qb1,true,false,true,true,false,true,wh3_dlc29_lore_undeath,legendary_lords,wh3_dlc29_skill_node_set_nag_nagash,,1,general,false,false,,,,wh3_dlc29_skill_node_nag_nagash_campaign_08,wh3_dlc29_skill_nag_lord_campaign_necrotic_prowess,The Fallen Follow Still,"It is no small matter to replenish one's Undead forces if some fall. Nagash simply keeps on, and the fallen simply keep following him.",campaign_military_spending.png,7,5,0,0,true,0,3,3,The Fallen Follow Still,"It is no small matter to replenish one's Undead forces if some fall. Nagash simply keeps on, and the fallen simply keep following him.",,,,,,wh3_dlc29_effect_post_battle_unit_saving_chance_all,The Dead Rise Again: %+n% chance for destroyed units to be restored after battle,,general_to_force_own,10,campaign,101,true,replenishment.png,replenishment.png,,,,,,,,,,,,,,,,,,,,,,,character_skill_level_to_effects_junctions_tables,wh3_dlc29_skill_nag_lord_campaign_necrotic_prowess|wh3_dlc29_effect_post_battle_unit_saving_chance_all|3|general_to_force_own
node,warhammer_3,9.0,25507028,Undead Legions,undead_legions,wh3_dlc29_sc_nag_undead_legions,Nagash,Nagash,legendary_lord,wh3_dlc29_nag_nagash,general,general,wh3_dlc29_nag_host_of_nagash|wh3_dlc29_nag_host_of_nagash_qb1,true,false,true,true,false,true,wh3_dlc29_lore_undeath,legendary_lords,wh3_dlc29_skill_node_set_nag_nagash,,1,general,false,false,,,,wh3_dlc29_skill_node_nag_nagash_magic1_09,wh_main_skill_all_magic_all_07_earthing,Earthing,"By stabbing a staff or some arcane conduit into the ground, an accomplished magic-user can earth or tether the Winds and hopefully reduce a chance of miscasting.",character_magic.png,8,3,0,0,true,0,1,,,,,,,,,,,,,,,,,,,,,,,,,,,,,,,,,,,,,,,,,character_skill_nodes_tables,wh3_dlc29_skill_node_nag_nagash_magic1_09
effect,warhammer_3,9.0,25507028,Undead Legions,undead_legions,wh3_dlc29_sc_nag_undead_legions,Nagash,Nagash,legendary_lord,wh3_dlc29_nag_nagash,general,general,wh3_dlc29_nag_host_of_nagash|wh3_dlc29_nag_host_of_nagash_qb1,true,false,true,true,false,true,wh3_dlc29_lore_undeath,legendary_lords,wh3_dlc29_skill_node_set_nag_nagash,,1,general,false,false,,,,wh3_dlc29_skill_node_nag_nagash_magic1_09,wh_main_skill_all_magic_all_07_earthing,Earthing,"By stabbing a staff or some arcane conduit into the ground, an accomplished magic-user can earth or tether the Winds and hopefully reduce a chance of miscasting.",character_magic.png,8,3,0,0,true,0,1,1,Earthing,"By stabbing a staff or some arcane conduit into the ground, an accomplished magic-user can earth or tether the Winds and hopefully reduce a chance of miscasting.",,,,,,wh_main_effect_character_stat_miscast,Miscast base chance: %+n%,,character_to_character_own,-15,battle,298,false,magic_character.png,magic_character.png,,,,,,,,,,,,,,,,,,,,,,,character_skill_level_to_effects_junctions_tables,wh_main_skill_all_magic_all_07_earthing|wh_main_effect_character_stat_miscast|1|character_to_character_own
node,warhammer_3,9.0,25507028,Undead Legions,undead_legions,wh3_dlc29_sc_nag_undead_legions,Nagash,Nagash,legendary_lord,wh3_dlc29_nag_nagash,general,general,wh3_dlc29_nag_host_of_nagash|wh3_dlc29_nag_host_of_nagash_qb1,true,false,true,true,false,true,wh3_dlc29_lore_undeath,legendary_lords,wh3_dlc29_skill_node_set_nag_nagash,,1,general,false,false,,,,wh3_dlc29_skill_node_nag_nagash_battle_09,wh3_dlc29_skill_nag_lord_battle_legions_of_death,The Black Arsenal,"The living will join them, after which they all will continue to fulfil their final recruitment duty together.",battle_range.png,8,4,0,0,true,0,1,,,,,,,,,,,,,,,,,,,,,,,,,,,,,,,,,,,,,,,,,character_skill_nodes_tables,wh3_dlc29_skill_node_nag_nagash_battle_09
effect,warhammer_3,9.0,25507028,Undead Legions,undead_legions,wh3_dlc29_sc_nag_undead_legions,Nagash,Nagash,legendary_lord,wh3_dlc29_nag_nagash,general,general,wh3_dlc29_nag_host_of_nagash|wh3_dlc29_nag_host_of_nagash_qb1,true,false,true,true,false,true,wh3_dlc29_lore_undeath,legendary_lords,wh3_dlc29_skill_node_set_nag_nagash,,1,general,false,false,,,,wh3_dlc29_skill_node_nag_nagash_battle_09,wh3_dlc29_skill_nag_lord_battle_legions_of_death,The Black Arsenal,"The living will join them, after which they all will continue to fulfil their final recruitment duty together.",battle_range.png,8,4,0,0,true,0,1,1,The Black Arsenal,"The living will join them, after which they all will continue to fulfil their final recruitment duty together.",,,,,,wh3_dlc29_effect_force_stat_missile_resistance_nag_missile_units_artillery_rank7,Missile resistance: %n% for all Missile and Artillery units {{tr:rank7}},,general_to_force_own,15,campaign,581,true,resistance_missile.png,resistance_missile.png,,,,,,,,,,,,,,,,,,,,,,,character_skill_level_to_effects_junctions_tables,wh3_dlc29_skill_nag_lord_battle_legions_of_death|wh3_dlc29_effect_force_stat_missile_resistance_nag_missile_units_artillery_rank7|1|general_to_force_own
effect,warhammer_3,9.0,25507028,Undead Legions,undead_legions,wh3_dlc29_sc_nag_undead_legions,Nagash,Nagash,legendary_lord,wh3_dlc29_nag_nagash,general,general,wh3_dlc29_nag_host_of_nagash|wh3_dlc29_nag_host_of_nagash_qb1,true,false,true,true,false,true,wh3_dlc29_lore_undeath,legendary_lords,wh3_dlc29_skill_node_set_nag_nagash,,1,general,false,false,,,,wh3_dlc29_skill_node_nag_nagash_battle_09,wh3_dlc29_skill_nag_lord_battle_legions_of_death,The Black Arsenal,"The living will join them, after which they all will continue to fulfil their final recruitment duty together.",battle_range.png,8,4,0,0,true,0,1,1,The Black Arsenal,"The living will join them, after which they all will continue to fulfil their final recruitment duty together.",,,,,,wh3_dlc29_effect_force_stat_range_nag_missile_units_artillery_rank7,Range: %+n% for all Missile and Artillery units {{tr:rank7}},,general_to_force_own,15,campaign,531,true,accuracy.png,accuracy.png,,,,,,,,,,,,,,,,,,,,,,,character_skill_level_to_effects_junctions_tables,wh3_dlc29_skill_nag_lord_battle_legions_of_death|wh3_dlc29_effect_force_stat_range_nag_missile_units_artillery_rank7|1|general_to_force_own
effect,warhammer_3,9.0,25507028,Undead Legions,undead_legions,wh3_dlc29_sc_nag_undead_legions,Nagash,Nagash,legendary_lord,wh3_dlc29_nag_nagash,general,general,wh3_dlc29_nag_host_of_nagash|wh3_dlc29_nag_host_of_nagash_qb1,true,false,true,true,false,true,wh3_dlc29_lore_undeath,legendary_lords,wh3_dlc29_skill_node_set_nag_nagash,,1,general,false,false,,,,wh3_dlc29_skill_node_nag_nagash_battle_09,wh3_dlc29_skill_nag_lord_battle_legions_of_death,The Black Arsenal,"The living will join them, after which they all will continue to fulfil their final recruitment duty together.",battle_range.png,8,4,0,0,true,0,1,1,The Black Arsenal,"The living will join them, after which they all will continue to fulfil their final recruitment duty together.",,,,,,wh3_dlc29_effect_force_stat_reload_time_reduction_nag_missile_units_artillery_rank7,Reload time reduction: %+n% for all Missile and Artillery units {{tr:rank7}},,general_to_force_own,10,campaign,561,true,icon_stat_reload_time_force.png,icon_stat_reload_time_force.png,,,,,,,,,,,,,,,,,,,,,,,character_skill_level_to_effects_junctions_tables,wh3_dlc29_skill_nag_lord_battle_legions_of_death|wh3_dlc29_effect_force_stat_reload_time_reduction_nag_missile_units_artillery_rank7|1|general_to_force_own
node,warhammer_3,9.0,25507028,Undead Legions,undead_legions,wh3_dlc29_sc_nag_undead_legions,Nagash,Nagash,legendary_lord,wh3_dlc29_nag_nagash,general,general,wh3_dlc29_nag_host_of_nagash|wh3_dlc29_nag_host_of_nagash_qb1,true,false,true,true,false,true,wh3_dlc29_lore_undeath,legendary_lords,wh3_dlc29_skill_node_set_nag_nagash,,1,general,false,false,,,,wh3_dlc29_skill_node_nag_nagash_campaign_09,wh3_dlc29_skill_nag_lord_campaign_soul_siphon,Soul Material,"There are such souls as Nagash considers fit only to be crushed into oblivion, to better feed the power of his realm eternal.",campaign_necromantic_energy.png,8,5,0,0,true,0,3,,,,,,,,,,,,,,,,,,,,,,,,,,,,,,,,,,,,,,,,,character_skill_nodes_tables,wh3_dlc29_skill_node_nag_nagash_campaign_09
effect,warhammer_3,9.0,25507028,Undead Legions,undead_legions,wh3_dlc29_sc_nag_undead_legions,Nagash,Nagash,legendary_lord,wh3_dlc29_nag_nagash,general,general,wh3_dlc29_nag_host_of_nagash|wh3_dlc29_nag_host_of_nagash_qb1,true,false,true,true,false,true,wh3_dlc29_lore_undeath,legendary_lords,wh3_dlc29_skill_node_set_nag_nagash,,1,general,false,false,,,,wh3_dlc29_skill_node_nag_nagash_campaign_09,wh3_dlc29_skill_nag_lord_campaign_soul_siphon,Soul Material,"There are such souls as Nagash considers fit only to be crushed into oblivion, to better feed the power of his realm eternal.",campaign_necromantic_energy.png,8,5,0,0,true,0,3,1,Soul Material,"There are such souls as Nagash considers fit only to be crushed into oblivion, to better feed the power of his realm eternal.",,,,,,wh3_dlc29_pooled_resource_necromantic_energy_battle_mod,{{tr:pooled_resources_display_name_wh3_dlc29_nag_necromantic_energy}} gain from battles: %+n%,,general_to_force_own,5,campaign,102,true,icon_necromantic_power.png,icon_necromantic_power.png,,,,,,,,,,,,,,,,,,,,,,,character_skill_level_to_effects_junctions_tables,wh3_dlc29_skill_nag_lord_campaign_soul_siphon|wh3_dlc29_pooled_resource_necromantic_energy_battle_mod|1|general_to_force_own
effect,warhammer_3,9.0,25507028,Undead Legions,undead_legions,wh3_dlc29_sc_nag_undead_legions,Nagash,Nagash,legendary_lord,wh3_dlc29_nag_nagash,general,general,wh3_dlc29_nag_host_of_nagash|wh3_dlc29_nag_host_of_nagash_qb1,true,false,true,true,false,true,wh3_dlc29_lore_undeath,legendary_lords,wh3_dlc29_skill_node_set_nag_nagash,,1,general,false,false,,,,wh3_dlc29_skill_node_nag_nagash_campaign_09,wh3_dlc29_skill_nag_lord_campaign_soul_siphon,Soul Material,"There are such souls as Nagash considers fit only to be crushed into oblivion, to better feed the power of his realm eternal.",campaign_necromantic_energy.png,8,5,0,0,true,0,3,2,Soul Material,"There are such souls as Nagash considers fit only to be crushed into oblivion, to better feed the power of his realm eternal.",,,,,,wh3_dlc29_pooled_resource_necromantic_energy_battle_mod,{{tr:pooled_resources_display_name_wh3_dlc29_nag_necromantic_energy}} gain from battles: %+n%,,general_to_force_own,10,campaign,102,true,icon_necromantic_power.png,icon_necromantic_power.png,,,,,,,,,,,,,,,,,,,,,,,character_skill_level_to_effects_junctions_tables,wh3_dlc29_skill_nag_lord_campaign_soul_siphon|wh3_dlc29_pooled_resource_necromantic_energy_battle_mod|2|general_to_force_own
effect,warhammer_3,9.0,25507028,Undead Legions,undead_legions,wh3_dlc29_sc_nag_undead_legions,Nagash,Nagash,legendary_lord,wh3_dlc29_nag_nagash,general,general,wh3_dlc29_nag_host_of_nagash|wh3_dlc29_nag_host_of_nagash_qb1,true,false,true,true,false,true,wh3_dlc29_lore_undeath,legendary_lords,wh3_dlc29_skill_node_set_nag_nagash,,1,general,false,false,,,,wh3_dlc29_skill_node_nag_nagash_campaign_09,wh3_dlc29_skill_nag_lord_campaign_soul_siphon,Soul Material,"There are such souls as Nagash considers fit only to be crushed into oblivion, to better feed the power of his realm eternal.",campaign_necromantic_energy.png,8,5,0,0,true,0,3,3,Soul Material,"There are such souls as Nagash considers fit only to be crushed into oblivion, to better feed the power of his realm eternal.",,,,,,wh3_dlc29_pooled_resource_necromantic_energy_battle_mod,{{tr:pooled_resources_display_name_wh3_dlc29_nag_necromantic_energy}} gain from battles: %+n%,,general_to_force_own,15,campaign,102,true,icon_necromantic_power.png,icon_necromantic_power.png,,,,,,,,,,,,,,,,,,,,,,,character_skill_level_to_effects_junctions_tables,wh3_dlc29_skill_nag_lord_campaign_soul_siphon|wh3_dlc29_pooled_resource_necromantic_energy_battle_mod|3|general_to_force_own
node,warhammer_3,9.0,25507028,Undead Legions,undead_legions,wh3_dlc29_sc_nag_undead_legions,Nagash,Nagash,legendary_lord,wh3_dlc29_nag_nagash,general,general,wh3_dlc29_nag_host_of_nagash|wh3_dlc29_nag_host_of_nagash_qb1,true,false,true,true,false,true,wh3_dlc29_lore_undeath,legendary_lords,wh3_dlc29_skill_node_set_nag_nagash,,1,general,false,false,,,,wh3_dlc29_skill_node_nag_nagash_magic1_10,wh_main_skill_all_magic_all_08_power_drain,Magical Reserves,"A few magic-users have the ability to store the Winds of Magic for later use, increasing their spellcasting power when it really counts.",character_magic.png,9,3,0,0,true,0,1,,,,,,,,,,,,,,,,,,,,,,,,,,,,,,,,,,,,,,,,,character_skill_nodes_tables,wh3_dlc29_skill_node_nag_nagash_magic1_10
effect,warhammer_3,9.0,25507028,Undead Legions,undead_legions,wh3_dlc29_sc_nag_undead_legions,Nagash,Nagash,legendary_lord,wh3_dlc29_nag_nagash,general,general,wh3_dlc29_nag_host_of_nagash|wh3_dlc29_nag_host_of_nagash_qb1,true,false,true,true,false,true,wh3_dlc29_lore_undeath,legendary_lords,wh3_dlc29_skill_node_set_nag_nagash,,1,general,false,false,,,,wh3_dlc29_skill_node_nag_nagash_magic1_10,wh_main_skill_all_magic_all_08_power_drain,Magical Reserves,"A few magic-users have the ability to store the Winds of Magic for later use, increasing their spellcasting power when it really counts.",character_magic.png,9,3,0,0,true,0,1,1,Magical Reserves,"A few magic-users have the ability to store the Winds of Magic for later use, increasing their spellcasting power when it really counts.",,,,,,wh3_main_effect_winds_of_magic_pool_cap,Winds of Magic power reserve capacity: %+n,,character_to_force_own_unseen,5,campaign,390,true,magic_campaign.png,magic_campaign.png,,,,,,,,,,,,,,,,,,,,,,,character_skill_level_to_effects_junctions_tables,wh_main_skill_all_magic_all_08_power_drain|wh3_main_effect_winds_of_magic_pool_cap|1|character_to_force_own_unseen
node,warhammer_3,9.0,25507028,Undead Legions,undead_legions,wh3_dlc29_sc_nag_undead_legions,Nagash,Nagash,legendary_lord,wh3_dlc29_nag_nagash,general,general,wh3_dlc29_nag_host_of_nagash|wh3_dlc29_nag_host_of_nagash_qb1,true,false,true,true,false,true,wh3_dlc29_lore_undeath,legendary_lords,wh3_dlc29_skill_node_set_nag_nagash,,1,general,false,false,,,,wh3_dlc29_skill_node_nag_nagash_battle_10,wh3_dlc29_skill_nag_lord_battle_ethereal_presence,Nightmare Incarnate,These hardened horrors move and strike like nightmares given flesh.,battle_damage.png,9,4,0,0,true,0,1,,,,,,,,,,,,,,,,,,,,,,,,,,,,,,,,,,,,,,,,,character_skill_nodes_tables,wh3_dlc29_skill_node_nag_nagash_battle_10
effect,warhammer_3,9.0,25507028,Undead Legions,undead_legions,wh3_dlc29_sc_nag_undead_legions,Nagash,Nagash,legendary_lord,wh3_dlc29_nag_nagash,general,general,wh3_dlc29_nag_host_of_nagash|wh3_dlc29_nag_host_of_nagash_qb1,true,false,true,true,false,true,wh3_dlc29_lore_undeath,legendary_lords,wh3_dlc29_skill_node_set_nag_nagash,,1,general,false,false,,,,wh3_dlc29_skill_node_nag_nagash_battle_10,wh3_dlc29_skill_nag_lord_battle_ethereal_presence,Nightmare Incarnate,These hardened horrors move and strike like nightmares given flesh.,battle_damage.png,9,4,0,0,true,0,1,1,Nightmare Incarnate,These hardened horrors move and strike like nightmares given flesh.,,,,,,wh3_dlc29_effect_force_stat_physical_resistance_nag_beasts_monstrous_infantry_rank7,Physical resistance: %n% for all Beasts and Monstrous Infantry units {{tr:rank7}},,general_to_force_own,10,battle,581,true,resistance_physical.png,resistance_physical.png,,,,,,,,,,,,,,,,,,,,,,,character_skill_level_to_effects_junctions_tables,wh3_dlc29_skill_nag_lord_battle_ethereal_presence|wh3_dlc29_effect_force_stat_physical_resistance_nag_beasts_monstrous_infantry_rank7|1|general_to_force_own
effect,warhammer_3,9.0,25507028,Undead Legions,undead_legions,wh3_dlc29_sc_nag_undead_legions,Nagash,Nagash,legendary_lord,wh3_dlc29_nag_nagash,general,general,wh3_dlc29_nag_host_of_nagash|wh3_dlc29_nag_host_of_nagash_qb1,true,false,true,true,false,true,wh3_dlc29_lore_undeath,legendary_lords,wh3_dlc29_skill_node_set_nag_nagash,,1,general,false,false,,,,wh3_dlc29_skill_node_nag_nagash_battle_10,wh3_dlc29_skill_nag_lord_battle_ethereal_presence,Nightmare Incarnate,These hardened horrors move and strike like nightmares given flesh.,battle_damage.png,9,4,0,0,true,0,1,1,Nightmare Incarnate,These hardened horrors move and strike like nightmares given flesh.,,,,,,wh3_dlc29_effect_force_stat_speed_nag_beasts_monstrous_infantry_rank7,Speed: %+n% for all Beasts and Monstrous Infantry units {{tr:rank7}},,general_to_force_own,10,campaign,421,true,battle_movement.png,battle_movement.png,,,,,,,,,,,,,,,,,,,,,,,character_skill_level_to_effects_junctions_tables,wh3_dlc29_skill_nag_lord_battle_ethereal_presence|wh3_dlc29_effect_force_stat_speed_nag_beasts_monstrous_infantry_rank7|1|general_to_force_own
effect,warhammer_3,9.0,25507028,Undead Legions,undead_legions,wh3_dlc29_sc_nag_undead_legions,Nagash,Nagash,legendary_lord,wh3_dlc29_nag_nagash,general,general,wh3_dlc29_nag_host_of_nagash|wh3_dlc29_nag_host_of_nagash_qb1,true,false,true,true,false,true,wh3_dlc29_lore_undeath,legendary_lords,wh3_dlc29_skill_node_set_nag_nagash,,1,general,false,false,,,,wh3_dlc29_skill_node_nag_nagash_battle_10,wh3_dlc29_skill_nag_lord_battle_ethereal_presence,Nightmare Incarnate,These hardened horrors move and strike like nightmares given flesh.,battle_damage.png,9,4,0,0,true,0,1,1,Nightmare Incarnate,These hardened horrors move and strike like nightmares given flesh.,,,,,,wh3_dlc29_effect_force_stat_weapon_strength_nag_beasts_monstrous_infantry_rank7,Weapon strength: %+n% for all Beasts and Monstrous Infantry units {{tr:rank7}},,general_to_force_own,12,campaign,461,true,weapon_damage.png,weapon_damage.png,,,,,,,,,,,,,,,,,,,,,,,character_skill_level_to_effects_junctions_tables,wh3_dlc29_skill_nag_lord_battle_ethereal_presence|wh3_dlc29_effect_force_stat_weapon_strength_nag_beasts_monstrous_infantry_rank7|1|general_to_force_own
node,warhammer_3,9.0,25507028,Undead Legions,undead_legions,wh3_dlc29_sc_nag_undead_legions,Nagash,Nagash,legendary_lord,wh3_dlc29_nag_nagash,general,general,wh3_dlc29_nag_host_of_nagash|wh3_dlc29_nag_host_of_nagash_qb1,true,false,true,true,false,true,wh3_dlc29_lore_undeath,legendary_lords,wh3_dlc29_skill_node_set_nag_nagash,,1,general,false,false,,,,wh3_dlc29_skill_node_nag_nagash_campaign_10,wh3_dlc29_skill_nag_lord_campaign_enthralled,No Will But His,"A mighty will can raise the dead – yet even the paltry ones carry a force within that needs an even stronger will to control. In that, Nagash stands alone.",campaign_military_spending.png,9,5,0,0,true,0,3,,,,,,,,,,,,,,,,,,,,,,,,,,,,,,,,,,,,,,,,,character_skill_nodes_tables,wh3_dlc29_skill_node_nag_nagash_campaign_10
effect,warhammer_3,9.0,25507028,Undead Legions,undead_legions,wh3_dlc29_sc_nag_undead_legions,Nagash,Nagash,legendary_lord,wh3_dlc29_nag_nagash,general,general,wh3_dlc29_nag_host_of_nagash|wh3_dlc29_nag_host_of_nagash_qb1,true,false,true,true,false,true,wh3_dlc29_lore_undeath,legendary_lords,wh3_dlc29_skill_node_set_nag_nagash,,1,general,false,false,,,,wh3_dlc29_skill_node_nag_nagash_campaign_10,wh3_dlc29_skill_nag_lord_campaign_enthralled,No Will But His,"A mighty will can raise the dead – yet even the paltry ones carry a force within that needs an even stronger will to control. In that, Nagash stands alone.",campaign_military_spending.png,9,5,0,0,true,0,3,1,No Will But His,"A mighty will can raise the dead – yet even the paltry ones carry a force within that needs an even stronger will to control. In that, Nagash stands alone.",,,,,,wh_main_effect_force_all_campaign_upkeep,Upkeep: %+n%,,general_to_force_own,-3,campaign,70,false,military_spending.png,military_spending.png,,,,,,,,,,,,,,,,,,,,,,,character_skill_level_to_effects_junctions_tables,wh3_dlc29_skill_nag_lord_campaign_enthralled|wh_main_effect_force_all_campaign_upkeep|1|general_to_force_own
effect,warhammer_3,9.0,25507028,Undead Legions,undead_legions,wh3_dlc29_sc_nag_undead_legions,Nagash,Nagash,legendary_lord,wh3_dlc29_nag_nagash,general,general,wh3_dlc29_nag_host_of_nagash|wh3_dlc29_nag_host_of_nagash_qb1,true,false,true,true,false,true,wh3_dlc29_lore_undeath,legendary_lords,wh3_dlc29_skill_node_set_nag_nagash,,1,general,false,false,,,,wh3_dlc29_skill_node_nag_nagash_campaign_10,wh3_dlc29_skill_nag_lord_campaign_enthralled,No Will But His,"A mighty will can raise the dead – yet even the paltry ones carry a force within that needs an even stronger will to control. In that, Nagash stands alone.",campaign_military_spending.png,9,5,0,0,true,0,3,2,No Will But His,"A mighty will can raise the dead – yet even the paltry ones carry a force within that needs an even stronger will to control. In that, Nagash stands alone.",,,,,,wh_main_effect_force_all_campaign_upkeep,Upkeep: %+n%,,general_to_force_own,-6,campaign,70,false,military_spending.png,military_spending.png,,,,,,,,,,,,,,,,,,,,,,,character_skill_level_to_effects_junctions_tables,wh3_dlc29_skill_nag_lord_campaign_enthralled|wh_main_effect_force_all_campaign_upkeep|2|general_to_force_own
effect,warhammer_3,9.0,25507028,Undead Legions,undead_legions,wh3_dlc29_sc_nag_undead_legions,Nagash,Nagash,legendary_lord,wh3_dlc29_nag_nagash,general,general,wh3_dlc29_nag_host_of_nagash|wh3_dlc29_nag_host_of_nagash_qb1,true,false,true,true,false,true,wh3_dlc29_lore_undeath,legendary_lords,wh3_dlc29_skill_node_set_nag_nagash,,1,general,false,false,,,,wh3_dlc29_skill_node_nag_nagash_campaign_10,wh3_dlc29_skill_nag_lord_campaign_enthralled,No Will But His,"A mighty will can raise the dead – yet even the paltry ones carry a force within that needs an even stronger will to control. In that, Nagash stands alone.",campaign_military_spending.png,9,5,0,0,true,0,3,3,No Will But His,"A mighty will can raise the dead – yet even the paltry ones carry a force within that needs an even stronger will to control. In that, Nagash stands alone.",,,,,,wh_main_effect_force_all_campaign_upkeep,Upkeep: %+n%,,general_to_force_own,-10,campaign,70,false,military_spending.png,military_spending.png,,,,,,,,,,,,,,,,,,,,,,,character_skill_level_to_effects_junctions_tables,wh3_dlc29_skill_nag_lord_campaign_enthralled|wh_main_effect_force_all_campaign_upkeep|3|general_to_force_own
node,warhammer_3,9.0,25507028,Undead Legions,undead_legions,wh3_dlc29_sc_nag_undead_legions,Nagash,Nagash,legendary_lord,wh3_dlc29_nag_nagash,general,general,wh3_dlc29_nag_host_of_nagash|wh3_dlc29_nag_host_of_nagash_qb1,true,false,true,true,false,true,wh3_dlc29_lore_undeath,legendary_lords,wh3_dlc29_skill_node_set_nag_nagash,,1,general,false,false,,,,wh3_dlc29_skill_node_nag_nagash_magic1_11,wh2_dlc14_skilll_all_magic_all_greater_arcane_conduit,Greater Arcane Conduit,,wh_main_character_abilities_arcane_conduit.png,10,3,0,4,true,0,1,,,,,,,,,,,,,,,,,,,,,,,,,,,,,,,,,,,,,,,,,character_skill_nodes_tables,wh3_dlc29_skill_node_nag_nagash_magic1_11
effect,warhammer_3,9.0,25507028,Undead Legions,undead_legions,wh3_dlc29_sc_nag_undead_legions,Nagash,Nagash,legendary_lord,wh3_dlc29_nag_nagash,general,general,wh3_dlc29_nag_host_of_nagash|wh3_dlc29_nag_host_of_nagash_qb1,true,false,true,true,false,true,wh3_dlc29_lore_undeath,legendary_lords,wh3_dlc29_skill_node_set_nag_nagash,,1,general,false,false,,,,wh3_dlc29_skill_node_nag_nagash_magic1_11,wh2_dlc14_skilll_all_magic_all_greater_arcane_conduit,Greater Arcane Conduit,,wh_main_character_abilities_arcane_conduit.png,10,3,0,4,true,0,1,1,Greater Arcane Conduit,,,,,,,wh_dlc08_effect_ability_enable_greater_arcane_conduit,"Passive ability: ""Greater Arcane Conduit""",,character_to_character_own,1,battle,310,true,general_ability.png,general_ability.png,,,,,,,,,,,,,,,,,,,,,,,character_skill_level_to_effects_junctions_tables,wh2_dlc14_skilll_all_magic_all_greater_arcane_conduit|wh_dlc08_effect_ability_enable_greater_arcane_conduit|1|character_to_character_own
node,warhammer_3,9.0,25507028,Undead Legions,undead_legions,wh3_dlc29_sc_nag_undead_legions,Nagash,Nagash,legendary_lord,wh3_dlc29_nag_nagash,general,general,wh3_dlc29_nag_host_of_nagash|wh3_dlc29_nag_host_of_nagash_qb1,true,false,true,true,false,true,wh3_dlc29_lore_undeath,legendary_lords,wh3_dlc29_skill_node_set_nag_nagash,,1,general,false,false,,,,wh3_dlc29_skill_node_nag_nagash_battle_11,wh3_dlc29_skill_nag_lord_battle_knight_terrors,Waking Nightmares,"Beyond the veil of death is where all horrible dreams step forth for a night. The veil torn, the night made eternal, and Nagash holds the riders' reins.",battle_ward_save.png,10,4,0,0,true,0,1,,,,,,,,,,,,,,,,,,,,,,,,,,,,,,,,,,,,,,,,,character_skill_nodes_tables,wh3_dlc29_skill_node_nag_nagash_battle_11
effect,warhammer_3,9.0,25507028,Undead Legions,undead_legions,wh3_dlc29_sc_nag_undead_legions,Nagash,Nagash,legendary_lord,wh3_dlc29_nag_nagash,general,general,wh3_dlc29_nag_host_of_nagash|wh3_dlc29_nag_host_of_nagash_qb1,true,false,true,true,false,true,wh3_dlc29_lore_undeath,legendary_lords,wh3_dlc29_skill_node_set_nag_nagash,,1,general,false,false,,,,wh3_dlc29_skill_node_nag_nagash_battle_11,wh3_dlc29_skill_nag_lord_battle_knight_terrors,Waking Nightmares,"Beyond the veil of death is where all horrible dreams step forth for a night. The veil torn, the night made eternal, and Nagash holds the riders' reins.",battle_ward_save.png,10,4,0,0,true,0,1,1,Waking Nightmares,"Beyond the veil of death is where all horrible dreams step forth for a night. The veil torn, the night made eternal, and Nagash holds the riders' reins.",,,,,,wh3_dlc29_effect_force_stat_leadership_nag_melee_cavalry_chariots_rank7,"Leadership: %+n for all Melee cavalry, Melee Chariots and Magical Chariot units {{tr:rank7}}",,general_to_force_own,5,battle,411,true,morale.png,morale.png,,,,,,,,,,,,,,,,,,,,,,,character_skill_level_to_effects_junctions_tables,wh3_dlc29_skill_nag_lord_battle_knight_terrors|wh3_dlc29_effect_force_stat_leadership_nag_melee_cavalry_chariots_rank7|1|general_to_force_own
effect,warhammer_3,9.0,25507028,Undead Legions,undead_legions,wh3_dlc29_sc_nag_undead_legions,Nagash,Nagash,legendary_lord,wh3_dlc29_nag_nagash,general,general,wh3_dlc29_nag_host_of_nagash|wh3_dlc29_nag_host_of_nagash_qb1,true,false,true,true,false,true,wh3_dlc29_lore_undeath,legendary_lords,wh3_dlc29_skill_node_set_nag_nagash,,1,general,false,false,,,,wh3_dlc29_skill_node_nag_nagash_battle_11,wh3_dlc29_skill_nag_lord_battle_knight_terrors,Waking Nightmares,"Beyond the veil of death is where all horrible dreams step forth for a night. The veil torn, the night made eternal, and Nagash holds the riders' reins.",battle_ward_save.png,10,4,0,0,true,0,1,1,Waking Nightmares,"Beyond the veil of death is where all horrible dreams step forth for a night. The veil torn, the night made eternal, and Nagash holds the riders' reins.",,,,,,wh3_dlc29_effect_force_stat_melee_defence_nag_melee_cavalry_chariots_rank7,"Melee defence: %+n for all Melee cavalry, Melee Chariots and Magical Chariot units {{tr:rank7}}",,general_to_force_own,5,battle,451,true,defence.png,defence.png,,,,,,,,,,,,,,,,,,,,,,,character_skill_level_to_effects_junctions_tables,wh3_dlc29_skill_nag_lord_battle_knight_terrors|wh3_dlc29_effect_force_stat_melee_defence_nag_melee_cavalry_chariots_rank7|1|general_to_force_own
effect,warhammer_3,9.0,25507028,Undead Legions,undead_legions,wh3_dlc29_sc_nag_undead_legions,Nagash,Nagash,legendary_lord,wh3_dlc29_nag_nagash,general,general,wh3_dlc29_nag_host_of_nagash|wh3_dlc29_nag_host_of_nagash_qb1,true,false,true,true,false,true,wh3_dlc29_lore_undeath,legendary_lords,wh3_dlc29_skill_node_set_nag_nagash,,1,general,false,false,,,,wh3_dlc29_skill_node_nag_nagash_battle_11,wh3_dlc29_skill_nag_lord_battle_knight_terrors,Waking Nightmares,"Beyond the veil of death is where all horrible dreams step forth for a night. The veil torn, the night made eternal, and Nagash holds the riders' reins.",battle_ward_save.png,10,4,0,0,true,0,1,1,Waking Nightmares,"Beyond the veil of death is where all horrible dreams step forth for a night. The veil torn, the night made eternal, and Nagash holds the riders' reins.",,,,,,wh3_dlc29_effect_force_stat_ward_save_nag_melee_cavalry_chariots_rank7,"Ward save: %+n% for all Melee cavalry, Melee Chariots and Magical Chariot units {{tr:rank7}}",,general_to_force_own,8,battle,581,true,resistance_ward_save.png,resistance_ward_save.png,,,,,,,,,,,,,,,,,,,,,,,character_skill_level_to_effects_junctions_tables,wh3_dlc29_skill_nag_lord_battle_knight_terrors|wh3_dlc29_effect_force_stat_ward_save_nag_melee_cavalry_chariots_rank7|1|general_to_force_own
node,warhammer_3,9.0,25507028,Undead Legions,undead_legions,wh3_dlc29_sc_nag_undead_legions,Nagash,Nagash,legendary_lord,wh3_dlc29_nag_nagash,general,general,wh3_dlc29_nag_host_of_nagash|wh3_dlc29_nag_host_of_nagash_qb1,true,false,true,true,false,true,wh3_dlc29_lore_undeath,legendary_lords,wh3_dlc29_skill_node_set_nag_nagash,,1,general,false,false,,,,wh3_dlc29_skill_node_nag_nagash_campaign_11,wh3_dlc29_skill_nag_lord_campaign_undying_legions,Pinnacle of Servitude,"Some souls stamp their claim upon the mortal world anew as soon as they return to it. Yet Nagash is the first to have made such a claim, and will be the last.",campaign_experience.png,10,5,0,4,true,0,1,,,,,,,,,,,,,,,,,,,,,,,,,,,,,,,,,,,,,,,,,character_skill_nodes_tables,wh3_dlc29_skill_node_nag_nagash_campaign_11
effect,warhammer_3,9.0,25507028,Undead Legions,undead_legions,wh3_dlc29_sc_nag_undead_legions,Nagash,Nagash,legendary_lord,wh3_dlc29_nag_nagash,general,general,wh3_dlc29_nag_host_of_nagash|wh3_dlc29_nag_host_of_nagash_qb1,true,false,true,true,false,true,wh3_dlc29_lore_undeath,legendary_lords,wh3_dlc29_skill_node_set_nag_nagash,,1,general,false,false,,,,wh3_dlc29_skill_node_nag_nagash_campaign_11,wh3_dlc29_skill_nag_lord_campaign_undying_legions,Pinnacle of Servitude,"Some souls stamp their claim upon the mortal world anew as soon as they return to it. Yet Nagash is the first to have made such a claim, and will be the last.",campaign_experience.png,10,5,0,4,true,0,1,1,Pinnacle of Servitude,"Some souls stamp their claim upon the mortal world anew as soon as they return to it. Yet Nagash is the first to have made such a claim, and will be the last.",,,,,,wh_main_effect_agent_movement_range_mod,Campaign movement range: %+n%,{{tr:campaign_movement_range_additional_tooltip}},character_to_character_own,5,campaign,100,true,campaign_movement.png,campaign_movement.png,,,,,,,,,,,,,,,,,,,,,,,character_skill_level_to_effects_junctions_tables,wh3_dlc29_skill_nag_lord_campaign_undying_legions|wh_main_effect_agent_movement_range_mod|1|character_to_character_own
effect,warhammer_3,9.0,25507028,Undead Legions,undead_legions,wh3_dlc29_sc_nag_undead_legions,Nagash,Nagash,legendary_lord,wh3_dlc29_nag_nagash,general,general,wh3_dlc29_nag_host_of_nagash|wh3_dlc29_nag_host_of_nagash_qb1,true,false,true,true,false,true,wh3_dlc29_lore_undeath,legendary_lords,wh3_dlc29_skill_node_set_nag_nagash,,1,general,false,false,,,,wh3_dlc29_skill_node_nag_nagash_campaign_11,wh3_dlc29_skill_nag_lord_campaign_undying_legions,Pinnacle of Servitude,"Some souls stamp their claim upon the mortal world anew as soon as they return to it. Yet Nagash is the first to have made such a claim, and will be the last.",campaign_experience.png,10,5,0,4,true,0,1,1,Pinnacle of Servitude,"Some souls stamp their claim upon the mortal world anew as soon as they return to it. Yet Nagash is the first to have made such a claim, and will be the last.",,,,,,wh_main_effect_force_all_campaign_experience_base_all,Recruit rank: %+n for all units,,general_to_force_own,2,campaign,117,true,experience.png,experience.png,,,,,,,,,,,,,,,,,,,,,,,character_skill_level_to_effects_junctions_tables,wh3_dlc29_skill_nag_lord_campaign_undying_legions|wh_main_effect_force_all_campaign_experience_base_all|1|general_to_force_own
effect,warhammer_3,9.0,25507028,Undead Legions,undead_legions,wh3_dlc29_sc_nag_undead_legions,Nagash,Nagash,legendary_lord,wh3_dlc29_nag_nagash,general,general,wh3_dlc29_nag_host_of_nagash|wh3_dlc29_nag_host_of_nagash_qb1,true,false,true,true,false,true,wh3_dlc29_lore_undeath,legendary_lords,wh3_dlc29_skill_node_set_nag_nagash,,1,general,false,false,,,,wh3_dlc29_skill_node_nag_nagash_campaign_11,wh3_dlc29_skill_nag_lord_campaign_undying_legions,Pinnacle of Servitude,"Some souls stamp their claim upon the mortal world anew as soon as they return to it. Yet Nagash is the first to have made such a claim, and will be the last.",campaign_experience.png,10,5,0,4,true,0,1,1,Pinnacle of Servitude,"Some souls stamp their claim upon the mortal world anew as soon as they return to it. Yet Nagash is the first to have made such a claim, and will be the last.",,,,,,wh_main_effect_force_all_campaign_upkeep,Upkeep: %+n%,,general_to_force_own,-5,campaign,70,false,military_spending.png,military_spending.png,,,,,,,,,,,,,,,,,,,,,,,character_skill_level_to_effects_junctions_tables,wh3_dlc29_skill_nag_lord_campaign_undying_legions|wh_main_effect_force_all_campaign_upkeep|1|general_to_force_own
effect,warhammer_3,9.0,25507028,Undead Legions,undead_legions,wh3_dlc29_sc_nag_undead_legions,Nagash,Nagash,legendary_lord,wh3_dlc29_nag_nagash,general,general,wh3_dlc29_nag_host_of_nagash|wh3_dlc29_nag_host_of_nagash_qb1,true,false,true,true,false,true,wh3_dlc29_lore_undeath,legendary_lords,wh3_dlc29_skill_node_set_nag_nagash,,1,general,false,false,,,,wh3_dlc29_skill_node_nag_nagash_campaign_11,wh3_dlc29_skill_nag_lord_campaign_undying_legions,Pinnacle of Servitude,"Some souls stamp their claim upon the mortal world anew as soon as they return to it. Yet Nagash is the first to have made such a claim, and will be the last.",campaign_experience.png,10,5,0,4,true,0,1,1,Pinnacle of Servitude,"Some souls stamp their claim upon the mortal world anew as soon as they return to it. Yet Nagash is the first to have made such a claim, and will be the last.",,,,,,wh3_dlc29_effect_gravecall_recruitment_cost_mod,Grave Call cost: %+n%,,character_to_character_own_armytext,-10,campaign,7,false,icon_necromantic_power.png,icon_necromantic_power.png,,,,,,,,,,,,,,,,,,,,,,,character_skill_level_to_effects_junctions_tables,wh3_dlc29_skill_nag_lord_campaign_undying_legions|wh3_dlc29_effect_gravecall_recruitment_cost_mod|1|character_to_character_own_armytext
node,warhammer_3,9.0,25507028,Undead Legions,undead_legions,wh3_dlc29_sc_nag_undead_legions,Nagash,Nagash,legendary_lord,wh3_dlc29_nag_nagash,general,general,wh3_dlc29_nag_host_of_nagash|wh3_dlc29_nag_host_of_nagash_qb1,true,false,true,true,false,true,wh3_dlc29_lore_undeath,legendary_lords,wh3_dlc29_skill_node_set_nag_nagash,,1,general,false,false,,,,wh3_dlc29_skill_node_nag_nagash_magic1_dummy,wh3_dlc29_skill_undeath_magic_lord_dummy,{{tr:unit_abilities_onscreen_name_wh3_dlc29_spell_undeath_morkharn_breath_of_darkness}} and {{tr:unit_abilities_onscreen_name_wh3_dlc29_spell_undeath_sulekhim_hand_of_dust}},,battle_attack.png,11,3,1,0,false,0,1,,,,,,,,,,,,,,,,,,,,,,,,,,,,,,,,,,,,,,,,,character_skill_nodes_tables,wh3_dlc29_skill_node_nag_nagash_magic1_dummy
effect,warhammer_3,9.0,25507028,Undead Legions,undead_legions,wh3_dlc29_sc_nag_undead_legions,Nagash,Nagash,legendary_lord,wh3_dlc29_nag_nagash,general,general,wh3_dlc29_nag_host_of_nagash|wh3_dlc29_nag_host_of_nagash_qb1,true,false,true,true,false,true,wh3_dlc29_lore_undeath,legendary_lords,wh3_dlc29_skill_node_set_nag_nagash,,1,general,false,false,,,,wh3_dlc29_skill_node_nag_nagash_magic1_dummy,wh3_dlc29_skill_undeath_magic_lord_dummy,{{tr:unit_abilities_onscreen_name_wh3_dlc29_spell_undeath_morkharn_breath_of_darkness}} and {{tr:unit_abilities_onscreen_name_wh3_dlc29_spell_undeath_sulekhim_hand_of_dust}},,battle_attack.png,11,3,1,0,false,0,1,1,{{tr:unit_abilities_onscreen_name_wh3_dlc29_spell_undeath_morkharn_breath_of_darkness}} and {{tr:unit_abilities_onscreen_name_wh3_dlc29_spell_undeath_sulekhim_hand_of_dust}},,,,,,,wh3_dlc29_effect_ability_enable_morkharn_breath_of_darkness,"Spell: ""{{tr:unit_abilities_onscreen_name_wh3_dlc29_spell_undeath_morkharn_breath_of_darkness}}""",,character_to_character_own,1,battle,290,true,magic_character.png,magic_character.png,,,,,,,,,,,,,,,,,,,,,,,character_skill_level_to_effects_junctions_tables,wh3_dlc29_skill_undeath_magic_lord_dummy|wh3_dlc29_effect_ability_enable_morkharn_breath_of_darkness|1|character_to_character_own
effect,warhammer_3,9.0,25507028,Undead Legions,undead_legions,wh3_dlc29_sc_nag_undead_legions,Nagash,Nagash,legendary_lord,wh3_dlc29_nag_nagash,general,general,wh3_dlc29_nag_host_of_nagash|wh3_dlc29_nag_host_of_nagash_qb1,true,false,true,true,false,true,wh3_dlc29_lore_undeath,legendary_lords,wh3_dlc29_skill_node_set_nag_nagash,,1,general,false,false,,,,wh3_dlc29_skill_node_nag_nagash_magic1_dummy,wh3_dlc29_skill_undeath_magic_lord_dummy,{{tr:unit_abilities_onscreen_name_wh3_dlc29_spell_undeath_morkharn_breath_of_darkness}} and {{tr:unit_abilities_onscreen_name_wh3_dlc29_spell_undeath_sulekhim_hand_of_dust}},,battle_attack.png,11,3,1,0,false,0,1,1,{{tr:unit_abilities_onscreen_name_wh3_dlc29_spell_undeath_morkharn_breath_of_darkness}} and {{tr:unit_abilities_onscreen_name_wh3_dlc29_spell_undeath_sulekhim_hand_of_dust}},,,,,,,wh3_dlc29_effect_ability_enable_sulekhim_hand_of_dust,"Spell: ""{{tr:unit_abilities_onscreen_name_wh3_dlc29_spell_undeath_sulekhim_hand_of_dust}}""",,character_to_character_own,1,battle,290,true,magic_character.png,magic_character.png,,,,,,,,,,,,,,,,,,,,,,,character_skill_level_to_effects_junctions_tables,wh3_dlc29_skill_undeath_magic_lord_dummy|wh3_dlc29_effect_ability_enable_sulekhim_hand_of_dust|1|character_to_character_own
node,warhammer_3,9.0,25507028,Undead Legions,undead_legions,wh3_dlc29_sc_nag_undead_legions,Nagash,Nagash,legendary_lord,wh3_dlc29_nag_nagash,general,general,wh3_dlc29_nag_host_of_nagash|wh3_dlc29_nag_host_of_nagash_qb1,true,false,true,true,false,true,wh3_dlc29_lore_undeath,legendary_lords,wh3_dlc29_skill_node_set_nag_nagash,,1,general,false,false,,,,wh3_dlc29_skill_node_nag_nagash_battle_12,wh3_dlc29_skill_nag_lord_battle_monstrous_horrors,Dread Behemoths,Towering horrors crash into the living with unstoppable force.,battle_charge.png,11,4,0,0,true,0,1,,,,,,,,,,,,,,,,,,,,,,,,,,,,,,,,,,,,,,,,,character_skill_nodes_tables,wh3_dlc29_skill_node_nag_nagash_battle_12
effect,warhammer_3,9.0,25507028,Undead Legions,undead_legions,wh3_dlc29_sc_nag_undead_legions,Nagash,Nagash,legendary_lord,wh3_dlc29_nag_nagash,general,general,wh3_dlc29_nag_host_of_nagash|wh3_dlc29_nag_host_of_nagash_qb1,true,false,true,true,false,true,wh3_dlc29_lore_undeath,legendary_lords,wh3_dlc29_skill_node_set_nag_nagash,,1,general,false,false,,,,wh3_dlc29_skill_node_nag_nagash_battle_12,wh3_dlc29_skill_nag_lord_battle_monstrous_horrors,Dread Behemoths,Towering horrors crash into the living with unstoppable force.,battle_charge.png,11,4,0,0,true,0,1,1,Dread Behemoths,Towering horrors crash into the living with unstoppable force.,,,,,,wh3_dlc29_effect_force_stat_charge_bonus_add_nag_melee_monsters_rank7,Charge bonus: %+n for all Melee Monster units {{tr:rank7}},,general_to_force_own,12,battle,501,true,charge.png,charge.png,,,,,,,,,,,,,,,,,,,,,,,character_skill_level_to_effects_junctions_tables,wh3_dlc29_skill_nag_lord_battle_monstrous_horrors|wh3_dlc29_effect_force_stat_charge_bonus_add_nag_melee_monsters_rank7|1|general_to_force_own
effect,warhammer_3,9.0,25507028,Undead Legions,undead_legions,wh3_dlc29_sc_nag_undead_legions,Nagash,Nagash,legendary_lord,wh3_dlc29_nag_nagash,general,general,wh3_dlc29_nag_host_of_nagash|wh3_dlc29_nag_host_of_nagash_qb1,true,false,true,true,false,true,wh3_dlc29_lore_undeath,legendary_lords,wh3_dlc29_skill_node_set_nag_nagash,,1,general,false,false,,,,wh3_dlc29_skill_node_nag_nagash_battle_12,wh3_dlc29_skill_nag_lord_battle_monstrous_horrors,Dread Behemoths,Towering horrors crash into the living with unstoppable force.,battle_charge.png,11,4,0,0,true,0,1,1,Dread Behemoths,Towering horrors crash into the living with unstoppable force.,,,,,,wh3_dlc29_effect_force_stat_missile_resistance_nag_melee_monsters_rank7,Missile resistance: %n% for all Melee Monster units {{tr:rank7}},,general_to_force_own,15,battle,582,true,resistance_missile.png,resistance_missile.png,,,,,,,,,,,,,,,,,,,,,,,character_skill_level_to_effects_junctions_tables,wh3_dlc29_skill_nag_lord_battle_monstrous_horrors|wh3_dlc29_effect_force_stat_missile_resistance_nag_melee_monsters_rank7|1|general_to_force_own
effect,warhammer_3,9.0,25507028,Undead Legions,undead_legions,wh3_dlc29_sc_nag_undead_legions,Nagash,Nagash,legendary_lord,wh3_dlc29_nag_nagash,general,general,wh3_dlc29_nag_host_of_nagash|wh3_dlc29_nag_host_of_nagash_qb1,true,false,true,true,false,true,wh3_dlc29_lore_undeath,legendary_lords,wh3_dlc29_skill_node_set_nag_nagash,,1,general,false,false,,,,wh3_dlc29_skill_node_nag_nagash_battle_12,wh3_dlc29_skill_nag_lord_battle_monstrous_horrors,Dread Behemoths,Towering horrors crash into the living with unstoppable force.,battle_charge.png,11,4,0,0,true,0,1,1,Dread Behemoths,Towering horrors crash into the living with unstoppable force.,,,,,,wh3_dlc29_effect_force_stat_speed_nag_melee_monsters_rank7,Speed: %+n% for all Melee Monster units {{tr:rank7}},,general_to_force_own,10,battle,421,true,battle_movement.png,battle_movement.png,,,,,,,,,,,,,,,,,,,,,,,character_skill_level_to_effects_junctions_tables,wh3_dlc29_skill_nag_lord_battle_monstrous_horrors|wh3_dlc29_effect_force_stat_speed_nag_melee_monsters_rank7|1|general_to_force_own
node,warhammer_3,9.0,25507028,Undead Legions,undead_legions,wh3_dlc29_sc_nag_undead_legions,Nagash,Nagash,legendary_lord,wh3_dlc29_nag_nagash,general,general,wh3_dlc29_nag_host_of_nagash|wh3_dlc29_nag_host_of_nagash_qb1,true,false,true,true,false,true,wh3_dlc29_lore_undeath,legendary_lords,wh3_dlc29_skill_node_set_nag_nagash,,1,general,false,false,,,,wh3_dlc29_skill_node_nag_nagash_battle_13,wh2_dlc09_skill_tmb_lord_rally_upgraded,Resurrect,"Dark litanies are uttered to restore the Tomb Kings' slain soldiers to a twisted, chattering imitation of life.",wh2_dlc09_reanimate_upgraded.png,12,4,0,1,true,0,1,,,,,,,,,,,,,,,,,,,,,,,,,,,,,,,,,,,,,,,,,character_skill_nodes_tables,wh3_dlc29_skill_node_nag_nagash_battle_13
effect,warhammer_3,9.0,25507028,Undead Legions,undead_legions,wh3_dlc29_sc_nag_undead_legions,Nagash,Nagash,legendary_lord,wh3_dlc29_nag_nagash,general,general,wh3_dlc29_nag_host_of_nagash|wh3_dlc29_nag_host_of_nagash_qb1,true,false,true,true,false,true,wh3_dlc29_lore_undeath,legendary_lords,wh3_dlc29_skill_node_set_nag_nagash,,1,general,false,false,,,,wh3_dlc29_skill_node_nag_nagash_battle_13,wh2_dlc09_skill_tmb_lord_rally_upgraded,Resurrect,"Dark litanies are uttered to restore the Tomb Kings' slain soldiers to a twisted, chattering imitation of life.",wh2_dlc09_reanimate_upgraded.png,12,4,0,1,true,0,1,1,Resurrect,"Dark litanies are uttered to restore the Tomb Kings' slain soldiers to a twisted, chattering imitation of life.",,,,,,wh2_dlc09_effect_ability_disable_reanimate,"Replaces: ""Reanimate""",,character_to_character_own,1,both,305,true,general_ability.png,general_ability.png,,,,,,,,,,,,,,,,,,,,,,,character_skill_level_to_effects_junctions_tables,wh2_dlc09_skill_tmb_lord_rally_upgraded|wh2_dlc09_effect_ability_disable_reanimate|1|character_to_character_own
effect,warhammer_3,9.0,25507028,Undead Legions,undead_legions,wh3_dlc29_sc_nag_undead_legions,Nagash,Nagash,legendary_lord,wh3_dlc29_nag_nagash,general,general,wh3_dlc29_nag_host_of_nagash|wh3_dlc29_nag_host_of_nagash_qb1,true,false,true,true,false,true,wh3_dlc29_lore_undeath,legendary_lords,wh3_dlc29_skill_node_set_nag_nagash,,1,general,false,false,,,,wh3_dlc29_skill_node_nag_nagash_battle_13,wh2_dlc09_skill_tmb_lord_rally_upgraded,Resurrect,"Dark litanies are uttered to restore the Tomb Kings' slain soldiers to a twisted, chattering imitation of life.",wh2_dlc09_reanimate_upgraded.png,12,4,0,1,true,0,1,1,Resurrect,"Dark litanies are uttered to restore the Tomb Kings' slain soldiers to a twisted, chattering imitation of life.",,,,,,wh2_dlc09_effect_ability_enable_reanimate_upgraded,"Ability: ""Reanimate Upgraded""",,character_to_character_own,1,battle,300,true,general_ability.png,general_ability.png,,,,,,,,,,,,,,,,,,,,,,,character_skill_level_to_effects_junctions_tables,wh2_dlc09_skill_tmb_lord_rally_upgraded|wh2_dlc09_effect_ability_enable_reanimate_upgraded|1|character_to_character_own
node,warhammer_3,9.0,25507028,Undead Legions,undead_legions,wh3_dlc29_sc_nag_undead_legions,Nagash,Nagash,legendary_lord,wh3_dlc29_nag_nagash,general,general,wh3_dlc29_nag_host_of_nagash|wh3_dlc29_nag_host_of_nagash_qb1,true,false,true,true,false,true,wh3_dlc29_lore_undeath,legendary_lords,wh3_dlc29_skill_node_set_nag_nagash,,1,general,false,false,,,,wh3_main_skill_node_all_army_of_renown_legendary_lord,wh3_main_skill_all_army_of_renown_legendary_lord,Army of Renown,"If their renown does them justice, they will be fit to serve one whose fame they will never outstrip.",character_unit_capacity.png,28,0,0,0,true,0,3,,,,,,,,,,,,,,,,,,,,,,,,,,,,,,,,,,,,,,,,,character_skill_nodes_tables,wh3_main_skill_node_all_army_of_renown_legendary_lord
skill_level,warhammer_3,9.0,25507028,Undead Legions,undead_legions,wh3_dlc29_sc_nag_undead_legions,Nagash,Nagash,legendary_lord,wh3_dlc29_nag_nagash,general,general,wh3_dlc29_nag_host_of_nagash|wh3_dlc29_nag_host_of_nagash_qb1,true,false,true,true,false,true,wh3_dlc29_lore_undeath,legendary_lords,wh3_dlc29_skill_node_set_nag_nagash,,1,general,false,false,,,,wh3_main_skill_node_all_army_of_renown_legendary_lord,wh3_main_skill_all_army_of_renown_legendary_lord,Army of Renown,"If their renown does them justice, they will be fit to serve one whose fame they will never outstrip.",character_unit_capacity.png,28,0,0,0,true,0,3,1,Army of Renown,"If their renown does them justice, they will be fit to serve one whose fame they will never outstrip.",9,x,,,,,,,,,,,,,,,,,,,,,,,,,,,,,,,,,,,,character_skill_level_details_tables,wh3_main_skill_all_army_of_renown_legendary_lord|1|||
skill_level,warhammer_3,9.0,25507028,Undead Legions,undead_legions,wh3_dlc29_sc_nag_undead_legions,Nagash,Nagash,legendary_lord,wh3_dlc29_nag_nagash,general,general,wh3_dlc29_nag_host_of_nagash|wh3_dlc29_nag_host_of_nagash_qb1,true,false,true,true,false,true,wh3_dlc29_lore_undeath,legendary_lords,wh3_dlc29_skill_node_set_nag_nagash,,1,general,false,false,,,,wh3_main_skill_node_all_army_of_renown_legendary_lord,wh3_main_skill_all_army_of_renown_legendary_lord,Army of Renown,"If their renown does them justice, they will be fit to serve one whose fame they will never outstrip.",character_unit_capacity.png,28,0,0,0,true,0,3,2,Army of Renown,"If their renown does them justice, they will be fit to serve one whose fame they will never outstrip.",19,x,,,,,,,,,,,,,,,,,,,,,,,,,,,,,,,,,,,,character_skill_level_details_tables,wh3_main_skill_all_army_of_renown_legendary_lord|2|||
skill_level,warhammer_3,9.0,25507028,Undead Legions,undead_legions,wh3_dlc29_sc_nag_undead_legions,Nagash,Nagash,legendary_lord,wh3_dlc29_nag_nagash,general,general,wh3_dlc29_nag_host_of_nagash|wh3_dlc29_nag_host_of_nagash_qb1,true,false,true,true,false,true,wh3_dlc29_lore_undeath,legendary_lords,wh3_dlc29_skill_node_set_nag_nagash,,1,general,false,false,,,,wh3_main_skill_node_all_army_of_renown_legendary_lord,wh3_main_skill_all_army_of_renown_legendary_lord,Army of Renown,"If their renown does them justice, they will be fit to serve one whose fame they will never outstrip.",character_unit_capacity.png,28,0,0,0,true,0,3,3,Army of Renown,"If their renown does them justice, they will be fit to serve one whose fame they will never outstrip.",29,x,,,,,,,,,,,,,,,,,,,,,,,,,,,,,,,,,,,,character_skill_level_details_tables,wh3_main_skill_all_army_of_renown_legendary_lord|3|||
effect,warhammer_3,9.0,25507028,Undead Legions,undead_legions,wh3_dlc29_sc_nag_undead_legions,Nagash,Nagash,legendary_lord,wh3_dlc29_nag_nagash,general,general,wh3_dlc29_nag_host_of_nagash|wh3_dlc29_nag_host_of_nagash_qb1,true,false,true,true,false,true,wh3_dlc29_lore_undeath,legendary_lords,wh3_dlc29_skill_node_set_nag_nagash,,1,general,false,false,,,,wh3_main_skill_node_all_army_of_renown_legendary_lord,wh3_main_skill_all_army_of_renown_legendary_lord,Army of Renown,"If their renown does them justice, they will be fit to serve one whose fame they will never outstrip.",character_unit_capacity.png,28,0,0,0,true,0,3,1,Army of Renown,"If their renown does them justice, they will be fit to serve one whose fame they will never outstrip.",,,,,,wh3_main_effect_recruitment_cap_ror_units,Regiments of Renown army capacity: %+n,,character_to_force_own_alt_text,2,campaign,1,true,unit_capacity.png,unit_capacity.png,,,,,,,,,,,,,,,,,,,,,,,character_skill_level_to_effects_junctions_tables,wh3_main_skill_all_army_of_renown_legendary_lord|wh3_main_effect_recruitment_cap_ror_units|1|character_to_force_own_alt_text
effect,warhammer_3,9.0,25507028,Undead Legions,undead_legions,wh3_dlc29_sc_nag_undead_legions,Nagash,Nagash,legendary_lord,wh3_dlc29_nag_nagash,general,general,wh3_dlc29_nag_host_of_nagash|wh3_dlc29_nag_host_of_nagash_qb1,true,false,true,true,false,true,wh3_dlc29_lore_undeath,legendary_lords,wh3_dlc29_skill_node_set_nag_nagash,,1,general,false,false,,,,wh3_main_skill_node_all_army_of_renown_legendary_lord,wh3_main_skill_all_army_of_renown_legendary_lord,Army of Renown,"If their renown does them justice, they will be fit to serve one whose fame they will never outstrip.",character_unit_capacity.png,28,0,0,0,true,0,3,2,Army of Renown,"If their renown does them justice, they will be fit to serve one whose fame they will never outstrip.",,,,,,wh3_main_effect_recruitment_cap_ror_units,Regiments of Renown army capacity: %+n,,character_to_force_own_alt_text,4,campaign,1,true,unit_capacity.png,unit_capacity.png,,,,,,,,,,,,,,,,,,,,,,,character_skill_level_to_effects_junctions_tables,wh3_main_skill_all_army_of_renown_legendary_lord|wh3_main_effect_recruitment_cap_ror_units|2|character_to_force_own_alt_text
effect,warhammer_3,9.0,25507028,Undead Legions,undead_legions,wh3_dlc29_sc_nag_undead_legions,Nagash,Nagash,legendary_lord,wh3_dlc29_nag_nagash,general,general,wh3_dlc29_nag_host_of_nagash|wh3_dlc29_nag_host_of_nagash_qb1,true,false,true,true,false,true,wh3_dlc29_lore_undeath,legendary_lords,wh3_dlc29_skill_node_set_nag_nagash,,1,general,false,false,,,,wh3_main_skill_node_all_army_of_renown_legendary_lord,wh3_main_skill_all_army_of_renown_legendary_lord,Army of Renown,"If their renown does them justice, they will be fit to serve one whose fame they will never outstrip.",character_unit_capacity.png,28,0,0,0,true,0,3,3,Army of Renown,"If their renown does them justice, they will be fit to serve one whose fame they will never outstrip.",,,,,,wh3_main_effect_recruitment_cap_ror_units,Regiments of Renown army capacity: %+n,,character_to_force_own_alt_text,6,campaign,1,true,unit_capacity.png,unit_capacity.png,,,,,,,,,,,,,,,,,,,,,,,character_skill_level_to_effects_junctions_tables,wh3_main_skill_all_army_of_renown_legendary_lord|wh3_main_effect_recruitment_cap_ror_units|3|character_to_force_own_alt_text
prerequisite,warhammer_3,9.0,25507028,Undead Legions,undead_legions,wh3_dlc29_sc_nag_undead_legions,Nagash,Nagash,legendary_lord,wh3_dlc29_nag_nagash,general,general,wh3_dlc29_nag_host_of_nagash|wh3_dlc29_nag_host_of_nagash_qb1,true,false,true,true,false,true,wh3_dlc29_lore_undeath,legendary_lords,wh3_dlc29_skill_node_set_nag_nagash,,1,general,false,false,,,,wh3_dlc29_skill_nag_nagash_personal_1,wh2_dlc11_skill_all_lord_self_blade_master,{{tr:character_skills_localised_name_wh_main_skill_all_all_self_blade_master}},,,,,,,,,,,,,,,,,,,,,,,,,,,,wh3_dlc29_skill_nag_nagash_personal_0,wh3_dlc29_skill_nag_self_survivalist,{{tr:character_skills_localised_name_wh_main_skill_all_spy_self_survivalist_2}},wh3_dlc29_skill_nag_nagash_personal_1,wh2_dlc11_skill_all_lord_self_blade_master,{{tr:character_skills_localised_name_wh_main_skill_all_all_self_blade_master}},REQUIRED,0,1,1,0,0,,,,,,,,,,,character_skill_node_links_tables,wh3_dlc29_skill_nag_nagash_personal_0|wh3_dlc29_skill_nag_nagash_personal_1|REQUIRED
prerequisite,warhammer_3,9.0,25507028,Undead Legions,undead_legions,wh3_dlc29_sc_nag_undead_legions,Nagash,Nagash,legendary_lord,wh3_dlc29_nag_nagash,general,general,wh3_dlc29_nag_host_of_nagash|wh3_dlc29_nag_host_of_nagash_qb1,true,false,true,true,false,true,wh3_dlc29_lore_undeath,legendary_lords,wh3_dlc29_skill_node_set_nag_nagash,,1,general,false,false,,,,wh3_dlc29_skill_nag_nagash_personal_2,wh2_dlc11_skill_all_lord_self_wound-maker,{{tr:character_skills_localised_name_wh_main_skill_all_all_self_wound-maker}},,,,,,,,,,,,,,,,,,,,,,,,,,,,wh3_dlc29_skill_nag_nagash_personal_0,wh3_dlc29_skill_nag_self_survivalist,{{tr:character_skills_localised_name_wh_main_skill_all_spy_self_survivalist_2}},wh3_dlc29_skill_nag_nagash_personal_2,wh2_dlc11_skill_all_lord_self_wound-maker,{{tr:character_skills_localised_name_wh_main_skill_all_all_self_wound-maker}},REQUIRED,0,1,1,0,0,,,,,,,,,,,character_skill_node_links_tables,wh3_dlc29_skill_nag_nagash_personal_0|wh3_dlc29_skill_nag_nagash_personal_2|REQUIRED
prerequisite,warhammer_3,9.0,25507028,Undead Legions,undead_legions,wh3_dlc29_sc_nag_undead_legions,Nagash,Nagash,legendary_lord,wh3_dlc29_nag_nagash,general,general,wh3_dlc29_nag_host_of_nagash|wh3_dlc29_nag_host_of_nagash_qb1,true,false,true,true,false,true,wh3_dlc29_lore_undeath,legendary_lords,wh3_dlc29_skill_node_set_nag_nagash,,1,general,false,false,,,,wh3_dlc29_skill_nag_nagash_personal_3,wh2_dlc11_skill_all_lord_self_blade_shield,Blade Shield,,,,,,,,,,,,,,,,,,,,,,,,,,,,wh3_dlc29_skill_nag_nagash_personal_0,wh3_dlc29_skill_nag_self_survivalist,{{tr:character_skills_localised_name_wh_main_skill_all_spy_self_survivalist_2}},wh3_dlc29_skill_nag_nagash_personal_3,wh2_dlc11_skill_all_lord_self_blade_shield,Blade Shield,REQUIRED,0,1,1,0,0,,,,,,,,,,,character_skill_node_links_tables,wh3_dlc29_skill_nag_nagash_personal_0|wh3_dlc29_skill_nag_nagash_personal_3|REQUIRED
prerequisite,warhammer_3,9.0,25507028,Undead Legions,undead_legions,wh3_dlc29_sc_nag_undead_legions,Nagash,Nagash,legendary_lord,wh3_dlc29_nag_nagash,general,general,wh3_dlc29_nag_host_of_nagash|wh3_dlc29_nag_host_of_nagash_qb1,true,false,true,true,false,true,wh3_dlc29_lore_undeath,legendary_lords,wh3_dlc29_skill_node_set_nag_nagash,,1,general,false,false,,,,wh3_dlc29_skill_nag_nagash_personal_4,wh2_dlc11_skill_all_lord_self_full_plate_armour,Full Plate Armour,,,,,,,,,,,,,,,,,,,,,,,,,,,,wh3_dlc29_skill_nag_nagash_personal_0,wh3_dlc29_skill_nag_self_survivalist,{{tr:character_skills_localised_name_wh_main_skill_all_spy_self_survivalist_2}},wh3_dlc29_skill_nag_nagash_personal_4,wh2_dlc11_skill_all_lord_self_full_plate_armour,Full Plate Armour,REQUIRED,0,1,1,0,0,,,,,,,,,,,character_skill_node_links_tables,wh3_dlc29_skill_nag_nagash_personal_0|wh3_dlc29_skill_nag_nagash_personal_4|REQUIRED
prerequisite,warhammer_3,9.0,25507028,Undead Legions,undead_legions,wh3_dlc29_sc_nag_undead_legions,Nagash,Nagash,legendary_lord,wh3_dlc29_nag_nagash,general,general,wh3_dlc29_nag_host_of_nagash|wh3_dlc29_nag_host_of_nagash_qb1,true,false,true,true,false,true,wh3_dlc29_lore_undeath,legendary_lords,wh3_dlc29_skill_node_set_nag_nagash,,1,general,false,false,,,,wh3_dlc29_skill_nag_nagash_personal_5,wh3_dlc29_skill_nag_nagash_unbreakable,Predestined,,,,,,,,,,,,,,,,,,,,,,,,,,,,wh3_dlc29_skill_nag_nagash_personal_1,wh2_dlc11_skill_all_lord_self_blade_master,{{tr:character_skills_localised_name_wh_main_skill_all_all_self_blade_master}},wh3_dlc29_skill_nag_nagash_personal_5,wh3_dlc29_skill_nag_nagash_unbreakable,Predestined,SUBSET_REQUIRED,0,1,1,0,0,,,,,,,,,,,character_skill_node_links_tables,wh3_dlc29_skill_nag_nagash_personal_1|wh3_dlc29_skill_nag_nagash_personal_5|SUBSET_REQUIRED
prerequisite,warhammer_3,9.0,25507028,Undead Legions,undead_legions,wh3_dlc29_sc_nag_undead_legions,Nagash,Nagash,legendary_lord,wh3_dlc29_nag_nagash,general,general,wh3_dlc29_nag_host_of_nagash|wh3_dlc29_nag_host_of_nagash_qb1,true,false,true,true,false,true,wh3_dlc29_lore_undeath,legendary_lords,wh3_dlc29_skill_node_set_nag_nagash,,1,general,false,false,,,,wh3_dlc29_skill_nag_nagash_personal_5,wh3_dlc29_skill_nag_nagash_unbreakable,Predestined,,,,,,,,,,,,,,,,,,,,,,,,,,,,wh3_dlc29_skill_nag_nagash_personal_2,wh2_dlc11_skill_all_lord_self_wound-maker,{{tr:character_skills_localised_name_wh_main_skill_all_all_self_wound-maker}},wh3_dlc29_skill_nag_nagash_personal_5,wh3_dlc29_skill_nag_nagash_unbreakable,Predestined,SUBSET_REQUIRED,0,1,1,0,0,,,,,,,,,,,character_skill_node_links_tables,wh3_dlc29_skill_nag_nagash_personal_2|wh3_dlc29_skill_nag_nagash_personal_5|SUBSET_REQUIRED
prerequisite,warhammer_3,9.0,25507028,Undead Legions,undead_legions,wh3_dlc29_sc_nag_undead_legions,Nagash,Nagash,legendary_lord,wh3_dlc29_nag_nagash,general,general,wh3_dlc29_nag_host_of_nagash|wh3_dlc29_nag_host_of_nagash_qb1,true,false,true,true,false,true,wh3_dlc29_lore_undeath,legendary_lords,wh3_dlc29_skill_node_set_nag_nagash,,1,general,false,false,,,,wh3_dlc29_skill_nag_nagash_personal_5,wh3_dlc29_skill_nag_nagash_unbreakable,Predestined,,,,,,,,,,,,,,,,,,,,,,,,,,,,wh3_dlc29_skill_nag_nagash_personal_3,wh2_dlc11_skill_all_lord_self_blade_shield,Blade Shield,wh3_dlc29_skill_nag_nagash_personal_5,wh3_dlc29_skill_nag_nagash_unbreakable,Predestined,SUBSET_REQUIRED,0,1,1,0,0,,,,,,,,,,,character_skill_node_links_tables,wh3_dlc29_skill_nag_nagash_personal_3|wh3_dlc29_skill_nag_nagash_personal_5|SUBSET_REQUIRED
prerequisite,warhammer_3,9.0,25507028,Undead Legions,undead_legions,wh3_dlc29_sc_nag_undead_legions,Nagash,Nagash,legendary_lord,wh3_dlc29_nag_nagash,general,general,wh3_dlc29_nag_host_of_nagash|wh3_dlc29_nag_host_of_nagash_qb1,true,false,true,true,false,true,wh3_dlc29_lore_undeath,legendary_lords,wh3_dlc29_skill_node_set_nag_nagash,,1,general,false,false,,,,wh3_dlc29_skill_nag_nagash_personal_5,wh3_dlc29_skill_nag_nagash_unbreakable,Predestined,,,,,,,,,,,,,,,,,,,,,,,,,,,,wh3_dlc29_skill_nag_nagash_personal_4,wh2_dlc11_skill_all_lord_self_full_plate_armour,Full Plate Armour,wh3_dlc29_skill_nag_nagash_personal_5,wh3_dlc29_skill_nag_nagash_unbreakable,Predestined,SUBSET_REQUIRED,0,1,1,0,0,,,,,,,,,,,character_skill_node_links_tables,wh3_dlc29_skill_nag_nagash_personal_4|wh3_dlc29_skill_nag_nagash_personal_5|SUBSET_REQUIRED
prerequisite,warhammer_3,9.0,25507028,Undead Legions,undead_legions,wh3_dlc29_sc_nag_undead_legions,Nagash,Nagash,legendary_lord,wh3_dlc29_nag_nagash,general,general,wh3_dlc29_nag_host_of_nagash|wh3_dlc29_nag_host_of_nagash_qb1,true,false,true,true,false,true,wh3_dlc29_lore_undeath,legendary_lords,wh3_dlc29_skill_node_set_nag_nagash,,1,general,false,false,,,,wh3_dlc29_skill_node_nag_nagash_battle_02,wh3_dlc29_skill_nag_lord_battle_carriages_of_undeath,Carriers of Souls,,,,,,,,,,,,,,,,,,,,,,,,,,,,wh3_dlc29_skill_node_nag_nagash_battle_01,wh_main_skill_vmp_lord_battle_aura_of_supremacy,Aura of Supremacy,wh3_dlc29_skill_node_nag_nagash_battle_02,wh3_dlc29_skill_nag_lord_battle_carriages_of_undeath,Carriers of Souls,REQUIRED,0,1,1,0,0,,,,,,,,,,,character_skill_node_links_tables,wh3_dlc29_skill_node_nag_nagash_battle_01|wh3_dlc29_skill_node_nag_nagash_battle_02|REQUIRED
prerequisite,warhammer_3,9.0,25507028,Undead Legions,undead_legions,wh3_dlc29_sc_nag_undead_legions,Nagash,Nagash,legendary_lord,wh3_dlc29_nag_nagash,general,general,wh3_dlc29_nag_host_of_nagash|wh3_dlc29_nag_host_of_nagash_qb1,true,false,true,true,false,true,wh3_dlc29_lore_undeath,legendary_lords,wh3_dlc29_skill_node_set_nag_nagash,,1,general,false,false,,,,wh3_dlc29_skill_node_nag_nagash_battle_03,wh3_dlc29_skill_nag_lord_battle_risen_precision,As the Sky Rains Death,,,,,,,,,,,,,,,,,,,,,,,,,,,,wh3_dlc29_skill_node_nag_nagash_battle_01,wh_main_skill_vmp_lord_battle_aura_of_supremacy,Aura of Supremacy,wh3_dlc29_skill_node_nag_nagash_battle_03,wh3_dlc29_skill_nag_lord_battle_risen_precision,As the Sky Rains Death,REQUIRED,0,1,1,0,0,,,,,,,,,,,character_skill_node_links_tables,wh3_dlc29_skill_node_nag_nagash_battle_01|wh3_dlc29_skill_node_nag_nagash_battle_03|REQUIRED
prerequisite,warhammer_3,9.0,25507028,Undead Legions,undead_legions,wh3_dlc29_sc_nag_undead_legions,Nagash,Nagash,legendary_lord,wh3_dlc29_nag_nagash,general,general,wh3_dlc29_nag_host_of_nagash|wh3_dlc29_nag_host_of_nagash_qb1,true,false,true,true,false,true,wh3_dlc29_lore_undeath,legendary_lords,wh3_dlc29_skill_node_set_nag_nagash,,1,general,false,false,,,,wh3_dlc29_skill_node_nag_nagash_battle_04,wh3_dlc29_skill_nag_lord_battle_flying_death,Hungering Skies,,,,,,,,,,,,,,,,,,,,,,,,,,,,wh3_dlc29_skill_node_nag_nagash_battle_01,wh_main_skill_vmp_lord_battle_aura_of_supremacy,Aura of Supremacy,wh3_dlc29_skill_node_nag_nagash_battle_04,wh3_dlc29_skill_nag_lord_battle_flying_death,Hungering Skies,REQUIRED,0,1,1,0,0,,,,,,,,,,,character_skill_node_links_tables,wh3_dlc29_skill_node_nag_nagash_battle_01|wh3_dlc29_skill_node_nag_nagash_battle_04|REQUIRED
prerequisite,warhammer_3,9.0,25507028,Undead Legions,undead_legions,wh3_dlc29_sc_nag_undead_legions,Nagash,Nagash,legendary_lord,wh3_dlc29_nag_nagash,general,general,wh3_dlc29_nag_host_of_nagash|wh3_dlc29_nag_host_of_nagash_qb1,true,false,true,true,false,true,wh3_dlc29_lore_undeath,legendary_lords,wh3_dlc29_skill_node_set_nag_nagash,,1,general,false,false,,,,wh3_dlc29_skill_node_nag_nagash_battle_05,wh3_dlc29_skill_nag_lord_battle_ivory_steeds,Shyish Tears Across the Earth,,,,,,,,,,,,,,,,,,,,,,,,,,,,wh3_dlc29_skill_node_nag_nagash_battle_01,wh_main_skill_vmp_lord_battle_aura_of_supremacy,Aura of Supremacy,wh3_dlc29_skill_node_nag_nagash_battle_05,wh3_dlc29_skill_nag_lord_battle_ivory_steeds,Shyish Tears Across the Earth,REQUIRED,0,1,1,0,0,,,,,,,,,,,character_skill_node_links_tables,wh3_dlc29_skill_node_nag_nagash_battle_01|wh3_dlc29_skill_node_nag_nagash_battle_05|REQUIRED
prerequisite,warhammer_3,9.0,25507028,Undead Legions,undead_legions,wh3_dlc29_sc_nag_undead_legions,Nagash,Nagash,legendary_lord,wh3_dlc29_nag_nagash,general,general,wh3_dlc29_nag_host_of_nagash|wh3_dlc29_nag_host_of_nagash_qb1,true,false,true,true,false,true,wh3_dlc29_lore_undeath,legendary_lords,wh3_dlc29_skill_node_set_nag_nagash,,1,general,false,false,,,,wh3_dlc29_skill_node_nag_nagash_battle_06,wh3_dlc29_skill_nag_lord_battle_undead_horrors,Death in Monstrous Form,,,,,,,,,,,,,,,,,,,,,,,,,,,,wh3_dlc29_skill_node_nag_nagash_battle_01,wh_main_skill_vmp_lord_battle_aura_of_supremacy,Aura of Supremacy,wh3_dlc29_skill_node_nag_nagash_battle_06,wh3_dlc29_skill_nag_lord_battle_undead_horrors,Death in Monstrous Form,REQUIRED,0,1,1,0,0,,,,,,,,,,,character_skill_node_links_tables,wh3_dlc29_skill_node_nag_nagash_battle_01|wh3_dlc29_skill_node_nag_nagash_battle_06|REQUIRED
prerequisite,warhammer_3,9.0,25507028,Undead Legions,undead_legions,wh3_dlc29_sc_nag_undead_legions,Nagash,Nagash,legendary_lord,wh3_dlc29_nag_nagash,general,general,wh3_dlc29_nag_host_of_nagash|wh3_dlc29_nag_host_of_nagash_qb1,true,false,true,true,false,true,wh3_dlc29_lore_undeath,legendary_lords,wh3_dlc29_skill_node_set_nag_nagash,,1,general,false,false,,,,wh3_dlc29_skill_node_nag_nagash_battle_07,wh2_dlc09_skill_tmb_lord_rally,Reanimate,,,,,,,,,,,,,,,,,,,,,,,,,,,,wh3_dlc29_skill_node_nag_nagash_battle_01,wh_main_skill_vmp_lord_battle_aura_of_supremacy,Aura of Supremacy,wh3_dlc29_skill_node_nag_nagash_battle_07,wh2_dlc09_skill_tmb_lord_rally,Reanimate,SUBSET_REQUIRED,0,1,1,0,0,,,,,,,,,,,character_skill_node_links_tables,wh3_dlc29_skill_node_nag_nagash_battle_01|wh3_dlc29_skill_node_nag_nagash_battle_07|SUBSET_REQUIRED
prerequisite,warhammer_3,9.0,25507028,Undead Legions,undead_legions,wh3_dlc29_sc_nag_undead_legions,Nagash,Nagash,legendary_lord,wh3_dlc29_nag_nagash,general,general,wh3_dlc29_nag_host_of_nagash|wh3_dlc29_nag_host_of_nagash_qb1,true,false,true,true,false,true,wh3_dlc29_lore_undeath,legendary_lords,wh3_dlc29_skill_node_set_nag_nagash,,1,general,false,false,,,,wh3_dlc29_skill_node_nag_nagash_battle_07,wh2_dlc09_skill_tmb_lord_rally,Reanimate,,,,,,,,,,,,,,,,,,,,,,,,,,,,wh3_dlc29_skill_node_nag_nagash_battle_02,wh3_dlc29_skill_nag_lord_battle_carriages_of_undeath,Carriers of Souls,wh3_dlc29_skill_node_nag_nagash_battle_07,wh2_dlc09_skill_tmb_lord_rally,Reanimate,SUBSET_REQUIRED,0,1,1,0,0,,,,,,,,,,,character_skill_node_links_tables,wh3_dlc29_skill_node_nag_nagash_battle_02|wh3_dlc29_skill_node_nag_nagash_battle_07|SUBSET_REQUIRED
prerequisite,warhammer_3,9.0,25507028,Undead Legions,undead_legions,wh3_dlc29_sc_nag_undead_legions,Nagash,Nagash,legendary_lord,wh3_dlc29_nag_nagash,general,general,wh3_dlc29_nag_host_of_nagash|wh3_dlc29_nag_host_of_nagash_qb1,true,false,true,true,false,true,wh3_dlc29_lore_undeath,legendary_lords,wh3_dlc29_skill_node_set_nag_nagash,,1,general,false,false,,,,wh3_dlc29_skill_node_nag_nagash_battle_07,wh2_dlc09_skill_tmb_lord_rally,Reanimate,,,,,,,,,,,,,,,,,,,,,,,,,,,,wh3_dlc29_skill_node_nag_nagash_battle_03,wh3_dlc29_skill_nag_lord_battle_risen_precision,As the Sky Rains Death,wh3_dlc29_skill_node_nag_nagash_battle_07,wh2_dlc09_skill_tmb_lord_rally,Reanimate,SUBSET_REQUIRED,0,1,1,0,0,,,,,,,,,,,character_skill_node_links_tables,wh3_dlc29_skill_node_nag_nagash_battle_03|wh3_dlc29_skill_node_nag_nagash_battle_07|SUBSET_REQUIRED
prerequisite,warhammer_3,9.0,25507028,Undead Legions,undead_legions,wh3_dlc29_sc_nag_undead_legions,Nagash,Nagash,legendary_lord,wh3_dlc29_nag_nagash,general,general,wh3_dlc29_nag_host_of_nagash|wh3_dlc29_nag_host_of_nagash_qb1,true,false,true,true,false,true,wh3_dlc29_lore_undeath,legendary_lords,wh3_dlc29_skill_node_set_nag_nagash,,1,general,false,false,,,,wh3_dlc29_skill_node_nag_nagash_battle_07,wh2_dlc09_skill_tmb_lord_rally,Reanimate,,,,,,,,,,,,,,,,,,,,,,,,,,,,wh3_dlc29_skill_node_nag_nagash_battle_04,wh3_dlc29_skill_nag_lord_battle_flying_death,Hungering Skies,wh3_dlc29_skill_node_nag_nagash_battle_07,wh2_dlc09_skill_tmb_lord_rally,Reanimate,SUBSET_REQUIRED,0,1,1,0,0,,,,,,,,,,,character_skill_node_links_tables,wh3_dlc29_skill_node_nag_nagash_battle_04|wh3_dlc29_skill_node_nag_nagash_battle_07|SUBSET_REQUIRED
prerequisite,warhammer_3,9.0,25507028,Undead Legions,undead_legions,wh3_dlc29_sc_nag_undead_legions,Nagash,Nagash,legendary_lord,wh3_dlc29_nag_nagash,general,general,wh3_dlc29_nag_host_of_nagash|wh3_dlc29_nag_host_of_nagash_qb1,true,false,true,true,false,true,wh3_dlc29_lore_undeath,legendary_lords,wh3_dlc29_skill_node_set_nag_nagash,,1,general,false,false,,,,wh3_dlc29_skill_node_nag_nagash_battle_07,wh2_dlc09_skill_tmb_lord_rally,Reanimate,,,,,,,,,,,,,,,,,,,,,,,,,,,,wh3_dlc29_skill_node_nag_nagash_battle_05,wh3_dlc29_skill_nag_lord_battle_ivory_steeds,Shyish Tears Across the Earth,wh3_dlc29_skill_node_nag_nagash_battle_07,wh2_dlc09_skill_tmb_lord_rally,Reanimate,SUBSET_REQUIRED,0,1,1,0,0,,,,,,,,,,,character_skill_node_links_tables,wh3_dlc29_skill_node_nag_nagash_battle_05|wh3_dlc29_skill_node_nag_nagash_battle_07|SUBSET_REQUIRED
prerequisite,warhammer_3,9.0,25507028,Undead Legions,undead_legions,wh3_dlc29_sc_nag_undead_legions,Nagash,Nagash,legendary_lord,wh3_dlc29_nag_nagash,general,general,wh3_dlc29_nag_host_of_nagash|wh3_dlc29_nag_host_of_nagash_qb1,true,false,true,true,false,true,wh3_dlc29_lore_undeath,legendary_lords,wh3_dlc29_skill_node_set_nag_nagash,,1,general,false,false,,,,wh3_dlc29_skill_node_nag_nagash_battle_07,wh2_dlc09_skill_tmb_lord_rally,Reanimate,,,,,,,,,,,,,,,,,,,,,,,,,,,,wh3_dlc29_skill_node_nag_nagash_battle_06,wh3_dlc29_skill_nag_lord_battle_undead_horrors,Death in Monstrous Form,wh3_dlc29_skill_node_nag_nagash_battle_07,wh2_dlc09_skill_tmb_lord_rally,Reanimate,SUBSET_REQUIRED,0,1,1,0,0,,,,,,,,,,,character_skill_node_links_tables,wh3_dlc29_skill_node_nag_nagash_battle_06|wh3_dlc29_skill_node_nag_nagash_battle_07|SUBSET_REQUIRED
prerequisite,warhammer_3,9.0,25507028,Undead Legions,undead_legions,wh3_dlc29_sc_nag_undead_legions,Nagash,Nagash,legendary_lord,wh3_dlc29_nag_nagash,general,general,wh3_dlc29_nag_host_of_nagash|wh3_dlc29_nag_host_of_nagash_qb1,true,false,true,true,false,true,wh3_dlc29_lore_undeath,legendary_lords,wh3_dlc29_skill_node_set_nag_nagash,,1,general,false,false,,,,wh3_dlc29_skill_node_nag_nagash_battle_08,wh3_dlc29_skill_nag_lord_battle_risen_guardians,Eternal Guard,,,,,,,,,,,,,,,,,,,,,,,,,,,,wh3_dlc29_skill_node_nag_nagash_battle_07,wh2_dlc09_skill_tmb_lord_rally,Reanimate,wh3_dlc29_skill_node_nag_nagash_battle_08,wh3_dlc29_skill_nag_lord_battle_risen_guardians,Eternal Guard,REQUIRED,0,1,1,0,0,,,,,,,,,,,character_skill_node_links_tables,wh3_dlc29_skill_node_nag_nagash_battle_07|wh3_dlc29_skill_node_nag_nagash_battle_08|REQUIRED
prerequisite,warhammer_3,9.0,25507028,Undead Legions,undead_legions,wh3_dlc29_sc_nag_undead_legions,Nagash,Nagash,legendary_lord,wh3_dlc29_nag_nagash,general,general,wh3_dlc29_nag_host_of_nagash|wh3_dlc29_nag_host_of_nagash_qb1,true,false,true,true,false,true,wh3_dlc29_lore_undeath,legendary_lords,wh3_dlc29_skill_node_set_nag_nagash,,1,general,false,false,,,,wh3_dlc29_skill_node_nag_nagash_battle_09,wh3_dlc29_skill_nag_lord_battle_legions_of_death,The Black Arsenal,,,,,,,,,,,,,,,,,,,,,,,,,,,,wh3_dlc29_skill_node_nag_nagash_battle_07,wh2_dlc09_skill_tmb_lord_rally,Reanimate,wh3_dlc29_skill_node_nag_nagash_battle_09,wh3_dlc29_skill_nag_lord_battle_legions_of_death,The Black Arsenal,REQUIRED,0,1,1,0,0,,,,,,,,,,,character_skill_node_links_tables,wh3_dlc29_skill_node_nag_nagash_battle_07|wh3_dlc29_skill_node_nag_nagash_battle_09|REQUIRED
prerequisite,warhammer_3,9.0,25507028,Undead Legions,undead_legions,wh3_dlc29_sc_nag_undead_legions,Nagash,Nagash,legendary_lord,wh3_dlc29_nag_nagash,general,general,wh3_dlc29_nag_host_of_nagash|wh3_dlc29_nag_host_of_nagash_qb1,true,false,true,true,false,true,wh3_dlc29_lore_undeath,legendary_lords,wh3_dlc29_skill_node_set_nag_nagash,,1,general,false,false,,,,wh3_dlc29_skill_node_nag_nagash_battle_10,wh3_dlc29_skill_nag_lord_battle_ethereal_presence,Nightmare Incarnate,,,,,,,,,,,,,,,,,,,,,,,,,,,,wh3_dlc29_skill_node_nag_nagash_battle_07,wh2_dlc09_skill_tmb_lord_rally,Reanimate,wh3_dlc29_skill_node_nag_nagash_battle_10,wh3_dlc29_skill_nag_lord_battle_ethereal_presence,Nightmare Incarnate,REQUIRED,0,1,1,0,0,,,,,,,,,,,character_skill_node_links_tables,wh3_dlc29_skill_node_nag_nagash_battle_07|wh3_dlc29_skill_node_nag_nagash_battle_10|REQUIRED
prerequisite,warhammer_3,9.0,25507028,Undead Legions,undead_legions,wh3_dlc29_sc_nag_undead_legions,Nagash,Nagash,legendary_lord,wh3_dlc29_nag_nagash,general,general,wh3_dlc29_nag_host_of_nagash|wh3_dlc29_nag_host_of_nagash_qb1,true,false,true,true,false,true,wh3_dlc29_lore_undeath,legendary_lords,wh3_dlc29_skill_node_set_nag_nagash,,1,general,false,false,,,,wh3_dlc29_skill_node_nag_nagash_battle_11,wh3_dlc29_skill_nag_lord_battle_knight_terrors,Waking Nightmares,,,,,,,,,,,,,,,,,,,,,,,,,,,,wh3_dlc29_skill_node_nag_nagash_battle_07,wh2_dlc09_skill_tmb_lord_rally,Reanimate,wh3_dlc29_skill_node_nag_nagash_battle_11,wh3_dlc29_skill_nag_lord_battle_knight_terrors,Waking Nightmares,REQUIRED,0,1,1,0,0,,,,,,,,,,,character_skill_node_links_tables,wh3_dlc29_skill_node_nag_nagash_battle_07|wh3_dlc29_skill_node_nag_nagash_battle_11|REQUIRED
prerequisite,warhammer_3,9.0,25507028,Undead Legions,undead_legions,wh3_dlc29_sc_nag_undead_legions,Nagash,Nagash,legendary_lord,wh3_dlc29_nag_nagash,general,general,wh3_dlc29_nag_host_of_nagash|wh3_dlc29_nag_host_of_nagash_qb1,true,false,true,true,false,true,wh3_dlc29_lore_undeath,legendary_lords,wh3_dlc29_skill_node_set_nag_nagash,,1,general,false,false,,,,wh3_dlc29_skill_node_nag_nagash_battle_12,wh3_dlc29_skill_nag_lord_battle_monstrous_horrors,Dread Behemoths,,,,,,,,,,,,,,,,,,,,,,,,,,,,wh3_dlc29_skill_node_nag_nagash_battle_07,wh2_dlc09_skill_tmb_lord_rally,Reanimate,wh3_dlc29_skill_node_nag_nagash_battle_12,wh3_dlc29_skill_nag_lord_battle_monstrous_horrors,Dread Behemoths,REQUIRED,0,1,1,0,0,,,,,,,,,,,character_skill_node_links_tables,wh3_dlc29_skill_node_nag_nagash_battle_07|wh3_dlc29_skill_node_nag_nagash_battle_12|REQUIRED
prerequisite,warhammer_3,9.0,25507028,Undead Legions,undead_legions,wh3_dlc29_sc_nag_undead_legions,Nagash,Nagash,legendary_lord,wh3_dlc29_nag_nagash,general,general,wh3_dlc29_nag_host_of_nagash|wh3_dlc29_nag_host_of_nagash_qb1,true,false,true,true,false,true,wh3_dlc29_lore_undeath,legendary_lords,wh3_dlc29_skill_node_set_nag_nagash,,1,general,false,false,,,,wh3_dlc29_skill_node_nag_nagash_battle_13,wh2_dlc09_skill_tmb_lord_rally_upgraded,Resurrect,,,,,,,,,,,,,,,,,,,,,,,,,,,,wh3_dlc29_skill_node_nag_nagash_battle_08,wh3_dlc29_skill_nag_lord_battle_risen_guardians,Eternal Guard,wh3_dlc29_skill_node_nag_nagash_battle_13,wh2_dlc09_skill_tmb_lord_rally_upgraded,Resurrect,SUBSET_REQUIRED,0,1,1,0,0,,,,,,,,,,,character_skill_node_links_tables,wh3_dlc29_skill_node_nag_nagash_battle_08|wh3_dlc29_skill_node_nag_nagash_battle_13|SUBSET_REQUIRED
prerequisite,warhammer_3,9.0,25507028,Undead Legions,undead_legions,wh3_dlc29_sc_nag_undead_legions,Nagash,Nagash,legendary_lord,wh3_dlc29_nag_nagash,general,general,wh3_dlc29_nag_host_of_nagash|wh3_dlc29_nag_host_of_nagash_qb1,true,false,true,true,false,true,wh3_dlc29_lore_undeath,legendary_lords,wh3_dlc29_skill_node_set_nag_nagash,,1,general,false,false,,,,wh3_dlc29_skill_node_nag_nagash_battle_13,wh2_dlc09_skill_tmb_lord_rally_upgraded,Resurrect,,,,,,,,,,,,,,,,,,,,,,,,,,,,wh3_dlc29_skill_node_nag_nagash_battle_09,wh3_dlc29_skill_nag_lord_battle_legions_of_death,The Black Arsenal,wh3_dlc29_skill_node_nag_nagash_battle_13,wh2_dlc09_skill_tmb_lord_rally_upgraded,Resurrect,SUBSET_REQUIRED,0,1,1,0,0,,,,,,,,,,,character_skill_node_links_tables,wh3_dlc29_skill_node_nag_nagash_battle_09|wh3_dlc29_skill_node_nag_nagash_battle_13|SUBSET_REQUIRED
prerequisite,warhammer_3,9.0,25507028,Undead Legions,undead_legions,wh3_dlc29_sc_nag_undead_legions,Nagash,Nagash,legendary_lord,wh3_dlc29_nag_nagash,general,general,wh3_dlc29_nag_host_of_nagash|wh3_dlc29_nag_host_of_nagash_qb1,true,false,true,true,false,true,wh3_dlc29_lore_undeath,legendary_lords,wh3_dlc29_skill_node_set_nag_nagash,,1,general,false,false,,,,wh3_dlc29_skill_node_nag_nagash_battle_13,wh2_dlc09_skill_tmb_lord_rally_upgraded,Resurrect,,,,,,,,,,,,,,,,,,,,,,,,,,,,wh3_dlc29_skill_node_nag_nagash_battle_10,wh3_dlc29_skill_nag_lord_battle_ethereal_presence,Nightmare Incarnate,wh3_dlc29_skill_node_nag_nagash_battle_13,wh2_dlc09_skill_tmb_lord_rally_upgraded,Resurrect,SUBSET_REQUIRED,0,1,1,0,0,,,,,,,,,,,character_skill_node_links_tables,wh3_dlc29_skill_node_nag_nagash_battle_10|wh3_dlc29_skill_node_nag_nagash_battle_13|SUBSET_REQUIRED
prerequisite,warhammer_3,9.0,25507028,Undead Legions,undead_legions,wh3_dlc29_sc_nag_undead_legions,Nagash,Nagash,legendary_lord,wh3_dlc29_nag_nagash,general,general,wh3_dlc29_nag_host_of_nagash|wh3_dlc29_nag_host_of_nagash_qb1,true,false,true,true,false,true,wh3_dlc29_lore_undeath,legendary_lords,wh3_dlc29_skill_node_set_nag_nagash,,1,general,false,false,,,,wh3_dlc29_skill_node_nag_nagash_battle_13,wh2_dlc09_skill_tmb_lord_rally_upgraded,Resurrect,,,,,,,,,,,,,,,,,,,,,,,,,,,,wh3_dlc29_skill_node_nag_nagash_battle_11,wh3_dlc29_skill_nag_lord_battle_knight_terrors,Waking Nightmares,wh3_dlc29_skill_node_nag_nagash_battle_13,wh2_dlc09_skill_tmb_lord_rally_upgraded,Resurrect,SUBSET_REQUIRED,0,1,1,0,0,,,,,,,,,,,character_skill_node_links_tables,wh3_dlc29_skill_node_nag_nagash_battle_11|wh3_dlc29_skill_node_nag_nagash_battle_13|SUBSET_REQUIRED
prerequisite,warhammer_3,9.0,25507028,Undead Legions,undead_legions,wh3_dlc29_sc_nag_undead_legions,Nagash,Nagash,legendary_lord,wh3_dlc29_nag_nagash,general,general,wh3_dlc29_nag_host_of_nagash|wh3_dlc29_nag_host_of_nagash_qb1,true,false,true,true,false,true,wh3_dlc29_lore_undeath,legendary_lords,wh3_dlc29_skill_node_set_nag_nagash,,1,general,false,false,,,,wh3_dlc29_skill_node_nag_nagash_battle_13,wh2_dlc09_skill_tmb_lord_rally_upgraded,Resurrect,,,,,,,,,,,,,,,,,,,,,,,,,,,,wh3_dlc29_skill_node_nag_nagash_battle_12,wh3_dlc29_skill_nag_lord_battle_monstrous_horrors,Dread Behemoths,wh3_dlc29_skill_node_nag_nagash_battle_13,wh2_dlc09_skill_tmb_lord_rally_upgraded,Resurrect,SUBSET_REQUIRED,0,1,1,0,0,,,,,,,,,,,character_skill_node_links_tables,wh3_dlc29_skill_node_nag_nagash_battle_12|wh3_dlc29_skill_node_nag_nagash_battle_13|SUBSET_REQUIRED
prerequisite,warhammer_3,9.0,25507028,Undead Legions,undead_legions,wh3_dlc29_sc_nag_undead_legions,Nagash,Nagash,legendary_lord,wh3_dlc29_nag_nagash,general,general,wh3_dlc29_nag_host_of_nagash|wh3_dlc29_nag_host_of_nagash_qb1,true,false,true,true,false,true,wh3_dlc29_lore_undeath,legendary_lords,wh3_dlc29_skill_node_set_nag_nagash,,1,general,false,false,,,,wh3_dlc29_skill_node_nag_nagash_campaign_02,wh_main_skill_vmp_lord_campaign_undying_horde,Undying Horde,,,,,,,,,,,,,,,,,,,,,,,,,,,,wh3_dlc29_skill_node_nag_nagash_campaign_01,wh_main_skill_vmp_lord_campaign_the_restless_dead,The Restless Dead,wh3_dlc29_skill_node_nag_nagash_campaign_02,wh_main_skill_vmp_lord_campaign_undying_horde,Undying Horde,REQUIRED,0,1,1,0,0,,,,,,,,,,,character_skill_node_links_tables,wh3_dlc29_skill_node_nag_nagash_campaign_01|wh3_dlc29_skill_node_nag_nagash_campaign_02|REQUIRED
prerequisite,warhammer_3,9.0,25507028,Undead Legions,undead_legions,wh3_dlc29_sc_nag_undead_legions,Nagash,Nagash,legendary_lord,wh3_dlc29_nag_nagash,general,general,wh3_dlc29_nag_host_of_nagash|wh3_dlc29_nag_host_of_nagash_qb1,true,false,true,true,false,true,wh3_dlc29_lore_undeath,legendary_lords,wh3_dlc29_skill_node_set_nag_nagash,,1,general,false,false,,,,wh3_dlc29_skill_node_nag_nagash_campaign_03,wh3_dlc29_skill_nag_lord_campaign_rule_with_fear,Absolute,,,,,,,,,,,,,,,,,,,,,,,,,,,,wh3_dlc29_skill_node_nag_nagash_campaign_01,wh_main_skill_vmp_lord_campaign_the_restless_dead,The Restless Dead,wh3_dlc29_skill_node_nag_nagash_campaign_03,wh3_dlc29_skill_nag_lord_campaign_rule_with_fear,Absolute,REQUIRED,0,1,1,0,0,,,,,,,,,,,character_skill_node_links_tables,wh3_dlc29_skill_node_nag_nagash_campaign_01|wh3_dlc29_skill_node_nag_nagash_campaign_03|REQUIRED
prerequisite,warhammer_3,9.0,25507028,Undead Legions,undead_legions,wh3_dlc29_sc_nag_undead_legions,Nagash,Nagash,legendary_lord,wh3_dlc29_nag_nagash,general,general,wh3_dlc29_nag_host_of_nagash|wh3_dlc29_nag_host_of_nagash_qb1,true,false,true,true,false,true,wh3_dlc29_lore_undeath,legendary_lords,wh3_dlc29_skill_node_set_nag_nagash,,1,general,false,false,,,,wh3_dlc29_skill_node_nag_nagash_campaign_04,wh3_dlc29_skill_nag_lord_campaign_all_belongs_to_him,No Magic but His,,,,,,,,,,,,,,,,,,,,,,,,,,,,wh3_dlc29_skill_node_nag_nagash_campaign_01,wh_main_skill_vmp_lord_campaign_the_restless_dead,The Restless Dead,wh3_dlc29_skill_node_nag_nagash_campaign_04,wh3_dlc29_skill_nag_lord_campaign_all_belongs_to_him,No Magic but His,REQUIRED,0,1,1,0,0,,,,,,,,,,,character_skill_node_links_tables,wh3_dlc29_skill_node_nag_nagash_campaign_01|wh3_dlc29_skill_node_nag_nagash_campaign_04|REQUIRED
prerequisite,warhammer_3,9.0,25507028,Undead Legions,undead_legions,wh3_dlc29_sc_nag_undead_legions,Nagash,Nagash,legendary_lord,wh3_dlc29_nag_nagash,general,general,wh3_dlc29_nag_host_of_nagash|wh3_dlc29_nag_host_of_nagash_qb1,true,false,true,true,false,true,wh3_dlc29_lore_undeath,legendary_lords,wh3_dlc29_skill_node_set_nag_nagash,,1,general,false,false,,,,wh3_dlc29_skill_node_nag_nagash_campaign_05,wh3_dlc29_skill_nag_lord_campaign_elixer_of_life,The Elixir's Creator,,,,,,,,,,,,,,,,,,,,,,,,,,,,wh3_dlc29_skill_node_nag_nagash_campaign_01,wh_main_skill_vmp_lord_campaign_the_restless_dead,The Restless Dead,wh3_dlc29_skill_node_nag_nagash_campaign_05,wh3_dlc29_skill_nag_lord_campaign_elixer_of_life,The Elixir's Creator,REQUIRED,0,1,1,0,0,,,,,,,,,,,character_skill_node_links_tables,wh3_dlc29_skill_node_nag_nagash_campaign_01|wh3_dlc29_skill_node_nag_nagash_campaign_05|REQUIRED
prerequisite,warhammer_3,9.0,25507028,Undead Legions,undead_legions,wh3_dlc29_sc_nag_undead_legions,Nagash,Nagash,legendary_lord,wh3_dlc29_nag_nagash,general,general,wh3_dlc29_nag_host_of_nagash|wh3_dlc29_nag_host_of_nagash_qb1,true,false,true,true,false,true,wh3_dlc29_lore_undeath,legendary_lords,wh3_dlc29_skill_node_set_nag_nagash,,1,general,false,false,,,,wh3_dlc29_skill_node_nag_nagash_campaign_06,wh3_dlc29_skill_nag_lord_campaign_masters_of_death,Inexhorable,,,,,,,,,,,,,,,,,,,,,,,,,,,,wh3_dlc29_skill_node_nag_nagash_campaign_02,wh_main_skill_vmp_lord_campaign_undying_horde,Undying Horde,wh3_dlc29_skill_node_nag_nagash_campaign_06,wh3_dlc29_skill_nag_lord_campaign_masters_of_death,Inexhorable,SUBSET_REQUIRED,0,1,1,0,0,,,,,,,,,,,character_skill_node_links_tables,wh3_dlc29_skill_node_nag_nagash_campaign_02|wh3_dlc29_skill_node_nag_nagash_campaign_06|SUBSET_REQUIRED
prerequisite,warhammer_3,9.0,25507028,Undead Legions,undead_legions,wh3_dlc29_sc_nag_undead_legions,Nagash,Nagash,legendary_lord,wh3_dlc29_nag_nagash,general,general,wh3_dlc29_nag_host_of_nagash|wh3_dlc29_nag_host_of_nagash_qb1,true,false,true,true,false,true,wh3_dlc29_lore_undeath,legendary_lords,wh3_dlc29_skill_node_set_nag_nagash,,1,general,false,false,,,,wh3_dlc29_skill_node_nag_nagash_campaign_06,wh3_dlc29_skill_nag_lord_campaign_masters_of_death,Inexhorable,,,,,,,,,,,,,,,,,,,,,,,,,,,,wh3_dlc29_skill_node_nag_nagash_campaign_03,wh3_dlc29_skill_nag_lord_campaign_rule_with_fear,Absolute,wh3_dlc29_skill_node_nag_nagash_campaign_06,wh3_dlc29_skill_nag_lord_campaign_masters_of_death,Inexhorable,SUBSET_REQUIRED,0,1,1,0,0,,,,,,,,,,,character_skill_node_links_tables,wh3_dlc29_skill_node_nag_nagash_campaign_03|wh3_dlc29_skill_node_nag_nagash_campaign_06|SUBSET_REQUIRED
prerequisite,warhammer_3,9.0,25507028,Undead Legions,undead_legions,wh3_dlc29_sc_nag_undead_legions,Nagash,Nagash,legendary_lord,wh3_dlc29_nag_nagash,general,general,wh3_dlc29_nag_host_of_nagash|wh3_dlc29_nag_host_of_nagash_qb1,true,false,true,true,false,true,wh3_dlc29_lore_undeath,legendary_lords,wh3_dlc29_skill_node_set_nag_nagash,,1,general,false,false,,,,wh3_dlc29_skill_node_nag_nagash_campaign_06,wh3_dlc29_skill_nag_lord_campaign_masters_of_death,Inexhorable,,,,,,,,,,,,,,,,,,,,,,,,,,,,wh3_dlc29_skill_node_nag_nagash_campaign_04,wh3_dlc29_skill_nag_lord_campaign_all_belongs_to_him,No Magic but His,wh3_dlc29_skill_node_nag_nagash_campaign_06,wh3_dlc29_skill_nag_lord_campaign_masters_of_death,Inexhorable,SUBSET_REQUIRED,0,1,1,0,0,,,,,,,,,,,character_skill_node_links_tables,wh3_dlc29_skill_node_nag_nagash_campaign_04|wh3_dlc29_skill_node_nag_nagash_campaign_06|SUBSET_REQUIRED
prerequisite,warhammer_3,9.0,25507028,Undead Legions,undead_legions,wh3_dlc29_sc_nag_undead_legions,Nagash,Nagash,legendary_lord,wh3_dlc29_nag_nagash,general,general,wh3_dlc29_nag_host_of_nagash|wh3_dlc29_nag_host_of_nagash_qb1,true,false,true,true,false,true,wh3_dlc29_lore_undeath,legendary_lords,wh3_dlc29_skill_node_set_nag_nagash,,1,general,false,false,,,,wh3_dlc29_skill_node_nag_nagash_campaign_06,wh3_dlc29_skill_nag_lord_campaign_masters_of_death,Inexhorable,,,,,,,,,,,,,,,,,,,,,,,,,,,,wh3_dlc29_skill_node_nag_nagash_campaign_05,wh3_dlc29_skill_nag_lord_campaign_elixer_of_life,The Elixir's Creator,wh3_dlc29_skill_node_nag_nagash_campaign_06,wh3_dlc29_skill_nag_lord_campaign_masters_of_death,Inexhorable,SUBSET_REQUIRED,0,1,1,0,0,,,,,,,,,,,character_skill_node_links_tables,wh3_dlc29_skill_node_nag_nagash_campaign_05|wh3_dlc29_skill_node_nag_nagash_campaign_06|SUBSET_REQUIRED
prerequisite,warhammer_3,9.0,25507028,Undead Legions,undead_legions,wh3_dlc29_sc_nag_undead_legions,Nagash,Nagash,legendary_lord,wh3_dlc29_nag_nagash,general,general,wh3_dlc29_nag_host_of_nagash|wh3_dlc29_nag_host_of_nagash_qb1,true,false,true,true,false,true,wh3_dlc29_lore_undeath,legendary_lords,wh3_dlc29_skill_node_set_nag_nagash,,1,general,false,false,,,,wh3_dlc29_skill_node_nag_nagash_campaign_07,wh_main_skill_all_lord_campaign_lightning_strike,Lightning Strike,,,,,,,,,,,,,,,,,,,,,,,,,,,,wh3_dlc29_skill_node_nag_nagash_campaign_06,wh3_dlc29_skill_nag_lord_campaign_masters_of_death,Inexhorable,wh3_dlc29_skill_node_nag_nagash_campaign_07,wh_main_skill_all_lord_campaign_lightning_strike,Lightning Strike,REQUIRED,0,1,1,0,0,,,,,,,,,,,character_skill_node_links_tables,wh3_dlc29_skill_node_nag_nagash_campaign_06|wh3_dlc29_skill_node_nag_nagash_campaign_07|REQUIRED
prerequisite,warhammer_3,9.0,25507028,Undead Legions,undead_legions,wh3_dlc29_sc_nag_undead_legions,Nagash,Nagash,legendary_lord,wh3_dlc29_nag_nagash,general,general,wh3_dlc29_nag_host_of_nagash|wh3_dlc29_nag_host_of_nagash_qb1,true,false,true,true,false,true,wh3_dlc29_lore_undeath,legendary_lords,wh3_dlc29_skill_node_set_nag_nagash,,1,general,false,false,,,,wh3_dlc29_skill_node_nag_nagash_campaign_08,wh3_dlc29_skill_nag_lord_campaign_necrotic_prowess,The Fallen Follow Still,,,,,,,,,,,,,,,,,,,,,,,,,,,,wh3_dlc29_skill_node_nag_nagash_campaign_06,wh3_dlc29_skill_nag_lord_campaign_masters_of_death,Inexhorable,wh3_dlc29_skill_node_nag_nagash_campaign_08,wh3_dlc29_skill_nag_lord_campaign_necrotic_prowess,The Fallen Follow Still,REQUIRED,0,1,1,0,0,,,,,,,,,,,character_skill_node_links_tables,wh3_dlc29_skill_node_nag_nagash_campaign_06|wh3_dlc29_skill_node_nag_nagash_campaign_08|REQUIRED
prerequisite,warhammer_3,9.0,25507028,Undead Legions,undead_legions,wh3_dlc29_sc_nag_undead_legions,Nagash,Nagash,legendary_lord,wh3_dlc29_nag_nagash,general,general,wh3_dlc29_nag_host_of_nagash|wh3_dlc29_nag_host_of_nagash_qb1,true,false,true,true,false,true,wh3_dlc29_lore_undeath,legendary_lords,wh3_dlc29_skill_node_set_nag_nagash,,1,general,false,false,,,,wh3_dlc29_skill_node_nag_nagash_campaign_09,wh3_dlc29_skill_nag_lord_campaign_soul_siphon,Soul Material,,,,,,,,,,,,,,,,,,,,,,,,,,,,wh3_dlc29_skill_node_nag_nagash_campaign_06,wh3_dlc29_skill_nag_lord_campaign_masters_of_death,Inexhorable,wh3_dlc29_skill_node_nag_nagash_campaign_09,wh3_dlc29_skill_nag_lord_campaign_soul_siphon,Soul Material,REQUIRED,0,1,1,0,0,,,,,,,,,,,character_skill_node_links_tables,wh3_dlc29_skill_node_nag_nagash_campaign_06|wh3_dlc29_skill_node_nag_nagash_campaign_09|REQUIRED
prerequisite,warhammer_3,9.0,25507028,Undead Legions,undead_legions,wh3_dlc29_sc_nag_undead_legions,Nagash,Nagash,legendary_lord,wh3_dlc29_nag_nagash,general,general,wh3_dlc29_nag_host_of_nagash|wh3_dlc29_nag_host_of_nagash_qb1,true,false,true,true,false,true,wh3_dlc29_lore_undeath,legendary_lords,wh3_dlc29_skill_node_set_nag_nagash,,1,general,false,false,,,,wh3_dlc29_skill_node_nag_nagash_campaign_10,wh3_dlc29_skill_nag_lord_campaign_enthralled,No Will But His,,,,,,,,,,,,,,,,,,,,,,,,,,,,wh3_dlc29_skill_node_nag_nagash_campaign_06,wh3_dlc29_skill_nag_lord_campaign_masters_of_death,Inexhorable,wh3_dlc29_skill_node_nag_nagash_campaign_10,wh3_dlc29_skill_nag_lord_campaign_enthralled,No Will But His,REQUIRED,0,1,1,0,0,,,,,,,,,,,character_skill_node_links_tables,wh3_dlc29_skill_node_nag_nagash_campaign_06|wh3_dlc29_skill_node_nag_nagash_campaign_10|REQUIRED
prerequisite,warhammer_3,9.0,25507028,Undead Legions,undead_legions,wh3_dlc29_sc_nag_undead_legions,Nagash,Nagash,legendary_lord,wh3_dlc29_nag_nagash,general,general,wh3_dlc29_nag_host_of_nagash|wh3_dlc29_nag_host_of_nagash_qb1,true,false,true,true,false,true,wh3_dlc29_lore_undeath,legendary_lords,wh3_dlc29_skill_node_set_nag_nagash,,1,general,false,false,,,,wh3_dlc29_skill_node_nag_nagash_campaign_11,wh3_dlc29_skill_nag_lord_campaign_undying_legions,Pinnacle of Servitude,,,,,,,,,,,,,,,,,,,,,,,,,,,,wh3_dlc29_skill_node_nag_nagash_campaign_07,wh_main_skill_all_lord_campaign_lightning_strike,Lightning Strike,wh3_dlc29_skill_node_nag_nagash_campaign_11,wh3_dlc29_skill_nag_lord_campaign_undying_legions,Pinnacle of Servitude,SUBSET_REQUIRED,0,1,1,0,0,,,,,,,,,,,character_skill_node_links_tables,wh3_dlc29_skill_node_nag_nagash_campaign_07|wh3_dlc29_skill_node_nag_nagash_campaign_11|SUBSET_REQUIRED
prerequisite,warhammer_3,9.0,25507028,Undead Legions,undead_legions,wh3_dlc29_sc_nag_undead_legions,Nagash,Nagash,legendary_lord,wh3_dlc29_nag_nagash,general,general,wh3_dlc29_nag_host_of_nagash|wh3_dlc29_nag_host_of_nagash_qb1,true,false,true,true,false,true,wh3_dlc29_lore_undeath,legendary_lords,wh3_dlc29_skill_node_set_nag_nagash,,1,general,false,false,,,,wh3_dlc29_skill_node_nag_nagash_campaign_11,wh3_dlc29_skill_nag_lord_campaign_undying_legions,Pinnacle of Servitude,,,,,,,,,,,,,,,,,,,,,,,,,,,,wh3_dlc29_skill_node_nag_nagash_campaign_08,wh3_dlc29_skill_nag_lord_campaign_necrotic_prowess,The Fallen Follow Still,wh3_dlc29_skill_node_nag_nagash_campaign_11,wh3_dlc29_skill_nag_lord_campaign_undying_legions,Pinnacle of Servitude,SUBSET_REQUIRED,0,1,1,0,0,,,,,,,,,,,character_skill_node_links_tables,wh3_dlc29_skill_node_nag_nagash_campaign_08|wh3_dlc29_skill_node_nag_nagash_campaign_11|SUBSET_REQUIRED
prerequisite,warhammer_3,9.0,25507028,Undead Legions,undead_legions,wh3_dlc29_sc_nag_undead_legions,Nagash,Nagash,legendary_lord,wh3_dlc29_nag_nagash,general,general,wh3_dlc29_nag_host_of_nagash|wh3_dlc29_nag_host_of_nagash_qb1,true,false,true,true,false,true,wh3_dlc29_lore_undeath,legendary_lords,wh3_dlc29_skill_node_set_nag_nagash,,1,general,false,false,,,,wh3_dlc29_skill_node_nag_nagash_campaign_11,wh3_dlc29_skill_nag_lord_campaign_undying_legions,Pinnacle of Servitude,,,,,,,,,,,,,,,,,,,,,,,,,,,,wh3_dlc29_skill_node_nag_nagash_campaign_09,wh3_dlc29_skill_nag_lord_campaign_soul_siphon,Soul Material,wh3_dlc29_skill_node_nag_nagash_campaign_11,wh3_dlc29_skill_nag_lord_campaign_undying_legions,Pinnacle of Servitude,SUBSET_REQUIRED,0,1,1,0,0,,,,,,,,,,,character_skill_node_links_tables,wh3_dlc29_skill_node_nag_nagash_campaign_09|wh3_dlc29_skill_node_nag_nagash_campaign_11|SUBSET_REQUIRED
prerequisite,warhammer_3,9.0,25507028,Undead Legions,undead_legions,wh3_dlc29_sc_nag_undead_legions,Nagash,Nagash,legendary_lord,wh3_dlc29_nag_nagash,general,general,wh3_dlc29_nag_host_of_nagash|wh3_dlc29_nag_host_of_nagash_qb1,true,false,true,true,false,true,wh3_dlc29_lore_undeath,legendary_lords,wh3_dlc29_skill_node_set_nag_nagash,,1,general,false,false,,,,wh3_dlc29_skill_node_nag_nagash_campaign_11,wh3_dlc29_skill_nag_lord_campaign_undying_legions,Pinnacle of Servitude,,,,,,,,,,,,,,,,,,,,,,,,,,,,wh3_dlc29_skill_node_nag_nagash_campaign_10,wh3_dlc29_skill_nag_lord_campaign_enthralled,No Will But His,wh3_dlc29_skill_node_nag_nagash_campaign_11,wh3_dlc29_skill_nag_lord_campaign_undying_legions,Pinnacle of Servitude,SUBSET_REQUIRED,0,1,1,0,0,,,,,,,,,,,character_skill_node_links_tables,wh3_dlc29_skill_node_nag_nagash_campaign_10|wh3_dlc29_skill_node_nag_nagash_campaign_11|SUBSET_REQUIRED
prerequisite,warhammer_3,9.0,25507028,Undead Legions,undead_legions,wh3_dlc29_sc_nag_undead_legions,Nagash,Nagash,legendary_lord,wh3_dlc29_nag_nagash,general,general,wh3_dlc29_nag_host_of_nagash|wh3_dlc29_nag_host_of_nagash_qb1,true,false,true,true,false,true,wh3_dlc29_lore_undeath,legendary_lords,wh3_dlc29_skill_node_set_nag_nagash,,1,general,false,false,,,,wh3_dlc29_skill_node_nag_nagash_magic1_02,wh3_dlc29_skill_nag_magic_undeath_02_raise_the_dead,{{tr:unit_abilities_onscreen_name_wh3_dlc29_lore_passive_raise_the_dead}},,,,,,,,,,,,,,,,,,,,,,,,,,,,wh3_dlc29_skill_node_nag_nagash_magic1_01,wh3_dlc29_skill_nag_magic_undeath_01_morkharn_breath_of_darkness,{{tr:unit_abilities_onscreen_name_wh3_dlc29_spell_undeath_morkharn_breath_of_darkness}},wh3_dlc29_skill_node_nag_nagash_magic1_02,wh3_dlc29_skill_nag_magic_undeath_02_raise_the_dead,{{tr:unit_abilities_onscreen_name_wh3_dlc29_lore_passive_raise_the_dead}},REQUIRED,0,0,0,0,0,,,,,,,,,,,character_skill_node_links_tables,wh3_dlc29_skill_node_nag_nagash_magic1_01|wh3_dlc29_skill_node_nag_nagash_magic1_02|REQUIRED
prerequisite,warhammer_3,9.0,25507028,Undead Legions,undead_legions,wh3_dlc29_sc_nag_undead_legions,Nagash,Nagash,legendary_lord,wh3_dlc29_nag_nagash,general,general,wh3_dlc29_nag_host_of_nagash|wh3_dlc29_nag_host_of_nagash_qb1,true,false,true,true,false,true,wh3_dlc29_lore_undeath,legendary_lords,wh3_dlc29_skill_node_set_nag_nagash,,1,general,false,false,,,,wh3_dlc29_skill_node_nag_nagash_magic1_03,wh3_dlc29_skill_nag_magic_undeath_03_sulekhim_the_hand_of_dust,{{tr:unit_abilities_onscreen_name_wh3_dlc29_spell_undeath_sulekhim_hand_of_dust}},,,,,,,,,,,,,,,,,,,,,,,,,,,,wh3_dlc29_skill_node_nag_nagash_magic1_01,wh3_dlc29_skill_nag_magic_undeath_01_morkharn_breath_of_darkness,{{tr:unit_abilities_onscreen_name_wh3_dlc29_spell_undeath_morkharn_breath_of_darkness}},wh3_dlc29_skill_node_nag_nagash_magic1_03,wh3_dlc29_skill_nag_magic_undeath_03_sulekhim_the_hand_of_dust,{{tr:unit_abilities_onscreen_name_wh3_dlc29_spell_undeath_sulekhim_hand_of_dust}},REQUIRED,0,0,0,0,0,,,,,,,,,,,character_skill_node_links_tables,wh3_dlc29_skill_node_nag_nagash_magic1_01|wh3_dlc29_skill_node_nag_nagash_magic1_03|REQUIRED
prerequisite,warhammer_3,9.0,25507028,Undead Legions,undead_legions,wh3_dlc29_sc_nag_undead_legions,Nagash,Nagash,legendary_lord,wh3_dlc29_nag_nagash,general,general,wh3_dlc29_nag_host_of_nagash|wh3_dlc29_nag_host_of_nagash_qb1,true,false,true,true,false,true,wh3_dlc29_lore_undeath,legendary_lords,wh3_dlc29_skill_node_set_nag_nagash,,1,general,false,false,,,,wh3_dlc29_skill_node_nag_nagash_magic1_04,wh3_dlc29_skill_nag_magic_undeath_04_khizaar_the_soulstealer,{{tr:unit_abilities_onscreen_name_wh3_dlc29_spell_undeath_khizaar_the_soulstealer}},,,,,,,,,,,,,,,,,,,,,,,,,,,,wh3_dlc29_skill_node_nag_nagash_magic1_01,wh3_dlc29_skill_nag_magic_undeath_01_morkharn_breath_of_darkness,{{tr:unit_abilities_onscreen_name_wh3_dlc29_spell_undeath_morkharn_breath_of_darkness}},wh3_dlc29_skill_node_nag_nagash_magic1_04,wh3_dlc29_skill_nag_magic_undeath_04_khizaar_the_soulstealer,{{tr:unit_abilities_onscreen_name_wh3_dlc29_spell_undeath_khizaar_the_soulstealer}},REQUIRED,0,0,0,0,0,,,,,,,,,,,character_skill_node_links_tables,wh3_dlc29_skill_node_nag_nagash_magic1_01|wh3_dlc29_skill_node_nag_nagash_magic1_04|REQUIRED
prerequisite,warhammer_3,9.0,25507028,Undead Legions,undead_legions,wh3_dlc29_sc_nag_undead_legions,Nagash,Nagash,legendary_lord,wh3_dlc29_nag_nagash,general,general,wh3_dlc29_nag_host_of_nagash|wh3_dlc29_nag_host_of_nagash_qb1,true,false,true,true,false,true,wh3_dlc29_lore_undeath,legendary_lords,wh3_dlc29_skill_node_set_nag_nagash,,1,general,false,false,,,,wh3_dlc29_skill_node_nag_nagash_magic1_05,wh3_dlc29_skill_nag_magic_undeath_05_Razkhar_the_abyssal_swarm,{{tr:unit_abilities_onscreen_name_wh3_dlc29_spell_undeath_razkhar_the_abyssal_swarm}},,,,,,,,,,,,,,,,,,,,,,,,,,,,wh3_dlc29_skill_node_nag_nagash_magic1_01,wh3_dlc29_skill_nag_magic_undeath_01_morkharn_breath_of_darkness,{{tr:unit_abilities_onscreen_name_wh3_dlc29_spell_undeath_morkharn_breath_of_darkness}},wh3_dlc29_skill_node_nag_nagash_magic1_05,wh3_dlc29_skill_nag_magic_undeath_05_Razkhar_the_abyssal_swarm,{{tr:unit_abilities_onscreen_name_wh3_dlc29_spell_undeath_razkhar_the_abyssal_swarm}},REQUIRED,0,0,0,0,0,,,,,,,,,,,character_skill_node_links_tables,wh3_dlc29_skill_node_nag_nagash_magic1_01|wh3_dlc29_skill_node_nag_nagash_magic1_05|REQUIRED
prerequisite,warhammer_3,9.0,25507028,Undead Legions,undead_legions,wh3_dlc29_sc_nag_undead_legions,Nagash,Nagash,legendary_lord,wh3_dlc29_nag_nagash,general,general,wh3_dlc29_nag_host_of_nagash|wh3_dlc29_nag_host_of_nagash_qb1,true,false,true,true,false,true,wh3_dlc29_lore_undeath,legendary_lords,wh3_dlc29_skill_node_set_nag_nagash,,1,general,false,false,,,,wh3_dlc29_skill_node_nag_nagash_magic1_06,wh_main_skill_all_magic_all_06_evasion,Evasion,,,,,,,,,,,,,,,,,,,,,,,,,,,,wh3_dlc29_skill_node_nag_nagash_magic1_02,wh3_dlc29_skill_nag_magic_undeath_02_raise_the_dead,{{tr:unit_abilities_onscreen_name_wh3_dlc29_lore_passive_raise_the_dead}},wh3_dlc29_skill_node_nag_nagash_magic1_06,wh_main_skill_all_magic_all_06_evasion,Evasion,SUBSET_REQUIRED,0,0,0,0,0,,,,,,,,,,,character_skill_node_links_tables,wh3_dlc29_skill_node_nag_nagash_magic1_02|wh3_dlc29_skill_node_nag_nagash_magic1_06|SUBSET_REQUIRED
prerequisite,warhammer_3,9.0,25507028,Undead Legions,undead_legions,wh3_dlc29_sc_nag_undead_legions,Nagash,Nagash,legendary_lord,wh3_dlc29_nag_nagash,general,general,wh3_dlc29_nag_host_of_nagash|wh3_dlc29_nag_host_of_nagash_qb1,true,false,true,true,false,true,wh3_dlc29_lore_undeath,legendary_lords,wh3_dlc29_skill_node_set_nag_nagash,,1,general,false,false,,,,wh3_dlc29_skill_node_nag_nagash_magic1_06,wh_main_skill_all_magic_all_06_evasion,Evasion,,,,,,,,,,,,,,,,,,,,,,,,,,,,wh3_dlc29_skill_node_nag_nagash_magic1_03,wh3_dlc29_skill_nag_magic_undeath_03_sulekhim_the_hand_of_dust,{{tr:unit_abilities_onscreen_name_wh3_dlc29_spell_undeath_sulekhim_hand_of_dust}},wh3_dlc29_skill_node_nag_nagash_magic1_06,wh_main_skill_all_magic_all_06_evasion,Evasion,SUBSET_REQUIRED,0,0,0,0,0,,,,,,,,,,,character_skill_node_links_tables,wh3_dlc29_skill_node_nag_nagash_magic1_03|wh3_dlc29_skill_node_nag_nagash_magic1_06|SUBSET_REQUIRED
prerequisite,warhammer_3,9.0,25507028,Undead Legions,undead_legions,wh3_dlc29_sc_nag_undead_legions,Nagash,Nagash,legendary_lord,wh3_dlc29_nag_nagash,general,general,wh3_dlc29_nag_host_of_nagash|wh3_dlc29_nag_host_of_nagash_qb1,true,false,true,true,false,true,wh3_dlc29_lore_undeath,legendary_lords,wh3_dlc29_skill_node_set_nag_nagash,,1,general,false,false,,,,wh3_dlc29_skill_node_nag_nagash_magic1_06,wh_main_skill_all_magic_all_06_evasion,Evasion,,,,,,,,,,,,,,,,,,,,,,,,,,,,wh3_dlc29_skill_node_nag_nagash_magic1_04,wh3_dlc29_skill_nag_magic_undeath_04_khizaar_the_soulstealer,{{tr:unit_abilities_onscreen_name_wh3_dlc29_spell_undeath_khizaar_the_soulstealer}},wh3_dlc29_skill_node_nag_nagash_magic1_06,wh_main_skill_all_magic_all_06_evasion,Evasion,SUBSET_REQUIRED,0,0,0,0,0,,,,,,,,,,,character_skill_node_links_tables,wh3_dlc29_skill_node_nag_nagash_magic1_04|wh3_dlc29_skill_node_nag_nagash_magic1_06|SUBSET_REQUIRED
prerequisite,warhammer_3,9.0,25507028,Undead Legions,undead_legions,wh3_dlc29_sc_nag_undead_legions,Nagash,Nagash,legendary_lord,wh3_dlc29_nag_nagash,general,general,wh3_dlc29_nag_host_of_nagash|wh3_dlc29_nag_host_of_nagash_qb1,true,false,true,true,false,true,wh3_dlc29_lore_undeath,legendary_lords,wh3_dlc29_skill_node_set_nag_nagash,,1,general,false,false,,,,wh3_dlc29_skill_node_nag_nagash_magic1_06,wh_main_skill_all_magic_all_06_evasion,Evasion,,,,,,,,,,,,,,,,,,,,,,,,,,,,wh3_dlc29_skill_node_nag_nagash_magic1_05,wh3_dlc29_skill_nag_magic_undeath_05_Razkhar_the_abyssal_swarm,{{tr:unit_abilities_onscreen_name_wh3_dlc29_spell_undeath_razkhar_the_abyssal_swarm}},wh3_dlc29_skill_node_nag_nagash_magic1_06,wh_main_skill_all_magic_all_06_evasion,Evasion,SUBSET_REQUIRED,0,0,0,0,0,,,,,,,,,,,character_skill_node_links_tables,wh3_dlc29_skill_node_nag_nagash_magic1_05|wh3_dlc29_skill_node_nag_nagash_magic1_06|SUBSET_REQUIRED
prerequisite,warhammer_3,9.0,25507028,Undead Legions,undead_legions,wh3_dlc29_sc_nag_undead_legions,Nagash,Nagash,legendary_lord,wh3_dlc29_nag_nagash,general,general,wh3_dlc29_nag_host_of_nagash|wh3_dlc29_nag_host_of_nagash_qb1,true,false,true,true,false,true,wh3_dlc29_lore_undeath,legendary_lords,wh3_dlc29_skill_node_set_nag_nagash,,1,general,false,false,,,,wh3_dlc29_skill_node_nag_nagash_magic1_07,wh3_dlc29_skill_nag_magic_undeath_06_kandorak_the_harbinger,{{tr:unit_abilities_onscreen_name_wh3_dlc29_spell_undeath_kandorak_the_harbinger}},,,,,,,,,,,,,,,,,,,,,,,,,,,,wh3_dlc29_skill_node_nag_nagash_magic1_06,wh_main_skill_all_magic_all_06_evasion,Evasion,wh3_dlc29_skill_node_nag_nagash_magic1_07,wh3_dlc29_skill_nag_magic_undeath_06_kandorak_the_harbinger,{{tr:unit_abilities_onscreen_name_wh3_dlc29_spell_undeath_kandorak_the_harbinger}},REQUIRED,0,0,0,0,0,,,,,,,,,,,character_skill_node_links_tables,wh3_dlc29_skill_node_nag_nagash_magic1_06|wh3_dlc29_skill_node_nag_nagash_magic1_07|REQUIRED
prerequisite,warhammer_3,9.0,25507028,Undead Legions,undead_legions,wh3_dlc29_sc_nag_undead_legions,Nagash,Nagash,legendary_lord,wh3_dlc29_nag_nagash,general,general,wh3_dlc29_nag_host_of_nagash|wh3_dlc29_nag_host_of_nagash_qb1,true,false,true,true,false,true,wh3_dlc29_lore_undeath,legendary_lords,wh3_dlc29_skill_node_set_nag_nagash,,1,general,false,false,,,,wh3_dlc29_skill_node_nag_nagash_magic1_08,wh3_dlc29_skill_nag_magic_undeath_07_akararan_the_dark_riders,{{tr:unit_abilities_onscreen_name_wh3_dlc29_spell_undeath_akararan_the_dark_riders}},,,,,,,,,,,,,,,,,,,,,,,,,,,,wh3_dlc29_skill_node_nag_nagash_magic1_06,wh_main_skill_all_magic_all_06_evasion,Evasion,wh3_dlc29_skill_node_nag_nagash_magic1_08,wh3_dlc29_skill_nag_magic_undeath_07_akararan_the_dark_riders,{{tr:unit_abilities_onscreen_name_wh3_dlc29_spell_undeath_akararan_the_dark_riders}},REQUIRED,0,0,0,0,0,,,,,,,,,,,character_skill_node_links_tables,wh3_dlc29_skill_node_nag_nagash_magic1_06|wh3_dlc29_skill_node_nag_nagash_magic1_08|REQUIRED
prerequisite,warhammer_3,9.0,25507028,Undead Legions,undead_legions,wh3_dlc29_sc_nag_undead_legions,Nagash,Nagash,legendary_lord,wh3_dlc29_nag_nagash,general,general,wh3_dlc29_nag_host_of_nagash|wh3_dlc29_nag_host_of_nagash_qb1,true,false,true,true,false,true,wh3_dlc29_lore_undeath,legendary_lords,wh3_dlc29_skill_node_set_nag_nagash,,1,general,false,false,,,,wh3_dlc29_skill_node_nag_nagash_magic1_09,wh_main_skill_all_magic_all_07_earthing,Earthing,,,,,,,,,,,,,,,,,,,,,,,,,,,,wh3_dlc29_skill_node_nag_nagash_magic1_06,wh_main_skill_all_magic_all_06_evasion,Evasion,wh3_dlc29_skill_node_nag_nagash_magic1_09,wh_main_skill_all_magic_all_07_earthing,Earthing,REQUIRED,0,0,0,0,0,,,,,,,,,,,character_skill_node_links_tables,wh3_dlc29_skill_node_nag_nagash_magic1_06|wh3_dlc29_skill_node_nag_nagash_magic1_09|REQUIRED
prerequisite,warhammer_3,9.0,25507028,Undead Legions,undead_legions,wh3_dlc29_sc_nag_undead_legions,Nagash,Nagash,legendary_lord,wh3_dlc29_nag_nagash,general,general,wh3_dlc29_nag_host_of_nagash|wh3_dlc29_nag_host_of_nagash_qb1,true,false,true,true,false,true,wh3_dlc29_lore_undeath,legendary_lords,wh3_dlc29_skill_node_set_nag_nagash,,1,general,false,false,,,,wh3_dlc29_skill_node_nag_nagash_magic1_10,wh_main_skill_all_magic_all_08_power_drain,Magical Reserves,,,,,,,,,,,,,,,,,,,,,,,,,,,,wh3_dlc29_skill_node_nag_nagash_magic1_06,wh_main_skill_all_magic_all_06_evasion,Evasion,wh3_dlc29_skill_node_nag_nagash_magic1_10,wh_main_skill_all_magic_all_08_power_drain,Magical Reserves,REQUIRED,0,0,0,0,0,,,,,,,,,,,character_skill_node_links_tables,wh3_dlc29_skill_node_nag_nagash_magic1_06|wh3_dlc29_skill_node_nag_nagash_magic1_10|REQUIRED
prerequisite,warhammer_3,9.0,25507028,Undead Legions,undead_legions,wh3_dlc29_sc_nag_undead_legions,Nagash,Nagash,legendary_lord,wh3_dlc29_nag_nagash,general,general,wh3_dlc29_nag_host_of_nagash|wh3_dlc29_nag_host_of_nagash_qb1,true,false,true,true,false,true,wh3_dlc29_lore_undeath,legendary_lords,wh3_dlc29_skill_node_set_nag_nagash,,1,general,false,false,,,,wh3_dlc29_skill_node_nag_nagash_magic1_11,wh2_dlc14_skilll_all_magic_all_greater_arcane_conduit,Greater Arcane Conduit,,,,,,,,,,,,,,,,,,,,,,,,,,,,wh3_dlc29_skill_node_nag_nagash_magic1_07,wh3_dlc29_skill_nag_magic_undeath_06_kandorak_the_harbinger,{{tr:unit_abilities_onscreen_name_wh3_dlc29_spell_undeath_kandorak_the_harbinger}},wh3_dlc29_skill_node_nag_nagash_magic1_11,wh2_dlc14_skilll_all_magic_all_greater_arcane_conduit,Greater Arcane Conduit,SUBSET_REQUIRED,0,0,0,0,0,,,,,,,,,,,character_skill_node_links_tables,wh3_dlc29_skill_node_nag_nagash_magic1_07|wh3_dlc29_skill_node_nag_nagash_magic1_11|SUBSET_REQUIRED
prerequisite,warhammer_3,9.0,25507028,Undead Legions,undead_legions,wh3_dlc29_sc_nag_undead_legions,Nagash,Nagash,legendary_lord,wh3_dlc29_nag_nagash,general,general,wh3_dlc29_nag_host_of_nagash|wh3_dlc29_nag_host_of_nagash_qb1,true,false,true,true,false,true,wh3_dlc29_lore_undeath,legendary_lords,wh3_dlc29_skill_node_set_nag_nagash,,1,general,false,false,,,,wh3_dlc29_skill_node_nag_nagash_magic1_11,wh2_dlc14_skilll_all_magic_all_greater_arcane_conduit,Greater Arcane Conduit,,,,,,,,,,,,,,,,,,,,,,,,,,,,wh3_dlc29_skill_node_nag_nagash_magic1_08,wh3_dlc29_skill_nag_magic_undeath_07_akararan_the_dark_riders,{{tr:unit_abilities_onscreen_name_wh3_dlc29_spell_undeath_akararan_the_dark_riders}},wh3_dlc29_skill_node_nag_nagash_magic1_11,wh2_dlc14_skilll_all_magic_all_greater_arcane_conduit,Greater Arcane Conduit,SUBSET_REQUIRED,0,0,0,0,0,,,,,,,,,,,character_skill_node_links_tables,wh3_dlc29_skill_node_nag_nagash_magic1_08|wh3_dlc29_skill_node_nag_nagash_magic1_11|SUBSET_REQUIRED
prerequisite,warhammer_3,9.0,25507028,Undead Legions,undead_legions,wh3_dlc29_sc_nag_undead_legions,Nagash,Nagash,legendary_lord,wh3_dlc29_nag_nagash,general,general,wh3_dlc29_nag_host_of_nagash|wh3_dlc29_nag_host_of_nagash_qb1,true,false,true,true,false,true,wh3_dlc29_lore_undeath,legendary_lords,wh3_dlc29_skill_node_set_nag_nagash,,1,general,false,false,,,,wh3_dlc29_skill_node_nag_nagash_magic1_11,wh2_dlc14_skilll_all_magic_all_greater_arcane_conduit,Greater Arcane Conduit,,,,,,,,,,,,,,,,,,,,,,,,,,,,wh3_dlc29_skill_node_nag_nagash_magic1_09,wh_main_skill_all_magic_all_07_earthing,Earthing,wh3_dlc29_skill_node_nag_nagash_magic1_11,wh2_dlc14_skilll_all_magic_all_greater_arcane_conduit,Greater Arcane Conduit,SUBSET_REQUIRED,0,0,0,0,0,,,,,,,,,,,character_skill_node_links_tables,wh3_dlc29_skill_node_nag_nagash_magic1_09|wh3_dlc29_skill_node_nag_nagash_magic1_11|SUBSET_REQUIRED
prerequisite,warhammer_3,9.0,25507028,Undead Legions,undead_legions,wh3_dlc29_sc_nag_undead_legions,Nagash,Nagash,legendary_lord,wh3_dlc29_nag_nagash,general,general,wh3_dlc29_nag_host_of_nagash|wh3_dlc29_nag_host_of_nagash_qb1,true,false,true,true,false,true,wh3_dlc29_lore_undeath,legendary_lords,wh3_dlc29_skill_node_set_nag_nagash,,1,general,false,false,,,,wh3_dlc29_skill_node_nag_nagash_magic1_11,wh2_dlc14_skilll_all_magic_all_greater_arcane_conduit,Greater Arcane Conduit,,,,,,,,,,,,,,,,,,,,,,,,,,,,wh3_dlc29_skill_node_nag_nagash_magic1_10,wh_main_skill_all_magic_all_08_power_drain,Magical Reserves,wh3_dlc29_skill_node_nag_nagash_magic1_11,wh2_dlc14_skilll_all_magic_all_greater_arcane_conduit,Greater Arcane Conduit,SUBSET_REQUIRED,0,0,0,0,0,,,,,,,,,,,character_skill_node_links_tables,wh3_dlc29_skill_node_nag_nagash_magic1_10|wh3_dlc29_skill_node_nag_nagash_magic1_11|SUBSET_REQUIRED
prerequisite,warhammer_3,9.0,25507028,Undead Legions,undead_legions,wh3_dlc29_sc_nag_undead_legions,Nagash,Nagash,legendary_lord,wh3_dlc29_nag_nagash,general,general,wh3_dlc29_nag_host_of_nagash|wh3_dlc29_nag_host_of_nagash_qb1,true,false,true,true,false,true,wh3_dlc29_lore_undeath,legendary_lords,wh3_dlc29_skill_node_set_nag_nagash,,1,general,false,false,,,,wh3_dlc29_skill_node_nag_nagash_unique_1_02,wh3_dlc29_skill_nag_nagash_unique_wizard_04,The Great Necromancer,,,,,,,,,,,,,,,,,,,,,,,,,,,,wh3_dlc29_skill_node_nag_nagash_unique_1_01,wh3_dlc29_skill_nag_nagash_unique_wizard_02,Arch-master of Shyish,wh3_dlc29_skill_node_nag_nagash_unique_1_02,wh3_dlc29_skill_nag_nagash_unique_wizard_04,The Great Necromancer,REQUIRED,0,0,0,0,0,,,,,,,,,,,character_skill_node_links_tables,wh3_dlc29_skill_node_nag_nagash_unique_1_01|wh3_dlc29_skill_node_nag_nagash_unique_1_02|REQUIRED
prerequisite,warhammer_3,9.0,25507028,Undead Legions,undead_legions,wh3_dlc29_sc_nag_undead_legions,Nagash,Nagash,legendary_lord,wh3_dlc29_nag_nagash,general,general,wh3_dlc29_nag_host_of_nagash|wh3_dlc29_nag_host_of_nagash_qb1,true,false,true,true,false,true,wh3_dlc29_lore_undeath,legendary_lords,wh3_dlc29_skill_node_set_nag_nagash,,1,general,false,false,,,,wh3_dlc29_skill_node_nag_nagash_unique_1_03,wh3_dlc29_skill_nag_nagash_unique_wizard_05,Heralds of the Accursed One,,,,,,,,,,,,,,,,,,,,,,,,,,,,wh3_dlc29_skill_node_nag_nagash_unique_1_01,wh3_dlc29_skill_nag_nagash_unique_wizard_02,Arch-master of Shyish,wh3_dlc29_skill_node_nag_nagash_unique_1_03,wh3_dlc29_skill_nag_nagash_unique_wizard_05,Heralds of the Accursed One,REQUIRED,0,0,0,0,0,,,,,,,,,,,character_skill_node_links_tables,wh3_dlc29_skill_node_nag_nagash_unique_1_01|wh3_dlc29_skill_node_nag_nagash_unique_1_03|REQUIRED
prerequisite,warhammer_3,9.0,25507028,Undead Legions,undead_legions,wh3_dlc29_sc_nag_undead_legions,Nagash,Nagash,legendary_lord,wh3_dlc29_nag_nagash,general,general,wh3_dlc29_nag_host_of_nagash|wh3_dlc29_nag_host_of_nagash_qb1,true,false,true,true,false,true,wh3_dlc29_lore_undeath,legendary_lords,wh3_dlc29_skill_node_set_nag_nagash,,1,general,false,false,,,,wh3_dlc29_skill_node_nag_nagash_unique_1_04,wh3_dlc29_skill_nag_nagash_unique_wizard_01,The Undying Lord,,,,,,,,,,,,,,,,,,,,,,,,,,,,wh3_dlc29_skill_node_nag_nagash_unique_1_01,wh3_dlc29_skill_nag_nagash_unique_wizard_02,Arch-master of Shyish,wh3_dlc29_skill_node_nag_nagash_unique_1_04,wh3_dlc29_skill_nag_nagash_unique_wizard_01,The Undying Lord,REQUIRED,0,0,0,0,0,,,,,,,,,,,character_skill_node_links_tables,wh3_dlc29_skill_node_nag_nagash_unique_1_01|wh3_dlc29_skill_node_nag_nagash_unique_1_04|REQUIRED
prerequisite,warhammer_3,9.0,25507028,Undead Legions,undead_legions,wh3_dlc29_sc_nag_undead_legions,Nagash,Nagash,legendary_lord,wh3_dlc29_nag_nagash,general,general,wh3_dlc29_nag_host_of_nagash|wh3_dlc29_nag_host_of_nagash_qb1,true,false,true,true,false,true,wh3_dlc29_lore_undeath,legendary_lords,wh3_dlc29_skill_node_set_nag_nagash,,1,general,false,false,,,,wh3_dlc29_skill_node_nag_nagash_unique_1_05,wh3_dlc29_skill_nag_nagash_unique_wizard_03,Architect of the Black Pyramid,,,,,,,,,,,,,,,,,,,,,,,,,,,,wh3_dlc29_skill_node_nag_nagash_unique_1_01,wh3_dlc29_skill_nag_nagash_unique_wizard_02,Arch-master of Shyish,wh3_dlc29_skill_node_nag_nagash_unique_1_05,wh3_dlc29_skill_nag_nagash_unique_wizard_03,Architect of the Black Pyramid,REQUIRED,0,0,0,0,0,,,,,,,,,,,character_skill_node_links_tables,wh3_dlc29_skill_node_nag_nagash_unique_1_01|wh3_dlc29_skill_node_nag_nagash_unique_1_05|REQUIRED
prerequisite,warhammer_3,9.0,25507028,Undead Legions,undead_legions,wh3_dlc29_sc_nag_undead_legions,Nagash,Nagash,legendary_lord,wh3_dlc29_nag_nagash,general,general,wh3_dlc29_nag_host_of_nagash|wh3_dlc29_nag_host_of_nagash_qb1,true,false,true,true,false,true,wh3_dlc29_lore_undeath,legendary_lords,wh3_dlc29_skill_node_set_nag_nagash,,1,general,false,false,,,,wh3_dlc29_skill_node_nag_nagash_unique_1_06,wh3_dlc29_skill_nag_nagash_unique_wizard_06,Supreme Lord of the Undead,,,,,,,,,,,,,,,,,,,,,,,,,,,,wh3_dlc29_skill_node_nag_nagash_unique_1_02,wh3_dlc29_skill_nag_nagash_unique_wizard_04,The Great Necromancer,wh3_dlc29_skill_node_nag_nagash_unique_1_06,wh3_dlc29_skill_nag_nagash_unique_wizard_06,Supreme Lord of the Undead,SUBSET_REQUIRED,0,0,0,0,0,,,,,,,,,,,character_skill_node_links_tables,wh3_dlc29_skill_node_nag_nagash_unique_1_02|wh3_dlc29_skill_node_nag_nagash_unique_1_06|SUBSET_REQUIRED
prerequisite,warhammer_3,9.0,25507028,Undead Legions,undead_legions,wh3_dlc29_sc_nag_undead_legions,Nagash,Nagash,legendary_lord,wh3_dlc29_nag_nagash,general,general,wh3_dlc29_nag_host_of_nagash|wh3_dlc29_nag_host_of_nagash_qb1,true,false,true,true,false,true,wh3_dlc29_lore_undeath,legendary_lords,wh3_dlc29_skill_node_set_nag_nagash,,1,general,false,false,,,,wh3_dlc29_skill_node_nag_nagash_unique_1_06,wh3_dlc29_skill_nag_nagash_unique_wizard_06,Supreme Lord of the Undead,,,,,,,,,,,,,,,,,,,,,,,,,,,,wh3_dlc29_skill_node_nag_nagash_unique_1_03,wh3_dlc29_skill_nag_nagash_unique_wizard_05,Heralds of the Accursed One,wh3_dlc29_skill_node_nag_nagash_unique_1_06,wh3_dlc29_skill_nag_nagash_unique_wizard_06,Supreme Lord of the Undead,SUBSET_REQUIRED,0,0,0,0,0,,,,,,,,,,,character_skill_node_links_tables,wh3_dlc29_skill_node_nag_nagash_unique_1_03|wh3_dlc29_skill_node_nag_nagash_unique_1_06|SUBSET_REQUIRED
prerequisite,warhammer_3,9.0,25507028,Undead Legions,undead_legions,wh3_dlc29_sc_nag_undead_legions,Nagash,Nagash,legendary_lord,wh3_dlc29_nag_nagash,general,general,wh3_dlc29_nag_host_of_nagash|wh3_dlc29_nag_host_of_nagash_qb1,true,false,true,true,false,true,wh3_dlc29_lore_undeath,legendary_lords,wh3_dlc29_skill_node_set_nag_nagash,,1,general,false,false,,,,wh3_dlc29_skill_node_nag_nagash_unique_1_06,wh3_dlc29_skill_nag_nagash_unique_wizard_06,Supreme Lord of the Undead,,,,,,,,,,,,,,,,,,,,,,,,,,,,wh3_dlc29_skill_node_nag_nagash_unique_1_04,wh3_dlc29_skill_nag_nagash_unique_wizard_01,The Undying Lord,wh3_dlc29_skill_node_nag_nagash_unique_1_06,wh3_dlc29_skill_nag_nagash_unique_wizard_06,Supreme Lord of the Undead,SUBSET_REQUIRED,0,0,0,0,0,,,,,,,,,,,character_skill_node_links_tables,wh3_dlc29_skill_node_nag_nagash_unique_1_04|wh3_dlc29_skill_node_nag_nagash_unique_1_06|SUBSET_REQUIRED
prerequisite,warhammer_3,9.0,25507028,Undead Legions,undead_legions,wh3_dlc29_sc_nag_undead_legions,Nagash,Nagash,legendary_lord,wh3_dlc29_nag_nagash,general,general,wh3_dlc29_nag_host_of_nagash|wh3_dlc29_nag_host_of_nagash_qb1,true,false,true,true,false,true,wh3_dlc29_lore_undeath,legendary_lords,wh3_dlc29_skill_node_set_nag_nagash,,1,general,false,false,,,,wh3_dlc29_skill_node_nag_nagash_unique_1_06,wh3_dlc29_skill_nag_nagash_unique_wizard_06,Supreme Lord of the Undead,,,,,,,,,,,,,,,,,,,,,,,,,,,,wh3_dlc29_skill_node_nag_nagash_unique_1_05,wh3_dlc29_skill_nag_nagash_unique_wizard_03,Architect of the Black Pyramid,wh3_dlc29_skill_node_nag_nagash_unique_1_06,wh3_dlc29_skill_nag_nagash_unique_wizard_06,Supreme Lord of the Undead,SUBSET_REQUIRED,0,0,0,0,0,,,,,,,,,,,character_skill_node_links_tables,wh3_dlc29_skill_node_nag_nagash_unique_1_05|wh3_dlc29_skill_node_nag_nagash_unique_1_06|SUBSET_REQUIRED
