record_type,game,patch,steam_build_id,race,race_slug,subculture_key,character_name,character_slug,character_class,agent_subtype_key,primary_agent_type,permitted_agent_types,permitted_faction_keys,is_legendary_lord,is_unique_agent,is_recruitable,show_in_ui,auto_generate,is_caster,magic_lore,recruitment_category,node_set_key,node_set_name,node_set_index,node_set_agent_key,node_set_for_army,node_set_for_navy,node_set_faction_key,node_set_campaign_key,node_set_subculture_key,node_key,skill_key,skill_name,skill_description,skill_icon_path,node_tier,node_indent,points_on_creation,required_num_parents,visible_in_ui,skill_unlocked_at_rank,skill_max_level,skill_level,level_name,level_description,level_unlocked_at_rank,level_image_path,level_campaign_key,level_faction_key,level_subculture_key,effect_key,effect_description,effect_additional_tooltip,effect_scope,effect_value,effect_category,effect_priority,effect_is_positive_value_good,effect_icon,effect_icon_negative,parent_node_key,parent_skill_key,parent_skill_name,child_node_key,child_skill_key,child_skill_name,link_type,initial_descent_tiers,parent_link_position,child_link_position,parent_link_position_offset,child_link_position_offset,locked_skill_key,locked_skill_name,locked_skill_level,ancillary_key,ancillary_name,ancillary_type,ancillary_category,dilemma_key,dilemma_title,dilemma_random_selection,source_table,source_key
character,warhammer_3,9.0,25507028,Skaven,skaven,wh2_main_sc_skv_skaven,Skreech Verminking,Skreech_Verminking,hero,wh3_dlc29_skv_skreech_verminking,champion,champion,wh3_dlc29_skv_clan_scruten,false,true,true,false,false,true,wh3_dlc29_lore_skreech_verminking,,,,,,,,,,,,,,,,,,,,,,,,,,,,,,,,,,,,,,,,,,,,,,,,,,,,,,,,,,,,,,,agent_subtypes_tables,wh3_dlc29_skv_skreech_verminking
node_set,warhammer_3,9.0,25507028,Skaven,skaven,wh2_main_sc_skv_skaven,Skreech Verminking,Skreech_Verminking,hero,wh3_dlc29_skv_skreech_verminking,champion,champion,wh3_dlc29_skv_clan_scruten,false,true,true,false,false,true,wh3_dlc29_lore_skreech_verminking,,wh3_dlc29_skill_node_set_skv_skreech_verminking,,1,champion,false,false,,,,,,,,,,,,,,,,,,,,,,,,,,,,,,,,,,,,,,,,,,,,,,,,,,,,,,,,character_skill_node_sets_tables,wh3_dlc29_skill_node_set_skv_skreech_verminking
node,warhammer_3,9.0,25507028,Skaven,skaven,wh2_main_sc_skv_skaven,Skreech Verminking,Skreech_Verminking,hero,wh3_dlc29_skv_skreech_verminking,champion,champion,wh3_dlc29_skv_clan_scruten,false,true,true,false,false,true,wh3_dlc29_lore_skreech_verminking,,wh3_dlc29_skill_node_set_skv_skreech_verminking,,1,champion,false,false,,,,wh3_dlc29_skill_node_skv_skreech_verminking_unique_0,wh3_dlc29_skill_skv_skreech_verminking_unique_0,Master of Ruin,,character_health.png,0,1,0,0,true,0,1,,,,,,,,,,,,,,,,,,,,,,,,,,,,,,,,,,,,,,,,,character_skill_nodes_tables,wh3_dlc29_skill_node_skv_skreech_verminking_unique_0
skill_level,warhammer_3,9.0,25507028,Skaven,skaven,wh2_main_sc_skv_skaven,Skreech Verminking,Skreech_Verminking,hero,wh3_dlc29_skv_skreech_verminking,champion,champion,wh3_dlc29_skv_clan_scruten,false,true,true,false,false,true,wh3_dlc29_lore_skreech_verminking,,wh3_dlc29_skill_node_set_skv_skreech_verminking,,1,champion,false,false,,,,wh3_dlc29_skill_node_skv_skreech_verminking_unique_0,wh3_dlc29_skill_skv_skreech_verminking_unique_0,Master of Ruin,,character_health.png,0,1,0,0,true,0,1,1,Master of Ruin,,11,x,,,,,,,,,,,,,,,,,,,,,,,,,,,,,,,,,,,,character_skill_level_details_tables,wh3_dlc29_skill_skv_skreech_verminking_unique_0|1|||
effect,warhammer_3,9.0,25507028,Skaven,skaven,wh2_main_sc_skv_skaven,Skreech Verminking,Skreech_Verminking,hero,wh3_dlc29_skv_skreech_verminking,champion,champion,wh3_dlc29_skv_clan_scruten,false,true,true,false,false,true,wh3_dlc29_lore_skreech_verminking,,wh3_dlc29_skill_node_set_skv_skreech_verminking,,1,champion,false,false,,,,wh3_dlc29_skill_node_skv_skreech_verminking_unique_0,wh3_dlc29_skill_skv_skreech_verminking_unique_0,Master of Ruin,,character_health.png,0,1,0,0,true,0,1,1,Master of Ruin,,,,,,,wh2_dlc14_effect_magic_cost_all_lores_percentage,Winds of Magic cost: %+n% for all spells,,character_to_character_own,-10,battle,66,false,magic_character.png,magic_character.png,,,,,,,,,,,,,,,,,,,,,,,character_skill_level_to_effects_junctions_tables,wh3_dlc29_skill_skv_skreech_verminking_unique_0|wh2_dlc14_effect_magic_cost_all_lores_percentage|1|character_to_character_own
effect,warhammer_3,9.0,25507028,Skaven,skaven,wh2_main_sc_skv_skaven,Skreech Verminking,Skreech_Verminking,hero,wh3_dlc29_skv_skreech_verminking,champion,champion,wh3_dlc29_skv_clan_scruten,false,true,true,false,false,true,wh3_dlc29_lore_skreech_verminking,,wh3_dlc29_skill_node_set_skv_skreech_verminking,,1,champion,false,false,,,,wh3_dlc29_skill_node_skv_skreech_verminking_unique_0,wh3_dlc29_skill_skv_skreech_verminking_unique_0,Master of Ruin,,character_health.png,0,1,0,0,true,0,1,1,Master of Ruin,,,,,,,wh3_dlc29_effect_ability_uses_skv_bound_the_dreaded_thirteenth,"Ability number of uses: %+n for ""{{tr:unit_abilities_onscreen_name_wh3_dlc29_spell_bound_the_dreaded_thirteenth}}""",,character_to_character_own,1,battle,900,true,general_ability.png,general_ability.png,,,,,,,,,,,,,,,,,,,,,,,character_skill_level_to_effects_junctions_tables,wh3_dlc29_skill_skv_skreech_verminking_unique_0|wh3_dlc29_effect_ability_uses_skv_bound_the_dreaded_thirteenth|1|character_to_character_own
effect,warhammer_3,9.0,25507028,Skaven,skaven,wh2_main_sc_skv_skaven,Skreech Verminking,Skreech_Verminking,hero,wh3_dlc29_skv_skreech_verminking,champion,champion,wh3_dlc29_skv_clan_scruten,false,true,true,false,false,true,wh3_dlc29_lore_skreech_verminking,,wh3_dlc29_skill_node_set_skv_skreech_verminking,,1,champion,false,false,,,,wh3_dlc29_skill_node_skv_skreech_verminking_unique_0,wh3_dlc29_skill_skv_skreech_verminking_unique_0,Master of Ruin,,character_health.png,0,1,0,0,true,0,1,1,Master of Ruin,,,,,,,wh3_main_effect_winds_of_magic_character,Winds of Magic power reserve: %+n per turn,,character_to_force_own_unseen,3,campaign,4,true,magic_campaign.png,magic_campaign.png,,,,,,,,,,,,,,,,,,,,,,,character_skill_level_to_effects_junctions_tables,wh3_dlc29_skill_skv_skreech_verminking_unique_0|wh3_main_effect_winds_of_magic_character|1|character_to_force_own_unseen
node,warhammer_3,9.0,25507028,Skaven,skaven,wh2_main_sc_skv_skaven,Skreech Verminking,Skreech_Verminking,hero,wh3_dlc29_skv_skreech_verminking,champion,champion,wh3_dlc29_skv_clan_scruten,false,true,true,false,false,true,wh3_dlc29_lore_skreech_verminking,,wh3_dlc29_skill_node_set_skv_skreech_verminking,,1,champion,false,false,,,,wh3_dlc29_skill_node_skv_skreech_verminking_combat_0,wh2_main_skill_skv_combat_tail_weapon,Tail Weapon,"Whether by attachment or mutation, something nasty and spiky on your tail has got to bring no little advantage in battle.",character_attack.png,0,2,0,0,true,0,1,,,,,,,,,,,,,,,,,,,,,,,,,,,,,,,,,,,,,,,,,character_skill_nodes_tables,wh3_dlc29_skill_node_skv_skreech_verminking_combat_0
effect,warhammer_3,9.0,25507028,Skaven,skaven,wh2_main_sc_skv_skaven,Skreech Verminking,Skreech_Verminking,hero,wh3_dlc29_skv_skreech_verminking,champion,champion,wh3_dlc29_skv_clan_scruten,false,true,true,false,false,true,wh3_dlc29_lore_skreech_verminking,,wh3_dlc29_skill_node_set_skv_skreech_verminking,,1,champion,false,false,,,,wh3_dlc29_skill_node_skv_skreech_verminking_combat_0,wh2_main_skill_skv_combat_tail_weapon,Tail Weapon,"Whether by attachment or mutation, something nasty and spiky on your tail has got to bring no little advantage in battle.",character_attack.png,0,2,0,0,true,0,1,1,Tail Weapon,"Whether by attachment or mutation, something nasty and spiky on your tail has got to bring no little advantage in battle.",,,,,,wh_main_effect_character_stat_melee_attack,Melee attack: %+n,,character_to_character_own,3,both,130,true,melee_character.png,melee_character.png,,,,,,,,,,,,,,,,,,,,,,,character_skill_level_to_effects_junctions_tables,wh2_main_skill_skv_combat_tail_weapon|wh_main_effect_character_stat_melee_attack|1|character_to_character_own
effect,warhammer_3,9.0,25507028,Skaven,skaven,wh2_main_sc_skv_skaven,Skreech Verminking,Skreech_Verminking,hero,wh3_dlc29_skv_skreech_verminking,champion,champion,wh3_dlc29_skv_clan_scruten,false,true,true,false,false,true,wh3_dlc29_lore_skreech_verminking,,wh3_dlc29_skill_node_set_skv_skreech_verminking,,1,champion,false,false,,,,wh3_dlc29_skill_node_skv_skreech_verminking_combat_0,wh2_main_skill_skv_combat_tail_weapon,Tail Weapon,"Whether by attachment or mutation, something nasty and spiky on your tail has got to bring no little advantage in battle.",character_attack.png,0,2,0,0,true,0,1,1,Tail Weapon,"Whether by attachment or mutation, something nasty and spiky on your tail has got to bring no little advantage in battle.",,,,,,wh_main_effect_character_stat_weapon_strength,Weapon strength: %+n%,,character_to_character_own,4,both,160,true,weapon_damage_character.png,weapon_damage_character.png,,,,,,,,,,,,,,,,,,,,,,,character_skill_level_to_effects_junctions_tables,wh2_main_skill_skv_combat_tail_weapon|wh_main_effect_character_stat_weapon_strength|1|character_to_character_own
node,warhammer_3,9.0,25507028,Skaven,skaven,wh2_main_sc_skv_skaven,Skreech Verminking,Skreech_Verminking,hero,wh3_dlc29_skv_skreech_verminking,champion,champion,wh3_dlc29_skv_clan_scruten,false,true,true,false,false,true,wh3_dlc29_lore_skreech_verminking,,wh3_dlc29_skill_node_set_skv_skreech_verminking,,1,champion,false,false,,,,wh3_dlc29_skill_node_skv_skreech_verminking_magic_0,wh2_main_skill_all_magic_ruin_01_warp_lightning,Warp Lightning,,wh2_main_spell_ruin_warp_lightning.png,0,3,0,0,true,0,2,,,,,,,,,,,,,,,,,,,,,,,,,,,,,,,,,,,,,,,,,character_skill_nodes_tables,wh3_dlc29_skill_node_skv_skreech_verminking_magic_0
effect,warhammer_3,9.0,25507028,Skaven,skaven,wh2_main_sc_skv_skaven,Skreech Verminking,Skreech_Verminking,hero,wh3_dlc29_skv_skreech_verminking,champion,champion,wh3_dlc29_skv_clan_scruten,false,true,true,false,false,true,wh3_dlc29_lore_skreech_verminking,,wh3_dlc29_skill_node_set_skv_skreech_verminking,,1,champion,false,false,,,,wh3_dlc29_skill_node_skv_skreech_verminking_magic_0,wh2_main_skill_all_magic_ruin_01_warp_lightning,Warp Lightning,,wh2_main_spell_ruin_warp_lightning.png,0,3,0,0,true,0,2,1,Warp Lightning,,,,,,,wh2_main_effect_ability_cooldown_warp_lightning,"Cooldown: %+n% to ""Warp Lightning""",,character_to_character_own,-30,both,293,false,magic_cooldown.png,magic_cooldown.png,,,,,,,,,,,,,,,,,,,,,,,character_skill_level_to_effects_junctions_tables,wh2_main_skill_all_magic_ruin_01_warp_lightning|wh2_main_effect_ability_cooldown_warp_lightning|1|character_to_character_own
effect,warhammer_3,9.0,25507028,Skaven,skaven,wh2_main_sc_skv_skaven,Skreech Verminking,Skreech_Verminking,hero,wh3_dlc29_skv_skreech_verminking,champion,champion,wh3_dlc29_skv_clan_scruten,false,true,true,false,false,true,wh3_dlc29_lore_skreech_verminking,,wh3_dlc29_skill_node_set_skv_skreech_verminking,,1,champion,false,false,,,,wh3_dlc29_skill_node_skv_skreech_verminking_magic_0,wh2_main_skill_all_magic_ruin_01_warp_lightning,Warp Lightning,,wh2_main_spell_ruin_warp_lightning.png,0,3,0,0,true,0,2,1,Warp Lightning,,,,,,,wh2_main_effect_ability_overcast_warp_lightning,"Overcast spell: ""Warp Lightning Upgraded""",,character_to_character_own,1,both,292,true,magic_character.png,magic_character.png,,,,,,,,,,,,,,,,,,,,,,,character_skill_level_to_effects_junctions_tables,wh2_main_skill_all_magic_ruin_01_warp_lightning|wh2_main_effect_ability_overcast_warp_lightning|1|character_to_character_own
effect,warhammer_3,9.0,25507028,Skaven,skaven,wh2_main_sc_skv_skaven,Skreech Verminking,Skreech_Verminking,hero,wh3_dlc29_skv_skreech_verminking,champion,champion,wh3_dlc29_skv_clan_scruten,false,true,true,false,false,true,wh3_dlc29_lore_skreech_verminking,,wh3_dlc29_skill_node_set_skv_skreech_verminking,,1,champion,false,false,,,,wh3_dlc29_skill_node_skv_skreech_verminking_magic_0,wh2_main_skill_all_magic_ruin_01_warp_lightning,Warp Lightning,,wh2_main_spell_ruin_warp_lightning.png,0,3,0,0,true,0,2,2,Warp Lightning,,,,,,,wh2_main_effect_ability_cooldown_warp_lightning,"Cooldown: %+n% to ""Warp Lightning""",,character_to_character_own,-50,both,293,false,magic_cooldown.png,magic_cooldown.png,,,,,,,,,,,,,,,,,,,,,,,character_skill_level_to_effects_junctions_tables,wh2_main_skill_all_magic_ruin_01_warp_lightning|wh2_main_effect_ability_cooldown_warp_lightning|2|character_to_character_own
effect,warhammer_3,9.0,25507028,Skaven,skaven,wh2_main_sc_skv_skaven,Skreech Verminking,Skreech_Verminking,hero,wh3_dlc29_skv_skreech_verminking,champion,champion,wh3_dlc29_skv_clan_scruten,false,true,true,false,false,true,wh3_dlc29_lore_skreech_verminking,,wh3_dlc29_skill_node_set_skv_skreech_verminking,,1,champion,false,false,,,,wh3_dlc29_skill_node_skv_skreech_verminking_magic_0,wh2_main_skill_all_magic_ruin_01_warp_lightning,Warp Lightning,,wh2_main_spell_ruin_warp_lightning.png,0,3,0,0,true,0,2,2,Warp Lightning,,,,,,,wh2_main_effect_ability_miscast_warp_lightning_upgrade,"Miscast base chance: %+n% for ""Warp Lightning Upgraded""",,character_to_character_own,-15,both,298,false,magic.png,magic.png,,,,,,,,,,,,,,,,,,,,,,,character_skill_level_to_effects_junctions_tables,wh2_main_skill_all_magic_ruin_01_warp_lightning|wh2_main_effect_ability_miscast_warp_lightning_upgrade|2|character_to_character_own
effect,warhammer_3,9.0,25507028,Skaven,skaven,wh2_main_sc_skv_skaven,Skreech Verminking,Skreech_Verminking,hero,wh3_dlc29_skv_skreech_verminking,champion,champion,wh3_dlc29_skv_clan_scruten,false,true,true,false,false,true,wh3_dlc29_lore_skreech_verminking,,wh3_dlc29_skill_node_set_skv_skreech_verminking,,1,champion,false,false,,,,wh3_dlc29_skill_node_skv_skreech_verminking_magic_0,wh2_main_skill_all_magic_ruin_01_warp_lightning,Warp Lightning,,wh2_main_spell_ruin_warp_lightning.png,0,3,0,0,true,0,2,2,Warp Lightning,,,,,,,wh2_main_effect_ability_overcast_warp_lightning,"Overcast spell: ""Warp Lightning Upgraded""",,character_to_character_own,1,both,292,true,magic_character.png,magic_character.png,,,,,,,,,,,,,,,,,,,,,,,character_skill_level_to_effects_junctions_tables,wh2_main_skill_all_magic_ruin_01_warp_lightning|wh2_main_effect_ability_overcast_warp_lightning|2|character_to_character_own
effect,warhammer_3,9.0,25507028,Skaven,skaven,wh2_main_sc_skv_skaven,Skreech Verminking,Skreech_Verminking,hero,wh3_dlc29_skv_skreech_verminking,champion,champion,wh3_dlc29_skv_clan_scruten,false,true,true,false,false,true,wh3_dlc29_lore_skreech_verminking,,wh3_dlc29_skill_node_set_skv_skreech_verminking,,1,champion,false,false,,,,wh3_dlc29_skill_node_skv_skreech_verminking_magic_0,wh2_main_skill_all_magic_ruin_01_warp_lightning,Warp Lightning,,wh2_main_spell_ruin_warp_lightning.png,0,3,0,0,true,0,2,2,Warp Lightning,,,,,,,wh2_main_effect_ability_wom_cost_warp_lightning,"Winds of Magic cost: %n for ""Warp Lightning""",,character_to_character_own,-1,both,294,false,magic_character.png,magic_character.png,,,,,,,,,,,,,,,,,,,,,,,character_skill_level_to_effects_junctions_tables,wh2_main_skill_all_magic_ruin_01_warp_lightning|wh2_main_effect_ability_wom_cost_warp_lightning|2|character_to_character_own
effect,warhammer_3,9.0,25507028,Skaven,skaven,wh2_main_sc_skv_skaven,Skreech Verminking,Skreech_Verminking,hero,wh3_dlc29_skv_skreech_verminking,champion,champion,wh3_dlc29_skv_clan_scruten,false,true,true,false,false,true,wh3_dlc29_lore_skreech_verminking,,wh3_dlc29_skill_node_set_skv_skreech_verminking,,1,champion,false,false,,,,wh3_dlc29_skill_node_skv_skreech_verminking_magic_0,wh2_main_skill_all_magic_ruin_01_warp_lightning,Warp Lightning,,wh2_main_spell_ruin_warp_lightning.png,0,3,0,0,true,0,2,2,Warp Lightning,,,,,,,wh2_main_effect_ability_wom_cost_warp_lightning_upgrade,"Winds of Magic cost: %n for ""Warp Lightning Upgraded""",,character_to_character_own,-2,both,295,false,magic_character.png,magic_character.png,,,,,,,,,,,,,,,,,,,,,,,character_skill_level_to_effects_junctions_tables,wh2_main_skill_all_magic_ruin_01_warp_lightning|wh2_main_effect_ability_wom_cost_warp_lightning_upgrade|2|character_to_character_own
node,warhammer_3,9.0,25507028,Skaven,skaven,wh2_main_sc_skv_skaven,Skreech Verminking,Skreech_Verminking,hero,wh3_dlc29_skv_skreech_verminking,champion,champion,wh3_dlc29_skv_clan_scruten,false,true,true,false,false,true,wh3_dlc29_lore_skreech_verminking,,wh3_dlc29_skill_node_set_skv_skreech_verminking,,1,champion,false,false,,,,wh3_dlc29_skill_node_skv_skreech_verminking_unit_buff_1,wh3_dlc29_skill_skv_skreech_verminking_unit_buff_1,Black-Clad Killers,"""Sneakier than thou"" has ever been Clan Eshin's way, to great effect across the Under-Empire and beyond.",wh2_main_unit_abilities_concealment_bombs.png,0,4,0,0,true,13,1,,,,,,,,,,,,,,,,,,,,,,,,,,,,,,,,,,,,,,,,,character_skill_nodes_tables,wh3_dlc29_skill_node_skv_skreech_verminking_unit_buff_1
skill_level,warhammer_3,9.0,25507028,Skaven,skaven,wh2_main_sc_skv_skaven,Skreech Verminking,Skreech_Verminking,hero,wh3_dlc29_skv_skreech_verminking,champion,champion,wh3_dlc29_skv_clan_scruten,false,true,true,false,false,true,wh3_dlc29_lore_skreech_verminking,,wh3_dlc29_skill_node_set_skv_skreech_verminking,,1,champion,false,false,,,,wh3_dlc29_skill_node_skv_skreech_verminking_unit_buff_1,wh3_dlc29_skill_skv_skreech_verminking_unit_buff_1,Black-Clad Killers,"""Sneakier than thou"" has ever been Clan Eshin's way, to great effect across the Under-Empire and beyond.",wh2_main_unit_abilities_concealment_bombs.png,0,4,0,0,true,13,1,1,Black-Clad Killers,"""Sneakier than thou"" has ever been Clan Eshin's way, to great effect across the Under-Empire and beyond.",12,x,,,,,,,,,,,,,,,,,,,,,,,,,,,,,,,,,,,,character_skill_level_details_tables,wh3_dlc29_skill_skv_skreech_verminking_unit_buff_1|1|||
effect,warhammer_3,9.0,25507028,Skaven,skaven,wh2_main_sc_skv_skaven,Skreech Verminking,Skreech_Verminking,hero,wh3_dlc29_skv_skreech_verminking,champion,champion,wh3_dlc29_skv_clan_scruten,false,true,true,false,false,true,wh3_dlc29_lore_skreech_verminking,,wh3_dlc29_skill_node_set_skv_skreech_verminking,,1,champion,false,false,,,,wh3_dlc29_skill_node_skv_skreech_verminking_unit_buff_1,wh3_dlc29_skill_skv_skreech_verminking_unit_buff_1,Black-Clad Killers,"""Sneakier than thou"" has ever been Clan Eshin's way, to great effect across the Under-Empire and beyond.",wh2_main_unit_abilities_concealment_bombs.png,0,4,0,0,true,13,1,1,Black-Clad Killers,"""Sneakier than thou"" has ever been Clan Eshin's way, to great effect across the Under-Empire and beyond.",,,,,,wh_main_effect_agent_action_success_chance,Hero action success chance: %+n%,,character_to_character_own_factionwide,10,campaign,101,true,agent.png,agent.png,,,,,,,,,,,,,,,,,,,,,,,character_skill_level_to_effects_junctions_tables,wh3_dlc29_skill_skv_skreech_verminking_unit_buff_1|wh_main_effect_agent_action_success_chance|1|character_to_character_own_factionwide
effect,warhammer_3,9.0,25507028,Skaven,skaven,wh2_main_sc_skv_skaven,Skreech Verminking,Skreech_Verminking,hero,wh3_dlc29_skv_skreech_verminking,champion,champion,wh3_dlc29_skv_clan_scruten,false,true,true,false,false,true,wh3_dlc29_lore_skreech_verminking,,wh3_dlc29_skill_node_set_skv_skreech_verminking,,1,champion,false,false,,,,wh3_dlc29_skill_node_skv_skreech_verminking_unit_buff_1,wh3_dlc29_skill_skv_skreech_verminking_unit_buff_1,Black-Clad Killers,"""Sneakier than thou"" has ever been Clan Eshin's way, to great effect across the Under-Empire and beyond.",wh2_main_unit_abilities_concealment_bombs.png,0,4,0,0,true,13,1,1,Black-Clad Killers,"""Sneakier than thou"" has ever been Clan Eshin's way, to great effect across the Under-Empire and beyond.",,,,,,wh3_dlc29_effect_ability_enable_warp_step,"Ability: ""{{tr:unit_abilities_onscreen_name_wh3_dlc29_lord_abilities_warp_step}}""",,character_to_character_own,1,battle,300,true,general_ability.png,general_ability.png,,,,,,,,,,,,,,,,,,,,,,,character_skill_level_to_effects_junctions_tables,wh3_dlc29_skill_skv_skreech_verminking_unit_buff_1|wh3_dlc29_effect_ability_enable_warp_step|1|character_to_character_own
effect,warhammer_3,9.0,25507028,Skaven,skaven,wh2_main_sc_skv_skaven,Skreech Verminking,Skreech_Verminking,hero,wh3_dlc29_skv_skreech_verminking,champion,champion,wh3_dlc29_skv_clan_scruten,false,true,true,false,false,true,wh3_dlc29_lore_skreech_verminking,,wh3_dlc29_skill_node_set_skv_skreech_verminking,,1,champion,false,false,,,,wh3_dlc29_skill_node_skv_skreech_verminking_unit_buff_1,wh3_dlc29_skill_skv_skreech_verminking_unit_buff_1,Black-Clad Killers,"""Sneakier than thou"" has ever been Clan Eshin's way, to great effect across the Under-Empire and beyond.",wh2_main_unit_abilities_concealment_bombs.png,0,4,0,0,true,13,1,1,Black-Clad Killers,"""Sneakier than thou"" has ever been Clan Eshin's way, to great effect across the Under-Empire and beyond.",,,,,,wh3_dlc29_effect_force_stat_ap_damage_skv_eshin,Armour-piercing weapon and missile damage: %+n for Eshin units,,agent_to_parent_army_own,3,both,250,true,armour_piercing_character.png,armour_piercing_character.png,,,,,,,,,,,,,,,,,,,,,,,character_skill_level_to_effects_junctions_tables,wh3_dlc29_skill_skv_skreech_verminking_unit_buff_1|wh3_dlc29_effect_force_stat_ap_damage_skv_eshin|1|agent_to_parent_army_own
effect,warhammer_3,9.0,25507028,Skaven,skaven,wh2_main_sc_skv_skaven,Skreech Verminking,Skreech_Verminking,hero,wh3_dlc29_skv_skreech_verminking,champion,champion,wh3_dlc29_skv_clan_scruten,false,true,true,false,false,true,wh3_dlc29_lore_skreech_verminking,,wh3_dlc29_skill_node_set_skv_skreech_verminking,,1,champion,false,false,,,,wh3_dlc29_skill_node_skv_skreech_verminking_unit_buff_1,wh3_dlc29_skill_skv_skreech_verminking_unit_buff_1,Black-Clad Killers,"""Sneakier than thou"" has ever been Clan Eshin's way, to great effect across the Under-Empire and beyond.",wh2_main_unit_abilities_concealment_bombs.png,0,4,0,0,true,13,1,1,Black-Clad Killers,"""Sneakier than thou"" has ever been Clan Eshin's way, to great effect across the Under-Empire and beyond.",,,,,,wh3_dlc29_effect_force_stat_speed_skv_eshin,Speed: %+n% for Eshin units,,agent_to_parent_army_own,10,battle,422,true,battle_movement.png,battle_movement.png,,,,,,,,,,,,,,,,,,,,,,,character_skill_level_to_effects_junctions_tables,wh3_dlc29_skill_skv_skreech_verminking_unit_buff_1|wh3_dlc29_effect_force_stat_speed_skv_eshin|1|agent_to_parent_army_own
node,warhammer_3,9.0,25507028,Skaven,skaven,wh2_main_sc_skv_skaven,Skreech Verminking,Skreech_Verminking,hero,wh3_dlc29_skv_skreech_verminking,champion,champion,wh3_dlc29_skv_clan_scruten,false,true,true,false,false,true,wh3_dlc29_lore_skreech_verminking,,wh3_dlc29_skill_node_set_skv_skreech_verminking,,1,champion,false,false,,,,wh3_dlc29_skill_node_skv_skreech_verminking_campaign_01,wh2_main_skill_all_hero_assist_army_training,{{tr:agent_action_name_training}},This champion extols discipline and fear away from the battlefield as much as on it.,campaign_experience.png,0,5,0,0,true,0,3,,,,,,,,,,,,,,,,,,,,,,,,,,,,,,,,,,,,,,,,,character_skill_nodes_tables,wh3_dlc29_skill_node_skv_skreech_verminking_campaign_01
skill_level,warhammer_3,9.0,25507028,Skaven,skaven,wh2_main_sc_skv_skaven,Skreech Verminking,Skreech_Verminking,hero,wh3_dlc29_skv_skreech_verminking,champion,champion,wh3_dlc29_skv_clan_scruten,false,true,true,false,false,true,wh3_dlc29_lore_skreech_verminking,,wh3_dlc29_skill_node_set_skv_skreech_verminking,,1,champion,false,false,,,,wh3_dlc29_skill_node_skv_skreech_verminking_campaign_01,wh2_main_skill_all_hero_assist_army_training,{{tr:agent_action_name_training}},This champion extols discipline and fear away from the battlefield as much as on it.,campaign_experience.png,0,5,0,0,true,0,3,2,{{tr:agent_action_name_training}},This champion extols discipline and fear away from the battlefield as much as on it.,4,x,,,,,,,,,,,,,,,,,,,,,,,,,,,,,,,,,,,,character_skill_level_details_tables,wh2_main_skill_all_hero_assist_army_training|2|||
skill_level,warhammer_3,9.0,25507028,Skaven,skaven,wh2_main_sc_skv_skaven,Skreech Verminking,Skreech_Verminking,hero,wh3_dlc29_skv_skreech_verminking,champion,champion,wh3_dlc29_skv_clan_scruten,false,true,true,false,false,true,wh3_dlc29_lore_skreech_verminking,,wh3_dlc29_skill_node_set_skv_skreech_verminking,,1,champion,false,false,,,,wh3_dlc29_skill_node_skv_skreech_verminking_campaign_01,wh2_main_skill_all_hero_assist_army_training,{{tr:agent_action_name_training}},This champion extols discipline and fear away from the battlefield as much as on it.,campaign_experience.png,0,5,0,0,true,0,3,3,{{tr:agent_action_name_training}},This champion extols discipline and fear away from the battlefield as much as on it.,9,x,,,,,,,,,,,,,,,,,,,,,,,,,,,,,,,,,,,,character_skill_level_details_tables,wh2_main_skill_all_hero_assist_army_training|3|||
effect,warhammer_3,9.0,25507028,Skaven,skaven,wh2_main_sc_skv_skaven,Skreech Verminking,Skreech_Verminking,hero,wh3_dlc29_skv_skreech_verminking,champion,champion,wh3_dlc29_skv_clan_scruten,false,true,true,false,false,true,wh3_dlc29_lore_skreech_verminking,,wh3_dlc29_skill_node_set_skv_skreech_verminking,,1,champion,false,false,,,,wh3_dlc29_skill_node_skv_skreech_verminking_campaign_01,wh2_main_skill_all_hero_assist_army_training,{{tr:agent_action_name_training}},This champion extols discipline and fear away from the battlefield as much as on it.,campaign_experience.png,0,5,0,0,true,0,3,1,{{tr:agent_action_name_training}},This champion extols discipline and fear away from the battlefield as much as on it.,,,,,,wh2_main_effect_agent_action_assist_army_training_buff,[[col:yellow]]{{tr:agent_action_name_training}}[[/col]] action: Unit experience gain is increased by an additional %n%,[[col:yellow]]{{tr:agent_action_name_training}}[[/col]] (Assist Army)\\nIncreases experience gain for units serving in the parent army.,character_to_character_own,10,campaign,7,true,experience.png,experience.png,,,,,,,,,,,,,,,,,,,,,,,character_skill_level_to_effects_junctions_tables,wh2_main_skill_all_hero_assist_army_training|wh2_main_effect_agent_action_assist_army_training_buff|1|character_to_character_own
effect,warhammer_3,9.0,25507028,Skaven,skaven,wh2_main_sc_skv_skaven,Skreech Verminking,Skreech_Verminking,hero,wh3_dlc29_skv_skreech_verminking,champion,champion,wh3_dlc29_skv_clan_scruten,false,true,true,false,false,true,wh3_dlc29_lore_skreech_verminking,,wh3_dlc29_skill_node_set_skv_skreech_verminking,,1,champion,false,false,,,,wh3_dlc29_skill_node_skv_skreech_verminking_campaign_01,wh2_main_skill_all_hero_assist_army_training,{{tr:agent_action_name_training}},This champion extols discipline and fear away from the battlefield as much as on it.,campaign_experience.png,0,5,0,0,true,0,3,2,{{tr:agent_action_name_training}},This champion extols discipline and fear away from the battlefield as much as on it.,,,,,,wh2_main_effect_agent_action_assist_army_training_buff,[[col:yellow]]{{tr:agent_action_name_training}}[[/col]] action: Unit experience gain is increased by an additional %n%,[[col:yellow]]{{tr:agent_action_name_training}}[[/col]] (Assist Army)\\nIncreases experience gain for units serving in the parent army.,character_to_character_own,20,campaign,7,true,experience.png,experience.png,,,,,,,,,,,,,,,,,,,,,,,character_skill_level_to_effects_junctions_tables,wh2_main_skill_all_hero_assist_army_training|wh2_main_effect_agent_action_assist_army_training_buff|2|character_to_character_own
effect,warhammer_3,9.0,25507028,Skaven,skaven,wh2_main_sc_skv_skaven,Skreech Verminking,Skreech_Verminking,hero,wh3_dlc29_skv_skreech_verminking,champion,champion,wh3_dlc29_skv_clan_scruten,false,true,true,false,false,true,wh3_dlc29_lore_skreech_verminking,,wh3_dlc29_skill_node_set_skv_skreech_verminking,,1,champion,false,false,,,,wh3_dlc29_skill_node_skv_skreech_verminking_campaign_01,wh2_main_skill_all_hero_assist_army_training,{{tr:agent_action_name_training}},This champion extols discipline and fear away from the battlefield as much as on it.,campaign_experience.png,0,5,0,0,true,0,3,3,{{tr:agent_action_name_training}},This champion extols discipline and fear away from the battlefield as much as on it.,,,,,,wh2_main_effect_agent_action_assist_army_training_buff,[[col:yellow]]{{tr:agent_action_name_training}}[[/col]] action: Unit experience gain is increased by an additional %n%,[[col:yellow]]{{tr:agent_action_name_training}}[[/col]] (Assist Army)\\nIncreases experience gain for units serving in the parent army.,character_to_character_own,30,campaign,7,true,experience.png,experience.png,,,,,,,,,,,,,,,,,,,,,,,character_skill_level_to_effects_junctions_tables,wh2_main_skill_all_hero_assist_army_training|wh2_main_effect_agent_action_assist_army_training_buff|3|character_to_character_own
node,warhammer_3,9.0,25507028,Skaven,skaven,wh2_main_sc_skv_skaven,Skreech Verminking,Skreech_Verminking,hero,wh3_dlc29_skv_skreech_verminking,champion,champion,wh3_dlc29_skv_clan_scruten,false,true,true,false,false,true,wh3_dlc29_lore_skreech_verminking,,wh3_dlc29_skill_node_set_skv_skreech_verminking,,1,champion,false,false,,,,wh3_dlc29_skill_node_innate_skv_skreech,wh3_dlc29_skill_innate_skv_skreech,A Verminlord Like No Other,The Horned Rat formed the twisted shape into a form pleasing to him and anointed it with his own godly power.,trait_skaven.png,0,7,1,0,false,0,1,,,,,,,,,,,,,,,,,,,,,,,,,,,,,,,,,,,,,,,,,character_skill_nodes_tables,wh3_dlc29_skill_node_innate_skv_skreech
effect,warhammer_3,9.0,25507028,Skaven,skaven,wh2_main_sc_skv_skaven,Skreech Verminking,Skreech_Verminking,hero,wh3_dlc29_skv_skreech_verminking,champion,champion,wh3_dlc29_skv_clan_scruten,false,true,true,false,false,true,wh3_dlc29_lore_skreech_verminking,,wh3_dlc29_skill_node_set_skv_skreech_verminking,,1,champion,false,false,,,,wh3_dlc29_skill_node_innate_skv_skreech,wh3_dlc29_skill_innate_skv_skreech,A Verminlord Like No Other,The Horned Rat formed the twisted shape into a form pleasing to him and anointed it with his own godly power.,trait_skaven.png,0,7,1,0,false,0,1,1,A Verminlord Like No Other,The Horned Rat formed the twisted shape into a form pleasing to him and anointed it with his own godly power.,,,,,,wh2_main_faction_political_diplomacy_mod_skaven,Diplomatic relations: %+n with Skaven,,character_to_faction_unseen,10,campaign,5,true,diplomacy.png,diplomacy.png,,,,,,,,,,,,,,,,,,,,,,,character_skill_level_to_effects_junctions_tables,wh3_dlc29_skill_innate_skv_skreech|wh2_main_faction_political_diplomacy_mod_skaven|1|character_to_faction_unseen
effect,warhammer_3,9.0,25507028,Skaven,skaven,wh2_main_sc_skv_skaven,Skreech Verminking,Skreech_Verminking,hero,wh3_dlc29_skv_skreech_verminking,champion,champion,wh3_dlc29_skv_clan_scruten,false,true,true,false,false,true,wh3_dlc29_lore_skreech_verminking,,wh3_dlc29_skill_node_set_skv_skreech_verminking,,1,champion,false,false,,,,wh3_dlc29_skill_node_innate_skv_skreech,wh3_dlc29_skill_innate_skv_skreech,A Verminlord Like No Other,The Horned Rat formed the twisted shape into a form pleasing to him and anointed it with his own godly power.,trait_skaven.png,0,7,1,0,false,0,1,1,A Verminlord Like No Other,The Horned Rat formed the twisted shape into a form pleasing to him and anointed it with his own godly power.,,,,,,wh3_dlc29_effect_ability_bound_the_dreaded_thirteenth,Ability: {{tr:unit_abilities_onscreen_name_wh3_dlc29_spell_bound_the_dreaded_thirteenth}},,character_to_character_own,1,battle,100,true,magic_character.png,magic_character.png,,,,,,,,,,,,,,,,,,,,,,,character_skill_level_to_effects_junctions_tables,wh3_dlc29_skill_innate_skv_skreech|wh3_dlc29_effect_ability_bound_the_dreaded_thirteenth|1|character_to_character_own
effect,warhammer_3,9.0,25507028,Skaven,skaven,wh2_main_sc_skv_skaven,Skreech Verminking,Skreech_Verminking,hero,wh3_dlc29_skv_skreech_verminking,champion,champion,wh3_dlc29_skv_clan_scruten,false,true,true,false,false,true,wh3_dlc29_lore_skreech_verminking,,wh3_dlc29_skill_node_set_skv_skreech_verminking,,1,champion,false,false,,,,wh3_dlc29_skill_node_innate_skv_skreech,wh3_dlc29_skill_innate_skv_skreech,A Verminlord Like No Other,The Horned Rat formed the twisted shape into a form pleasing to him and anointed it with his own godly power.,trait_skaven.png,0,7,1,0,false,0,1,1,A Verminlord Like No Other,The Horned Rat formed the twisted shape into a form pleasing to him and anointed it with his own godly power.,,,,,,wh3_dlc29_effect_character_mod_loyalty_per_turn,Loyalty: %+n on turn start,,agent_to_parent_army_general_own,1,campaign,250,true,loyalty.png,loyalty.png,,,,,,,,,,,,,,,,,,,,,,,character_skill_level_to_effects_junctions_tables,wh3_dlc29_skill_innate_skv_skreech|wh3_dlc29_effect_character_mod_loyalty_per_turn|1|agent_to_parent_army_general_own
effect,warhammer_3,9.0,25507028,Skaven,skaven,wh2_main_sc_skv_skaven,Skreech Verminking,Skreech_Verminking,hero,wh3_dlc29_skv_skreech_verminking,champion,champion,wh3_dlc29_skv_clan_scruten,false,true,true,false,false,true,wh3_dlc29_lore_skreech_verminking,,wh3_dlc29_skill_node_set_skv_skreech_verminking,,1,champion,false,false,,,,wh3_dlc29_skill_node_innate_skv_skreech,wh3_dlc29_skill_innate_skv_skreech,A Verminlord Like No Other,The Horned Rat formed the twisted shape into a form pleasing to him and anointed it with his own godly power.,trait_skaven.png,0,7,1,0,false,0,1,1,A Verminlord Like No Other,The Horned Rat formed the twisted shape into a form pleasing to him and anointed it with his own godly power.,,,,,,wh3_dlc29_effect_character_mod_loyalty_per_turn_chance_increase,Hidden effect that sets START_TURN loyalty event to 100%,,agent_to_parent_army_general_own,100,campaign,0,true,loyalty.png,loyalty.png,,,,,,,,,,,,,,,,,,,,,,,character_skill_level_to_effects_junctions_tables,wh3_dlc29_skill_innate_skv_skreech|wh3_dlc29_effect_character_mod_loyalty_per_turn_chance_increase|1|agent_to_parent_army_general_own
node,warhammer_3,9.0,25507028,Skaven,skaven,wh2_main_sc_skv_skaven,Skreech Verminking,Skreech_Verminking,hero,wh3_dlc29_skv_skreech_verminking,champion,champion,wh3_dlc29_skv_clan_scruten,false,true,true,false,false,true,wh3_dlc29_lore_skreech_verminking,,wh3_dlc29_skill_node_set_skv_skreech_verminking,,1,champion,false,false,,,,wh3_dlc29_skill_node_skv_skreech_verminking_actions_dummy,wh3_dlc29_skill_all_dummy_agent_actions_skv_skreech_verminking,Actions [HIDDEN],,battle_attack.png,0,8,1,0,false,0,1,,,,,,,,,,,,,,,,,,,,,,,,,,,,,,,,,,,,,,,,,character_skill_nodes_tables,wh3_dlc29_skill_node_skv_skreech_verminking_actions_dummy
effect,warhammer_3,9.0,25507028,Skaven,skaven,wh2_main_sc_skv_skaven,Skreech Verminking,Skreech_Verminking,hero,wh3_dlc29_skv_skreech_verminking,champion,champion,wh3_dlc29_skv_clan_scruten,false,true,true,false,false,true,wh3_dlc29_lore_skreech_verminking,,wh3_dlc29_skill_node_set_skv_skreech_verminking,,1,champion,false,false,,,,wh3_dlc29_skill_node_skv_skreech_verminking_actions_dummy,wh3_dlc29_skill_all_dummy_agent_actions_skv_skreech_verminking,Actions [HIDDEN],,battle_attack.png,0,8,1,0,false,0,1,1,Actions [HIDDEN],,,,,,,wh2_main_effect_agent_action_enable_champion_assist_army_training,,,character_to_character_own,1,campaign,0,true,,,,,,,,,,,,,,,,,,,,,,,,,character_skill_level_to_effects_junctions_tables,wh3_dlc29_skill_all_dummy_agent_actions_skv_skreech_verminking|wh2_main_effect_agent_action_enable_champion_assist_army_training|1|character_to_character_own
effect,warhammer_3,9.0,25507028,Skaven,skaven,wh2_main_sc_skv_skaven,Skreech Verminking,Skreech_Verminking,hero,wh3_dlc29_skv_skreech_verminking,champion,champion,wh3_dlc29_skv_clan_scruten,false,true,true,false,false,true,wh3_dlc29_lore_skreech_verminking,,wh3_dlc29_skill_node_set_skv_skreech_verminking,,1,champion,false,false,,,,wh3_dlc29_skill_node_skv_skreech_verminking_actions_dummy,wh3_dlc29_skill_all_dummy_agent_actions_skv_skreech_verminking,Actions [HIDDEN],,battle_attack.png,0,8,1,0,false,0,1,1,Actions [HIDDEN],,,,,,,wh2_main_effect_agent_action_enable_champion_hinder_agent_assassinate,,,character_to_character_own,1,campaign,0,true,,,,,,,,,,,,,,,,,,,,,,,,,character_skill_level_to_effects_junctions_tables,wh3_dlc29_skill_all_dummy_agent_actions_skv_skreech_verminking|wh2_main_effect_agent_action_enable_champion_hinder_agent_assassinate|1|character_to_character_own
effect,warhammer_3,9.0,25507028,Skaven,skaven,wh2_main_sc_skv_skaven,Skreech Verminking,Skreech_Verminking,hero,wh3_dlc29_skv_skreech_verminking,champion,champion,wh3_dlc29_skv_clan_scruten,false,true,true,false,false,true,wh3_dlc29_lore_skreech_verminking,,wh3_dlc29_skill_node_set_skv_skreech_verminking,,1,champion,false,false,,,,wh3_dlc29_skill_node_skv_skreech_verminking_actions_dummy,wh3_dlc29_skill_all_dummy_agent_actions_skv_skreech_verminking,Actions [HIDDEN],,battle_attack.png,0,8,1,0,false,0,1,1,Actions [HIDDEN],,,,,,,wh2_main_effect_agent_action_enable_champion_hinder_army_block_army,,,character_to_character_own,1,campaign,0,true,,,,,,,,,,,,,,,,,,,,,,,,,character_skill_level_to_effects_junctions_tables,wh3_dlc29_skill_all_dummy_agent_actions_skv_skreech_verminking|wh2_main_effect_agent_action_enable_champion_hinder_army_block_army|1|character_to_character_own
effect,warhammer_3,9.0,25507028,Skaven,skaven,wh2_main_sc_skv_skaven,Skreech Verminking,Skreech_Verminking,hero,wh3_dlc29_skv_skreech_verminking,champion,champion,wh3_dlc29_skv_clan_scruten,false,true,true,false,false,true,wh3_dlc29_lore_skreech_verminking,,wh3_dlc29_skill_node_set_skv_skreech_verminking,,1,champion,false,false,,,,wh3_dlc29_skill_node_skv_skreech_verminking_actions_dummy,wh3_dlc29_skill_all_dummy_agent_actions_skv_skreech_verminking,Actions [HIDDEN],,battle_attack.png,0,8,1,0,false,0,1,1,Actions [HIDDEN],,,,,,,wh2_main_effect_agent_action_enable_champion_hinder_settlement_damage_walls,,,character_to_character_own,1,campaign,0,true,,,,,,,,,,,,,,,,,,,,,,,,,character_skill_level_to_effects_junctions_tables,wh3_dlc29_skill_all_dummy_agent_actions_skv_skreech_verminking|wh2_main_effect_agent_action_enable_champion_hinder_settlement_damage_walls|1|character_to_character_own
effect,warhammer_3,9.0,25507028,Skaven,skaven,wh2_main_sc_skv_skaven,Skreech Verminking,Skreech_Verminking,hero,wh3_dlc29_skv_skreech_verminking,champion,champion,wh3_dlc29_skv_clan_scruten,false,true,true,false,false,true,wh3_dlc29_lore_skreech_verminking,,wh3_dlc29_skill_node_set_skv_skreech_verminking,,1,champion,false,false,,,,wh3_dlc29_skill_node_skv_skreech_verminking_actions_dummy,wh3_dlc29_skill_all_dummy_agent_actions_skv_skreech_verminking,Actions [HIDDEN],,battle_attack.png,0,8,1,0,false,0,1,1,Actions [HIDDEN],,,,,,,wh3_main_effect_agent_action_passive_spread_corruption_skaven_effect,Skaven corruption: %+n,,character_to_province_any,1,campaign,0,true,corruption_skaven.png,corruption_skaven.png,,,,,,,,,,,,,,,,,,,,,,,character_skill_level_to_effects_junctions_tables,wh3_dlc29_skill_all_dummy_agent_actions_skv_skreech_verminking|wh3_main_effect_agent_action_passive_spread_corruption_skaven_effect|1|character_to_province_any
node,warhammer_3,9.0,25507028,Skaven,skaven,wh2_main_sc_skv_skaven,Skreech Verminking,Skreech_Verminking,hero,wh3_dlc29_skv_skreech_verminking,champion,champion,wh3_dlc29_skv_clan_scruten,false,true,true,false,false,true,wh3_dlc29_lore_skreech_verminking,,wh3_dlc29_skill_node_set_skv_skreech_verminking,,1,champion,false,false,,,,wh3_dlc29_skill_node_skv_skreech_verminking_unique_1,wh3_dlc29_skill_skv_skreech_verminking_unique_1,The Horned Rat's Watchers,"The Horned One's eyes and ears are never far away, and can always influence the progress of his servants.",character_morale.png,1,1,0,0,true,0,1,,,,,,,,,,,,,,,,,,,,,,,,,,,,,,,,,,,,,,,,,character_skill_nodes_tables,wh3_dlc29_skill_node_skv_skreech_verminking_unique_1
effect,warhammer_3,9.0,25507028,Skaven,skaven,wh2_main_sc_skv_skaven,Skreech Verminking,Skreech_Verminking,hero,wh3_dlc29_skv_skreech_verminking,champion,champion,wh3_dlc29_skv_clan_scruten,false,true,true,false,false,true,wh3_dlc29_lore_skreech_verminking,,wh3_dlc29_skill_node_set_skv_skreech_verminking,,1,champion,false,false,,,,wh3_dlc29_skill_node_skv_skreech_verminking_unique_1,wh3_dlc29_skill_skv_skreech_verminking_unique_1,The Horned Rat's Watchers,"The Horned One's eyes and ears are never far away, and can always influence the progress of his servants.",character_morale.png,1,1,0,0,true,0,1,1,The Horned Rat's Watchers,"The Horned One's eyes and ears are never far away, and can always influence the progress of his servants.",,,,,,wh_main_effect_force_stat_leadership,Leadership: %+n,,agent_to_parent_army_own,5,battle,410,true,morale.png,morale.png,,,,,,,,,,,,,,,,,,,,,,,character_skill_level_to_effects_junctions_tables,wh3_dlc29_skill_skv_skreech_verminking_unique_1|wh_main_effect_force_stat_leadership|1|agent_to_parent_army_own
effect,warhammer_3,9.0,25507028,Skaven,skaven,wh2_main_sc_skv_skaven,Skreech Verminking,Skreech_Verminking,hero,wh3_dlc29_skv_skreech_verminking,champion,champion,wh3_dlc29_skv_clan_scruten,false,true,true,false,false,true,wh3_dlc29_lore_skreech_verminking,,wh3_dlc29_skill_node_set_skv_skreech_verminking,,1,champion,false,false,,,,wh3_dlc29_skill_node_skv_skreech_verminking_unique_1,wh3_dlc29_skill_skv_skreech_verminking_unique_1,The Horned Rat's Watchers,"The Horned One's eyes and ears are never far away, and can always influence the progress of his servants.",character_morale.png,1,1,0,0,true,0,1,1,The Horned Rat's Watchers,"The Horned One's eyes and ears are never far away, and can always influence the progress of his servants.",,,,,,wh_main_effect_force_stat_magic_resistance,Spell resistance: %n%,"Spell Resistance. Damage of [[img:ui/skins/default/modifier_icon_magical.png]][[/img]]spells and magical abilities is reduced by this amount, up to a maximum of 90%",agent_to_parent_army_own,10,battle,580,true,resistance_magic.png,resistance_magic.png,,,,,,,,,,,,,,,,,,,,,,,character_skill_level_to_effects_junctions_tables,wh3_dlc29_skill_skv_skreech_verminking_unique_1|wh_main_effect_force_stat_magic_resistance|1|agent_to_parent_army_own
effect,warhammer_3,9.0,25507028,Skaven,skaven,wh2_main_sc_skv_skaven,Skreech Verminking,Skreech_Verminking,hero,wh3_dlc29_skv_skreech_verminking,champion,champion,wh3_dlc29_skv_clan_scruten,false,true,true,false,false,true,wh3_dlc29_lore_skreech_verminking,,wh3_dlc29_skill_node_set_skv_skreech_verminking,,1,champion,false,false,,,,wh3_dlc29_skill_node_skv_skreech_verminking_unique_1,wh3_dlc29_skill_skv_skreech_verminking_unique_1,The Horned Rat's Watchers,"The Horned One's eyes and ears are never far away, and can always influence the progress of his servants.",character_morale.png,1,1,0,0,true,0,1,1,The Horned Rat's Watchers,"The Horned One's eyes and ears are never far away, and can always influence the progress of his servants.",,,,,,wh_main_effect_force_stat_vigour_loss_reduction,Vigour loss reduction: %+n%,,agent_to_parent_army_own,-25,battle,101,false,vigour.png,vigour.png,,,,,,,,,,,,,,,,,,,,,,,character_skill_level_to_effects_junctions_tables,wh3_dlc29_skill_skv_skreech_verminking_unique_1|wh_main_effect_force_stat_vigour_loss_reduction|1|agent_to_parent_army_own
node,warhammer_3,9.0,25507028,Skaven,skaven,wh2_main_sc_skv_skaven,Skreech Verminking,Skreech_Verminking,hero,wh3_dlc29_skv_skreech_verminking,champion,champion,wh3_dlc29_skv_clan_scruten,false,true,true,false,false,true,wh3_dlc29_lore_skreech_verminking,,wh3_dlc29_skill_node_set_skv_skreech_verminking,,1,champion,false,false,,,,wh3_dlc29_skill_node_skv_skreech_verminking_combat_1_1,wh2_main_skill_skv_combat_ruin_and_decay,Ruin & Decay,"As you might expect, the forces of order are repelled by the Skaven and their myriad disgusting, disease-ridden ways.",character_damage.png,1,2,0,0,true,0,2,,,,,,,,,,,,,,,,,,,,,,,,,,,,,,,,,,,,,,,,,character_skill_nodes_tables,wh3_dlc29_skill_node_skv_skreech_verminking_combat_1_1
effect,warhammer_3,9.0,25507028,Skaven,skaven,wh2_main_sc_skv_skaven,Skreech Verminking,Skreech_Verminking,hero,wh3_dlc29_skv_skreech_verminking,champion,champion,wh3_dlc29_skv_clan_scruten,false,true,true,false,false,true,wh3_dlc29_lore_skreech_verminking,,wh3_dlc29_skill_node_set_skv_skreech_verminking,,1,champion,false,false,,,,wh3_dlc29_skill_node_skv_skreech_verminking_combat_1_1,wh2_main_skill_skv_combat_ruin_and_decay,Ruin & Decay,"As you might expect, the forces of order are repelled by the Skaven and their myriad disgusting, disease-ridden ways.",character_damage.png,1,2,0,0,true,0,2,1,Ruin & Decay,"As you might expect, the forces of order are repelled by the Skaven and their myriad disgusting, disease-ridden ways.",,,,,,wh_main_effect_character_stat_weapon_strength,Weapon strength: %+n%,,character_to_character_own,2,both,160,true,weapon_damage_character.png,weapon_damage_character.png,,,,,,,,,,,,,,,,,,,,,,,character_skill_level_to_effects_junctions_tables,wh2_main_skill_skv_combat_ruin_and_decay|wh_main_effect_character_stat_weapon_strength|1|character_to_character_own
effect,warhammer_3,9.0,25507028,Skaven,skaven,wh2_main_sc_skv_skaven,Skreech Verminking,Skreech_Verminking,hero,wh3_dlc29_skv_skreech_verminking,champion,champion,wh3_dlc29_skv_clan_scruten,false,true,true,false,false,true,wh3_dlc29_lore_skreech_verminking,,wh3_dlc29_skill_node_set_skv_skreech_verminking,,1,champion,false,false,,,,wh3_dlc29_skill_node_skv_skreech_verminking_combat_1_1,wh2_main_skill_skv_combat_ruin_and_decay,Ruin & Decay,"As you might expect, the forces of order are repelled by the Skaven and their myriad disgusting, disease-ridden ways.",character_damage.png,1,2,0,0,true,0,2,1,Ruin & Decay,"As you might expect, the forces of order are repelled by the Skaven and their myriad disgusting, disease-ridden ways.",,,,,,wh2_main_effect_character_stat_weapon_strength_vs_dwarfs,Weapon strength: %+n% when fighting against Dwarfs,,character_to_character_own,10,battle,161,true,weapon_damage_character.png,weapon_damage_character.png,,,,,,,,,,,,,,,,,,,,,,,character_skill_level_to_effects_junctions_tables,wh2_main_skill_skv_combat_ruin_and_decay|wh2_main_effect_character_stat_weapon_strength_vs_dwarfs|1|character_to_character_own
effect,warhammer_3,9.0,25507028,Skaven,skaven,wh2_main_sc_skv_skaven,Skreech Verminking,Skreech_Verminking,hero,wh3_dlc29_skv_skreech_verminking,champion,champion,wh3_dlc29_skv_clan_scruten,false,true,true,false,false,true,wh3_dlc29_lore_skreech_verminking,,wh3_dlc29_skill_node_set_skv_skreech_verminking,,1,champion,false,false,,,,wh3_dlc29_skill_node_skv_skreech_verminking_combat_1_1,wh2_main_skill_skv_combat_ruin_and_decay,Ruin & Decay,"As you might expect, the forces of order are repelled by the Skaven and their myriad disgusting, disease-ridden ways.",character_damage.png,1,2,0,0,true,0,2,1,Ruin & Decay,"As you might expect, the forces of order are repelled by the Skaven and their myriad disgusting, disease-ridden ways.",,,,,,wh2_main_effect_character_stat_weapon_strength_vs_lizardmen,Weapon strength: %+n% when fighting against Lizardmen,,character_to_character_own,10,battle,161,true,weapon_damage_character.png,weapon_damage_character.png,,,,,,,,,,,,,,,,,,,,,,,character_skill_level_to_effects_junctions_tables,wh2_main_skill_skv_combat_ruin_and_decay|wh2_main_effect_character_stat_weapon_strength_vs_lizardmen|1|character_to_character_own
effect,warhammer_3,9.0,25507028,Skaven,skaven,wh2_main_sc_skv_skaven,Skreech Verminking,Skreech_Verminking,hero,wh3_dlc29_skv_skreech_verminking,champion,champion,wh3_dlc29_skv_clan_scruten,false,true,true,false,false,true,wh3_dlc29_lore_skreech_verminking,,wh3_dlc29_skill_node_set_skv_skreech_verminking,,1,champion,false,false,,,,wh3_dlc29_skill_node_skv_skreech_verminking_combat_1_1,wh2_main_skill_skv_combat_ruin_and_decay,Ruin & Decay,"As you might expect, the forces of order are repelled by the Skaven and their myriad disgusting, disease-ridden ways.",character_damage.png,1,2,0,0,true,0,2,2,Ruin & Decay,"As you might expect, the forces of order are repelled by the Skaven and their myriad disgusting, disease-ridden ways.",,,,,,wh_main_effect_character_stat_weapon_strength,Weapon strength: %+n%,,character_to_character_own,5,both,160,true,weapon_damage_character.png,weapon_damage_character.png,,,,,,,,,,,,,,,,,,,,,,,character_skill_level_to_effects_junctions_tables,wh2_main_skill_skv_combat_ruin_and_decay|wh_main_effect_character_stat_weapon_strength|2|character_to_character_own
effect,warhammer_3,9.0,25507028,Skaven,skaven,wh2_main_sc_skv_skaven,Skreech Verminking,Skreech_Verminking,hero,wh3_dlc29_skv_skreech_verminking,champion,champion,wh3_dlc29_skv_clan_scruten,false,true,true,false,false,true,wh3_dlc29_lore_skreech_verminking,,wh3_dlc29_skill_node_set_skv_skreech_verminking,,1,champion,false,false,,,,wh3_dlc29_skill_node_skv_skreech_verminking_combat_1_1,wh2_main_skill_skv_combat_ruin_and_decay,Ruin & Decay,"As you might expect, the forces of order are repelled by the Skaven and their myriad disgusting, disease-ridden ways.",character_damage.png,1,2,0,0,true,0,2,2,Ruin & Decay,"As you might expect, the forces of order are repelled by the Skaven and their myriad disgusting, disease-ridden ways.",,,,,,wh2_main_effect_character_stat_weapon_strength_vs_forces_of_order,"Weapon strength: %+n% when fighting against High Elves, Lizardmen, Dwarfs and men",,character_to_character_own,10,battle,161,true,weapon_damage_character.png,weapon_damage_character.png,,,,,,,,,,,,,,,,,,,,,,,character_skill_level_to_effects_junctions_tables,wh2_main_skill_skv_combat_ruin_and_decay|wh2_main_effect_character_stat_weapon_strength_vs_forces_of_order|2|character_to_character_own
node,warhammer_3,9.0,25507028,Skaven,skaven,wh2_main_sc_skv_skaven,Skreech Verminking,Skreech_Verminking,hero,wh3_dlc29_skv_skreech_verminking,champion,champion,wh3_dlc29_skv_clan_scruten,false,true,true,false,false,true,wh3_dlc29_lore_skreech_verminking,,wh3_dlc29_skill_node_set_skv_skreech_verminking,,1,champion,false,false,,,,wh3_dlc29_skill_node_skv_skreech_verminking_magic_1_1,wh2_main_skill_all_magic_ruin_03_lore_attribute,Musk of Fear,,wh2_main_lore_passive_musk_of_fear.png,1,3,0,0,true,0,1,,,,,,,,,,,,,,,,,,,,,,,,,,,,,,,,,,,,,,,,,character_skill_nodes_tables,wh3_dlc29_skill_node_skv_skreech_verminking_magic_1_1
effect,warhammer_3,9.0,25507028,Skaven,skaven,wh2_main_sc_skv_skaven,Skreech Verminking,Skreech_Verminking,hero,wh3_dlc29_skv_skreech_verminking,champion,champion,wh3_dlc29_skv_clan_scruten,false,true,true,false,false,true,wh3_dlc29_lore_skreech_verminking,,wh3_dlc29_skill_node_set_skv_skreech_verminking,,1,champion,false,false,,,,wh3_dlc29_skill_node_skv_skreech_verminking_magic_1_1,wh2_main_skill_all_magic_ruin_03_lore_attribute,Musk of Fear,,wh2_main_lore_passive_musk_of_fear.png,1,3,0,0,true,0,1,1,Musk of Fear,,,,,,,wh2_main_effect_ability_enable_musk_of_fear,"Passive ability: ""Musk of Fear""",,character_to_character_own,1,battle,310,true,general_ability.png,general_ability.png,,,,,,,,,,,,,,,,,,,,,,,character_skill_level_to_effects_junctions_tables,wh2_main_skill_all_magic_ruin_03_lore_attribute|wh2_main_effect_ability_enable_musk_of_fear|1|character_to_character_own
node,warhammer_3,9.0,25507028,Skaven,skaven,wh2_main_sc_skv_skaven,Skreech Verminking,Skreech_Verminking,hero,wh3_dlc29_skv_skreech_verminking,champion,champion,wh3_dlc29_skv_clan_scruten,false,true,true,false,false,true,wh3_dlc29_lore_skreech_verminking,,wh3_dlc29_skill_node_set_skv_skreech_verminking,,1,champion,false,false,,,,wh3_dlc29_skill_node_skv_skreech_verminking_unit_buff_2,wh3_dlc29_skill_skv_skreech_verminking_unit_buff_2,Imposing Commanders,"The ability to herd and control the disorganised, cowardly rabble found in Skaven army ranks is not to be sniffed at!",character_attack.png,1,4,0,0,true,13,1,,,,,,,,,,,,,,,,,,,,,,,,,,,,,,,,,,,,,,,,,character_skill_nodes_tables,wh3_dlc29_skill_node_skv_skreech_verminking_unit_buff_2
skill_level,warhammer_3,9.0,25507028,Skaven,skaven,wh2_main_sc_skv_skaven,Skreech Verminking,Skreech_Verminking,hero,wh3_dlc29_skv_skreech_verminking,champion,champion,wh3_dlc29_skv_clan_scruten,false,true,true,false,false,true,wh3_dlc29_lore_skreech_verminking,,wh3_dlc29_skill_node_set_skv_skreech_verminking,,1,champion,false,false,,,,wh3_dlc29_skill_node_skv_skreech_verminking_unit_buff_2,wh3_dlc29_skill_skv_skreech_verminking_unit_buff_2,Imposing Commanders,"The ability to herd and control the disorganised, cowardly rabble found in Skaven army ranks is not to be sniffed at!",character_attack.png,1,4,0,0,true,13,1,1,Imposing Commanders,"The ability to herd and control the disorganised, cowardly rabble found in Skaven army ranks is not to be sniffed at!",12,x,,,,,,,,,,,,,,,,,,,,,,,,,,,,,,,,,,,,character_skill_level_details_tables,wh3_dlc29_skill_skv_skreech_verminking_unit_buff_2|1|||
effect,warhammer_3,9.0,25507028,Skaven,skaven,wh2_main_sc_skv_skaven,Skreech Verminking,Skreech_Verminking,hero,wh3_dlc29_skv_skreech_verminking,champion,champion,wh3_dlc29_skv_clan_scruten,false,true,true,false,false,true,wh3_dlc29_lore_skreech_verminking,,wh3_dlc29_skill_node_set_skv_skreech_verminking,,1,champion,false,false,,,,wh3_dlc29_skill_node_skv_skreech_verminking_unit_buff_2,wh3_dlc29_skill_skv_skreech_verminking_unit_buff_2,Imposing Commanders,"The ability to herd and control the disorganised, cowardly rabble found in Skaven army ranks is not to be sniffed at!",character_attack.png,1,4,0,0,true,13,1,1,Imposing Commanders,"The ability to herd and control the disorganised, cowardly rabble found in Skaven army ranks is not to be sniffed at!",,,,,,wh_main_effect_character_stat_aura_leadership_effect,Character's aura leadership effect: %+n,Aura. Any unit standing within this character's aura in battle will receive a [[img:icon_morale]][[/img]]leadership bonus.,character_to_character_own,13,battle,260,true,morale_character.png,morale_character.png,,,,,,,,,,,,,,,,,,,,,,,character_skill_level_to_effects_junctions_tables,wh3_dlc29_skill_skv_skreech_verminking_unit_buff_2|wh_main_effect_character_stat_aura_leadership_effect|1|character_to_character_own
effect,warhammer_3,9.0,25507028,Skaven,skaven,wh2_main_sc_skv_skaven,Skreech Verminking,Skreech_Verminking,hero,wh3_dlc29_skv_skreech_verminking,champion,champion,wh3_dlc29_skv_clan_scruten,false,true,true,false,false,true,wh3_dlc29_lore_skreech_verminking,,wh3_dlc29_skill_node_set_skv_skreech_verminking,,1,champion,false,false,,,,wh3_dlc29_skill_node_skv_skreech_verminking_unit_buff_2,wh3_dlc29_skill_skv_skreech_verminking_unit_buff_2,Imposing Commanders,"The ability to herd and control the disorganised, cowardly rabble found in Skaven army ranks is not to be sniffed at!",character_attack.png,1,4,0,0,true,13,1,1,Imposing Commanders,"The ability to herd and control the disorganised, cowardly rabble found in Skaven army ranks is not to be sniffed at!",,,,,,wh_main_effect_force_all_campaign_post_battle_loot_mod,Income from post-battle loot: %+n%,,character_to_character_own_factionwide,5,campaign,101,true,income.png,income.png,,,,,,,,,,,,,,,,,,,,,,,character_skill_level_to_effects_junctions_tables,wh3_dlc29_skill_skv_skreech_verminking_unit_buff_2|wh_main_effect_force_all_campaign_post_battle_loot_mod|1|character_to_character_own_factionwide
effect,warhammer_3,9.0,25507028,Skaven,skaven,wh2_main_sc_skv_skaven,Skreech Verminking,Skreech_Verminking,hero,wh3_dlc29_skv_skreech_verminking,champion,champion,wh3_dlc29_skv_clan_scruten,false,true,true,false,false,true,wh3_dlc29_lore_skreech_verminking,,wh3_dlc29_skill_node_set_skv_skreech_verminking,,1,champion,false,false,,,,wh3_dlc29_skill_node_skv_skreech_verminking_unit_buff_2,wh3_dlc29_skill_skv_skreech_verminking_unit_buff_2,Imposing Commanders,"The ability to herd and control the disorganised, cowardly rabble found in Skaven army ranks is not to be sniffed at!",character_attack.png,1,4,0,0,true,13,1,1,Imposing Commanders,"The ability to herd and control the disorganised, cowardly rabble found in Skaven army ranks is not to be sniffed at!",,,,,,wh3_dlc29_effect_force_stat_melee_attack_skv_clanrats_skavenslaves_stormvermin,"Melee attack: %+n for Clanrat, Skavenslave and Stormvermin units",,character_to_force_own_alt_text,8,battle,431,true,melee.png,melee.png,,,,,,,,,,,,,,,,,,,,,,,character_skill_level_to_effects_junctions_tables,wh3_dlc29_skill_skv_skreech_verminking_unit_buff_2|wh3_dlc29_effect_force_stat_melee_attack_skv_clanrats_skavenslaves_stormvermin|1|character_to_force_own_alt_text
effect,warhammer_3,9.0,25507028,Skaven,skaven,wh2_main_sc_skv_skaven,Skreech Verminking,Skreech_Verminking,hero,wh3_dlc29_skv_skreech_verminking,champion,champion,wh3_dlc29_skv_clan_scruten,false,true,true,false,false,true,wh3_dlc29_lore_skreech_verminking,,wh3_dlc29_skill_node_set_skv_skreech_verminking,,1,champion,false,false,,,,wh3_dlc29_skill_node_skv_skreech_verminking_unit_buff_2,wh3_dlc29_skill_skv_skreech_verminking_unit_buff_2,Imposing Commanders,"The ability to herd and control the disorganised, cowardly rabble found in Skaven army ranks is not to be sniffed at!",character_attack.png,1,4,0,0,true,13,1,1,Imposing Commanders,"The ability to herd and control the disorganised, cowardly rabble found in Skaven army ranks is not to be sniffed at!",,,,,,wh3_dlc29_effect_force_stat_melee_defence_skv_clanrats_skavenslaves_stormvermin,"Melee defence: %+n for Clanrat, Skavenslave and Stormvermin units",,character_to_force_own_alt_text,8,battle,451,true,defence.png,defence.png,,,,,,,,,,,,,,,,,,,,,,,character_skill_level_to_effects_junctions_tables,wh3_dlc29_skill_skv_skreech_verminking_unit_buff_2|wh3_dlc29_effect_force_stat_melee_defence_skv_clanrats_skavenslaves_stormvermin|1|character_to_force_own_alt_text
node,warhammer_3,9.0,25507028,Skaven,skaven,wh2_main_sc_skv_skaven,Skreech Verminking,Skreech_Verminking,hero,wh3_dlc29_skv_skreech_verminking,champion,champion,wh3_dlc29_skv_clan_scruten,false,true,true,false,false,true,wh3_dlc29_lore_skreech_verminking,,wh3_dlc29_skill_node_set_skv_skreech_verminking,,1,champion,false,false,,,,wh3_dlc29_skill_node_skv_skreech_verminking_campaign_02,wh2_main_skill_all_hero_passive_spread_corruption_skv,{{tr:agent_action_name_spread_corruption}},The locals take notice and will be inspired or frightened into action.,campaign_skaven_corruption.png,1,5,0,0,true,0,3,,,,,,,,,,,,,,,,,,,,,,,,,,,,,,,,,,,,,,,,,character_skill_nodes_tables,wh3_dlc29_skill_node_skv_skreech_verminking_campaign_02
skill_level,warhammer_3,9.0,25507028,Skaven,skaven,wh2_main_sc_skv_skaven,Skreech Verminking,Skreech_Verminking,hero,wh3_dlc29_skv_skreech_verminking,champion,champion,wh3_dlc29_skv_clan_scruten,false,true,true,false,false,true,wh3_dlc29_lore_skreech_verminking,,wh3_dlc29_skill_node_set_skv_skreech_verminking,,1,champion,false,false,,,,wh3_dlc29_skill_node_skv_skreech_verminking_campaign_02,wh2_main_skill_all_hero_passive_spread_corruption_skv,{{tr:agent_action_name_spread_corruption}},The locals take notice and will be inspired or frightened into action.,campaign_skaven_corruption.png,1,5,0,0,true,0,3,2,{{tr:agent_action_name_spread_corruption}},The locals take notice and will be inspired or frightened into action.,4,x,,,,,,,,,,,,,,,,,,,,,,,,,,,,,,,,,,,,character_skill_level_details_tables,wh2_main_skill_all_hero_passive_spread_corruption_skv|2|||
skill_level,warhammer_3,9.0,25507028,Skaven,skaven,wh2_main_sc_skv_skaven,Skreech Verminking,Skreech_Verminking,hero,wh3_dlc29_skv_skreech_verminking,champion,champion,wh3_dlc29_skv_clan_scruten,false,true,true,false,false,true,wh3_dlc29_lore_skreech_verminking,,wh3_dlc29_skill_node_set_skv_skreech_verminking,,1,champion,false,false,,,,wh3_dlc29_skill_node_skv_skreech_verminking_campaign_02,wh2_main_skill_all_hero_passive_spread_corruption_skv,{{tr:agent_action_name_spread_corruption}},The locals take notice and will be inspired or frightened into action.,campaign_skaven_corruption.png,1,5,0,0,true,0,3,3,{{tr:agent_action_name_spread_corruption}},The locals take notice and will be inspired or frightened into action.,9,x,,,,,,,,,,,,,,,,,,,,,,,,,,,,,,,,,,,,character_skill_level_details_tables,wh2_main_skill_all_hero_passive_spread_corruption_skv|3|||
effect,warhammer_3,9.0,25507028,Skaven,skaven,wh2_main_sc_skv_skaven,Skreech Verminking,Skreech_Verminking,hero,wh3_dlc29_skv_skreech_verminking,champion,champion,wh3_dlc29_skv_clan_scruten,false,true,true,false,false,true,wh3_dlc29_lore_skreech_verminking,,wh3_dlc29_skill_node_set_skv_skreech_verminking,,1,champion,false,false,,,,wh3_dlc29_skill_node_skv_skreech_verminking_campaign_02,wh2_main_skill_all_hero_passive_spread_corruption_skv,{{tr:agent_action_name_spread_corruption}},The locals take notice and will be inspired or frightened into action.,campaign_skaven_corruption.png,1,5,0,0,true,0,3,1,{{tr:agent_action_name_spread_corruption}},The locals take notice and will be inspired or frightened into action.,,,,,,wh2_main_effect_agent_action_passive_spread_corruption_buff_skv,[[col:yellow]]{{tr:agent_action_name_spread_corruption}}[[/col]] action: Skaven corruption is increased by an additional %n,[[col:yellow]]{{tr:agent_action_name_spread_corruption}}[[/col]] (Constant Local Effect)\\nIncreases the amount of [[img:icon_corruption_skv]][[/img]]Skaven corruption in the local province.,character_to_character_own,1,campaign,8,true,corruption_skaven.png,corruption_skaven.png,,,,,,,,,,,,,,,,,,,,,,,character_skill_level_to_effects_junctions_tables,wh2_main_skill_all_hero_passive_spread_corruption_skv|wh2_main_effect_agent_action_passive_spread_corruption_buff_skv|1|character_to_character_own
effect,warhammer_3,9.0,25507028,Skaven,skaven,wh2_main_sc_skv_skaven,Skreech Verminking,Skreech_Verminking,hero,wh3_dlc29_skv_skreech_verminking,champion,champion,wh3_dlc29_skv_clan_scruten,false,true,true,false,false,true,wh3_dlc29_lore_skreech_verminking,,wh3_dlc29_skill_node_set_skv_skreech_verminking,,1,champion,false,false,,,,wh3_dlc29_skill_node_skv_skreech_verminking_campaign_02,wh2_main_skill_all_hero_passive_spread_corruption_skv,{{tr:agent_action_name_spread_corruption}},The locals take notice and will be inspired or frightened into action.,campaign_skaven_corruption.png,1,5,0,0,true,0,3,1,{{tr:agent_action_name_spread_corruption}},The locals take notice and will be inspired or frightened into action.,,,,,,wh3_main_effect_agent_action_passive_spread_corruption_skaven_effect,Skaven corruption: %+n,,character_to_province_any,1,campaign,0,true,corruption_skaven.png,corruption_skaven.png,,,,,,,,,,,,,,,,,,,,,,,character_skill_level_to_effects_junctions_tables,wh2_main_skill_all_hero_passive_spread_corruption_skv|wh3_main_effect_agent_action_passive_spread_corruption_skaven_effect|1|character_to_province_any
effect,warhammer_3,9.0,25507028,Skaven,skaven,wh2_main_sc_skv_skaven,Skreech Verminking,Skreech_Verminking,hero,wh3_dlc29_skv_skreech_verminking,champion,champion,wh3_dlc29_skv_clan_scruten,false,true,true,false,false,true,wh3_dlc29_lore_skreech_verminking,,wh3_dlc29_skill_node_set_skv_skreech_verminking,,1,champion,false,false,,,,wh3_dlc29_skill_node_skv_skreech_verminking_campaign_02,wh2_main_skill_all_hero_passive_spread_corruption_skv,{{tr:agent_action_name_spread_corruption}},The locals take notice and will be inspired or frightened into action.,campaign_skaven_corruption.png,1,5,0,0,true,0,3,2,{{tr:agent_action_name_spread_corruption}},The locals take notice and will be inspired or frightened into action.,,,,,,wh2_main_effect_agent_action_passive_spread_corruption_buff_skv,[[col:yellow]]{{tr:agent_action_name_spread_corruption}}[[/col]] action: Skaven corruption is increased by an additional %n,[[col:yellow]]{{tr:agent_action_name_spread_corruption}}[[/col]] (Constant Local Effect)\\nIncreases the amount of [[img:icon_corruption_skv]][[/img]]Skaven corruption in the local province.,character_to_character_own,2,campaign,8,true,corruption_skaven.png,corruption_skaven.png,,,,,,,,,,,,,,,,,,,,,,,character_skill_level_to_effects_junctions_tables,wh2_main_skill_all_hero_passive_spread_corruption_skv|wh2_main_effect_agent_action_passive_spread_corruption_buff_skv|2|character_to_character_own
effect,warhammer_3,9.0,25507028,Skaven,skaven,wh2_main_sc_skv_skaven,Skreech Verminking,Skreech_Verminking,hero,wh3_dlc29_skv_skreech_verminking,champion,champion,wh3_dlc29_skv_clan_scruten,false,true,true,false,false,true,wh3_dlc29_lore_skreech_verminking,,wh3_dlc29_skill_node_set_skv_skreech_verminking,,1,champion,false,false,,,,wh3_dlc29_skill_node_skv_skreech_verminking_campaign_02,wh2_main_skill_all_hero_passive_spread_corruption_skv,{{tr:agent_action_name_spread_corruption}},The locals take notice and will be inspired or frightened into action.,campaign_skaven_corruption.png,1,5,0,0,true,0,3,2,{{tr:agent_action_name_spread_corruption}},The locals take notice and will be inspired or frightened into action.,,,,,,wh3_main_effect_agent_action_passive_spread_corruption_skaven_effect,Skaven corruption: %+n,,character_to_province_any,2,campaign,0,true,corruption_skaven.png,corruption_skaven.png,,,,,,,,,,,,,,,,,,,,,,,character_skill_level_to_effects_junctions_tables,wh2_main_skill_all_hero_passive_spread_corruption_skv|wh3_main_effect_agent_action_passive_spread_corruption_skaven_effect|2|character_to_province_any
effect,warhammer_3,9.0,25507028,Skaven,skaven,wh2_main_sc_skv_skaven,Skreech Verminking,Skreech_Verminking,hero,wh3_dlc29_skv_skreech_verminking,champion,champion,wh3_dlc29_skv_clan_scruten,false,true,true,false,false,true,wh3_dlc29_lore_skreech_verminking,,wh3_dlc29_skill_node_set_skv_skreech_verminking,,1,champion,false,false,,,,wh3_dlc29_skill_node_skv_skreech_verminking_campaign_02,wh2_main_skill_all_hero_passive_spread_corruption_skv,{{tr:agent_action_name_spread_corruption}},The locals take notice and will be inspired or frightened into action.,campaign_skaven_corruption.png,1,5,0,0,true,0,3,3,{{tr:agent_action_name_spread_corruption}},The locals take notice and will be inspired or frightened into action.,,,,,,wh2_main_effect_agent_action_passive_spread_corruption_buff_skv,[[col:yellow]]{{tr:agent_action_name_spread_corruption}}[[/col]] action: Skaven corruption is increased by an additional %n,[[col:yellow]]{{tr:agent_action_name_spread_corruption}}[[/col]] (Constant Local Effect)\\nIncreases the amount of [[img:icon_corruption_skv]][[/img]]Skaven corruption in the local province.,character_to_character_own,3,campaign,8,true,corruption_skaven.png,corruption_skaven.png,,,,,,,,,,,,,,,,,,,,,,,character_skill_level_to_effects_junctions_tables,wh2_main_skill_all_hero_passive_spread_corruption_skv|wh2_main_effect_agent_action_passive_spread_corruption_buff_skv|3|character_to_character_own
effect,warhammer_3,9.0,25507028,Skaven,skaven,wh2_main_sc_skv_skaven,Skreech Verminking,Skreech_Verminking,hero,wh3_dlc29_skv_skreech_verminking,champion,champion,wh3_dlc29_skv_clan_scruten,false,true,true,false,false,true,wh3_dlc29_lore_skreech_verminking,,wh3_dlc29_skill_node_set_skv_skreech_verminking,,1,champion,false,false,,,,wh3_dlc29_skill_node_skv_skreech_verminking_campaign_02,wh2_main_skill_all_hero_passive_spread_corruption_skv,{{tr:agent_action_name_spread_corruption}},The locals take notice and will be inspired or frightened into action.,campaign_skaven_corruption.png,1,5,0,0,true,0,3,3,{{tr:agent_action_name_spread_corruption}},The locals take notice and will be inspired or frightened into action.,,,,,,wh3_main_effect_agent_action_passive_spread_corruption_skaven_effect,Skaven corruption: %+n,,character_to_province_any,3,campaign,0,true,corruption_skaven.png,corruption_skaven.png,,,,,,,,,,,,,,,,,,,,,,,character_skill_level_to_effects_junctions_tables,wh2_main_skill_all_hero_passive_spread_corruption_skv|wh3_main_effect_agent_action_passive_spread_corruption_skaven_effect|3|character_to_province_any
node,warhammer_3,9.0,25507028,Skaven,skaven,wh2_main_sc_skv_skaven,Skreech Verminking,Skreech_Verminking,hero,wh3_dlc29_skv_skreech_verminking,champion,champion,wh3_dlc29_skv_clan_scruten,false,true,true,false,false,true,wh3_dlc29_lore_skreech_verminking,,wh3_dlc29_skill_node_set_skv_skreech_verminking,,1,champion,false,false,,,,wh2_dlc16_skill_node_set_skv_chieftain_generic_1,wh2_main_skill_skv_generic_missile_ward,Sneaky,"Furtive, scheming, sly, cunning, underhand, devious, conniving, double-dealing, and sneaky - valuable traits if you wish to stay alive!",character_ward_save.png,2,0,0,0,true,7,1,,,,,,,,,,,,,,,,,,,,,,,,,,,,,,,,,,,,,,,,,character_skill_nodes_tables,wh2_dlc16_skill_node_set_skv_chieftain_generic_1
skill_level,warhammer_3,9.0,25507028,Skaven,skaven,wh2_main_sc_skv_skaven,Skreech Verminking,Skreech_Verminking,hero,wh3_dlc29_skv_skreech_verminking,champion,champion,wh3_dlc29_skv_clan_scruten,false,true,true,false,false,true,wh3_dlc29_lore_skreech_verminking,,wh3_dlc29_skill_node_set_skv_skreech_verminking,,1,champion,false,false,,,,wh2_dlc16_skill_node_set_skv_chieftain_generic_1,wh2_main_skill_skv_generic_missile_ward,Sneaky,"Furtive, scheming, sly, cunning, underhand, devious, conniving, double-dealing, and sneaky - valuable traits if you wish to stay alive!",character_ward_save.png,2,0,0,0,true,7,1,1,Sneaky,"Furtive, scheming, sly, cunning, underhand, devious, conniving, double-dealing, and sneaky - valuable traits if you wish to stay alive!",7,x,,,,,,,,,,,,,,,,,,,,,,,,,,,,,,,,,,,,character_skill_level_details_tables,wh2_main_skill_skv_generic_missile_ward|1|||
effect,warhammer_3,9.0,25507028,Skaven,skaven,wh2_main_sc_skv_skaven,Skreech Verminking,Skreech_Verminking,hero,wh3_dlc29_skv_skreech_verminking,champion,champion,wh3_dlc29_skv_clan_scruten,false,true,true,false,false,true,wh3_dlc29_lore_skreech_verminking,,wh3_dlc29_skill_node_set_skv_skreech_verminking,,1,champion,false,false,,,,wh2_dlc16_skill_node_set_skv_chieftain_generic_1,wh2_main_skill_skv_generic_missile_ward,Sneaky,"Furtive, scheming, sly, cunning, underhand, devious, conniving, double-dealing, and sneaky - valuable traits if you wish to stay alive!",character_ward_save.png,2,0,0,0,true,7,1,1,Sneaky,"Furtive, scheming, sly, cunning, underhand, devious, conniving, double-dealing, and sneaky - valuable traits if you wish to stay alive!",,,,,,wh_main_effect_character_stat_missile_resistance,Missile resistance: %n%,"Missile Resistance. Damage of missile attacks is reduced by this amount, up to a maximum of 90%",character_to_character_own,10,both,280,true,resistance_missile.png,resistance_missile.png,,,,,,,,,,,,,,,,,,,,,,,character_skill_level_to_effects_junctions_tables,wh2_main_skill_skv_generic_missile_ward|wh_main_effect_character_stat_missile_resistance|1|character_to_character_own
node,warhammer_3,9.0,25507028,Skaven,skaven,wh2_main_sc_skv_skaven,Skreech Verminking,Skreech_Verminking,hero,wh3_dlc29_skv_skreech_verminking,champion,champion,wh3_dlc29_skv_clan_scruten,false,true,true,false,false,true,wh3_dlc29_lore_skreech_verminking,,wh3_dlc29_skill_node_set_skv_skreech_verminking,,1,champion,false,false,,,,wh3_dlc29_skill_node_skv_skreech_verminking_unique_2,wh3_dlc29_skill_skv_skreech_verminking_unique_2,Ruinous Arsenal,"The living power of Chaos can be channelled through instruments of mortal steel, charging them for their bearer's bloodthirsty ends.",wh_main_mount_passive_bloodroar.png,2,1,0,0,true,0,1,,,,,,,,,,,,,,,,,,,,,,,,,,,,,,,,,,,,,,,,,character_skill_nodes_tables,wh3_dlc29_skill_node_skv_skreech_verminking_unique_2
effect,warhammer_3,9.0,25507028,Skaven,skaven,wh2_main_sc_skv_skaven,Skreech Verminking,Skreech_Verminking,hero,wh3_dlc29_skv_skreech_verminking,champion,champion,wh3_dlc29_skv_clan_scruten,false,true,true,false,false,true,wh3_dlc29_lore_skreech_verminking,,wh3_dlc29_skill_node_set_skv_skreech_verminking,,1,champion,false,false,,,,wh3_dlc29_skill_node_skv_skreech_verminking_unique_2,wh3_dlc29_skill_skv_skreech_verminking_unique_2,Ruinous Arsenal,"The living power of Chaos can be channelled through instruments of mortal steel, charging them for their bearer's bloodthirsty ends.",wh_main_mount_passive_bloodroar.png,2,1,0,0,true,0,1,1,Ruinous Arsenal,"The living power of Chaos can be channelled through instruments of mortal steel, charging them for their bearer's bloodthirsty ends.",,,,,,wh_main_effect_character_stat_melee_attack,Melee attack: %+n,,character_to_character_own,10,both,130,true,melee_character.png,melee_character.png,,,,,,,,,,,,,,,,,,,,,,,character_skill_level_to_effects_junctions_tables,wh3_dlc29_skill_skv_skreech_verminking_unique_2|wh_main_effect_character_stat_melee_attack|1|character_to_character_own
effect,warhammer_3,9.0,25507028,Skaven,skaven,wh2_main_sc_skv_skaven,Skreech Verminking,Skreech_Verminking,hero,wh3_dlc29_skv_skreech_verminking,champion,champion,wh3_dlc29_skv_clan_scruten,false,true,true,false,false,true,wh3_dlc29_lore_skreech_verminking,,wh3_dlc29_skill_node_set_skv_skreech_verminking,,1,champion,false,false,,,,wh3_dlc29_skill_node_skv_skreech_verminking_unique_2,wh3_dlc29_skill_skv_skreech_verminking_unique_2,Ruinous Arsenal,"The living power of Chaos can be channelled through instruments of mortal steel, charging them for their bearer's bloodthirsty ends.",wh_main_mount_passive_bloodroar.png,2,1,0,0,true,0,1,1,Ruinous Arsenal,"The living power of Chaos can be channelled through instruments of mortal steel, charging them for their bearer's bloodthirsty ends.",,,,,,wh_main_effect_character_stat_weapon_strength,Weapon strength: %+n%,,character_to_character_own,15,both,160,true,weapon_damage_character.png,weapon_damage_character.png,,,,,,,,,,,,,,,,,,,,,,,character_skill_level_to_effects_junctions_tables,wh3_dlc29_skill_skv_skreech_verminking_unique_2|wh_main_effect_character_stat_weapon_strength|1|character_to_character_own
effect,warhammer_3,9.0,25507028,Skaven,skaven,wh2_main_sc_skv_skaven,Skreech Verminking,Skreech_Verminking,hero,wh3_dlc29_skv_skreech_verminking,champion,champion,wh3_dlc29_skv_clan_scruten,false,true,true,false,false,true,wh3_dlc29_lore_skreech_verminking,,wh3_dlc29_skill_node_set_skv_skreech_verminking,,1,champion,false,false,,,,wh3_dlc29_skill_node_skv_skreech_verminking_unique_2,wh3_dlc29_skill_skv_skreech_verminking_unique_2,Ruinous Arsenal,"The living power of Chaos can be channelled through instruments of mortal steel, charging them for their bearer's bloodthirsty ends.",wh_main_mount_passive_bloodroar.png,2,1,0,0,true,0,1,1,Ruinous Arsenal,"The living power of Chaos can be channelled through instruments of mortal steel, charging them for their bearer's bloodthirsty ends.",,,,,,wh2_main_effect_character_stat_enable_discourage_attacks,"Attacks cause ""Discouraged"" effect, reducing leadership",,character_to_character_own,1,battle,140,true,discouraged.png,discouraged.png,,,,,,,,,,,,,,,,,,,,,,,character_skill_level_to_effects_junctions_tables,wh3_dlc29_skill_skv_skreech_verminking_unique_2|wh2_main_effect_character_stat_enable_discourage_attacks|1|character_to_character_own
node,warhammer_3,9.0,25507028,Skaven,skaven,wh2_main_sc_skv_skaven,Skreech Verminking,Skreech_Verminking,hero,wh3_dlc29_skv_skreech_verminking,champion,champion,wh3_dlc29_skv_clan_scruten,false,true,true,false,false,true,wh3_dlc29_lore_skreech_verminking,,wh3_dlc29_skill_node_set_skv_skreech_verminking,,1,champion,false,false,,,,wh3_dlc29_skill_node_skv_skreech_verminking_combat_1_2,wh2_dlc11_skill_all_lord_self_thick-skinned,Thick-Skinned,Creatures with tough hides or some kind of natural armour are tough nuts to crack - even a powerful attack may fall foul of their thick-skin.,character_armour.png,2,2,0,0,true,0,2,,,,,,,,,,,,,,,,,,,,,,,,,,,,,,,,,,,,,,,,,character_skill_nodes_tables,wh3_dlc29_skill_node_skv_skreech_verminking_combat_1_2
effect,warhammer_3,9.0,25507028,Skaven,skaven,wh2_main_sc_skv_skaven,Skreech Verminking,Skreech_Verminking,hero,wh3_dlc29_skv_skreech_verminking,champion,champion,wh3_dlc29_skv_clan_scruten,false,true,true,false,false,true,wh3_dlc29_lore_skreech_verminking,,wh3_dlc29_skill_node_set_skv_skreech_verminking,,1,champion,false,false,,,,wh3_dlc29_skill_node_skv_skreech_verminking_combat_1_2,wh2_dlc11_skill_all_lord_self_thick-skinned,Thick-Skinned,Creatures with tough hides or some kind of natural armour are tough nuts to crack - even a powerful attack may fall foul of their thick-skin.,character_armour.png,2,2,0,0,true,0,2,1,Thick-Skinned,Creatures with tough hides or some kind of natural armour are tough nuts to crack - even a powerful attack may fall foul of their thick-skin.,,,,,,wh_main_effect_character_stat_armour,Armour: %+n,,character_to_character_own,7,both,100,true,armour_character.png,armour_character.png,,,,,,,,,,,,,,,,,,,,,,,character_skill_level_to_effects_junctions_tables,wh2_dlc11_skill_all_lord_self_thick-skinned|wh_main_effect_character_stat_armour|1|character_to_character_own
effect,warhammer_3,9.0,25507028,Skaven,skaven,wh2_main_sc_skv_skaven,Skreech Verminking,Skreech_Verminking,hero,wh3_dlc29_skv_skreech_verminking,champion,champion,wh3_dlc29_skv_clan_scruten,false,true,true,false,false,true,wh3_dlc29_lore_skreech_verminking,,wh3_dlc29_skill_node_set_skv_skreech_verminking,,1,champion,false,false,,,,wh3_dlc29_skill_node_skv_skreech_verminking_combat_1_2,wh2_dlc11_skill_all_lord_self_thick-skinned,Thick-Skinned,Creatures with tough hides or some kind of natural armour are tough nuts to crack - even a powerful attack may fall foul of their thick-skin.,character_armour.png,2,2,0,0,true,0,2,2,Thick-Skinned,Creatures with tough hides or some kind of natural armour are tough nuts to crack - even a powerful attack may fall foul of their thick-skin.,,,,,,wh_main_effect_character_stat_armour,Armour: %+n,,character_to_character_own,15,both,100,true,armour_character.png,armour_character.png,,,,,,,,,,,,,,,,,,,,,,,character_skill_level_to_effects_junctions_tables,wh2_dlc11_skill_all_lord_self_thick-skinned|wh_main_effect_character_stat_armour|2|character_to_character_own
node,warhammer_3,9.0,25507028,Skaven,skaven,wh2_main_sc_skv_skaven,Skreech Verminking,Skreech_Verminking,hero,wh3_dlc29_skv_skreech_verminking,champion,champion,wh3_dlc29_skv_clan_scruten,false,true,true,false,false,true,wh3_dlc29_lore_skreech_verminking,,wh3_dlc29_skill_node_set_skv_skreech_verminking,,1,champion,false,false,,,,wh3_dlc29_skill_node_skv_skreech_verminking_magic_1_2,wh2_dlc14_skill_all_magic_stealth_03_skitterleap,Skitterleap,,wh2_dlc14_skill_all_magic_stealth_03_skitterleap.png,2,3,0,0,true,0,3,,,,,,,,,,,,,,,,,,,,,,,,,,,,,,,,,,,,,,,,,character_skill_nodes_tables,wh3_dlc29_skill_node_skv_skreech_verminking_magic_1_2
effect,warhammer_3,9.0,25507028,Skaven,skaven,wh2_main_sc_skv_skaven,Skreech Verminking,Skreech_Verminking,hero,wh3_dlc29_skv_skreech_verminking,champion,champion,wh3_dlc29_skv_clan_scruten,false,true,true,false,false,true,wh3_dlc29_lore_skreech_verminking,,wh3_dlc29_skill_node_set_skv_skreech_verminking,,1,champion,false,false,,,,wh3_dlc29_skill_node_skv_skreech_verminking_magic_1_2,wh2_dlc14_skill_all_magic_stealth_03_skitterleap,Skitterleap,,wh2_dlc14_skill_all_magic_stealth_03_skitterleap.png,2,3,0,0,true,0,3,1,Skitterleap,,,,,,,wh2_dlc14_effect_magic_stealth_enable_skitterleap,"Spell: ""Skitterleap""",,character_to_character_own,1,battle,3,true,spell_ability.png,spell_ability.png,,,,,,,,,,,,,,,,,,,,,,,character_skill_level_to_effects_junctions_tables,wh2_dlc14_skill_all_magic_stealth_03_skitterleap|wh2_dlc14_effect_magic_stealth_enable_skitterleap|1|character_to_character_own
effect,warhammer_3,9.0,25507028,Skaven,skaven,wh2_main_sc_skv_skaven,Skreech Verminking,Skreech_Verminking,hero,wh3_dlc29_skv_skreech_verminking,champion,champion,wh3_dlc29_skv_clan_scruten,false,true,true,false,false,true,wh3_dlc29_lore_skreech_verminking,,wh3_dlc29_skill_node_set_skv_skreech_verminking,,1,champion,false,false,,,,wh3_dlc29_skill_node_skv_skreech_verminking_magic_1_2,wh2_dlc14_skill_all_magic_stealth_03_skitterleap,Skitterleap,,wh2_dlc14_skill_all_magic_stealth_03_skitterleap.png,2,3,0,0,true,0,3,2,Skitterleap,,,,,,,wh2_dlc14_effect_magic_stealth_cooldown_skitterleap,"Cooldown: %+n% to ""Skitterleap""",,character_to_character_own,-30,battle,60,false,magic_cooldown.png,magic_cooldown.png,,,,,,,,,,,,,,,,,,,,,,,character_skill_level_to_effects_junctions_tables,wh2_dlc14_skill_all_magic_stealth_03_skitterleap|wh2_dlc14_effect_magic_stealth_cooldown_skitterleap|2|character_to_character_own
effect,warhammer_3,9.0,25507028,Skaven,skaven,wh2_main_sc_skv_skaven,Skreech Verminking,Skreech_Verminking,hero,wh3_dlc29_skv_skreech_verminking,champion,champion,wh3_dlc29_skv_clan_scruten,false,true,true,false,false,true,wh3_dlc29_lore_skreech_verminking,,wh3_dlc29_skill_node_set_skv_skreech_verminking,,1,champion,false,false,,,,wh3_dlc29_skill_node_skv_skreech_verminking_magic_1_2,wh2_dlc14_skill_all_magic_stealth_03_skitterleap,Skitterleap,,wh2_dlc14_skill_all_magic_stealth_03_skitterleap.png,2,3,0,0,true,0,3,2,Skitterleap,,,,,,,wh2_dlc14_effect_magic_stealth_enable_skitterleap_upgraded,"Overcast spell: ""Skitterleap Upgraded""",,character_to_character_own,1,both,292,true,magic_character.png,magic_character.png,,,,,,,,,,,,,,,,,,,,,,,character_skill_level_to_effects_junctions_tables,wh2_dlc14_skill_all_magic_stealth_03_skitterleap|wh2_dlc14_effect_magic_stealth_enable_skitterleap_upgraded|2|character_to_character_own
effect,warhammer_3,9.0,25507028,Skaven,skaven,wh2_main_sc_skv_skaven,Skreech Verminking,Skreech_Verminking,hero,wh3_dlc29_skv_skreech_verminking,champion,champion,wh3_dlc29_skv_clan_scruten,false,true,true,false,false,true,wh3_dlc29_lore_skreech_verminking,,wh3_dlc29_skill_node_set_skv_skreech_verminking,,1,champion,false,false,,,,wh3_dlc29_skill_node_skv_skreech_verminking_magic_1_2,wh2_dlc14_skill_all_magic_stealth_03_skitterleap,Skitterleap,,wh2_dlc14_skill_all_magic_stealth_03_skitterleap.png,2,3,0,0,true,0,3,3,Skitterleap,,,,,,,wh2_dlc14_effect_magic_stealth_cooldown_skitterleap,"Cooldown: %+n% to ""Skitterleap""",,character_to_character_own,-50,battle,60,false,magic_cooldown.png,magic_cooldown.png,,,,,,,,,,,,,,,,,,,,,,,character_skill_level_to_effects_junctions_tables,wh2_dlc14_skill_all_magic_stealth_03_skitterleap|wh2_dlc14_effect_magic_stealth_cooldown_skitterleap|3|character_to_character_own
effect,warhammer_3,9.0,25507028,Skaven,skaven,wh2_main_sc_skv_skaven,Skreech Verminking,Skreech_Verminking,hero,wh3_dlc29_skv_skreech_verminking,champion,champion,wh3_dlc29_skv_clan_scruten,false,true,true,false,false,true,wh3_dlc29_lore_skreech_verminking,,wh3_dlc29_skill_node_set_skv_skreech_verminking,,1,champion,false,false,,,,wh3_dlc29_skill_node_skv_skreech_verminking_magic_1_2,wh2_dlc14_skill_all_magic_stealth_03_skitterleap,Skitterleap,,wh2_dlc14_skill_all_magic_stealth_03_skitterleap.png,2,3,0,0,true,0,3,3,Skitterleap,,,,,,,wh2_dlc14_effect_magic_stealth_enable_skitterleap_upgraded,"Overcast spell: ""Skitterleap Upgraded""",,character_to_character_own,1,both,292,true,magic_character.png,magic_character.png,,,,,,,,,,,,,,,,,,,,,,,character_skill_level_to_effects_junctions_tables,wh2_dlc14_skill_all_magic_stealth_03_skitterleap|wh2_dlc14_effect_magic_stealth_enable_skitterleap_upgraded|3|character_to_character_own
effect,warhammer_3,9.0,25507028,Skaven,skaven,wh2_main_sc_skv_skaven,Skreech Verminking,Skreech_Verminking,hero,wh3_dlc29_skv_skreech_verminking,champion,champion,wh3_dlc29_skv_clan_scruten,false,true,true,false,false,true,wh3_dlc29_lore_skreech_verminking,,wh3_dlc29_skill_node_set_skv_skreech_verminking,,1,champion,false,false,,,,wh3_dlc29_skill_node_skv_skreech_verminking_magic_1_2,wh2_dlc14_skill_all_magic_stealth_03_skitterleap,Skitterleap,,wh2_dlc14_skill_all_magic_stealth_03_skitterleap.png,2,3,0,0,true,0,3,3,Skitterleap,,,,,,,wh2_dlc14_effect_magic_stealth_miscast_reduction_skitterleap_upgraded,"Miscast base chance: %+n% for ""Skitterleap Upgraded""",,character_to_character_own,-15,both,298,false,magic.png,magic.png,,,,,,,,,,,,,,,,,,,,,,,character_skill_level_to_effects_junctions_tables,wh2_dlc14_skill_all_magic_stealth_03_skitterleap|wh2_dlc14_effect_magic_stealth_miscast_reduction_skitterleap_upgraded|3|character_to_character_own
effect,warhammer_3,9.0,25507028,Skaven,skaven,wh2_main_sc_skv_skaven,Skreech Verminking,Skreech_Verminking,hero,wh3_dlc29_skv_skreech_verminking,champion,champion,wh3_dlc29_skv_clan_scruten,false,true,true,false,false,true,wh3_dlc29_lore_skreech_verminking,,wh3_dlc29_skill_node_set_skv_skreech_verminking,,1,champion,false,false,,,,wh3_dlc29_skill_node_skv_skreech_verminking_magic_1_2,wh2_dlc14_skill_all_magic_stealth_03_skitterleap,Skitterleap,,wh2_dlc14_skill_all_magic_stealth_03_skitterleap.png,2,3,0,0,true,0,3,3,Skitterleap,,,,,,,wh2_dlc14_effect_magic_stealth_reduce_wom_cost_skitterleap,"Winds of Magic cost: %n for ""Skitterleap""",,character_to_character_own,-1,both,294,false,magic_character.png,magic_character.png,,,,,,,,,,,,,,,,,,,,,,,character_skill_level_to_effects_junctions_tables,wh2_dlc14_skill_all_magic_stealth_03_skitterleap|wh2_dlc14_effect_magic_stealth_reduce_wom_cost_skitterleap|3|character_to_character_own
effect,warhammer_3,9.0,25507028,Skaven,skaven,wh2_main_sc_skv_skaven,Skreech Verminking,Skreech_Verminking,hero,wh3_dlc29_skv_skreech_verminking,champion,champion,wh3_dlc29_skv_clan_scruten,false,true,true,false,false,true,wh3_dlc29_lore_skreech_verminking,,wh3_dlc29_skill_node_set_skv_skreech_verminking,,1,champion,false,false,,,,wh3_dlc29_skill_node_skv_skreech_verminking_magic_1_2,wh2_dlc14_skill_all_magic_stealth_03_skitterleap,Skitterleap,,wh2_dlc14_skill_all_magic_stealth_03_skitterleap.png,2,3,0,0,true,0,3,3,Skitterleap,,,,,,,wh2_dlc14_effect_magic_stealth_reduce_wom_cost_skitterleap_upgraded,"Winds of Magic cost: %n for ""Skitterleap Upgraded""",,character_to_character_own,-2,both,295,false,magic_character.png,magic_character.png,,,,,,,,,,,,,,,,,,,,,,,character_skill_level_to_effects_junctions_tables,wh2_dlc14_skill_all_magic_stealth_03_skitterleap|wh2_dlc14_effect_magic_stealth_reduce_wom_cost_skitterleap_upgraded|3|character_to_character_own
node,warhammer_3,9.0,25507028,Skaven,skaven,wh2_main_sc_skv_skaven,Skreech Verminking,Skreech_Verminking,hero,wh3_dlc29_skv_skreech_verminking,champion,champion,wh3_dlc29_skv_clan_scruten,false,true,true,false,false,true,wh3_dlc29_lore_skreech_verminking,,wh3_dlc29_skill_node_set_skv_skreech_verminking,,1,champion,false,false,,,,wh3_dlc29_skill_node_skv_skreech_verminking_unit_buff_3,wh3_dlc29_skill_skv_skreech_verminking_unit_buff_3,Disciples of Disease and Decay,Centuries spent trapped inside the black pit gave the Verminlord gestalt time to study disease in all of its insipid forms.,wh_main_unit_contact_poison.png,2,4,0,0,true,13,1,,,,,,,,,,,,,,,,,,,,,,,,,,,,,,,,,,,,,,,,,character_skill_nodes_tables,wh3_dlc29_skill_node_skv_skreech_verminking_unit_buff_3
skill_level,warhammer_3,9.0,25507028,Skaven,skaven,wh2_main_sc_skv_skaven,Skreech Verminking,Skreech_Verminking,hero,wh3_dlc29_skv_skreech_verminking,champion,champion,wh3_dlc29_skv_clan_scruten,false,true,true,false,false,true,wh3_dlc29_lore_skreech_verminking,,wh3_dlc29_skill_node_set_skv_skreech_verminking,,1,champion,false,false,,,,wh3_dlc29_skill_node_skv_skreech_verminking_unit_buff_3,wh3_dlc29_skill_skv_skreech_verminking_unit_buff_3,Disciples of Disease and Decay,Centuries spent trapped inside the black pit gave the Verminlord gestalt time to study disease in all of its insipid forms.,wh_main_unit_contact_poison.png,2,4,0,0,true,13,1,1,Disciples of Disease and Decay,Centuries spent trapped inside the black pit gave the Verminlord gestalt time to study disease in all of its insipid forms.,12,x,,,,,,,,,,,,,,,,,,,,,,,,,,,,,,,,,,,,character_skill_level_details_tables,wh3_dlc29_skill_skv_skreech_verminking_unit_buff_3|1|||
effect,warhammer_3,9.0,25507028,Skaven,skaven,wh2_main_sc_skv_skaven,Skreech Verminking,Skreech_Verminking,hero,wh3_dlc29_skv_skreech_verminking,champion,champion,wh3_dlc29_skv_clan_scruten,false,true,true,false,false,true,wh3_dlc29_lore_skreech_verminking,,wh3_dlc29_skill_node_set_skv_skreech_verminking,,1,champion,false,false,,,,wh3_dlc29_skill_node_skv_skreech_verminking_unit_buff_3,wh3_dlc29_skill_skv_skreech_verminking_unit_buff_3,Disciples of Disease and Decay,Centuries spent trapped inside the black pit gave the Verminlord gestalt time to study disease in all of its insipid forms.,wh_main_unit_contact_poison.png,2,4,0,0,true,13,1,1,Disciples of Disease and Decay,Centuries spent trapped inside the black pit gave the Verminlord gestalt time to study disease in all of its insipid forms.,,,,,,wh2_main_effect_plague_infectivity_mod,Chance of a plague spreading: %+n%,,character_to_force_own_factionwide,-20,campaign,5,false,plague.png,plague.png,,,,,,,,,,,,,,,,,,,,,,,character_skill_level_to_effects_junctions_tables,wh3_dlc29_skill_skv_skreech_verminking_unit_buff_3|wh2_main_effect_plague_infectivity_mod|1|character_to_force_own_factionwide
effect,warhammer_3,9.0,25507028,Skaven,skaven,wh2_main_sc_skv_skaven,Skreech Verminking,Skreech_Verminking,hero,wh3_dlc29_skv_skreech_verminking,champion,champion,wh3_dlc29_skv_clan_scruten,false,true,true,false,false,true,wh3_dlc29_lore_skreech_verminking,,wh3_dlc29_skill_node_set_skv_skreech_verminking,,1,champion,false,false,,,,wh3_dlc29_skill_node_skv_skreech_verminking_unit_buff_3,wh3_dlc29_skill_skv_skreech_verminking_unit_buff_3,Disciples of Disease and Decay,Centuries spent trapped inside the black pit gave the Verminlord gestalt time to study disease in all of its insipid forms.,wh_main_unit_contact_poison.png,2,4,0,0,true,13,1,1,Disciples of Disease and Decay,Centuries spent trapped inside the black pit gave the Verminlord gestalt time to study disease in all of its insipid forms.,,,,,,wh3_dlc20_effect_attribute_immune_to_contact_stat_effects,Attribute: Immune to Contact Effects,,character_to_character_own,1,both,320,true,attribute_contact_immunity.png,contact_immunity.png,,,,,,,,,,,,,,,,,,,,,,,character_skill_level_to_effects_junctions_tables,wh3_dlc29_skill_skv_skreech_verminking_unit_buff_3|wh3_dlc20_effect_attribute_immune_to_contact_stat_effects|1|character_to_character_own
effect,warhammer_3,9.0,25507028,Skaven,skaven,wh2_main_sc_skv_skaven,Skreech Verminking,Skreech_Verminking,hero,wh3_dlc29_skv_skreech_verminking,champion,champion,wh3_dlc29_skv_clan_scruten,false,true,true,false,false,true,wh3_dlc29_lore_skreech_verminking,,wh3_dlc29_skill_node_set_skv_skreech_verminking,,1,champion,false,false,,,,wh3_dlc29_skill_node_skv_skreech_verminking_unit_buff_3,wh3_dlc29_skill_skv_skreech_verminking_unit_buff_3,Disciples of Disease and Decay,Centuries spent trapped inside the black pit gave the Verminlord gestalt time to study disease in all of its insipid forms.,wh_main_unit_contact_poison.png,2,4,0,0,true,13,1,1,Disciples of Disease and Decay,Centuries spent trapped inside the black pit gave the Verminlord gestalt time to study disease in all of its insipid forms.,,,,,,wh3_dlc29_effect_force_stat_enable_poison_contact_effect,"Enables ""Poison!"" contact effect for Pestilens units",,character_to_force_own_alt_text,1,battle,655,true,general_ability.png,general_ability.png,,,,,,,,,,,,,,,,,,,,,,,character_skill_level_to_effects_junctions_tables,wh3_dlc29_skill_skv_skreech_verminking_unit_buff_3|wh3_dlc29_effect_force_stat_enable_poison_contact_effect|1|character_to_force_own_alt_text
effect,warhammer_3,9.0,25507028,Skaven,skaven,wh2_main_sc_skv_skaven,Skreech Verminking,Skreech_Verminking,hero,wh3_dlc29_skv_skreech_verminking,champion,champion,wh3_dlc29_skv_clan_scruten,false,true,true,false,false,true,wh3_dlc29_lore_skreech_verminking,,wh3_dlc29_skill_node_set_skv_skreech_verminking,,1,champion,false,false,,,,wh3_dlc29_skill_node_skv_skreech_verminking_unit_buff_3,wh3_dlc29_skill_skv_skreech_verminking_unit_buff_3,Disciples of Disease and Decay,Centuries spent trapped inside the black pit gave the Verminlord gestalt time to study disease in all of its insipid forms.,wh_main_unit_contact_poison.png,2,4,0,0,true,13,1,1,Disciples of Disease and Decay,Centuries spent trapped inside the black pit gave the Verminlord gestalt time to study disease in all of its insipid forms.,,,,,,wh3_dlc29_effect_force_stat_physical_resistance_skv_plague_units,Physical resistance: %n% for Pestilens units,,character_to_force_own_alt_text,15,battle,528,true,resistance_physical.png,resistance_physical.png,,,,,,,,,,,,,,,,,,,,,,,character_skill_level_to_effects_junctions_tables,wh3_dlc29_skill_skv_skreech_verminking_unit_buff_3|wh3_dlc29_effect_force_stat_physical_resistance_skv_plague_units|1|character_to_force_own_alt_text
node,warhammer_3,9.0,25507028,Skaven,skaven,wh2_main_sc_skv_skaven,Skreech Verminking,Skreech_Verminking,hero,wh3_dlc29_skv_skreech_verminking,champion,champion,wh3_dlc29_skv_clan_scruten,false,true,true,false,false,true,wh3_dlc29_lore_skreech_verminking,,wh3_dlc29_skill_node_set_skv_skreech_verminking,,1,champion,false,false,,,,wh3_dlc29_skill_node_skv_skreech_verminking_unit_buff_3_pestilens,wh3_dlc29_skill_skv_skreech_verminking_unit_buff_3_pestilens,Disciples of Disease and Decay,{{tr:character_skills_localised_description_wh3_dlc29_skill_skv_skreech_verminking_unit_buff_3}},wh_main_unit_contact_poison.png,2,4,0,0,true,13,1,,,,,,,,,,,,,,,,,,,,,,,,,,,,,,,,,,,,,,,,,character_skill_nodes_tables,wh3_dlc29_skill_node_skv_skreech_verminking_unit_buff_3_pestilens
skill_level,warhammer_3,9.0,25507028,Skaven,skaven,wh2_main_sc_skv_skaven,Skreech Verminking,Skreech_Verminking,hero,wh3_dlc29_skv_skreech_verminking,champion,champion,wh3_dlc29_skv_clan_scruten,false,true,true,false,false,true,wh3_dlc29_lore_skreech_verminking,,wh3_dlc29_skill_node_set_skv_skreech_verminking,,1,champion,false,false,,,,wh3_dlc29_skill_node_skv_skreech_verminking_unit_buff_3_pestilens,wh3_dlc29_skill_skv_skreech_verminking_unit_buff_3_pestilens,Disciples of Disease and Decay,{{tr:character_skills_localised_description_wh3_dlc29_skill_skv_skreech_verminking_unit_buff_3}},wh_main_unit_contact_poison.png,2,4,0,0,true,13,1,1,Disciples of Disease and Decay,{{tr:character_skills_localised_description_wh3_dlc29_skill_skv_skreech_verminking_unit_buff_3}},12,x,,wh2_main_skv_clan_pestilens,,,,,,,,,,,,,,,,,,,,,,,,,,,,,,,,,,character_skill_level_details_tables,wh3_dlc29_skill_skv_skreech_verminking_unit_buff_3_pestilens|1||wh2_main_skv_clan_pestilens|
effect,warhammer_3,9.0,25507028,Skaven,skaven,wh2_main_sc_skv_skaven,Skreech Verminking,Skreech_Verminking,hero,wh3_dlc29_skv_skreech_verminking,champion,champion,wh3_dlc29_skv_clan_scruten,false,true,true,false,false,true,wh3_dlc29_lore_skreech_verminking,,wh3_dlc29_skill_node_set_skv_skreech_verminking,,1,champion,false,false,,,,wh3_dlc29_skill_node_skv_skreech_verminking_unit_buff_3_pestilens,wh3_dlc29_skill_skv_skreech_verminking_unit_buff_3_pestilens,Disciples of Disease and Decay,{{tr:character_skills_localised_description_wh3_dlc29_skill_skv_skreech_verminking_unit_buff_3}},wh_main_unit_contact_poison.png,2,4,0,0,true,13,1,1,Disciples of Disease and Decay,{{tr:character_skills_localised_description_wh3_dlc29_skill_skv_skreech_verminking_unit_buff_3}},,,,,,wh2_main_effect_plague_infectivity_mod_good,Chance of a plague spreading: %+n%,,character_to_force_own_factionwide,20,campaign,201,true,plague.png,plague.png,,,,,,,,,,,,,,,,,,,,,,,character_skill_level_to_effects_junctions_tables,wh3_dlc29_skill_skv_skreech_verminking_unit_buff_3_pestilens|wh2_main_effect_plague_infectivity_mod_good|1|character_to_force_own_factionwide
effect,warhammer_3,9.0,25507028,Skaven,skaven,wh2_main_sc_skv_skaven,Skreech Verminking,Skreech_Verminking,hero,wh3_dlc29_skv_skreech_verminking,champion,champion,wh3_dlc29_skv_clan_scruten,false,true,true,false,false,true,wh3_dlc29_lore_skreech_verminking,,wh3_dlc29_skill_node_set_skv_skreech_verminking,,1,champion,false,false,,,,wh3_dlc29_skill_node_skv_skreech_verminking_unit_buff_3_pestilens,wh3_dlc29_skill_skv_skreech_verminking_unit_buff_3_pestilens,Disciples of Disease and Decay,{{tr:character_skills_localised_description_wh3_dlc29_skill_skv_skreech_verminking_unit_buff_3}},wh_main_unit_contact_poison.png,2,4,0,0,true,13,1,1,Disciples of Disease and Decay,{{tr:character_skills_localised_description_wh3_dlc29_skill_skv_skreech_verminking_unit_buff_3}},,,,,,wh3_dlc20_effect_attribute_immune_to_contact_stat_effects,Attribute: Immune to Contact Effects,,character_to_character_own,1,both,320,true,attribute_contact_immunity.png,contact_immunity.png,,,,,,,,,,,,,,,,,,,,,,,character_skill_level_to_effects_junctions_tables,wh3_dlc29_skill_skv_skreech_verminking_unit_buff_3_pestilens|wh3_dlc20_effect_attribute_immune_to_contact_stat_effects|1|character_to_character_own
effect,warhammer_3,9.0,25507028,Skaven,skaven,wh2_main_sc_skv_skaven,Skreech Verminking,Skreech_Verminking,hero,wh3_dlc29_skv_skreech_verminking,champion,champion,wh3_dlc29_skv_clan_scruten,false,true,true,false,false,true,wh3_dlc29_lore_skreech_verminking,,wh3_dlc29_skill_node_set_skv_skreech_verminking,,1,champion,false,false,,,,wh3_dlc29_skill_node_skv_skreech_verminking_unit_buff_3_pestilens,wh3_dlc29_skill_skv_skreech_verminking_unit_buff_3_pestilens,Disciples of Disease and Decay,{{tr:character_skills_localised_description_wh3_dlc29_skill_skv_skreech_verminking_unit_buff_3}},wh_main_unit_contact_poison.png,2,4,0,0,true,13,1,1,Disciples of Disease and Decay,{{tr:character_skills_localised_description_wh3_dlc29_skill_skv_skreech_verminking_unit_buff_3}},,,,,,wh3_dlc29_effect_force_stat_enable_poison_contact_effect,"Enables ""Poison!"" contact effect for Pestilens units",,character_to_force_own_alt_text,1,battle,655,true,general_ability.png,general_ability.png,,,,,,,,,,,,,,,,,,,,,,,character_skill_level_to_effects_junctions_tables,wh3_dlc29_skill_skv_skreech_verminking_unit_buff_3_pestilens|wh3_dlc29_effect_force_stat_enable_poison_contact_effect|1|character_to_force_own_alt_text
effect,warhammer_3,9.0,25507028,Skaven,skaven,wh2_main_sc_skv_skaven,Skreech Verminking,Skreech_Verminking,hero,wh3_dlc29_skv_skreech_verminking,champion,champion,wh3_dlc29_skv_clan_scruten,false,true,true,false,false,true,wh3_dlc29_lore_skreech_verminking,,wh3_dlc29_skill_node_set_skv_skreech_verminking,,1,champion,false,false,,,,wh3_dlc29_skill_node_skv_skreech_verminking_unit_buff_3_pestilens,wh3_dlc29_skill_skv_skreech_verminking_unit_buff_3_pestilens,Disciples of Disease and Decay,{{tr:character_skills_localised_description_wh3_dlc29_skill_skv_skreech_verminking_unit_buff_3}},wh_main_unit_contact_poison.png,2,4,0,0,true,13,1,1,Disciples of Disease and Decay,{{tr:character_skills_localised_description_wh3_dlc29_skill_skv_skreech_verminking_unit_buff_3}},,,,,,wh3_dlc29_effect_force_stat_physical_resistance_skv_plague_units,Physical resistance: %n% for Pestilens units,,character_to_force_own_alt_text,15,battle,528,true,resistance_physical.png,resistance_physical.png,,,,,,,,,,,,,,,,,,,,,,,character_skill_level_to_effects_junctions_tables,wh3_dlc29_skill_skv_skreech_verminking_unit_buff_3_pestilens|wh3_dlc29_effect_force_stat_physical_resistance_skv_plague_units|1|character_to_force_own_alt_text
node,warhammer_3,9.0,25507028,Skaven,skaven,wh2_main_sc_skv_skaven,Skreech Verminking,Skreech_Verminking,hero,wh3_dlc29_skv_skreech_verminking,champion,champion,wh3_dlc29_skv_clan_scruten,false,true,true,false,false,true,wh3_dlc29_lore_skreech_verminking,,wh3_dlc29_skill_node_set_skv_skreech_verminking,,1,champion,false,false,,,,wh3_dlc29_skill_node_skv_skreech_verminking_campaign_03,wh2_main_skill_all_hero_hinder_settlement_damage_walls,{{tr:agent_action_name_damage_walls}},They cannot stop what they cannot see.,campaign_siege_attack.png,2,5,0,0,true,0,3,,,,,,,,,,,,,,,,,,,,,,,,,,,,,,,,,,,,,,,,,character_skill_nodes_tables,wh3_dlc29_skill_node_skv_skreech_verminking_campaign_03
skill_level,warhammer_3,9.0,25507028,Skaven,skaven,wh2_main_sc_skv_skaven,Skreech Verminking,Skreech_Verminking,hero,wh3_dlc29_skv_skreech_verminking,champion,champion,wh3_dlc29_skv_clan_scruten,false,true,true,false,false,true,wh3_dlc29_lore_skreech_verminking,,wh3_dlc29_skill_node_set_skv_skreech_verminking,,1,champion,false,false,,,,wh3_dlc29_skill_node_skv_skreech_verminking_campaign_03,wh2_main_skill_all_hero_hinder_settlement_damage_walls,{{tr:agent_action_name_damage_walls}},They cannot stop what they cannot see.,campaign_siege_attack.png,2,5,0,0,true,0,3,2,{{tr:agent_action_name_damage_walls}},They cannot stop what they cannot see.,4,x,,,,,,,,,,,,,,,,,,,,,,,,,,,,,,,,,,,,character_skill_level_details_tables,wh2_main_skill_all_hero_hinder_settlement_damage_walls|2|||
skill_level,warhammer_3,9.0,25507028,Skaven,skaven,wh2_main_sc_skv_skaven,Skreech Verminking,Skreech_Verminking,hero,wh3_dlc29_skv_skreech_verminking,champion,champion,wh3_dlc29_skv_clan_scruten,false,true,true,false,false,true,wh3_dlc29_lore_skreech_verminking,,wh3_dlc29_skill_node_set_skv_skreech_verminking,,1,champion,false,false,,,,wh3_dlc29_skill_node_skv_skreech_verminking_campaign_03,wh2_main_skill_all_hero_hinder_settlement_damage_walls,{{tr:agent_action_name_damage_walls}},They cannot stop what they cannot see.,campaign_siege_attack.png,2,5,0,0,true,0,3,3,{{tr:agent_action_name_damage_walls}},They cannot stop what they cannot see.,9,x,,,,,,,,,,,,,,,,,,,,,,,,,,,,,,,,,,,,character_skill_level_details_tables,wh2_main_skill_all_hero_hinder_settlement_damage_walls|3|||
effect,warhammer_3,9.0,25507028,Skaven,skaven,wh2_main_sc_skv_skaven,Skreech Verminking,Skreech_Verminking,hero,wh3_dlc29_skv_skreech_verminking,champion,champion,wh3_dlc29_skv_clan_scruten,false,true,true,false,false,true,wh3_dlc29_lore_skreech_verminking,,wh3_dlc29_skill_node_set_skv_skreech_verminking,,1,champion,false,false,,,,wh3_dlc29_skill_node_skv_skreech_verminking_campaign_03,wh2_main_skill_all_hero_hinder_settlement_damage_walls,{{tr:agent_action_name_damage_walls}},They cannot stop what they cannot see.,campaign_siege_attack.png,2,5,0,0,true,0,3,1,{{tr:agent_action_name_damage_walls}},They cannot stop what they cannot see.,,,,,,wh2_main_effect_agent_action_hinder_settlement_damage_walls_buff,[[col:yellow]]{{tr:agent_action_name_damage_walls}}[[/col]] action: %n additional wall breaches,[[col:yellow]]{{tr:agent_action_name_damage_walls}}[[/col]] (Target: Settlement)\\nDamages the walls of the target settlement.,character_to_character_own,1,campaign,9,true,siege_attack.png,siege_attack.png,,,,,,,,,,,,,,,,,,,,,,,character_skill_level_to_effects_junctions_tables,wh2_main_skill_all_hero_hinder_settlement_damage_walls|wh2_main_effect_agent_action_hinder_settlement_damage_walls_buff|1|character_to_character_own
effect,warhammer_3,9.0,25507028,Skaven,skaven,wh2_main_sc_skv_skaven,Skreech Verminking,Skreech_Verminking,hero,wh3_dlc29_skv_skreech_verminking,champion,champion,wh3_dlc29_skv_clan_scruten,false,true,true,false,false,true,wh3_dlc29_lore_skreech_verminking,,wh3_dlc29_skill_node_set_skv_skreech_verminking,,1,champion,false,false,,,,wh3_dlc29_skill_node_skv_skreech_verminking_campaign_03,wh2_main_skill_all_hero_hinder_settlement_damage_walls,{{tr:agent_action_name_damage_walls}},They cannot stop what they cannot see.,campaign_siege_attack.png,2,5,0,0,true,0,3,2,{{tr:agent_action_name_damage_walls}},They cannot stop what they cannot see.,,,,,,wh2_main_effect_agent_action_hinder_settlement_damage_walls_buff,[[col:yellow]]{{tr:agent_action_name_damage_walls}}[[/col]] action: %n additional wall breaches,[[col:yellow]]{{tr:agent_action_name_damage_walls}}[[/col]] (Target: Settlement)\\nDamages the walls of the target settlement.,character_to_character_own,2,campaign,9,true,siege_attack.png,siege_attack.png,,,,,,,,,,,,,,,,,,,,,,,character_skill_level_to_effects_junctions_tables,wh2_main_skill_all_hero_hinder_settlement_damage_walls|wh2_main_effect_agent_action_hinder_settlement_damage_walls_buff|2|character_to_character_own
effect,warhammer_3,9.0,25507028,Skaven,skaven,wh2_main_sc_skv_skaven,Skreech Verminking,Skreech_Verminking,hero,wh3_dlc29_skv_skreech_verminking,champion,champion,wh3_dlc29_skv_clan_scruten,false,true,true,false,false,true,wh3_dlc29_lore_skreech_verminking,,wh3_dlc29_skill_node_set_skv_skreech_verminking,,1,champion,false,false,,,,wh3_dlc29_skill_node_skv_skreech_verminking_campaign_03,wh2_main_skill_all_hero_hinder_settlement_damage_walls,{{tr:agent_action_name_damage_walls}},They cannot stop what they cannot see.,campaign_siege_attack.png,2,5,0,0,true,0,3,3,{{tr:agent_action_name_damage_walls}},They cannot stop what they cannot see.,,,,,,wh2_main_effect_agent_action_hinder_settlement_damage_walls_buff,[[col:yellow]]{{tr:agent_action_name_damage_walls}}[[/col]] action: %n additional wall breaches,[[col:yellow]]{{tr:agent_action_name_damage_walls}}[[/col]] (Target: Settlement)\\nDamages the walls of the target settlement.,character_to_character_own,3,campaign,9,true,siege_attack.png,siege_attack.png,,,,,,,,,,,,,,,,,,,,,,,character_skill_level_to_effects_junctions_tables,wh2_main_skill_all_hero_hinder_settlement_damage_walls|wh2_main_effect_agent_action_hinder_settlement_damage_walls_buff|3|character_to_character_own
node,warhammer_3,9.0,25507028,Skaven,skaven,wh2_main_sc_skv_skaven,Skreech Verminking,Skreech_Verminking,hero,wh3_dlc29_skv_skreech_verminking,champion,champion,wh3_dlc29_skv_clan_scruten,false,true,true,false,false,true,wh3_dlc29_lore_skreech_verminking,,wh3_dlc29_skill_node_set_skv_skreech_verminking,,1,champion,false,false,,,,wh2_dlc16_skill_node_set_skv_chieftain_generic_2,wh2_main_skill_skv_generic_magic_ward,Tricksy,"All Skaven are unprincipled and untrustworthy by their foul natures. However, this is rarely a disadvantage in the face of the enemy.",character_ward_save.png,3,0,0,0,true,7,1,,,,,,,,,,,,,,,,,,,,,,,,,,,,,,,,,,,,,,,,,character_skill_nodes_tables,wh2_dlc16_skill_node_set_skv_chieftain_generic_2
skill_level,warhammer_3,9.0,25507028,Skaven,skaven,wh2_main_sc_skv_skaven,Skreech Verminking,Skreech_Verminking,hero,wh3_dlc29_skv_skreech_verminking,champion,champion,wh3_dlc29_skv_clan_scruten,false,true,true,false,false,true,wh3_dlc29_lore_skreech_verminking,,wh3_dlc29_skill_node_set_skv_skreech_verminking,,1,champion,false,false,,,,wh2_dlc16_skill_node_set_skv_chieftain_generic_2,wh2_main_skill_skv_generic_magic_ward,Tricksy,"All Skaven are unprincipled and untrustworthy by their foul natures. However, this is rarely a disadvantage in the face of the enemy.",character_ward_save.png,3,0,0,0,true,7,1,1,Tricksy,"All Skaven are unprincipled and untrustworthy by their foul natures. However, this is rarely a disadvantage in the face of the enemy.",7,x,,,,,,,,,,,,,,,,,,,,,,,,,,,,,,,,,,,,character_skill_level_details_tables,wh2_main_skill_skv_generic_magic_ward|1|||
effect,warhammer_3,9.0,25507028,Skaven,skaven,wh2_main_sc_skv_skaven,Skreech Verminking,Skreech_Verminking,hero,wh3_dlc29_skv_skreech_verminking,champion,champion,wh3_dlc29_skv_clan_scruten,false,true,true,false,false,true,wh3_dlc29_lore_skreech_verminking,,wh3_dlc29_skill_node_set_skv_skreech_verminking,,1,champion,false,false,,,,wh2_dlc16_skill_node_set_skv_chieftain_generic_2,wh2_main_skill_skv_generic_magic_ward,Tricksy,"All Skaven are unprincipled and untrustworthy by their foul natures. However, this is rarely a disadvantage in the face of the enemy.",character_ward_save.png,3,0,0,0,true,7,1,1,Tricksy,"All Skaven are unprincipled and untrustworthy by their foul natures. However, this is rarely a disadvantage in the face of the enemy.",,,,,,wh_main_effect_character_stat_magic_resistance,Spell resistance: %n%,"Spell Resistance. Damage of [[img:ui/skins/default/modifier_icon_magical.png]][[/img]]spells and magical abilities is reduced by this amount, up to a maximum of 90%",character_to_character_own,10,both,280,true,resistance_magic.png,resistance_magic.png,,,,,,,,,,,,,,,,,,,,,,,character_skill_level_to_effects_junctions_tables,wh2_main_skill_skv_generic_magic_ward|wh_main_effect_character_stat_magic_resistance|1|character_to_character_own
node,warhammer_3,9.0,25507028,Skaven,skaven,wh2_main_sc_skv_skaven,Skreech Verminking,Skreech_Verminking,hero,wh3_dlc29_skv_skreech_verminking,champion,champion,wh3_dlc29_skv_clan_scruten,false,true,true,false,false,true,wh3_dlc29_lore_skreech_verminking,,wh3_dlc29_skill_node_set_skv_skreech_verminking,,1,champion,false,false,,,,wh3_dlc29_skill_node_skv_skreech_verminking_unique_3,wh3_dlc29_skill_skv_skreech_verminking_unique_3,Conquest Below,Ruin's own lair-nest beneath the rotting earth is finally at hand…,icon_under_empire_large.png,3,1,0,0,true,0,1,,,,,,,,,,,,,,,,,,,,,,,,,,,,,,,,,,,,,,,,,character_skill_nodes_tables,wh3_dlc29_skill_node_skv_skreech_verminking_unique_3
effect,warhammer_3,9.0,25507028,Skaven,skaven,wh2_main_sc_skv_skaven,Skreech Verminking,Skreech_Verminking,hero,wh3_dlc29_skv_skreech_verminking,champion,champion,wh3_dlc29_skv_clan_scruten,false,true,true,false,false,true,wh3_dlc29_lore_skreech_verminking,,wh3_dlc29_skill_node_set_skv_skreech_verminking,,1,champion,false,false,,,,wh3_dlc29_skill_node_skv_skreech_verminking_unique_3,wh3_dlc29_skill_skv_skreech_verminking_unique_3,Conquest Below,Ruin's own lair-nest beneath the rotting earth is finally at hand…,icon_under_empire_large.png,3,1,0,0,true,0,1,1,Conquest Below,Ruin's own lair-nest beneath the rotting earth is finally at hand…,,,,,,wh3_dlc29_effect_character_construction_cost_mod_skv_under_empire,Construction cost: %+n% for Under-Empire buildings,,faction_to_foreign_building_unseen,-10,campaign,801,false,treasury.png,treasury.png,,,,,,,,,,,,,,,,,,,,,,,character_skill_level_to_effects_junctions_tables,wh3_dlc29_skill_skv_skreech_verminking_unique_3|wh3_dlc29_effect_character_construction_cost_mod_skv_under_empire|1|faction_to_foreign_building_unseen
effect,warhammer_3,9.0,25507028,Skaven,skaven,wh2_main_sc_skv_skaven,Skreech Verminking,Skreech_Verminking,hero,wh3_dlc29_skv_skreech_verminking,champion,champion,wh3_dlc29_skv_clan_scruten,false,true,true,false,false,true,wh3_dlc29_lore_skreech_verminking,,wh3_dlc29_skill_node_set_skv_skreech_verminking,,1,champion,false,false,,,,wh3_dlc29_skill_node_skv_skreech_verminking_unique_3,wh3_dlc29_skill_skv_skreech_verminking_unique_3,Conquest Below,Ruin's own lair-nest beneath the rotting earth is finally at hand…,icon_under_empire_large.png,3,1,0,0,true,0,1,1,Conquest Below,Ruin's own lair-nest beneath the rotting earth is finally at hand…,,,,,,wh3_dlc29_effect_economy_gdp_mod_skv_under_empire,Income from Under-Empire buildings: %+n%,,faction_to_foreign_building_unseen,15,campaign,3,true,income.png,income.png,,,,,,,,,,,,,,,,,,,,,,,character_skill_level_to_effects_junctions_tables,wh3_dlc29_skill_skv_skreech_verminking_unique_3|wh3_dlc29_effect_economy_gdp_mod_skv_under_empire|1|faction_to_foreign_building_unseen
effect,warhammer_3,9.0,25507028,Skaven,skaven,wh2_main_sc_skv_skaven,Skreech Verminking,Skreech_Verminking,hero,wh3_dlc29_skv_skreech_verminking,champion,champion,wh3_dlc29_skv_clan_scruten,false,true,true,false,false,true,wh3_dlc29_lore_skreech_verminking,,wh3_dlc29_skill_node_set_skv_skreech_verminking,,1,champion,false,false,,,,wh3_dlc29_skill_node_skv_skreech_verminking_unique_3,wh3_dlc29_skill_skv_skreech_verminking_unique_3,Conquest Below,Ruin's own lair-nest beneath the rotting earth is finally at hand…,icon_under_empire_large.png,3,1,0,0,true,0,1,1,Conquest Below,Ruin's own lair-nest beneath the rotting earth is finally at hand…,,,,,,wh3_dlc29_effects_building_construction_time_mod_skv_vermintide,Construction time: %+n for Vermintide buildings,,faction_to_foreign_building_unseen,-2,campaign,102,false,construction.png,construction.png,,,,,,,,,,,,,,,,,,,,,,,character_skill_level_to_effects_junctions_tables,wh3_dlc29_skill_skv_skreech_verminking_unique_3|wh3_dlc29_effects_building_construction_time_mod_skv_vermintide|1|faction_to_foreign_building_unseen
node,warhammer_3,9.0,25507028,Skaven,skaven,wh2_main_sc_skv_skaven,Skreech Verminking,Skreech_Verminking,hero,wh3_dlc29_skv_skreech_verminking,champion,champion,wh3_dlc29_skv_clan_scruten,false,true,true,false,false,true,wh3_dlc29_lore_skreech_verminking,,wh3_dlc29_skill_node_set_skv_skreech_verminking,,1,champion,false,false,,,,wh3_dlc29_skill_node_skv_skreech_verminking_combat_1_3,wh2_dlc11_skill_all_lord_self_blade_master,{{tr:character_skills_localised_name_wh_main_skill_all_all_self_blade_master}},{{tr:character_skills_localised_description_wh_main_skill_all_all_self_blade_master}},character_attack.png,3,2,0,0,true,0,2,,,,,,,,,,,,,,,,,,,,,,,,,,,,,,,,,,,,,,,,,character_skill_nodes_tables,wh3_dlc29_skill_node_skv_skreech_verminking_combat_1_3
effect,warhammer_3,9.0,25507028,Skaven,skaven,wh2_main_sc_skv_skaven,Skreech Verminking,Skreech_Verminking,hero,wh3_dlc29_skv_skreech_verminking,champion,champion,wh3_dlc29_skv_clan_scruten,false,true,true,false,false,true,wh3_dlc29_lore_skreech_verminking,,wh3_dlc29_skill_node_set_skv_skreech_verminking,,1,champion,false,false,,,,wh3_dlc29_skill_node_skv_skreech_verminking_combat_1_3,wh2_dlc11_skill_all_lord_self_blade_master,{{tr:character_skills_localised_name_wh_main_skill_all_all_self_blade_master}},{{tr:character_skills_localised_description_wh_main_skill_all_all_self_blade_master}},character_attack.png,3,2,0,0,true,0,2,1,{{tr:character_skills_localised_name_wh_main_skill_all_all_self_blade_master}},{{tr:character_skills_localised_description_wh_main_skill_all_all_self_blade_master}},,,,,,wh_main_effect_character_stat_melee_attack,Melee attack: %+n,,character_to_character_own,6,both,130,true,melee_character.png,melee_character.png,,,,,,,,,,,,,,,,,,,,,,,character_skill_level_to_effects_junctions_tables,wh2_dlc11_skill_all_lord_self_blade_master|wh_main_effect_character_stat_melee_attack|1|character_to_character_own
effect,warhammer_3,9.0,25507028,Skaven,skaven,wh2_main_sc_skv_skaven,Skreech Verminking,Skreech_Verminking,hero,wh3_dlc29_skv_skreech_verminking,champion,champion,wh3_dlc29_skv_clan_scruten,false,true,true,false,false,true,wh3_dlc29_lore_skreech_verminking,,wh3_dlc29_skill_node_set_skv_skreech_verminking,,1,champion,false,false,,,,wh3_dlc29_skill_node_skv_skreech_verminking_combat_1_3,wh2_dlc11_skill_all_lord_self_blade_master,{{tr:character_skills_localised_name_wh_main_skill_all_all_self_blade_master}},{{tr:character_skills_localised_description_wh_main_skill_all_all_self_blade_master}},character_attack.png,3,2,0,0,true,0,2,2,{{tr:character_skills_localised_name_wh_main_skill_all_all_self_blade_master}},{{tr:character_skills_localised_description_wh_main_skill_all_all_self_blade_master}},,,,,,wh_main_effect_character_stat_melee_attack,Melee attack: %+n,,character_to_character_own,12,both,130,true,melee_character.png,melee_character.png,,,,,,,,,,,,,,,,,,,,,,,character_skill_level_to_effects_junctions_tables,wh2_dlc11_skill_all_lord_self_blade_master|wh_main_effect_character_stat_melee_attack|2|character_to_character_own
node,warhammer_3,9.0,25507028,Skaven,skaven,wh2_main_sc_skv_skaven,Skreech Verminking,Skreech_Verminking,hero,wh3_dlc29_skv_skreech_verminking,champion,champion,wh3_dlc29_skv_clan_scruten,false,true,true,false,false,true,wh3_dlc29_lore_skreech_verminking,,wh3_dlc29_skill_node_set_skv_skreech_verminking,,1,champion,false,false,,,,wh3_dlc29_skill_node_skv_skreech_verminking_magic_1_3,wh2_main_skill_all_magic_ruin_04_death_frenzy_lord,Death Frenzy,,wh2_main_spell_ruin_death_frenzy.png,3,3,0,0,true,0,2,,,,,,,,,,,,,,,,,,,,,,,,,,,,,,,,,,,,,,,,,character_skill_nodes_tables,wh3_dlc29_skill_node_skv_skreech_verminking_magic_1_3
effect,warhammer_3,9.0,25507028,Skaven,skaven,wh2_main_sc_skv_skaven,Skreech Verminking,Skreech_Verminking,hero,wh3_dlc29_skv_skreech_verminking,champion,champion,wh3_dlc29_skv_clan_scruten,false,true,true,false,false,true,wh3_dlc29_lore_skreech_verminking,,wh3_dlc29_skill_node_set_skv_skreech_verminking,,1,champion,false,false,,,,wh3_dlc29_skill_node_skv_skreech_verminking_magic_1_3,wh2_main_skill_all_magic_ruin_04_death_frenzy_lord,Death Frenzy,,wh2_main_spell_ruin_death_frenzy.png,3,3,0,0,true,0,2,1,Death Frenzy,,,,,,,wh2_main_effect_ability_cooldown_death_frenzy,"Cooldown: %+n% to ""Death Frenzy""",,character_to_character_own,-30,both,293,false,magic_cooldown.png,magic_cooldown.png,,,,,,,,,,,,,,,,,,,,,,,character_skill_level_to_effects_junctions_tables,wh2_main_skill_all_magic_ruin_04_death_frenzy_lord|wh2_main_effect_ability_cooldown_death_frenzy|1|character_to_character_own
effect,warhammer_3,9.0,25507028,Skaven,skaven,wh2_main_sc_skv_skaven,Skreech Verminking,Skreech_Verminking,hero,wh3_dlc29_skv_skreech_verminking,champion,champion,wh3_dlc29_skv_clan_scruten,false,true,true,false,false,true,wh3_dlc29_lore_skreech_verminking,,wh3_dlc29_skill_node_set_skv_skreech_verminking,,1,champion,false,false,,,,wh3_dlc29_skill_node_skv_skreech_verminking_magic_1_3,wh2_main_skill_all_magic_ruin_04_death_frenzy_lord,Death Frenzy,,wh2_main_spell_ruin_death_frenzy.png,3,3,0,0,true,0,2,1,Death Frenzy,,,,,,,wh2_main_effect_ability_enable_death_frenzy,"Spell: ""Death Frenzy""",,character_to_character_own,1,battle,290,true,magic_character.png,magic_character.png,,,,,,,,,,,,,,,,,,,,,,,character_skill_level_to_effects_junctions_tables,wh2_main_skill_all_magic_ruin_04_death_frenzy_lord|wh2_main_effect_ability_enable_death_frenzy|1|character_to_character_own
effect,warhammer_3,9.0,25507028,Skaven,skaven,wh2_main_sc_skv_skaven,Skreech Verminking,Skreech_Verminking,hero,wh3_dlc29_skv_skreech_verminking,champion,champion,wh3_dlc29_skv_clan_scruten,false,true,true,false,false,true,wh3_dlc29_lore_skreech_verminking,,wh3_dlc29_skill_node_set_skv_skreech_verminking,,1,champion,false,false,,,,wh3_dlc29_skill_node_skv_skreech_verminking_magic_1_3,wh2_main_skill_all_magic_ruin_04_death_frenzy_lord,Death Frenzy,,wh2_main_spell_ruin_death_frenzy.png,3,3,0,0,true,0,2,1,Death Frenzy,,,,,,,wh2_main_effect_ability_overcast_death_frenzy,"Overcast spell: ""Death Frenzy Upgraded""",,character_to_character_own,1,both,292,true,magic_character.png,magic_character.png,,,,,,,,,,,,,,,,,,,,,,,character_skill_level_to_effects_junctions_tables,wh2_main_skill_all_magic_ruin_04_death_frenzy_lord|wh2_main_effect_ability_overcast_death_frenzy|1|character_to_character_own
effect,warhammer_3,9.0,25507028,Skaven,skaven,wh2_main_sc_skv_skaven,Skreech Verminking,Skreech_Verminking,hero,wh3_dlc29_skv_skreech_verminking,champion,champion,wh3_dlc29_skv_clan_scruten,false,true,true,false,false,true,wh3_dlc29_lore_skreech_verminking,,wh3_dlc29_skill_node_set_skv_skreech_verminking,,1,champion,false,false,,,,wh3_dlc29_skill_node_skv_skreech_verminking_magic_1_3,wh2_main_skill_all_magic_ruin_04_death_frenzy_lord,Death Frenzy,,wh2_main_spell_ruin_death_frenzy.png,3,3,0,0,true,0,2,2,Death Frenzy,,,,,,,wh2_main_effect_ability_cooldown_death_frenzy,"Cooldown: %+n% to ""Death Frenzy""",,character_to_character_own,-50,both,293,false,magic_cooldown.png,magic_cooldown.png,,,,,,,,,,,,,,,,,,,,,,,character_skill_level_to_effects_junctions_tables,wh2_main_skill_all_magic_ruin_04_death_frenzy_lord|wh2_main_effect_ability_cooldown_death_frenzy|2|character_to_character_own
effect,warhammer_3,9.0,25507028,Skaven,skaven,wh2_main_sc_skv_skaven,Skreech Verminking,Skreech_Verminking,hero,wh3_dlc29_skv_skreech_verminking,champion,champion,wh3_dlc29_skv_clan_scruten,false,true,true,false,false,true,wh3_dlc29_lore_skreech_verminking,,wh3_dlc29_skill_node_set_skv_skreech_verminking,,1,champion,false,false,,,,wh3_dlc29_skill_node_skv_skreech_verminking_magic_1_3,wh2_main_skill_all_magic_ruin_04_death_frenzy_lord,Death Frenzy,,wh2_main_spell_ruin_death_frenzy.png,3,3,0,0,true,0,2,2,Death Frenzy,,,,,,,wh2_main_effect_ability_miscast_death_frenzy_upgrade,"Miscast base chance: %+n% for ""Death Frenzy Upgraded""",,character_to_character_own,-15,both,298,false,magic.png,magic.png,,,,,,,,,,,,,,,,,,,,,,,character_skill_level_to_effects_junctions_tables,wh2_main_skill_all_magic_ruin_04_death_frenzy_lord|wh2_main_effect_ability_miscast_death_frenzy_upgrade|2|character_to_character_own
effect,warhammer_3,9.0,25507028,Skaven,skaven,wh2_main_sc_skv_skaven,Skreech Verminking,Skreech_Verminking,hero,wh3_dlc29_skv_skreech_verminking,champion,champion,wh3_dlc29_skv_clan_scruten,false,true,true,false,false,true,wh3_dlc29_lore_skreech_verminking,,wh3_dlc29_skill_node_set_skv_skreech_verminking,,1,champion,false,false,,,,wh3_dlc29_skill_node_skv_skreech_verminking_magic_1_3,wh2_main_skill_all_magic_ruin_04_death_frenzy_lord,Death Frenzy,,wh2_main_spell_ruin_death_frenzy.png,3,3,0,0,true,0,2,2,Death Frenzy,,,,,,,wh2_main_effect_ability_overcast_death_frenzy,"Overcast spell: ""Death Frenzy Upgraded""",,character_to_character_own,1,both,292,true,magic_character.png,magic_character.png,,,,,,,,,,,,,,,,,,,,,,,character_skill_level_to_effects_junctions_tables,wh2_main_skill_all_magic_ruin_04_death_frenzy_lord|wh2_main_effect_ability_overcast_death_frenzy|2|character_to_character_own
effect,warhammer_3,9.0,25507028,Skaven,skaven,wh2_main_sc_skv_skaven,Skreech Verminking,Skreech_Verminking,hero,wh3_dlc29_skv_skreech_verminking,champion,champion,wh3_dlc29_skv_clan_scruten,false,true,true,false,false,true,wh3_dlc29_lore_skreech_verminking,,wh3_dlc29_skill_node_set_skv_skreech_verminking,,1,champion,false,false,,,,wh3_dlc29_skill_node_skv_skreech_verminking_magic_1_3,wh2_main_skill_all_magic_ruin_04_death_frenzy_lord,Death Frenzy,,wh2_main_spell_ruin_death_frenzy.png,3,3,0,0,true,0,2,2,Death Frenzy,,,,,,,wh2_main_effect_ability_wom_cost_death_frenzy,"Winds of Magic cost: %n for ""Death Frenzy""",,character_to_character_own,-2,both,294,false,magic_character.png,magic_character.png,,,,,,,,,,,,,,,,,,,,,,,character_skill_level_to_effects_junctions_tables,wh2_main_skill_all_magic_ruin_04_death_frenzy_lord|wh2_main_effect_ability_wom_cost_death_frenzy|2|character_to_character_own
effect,warhammer_3,9.0,25507028,Skaven,skaven,wh2_main_sc_skv_skaven,Skreech Verminking,Skreech_Verminking,hero,wh3_dlc29_skv_skreech_verminking,champion,champion,wh3_dlc29_skv_clan_scruten,false,true,true,false,false,true,wh3_dlc29_lore_skreech_verminking,,wh3_dlc29_skill_node_set_skv_skreech_verminking,,1,champion,false,false,,,,wh3_dlc29_skill_node_skv_skreech_verminking_magic_1_3,wh2_main_skill_all_magic_ruin_04_death_frenzy_lord,Death Frenzy,,wh2_main_spell_ruin_death_frenzy.png,3,3,0,0,true,0,2,2,Death Frenzy,,,,,,,wh2_main_effect_ability_wom_cost_death_frenzy_upgrade,"Winds of Magic cost: %n for ""Death Frenzy Upgraded""",,character_to_character_own,-3,both,295,false,magic_character.png,magic_character.png,,,,,,,,,,,,,,,,,,,,,,,character_skill_level_to_effects_junctions_tables,wh2_main_skill_all_magic_ruin_04_death_frenzy_lord|wh2_main_effect_ability_wom_cost_death_frenzy_upgrade|2|character_to_character_own
node,warhammer_3,9.0,25507028,Skaven,skaven,wh2_main_sc_skv_skaven,Skreech Verminking,Skreech_Verminking,hero,wh3_dlc29_skv_skreech_verminking,champion,champion,wh3_dlc29_skv_clan_scruten,false,true,true,false,false,true,wh3_dlc29_lore_skreech_verminking,,wh3_dlc29_skill_node_set_skv_skreech_verminking,,1,champion,false,false,,,,wh3_dlc29_skill_node_skv_skreech_verminking_unit_buff_4,wh3_dlc29_skill_skv_skreech_verminking_unit_buff_4,Infernal Inventors,The Verminking's myriad inscrutable technological insights give Skryre a vital edge in battle.,battle_speed.png,3,4,0,0,true,13,1,,,,,,,,,,,,,,,,,,,,,,,,,,,,,,,,,,,,,,,,,character_skill_nodes_tables,wh3_dlc29_skill_node_skv_skreech_verminking_unit_buff_4
skill_level,warhammer_3,9.0,25507028,Skaven,skaven,wh2_main_sc_skv_skaven,Skreech Verminking,Skreech_Verminking,hero,wh3_dlc29_skv_skreech_verminking,champion,champion,wh3_dlc29_skv_clan_scruten,false,true,true,false,false,true,wh3_dlc29_lore_skreech_verminking,,wh3_dlc29_skill_node_set_skv_skreech_verminking,,1,champion,false,false,,,,wh3_dlc29_skill_node_skv_skreech_verminking_unit_buff_4,wh3_dlc29_skill_skv_skreech_verminking_unit_buff_4,Infernal Inventors,The Verminking's myriad inscrutable technological insights give Skryre a vital edge in battle.,battle_speed.png,3,4,0,0,true,13,1,1,Infernal Inventors,The Verminking's myriad inscrutable technological insights give Skryre a vital edge in battle.,12,x,,,,,,,,,,,,,,,,,,,,,,,,,,,,,,,,,,,,character_skill_level_details_tables,wh3_dlc29_skill_skv_skreech_verminking_unit_buff_4|1|||
effect,warhammer_3,9.0,25507028,Skaven,skaven,wh2_main_sc_skv_skaven,Skreech Verminking,Skreech_Verminking,hero,wh3_dlc29_skv_skreech_verminking,champion,champion,wh3_dlc29_skv_clan_scruten,false,true,true,false,false,true,wh3_dlc29_lore_skreech_verminking,,wh3_dlc29_skill_node_set_skv_skreech_verminking,,1,champion,false,false,,,,wh3_dlc29_skill_node_skv_skreech_verminking_unit_buff_4,wh3_dlc29_skill_skv_skreech_verminking_unit_buff_4,Infernal Inventors,The Verminking's myriad inscrutable technological insights give Skryre a vital edge in battle.,battle_speed.png,3,4,0,0,true,13,1,1,Infernal Inventors,The Verminking's myriad inscrutable technological insights give Skryre a vital edge in battle.,,,,,,wh_main_effect_character_stat_ap_damage,Armour-piercing weapon damage: %+n,,character_to_character_own,50,both,170,true,armour_piercing_character.png,armour_piercing_character.png,,,,,,,,,,,,,,,,,,,,,,,character_skill_level_to_effects_junctions_tables,wh3_dlc29_skill_skv_skreech_verminking_unit_buff_4|wh_main_effect_character_stat_ap_damage|1|character_to_character_own
effect,warhammer_3,9.0,25507028,Skaven,skaven,wh2_main_sc_skv_skaven,Skreech Verminking,Skreech_Verminking,hero,wh3_dlc29_skv_skreech_verminking,champion,champion,wh3_dlc29_skv_clan_scruten,false,true,true,false,false,true,wh3_dlc29_lore_skreech_verminking,,wh3_dlc29_skill_node_set_skv_skreech_verminking,,1,champion,false,false,,,,wh3_dlc29_skill_node_skv_skreech_verminking_unit_buff_4,wh3_dlc29_skill_skv_skreech_verminking_unit_buff_4,Infernal Inventors,The Verminking's myriad inscrutable technological insights give Skryre a vital edge in battle.,battle_speed.png,3,4,0,0,true,13,1,1,Infernal Inventors,The Verminking's myriad inscrutable technological insights give Skryre a vital edge in battle.,,,,,,wh_main_effect_technology_research_rate_mod,{{tr:effect_technology_research_points_description}}: %+n,,character_to_faction_unseen,5,campaign,61,true,technology.png,technology.png,,,,,,,,,,,,,,,,,,,,,,,character_skill_level_to_effects_junctions_tables,wh3_dlc29_skill_skv_skreech_verminking_unit_buff_4|wh_main_effect_technology_research_rate_mod|1|character_to_faction_unseen
effect,warhammer_3,9.0,25507028,Skaven,skaven,wh2_main_sc_skv_skaven,Skreech Verminking,Skreech_Verminking,hero,wh3_dlc29_skv_skreech_verminking,champion,champion,wh3_dlc29_skv_clan_scruten,false,true,true,false,false,true,wh3_dlc29_lore_skreech_verminking,,wh3_dlc29_skill_node_set_skv_skreech_verminking,,1,champion,false,false,,,,wh3_dlc29_skill_node_skv_skreech_verminking_unit_buff_4,wh3_dlc29_skill_skv_skreech_verminking_unit_buff_4,Infernal Inventors,The Verminking's myriad inscrutable technological insights give Skryre a vital edge in battle.,battle_speed.png,3,4,0,0,true,13,1,1,Infernal Inventors,The Verminking's myriad inscrutable technological insights give Skryre a vital edge in battle.,,,,,,wh3_dlc29_effect_force_stat_armour_skryre,Armour: %+n for Skryre units,,character_to_force_own_alt_text,15,battle,401,true,armour.png,armour.png,,,,,,,,,,,,,,,,,,,,,,,character_skill_level_to_effects_junctions_tables,wh3_dlc29_skill_skv_skreech_verminking_unit_buff_4|wh3_dlc29_effect_force_stat_armour_skryre|1|character_to_force_own_alt_text
effect,warhammer_3,9.0,25507028,Skaven,skaven,wh2_main_sc_skv_skaven,Skreech Verminking,Skreech_Verminking,hero,wh3_dlc29_skv_skreech_verminking,champion,champion,wh3_dlc29_skv_clan_scruten,false,true,true,false,false,true,wh3_dlc29_lore_skreech_verminking,,wh3_dlc29_skill_node_set_skv_skreech_verminking,,1,champion,false,false,,,,wh3_dlc29_skill_node_skv_skreech_verminking_unit_buff_4,wh3_dlc29_skill_skv_skreech_verminking_unit_buff_4,Infernal Inventors,The Verminking's myriad inscrutable technological insights give Skryre a vital edge in battle.,battle_speed.png,3,4,0,0,true,13,1,1,Infernal Inventors,The Verminking's myriad inscrutable technological insights give Skryre a vital edge in battle.,,,,,,wh3_dlc29_effect_force_stat_reload_time_reduction_skryre,Reload time reduction: %+n%,,character_to_force_own_alt_text,10,battle,561,true,icon_stat_reload_time_force.png,icon_stat_reload_time_force.png,,,,,,,,,,,,,,,,,,,,,,,character_skill_level_to_effects_junctions_tables,wh3_dlc29_skill_skv_skreech_verminking_unit_buff_4|wh3_dlc29_effect_force_stat_reload_time_reduction_skryre|1|character_to_force_own_alt_text
node,warhammer_3,9.0,25507028,Skaven,skaven,wh2_main_sc_skv_skaven,Skreech Verminking,Skreech_Verminking,hero,wh3_dlc29_skv_skreech_verminking,champion,champion,wh3_dlc29_skv_clan_scruten,false,true,true,false,false,true,wh3_dlc29_lore_skreech_verminking,,wh3_dlc29_skill_node_set_skv_skreech_verminking,,1,champion,false,false,,,,wh3_dlc29_skill_node_skv_skreech_verminking_campaign_04,wh2_main_skill_all_hero_hinder_agent_assassinate,{{tr:agent_action_name_assassinate}},A skilled assassin is a cold-hearted killer and merciless murderer.,campaign_subterfuge.png,3,5,0,0,true,0,3,,,,,,,,,,,,,,,,,,,,,,,,,,,,,,,,,,,,,,,,,character_skill_nodes_tables,wh3_dlc29_skill_node_skv_skreech_verminking_campaign_04
skill_level,warhammer_3,9.0,25507028,Skaven,skaven,wh2_main_sc_skv_skaven,Skreech Verminking,Skreech_Verminking,hero,wh3_dlc29_skv_skreech_verminking,champion,champion,wh3_dlc29_skv_clan_scruten,false,true,true,false,false,true,wh3_dlc29_lore_skreech_verminking,,wh3_dlc29_skill_node_set_skv_skreech_verminking,,1,champion,false,false,,,,wh3_dlc29_skill_node_skv_skreech_verminking_campaign_04,wh2_main_skill_all_hero_hinder_agent_assassinate,{{tr:agent_action_name_assassinate}},A skilled assassin is a cold-hearted killer and merciless murderer.,campaign_subterfuge.png,3,5,0,0,true,0,3,2,{{tr:agent_action_name_assassinate}},A skilled assassin is a cold-hearted killer and merciless murderer.,4,x,,,,,,,,,,,,,,,,,,,,,,,,,,,,,,,,,,,,character_skill_level_details_tables,wh2_main_skill_all_hero_hinder_agent_assassinate|2|||
skill_level,warhammer_3,9.0,25507028,Skaven,skaven,wh2_main_sc_skv_skaven,Skreech Verminking,Skreech_Verminking,hero,wh3_dlc29_skv_skreech_verminking,champion,champion,wh3_dlc29_skv_clan_scruten,false,true,true,false,false,true,wh3_dlc29_lore_skreech_verminking,,wh3_dlc29_skill_node_set_skv_skreech_verminking,,1,champion,false,false,,,,wh3_dlc29_skill_node_skv_skreech_verminking_campaign_04,wh2_main_skill_all_hero_hinder_agent_assassinate,{{tr:agent_action_name_assassinate}},A skilled assassin is a cold-hearted killer and merciless murderer.,campaign_subterfuge.png,3,5,0,0,true,0,3,3,{{tr:agent_action_name_assassinate}},A skilled assassin is a cold-hearted killer and merciless murderer.,9,x,,,,,,,,,,,,,,,,,,,,,,,,,,,,,,,,,,,,character_skill_level_details_tables,wh2_main_skill_all_hero_hinder_agent_assassinate|3|||
effect,warhammer_3,9.0,25507028,Skaven,skaven,wh2_main_sc_skv_skaven,Skreech Verminking,Skreech_Verminking,hero,wh3_dlc29_skv_skreech_verminking,champion,champion,wh3_dlc29_skv_clan_scruten,false,true,true,false,false,true,wh3_dlc29_lore_skreech_verminking,,wh3_dlc29_skill_node_set_skv_skreech_verminking,,1,champion,false,false,,,,wh3_dlc29_skill_node_skv_skreech_verminking_campaign_04,wh2_main_skill_all_hero_hinder_agent_assassinate,{{tr:agent_action_name_assassinate}},A skilled assassin is a cold-hearted killer and merciless murderer.,campaign_subterfuge.png,3,5,0,0,true,0,3,1,{{tr:agent_action_name_assassinate}},A skilled assassin is a cold-hearted killer and merciless murderer.,,,,,,wh2_main_effect_agent_action_hinder_agent_assassinate_buff,[[col:yellow]]{{tr:agent_action_name_assassinate}}[[/col]] action: Additional %n% success chance,[[col:yellow]]{{tr:agent_action_name_assassinate}}[[/col]] (Target: Hero)\\nKills the target [[img:icon_hero]][[/img]]Hero.,character_to_character_own,3,campaign,10,true,subterfuge.png,subterfuge.png,,,,,,,,,,,,,,,,,,,,,,,character_skill_level_to_effects_junctions_tables,wh2_main_skill_all_hero_hinder_agent_assassinate|wh2_main_effect_agent_action_hinder_agent_assassinate_buff|1|character_to_character_own
effect,warhammer_3,9.0,25507028,Skaven,skaven,wh2_main_sc_skv_skaven,Skreech Verminking,Skreech_Verminking,hero,wh3_dlc29_skv_skreech_verminking,champion,champion,wh3_dlc29_skv_clan_scruten,false,true,true,false,false,true,wh3_dlc29_lore_skreech_verminking,,wh3_dlc29_skill_node_set_skv_skreech_verminking,,1,champion,false,false,,,,wh3_dlc29_skill_node_skv_skreech_verminking_campaign_04,wh2_main_skill_all_hero_hinder_agent_assassinate,{{tr:agent_action_name_assassinate}},A skilled assassin is a cold-hearted killer and merciless murderer.,campaign_subterfuge.png,3,5,0,0,true,0,3,2,{{tr:agent_action_name_assassinate}},A skilled assassin is a cold-hearted killer and merciless murderer.,,,,,,wh2_main_effect_agent_action_hinder_agent_assassinate_buff,[[col:yellow]]{{tr:agent_action_name_assassinate}}[[/col]] action: Additional %n% success chance,[[col:yellow]]{{tr:agent_action_name_assassinate}}[[/col]] (Target: Hero)\\nKills the target [[img:icon_hero]][[/img]]Hero.,character_to_character_own,8,campaign,10,true,subterfuge.png,subterfuge.png,,,,,,,,,,,,,,,,,,,,,,,character_skill_level_to_effects_junctions_tables,wh2_main_skill_all_hero_hinder_agent_assassinate|wh2_main_effect_agent_action_hinder_agent_assassinate_buff|2|character_to_character_own
effect,warhammer_3,9.0,25507028,Skaven,skaven,wh2_main_sc_skv_skaven,Skreech Verminking,Skreech_Verminking,hero,wh3_dlc29_skv_skreech_verminking,champion,champion,wh3_dlc29_skv_clan_scruten,false,true,true,false,false,true,wh3_dlc29_lore_skreech_verminking,,wh3_dlc29_skill_node_set_skv_skreech_verminking,,1,champion,false,false,,,,wh3_dlc29_skill_node_skv_skreech_verminking_campaign_04,wh2_main_skill_all_hero_hinder_agent_assassinate,{{tr:agent_action_name_assassinate}},A skilled assassin is a cold-hearted killer and merciless murderer.,campaign_subterfuge.png,3,5,0,0,true,0,3,3,{{tr:agent_action_name_assassinate}},A skilled assassin is a cold-hearted killer and merciless murderer.,,,,,,wh2_main_effect_agent_action_hinder_agent_assassinate_buff,[[col:yellow]]{{tr:agent_action_name_assassinate}}[[/col]] action: Additional %n% success chance,[[col:yellow]]{{tr:agent_action_name_assassinate}}[[/col]] (Target: Hero)\\nKills the target [[img:icon_hero]][[/img]]Hero.,character_to_character_own,15,campaign,10,true,subterfuge.png,subterfuge.png,,,,,,,,,,,,,,,,,,,,,,,character_skill_level_to_effects_junctions_tables,wh2_main_skill_all_hero_hinder_agent_assassinate|wh2_main_effect_agent_action_hinder_agent_assassinate_buff|3|character_to_character_own
node,warhammer_3,9.0,25507028,Skaven,skaven,wh2_main_sc_skv_skaven,Skreech Verminking,Skreech_Verminking,hero,wh3_dlc29_skv_skreech_verminking,champion,champion,wh3_dlc29_skv_clan_scruten,false,true,true,false,false,true,wh3_dlc29_lore_skreech_verminking,,wh3_dlc29_skill_node_set_skv_skreech_verminking,,1,champion,false,false,,,,wh3_dlc29_skill_node_skv_skreech_verminking_unique_4,wh3_dlc29_skill_skv_skreech_verminking_unique_4,Patron of Great Skaven,"The Rat King looks kindly upon his greatest children. Well, not kindly as such, but with a lesser degree of contempt.",character_experience.png,4,1,0,0,true,0,1,,,,,,,,,,,,,,,,,,,,,,,,,,,,,,,,,,,,,,,,,character_skill_nodes_tables,wh3_dlc29_skill_node_skv_skreech_verminking_unique_4
effect,warhammer_3,9.0,25507028,Skaven,skaven,wh2_main_sc_skv_skaven,Skreech Verminking,Skreech_Verminking,hero,wh3_dlc29_skv_skreech_verminking,champion,champion,wh3_dlc29_skv_clan_scruten,false,true,true,false,false,true,wh3_dlc29_lore_skreech_verminking,,wh3_dlc29_skill_node_set_skv_skreech_verminking,,1,champion,false,false,,,,wh3_dlc29_skill_node_skv_skreech_verminking_unique_4,wh3_dlc29_skill_skv_skreech_verminking_unique_4,Patron of Great Skaven,"The Rat King looks kindly upon his greatest children. Well, not kindly as such, but with a lesser degree of contempt.",character_experience.png,4,1,0,0,true,0,1,1,Patron of Great Skaven,"The Rat King looks kindly upon his greatest children. Well, not kindly as such, but with a lesser degree of contempt.",,,,,,wh_main_effect_character_stat_ward_save,Ward save: %+n%,"Ward Save. Any type of damage is reduced by this amount, up to a maximum of 90%",agent_to_parent_army_general_own,10,battle,100,true,resistance_ward_save.png,resistance_ward_save.png,,,,,,,,,,,,,,,,,,,,,,,character_skill_level_to_effects_junctions_tables,wh3_dlc29_skill_skv_skreech_verminking_unique_4|wh_main_effect_character_stat_ward_save|1|agent_to_parent_army_general_own
effect,warhammer_3,9.0,25507028,Skaven,skaven,wh2_main_sc_skv_skaven,Skreech Verminking,Skreech_Verminking,hero,wh3_dlc29_skv_skreech_verminking,champion,champion,wh3_dlc29_skv_clan_scruten,false,true,true,false,false,true,wh3_dlc29_lore_skreech_verminking,,wh3_dlc29_skill_node_set_skv_skreech_verminking,,1,champion,false,false,,,,wh3_dlc29_skill_node_skv_skreech_verminking_unique_4,wh3_dlc29_skill_skv_skreech_verminking_unique_4,Patron of Great Skaven,"The Rat King looks kindly upon his greatest children. Well, not kindly as such, but with a lesser degree of contempt.",character_experience.png,4,1,0,0,true,0,1,1,Patron of Great Skaven,"The Rat King looks kindly upon his greatest children. Well, not kindly as such, but with a lesser degree of contempt.",,,,,,wh_main_effect_force_all_campaign_replenishment_rate,Casualty replenishment rate: %+n%,{{tr:replenishment_additional_tooltip}},agent_to_parent_army_general_own,15,campaign,101,true,replenishment.png,replenishment.png,,,,,,,,,,,,,,,,,,,,,,,character_skill_level_to_effects_junctions_tables,wh3_dlc29_skill_skv_skreech_verminking_unique_4|wh_main_effect_force_all_campaign_replenishment_rate|1|agent_to_parent_army_general_own
effect,warhammer_3,9.0,25507028,Skaven,skaven,wh2_main_sc_skv_skaven,Skreech Verminking,Skreech_Verminking,hero,wh3_dlc29_skv_skreech_verminking,champion,champion,wh3_dlc29_skv_clan_scruten,false,true,true,false,false,true,wh3_dlc29_lore_skreech_verminking,,wh3_dlc29_skill_node_set_skv_skreech_verminking,,1,champion,false,false,,,,wh3_dlc29_skill_node_skv_skreech_verminking_unique_4,wh3_dlc29_skill_skv_skreech_verminking_unique_4,Patron of Great Skaven,"The Rat King looks kindly upon his greatest children. Well, not kindly as such, but with a lesser degree of contempt.",character_experience.png,4,1,0,0,true,0,1,1,Patron of Great Skaven,"The Rat King looks kindly upon his greatest children. Well, not kindly as such, but with a lesser degree of contempt.",,,,,,wh3_main_effect_character_campaign_experience_mod,Character experience gain: %+n%,,agent_to_parent_army_general_own,15,campaign,14,true,experience.png,experience.png,,,,,,,,,,,,,,,,,,,,,,,character_skill_level_to_effects_junctions_tables,wh3_dlc29_skill_skv_skreech_verminking_unique_4|wh3_main_effect_character_campaign_experience_mod|1|agent_to_parent_army_general_own
node,warhammer_3,9.0,25507028,Skaven,skaven,wh2_main_sc_skv_skaven,Skreech Verminking,Skreech_Verminking,hero,wh3_dlc29_skv_skreech_verminking,champion,champion,wh3_dlc29_skv_clan_scruten,false,true,true,false,false,true,wh3_dlc29_lore_skreech_verminking,,wh3_dlc29_skill_node_set_skv_skreech_verminking,,1,champion,false,false,,,,wh3_dlc29_skill_node_skv_skreech_verminking_combat_1_4,wh2_dlc11_skill_all_lord_self_self_indomitable,Indomitable,The iron will and indomitable presence of this leader ensures their followers remain steadfast when facing peril.,character_morale.png,4,2,0,0,true,0,2,,,,,,,,,,,,,,,,,,,,,,,,,,,,,,,,,,,,,,,,,character_skill_nodes_tables,wh3_dlc29_skill_node_skv_skreech_verminking_combat_1_4
effect,warhammer_3,9.0,25507028,Skaven,skaven,wh2_main_sc_skv_skaven,Skreech Verminking,Skreech_Verminking,hero,wh3_dlc29_skv_skreech_verminking,champion,champion,wh3_dlc29_skv_clan_scruten,false,true,true,false,false,true,wh3_dlc29_lore_skreech_verminking,,wh3_dlc29_skill_node_set_skv_skreech_verminking,,1,champion,false,false,,,,wh3_dlc29_skill_node_skv_skreech_verminking_combat_1_4,wh2_dlc11_skill_all_lord_self_self_indomitable,Indomitable,The iron will and indomitable presence of this leader ensures their followers remain steadfast when facing peril.,character_morale.png,4,2,0,0,true,0,2,1,Indomitable,The iron will and indomitable presence of this leader ensures their followers remain steadfast when facing peril.,,,,,,wh_main_effect_character_stat_leadership,Leadership: %+n,,character_to_character_own,6,both,110,true,morale_character.png,morale_character.png,,,,,,,,,,,,,,,,,,,,,,,character_skill_level_to_effects_junctions_tables,wh2_dlc11_skill_all_lord_self_self_indomitable|wh_main_effect_character_stat_leadership|1|character_to_character_own
effect,warhammer_3,9.0,25507028,Skaven,skaven,wh2_main_sc_skv_skaven,Skreech Verminking,Skreech_Verminking,hero,wh3_dlc29_skv_skreech_verminking,champion,champion,wh3_dlc29_skv_clan_scruten,false,true,true,false,false,true,wh3_dlc29_lore_skreech_verminking,,wh3_dlc29_skill_node_set_skv_skreech_verminking,,1,champion,false,false,,,,wh3_dlc29_skill_node_skv_skreech_verminking_combat_1_4,wh2_dlc11_skill_all_lord_self_self_indomitable,Indomitable,The iron will and indomitable presence of this leader ensures their followers remain steadfast when facing peril.,character_morale.png,4,2,0,0,true,0,2,2,Indomitable,The iron will and indomitable presence of this leader ensures their followers remain steadfast when facing peril.,,,,,,wh_main_effect_character_stat_leadership,Leadership: %+n,,character_to_character_own,12,both,110,true,morale_character.png,morale_character.png,,,,,,,,,,,,,,,,,,,,,,,character_skill_level_to_effects_junctions_tables,wh2_dlc11_skill_all_lord_self_self_indomitable|wh_main_effect_character_stat_leadership|2|character_to_character_own
node,warhammer_3,9.0,25507028,Skaven,skaven,wh2_main_sc_skv_skaven,Skreech Verminking,Skreech_Verminking,hero,wh3_dlc29_skv_skreech_verminking,champion,champion,wh3_dlc29_skv_clan_scruten,false,true,true,false,false,true,wh3_dlc29_lore_skreech_verminking,,wh3_dlc29_skill_node_set_skv_skreech_verminking,,1,champion,false,false,,,,wh3_dlc29_skill_node_skv_skreech_verminking_magic_1_4,wh2_main_skill_all_magic_plague_05_vermintide_lord,Vermintide,,wh2_main_spell_plague_vermintide.png,4,3,0,0,true,0,1,,,,,,,,,,,,,,,,,,,,,,,,,,,,,,,,,,,,,,,,,character_skill_nodes_tables,wh3_dlc29_skill_node_skv_skreech_verminking_magic_1_4
effect,warhammer_3,9.0,25507028,Skaven,skaven,wh2_main_sc_skv_skaven,Skreech Verminking,Skreech_Verminking,hero,wh3_dlc29_skv_skreech_verminking,champion,champion,wh3_dlc29_skv_clan_scruten,false,true,true,false,false,true,wh3_dlc29_lore_skreech_verminking,,wh3_dlc29_skill_node_set_skv_skreech_verminking,,1,champion,false,false,,,,wh3_dlc29_skill_node_skv_skreech_verminking_magic_1_4,wh2_main_skill_all_magic_plague_05_vermintide_lord,Vermintide,,wh2_main_spell_plague_vermintide.png,4,3,0,0,true,0,1,1,Vermintide,,,,,,,wh2_main_effect_ability_cooldown_vermintide,"Cooldown: %+n% to ""Vermintide""",,character_to_character_own,-50,both,293,false,magic_cooldown.png,magic_cooldown.png,,,,,,,,,,,,,,,,,,,,,,,character_skill_level_to_effects_junctions_tables,wh2_main_skill_all_magic_plague_05_vermintide_lord|wh2_main_effect_ability_cooldown_vermintide|1|character_to_character_own
effect,warhammer_3,9.0,25507028,Skaven,skaven,wh2_main_sc_skv_skaven,Skreech Verminking,Skreech_Verminking,hero,wh3_dlc29_skv_skreech_verminking,champion,champion,wh3_dlc29_skv_clan_scruten,false,true,true,false,false,true,wh3_dlc29_lore_skreech_verminking,,wh3_dlc29_skill_node_set_skv_skreech_verminking,,1,champion,false,false,,,,wh3_dlc29_skill_node_skv_skreech_verminking_magic_1_4,wh2_main_skill_all_magic_plague_05_vermintide_lord,Vermintide,,wh2_main_spell_plague_vermintide.png,4,3,0,0,true,0,1,1,Vermintide,,,,,,,wh2_main_effect_ability_enable_vermintide,"Spell: ""Vermintide""",,character_to_character_own,1,battle,290,true,magic_character.png,magic_character.png,,,,,,,,,,,,,,,,,,,,,,,character_skill_level_to_effects_junctions_tables,wh2_main_skill_all_magic_plague_05_vermintide_lord|wh2_main_effect_ability_enable_vermintide|1|character_to_character_own
effect,warhammer_3,9.0,25507028,Skaven,skaven,wh2_main_sc_skv_skaven,Skreech Verminking,Skreech_Verminking,hero,wh3_dlc29_skv_skreech_verminking,champion,champion,wh3_dlc29_skv_clan_scruten,false,true,true,false,false,true,wh3_dlc29_lore_skreech_verminking,,wh3_dlc29_skill_node_set_skv_skreech_verminking,,1,champion,false,false,,,,wh3_dlc29_skill_node_skv_skreech_verminking_magic_1_4,wh2_main_skill_all_magic_plague_05_vermintide_lord,Vermintide,,wh2_main_spell_plague_vermintide.png,4,3,0,0,true,0,1,1,Vermintide,,,,,,,wh2_main_effect_ability_wom_cost_vermintide,"Winds of Magic cost: %n for ""Vermintide""",,character_to_character_own,-2,both,294,false,magic_character.png,magic_character.png,,,,,,,,,,,,,,,,,,,,,,,character_skill_level_to_effects_junctions_tables,wh2_main_skill_all_magic_plague_05_vermintide_lord|wh2_main_effect_ability_wom_cost_vermintide|1|character_to_character_own
node,warhammer_3,9.0,25507028,Skaven,skaven,wh2_main_sc_skv_skaven,Skreech Verminking,Skreech_Verminking,hero,wh3_dlc29_skv_skreech_verminking,champion,champion,wh3_dlc29_skv_clan_scruten,false,true,true,false,false,true,wh3_dlc29_lore_skreech_verminking,,wh3_dlc29_skill_node_set_skv_skreech_verminking,,1,champion,false,false,,,,wh3_dlc29_skill_node_skv_skreech_verminking_unit_buff_5,wh3_dlc29_skill_skv_skreech_verminking_unit_buff_5,Master Mutators,Clan Moulder's innate understanding of flesh-craft is more than a simple boon when combined with the Verminking's power.,wh2_dlc12_warptech_academy.png,4,4,0,0,true,13,1,,,,,,,,,,,,,,,,,,,,,,,,,,,,,,,,,,,,,,,,,character_skill_nodes_tables,wh3_dlc29_skill_node_skv_skreech_verminking_unit_buff_5
skill_level,warhammer_3,9.0,25507028,Skaven,skaven,wh2_main_sc_skv_skaven,Skreech Verminking,Skreech_Verminking,hero,wh3_dlc29_skv_skreech_verminking,champion,champion,wh3_dlc29_skv_clan_scruten,false,true,true,false,false,true,wh3_dlc29_lore_skreech_verminking,,wh3_dlc29_skill_node_set_skv_skreech_verminking,,1,champion,false,false,,,,wh3_dlc29_skill_node_skv_skreech_verminking_unit_buff_5,wh3_dlc29_skill_skv_skreech_verminking_unit_buff_5,Master Mutators,Clan Moulder's innate understanding of flesh-craft is more than a simple boon when combined with the Verminking's power.,wh2_dlc12_warptech_academy.png,4,4,0,0,true,13,1,1,Master Mutators,Clan Moulder's innate understanding of flesh-craft is more than a simple boon when combined with the Verminking's power.,12,x,,,,,,,,,,,,,,,,,,,,,,,,,,,,,,,,,,,,character_skill_level_details_tables,wh3_dlc29_skill_skv_skreech_verminking_unit_buff_5|1|||
effect,warhammer_3,9.0,25507028,Skaven,skaven,wh2_main_sc_skv_skaven,Skreech Verminking,Skreech_Verminking,hero,wh3_dlc29_skv_skreech_verminking,champion,champion,wh3_dlc29_skv_clan_scruten,false,true,true,false,false,true,wh3_dlc29_lore_skreech_verminking,,wh3_dlc29_skill_node_set_skv_skreech_verminking,,1,champion,false,false,,,,wh3_dlc29_skill_node_skv_skreech_verminking_unit_buff_5,wh3_dlc29_skill_skv_skreech_verminking_unit_buff_5,Master Mutators,Clan Moulder's innate understanding of flesh-craft is more than a simple boon when combined with the Verminking's power.,wh2_dlc12_warptech_academy.png,4,4,0,0,true,13,1,1,Master Mutators,Clan Moulder's innate understanding of flesh-craft is more than a simple boon when combined with the Verminking's power.,,,,,,wh_main_effect_province_growth_characters,Growth: %+n,,faction_to_province_own,5,campaign,30,true,growth.png,growth.png,,,,,,,,,,,,,,,,,,,,,,,character_skill_level_to_effects_junctions_tables,wh3_dlc29_skill_skv_skreech_verminking_unit_buff_5|wh_main_effect_province_growth_characters|1|faction_to_province_own
effect,warhammer_3,9.0,25507028,Skaven,skaven,wh2_main_sc_skv_skaven,Skreech Verminking,Skreech_Verminking,hero,wh3_dlc29_skv_skreech_verminking,champion,champion,wh3_dlc29_skv_clan_scruten,false,true,true,false,false,true,wh3_dlc29_lore_skreech_verminking,,wh3_dlc29_skill_node_set_skv_skreech_verminking,,1,champion,false,false,,,,wh3_dlc29_skill_node_skv_skreech_verminking_unit_buff_5,wh3_dlc29_skill_skv_skreech_verminking_unit_buff_5,Master Mutators,Clan Moulder's innate understanding of flesh-craft is more than a simple boon when combined with the Verminking's power.,wh2_dlc12_warptech_academy.png,4,4,0,0,true,13,1,1,Master Mutators,Clan Moulder's innate understanding of flesh-craft is more than a simple boon when combined with the Verminking's power.,,,,,,wh2_main_effect_ability_enable_regeneration,"Passive ability: ""Regeneration""",,character_to_character_own,1,battle,310,true,general_ability.png,general_ability.png,,,,,,,,,,,,,,,,,,,,,,,character_skill_level_to_effects_junctions_tables,wh3_dlc29_skill_skv_skreech_verminking_unit_buff_5|wh2_main_effect_ability_enable_regeneration|1|character_to_character_own
effect,warhammer_3,9.0,25507028,Skaven,skaven,wh2_main_sc_skv_skaven,Skreech Verminking,Skreech_Verminking,hero,wh3_dlc29_skv_skreech_verminking,champion,champion,wh3_dlc29_skv_clan_scruten,false,true,true,false,false,true,wh3_dlc29_lore_skreech_verminking,,wh3_dlc29_skill_node_set_skv_skreech_verminking,,1,champion,false,false,,,,wh3_dlc29_skill_node_skv_skreech_verminking_unit_buff_5,wh3_dlc29_skill_skv_skreech_verminking_unit_buff_5,Master Mutators,Clan Moulder's innate understanding of flesh-craft is more than a simple boon when combined with the Verminking's power.,wh2_dlc12_warptech_academy.png,4,4,0,0,true,13,1,1,Master Mutators,Clan Moulder's innate understanding of flesh-craft is more than a simple boon when combined with the Verminking's power.,,,,,,wh3_dlc29_effect_force_stat_charge_bonus_add_skv_moulder,Charge bonus: %+n for Moulder units,,agent_to_parent_army_own,15,battle,501,true,charge.png,charge.png,,,,,,,,,,,,,,,,,,,,,,,character_skill_level_to_effects_junctions_tables,wh3_dlc29_skill_skv_skreech_verminking_unit_buff_5|wh3_dlc29_effect_force_stat_charge_bonus_add_skv_moulder|1|agent_to_parent_army_own
effect,warhammer_3,9.0,25507028,Skaven,skaven,wh2_main_sc_skv_skaven,Skreech Verminking,Skreech_Verminking,hero,wh3_dlc29_skv_skreech_verminking,champion,champion,wh3_dlc29_skv_clan_scruten,false,true,true,false,false,true,wh3_dlc29_lore_skreech_verminking,,wh3_dlc29_skill_node_set_skv_skreech_verminking,,1,champion,false,false,,,,wh3_dlc29_skill_node_skv_skreech_verminking_unit_buff_5,wh3_dlc29_skill_skv_skreech_verminking_unit_buff_5,Master Mutators,Clan Moulder's innate understanding of flesh-craft is more than a simple boon when combined with the Verminking's power.,wh2_dlc12_warptech_academy.png,4,4,0,0,true,13,1,1,Master Mutators,Clan Moulder's innate understanding of flesh-craft is more than a simple boon when combined with the Verminking's power.,,,,,,wh3_dlc29_effect_stat_incoming_healing_mod_skv_moulder,Incoming Healing Modifier: %+n% for Moulder units,,agent_to_parent_army_own,25,battle,33,true,stat_healing_received.png,stat_healing_received.png,,,,,,,,,,,,,,,,,,,,,,,character_skill_level_to_effects_junctions_tables,wh3_dlc29_skill_skv_skreech_verminking_unit_buff_5|wh3_dlc29_effect_stat_incoming_healing_mod_skv_moulder|1|agent_to_parent_army_own
node,warhammer_3,9.0,25507028,Skaven,skaven,wh2_main_sc_skv_skaven,Skreech Verminking,Skreech_Verminking,hero,wh3_dlc29_skv_skreech_verminking,champion,champion,wh3_dlc29_skv_clan_scruten,false,true,true,false,false,true,wh3_dlc29_lore_skreech_verminking,,wh3_dlc29_skill_node_set_skv_skreech_verminking,,1,champion,false,false,,,,wh3_dlc29_skill_node_skv_skreech_verminking_campaign_05,wh2_main_skill_all_hero_hinder_army_block_army,{{tr:agent_action_name_block_army}},"To sow discord and confuse the enemy, sending them down the wrong route or befuddling their senses.",campaign_movement.png,4,5,0,0,true,0,3,,,,,,,,,,,,,,,,,,,,,,,,,,,,,,,,,,,,,,,,,character_skill_nodes_tables,wh3_dlc29_skill_node_skv_skreech_verminking_campaign_05
skill_level,warhammer_3,9.0,25507028,Skaven,skaven,wh2_main_sc_skv_skaven,Skreech Verminking,Skreech_Verminking,hero,wh3_dlc29_skv_skreech_verminking,champion,champion,wh3_dlc29_skv_clan_scruten,false,true,true,false,false,true,wh3_dlc29_lore_skreech_verminking,,wh3_dlc29_skill_node_set_skv_skreech_verminking,,1,champion,false,false,,,,wh3_dlc29_skill_node_skv_skreech_verminking_campaign_05,wh2_main_skill_all_hero_hinder_army_block_army,{{tr:agent_action_name_block_army}},"To sow discord and confuse the enemy, sending them down the wrong route or befuddling their senses.",campaign_movement.png,4,5,0,0,true,0,3,2,{{tr:agent_action_name_block_army}},"To sow discord and confuse the enemy, sending them down the wrong route or befuddling their senses.",4,x,,,,,,,,,,,,,,,,,,,,,,,,,,,,,,,,,,,,character_skill_level_details_tables,wh2_main_skill_all_hero_hinder_army_block_army|2|||
skill_level,warhammer_3,9.0,25507028,Skaven,skaven,wh2_main_sc_skv_skaven,Skreech Verminking,Skreech_Verminking,hero,wh3_dlc29_skv_skreech_verminking,champion,champion,wh3_dlc29_skv_clan_scruten,false,true,true,false,false,true,wh3_dlc29_lore_skreech_verminking,,wh3_dlc29_skill_node_set_skv_skreech_verminking,,1,champion,false,false,,,,wh3_dlc29_skill_node_skv_skreech_verminking_campaign_05,wh2_main_skill_all_hero_hinder_army_block_army,{{tr:agent_action_name_block_army}},"To sow discord and confuse the enemy, sending them down the wrong route or befuddling their senses.",campaign_movement.png,4,5,0,0,true,0,3,3,{{tr:agent_action_name_block_army}},"To sow discord and confuse the enemy, sending them down the wrong route or befuddling their senses.",9,x,,,,,,,,,,,,,,,,,,,,,,,,,,,,,,,,,,,,character_skill_level_details_tables,wh2_main_skill_all_hero_hinder_army_block_army|3|||
effect,warhammer_3,9.0,25507028,Skaven,skaven,wh2_main_sc_skv_skaven,Skreech Verminking,Skreech_Verminking,hero,wh3_dlc29_skv_skreech_verminking,champion,champion,wh3_dlc29_skv_clan_scruten,false,true,true,false,false,true,wh3_dlc29_lore_skreech_verminking,,wh3_dlc29_skill_node_set_skv_skreech_verminking,,1,champion,false,false,,,,wh3_dlc29_skill_node_skv_skreech_verminking_campaign_05,wh2_main_skill_all_hero_hinder_army_block_army,{{tr:agent_action_name_block_army}},"To sow discord and confuse the enemy, sending them down the wrong route or befuddling their senses.",campaign_movement.png,4,5,0,0,true,0,3,1,{{tr:agent_action_name_block_army}},"To sow discord and confuse the enemy, sending them down the wrong route or befuddling their senses.",,,,,,wh2_main_effect_agent_action_hinder_army_block_army_buff,[[col:yellow]]{{tr:agent_action_name_block_army}}[[/col]] action: Movement range is modified by an additional %n%,[[col:yellow]]{{tr:agent_action_name_block_army}}[[/col]] (Target: Army)\\nModifies the campaign movement range of the target army.,character_to_character_own,-3,campaign,11,false,campaign_movement.png,campaign_movement.png,,,,,,,,,,,,,,,,,,,,,,,character_skill_level_to_effects_junctions_tables,wh2_main_skill_all_hero_hinder_army_block_army|wh2_main_effect_agent_action_hinder_army_block_army_buff|1|character_to_character_own
effect,warhammer_3,9.0,25507028,Skaven,skaven,wh2_main_sc_skv_skaven,Skreech Verminking,Skreech_Verminking,hero,wh3_dlc29_skv_skreech_verminking,champion,champion,wh3_dlc29_skv_clan_scruten,false,true,true,false,false,true,wh3_dlc29_lore_skreech_verminking,,wh3_dlc29_skill_node_set_skv_skreech_verminking,,1,champion,false,false,,,,wh3_dlc29_skill_node_skv_skreech_verminking_campaign_05,wh2_main_skill_all_hero_hinder_army_block_army,{{tr:agent_action_name_block_army}},"To sow discord and confuse the enemy, sending them down the wrong route or befuddling their senses.",campaign_movement.png,4,5,0,0,true,0,3,2,{{tr:agent_action_name_block_army}},"To sow discord and confuse the enemy, sending them down the wrong route or befuddling their senses.",,,,,,wh2_main_effect_agent_action_hinder_army_block_army_buff,[[col:yellow]]{{tr:agent_action_name_block_army}}[[/col]] action: Movement range is modified by an additional %n%,[[col:yellow]]{{tr:agent_action_name_block_army}}[[/col]] (Target: Army)\\nModifies the campaign movement range of the target army.,character_to_character_own,-8,campaign,11,false,campaign_movement.png,campaign_movement.png,,,,,,,,,,,,,,,,,,,,,,,character_skill_level_to_effects_junctions_tables,wh2_main_skill_all_hero_hinder_army_block_army|wh2_main_effect_agent_action_hinder_army_block_army_buff|2|character_to_character_own
effect,warhammer_3,9.0,25507028,Skaven,skaven,wh2_main_sc_skv_skaven,Skreech Verminking,Skreech_Verminking,hero,wh3_dlc29_skv_skreech_verminking,champion,champion,wh3_dlc29_skv_clan_scruten,false,true,true,false,false,true,wh3_dlc29_lore_skreech_verminking,,wh3_dlc29_skill_node_set_skv_skreech_verminking,,1,champion,false,false,,,,wh3_dlc29_skill_node_skv_skreech_verminking_campaign_05,wh2_main_skill_all_hero_hinder_army_block_army,{{tr:agent_action_name_block_army}},"To sow discord and confuse the enemy, sending them down the wrong route or befuddling their senses.",campaign_movement.png,4,5,0,0,true,0,3,3,{{tr:agent_action_name_block_army}},"To sow discord and confuse the enemy, sending them down the wrong route or befuddling their senses.",,,,,,wh2_main_effect_agent_action_hinder_army_block_army_buff,[[col:yellow]]{{tr:agent_action_name_block_army}}[[/col]] action: Movement range is modified by an additional %n%,[[col:yellow]]{{tr:agent_action_name_block_army}}[[/col]] (Target: Army)\\nModifies the campaign movement range of the target army.,character_to_character_own,-15,campaign,11,false,campaign_movement.png,campaign_movement.png,,,,,,,,,,,,,,,,,,,,,,,character_skill_level_to_effects_junctions_tables,wh2_main_skill_all_hero_hinder_army_block_army|wh2_main_effect_agent_action_hinder_army_block_army_buff|3|character_to_character_own
node,warhammer_3,9.0,25507028,Skaven,skaven,wh2_main_sc_skv_skaven,Skreech Verminking,Skreech_Verminking,hero,wh3_dlc29_skv_skreech_verminking,champion,champion,wh3_dlc29_skv_clan_scruten,false,true,true,false,false,true,wh3_dlc29_lore_skreech_verminking,,wh3_dlc29_skill_node_set_skv_skreech_verminking,,1,champion,false,false,,,,wh3_dlc29_skill_node_skv_skreech_verminking_unique_5,wh3_dlc29_skill_skv_skreech_verminking_unique_5,Will of the Verminking,{{tr:unit_abilities_tooltip_text_wh3_dlc29_lord_abilities_will_of_the_verminking}},character_health.png,5,1,0,2,true,0,1,,,,,,,,,,,,,,,,,,,,,,,,,,,,,,,,,,,,,,,,,character_skill_nodes_tables,wh3_dlc29_skill_node_skv_skreech_verminking_unique_5
effect,warhammer_3,9.0,25507028,Skaven,skaven,wh2_main_sc_skv_skaven,Skreech Verminking,Skreech_Verminking,hero,wh3_dlc29_skv_skreech_verminking,champion,champion,wh3_dlc29_skv_clan_scruten,false,true,true,false,false,true,wh3_dlc29_lore_skreech_verminking,,wh3_dlc29_skill_node_set_skv_skreech_verminking,,1,champion,false,false,,,,wh3_dlc29_skill_node_skv_skreech_verminking_unique_5,wh3_dlc29_skill_skv_skreech_verminking_unique_5,Will of the Verminking,{{tr:unit_abilities_tooltip_text_wh3_dlc29_lord_abilities_will_of_the_verminking}},character_health.png,5,1,0,2,true,0,1,1,Will of the Verminking,{{tr:unit_abilities_tooltip_text_wh3_dlc29_lord_abilities_will_of_the_verminking}},,,,,,wh_main_effect_attribute_enable_unbreakable,Attribute: Unbreakable,,character_to_character_own,1,both,320,true,attribute_unbreakable.png,attribute_unbreakable.png,,,,,,,,,,,,,,,,,,,,,,,character_skill_level_to_effects_junctions_tables,wh3_dlc29_skill_skv_skreech_verminking_unique_5|wh_main_effect_attribute_enable_unbreakable|1|character_to_character_own
effect,warhammer_3,9.0,25507028,Skaven,skaven,wh2_main_sc_skv_skaven,Skreech Verminking,Skreech_Verminking,hero,wh3_dlc29_skv_skreech_verminking,champion,champion,wh3_dlc29_skv_clan_scruten,false,true,true,false,false,true,wh3_dlc29_lore_skreech_verminking,,wh3_dlc29_skill_node_set_skv_skreech_verminking,,1,champion,false,false,,,,wh3_dlc29_skill_node_skv_skreech_verminking_unique_5,wh3_dlc29_skill_skv_skreech_verminking_unique_5,Will of the Verminking,{{tr:unit_abilities_tooltip_text_wh3_dlc29_lord_abilities_will_of_the_verminking}},character_health.png,5,1,0,2,true,0,1,1,Will of the Verminking,{{tr:unit_abilities_tooltip_text_wh3_dlc29_lord_abilities_will_of_the_verminking}},,,,,,wh_main_effect_character_stat_unit_health,Hit points: %+n%,,character_to_character_own,15,both,90,true,health_character.png,health_character.png,,,,,,,,,,,,,,,,,,,,,,,character_skill_level_to_effects_junctions_tables,wh3_dlc29_skill_skv_skreech_verminking_unique_5|wh_main_effect_character_stat_unit_health|1|character_to_character_own
effect,warhammer_3,9.0,25507028,Skaven,skaven,wh2_main_sc_skv_skaven,Skreech Verminking,Skreech_Verminking,hero,wh3_dlc29_skv_skreech_verminking,champion,champion,wh3_dlc29_skv_clan_scruten,false,true,true,false,false,true,wh3_dlc29_lore_skreech_verminking,,wh3_dlc29_skill_node_set_skv_skreech_verminking,,1,champion,false,false,,,,wh3_dlc29_skill_node_skv_skreech_verminking_unique_5,wh3_dlc29_skill_skv_skreech_verminking_unique_5,Will of the Verminking,{{tr:unit_abilities_tooltip_text_wh3_dlc29_lord_abilities_will_of_the_verminking}},character_health.png,5,1,0,2,true,0,1,1,Will of the Verminking,{{tr:unit_abilities_tooltip_text_wh3_dlc29_lord_abilities_will_of_the_verminking}},,,,,,wh3_dlc29_effect_ability_uses_skv_bound_the_dreaded_thirteenth,"Ability number of uses: %+n for ""{{tr:unit_abilities_onscreen_name_wh3_dlc29_spell_bound_the_dreaded_thirteenth}}""",,character_to_character_own,1,battle,900,true,general_ability.png,general_ability.png,,,,,,,,,,,,,,,,,,,,,,,character_skill_level_to_effects_junctions_tables,wh3_dlc29_skill_skv_skreech_verminking_unique_5|wh3_dlc29_effect_ability_uses_skv_bound_the_dreaded_thirteenth|1|character_to_character_own
effect,warhammer_3,9.0,25507028,Skaven,skaven,wh2_main_sc_skv_skaven,Skreech Verminking,Skreech_Verminking,hero,wh3_dlc29_skv_skreech_verminking,champion,champion,wh3_dlc29_skv_clan_scruten,false,true,true,false,false,true,wh3_dlc29_lore_skreech_verminking,,wh3_dlc29_skill_node_set_skv_skreech_verminking,,1,champion,false,false,,,,wh3_dlc29_skill_node_skv_skreech_verminking_unique_5,wh3_dlc29_skill_skv_skreech_verminking_unique_5,Will of the Verminking,{{tr:unit_abilities_tooltip_text_wh3_dlc29_lord_abilities_will_of_the_verminking}},character_health.png,5,1,0,2,true,0,1,1,Will of the Verminking,{{tr:unit_abilities_tooltip_text_wh3_dlc29_lord_abilities_will_of_the_verminking}},,,,,,wh3_dlc29_effect_skv_ability_enable_will_of_the_verminking,"Ability: ""{{tr:unit_abilities_onscreen_name_wh3_dlc29_lord_abilities_will_of_the_verminking}}""",,character_to_character_own,1,battle,150,true,general_ability.png,general_ability.png,,,,,,,,,,,,,,,,,,,,,,,character_skill_level_to_effects_junctions_tables,wh3_dlc29_skill_skv_skreech_verminking_unique_5|wh3_dlc29_effect_skv_ability_enable_will_of_the_verminking|1|character_to_character_own
node,warhammer_3,9.0,25507028,Skaven,skaven,wh2_main_sc_skv_skaven,Skreech Verminking,Skreech_Verminking,hero,wh3_dlc29_skv_skreech_verminking,champion,champion,wh3_dlc29_skv_clan_scruten,false,true,true,false,false,true,wh3_dlc29_lore_skreech_verminking,,wh3_dlc29_skill_node_set_skv_skreech_verminking,,1,champion,false,false,,,,wh3_dlc29_skill_node_skv_skreech_verminking_combat_2,wh3_dlc29_skill_verminlord_self_plaguereaper,Plaguereaper,,wh3_dlc29_item_abilities_plaguereaper.png,5,2,0,4,true,0,1,,,,,,,,,,,,,,,,,,,,,,,,,,,,,,,,,,,,,,,,,character_skill_nodes_tables,wh3_dlc29_skill_node_skv_skreech_verminking_combat_2
effect,warhammer_3,9.0,25507028,Skaven,skaven,wh2_main_sc_skv_skaven,Skreech Verminking,Skreech_Verminking,hero,wh3_dlc29_skv_skreech_verminking,champion,champion,wh3_dlc29_skv_clan_scruten,false,true,true,false,false,true,wh3_dlc29_lore_skreech_verminking,,wh3_dlc29_skill_node_set_skv_skreech_verminking,,1,champion,false,false,,,,wh3_dlc29_skill_node_skv_skreech_verminking_combat_2,wh3_dlc29_skill_verminlord_self_plaguereaper,Plaguereaper,,wh3_dlc29_item_abilities_plaguereaper.png,5,2,0,4,true,0,1,1,Plaguereaper,,,,,,,wh3_dlc29_effect_ability_enable_paguereaper,"Ability: ""{{tr:ancillaries_onscreen_name_wh3_dlc29_anc_enchanted_item_plaguereaper}}""",,character_to_character_own,1,battle,300,true,general_ability.png,general_ability.png,,,,,,,,,,,,,,,,,,,,,,,character_skill_level_to_effects_junctions_tables,wh3_dlc29_skill_verminlord_self_plaguereaper|wh3_dlc29_effect_ability_enable_paguereaper|1|character_to_character_own
node,warhammer_3,9.0,25507028,Skaven,skaven,wh2_main_sc_skv_skaven,Skreech Verminking,Skreech_Verminking,hero,wh3_dlc29_skv_skreech_verminking,champion,champion,wh3_dlc29_skv_clan_scruten,false,true,true,false,false,true,wh3_dlc29_lore_skreech_verminking,,wh3_dlc29_skill_node_set_skv_skreech_verminking,,1,champion,false,false,,,,wh3_dlc29_skill_node_skv_skreech_verminking_magic_2,wh_main_skill_all_magic_all_06_evasion,Evasion,,wh_main_character_passive_evasion.png,5,3,0,4,true,0,1,,,,,,,,,,,,,,,,,,,,,,,,,,,,,,,,,,,,,,,,,character_skill_nodes_tables,wh3_dlc29_skill_node_skv_skreech_verminking_magic_2
effect,warhammer_3,9.0,25507028,Skaven,skaven,wh2_main_sc_skv_skaven,Skreech Verminking,Skreech_Verminking,hero,wh3_dlc29_skv_skreech_verminking,champion,champion,wh3_dlc29_skv_clan_scruten,false,true,true,false,false,true,wh3_dlc29_lore_skreech_verminking,,wh3_dlc29_skill_node_set_skv_skreech_verminking,,1,champion,false,false,,,,wh3_dlc29_skill_node_skv_skreech_verminking_magic_2,wh_main_skill_all_magic_all_06_evasion,Evasion,,wh_main_character_passive_evasion.png,5,3,0,4,true,0,1,1,Evasion,,,,,,,wh_main_effect_ability_enable_evasion,"Passive ability: ""Evasion""",,character_to_character_own,1,battle,310,true,general_ability.png,general_ability.png,,,,,,,,,,,,,,,,,,,,,,,character_skill_level_to_effects_junctions_tables,wh_main_skill_all_magic_all_06_evasion|wh_main_effect_ability_enable_evasion|1|character_to_character_own
node,warhammer_3,9.0,25507028,Skaven,skaven,wh2_main_sc_skv_skaven,Skreech Verminking,Skreech_Verminking,hero,wh3_dlc29_skv_skreech_verminking,champion,champion,wh3_dlc29_skv_clan_scruten,false,true,true,false,false,true,wh3_dlc29_lore_skreech_verminking,,wh3_dlc29_skill_node_set_skv_skreech_verminking,,1,champion,false,false,,,,wh3_dlc29_skill_node_skv_skreech_verminking_unit_buff_6,wh3_dlc29_skill_skv_skreech_verminking_unit_buff_6,Prophets of the Great Horned Rat,"The walls separating the mortal world from the Realm of Ruin are gossamer-thin; when Verminlords cross over, Chaos come with them.",character_magic.png,5,4,0,0,true,13,1,,,,,,,,,,,,,,,,,,,,,,,,,,,,,,,,,,,,,,,,,character_skill_nodes_tables,wh3_dlc29_skill_node_skv_skreech_verminking_unit_buff_6
skill_level,warhammer_3,9.0,25507028,Skaven,skaven,wh2_main_sc_skv_skaven,Skreech Verminking,Skreech_Verminking,hero,wh3_dlc29_skv_skreech_verminking,champion,champion,wh3_dlc29_skv_clan_scruten,false,true,true,false,false,true,wh3_dlc29_lore_skreech_verminking,,wh3_dlc29_skill_node_set_skv_skreech_verminking,,1,champion,false,false,,,,wh3_dlc29_skill_node_skv_skreech_verminking_unit_buff_6,wh3_dlc29_skill_skv_skreech_verminking_unit_buff_6,Prophets of the Great Horned Rat,"The walls separating the mortal world from the Realm of Ruin are gossamer-thin; when Verminlords cross over, Chaos come with them.",character_magic.png,5,4,0,0,true,13,1,1,Prophets of the Great Horned Rat,"The walls separating the mortal world from the Realm of Ruin are gossamer-thin; when Verminlords cross over, Chaos come with them.",12,x,,,,,,,,,,,,,,,,,,,,,,,,,,,,,,,,,,,,character_skill_level_details_tables,wh3_dlc29_skill_skv_skreech_verminking_unit_buff_6|1|||
effect,warhammer_3,9.0,25507028,Skaven,skaven,wh2_main_sc_skv_skaven,Skreech Verminking,Skreech_Verminking,hero,wh3_dlc29_skv_skreech_verminking,champion,champion,wh3_dlc29_skv_clan_scruten,false,true,true,false,false,true,wh3_dlc29_lore_skreech_verminking,,wh3_dlc29_skill_node_set_skv_skreech_verminking,,1,champion,false,false,,,,wh3_dlc29_skill_node_skv_skreech_verminking_unit_buff_6,wh3_dlc29_skill_skv_skreech_verminking_unit_buff_6,Prophets of the Great Horned Rat,"The walls separating the mortal world from the Realm of Ruin are gossamer-thin; when Verminlords cross over, Chaos come with them.",character_magic.png,5,4,0,0,true,13,1,1,Prophets of the Great Horned Rat,"The walls separating the mortal world from the Realm of Ruin are gossamer-thin; when Verminlords cross over, Chaos come with them.",,,,,,wh_main_effect_public_order_characters,{{tr:public_order_effect}}: %+n,,character_to_province_own_factionwide,3,campaign,6,true,public_order.png,public_order.png,,,,,,,,,,,,,,,,,,,,,,,character_skill_level_to_effects_junctions_tables,wh3_dlc29_skill_skv_skreech_verminking_unit_buff_6|wh_main_effect_public_order_characters|1|character_to_province_own_factionwide
effect,warhammer_3,9.0,25507028,Skaven,skaven,wh2_main_sc_skv_skaven,Skreech Verminking,Skreech_Verminking,hero,wh3_dlc29_skv_skreech_verminking,champion,champion,wh3_dlc29_skv_clan_scruten,false,true,true,false,false,true,wh3_dlc29_lore_skreech_verminking,,wh3_dlc29_skill_node_set_skv_skreech_verminking,,1,champion,false,false,,,,wh3_dlc29_skill_node_skv_skreech_verminking_unit_buff_6,wh3_dlc29_skill_skv_skreech_verminking_unit_buff_6,Prophets of the Great Horned Rat,"The walls separating the mortal world from the Realm of Ruin are gossamer-thin; when Verminlords cross over, Chaos come with them.",character_magic.png,5,4,0,0,true,13,1,1,Prophets of the Great Horned Rat,"The walls separating the mortal world from the Realm of Ruin are gossamer-thin; when Verminlords cross over, Chaos come with them.",,,,,,wh2_dlc12_effect_magic_cooldown_all_lores,Cooldown: %+n% to all spells,,agent_to_parent_army_own,-10,battle,60,false,magic_cooldown.png,magic_cooldown.png,,,,,,,,,,,,,,,,,,,,,,,character_skill_level_to_effects_junctions_tables,wh3_dlc29_skill_skv_skreech_verminking_unit_buff_6|wh2_dlc12_effect_magic_cooldown_all_lores|1|agent_to_parent_army_own
effect,warhammer_3,9.0,25507028,Skaven,skaven,wh2_main_sc_skv_skaven,Skreech Verminking,Skreech_Verminking,hero,wh3_dlc29_skv_skreech_verminking,champion,champion,wh3_dlc29_skv_clan_scruten,false,true,true,false,false,true,wh3_dlc29_lore_skreech_verminking,,wh3_dlc29_skill_node_set_skv_skreech_verminking,,1,champion,false,false,,,,wh3_dlc29_skill_node_skv_skreech_verminking_unit_buff_6,wh3_dlc29_skill_skv_skreech_verminking_unit_buff_6,Prophets of the Great Horned Rat,"The walls separating the mortal world from the Realm of Ruin are gossamer-thin; when Verminlords cross over, Chaos come with them.",character_magic.png,5,4,0,0,true,13,1,1,Prophets of the Great Horned Rat,"The walls separating the mortal world from the Realm of Ruin are gossamer-thin; when Verminlords cross over, Chaos come with them.",,,,,,wh2_dlc14_effect_magic_cost_all_lores_percentage,Winds of Magic cost: %+n% for all spells,,agent_to_parent_army_own,-10,battle,66,false,magic_character.png,magic_character.png,,,,,,,,,,,,,,,,,,,,,,,character_skill_level_to_effects_junctions_tables,wh3_dlc29_skill_skv_skreech_verminking_unit_buff_6|wh2_dlc14_effect_magic_cost_all_lores_percentage|1|agent_to_parent_army_own
effect,warhammer_3,9.0,25507028,Skaven,skaven,wh2_main_sc_skv_skaven,Skreech Verminking,Skreech_Verminking,hero,wh3_dlc29_skv_skreech_verminking,champion,champion,wh3_dlc29_skv_clan_scruten,false,true,true,false,false,true,wh3_dlc29_lore_skreech_verminking,,wh3_dlc29_skill_node_set_skv_skreech_verminking,,1,champion,false,false,,,,wh3_dlc29_skill_node_skv_skreech_verminking_unit_buff_6,wh3_dlc29_skill_skv_skreech_verminking_unit_buff_6,Prophets of the Great Horned Rat,"The walls separating the mortal world from the Realm of Ruin are gossamer-thin; when Verminlords cross over, Chaos come with them.",character_magic.png,5,4,0,0,true,13,1,1,Prophets of the Great Horned Rat,"The walls separating the mortal world from the Realm of Ruin are gossamer-thin; when Verminlords cross over, Chaos come with them.",,,,,,wh3_main_effect_spell_mastery,Spell intensity: %+n%,"Spell Intensity. Any type of spell damage, and positive or negative bonus will be modified by the given percentage amount.",character_to_character_own,10,battle,2,true,wizard.png,wizard.png,,,,,,,,,,,,,,,,,,,,,,,character_skill_level_to_effects_junctions_tables,wh3_dlc29_skill_skv_skreech_verminking_unit_buff_6|wh3_main_effect_spell_mastery|1|character_to_character_own
node,warhammer_3,9.0,25507028,Skaven,skaven,wh2_main_sc_skv_skaven,Skreech Verminking,Skreech_Verminking,hero,wh3_dlc29_skv_skreech_verminking,champion,champion,wh3_dlc29_skv_clan_scruten,false,true,true,false,false,true,wh3_dlc29_lore_skreech_verminking,,wh3_dlc29_skill_node_set_skv_skreech_verminking,,1,champion,false,false,,,,wh3_dlc29_skill_node_skv_skreech_verminking_campaign_06,wh2_main_skill_all_hero_reduce_action_cost,Specialist,"An expert in their craft, this Hero knows all the mistakes that can be made and how to best avoid making them.",campaign_military_spending.png,5,5,0,0,true,0,3,,,,,,,,,,,,,,,,,,,,,,,,,,,,,,,,,,,,,,,,,character_skill_nodes_tables,wh3_dlc29_skill_node_skv_skreech_verminking_campaign_06
effect,warhammer_3,9.0,25507028,Skaven,skaven,wh2_main_sc_skv_skaven,Skreech Verminking,Skreech_Verminking,hero,wh3_dlc29_skv_skreech_verminking,champion,champion,wh3_dlc29_skv_clan_scruten,false,true,true,false,false,true,wh3_dlc29_lore_skreech_verminking,,wh3_dlc29_skill_node_set_skv_skreech_verminking,,1,champion,false,false,,,,wh3_dlc29_skill_node_skv_skreech_verminking_campaign_06,wh2_main_skill_all_hero_reduce_action_cost,Specialist,"An expert in their craft, this Hero knows all the mistakes that can be made and how to best avoid making them.",campaign_military_spending.png,5,5,0,0,true,0,3,1,Specialist,"An expert in their craft, this Hero knows all the mistakes that can be made and how to best avoid making them.",,,,,,wh_main_effect_agent_action_cost_mod,Hero action cost: %+n%,,character_to_character_own,-10,campaign,100,false,treasury.png,treasury.png,,,,,,,,,,,,,,,,,,,,,,,character_skill_level_to_effects_junctions_tables,wh2_main_skill_all_hero_reduce_action_cost|wh_main_effect_agent_action_cost_mod|1|character_to_character_own
effect,warhammer_3,9.0,25507028,Skaven,skaven,wh2_main_sc_skv_skaven,Skreech Verminking,Skreech_Verminking,hero,wh3_dlc29_skv_skreech_verminking,champion,champion,wh3_dlc29_skv_clan_scruten,false,true,true,false,false,true,wh3_dlc29_lore_skreech_verminking,,wh3_dlc29_skill_node_set_skv_skreech_verminking,,1,champion,false,false,,,,wh3_dlc29_skill_node_skv_skreech_verminking_campaign_06,wh2_main_skill_all_hero_reduce_action_cost,Specialist,"An expert in their craft, this Hero knows all the mistakes that can be made and how to best avoid making them.",campaign_military_spending.png,5,5,0,0,true,0,3,1,Specialist,"An expert in their craft, this Hero knows all the mistakes that can be made and how to best avoid making them.",,,,,,wh_main_effect_agent_action_success_chance,Hero action success chance: %+n%,,character_to_character_own,1,campaign,101,true,agent.png,agent.png,,,,,,,,,,,,,,,,,,,,,,,character_skill_level_to_effects_junctions_tables,wh2_main_skill_all_hero_reduce_action_cost|wh_main_effect_agent_action_success_chance|1|character_to_character_own
effect,warhammer_3,9.0,25507028,Skaven,skaven,wh2_main_sc_skv_skaven,Skreech Verminking,Skreech_Verminking,hero,wh3_dlc29_skv_skreech_verminking,champion,champion,wh3_dlc29_skv_clan_scruten,false,true,true,false,false,true,wh3_dlc29_lore_skreech_verminking,,wh3_dlc29_skill_node_set_skv_skreech_verminking,,1,champion,false,false,,,,wh3_dlc29_skill_node_skv_skreech_verminking_campaign_06,wh2_main_skill_all_hero_reduce_action_cost,Specialist,"An expert in their craft, this Hero knows all the mistakes that can be made and how to best avoid making them.",campaign_military_spending.png,5,5,0,0,true,0,3,2,Specialist,"An expert in their craft, this Hero knows all the mistakes that can be made and how to best avoid making them.",,,,,,wh_main_effect_agent_action_cost_mod,Hero action cost: %+n%,,character_to_character_own,-20,campaign,100,false,treasury.png,treasury.png,,,,,,,,,,,,,,,,,,,,,,,character_skill_level_to_effects_junctions_tables,wh2_main_skill_all_hero_reduce_action_cost|wh_main_effect_agent_action_cost_mod|2|character_to_character_own
effect,warhammer_3,9.0,25507028,Skaven,skaven,wh2_main_sc_skv_skaven,Skreech Verminking,Skreech_Verminking,hero,wh3_dlc29_skv_skreech_verminking,champion,champion,wh3_dlc29_skv_clan_scruten,false,true,true,false,false,true,wh3_dlc29_lore_skreech_verminking,,wh3_dlc29_skill_node_set_skv_skreech_verminking,,1,champion,false,false,,,,wh3_dlc29_skill_node_skv_skreech_verminking_campaign_06,wh2_main_skill_all_hero_reduce_action_cost,Specialist,"An expert in their craft, this Hero knows all the mistakes that can be made and how to best avoid making them.",campaign_military_spending.png,5,5,0,0,true,0,3,2,Specialist,"An expert in their craft, this Hero knows all the mistakes that can be made and how to best avoid making them.",,,,,,wh_main_effect_agent_action_success_chance,Hero action success chance: %+n%,,character_to_character_own,3,campaign,101,true,agent.png,agent.png,,,,,,,,,,,,,,,,,,,,,,,character_skill_level_to_effects_junctions_tables,wh2_main_skill_all_hero_reduce_action_cost|wh_main_effect_agent_action_success_chance|2|character_to_character_own
effect,warhammer_3,9.0,25507028,Skaven,skaven,wh2_main_sc_skv_skaven,Skreech Verminking,Skreech_Verminking,hero,wh3_dlc29_skv_skreech_verminking,champion,champion,wh3_dlc29_skv_clan_scruten,false,true,true,false,false,true,wh3_dlc29_lore_skreech_verminking,,wh3_dlc29_skill_node_set_skv_skreech_verminking,,1,champion,false,false,,,,wh3_dlc29_skill_node_skv_skreech_verminking_campaign_06,wh2_main_skill_all_hero_reduce_action_cost,Specialist,"An expert in their craft, this Hero knows all the mistakes that can be made and how to best avoid making them.",campaign_military_spending.png,5,5,0,0,true,0,3,3,Specialist,"An expert in their craft, this Hero knows all the mistakes that can be made and how to best avoid making them.",,,,,,wh_main_effect_agent_action_cost_mod,Hero action cost: %+n%,,character_to_character_own,-40,campaign,100,false,treasury.png,treasury.png,,,,,,,,,,,,,,,,,,,,,,,character_skill_level_to_effects_junctions_tables,wh2_main_skill_all_hero_reduce_action_cost|wh_main_effect_agent_action_cost_mod|3|character_to_character_own
effect,warhammer_3,9.0,25507028,Skaven,skaven,wh2_main_sc_skv_skaven,Skreech Verminking,Skreech_Verminking,hero,wh3_dlc29_skv_skreech_verminking,champion,champion,wh3_dlc29_skv_clan_scruten,false,true,true,false,false,true,wh3_dlc29_lore_skreech_verminking,,wh3_dlc29_skill_node_set_skv_skreech_verminking,,1,champion,false,false,,,,wh3_dlc29_skill_node_skv_skreech_verminking_campaign_06,wh2_main_skill_all_hero_reduce_action_cost,Specialist,"An expert in their craft, this Hero knows all the mistakes that can be made and how to best avoid making them.",campaign_military_spending.png,5,5,0,0,true,0,3,3,Specialist,"An expert in their craft, this Hero knows all the mistakes that can be made and how to best avoid making them.",,,,,,wh_main_effect_agent_action_success_chance,Hero action success chance: %+n%,,character_to_character_own,6,campaign,101,true,agent.png,agent.png,,,,,,,,,,,,,,,,,,,,,,,character_skill_level_to_effects_junctions_tables,wh2_main_skill_all_hero_reduce_action_cost|wh_main_effect_agent_action_success_chance|3|character_to_character_own
node,warhammer_3,9.0,25507028,Skaven,skaven,wh2_main_sc_skv_skaven,Skreech Verminking,Skreech_Verminking,hero,wh3_dlc29_skv_skreech_verminking,champion,champion,wh3_dlc29_skv_clan_scruten,false,true,true,false,false,true,wh3_dlc29_lore_skreech_verminking,,wh3_dlc29_skill_node_set_skv_skreech_verminking,,1,champion,false,false,,,,wh3_dlc29_skill_node_skv_skreech_verminking_combat_3_1,wh2_dlc11_skill_all_lord_self_wound-maker,{{tr:character_skills_localised_name_wh_main_skill_all_all_self_wound-maker}},{{tr:character_skills_localised_description_wh_main_skill_all_all_self_wound-maker}},character_damage.png,6,2,0,0,true,0,2,,,,,,,,,,,,,,,,,,,,,,,,,,,,,,,,,,,,,,,,,character_skill_nodes_tables,wh3_dlc29_skill_node_skv_skreech_verminking_combat_3_1
effect,warhammer_3,9.0,25507028,Skaven,skaven,wh2_main_sc_skv_skaven,Skreech Verminking,Skreech_Verminking,hero,wh3_dlc29_skv_skreech_verminking,champion,champion,wh3_dlc29_skv_clan_scruten,false,true,true,false,false,true,wh3_dlc29_lore_skreech_verminking,,wh3_dlc29_skill_node_set_skv_skreech_verminking,,1,champion,false,false,,,,wh3_dlc29_skill_node_skv_skreech_verminking_combat_3_1,wh2_dlc11_skill_all_lord_self_wound-maker,{{tr:character_skills_localised_name_wh_main_skill_all_all_self_wound-maker}},{{tr:character_skills_localised_description_wh_main_skill_all_all_self_wound-maker}},character_damage.png,6,2,0,0,true,0,2,1,{{tr:character_skills_localised_name_wh_main_skill_all_all_self_wound-maker}},{{tr:character_skills_localised_description_wh_main_skill_all_all_self_wound-maker}},,,,,,wh_main_effect_character_stat_weapon_strength,Weapon strength: %+n%,,character_to_character_own,10,both,160,true,weapon_damage_character.png,weapon_damage_character.png,,,,,,,,,,,,,,,,,,,,,,,character_skill_level_to_effects_junctions_tables,wh2_dlc11_skill_all_lord_self_wound-maker|wh_main_effect_character_stat_weapon_strength|1|character_to_character_own
effect,warhammer_3,9.0,25507028,Skaven,skaven,wh2_main_sc_skv_skaven,Skreech Verminking,Skreech_Verminking,hero,wh3_dlc29_skv_skreech_verminking,champion,champion,wh3_dlc29_skv_clan_scruten,false,true,true,false,false,true,wh3_dlc29_lore_skreech_verminking,,wh3_dlc29_skill_node_set_skv_skreech_verminking,,1,champion,false,false,,,,wh3_dlc29_skill_node_skv_skreech_verminking_combat_3_1,wh2_dlc11_skill_all_lord_self_wound-maker,{{tr:character_skills_localised_name_wh_main_skill_all_all_self_wound-maker}},{{tr:character_skills_localised_description_wh_main_skill_all_all_self_wound-maker}},character_damage.png,6,2,0,0,true,0,2,2,{{tr:character_skills_localised_name_wh_main_skill_all_all_self_wound-maker}},{{tr:character_skills_localised_description_wh_main_skill_all_all_self_wound-maker}},,,,,,wh_main_effect_character_stat_weapon_strength,Weapon strength: %+n%,,character_to_character_own,20,both,160,true,weapon_damage_character.png,weapon_damage_character.png,,,,,,,,,,,,,,,,,,,,,,,character_skill_level_to_effects_junctions_tables,wh2_dlc11_skill_all_lord_self_wound-maker|wh_main_effect_character_stat_weapon_strength|2|character_to_character_own
node,warhammer_3,9.0,25507028,Skaven,skaven,wh2_main_sc_skv_skaven,Skreech Verminking,Skreech_Verminking,hero,wh3_dlc29_skv_skreech_verminking,champion,champion,wh3_dlc29_skv_clan_scruten,false,true,true,false,false,true,wh3_dlc29_lore_skreech_verminking,,wh3_dlc29_skill_node_set_skv_skreech_verminking,,1,champion,false,false,,,,wh3_dlc29_skill_node_skv_skreech_verminking_magic_3_1,wh2_main_skill_all_magic_plague_09_plague_lord,Plague,,wh2_main_spell_plague_plague.png,6,3,0,0,true,0,2,,,,,,,,,,,,,,,,,,,,,,,,,,,,,,,,,,,,,,,,,character_skill_nodes_tables,wh3_dlc29_skill_node_skv_skreech_verminking_magic_3_1
effect,warhammer_3,9.0,25507028,Skaven,skaven,wh2_main_sc_skv_skaven,Skreech Verminking,Skreech_Verminking,hero,wh3_dlc29_skv_skreech_verminking,champion,champion,wh3_dlc29_skv_clan_scruten,false,true,true,false,false,true,wh3_dlc29_lore_skreech_verminking,,wh3_dlc29_skill_node_set_skv_skreech_verminking,,1,champion,false,false,,,,wh3_dlc29_skill_node_skv_skreech_verminking_magic_3_1,wh2_main_skill_all_magic_plague_09_plague_lord,Plague,,wh2_main_spell_plague_plague.png,6,3,0,0,true,0,2,1,Plague,,,,,,,wh2_main_effect_ability_cooldown_plague,"Cooldown: %+n% to ""Plague""",,character_to_character_own,-30,both,293,false,magic_cooldown.png,magic_cooldown.png,,,,,,,,,,,,,,,,,,,,,,,character_skill_level_to_effects_junctions_tables,wh2_main_skill_all_magic_plague_09_plague_lord|wh2_main_effect_ability_cooldown_plague|1|character_to_character_own
effect,warhammer_3,9.0,25507028,Skaven,skaven,wh2_main_sc_skv_skaven,Skreech Verminking,Skreech_Verminking,hero,wh3_dlc29_skv_skreech_verminking,champion,champion,wh3_dlc29_skv_clan_scruten,false,true,true,false,false,true,wh3_dlc29_lore_skreech_verminking,,wh3_dlc29_skill_node_set_skv_skreech_verminking,,1,champion,false,false,,,,wh3_dlc29_skill_node_skv_skreech_verminking_magic_3_1,wh2_main_skill_all_magic_plague_09_plague_lord,Plague,,wh2_main_spell_plague_plague.png,6,3,0,0,true,0,2,1,Plague,,,,,,,wh2_main_effect_ability_enable_plague,"Spell: ""Plague""",,character_to_character_own,1,battle,290,true,magic_character.png,magic_character.png,,,,,,,,,,,,,,,,,,,,,,,character_skill_level_to_effects_junctions_tables,wh2_main_skill_all_magic_plague_09_plague_lord|wh2_main_effect_ability_enable_plague|1|character_to_character_own
effect,warhammer_3,9.0,25507028,Skaven,skaven,wh2_main_sc_skv_skaven,Skreech Verminking,Skreech_Verminking,hero,wh3_dlc29_skv_skreech_verminking,champion,champion,wh3_dlc29_skv_clan_scruten,false,true,true,false,false,true,wh3_dlc29_lore_skreech_verminking,,wh3_dlc29_skill_node_set_skv_skreech_verminking,,1,champion,false,false,,,,wh3_dlc29_skill_node_skv_skreech_verminking_magic_3_1,wh2_main_skill_all_magic_plague_09_plague_lord,Plague,,wh2_main_spell_plague_plague.png,6,3,0,0,true,0,2,1,Plague,,,,,,,wh2_main_effect_ability_overcast_plague,"Overcast spell: ""Plague Upgraded""",,character_to_character_own,1,both,292,true,magic_character.png,magic_character.png,,,,,,,,,,,,,,,,,,,,,,,character_skill_level_to_effects_junctions_tables,wh2_main_skill_all_magic_plague_09_plague_lord|wh2_main_effect_ability_overcast_plague|1|character_to_character_own
effect,warhammer_3,9.0,25507028,Skaven,skaven,wh2_main_sc_skv_skaven,Skreech Verminking,Skreech_Verminking,hero,wh3_dlc29_skv_skreech_verminking,champion,champion,wh3_dlc29_skv_clan_scruten,false,true,true,false,false,true,wh3_dlc29_lore_skreech_verminking,,wh3_dlc29_skill_node_set_skv_skreech_verminking,,1,champion,false,false,,,,wh3_dlc29_skill_node_skv_skreech_verminking_magic_3_1,wh2_main_skill_all_magic_plague_09_plague_lord,Plague,,wh2_main_spell_plague_plague.png,6,3,0,0,true,0,2,2,Plague,,,,,,,wh2_main_effect_ability_cooldown_plague,"Cooldown: %+n% to ""Plague""",,character_to_character_own,-50,both,293,false,magic_cooldown.png,magic_cooldown.png,,,,,,,,,,,,,,,,,,,,,,,character_skill_level_to_effects_junctions_tables,wh2_main_skill_all_magic_plague_09_plague_lord|wh2_main_effect_ability_cooldown_plague|2|character_to_character_own
effect,warhammer_3,9.0,25507028,Skaven,skaven,wh2_main_sc_skv_skaven,Skreech Verminking,Skreech_Verminking,hero,wh3_dlc29_skv_skreech_verminking,champion,champion,wh3_dlc29_skv_clan_scruten,false,true,true,false,false,true,wh3_dlc29_lore_skreech_verminking,,wh3_dlc29_skill_node_set_skv_skreech_verminking,,1,champion,false,false,,,,wh3_dlc29_skill_node_skv_skreech_verminking_magic_3_1,wh2_main_skill_all_magic_plague_09_plague_lord,Plague,,wh2_main_spell_plague_plague.png,6,3,0,0,true,0,2,2,Plague,,,,,,,wh2_main_effect_ability_miscast_plague_upgraded,"Miscast base chance: %+n% for ""Plague Upgraded""",,character_to_character_own,-15,both,298,false,magic.png,magic.png,,,,,,,,,,,,,,,,,,,,,,,character_skill_level_to_effects_junctions_tables,wh2_main_skill_all_magic_plague_09_plague_lord|wh2_main_effect_ability_miscast_plague_upgraded|2|character_to_character_own
effect,warhammer_3,9.0,25507028,Skaven,skaven,wh2_main_sc_skv_skaven,Skreech Verminking,Skreech_Verminking,hero,wh3_dlc29_skv_skreech_verminking,champion,champion,wh3_dlc29_skv_clan_scruten,false,true,true,false,false,true,wh3_dlc29_lore_skreech_verminking,,wh3_dlc29_skill_node_set_skv_skreech_verminking,,1,champion,false,false,,,,wh3_dlc29_skill_node_skv_skreech_verminking_magic_3_1,wh2_main_skill_all_magic_plague_09_plague_lord,Plague,,wh2_main_spell_plague_plague.png,6,3,0,0,true,0,2,2,Plague,,,,,,,wh2_main_effect_ability_overcast_plague,"Overcast spell: ""Plague Upgraded""",,character_to_character_own,1,both,292,true,magic_character.png,magic_character.png,,,,,,,,,,,,,,,,,,,,,,,character_skill_level_to_effects_junctions_tables,wh2_main_skill_all_magic_plague_09_plague_lord|wh2_main_effect_ability_overcast_plague|2|character_to_character_own
effect,warhammer_3,9.0,25507028,Skaven,skaven,wh2_main_sc_skv_skaven,Skreech Verminking,Skreech_Verminking,hero,wh3_dlc29_skv_skreech_verminking,champion,champion,wh3_dlc29_skv_clan_scruten,false,true,true,false,false,true,wh3_dlc29_lore_skreech_verminking,,wh3_dlc29_skill_node_set_skv_skreech_verminking,,1,champion,false,false,,,,wh3_dlc29_skill_node_skv_skreech_verminking_magic_3_1,wh2_main_skill_all_magic_plague_09_plague_lord,Plague,,wh2_main_spell_plague_plague.png,6,3,0,0,true,0,2,2,Plague,,,,,,,wh2_main_effect_ability_wom_cost_plague,"Winds of Magic cost: %n for ""Plague""",,character_to_character_own,-3,both,294,false,magic_character.png,magic_character.png,,,,,,,,,,,,,,,,,,,,,,,character_skill_level_to_effects_junctions_tables,wh2_main_skill_all_magic_plague_09_plague_lord|wh2_main_effect_ability_wom_cost_plague|2|character_to_character_own
effect,warhammer_3,9.0,25507028,Skaven,skaven,wh2_main_sc_skv_skaven,Skreech Verminking,Skreech_Verminking,hero,wh3_dlc29_skv_skreech_verminking,champion,champion,wh3_dlc29_skv_clan_scruten,false,true,true,false,false,true,wh3_dlc29_lore_skreech_verminking,,wh3_dlc29_skill_node_set_skv_skreech_verminking,,1,champion,false,false,,,,wh3_dlc29_skill_node_skv_skreech_verminking_magic_3_1,wh2_main_skill_all_magic_plague_09_plague_lord,Plague,,wh2_main_spell_plague_plague.png,6,3,0,0,true,0,2,2,Plague,,,,,,,wh2_main_effect_ability_wom_cost_plague_upgraded,"Winds of Magic cost: %n for ""Plague Upgraded""",,character_to_character_own,-4,both,295,false,magic_character.png,magic_character.png,,,,,,,,,,,,,,,,,,,,,,,character_skill_level_to_effects_junctions_tables,wh2_main_skill_all_magic_plague_09_plague_lord|wh2_main_effect_ability_wom_cost_plague_upgraded|2|character_to_character_own
node,warhammer_3,9.0,25507028,Skaven,skaven,wh2_main_sc_skv_skaven,Skreech Verminking,Skreech_Verminking,hero,wh3_dlc29_skv_skreech_verminking,champion,champion,wh3_dlc29_skv_clan_scruten,false,true,true,false,false,true,wh3_dlc29_lore_skreech_verminking,,wh3_dlc29_skill_node_set_skv_skreech_verminking,,1,champion,false,false,,,,wh3_dlc29_skill_node_skv_skreech_verminking_combat_3_2,wh2_dlc11_skill_all_lord_self_scarred_veteran,{{tr:character_skills_localised_name_wh_main_skill_all_all_self_scarred_veteran}},{{tr:character_skills_localised_description_wh_main_skill_all_all_self_scarred_veteran}},character_health.png,7,2,0,0,true,0,2,,,,,,,,,,,,,,,,,,,,,,,,,,,,,,,,,,,,,,,,,character_skill_nodes_tables,wh3_dlc29_skill_node_skv_skreech_verminking_combat_3_2
effect,warhammer_3,9.0,25507028,Skaven,skaven,wh2_main_sc_skv_skaven,Skreech Verminking,Skreech_Verminking,hero,wh3_dlc29_skv_skreech_verminking,champion,champion,wh3_dlc29_skv_clan_scruten,false,true,true,false,false,true,wh3_dlc29_lore_skreech_verminking,,wh3_dlc29_skill_node_set_skv_skreech_verminking,,1,champion,false,false,,,,wh3_dlc29_skill_node_skv_skreech_verminking_combat_3_2,wh2_dlc11_skill_all_lord_self_scarred_veteran,{{tr:character_skills_localised_name_wh_main_skill_all_all_self_scarred_veteran}},{{tr:character_skills_localised_description_wh_main_skill_all_all_self_scarred_veteran}},character_health.png,7,2,0,0,true,0,2,1,{{tr:character_skills_localised_name_wh_main_skill_all_all_self_scarred_veteran}},{{tr:character_skills_localised_description_wh_main_skill_all_all_self_scarred_veteran}},,,,,,wh_main_effect_character_stat_unit_health,Hit points: %+n%,,character_to_character_own,7,both,90,true,health_character.png,health_character.png,,,,,,,,,,,,,,,,,,,,,,,character_skill_level_to_effects_junctions_tables,wh2_dlc11_skill_all_lord_self_scarred_veteran|wh_main_effect_character_stat_unit_health|1|character_to_character_own
effect,warhammer_3,9.0,25507028,Skaven,skaven,wh2_main_sc_skv_skaven,Skreech Verminking,Skreech_Verminking,hero,wh3_dlc29_skv_skreech_verminking,champion,champion,wh3_dlc29_skv_clan_scruten,false,true,true,false,false,true,wh3_dlc29_lore_skreech_verminking,,wh3_dlc29_skill_node_set_skv_skreech_verminking,,1,champion,false,false,,,,wh3_dlc29_skill_node_skv_skreech_verminking_combat_3_2,wh2_dlc11_skill_all_lord_self_scarred_veteran,{{tr:character_skills_localised_name_wh_main_skill_all_all_self_scarred_veteran}},{{tr:character_skills_localised_description_wh_main_skill_all_all_self_scarred_veteran}},character_health.png,7,2,0,0,true,0,2,2,{{tr:character_skills_localised_name_wh_main_skill_all_all_self_scarred_veteran}},{{tr:character_skills_localised_description_wh_main_skill_all_all_self_scarred_veteran}},,,,,,wh_main_effect_character_stat_unit_health,Hit points: %+n%,,character_to_character_own,15,both,90,true,health_character.png,health_character.png,,,,,,,,,,,,,,,,,,,,,,,character_skill_level_to_effects_junctions_tables,wh2_dlc11_skill_all_lord_self_scarred_veteran|wh_main_effect_character_stat_unit_health|2|character_to_character_own
node,warhammer_3,9.0,25507028,Skaven,skaven,wh2_main_sc_skv_skaven,Skreech Verminking,Skreech_Verminking,hero,wh3_dlc29_skv_skreech_verminking,champion,champion,wh3_dlc29_skv_clan_scruten,false,true,true,false,false,true,wh3_dlc29_lore_skreech_verminking,,wh3_dlc29_skill_node_set_skv_skreech_verminking,,1,champion,false,false,,,,wh3_dlc29_skill_node_skv_skreech_verminking_magic_3_2,wh2_main_skill_all_magic_ruin_09_cracks_call_lord,Cracks Call,,wh2_main_spell_ruin_cracks_call.png,7,3,0,0,true,0,2,,,,,,,,,,,,,,,,,,,,,,,,,,,,,,,,,,,,,,,,,character_skill_nodes_tables,wh3_dlc29_skill_node_skv_skreech_verminking_magic_3_2
effect,warhammer_3,9.0,25507028,Skaven,skaven,wh2_main_sc_skv_skaven,Skreech Verminking,Skreech_Verminking,hero,wh3_dlc29_skv_skreech_verminking,champion,champion,wh3_dlc29_skv_clan_scruten,false,true,true,false,false,true,wh3_dlc29_lore_skreech_verminking,,wh3_dlc29_skill_node_set_skv_skreech_verminking,,1,champion,false,false,,,,wh3_dlc29_skill_node_skv_skreech_verminking_magic_3_2,wh2_main_skill_all_magic_ruin_09_cracks_call_lord,Cracks Call,,wh2_main_spell_ruin_cracks_call.png,7,3,0,0,true,0,2,1,Cracks Call,,,,,,,wh2_main_effect_ability_cooldown_cracks_call,"Cooldown: %+n% to ""Cracks Call""",,character_to_character_own,-30,both,293,false,magic_cooldown.png,magic_cooldown.png,,,,,,,,,,,,,,,,,,,,,,,character_skill_level_to_effects_junctions_tables,wh2_main_skill_all_magic_ruin_09_cracks_call_lord|wh2_main_effect_ability_cooldown_cracks_call|1|character_to_character_own
effect,warhammer_3,9.0,25507028,Skaven,skaven,wh2_main_sc_skv_skaven,Skreech Verminking,Skreech_Verminking,hero,wh3_dlc29_skv_skreech_verminking,champion,champion,wh3_dlc29_skv_clan_scruten,false,true,true,false,false,true,wh3_dlc29_lore_skreech_verminking,,wh3_dlc29_skill_node_set_skv_skreech_verminking,,1,champion,false,false,,,,wh3_dlc29_skill_node_skv_skreech_verminking_magic_3_2,wh2_main_skill_all_magic_ruin_09_cracks_call_lord,Cracks Call,,wh2_main_spell_ruin_cracks_call.png,7,3,0,0,true,0,2,1,Cracks Call,,,,,,,wh2_main_effect_ability_enable_cracks_call,"Spell: ""Crack's Call""",,character_to_character_own,1,battle,290,true,magic_character.png,magic_character.png,,,,,,,,,,,,,,,,,,,,,,,character_skill_level_to_effects_junctions_tables,wh2_main_skill_all_magic_ruin_09_cracks_call_lord|wh2_main_effect_ability_enable_cracks_call|1|character_to_character_own
effect,warhammer_3,9.0,25507028,Skaven,skaven,wh2_main_sc_skv_skaven,Skreech Verminking,Skreech_Verminking,hero,wh3_dlc29_skv_skreech_verminking,champion,champion,wh3_dlc29_skv_clan_scruten,false,true,true,false,false,true,wh3_dlc29_lore_skreech_verminking,,wh3_dlc29_skill_node_set_skv_skreech_verminking,,1,champion,false,false,,,,wh3_dlc29_skill_node_skv_skreech_verminking_magic_3_2,wh2_main_skill_all_magic_ruin_09_cracks_call_lord,Cracks Call,,wh2_main_spell_ruin_cracks_call.png,7,3,0,0,true,0,2,1,Cracks Call,,,,,,,wh2_main_effect_ability_overcast_cracks_call,"Overcast spell: ""Cracks Call Upgraded""",,character_to_character_own,1,both,292,true,magic_character.png,magic_character.png,,,,,,,,,,,,,,,,,,,,,,,character_skill_level_to_effects_junctions_tables,wh2_main_skill_all_magic_ruin_09_cracks_call_lord|wh2_main_effect_ability_overcast_cracks_call|1|character_to_character_own
effect,warhammer_3,9.0,25507028,Skaven,skaven,wh2_main_sc_skv_skaven,Skreech Verminking,Skreech_Verminking,hero,wh3_dlc29_skv_skreech_verminking,champion,champion,wh3_dlc29_skv_clan_scruten,false,true,true,false,false,true,wh3_dlc29_lore_skreech_verminking,,wh3_dlc29_skill_node_set_skv_skreech_verminking,,1,champion,false,false,,,,wh3_dlc29_skill_node_skv_skreech_verminking_magic_3_2,wh2_main_skill_all_magic_ruin_09_cracks_call_lord,Cracks Call,,wh2_main_spell_ruin_cracks_call.png,7,3,0,0,true,0,2,2,Cracks Call,,,,,,,wh2_main_effect_ability_cooldown_cracks_call,"Cooldown: %+n% to ""Cracks Call""",,character_to_character_own,-50,both,293,false,magic_cooldown.png,magic_cooldown.png,,,,,,,,,,,,,,,,,,,,,,,character_skill_level_to_effects_junctions_tables,wh2_main_skill_all_magic_ruin_09_cracks_call_lord|wh2_main_effect_ability_cooldown_cracks_call|2|character_to_character_own
effect,warhammer_3,9.0,25507028,Skaven,skaven,wh2_main_sc_skv_skaven,Skreech Verminking,Skreech_Verminking,hero,wh3_dlc29_skv_skreech_verminking,champion,champion,wh3_dlc29_skv_clan_scruten,false,true,true,false,false,true,wh3_dlc29_lore_skreech_verminking,,wh3_dlc29_skill_node_set_skv_skreech_verminking,,1,champion,false,false,,,,wh3_dlc29_skill_node_skv_skreech_verminking_magic_3_2,wh2_main_skill_all_magic_ruin_09_cracks_call_lord,Cracks Call,,wh2_main_spell_ruin_cracks_call.png,7,3,0,0,true,0,2,2,Cracks Call,,,,,,,wh2_main_effect_ability_miscast_cracks_call_upgrade,"Miscast base chance: %+n% for ""Cracks Call Upgraded""",,character_to_character_own,-15,both,298,false,magic.png,magic.png,,,,,,,,,,,,,,,,,,,,,,,character_skill_level_to_effects_junctions_tables,wh2_main_skill_all_magic_ruin_09_cracks_call_lord|wh2_main_effect_ability_miscast_cracks_call_upgrade|2|character_to_character_own
effect,warhammer_3,9.0,25507028,Skaven,skaven,wh2_main_sc_skv_skaven,Skreech Verminking,Skreech_Verminking,hero,wh3_dlc29_skv_skreech_verminking,champion,champion,wh3_dlc29_skv_clan_scruten,false,true,true,false,false,true,wh3_dlc29_lore_skreech_verminking,,wh3_dlc29_skill_node_set_skv_skreech_verminking,,1,champion,false,false,,,,wh3_dlc29_skill_node_skv_skreech_verminking_magic_3_2,wh2_main_skill_all_magic_ruin_09_cracks_call_lord,Cracks Call,,wh2_main_spell_ruin_cracks_call.png,7,3,0,0,true,0,2,2,Cracks Call,,,,,,,wh2_main_effect_ability_overcast_cracks_call,"Overcast spell: ""Cracks Call Upgraded""",,character_to_character_own,1,both,292,true,magic_character.png,magic_character.png,,,,,,,,,,,,,,,,,,,,,,,character_skill_level_to_effects_junctions_tables,wh2_main_skill_all_magic_ruin_09_cracks_call_lord|wh2_main_effect_ability_overcast_cracks_call|2|character_to_character_own
effect,warhammer_3,9.0,25507028,Skaven,skaven,wh2_main_sc_skv_skaven,Skreech Verminking,Skreech_Verminking,hero,wh3_dlc29_skv_skreech_verminking,champion,champion,wh3_dlc29_skv_clan_scruten,false,true,true,false,false,true,wh3_dlc29_lore_skreech_verminking,,wh3_dlc29_skill_node_set_skv_skreech_verminking,,1,champion,false,false,,,,wh3_dlc29_skill_node_skv_skreech_verminking_magic_3_2,wh2_main_skill_all_magic_ruin_09_cracks_call_lord,Cracks Call,,wh2_main_spell_ruin_cracks_call.png,7,3,0,0,true,0,2,2,Cracks Call,,,,,,,wh2_main_effect_ability_wom_cost_cracks_call,"Winds of Magic cost: %n for ""Cracks Call""",,character_to_character_own,-3,both,294,false,magic_character.png,magic_character.png,,,,,,,,,,,,,,,,,,,,,,,character_skill_level_to_effects_junctions_tables,wh2_main_skill_all_magic_ruin_09_cracks_call_lord|wh2_main_effect_ability_wom_cost_cracks_call|2|character_to_character_own
effect,warhammer_3,9.0,25507028,Skaven,skaven,wh2_main_sc_skv_skaven,Skreech Verminking,Skreech_Verminking,hero,wh3_dlc29_skv_skreech_verminking,champion,champion,wh3_dlc29_skv_clan_scruten,false,true,true,false,false,true,wh3_dlc29_lore_skreech_verminking,,wh3_dlc29_skill_node_set_skv_skreech_verminking,,1,champion,false,false,,,,wh3_dlc29_skill_node_skv_skreech_verminking_magic_3_2,wh2_main_skill_all_magic_ruin_09_cracks_call_lord,Cracks Call,,wh2_main_spell_ruin_cracks_call.png,7,3,0,0,true,0,2,2,Cracks Call,,,,,,,wh2_main_effect_ability_wom_cost_cracks_call_upgrade,"Winds of Magic cost: %n for ""Cracks Call Upgraded""",,character_to_character_own,-4,both,295,false,magic_character.png,magic_character.png,,,,,,,,,,,,,,,,,,,,,,,character_skill_level_to_effects_junctions_tables,wh2_main_skill_all_magic_ruin_09_cracks_call_lord|wh2_main_effect_ability_wom_cost_cracks_call_upgrade|2|character_to_character_own
node,warhammer_3,9.0,25507028,Skaven,skaven,wh2_main_sc_skv_skaven,Skreech Verminking,Skreech_Verminking,hero,wh3_dlc29_skv_skreech_verminking,champion,champion,wh3_dlc29_skv_clan_scruten,false,true,true,false,false,true,wh3_dlc29_lore_skreech_verminking,,wh3_dlc29_skill_node_set_skv_skreech_verminking,,1,champion,false,false,,,,wh3_dlc29_skill_node_skv_skreech_verminking_combat_3_3,wh2_dlc11_skill_all_lord_self_blade_shield,Blade Shield,A blade that sings in defence will not let its wielder be penetrated.,character_defence.png,8,2,0,0,true,0,2,,,,,,,,,,,,,,,,,,,,,,,,,,,,,,,,,,,,,,,,,character_skill_nodes_tables,wh3_dlc29_skill_node_skv_skreech_verminking_combat_3_3
effect,warhammer_3,9.0,25507028,Skaven,skaven,wh2_main_sc_skv_skaven,Skreech Verminking,Skreech_Verminking,hero,wh3_dlc29_skv_skreech_verminking,champion,champion,wh3_dlc29_skv_clan_scruten,false,true,true,false,false,true,wh3_dlc29_lore_skreech_verminking,,wh3_dlc29_skill_node_set_skv_skreech_verminking,,1,champion,false,false,,,,wh3_dlc29_skill_node_skv_skreech_verminking_combat_3_3,wh2_dlc11_skill_all_lord_self_blade_shield,Blade Shield,A blade that sings in defence will not let its wielder be penetrated.,character_defence.png,8,2,0,0,true,0,2,1,Blade Shield,A blade that sings in defence will not let its wielder be penetrated.,,,,,,wh_main_effect_character_stat_melee_defence,Melee defence: %+n,,character_to_character_own,6,both,150,true,defence_character.png,defence_character.png,,,,,,,,,,,,,,,,,,,,,,,character_skill_level_to_effects_junctions_tables,wh2_dlc11_skill_all_lord_self_blade_shield|wh_main_effect_character_stat_melee_defence|1|character_to_character_own
effect,warhammer_3,9.0,25507028,Skaven,skaven,wh2_main_sc_skv_skaven,Skreech Verminking,Skreech_Verminking,hero,wh3_dlc29_skv_skreech_verminking,champion,champion,wh3_dlc29_skv_clan_scruten,false,true,true,false,false,true,wh3_dlc29_lore_skreech_verminking,,wh3_dlc29_skill_node_set_skv_skreech_verminking,,1,champion,false,false,,,,wh3_dlc29_skill_node_skv_skreech_verminking_combat_3_3,wh2_dlc11_skill_all_lord_self_blade_shield,Blade Shield,A blade that sings in defence will not let its wielder be penetrated.,character_defence.png,8,2,0,0,true,0,2,2,Blade Shield,A blade that sings in defence will not let its wielder be penetrated.,,,,,,wh_main_effect_character_stat_melee_defence,Melee defence: %+n,,character_to_character_own,12,both,150,true,defence_character.png,defence_character.png,,,,,,,,,,,,,,,,,,,,,,,character_skill_level_to_effects_junctions_tables,wh2_dlc11_skill_all_lord_self_blade_shield|wh_main_effect_character_stat_melee_defence|2|character_to_character_own
node,warhammer_3,9.0,25507028,Skaven,skaven,wh2_main_sc_skv_skaven,Skreech Verminking,Skreech_Verminking,hero,wh3_dlc29_skv_skreech_verminking,champion,champion,wh3_dlc29_skv_clan_scruten,false,true,true,false,false,true,wh3_dlc29_lore_skreech_verminking,,wh3_dlc29_skill_node_set_skv_skreech_verminking,,1,champion,false,false,,,,wh3_dlc29_skill_node_skv_skreech_verminking_magic_3_3,wh_main_skill_all_magic_all_07_earthing,Earthing,"By stabbing a staff or some arcane conduit into the ground, an accomplished magic-user can earth or tether the Winds and hopefully reduce a chance of miscasting.",character_magic.png,8,3,0,0,true,0,1,,,,,,,,,,,,,,,,,,,,,,,,,,,,,,,,,,,,,,,,,character_skill_nodes_tables,wh3_dlc29_skill_node_skv_skreech_verminking_magic_3_3
effect,warhammer_3,9.0,25507028,Skaven,skaven,wh2_main_sc_skv_skaven,Skreech Verminking,Skreech_Verminking,hero,wh3_dlc29_skv_skreech_verminking,champion,champion,wh3_dlc29_skv_clan_scruten,false,true,true,false,false,true,wh3_dlc29_lore_skreech_verminking,,wh3_dlc29_skill_node_set_skv_skreech_verminking,,1,champion,false,false,,,,wh3_dlc29_skill_node_skv_skreech_verminking_magic_3_3,wh_main_skill_all_magic_all_07_earthing,Earthing,"By stabbing a staff or some arcane conduit into the ground, an accomplished magic-user can earth or tether the Winds and hopefully reduce a chance of miscasting.",character_magic.png,8,3,0,0,true,0,1,1,Earthing,"By stabbing a staff or some arcane conduit into the ground, an accomplished magic-user can earth or tether the Winds and hopefully reduce a chance of miscasting.",,,,,,wh_main_effect_character_stat_miscast,Miscast base chance: %+n%,,character_to_character_own,-15,battle,298,false,magic_character.png,magic_character.png,,,,,,,,,,,,,,,,,,,,,,,character_skill_level_to_effects_junctions_tables,wh_main_skill_all_magic_all_07_earthing|wh_main_effect_character_stat_miscast|1|character_to_character_own
node,warhammer_3,9.0,25507028,Skaven,skaven,wh2_main_sc_skv_skaven,Skreech Verminking,Skreech_Verminking,hero,wh3_dlc29_skv_skreech_verminking,champion,champion,wh3_dlc29_skv_clan_scruten,false,true,true,false,false,true,wh3_dlc29_lore_skreech_verminking,,wh3_dlc29_skill_node_set_skv_skreech_verminking,,1,champion,false,false,,,,wh3_dlc29_skill_node_skv_skreech_verminking_combat_3_4,wh2_dlc11_skill_wef_lord_self_expeditious_endeavour,Expeditious Endeavour,"What the enemy cannot see, it cannot hit. What the enemy cannot see, it cannot survive.",character_speed.png,9,2,0,0,true,0,2,,,,,,,,,,,,,,,,,,,,,,,,,,,,,,,,,,,,,,,,,character_skill_nodes_tables,wh3_dlc29_skill_node_skv_skreech_verminking_combat_3_4
effect,warhammer_3,9.0,25507028,Skaven,skaven,wh2_main_sc_skv_skaven,Skreech Verminking,Skreech_Verminking,hero,wh3_dlc29_skv_skreech_verminking,champion,champion,wh3_dlc29_skv_clan_scruten,false,true,true,false,false,true,wh3_dlc29_lore_skreech_verminking,,wh3_dlc29_skill_node_set_skv_skreech_verminking,,1,champion,false,false,,,,wh3_dlc29_skill_node_skv_skreech_verminking_combat_3_4,wh2_dlc11_skill_wef_lord_self_expeditious_endeavour,Expeditious Endeavour,"What the enemy cannot see, it cannot hit. What the enemy cannot see, it cannot survive.",character_speed.png,9,2,0,0,true,0,2,1,Expeditious Endeavour,"What the enemy cannot see, it cannot hit. What the enemy cannot see, it cannot survive.",,,,,,wh_main_effect_character_stat_speed,Speed: %+n%,,character_to_character_own,7,both,120,true,battle_movement_character.png,battle_movement_character.png,,,,,,,,,,,,,,,,,,,,,,,character_skill_level_to_effects_junctions_tables,wh2_dlc11_skill_wef_lord_self_expeditious_endeavour|wh_main_effect_character_stat_speed|1|character_to_character_own
effect,warhammer_3,9.0,25507028,Skaven,skaven,wh2_main_sc_skv_skaven,Skreech Verminking,Skreech_Verminking,hero,wh3_dlc29_skv_skreech_verminking,champion,champion,wh3_dlc29_skv_clan_scruten,false,true,true,false,false,true,wh3_dlc29_lore_skreech_verminking,,wh3_dlc29_skill_node_set_skv_skreech_verminking,,1,champion,false,false,,,,wh3_dlc29_skill_node_skv_skreech_verminking_combat_3_4,wh2_dlc11_skill_wef_lord_self_expeditious_endeavour,Expeditious Endeavour,"What the enemy cannot see, it cannot hit. What the enemy cannot see, it cannot survive.",character_speed.png,9,2,0,0,true,0,2,2,Expeditious Endeavour,"What the enemy cannot see, it cannot hit. What the enemy cannot see, it cannot survive.",,,,,,wh_main_effect_character_stat_speed,Speed: %+n%,,character_to_character_own,15,both,120,true,battle_movement_character.png,battle_movement_character.png,,,,,,,,,,,,,,,,,,,,,,,character_skill_level_to_effects_junctions_tables,wh2_dlc11_skill_wef_lord_self_expeditious_endeavour|wh_main_effect_character_stat_speed|2|character_to_character_own
node,warhammer_3,9.0,25507028,Skaven,skaven,wh2_main_sc_skv_skaven,Skreech Verminking,Skreech_Verminking,hero,wh3_dlc29_skv_skreech_verminking,champion,champion,wh3_dlc29_skv_clan_scruten,false,true,true,false,false,true,wh3_dlc29_lore_skreech_verminking,,wh3_dlc29_skill_node_set_skv_skreech_verminking,,1,champion,false,false,,,,wh3_dlc29_skill_node_skv_skreech_verminking_magic_3_4,wh_main_skill_all_magic_all_08_power_drain,Magical Reserves,"A few magic-users have the ability to store the Winds of Magic for later use, increasing their spellcasting power when it really counts.",character_magic.png,9,3,0,0,true,0,1,,,,,,,,,,,,,,,,,,,,,,,,,,,,,,,,,,,,,,,,,character_skill_nodes_tables,wh3_dlc29_skill_node_skv_skreech_verminking_magic_3_4
effect,warhammer_3,9.0,25507028,Skaven,skaven,wh2_main_sc_skv_skaven,Skreech Verminking,Skreech_Verminking,hero,wh3_dlc29_skv_skreech_verminking,champion,champion,wh3_dlc29_skv_clan_scruten,false,true,true,false,false,true,wh3_dlc29_lore_skreech_verminking,,wh3_dlc29_skill_node_set_skv_skreech_verminking,,1,champion,false,false,,,,wh3_dlc29_skill_node_skv_skreech_verminking_magic_3_4,wh_main_skill_all_magic_all_08_power_drain,Magical Reserves,"A few magic-users have the ability to store the Winds of Magic for later use, increasing their spellcasting power when it really counts.",character_magic.png,9,3,0,0,true,0,1,1,Magical Reserves,"A few magic-users have the ability to store the Winds of Magic for later use, increasing their spellcasting power when it really counts.",,,,,,wh3_main_effect_winds_of_magic_pool_cap,Winds of Magic power reserve capacity: %+n,,character_to_force_own_unseen,5,campaign,390,true,magic_campaign.png,magic_campaign.png,,,,,,,,,,,,,,,,,,,,,,,character_skill_level_to_effects_junctions_tables,wh_main_skill_all_magic_all_08_power_drain|wh3_main_effect_winds_of_magic_pool_cap|1|character_to_force_own_unseen
node,warhammer_3,9.0,25507028,Skaven,skaven,wh2_main_sc_skv_skaven,Skreech Verminking,Skreech_Verminking,hero,wh3_dlc29_skv_skreech_verminking,champion,champion,wh3_dlc29_skv_clan_scruten,false,true,true,false,false,true,wh3_dlc29_lore_skreech_verminking,,wh3_dlc29_skill_node_set_skv_skreech_verminking,,1,champion,false,false,,,,wh3_dlc29_skill_node_skv_skreech_verminking_combat_4,wh3_dlc29_skill_verminlord_self_doomglaive,Doom Glaive,,wh3_dlc29_item_abilities_doom_glaive.png,10,2,0,4,true,0,1,,,,,,,,,,,,,,,,,,,,,,,,,,,,,,,,,,,,,,,,,character_skill_nodes_tables,wh3_dlc29_skill_node_skv_skreech_verminking_combat_4
effect,warhammer_3,9.0,25507028,Skaven,skaven,wh2_main_sc_skv_skaven,Skreech Verminking,Skreech_Verminking,hero,wh3_dlc29_skv_skreech_verminking,champion,champion,wh3_dlc29_skv_clan_scruten,false,true,true,false,false,true,wh3_dlc29_lore_skreech_verminking,,wh3_dlc29_skill_node_set_skv_skreech_verminking,,1,champion,false,false,,,,wh3_dlc29_skill_node_skv_skreech_verminking_combat_4,wh3_dlc29_skill_verminlord_self_doomglaive,Doom Glaive,,wh3_dlc29_item_abilities_doom_glaive.png,10,2,0,4,true,0,1,1,Doom Glaive,,,,,,,wh3_dlc29_effect_ability_enable_doom_glaive,"Ability: ""{{tr:ancillaries_onscreen_name_wh3_dlc29_anc_weapon_doom_glaive}}""",,character_to_character_own,1,battle,300,true,general_ability.png,general_ability.png,,,,,,,,,,,,,,,,,,,,,,,character_skill_level_to_effects_junctions_tables,wh3_dlc29_skill_verminlord_self_doomglaive|wh3_dlc29_effect_ability_enable_doom_glaive|1|character_to_character_own
node,warhammer_3,9.0,25507028,Skaven,skaven,wh2_main_sc_skv_skaven,Skreech Verminking,Skreech_Verminking,hero,wh3_dlc29_skv_skreech_verminking,champion,champion,wh3_dlc29_skv_clan_scruten,false,true,true,false,false,true,wh3_dlc29_lore_skreech_verminking,,wh3_dlc29_skill_node_set_skv_skreech_verminking,,1,champion,false,false,,,,wh3_dlc29_skill_node_skv_skreech_verminking_magic_4,wh_main_skill_all_magic_all_11_arcane_conduit,Arcane Conduit,,wh_main_character_abilities_arcane_conduit.png,10,3,0,4,true,0,1,,,,,,,,,,,,,,,,,,,,,,,,,,,,,,,,,,,,,,,,,character_skill_nodes_tables,wh3_dlc29_skill_node_skv_skreech_verminking_magic_4
effect,warhammer_3,9.0,25507028,Skaven,skaven,wh2_main_sc_skv_skaven,Skreech Verminking,Skreech_Verminking,hero,wh3_dlc29_skv_skreech_verminking,champion,champion,wh3_dlc29_skv_clan_scruten,false,true,true,false,false,true,wh3_dlc29_lore_skreech_verminking,,wh3_dlc29_skill_node_set_skv_skreech_verminking,,1,champion,false,false,,,,wh3_dlc29_skill_node_skv_skreech_verminking_magic_4,wh_main_skill_all_magic_all_11_arcane_conduit,Arcane Conduit,,wh_main_character_abilities_arcane_conduit.png,10,3,0,4,true,0,1,1,Arcane Conduit,,,,,,,wh_main_effect_ability_enable_arcane_conduit,"Passive ability: ""Arcane Conduit""",,character_to_character_own,1,battle,300,true,general_ability.png,general_ability.png,,,,,,,,,,,,,,,,,,,,,,,character_skill_level_to_effects_junctions_tables,wh_main_skill_all_magic_all_11_arcane_conduit|wh_main_effect_ability_enable_arcane_conduit|1|character_to_character_own
node,warhammer_3,9.0,25507028,Skaven,skaven,wh2_main_sc_skv_skaven,Skreech Verminking,Skreech_Verminking,hero,wh3_dlc29_skv_skreech_verminking,champion,champion,wh3_dlc29_skv_clan_scruten,false,true,true,false,false,true,wh3_dlc29_lore_skreech_verminking,,wh3_dlc29_skill_node_set_skv_skreech_verminking,,1,champion,false,false,,,,wh3_dlc29_skill_node_magic_skreech_verminking_dummy,wh3_dlc29_skill_magic_skreech_verminking_dummy,[HIDDEN] Starting Spells for Skreech Verminking,,trait_human.png,11,3,1,0,false,0,1,,,,,,,,,,,,,,,,,,,,,,,,,,,,,,,,,,,,,,,,,character_skill_nodes_tables,wh3_dlc29_skill_node_magic_skreech_verminking_dummy
effect,warhammer_3,9.0,25507028,Skaven,skaven,wh2_main_sc_skv_skaven,Skreech Verminking,Skreech_Verminking,hero,wh3_dlc29_skv_skreech_verminking,champion,champion,wh3_dlc29_skv_clan_scruten,false,true,true,false,false,true,wh3_dlc29_lore_skreech_verminking,,wh3_dlc29_skill_node_set_skv_skreech_verminking,,1,champion,false,false,,,,wh3_dlc29_skill_node_magic_skreech_verminking_dummy,wh3_dlc29_skill_magic_skreech_verminking_dummy,[HIDDEN] Starting Spells for Skreech Verminking,,trait_human.png,11,3,1,0,false,0,1,1,[HIDDEN] Starting Spells for Skreech Verminking,,,,,,,wh2_main_effect_ability_enable_warp_lightning,"Spell: ""Warp Lightning""",,character_to_character_own,1,battle,290,true,magic_character.png,magic_character.png,,,,,,,,,,,,,,,,,,,,,,,character_skill_level_to_effects_junctions_tables,wh3_dlc29_skill_magic_skreech_verminking_dummy|wh2_main_effect_ability_enable_warp_lightning|1|character_to_character_own
node,warhammer_3,9.0,25507028,Skaven,skaven,wh2_main_sc_skv_skaven,Skreech Verminking,Skreech_Verminking,hero,wh3_dlc29_skv_skreech_verminking,champion,champion,wh3_dlc29_skv_clan_scruten,false,true,true,false,false,true,wh3_dlc29_lore_skreech_verminking,,wh3_dlc29_skill_node_set_skv_skreech_verminking,,1,champion,false,false,,,,wh3_dlc24_skill_generic_immortality_hero_unlocked,wh2_main_skill_all_immortality_hero,Immortality,"Who wants to live forever? As it turns out, most beings wouldn't say no…",character_wound_time.png,29,0,1,0,true,19,1,,,,,,,,,,,,,,,,,,,,,,,,,,,,,,,,,,,,,,,,,character_skill_nodes_tables,wh3_dlc24_skill_generic_immortality_hero_unlocked
skill_level,warhammer_3,9.0,25507028,Skaven,skaven,wh2_main_sc_skv_skaven,Skreech Verminking,Skreech_Verminking,hero,wh3_dlc29_skv_skreech_verminking,champion,champion,wh3_dlc29_skv_clan_scruten,false,true,true,false,false,true,wh3_dlc29_lore_skreech_verminking,,wh3_dlc29_skill_node_set_skv_skreech_verminking,,1,champion,false,false,,,,wh3_dlc24_skill_generic_immortality_hero_unlocked,wh2_main_skill_all_immortality_hero,Immortality,"Who wants to live forever? As it turns out, most beings wouldn't say no…",character_wound_time.png,29,0,1,0,true,19,1,1,Immortality,"Who wants to live forever? As it turns out, most beings wouldn't say no…",19,x,,,,,,,,,,,,,,,,,,,,,,,,,,,,,,,,,,,,character_skill_level_details_tables,wh2_main_skill_all_immortality_hero|1|||
effect,warhammer_3,9.0,25507028,Skaven,skaven,wh2_main_sc_skv_skaven,Skreech Verminking,Skreech_Verminking,hero,wh3_dlc29_skv_skreech_verminking,champion,champion,wh3_dlc29_skv_clan_scruten,false,true,true,false,false,true,wh3_dlc29_lore_skreech_verminking,,wh3_dlc29_skill_node_set_skv_skreech_verminking,,1,champion,false,false,,,,wh3_dlc24_skill_generic_immortality_hero_unlocked,wh2_main_skill_all_immortality_hero,Immortality,"Who wants to live forever? As it turns out, most beings wouldn't say no…",character_wound_time.png,29,0,1,0,true,19,1,1,Immortality,"Who wants to live forever? As it turns out, most beings wouldn't say no…",,,,,,wh2_main_effect_grant_immortality_hero,"When normally killed in action, this [[img:icon_hero]][[/img]]Hero will be wounded instead",,character_to_character_own,1,campaign,1,true,wound_time.png,wound_time.png,,,,,,,,,,,,,,,,,,,,,,,character_skill_level_to_effects_junctions_tables,wh2_main_skill_all_immortality_hero|wh2_main_effect_grant_immortality_hero|1|character_to_character_own
node,warhammer_3,9.0,25507028,Skaven,skaven,wh2_main_sc_skv_skaven,Skreech Verminking,Skreech_Verminking,hero,wh3_dlc29_skv_skreech_verminking,champion,champion,wh3_dlc29_skv_clan_scruten,false,true,true,false,false,true,wh3_dlc29_lore_skreech_verminking,,wh3_dlc29_skill_node_set_skv_skreech_verminking,,1,champion,false,false,,,,wh3_dlc24_skill_node_all_mentor_hero,wh3_main_skill_all_mentor_hero,{{tr:character_skills_localised_name_wh3_main_skill_all_mentor_lord}},{{tr:character_skills_localised_description_wh3_main_skill_all_mentor_lord}},character_experience.png,30,0,0,0,true,0,3,,,,,,,,,,,,,,,,,,,,,,,,,,,,,,,,,,,,,,,,,character_skill_nodes_tables,wh3_dlc24_skill_node_all_mentor_hero
skill_level,warhammer_3,9.0,25507028,Skaven,skaven,wh2_main_sc_skv_skaven,Skreech Verminking,Skreech_Verminking,hero,wh3_dlc29_skv_skreech_verminking,champion,champion,wh3_dlc29_skv_clan_scruten,false,true,true,false,false,true,wh3_dlc29_lore_skreech_verminking,,wh3_dlc29_skill_node_set_skv_skreech_verminking,,1,champion,false,false,,,,wh3_dlc24_skill_node_all_mentor_hero,wh3_main_skill_all_mentor_hero,{{tr:character_skills_localised_name_wh3_main_skill_all_mentor_lord}},{{tr:character_skills_localised_description_wh3_main_skill_all_mentor_lord}},character_experience.png,30,0,0,0,true,0,3,1,{{tr:character_skills_localised_name_wh3_main_skill_all_mentor_lord}},{{tr:character_skills_localised_description_wh3_main_skill_all_mentor_lord}},29,x,,,,,,,,,,,,,,,,,,,,,,,,,,,,,,,,,,,,character_skill_level_details_tables,wh3_main_skill_all_mentor_hero|1|||
skill_level,warhammer_3,9.0,25507028,Skaven,skaven,wh2_main_sc_skv_skaven,Skreech Verminking,Skreech_Verminking,hero,wh3_dlc29_skv_skreech_verminking,champion,champion,wh3_dlc29_skv_clan_scruten,false,true,true,false,false,true,wh3_dlc29_lore_skreech_verminking,,wh3_dlc29_skill_node_set_skv_skreech_verminking,,1,champion,false,false,,,,wh3_dlc24_skill_node_all_mentor_hero,wh3_main_skill_all_mentor_hero,{{tr:character_skills_localised_name_wh3_main_skill_all_mentor_lord}},{{tr:character_skills_localised_description_wh3_main_skill_all_mentor_lord}},character_experience.png,30,0,0,0,true,0,3,2,{{tr:character_skills_localised_name_wh3_main_skill_all_mentor_lord}},{{tr:character_skills_localised_description_wh3_main_skill_all_mentor_lord}},39,x,,,,,,,,,,,,,,,,,,,,,,,,,,,,,,,,,,,,character_skill_level_details_tables,wh3_main_skill_all_mentor_hero|2|||
skill_level,warhammer_3,9.0,25507028,Skaven,skaven,wh2_main_sc_skv_skaven,Skreech Verminking,Skreech_Verminking,hero,wh3_dlc29_skv_skreech_verminking,champion,champion,wh3_dlc29_skv_clan_scruten,false,true,true,false,false,true,wh3_dlc29_lore_skreech_verminking,,wh3_dlc29_skill_node_set_skv_skreech_verminking,,1,champion,false,false,,,,wh3_dlc24_skill_node_all_mentor_hero,wh3_main_skill_all_mentor_hero,{{tr:character_skills_localised_name_wh3_main_skill_all_mentor_lord}},{{tr:character_skills_localised_description_wh3_main_skill_all_mentor_lord}},character_experience.png,30,0,0,0,true,0,3,3,{{tr:character_skills_localised_name_wh3_main_skill_all_mentor_lord}},{{tr:character_skills_localised_description_wh3_main_skill_all_mentor_lord}},49,x,,,,,,,,,,,,,,,,,,,,,,,,,,,,,,,,,,,,character_skill_level_details_tables,wh3_main_skill_all_mentor_hero|3|||
effect,warhammer_3,9.0,25507028,Skaven,skaven,wh2_main_sc_skv_skaven,Skreech Verminking,Skreech_Verminking,hero,wh3_dlc29_skv_skreech_verminking,champion,champion,wh3_dlc29_skv_clan_scruten,false,true,true,false,false,true,wh3_dlc29_lore_skreech_verminking,,wh3_dlc29_skill_node_set_skv_skreech_verminking,,1,champion,false,false,,,,wh3_dlc24_skill_node_all_mentor_hero,wh3_main_skill_all_mentor_hero,{{tr:character_skills_localised_name_wh3_main_skill_all_mentor_lord}},{{tr:character_skills_localised_description_wh3_main_skill_all_mentor_lord}},character_experience.png,30,0,0,0,true,0,3,1,{{tr:character_skills_localised_name_wh3_main_skill_all_mentor_lord}},{{tr:character_skills_localised_description_wh3_main_skill_all_mentor_lord}},,,,,,wh3_main_effect_character_xp_share_generic_herotext,Character will share %+n% of experience earned between all other active [[img:icon_hero]][[/img]]Heroes of the same type,,character_to_character_own,15,campaign,10,true,experience.png,experience.png,,,,,,,,,,,,,,,,,,,,,,,character_skill_level_to_effects_junctions_tables,wh3_main_skill_all_mentor_hero|wh3_main_effect_character_xp_share_generic_herotext|1|character_to_character_own
effect,warhammer_3,9.0,25507028,Skaven,skaven,wh2_main_sc_skv_skaven,Skreech Verminking,Skreech_Verminking,hero,wh3_dlc29_skv_skreech_verminking,champion,champion,wh3_dlc29_skv_clan_scruten,false,true,true,false,false,true,wh3_dlc29_lore_skreech_verminking,,wh3_dlc29_skill_node_set_skv_skreech_verminking,,1,champion,false,false,,,,wh3_dlc24_skill_node_all_mentor_hero,wh3_main_skill_all_mentor_hero,{{tr:character_skills_localised_name_wh3_main_skill_all_mentor_lord}},{{tr:character_skills_localised_description_wh3_main_skill_all_mentor_lord}},character_experience.png,30,0,0,0,true,0,3,2,{{tr:character_skills_localised_name_wh3_main_skill_all_mentor_lord}},{{tr:character_skills_localised_description_wh3_main_skill_all_mentor_lord}},,,,,,wh3_main_effect_character_xp_share_generic_herotext,Character will share %+n% of experience earned between all other active [[img:icon_hero]][[/img]]Heroes of the same type,,character_to_character_own,30,campaign,10,true,experience.png,experience.png,,,,,,,,,,,,,,,,,,,,,,,character_skill_level_to_effects_junctions_tables,wh3_main_skill_all_mentor_hero|wh3_main_effect_character_xp_share_generic_herotext|2|character_to_character_own
effect,warhammer_3,9.0,25507028,Skaven,skaven,wh2_main_sc_skv_skaven,Skreech Verminking,Skreech_Verminking,hero,wh3_dlc29_skv_skreech_verminking,champion,champion,wh3_dlc29_skv_clan_scruten,false,true,true,false,false,true,wh3_dlc29_lore_skreech_verminking,,wh3_dlc29_skill_node_set_skv_skreech_verminking,,1,champion,false,false,,,,wh3_dlc24_skill_node_all_mentor_hero,wh3_main_skill_all_mentor_hero,{{tr:character_skills_localised_name_wh3_main_skill_all_mentor_lord}},{{tr:character_skills_localised_description_wh3_main_skill_all_mentor_lord}},character_experience.png,30,0,0,0,true,0,3,3,{{tr:character_skills_localised_name_wh3_main_skill_all_mentor_lord}},{{tr:character_skills_localised_description_wh3_main_skill_all_mentor_lord}},,,,,,wh3_main_effect_character_xp_share_generic_herotext,Character will share %+n% of experience earned between all other active [[img:icon_hero]][[/img]]Heroes of the same type,,character_to_character_own,50,campaign,10,true,experience.png,experience.png,,,,,,,,,,,,,,,,,,,,,,,character_skill_level_to_effects_junctions_tables,wh3_main_skill_all_mentor_hero|wh3_main_effect_character_xp_share_generic_herotext|3|character_to_character_own
prerequisite,warhammer_3,9.0,25507028,Skaven,skaven,wh2_main_sc_skv_skaven,Skreech Verminking,Skreech_Verminking,hero,wh3_dlc29_skv_skreech_verminking,champion,champion,wh3_dlc29_skv_clan_scruten,false,true,true,false,false,true,wh3_dlc29_lore_skreech_verminking,,wh3_dlc29_skill_node_set_skv_skreech_verminking,,1,champion,false,false,,,,wh3_dlc29_skill_node_skv_skreech_verminking_combat_1_1,wh2_main_skill_skv_combat_ruin_and_decay,Ruin & Decay,,,,,,,,,,,,,,,,,,,,,,,,,,,,wh3_dlc29_skill_node_skv_skreech_verminking_combat_0,wh2_main_skill_skv_combat_tail_weapon,Tail Weapon,wh3_dlc29_skill_node_skv_skreech_verminking_combat_1_1,wh2_main_skill_skv_combat_ruin_and_decay,Ruin & Decay,REQUIRED,0,1,1,0,0,,,,,,,,,,,character_skill_node_links_tables,wh3_dlc29_skill_node_skv_skreech_verminking_combat_0|wh3_dlc29_skill_node_skv_skreech_verminking_combat_1_1|REQUIRED
prerequisite,warhammer_3,9.0,25507028,Skaven,skaven,wh2_main_sc_skv_skaven,Skreech Verminking,Skreech_Verminking,hero,wh3_dlc29_skv_skreech_verminking,champion,champion,wh3_dlc29_skv_clan_scruten,false,true,true,false,false,true,wh3_dlc29_lore_skreech_verminking,,wh3_dlc29_skill_node_set_skv_skreech_verminking,,1,champion,false,false,,,,wh3_dlc29_skill_node_skv_skreech_verminking_combat_1_2,wh2_dlc11_skill_all_lord_self_thick-skinned,Thick-Skinned,,,,,,,,,,,,,,,,,,,,,,,,,,,,wh3_dlc29_skill_node_skv_skreech_verminking_combat_0,wh2_main_skill_skv_combat_tail_weapon,Tail Weapon,wh3_dlc29_skill_node_skv_skreech_verminking_combat_1_2,wh2_dlc11_skill_all_lord_self_thick-skinned,Thick-Skinned,REQUIRED,0,1,1,0,0,,,,,,,,,,,character_skill_node_links_tables,wh3_dlc29_skill_node_skv_skreech_verminking_combat_0|wh3_dlc29_skill_node_skv_skreech_verminking_combat_1_2|REQUIRED
prerequisite,warhammer_3,9.0,25507028,Skaven,skaven,wh2_main_sc_skv_skaven,Skreech Verminking,Skreech_Verminking,hero,wh3_dlc29_skv_skreech_verminking,champion,champion,wh3_dlc29_skv_clan_scruten,false,true,true,false,false,true,wh3_dlc29_lore_skreech_verminking,,wh3_dlc29_skill_node_set_skv_skreech_verminking,,1,champion,false,false,,,,wh3_dlc29_skill_node_skv_skreech_verminking_combat_1_3,wh2_dlc11_skill_all_lord_self_blade_master,{{tr:character_skills_localised_name_wh_main_skill_all_all_self_blade_master}},,,,,,,,,,,,,,,,,,,,,,,,,,,,wh3_dlc29_skill_node_skv_skreech_verminking_combat_0,wh2_main_skill_skv_combat_tail_weapon,Tail Weapon,wh3_dlc29_skill_node_skv_skreech_verminking_combat_1_3,wh2_dlc11_skill_all_lord_self_blade_master,{{tr:character_skills_localised_name_wh_main_skill_all_all_self_blade_master}},REQUIRED,0,1,1,0,0,,,,,,,,,,,character_skill_node_links_tables,wh3_dlc29_skill_node_skv_skreech_verminking_combat_0|wh3_dlc29_skill_node_skv_skreech_verminking_combat_1_3|REQUIRED
prerequisite,warhammer_3,9.0,25507028,Skaven,skaven,wh2_main_sc_skv_skaven,Skreech Verminking,Skreech_Verminking,hero,wh3_dlc29_skv_skreech_verminking,champion,champion,wh3_dlc29_skv_clan_scruten,false,true,true,false,false,true,wh3_dlc29_lore_skreech_verminking,,wh3_dlc29_skill_node_set_skv_skreech_verminking,,1,champion,false,false,,,,wh3_dlc29_skill_node_skv_skreech_verminking_combat_1_4,wh2_dlc11_skill_all_lord_self_self_indomitable,Indomitable,,,,,,,,,,,,,,,,,,,,,,,,,,,,wh3_dlc29_skill_node_skv_skreech_verminking_combat_0,wh2_main_skill_skv_combat_tail_weapon,Tail Weapon,wh3_dlc29_skill_node_skv_skreech_verminking_combat_1_4,wh2_dlc11_skill_all_lord_self_self_indomitable,Indomitable,REQUIRED,0,1,1,0,0,,,,,,,,,,,character_skill_node_links_tables,wh3_dlc29_skill_node_skv_skreech_verminking_combat_0|wh3_dlc29_skill_node_skv_skreech_verminking_combat_1_4|REQUIRED
prerequisite,warhammer_3,9.0,25507028,Skaven,skaven,wh2_main_sc_skv_skaven,Skreech Verminking,Skreech_Verminking,hero,wh3_dlc29_skv_skreech_verminking,champion,champion,wh3_dlc29_skv_clan_scruten,false,true,true,false,false,true,wh3_dlc29_lore_skreech_verminking,,wh3_dlc29_skill_node_set_skv_skreech_verminking,,1,champion,false,false,,,,wh3_dlc29_skill_node_skv_skreech_verminking_combat_2,wh3_dlc29_skill_verminlord_self_plaguereaper,Plaguereaper,,,,,,,,,,,,,,,,,,,,,,,,,,,,wh3_dlc29_skill_node_skv_skreech_verminking_combat_1_1,wh2_main_skill_skv_combat_ruin_and_decay,Ruin & Decay,wh3_dlc29_skill_node_skv_skreech_verminking_combat_2,wh3_dlc29_skill_verminlord_self_plaguereaper,Plaguereaper,SUBSET_REQUIRED,0,1,1,0,0,,,,,,,,,,,character_skill_node_links_tables,wh3_dlc29_skill_node_skv_skreech_verminking_combat_1_1|wh3_dlc29_skill_node_skv_skreech_verminking_combat_2|SUBSET_REQUIRED
prerequisite,warhammer_3,9.0,25507028,Skaven,skaven,wh2_main_sc_skv_skaven,Skreech Verminking,Skreech_Verminking,hero,wh3_dlc29_skv_skreech_verminking,champion,champion,wh3_dlc29_skv_clan_scruten,false,true,true,false,false,true,wh3_dlc29_lore_skreech_verminking,,wh3_dlc29_skill_node_set_skv_skreech_verminking,,1,champion,false,false,,,,wh3_dlc29_skill_node_skv_skreech_verminking_combat_2,wh3_dlc29_skill_verminlord_self_plaguereaper,Plaguereaper,,,,,,,,,,,,,,,,,,,,,,,,,,,,wh3_dlc29_skill_node_skv_skreech_verminking_combat_1_2,wh2_dlc11_skill_all_lord_self_thick-skinned,Thick-Skinned,wh3_dlc29_skill_node_skv_skreech_verminking_combat_2,wh3_dlc29_skill_verminlord_self_plaguereaper,Plaguereaper,SUBSET_REQUIRED,0,1,1,0,0,,,,,,,,,,,character_skill_node_links_tables,wh3_dlc29_skill_node_skv_skreech_verminking_combat_1_2|wh3_dlc29_skill_node_skv_skreech_verminking_combat_2|SUBSET_REQUIRED
prerequisite,warhammer_3,9.0,25507028,Skaven,skaven,wh2_main_sc_skv_skaven,Skreech Verminking,Skreech_Verminking,hero,wh3_dlc29_skv_skreech_verminking,champion,champion,wh3_dlc29_skv_clan_scruten,false,true,true,false,false,true,wh3_dlc29_lore_skreech_verminking,,wh3_dlc29_skill_node_set_skv_skreech_verminking,,1,champion,false,false,,,,wh3_dlc29_skill_node_skv_skreech_verminking_combat_2,wh3_dlc29_skill_verminlord_self_plaguereaper,Plaguereaper,,,,,,,,,,,,,,,,,,,,,,,,,,,,wh3_dlc29_skill_node_skv_skreech_verminking_combat_1_3,wh2_dlc11_skill_all_lord_self_blade_master,{{tr:character_skills_localised_name_wh_main_skill_all_all_self_blade_master}},wh3_dlc29_skill_node_skv_skreech_verminking_combat_2,wh3_dlc29_skill_verminlord_self_plaguereaper,Plaguereaper,SUBSET_REQUIRED,0,1,1,0,0,,,,,,,,,,,character_skill_node_links_tables,wh3_dlc29_skill_node_skv_skreech_verminking_combat_1_3|wh3_dlc29_skill_node_skv_skreech_verminking_combat_2|SUBSET_REQUIRED
prerequisite,warhammer_3,9.0,25507028,Skaven,skaven,wh2_main_sc_skv_skaven,Skreech Verminking,Skreech_Verminking,hero,wh3_dlc29_skv_skreech_verminking,champion,champion,wh3_dlc29_skv_clan_scruten,false,true,true,false,false,true,wh3_dlc29_lore_skreech_verminking,,wh3_dlc29_skill_node_set_skv_skreech_verminking,,1,champion,false,false,,,,wh3_dlc29_skill_node_skv_skreech_verminking_combat_2,wh3_dlc29_skill_verminlord_self_plaguereaper,Plaguereaper,,,,,,,,,,,,,,,,,,,,,,,,,,,,wh3_dlc29_skill_node_skv_skreech_verminking_combat_1_4,wh2_dlc11_skill_all_lord_self_self_indomitable,Indomitable,wh3_dlc29_skill_node_skv_skreech_verminking_combat_2,wh3_dlc29_skill_verminlord_self_plaguereaper,Plaguereaper,SUBSET_REQUIRED,0,1,1,0,0,,,,,,,,,,,character_skill_node_links_tables,wh3_dlc29_skill_node_skv_skreech_verminking_combat_1_4|wh3_dlc29_skill_node_skv_skreech_verminking_combat_2|SUBSET_REQUIRED
prerequisite,warhammer_3,9.0,25507028,Skaven,skaven,wh2_main_sc_skv_skaven,Skreech Verminking,Skreech_Verminking,hero,wh3_dlc29_skv_skreech_verminking,champion,champion,wh3_dlc29_skv_clan_scruten,false,true,true,false,false,true,wh3_dlc29_lore_skreech_verminking,,wh3_dlc29_skill_node_set_skv_skreech_verminking,,1,champion,false,false,,,,wh3_dlc29_skill_node_skv_skreech_verminking_combat_3_1,wh2_dlc11_skill_all_lord_self_wound-maker,{{tr:character_skills_localised_name_wh_main_skill_all_all_self_wound-maker}},,,,,,,,,,,,,,,,,,,,,,,,,,,,wh3_dlc29_skill_node_skv_skreech_verminking_combat_2,wh3_dlc29_skill_verminlord_self_plaguereaper,Plaguereaper,wh3_dlc29_skill_node_skv_skreech_verminking_combat_3_1,wh2_dlc11_skill_all_lord_self_wound-maker,{{tr:character_skills_localised_name_wh_main_skill_all_all_self_wound-maker}},REQUIRED,0,1,1,0,0,,,,,,,,,,,character_skill_node_links_tables,wh3_dlc29_skill_node_skv_skreech_verminking_combat_2|wh3_dlc29_skill_node_skv_skreech_verminking_combat_3_1|REQUIRED
prerequisite,warhammer_3,9.0,25507028,Skaven,skaven,wh2_main_sc_skv_skaven,Skreech Verminking,Skreech_Verminking,hero,wh3_dlc29_skv_skreech_verminking,champion,champion,wh3_dlc29_skv_clan_scruten,false,true,true,false,false,true,wh3_dlc29_lore_skreech_verminking,,wh3_dlc29_skill_node_set_skv_skreech_verminking,,1,champion,false,false,,,,wh3_dlc29_skill_node_skv_skreech_verminking_combat_3_2,wh2_dlc11_skill_all_lord_self_scarred_veteran,{{tr:character_skills_localised_name_wh_main_skill_all_all_self_scarred_veteran}},,,,,,,,,,,,,,,,,,,,,,,,,,,,wh3_dlc29_skill_node_skv_skreech_verminking_combat_2,wh3_dlc29_skill_verminlord_self_plaguereaper,Plaguereaper,wh3_dlc29_skill_node_skv_skreech_verminking_combat_3_2,wh2_dlc11_skill_all_lord_self_scarred_veteran,{{tr:character_skills_localised_name_wh_main_skill_all_all_self_scarred_veteran}},REQUIRED,0,1,1,0,0,,,,,,,,,,,character_skill_node_links_tables,wh3_dlc29_skill_node_skv_skreech_verminking_combat_2|wh3_dlc29_skill_node_skv_skreech_verminking_combat_3_2|REQUIRED
prerequisite,warhammer_3,9.0,25507028,Skaven,skaven,wh2_main_sc_skv_skaven,Skreech Verminking,Skreech_Verminking,hero,wh3_dlc29_skv_skreech_verminking,champion,champion,wh3_dlc29_skv_clan_scruten,false,true,true,false,false,true,wh3_dlc29_lore_skreech_verminking,,wh3_dlc29_skill_node_set_skv_skreech_verminking,,1,champion,false,false,,,,wh3_dlc29_skill_node_skv_skreech_verminking_combat_3_3,wh2_dlc11_skill_all_lord_self_blade_shield,Blade Shield,,,,,,,,,,,,,,,,,,,,,,,,,,,,wh3_dlc29_skill_node_skv_skreech_verminking_combat_2,wh3_dlc29_skill_verminlord_self_plaguereaper,Plaguereaper,wh3_dlc29_skill_node_skv_skreech_verminking_combat_3_3,wh2_dlc11_skill_all_lord_self_blade_shield,Blade Shield,REQUIRED,0,1,1,0,0,,,,,,,,,,,character_skill_node_links_tables,wh3_dlc29_skill_node_skv_skreech_verminking_combat_2|wh3_dlc29_skill_node_skv_skreech_verminking_combat_3_3|REQUIRED
prerequisite,warhammer_3,9.0,25507028,Skaven,skaven,wh2_main_sc_skv_skaven,Skreech Verminking,Skreech_Verminking,hero,wh3_dlc29_skv_skreech_verminking,champion,champion,wh3_dlc29_skv_clan_scruten,false,true,true,false,false,true,wh3_dlc29_lore_skreech_verminking,,wh3_dlc29_skill_node_set_skv_skreech_verminking,,1,champion,false,false,,,,wh3_dlc29_skill_node_skv_skreech_verminking_combat_3_4,wh2_dlc11_skill_wef_lord_self_expeditious_endeavour,Expeditious Endeavour,,,,,,,,,,,,,,,,,,,,,,,,,,,,wh3_dlc29_skill_node_skv_skreech_verminking_combat_2,wh3_dlc29_skill_verminlord_self_plaguereaper,Plaguereaper,wh3_dlc29_skill_node_skv_skreech_verminking_combat_3_4,wh2_dlc11_skill_wef_lord_self_expeditious_endeavour,Expeditious Endeavour,REQUIRED,0,1,1,0,0,,,,,,,,,,,character_skill_node_links_tables,wh3_dlc29_skill_node_skv_skreech_verminking_combat_2|wh3_dlc29_skill_node_skv_skreech_verminking_combat_3_4|REQUIRED
prerequisite,warhammer_3,9.0,25507028,Skaven,skaven,wh2_main_sc_skv_skaven,Skreech Verminking,Skreech_Verminking,hero,wh3_dlc29_skv_skreech_verminking,champion,champion,wh3_dlc29_skv_clan_scruten,false,true,true,false,false,true,wh3_dlc29_lore_skreech_verminking,,wh3_dlc29_skill_node_set_skv_skreech_verminking,,1,champion,false,false,,,,wh3_dlc29_skill_node_skv_skreech_verminking_combat_4,wh3_dlc29_skill_verminlord_self_doomglaive,Doom Glaive,,,,,,,,,,,,,,,,,,,,,,,,,,,,wh3_dlc29_skill_node_skv_skreech_verminking_combat_3_1,wh2_dlc11_skill_all_lord_self_wound-maker,{{tr:character_skills_localised_name_wh_main_skill_all_all_self_wound-maker}},wh3_dlc29_skill_node_skv_skreech_verminking_combat_4,wh3_dlc29_skill_verminlord_self_doomglaive,Doom Glaive,SUBSET_REQUIRED,0,1,1,0,0,,,,,,,,,,,character_skill_node_links_tables,wh3_dlc29_skill_node_skv_skreech_verminking_combat_3_1|wh3_dlc29_skill_node_skv_skreech_verminking_combat_4|SUBSET_REQUIRED
prerequisite,warhammer_3,9.0,25507028,Skaven,skaven,wh2_main_sc_skv_skaven,Skreech Verminking,Skreech_Verminking,hero,wh3_dlc29_skv_skreech_verminking,champion,champion,wh3_dlc29_skv_clan_scruten,false,true,true,false,false,true,wh3_dlc29_lore_skreech_verminking,,wh3_dlc29_skill_node_set_skv_skreech_verminking,,1,champion,false,false,,,,wh3_dlc29_skill_node_skv_skreech_verminking_combat_4,wh3_dlc29_skill_verminlord_self_doomglaive,Doom Glaive,,,,,,,,,,,,,,,,,,,,,,,,,,,,wh3_dlc29_skill_node_skv_skreech_verminking_combat_3_2,wh2_dlc11_skill_all_lord_self_scarred_veteran,{{tr:character_skills_localised_name_wh_main_skill_all_all_self_scarred_veteran}},wh3_dlc29_skill_node_skv_skreech_verminking_combat_4,wh3_dlc29_skill_verminlord_self_doomglaive,Doom Glaive,SUBSET_REQUIRED,0,1,1,0,0,,,,,,,,,,,character_skill_node_links_tables,wh3_dlc29_skill_node_skv_skreech_verminking_combat_3_2|wh3_dlc29_skill_node_skv_skreech_verminking_combat_4|SUBSET_REQUIRED
prerequisite,warhammer_3,9.0,25507028,Skaven,skaven,wh2_main_sc_skv_skaven,Skreech Verminking,Skreech_Verminking,hero,wh3_dlc29_skv_skreech_verminking,champion,champion,wh3_dlc29_skv_clan_scruten,false,true,true,false,false,true,wh3_dlc29_lore_skreech_verminking,,wh3_dlc29_skill_node_set_skv_skreech_verminking,,1,champion,false,false,,,,wh3_dlc29_skill_node_skv_skreech_verminking_combat_4,wh3_dlc29_skill_verminlord_self_doomglaive,Doom Glaive,,,,,,,,,,,,,,,,,,,,,,,,,,,,wh3_dlc29_skill_node_skv_skreech_verminking_combat_3_3,wh2_dlc11_skill_all_lord_self_blade_shield,Blade Shield,wh3_dlc29_skill_node_skv_skreech_verminking_combat_4,wh3_dlc29_skill_verminlord_self_doomglaive,Doom Glaive,SUBSET_REQUIRED,0,1,1,0,0,,,,,,,,,,,character_skill_node_links_tables,wh3_dlc29_skill_node_skv_skreech_verminking_combat_3_3|wh3_dlc29_skill_node_skv_skreech_verminking_combat_4|SUBSET_REQUIRED
prerequisite,warhammer_3,9.0,25507028,Skaven,skaven,wh2_main_sc_skv_skaven,Skreech Verminking,Skreech_Verminking,hero,wh3_dlc29_skv_skreech_verminking,champion,champion,wh3_dlc29_skv_clan_scruten,false,true,true,false,false,true,wh3_dlc29_lore_skreech_verminking,,wh3_dlc29_skill_node_set_skv_skreech_verminking,,1,champion,false,false,,,,wh3_dlc29_skill_node_skv_skreech_verminking_combat_4,wh3_dlc29_skill_verminlord_self_doomglaive,Doom Glaive,,,,,,,,,,,,,,,,,,,,,,,,,,,,wh3_dlc29_skill_node_skv_skreech_verminking_combat_3_4,wh2_dlc11_skill_wef_lord_self_expeditious_endeavour,Expeditious Endeavour,wh3_dlc29_skill_node_skv_skreech_verminking_combat_4,wh3_dlc29_skill_verminlord_self_doomglaive,Doom Glaive,SUBSET_REQUIRED,0,1,1,0,0,,,,,,,,,,,character_skill_node_links_tables,wh3_dlc29_skill_node_skv_skreech_verminking_combat_3_4|wh3_dlc29_skill_node_skv_skreech_verminking_combat_4|SUBSET_REQUIRED
prerequisite,warhammer_3,9.0,25507028,Skaven,skaven,wh2_main_sc_skv_skaven,Skreech Verminking,Skreech_Verminking,hero,wh3_dlc29_skv_skreech_verminking,champion,champion,wh3_dlc29_skv_clan_scruten,false,true,true,false,false,true,wh3_dlc29_lore_skreech_verminking,,wh3_dlc29_skill_node_set_skv_skreech_verminking,,1,champion,false,false,,,,wh3_dlc29_skill_node_skv_skreech_verminking_magic_1_1,wh2_main_skill_all_magic_ruin_03_lore_attribute,Musk of Fear,,,,,,,,,,,,,,,,,,,,,,,,,,,,wh3_dlc29_skill_node_skv_skreech_verminking_magic_0,wh2_main_skill_all_magic_ruin_01_warp_lightning,Warp Lightning,wh3_dlc29_skill_node_skv_skreech_verminking_magic_1_1,wh2_main_skill_all_magic_ruin_03_lore_attribute,Musk of Fear,REQUIRED,0,1,1,0,0,,,,,,,,,,,character_skill_node_links_tables,wh3_dlc29_skill_node_skv_skreech_verminking_magic_0|wh3_dlc29_skill_node_skv_skreech_verminking_magic_1_1|REQUIRED
prerequisite,warhammer_3,9.0,25507028,Skaven,skaven,wh2_main_sc_skv_skaven,Skreech Verminking,Skreech_Verminking,hero,wh3_dlc29_skv_skreech_verminking,champion,champion,wh3_dlc29_skv_clan_scruten,false,true,true,false,false,true,wh3_dlc29_lore_skreech_verminking,,wh3_dlc29_skill_node_set_skv_skreech_verminking,,1,champion,false,false,,,,wh3_dlc29_skill_node_skv_skreech_verminking_magic_1_2,wh2_dlc14_skill_all_magic_stealth_03_skitterleap,Skitterleap,,,,,,,,,,,,,,,,,,,,,,,,,,,,wh3_dlc29_skill_node_skv_skreech_verminking_magic_0,wh2_main_skill_all_magic_ruin_01_warp_lightning,Warp Lightning,wh3_dlc29_skill_node_skv_skreech_verminking_magic_1_2,wh2_dlc14_skill_all_magic_stealth_03_skitterleap,Skitterleap,REQUIRED,0,1,1,0,0,,,,,,,,,,,character_skill_node_links_tables,wh3_dlc29_skill_node_skv_skreech_verminking_magic_0|wh3_dlc29_skill_node_skv_skreech_verminking_magic_1_2|REQUIRED
prerequisite,warhammer_3,9.0,25507028,Skaven,skaven,wh2_main_sc_skv_skaven,Skreech Verminking,Skreech_Verminking,hero,wh3_dlc29_skv_skreech_verminking,champion,champion,wh3_dlc29_skv_clan_scruten,false,true,true,false,false,true,wh3_dlc29_lore_skreech_verminking,,wh3_dlc29_skill_node_set_skv_skreech_verminking,,1,champion,false,false,,,,wh3_dlc29_skill_node_skv_skreech_verminking_magic_1_3,wh2_main_skill_all_magic_ruin_04_death_frenzy_lord,Death Frenzy,,,,,,,,,,,,,,,,,,,,,,,,,,,,wh3_dlc29_skill_node_skv_skreech_verminking_magic_0,wh2_main_skill_all_magic_ruin_01_warp_lightning,Warp Lightning,wh3_dlc29_skill_node_skv_skreech_verminking_magic_1_3,wh2_main_skill_all_magic_ruin_04_death_frenzy_lord,Death Frenzy,REQUIRED,0,1,1,0,0,,,,,,,,,,,character_skill_node_links_tables,wh3_dlc29_skill_node_skv_skreech_verminking_magic_0|wh3_dlc29_skill_node_skv_skreech_verminking_magic_1_3|REQUIRED
prerequisite,warhammer_3,9.0,25507028,Skaven,skaven,wh2_main_sc_skv_skaven,Skreech Verminking,Skreech_Verminking,hero,wh3_dlc29_skv_skreech_verminking,champion,champion,wh3_dlc29_skv_clan_scruten,false,true,true,false,false,true,wh3_dlc29_lore_skreech_verminking,,wh3_dlc29_skill_node_set_skv_skreech_verminking,,1,champion,false,false,,,,wh3_dlc29_skill_node_skv_skreech_verminking_magic_1_4,wh2_main_skill_all_magic_plague_05_vermintide_lord,Vermintide,,,,,,,,,,,,,,,,,,,,,,,,,,,,wh3_dlc29_skill_node_skv_skreech_verminking_magic_0,wh2_main_skill_all_magic_ruin_01_warp_lightning,Warp Lightning,wh3_dlc29_skill_node_skv_skreech_verminking_magic_1_4,wh2_main_skill_all_magic_plague_05_vermintide_lord,Vermintide,REQUIRED,0,1,1,0,0,,,,,,,,,,,character_skill_node_links_tables,wh3_dlc29_skill_node_skv_skreech_verminking_magic_0|wh3_dlc29_skill_node_skv_skreech_verminking_magic_1_4|REQUIRED
prerequisite,warhammer_3,9.0,25507028,Skaven,skaven,wh2_main_sc_skv_skaven,Skreech Verminking,Skreech_Verminking,hero,wh3_dlc29_skv_skreech_verminking,champion,champion,wh3_dlc29_skv_clan_scruten,false,true,true,false,false,true,wh3_dlc29_lore_skreech_verminking,,wh3_dlc29_skill_node_set_skv_skreech_verminking,,1,champion,false,false,,,,wh3_dlc29_skill_node_skv_skreech_verminking_magic_2,wh_main_skill_all_magic_all_06_evasion,Evasion,,,,,,,,,,,,,,,,,,,,,,,,,,,,wh3_dlc29_skill_node_skv_skreech_verminking_magic_1_1,wh2_main_skill_all_magic_ruin_03_lore_attribute,Musk of Fear,wh3_dlc29_skill_node_skv_skreech_verminking_magic_2,wh_main_skill_all_magic_all_06_evasion,Evasion,SUBSET_REQUIRED,0,1,1,0,0,,,,,,,,,,,character_skill_node_links_tables,wh3_dlc29_skill_node_skv_skreech_verminking_magic_1_1|wh3_dlc29_skill_node_skv_skreech_verminking_magic_2|SUBSET_REQUIRED
prerequisite,warhammer_3,9.0,25507028,Skaven,skaven,wh2_main_sc_skv_skaven,Skreech Verminking,Skreech_Verminking,hero,wh3_dlc29_skv_skreech_verminking,champion,champion,wh3_dlc29_skv_clan_scruten,false,true,true,false,false,true,wh3_dlc29_lore_skreech_verminking,,wh3_dlc29_skill_node_set_skv_skreech_verminking,,1,champion,false,false,,,,wh3_dlc29_skill_node_skv_skreech_verminking_magic_2,wh_main_skill_all_magic_all_06_evasion,Evasion,,,,,,,,,,,,,,,,,,,,,,,,,,,,wh3_dlc29_skill_node_skv_skreech_verminking_magic_1_2,wh2_dlc14_skill_all_magic_stealth_03_skitterleap,Skitterleap,wh3_dlc29_skill_node_skv_skreech_verminking_magic_2,wh_main_skill_all_magic_all_06_evasion,Evasion,SUBSET_REQUIRED,0,1,1,0,0,,,,,,,,,,,character_skill_node_links_tables,wh3_dlc29_skill_node_skv_skreech_verminking_magic_1_2|wh3_dlc29_skill_node_skv_skreech_verminking_magic_2|SUBSET_REQUIRED
prerequisite,warhammer_3,9.0,25507028,Skaven,skaven,wh2_main_sc_skv_skaven,Skreech Verminking,Skreech_Verminking,hero,wh3_dlc29_skv_skreech_verminking,champion,champion,wh3_dlc29_skv_clan_scruten,false,true,true,false,false,true,wh3_dlc29_lore_skreech_verminking,,wh3_dlc29_skill_node_set_skv_skreech_verminking,,1,champion,false,false,,,,wh3_dlc29_skill_node_skv_skreech_verminking_magic_2,wh_main_skill_all_magic_all_06_evasion,Evasion,,,,,,,,,,,,,,,,,,,,,,,,,,,,wh3_dlc29_skill_node_skv_skreech_verminking_magic_1_3,wh2_main_skill_all_magic_ruin_04_death_frenzy_lord,Death Frenzy,wh3_dlc29_skill_node_skv_skreech_verminking_magic_2,wh_main_skill_all_magic_all_06_evasion,Evasion,SUBSET_REQUIRED,0,1,1,0,0,,,,,,,,,,,character_skill_node_links_tables,wh3_dlc29_skill_node_skv_skreech_verminking_magic_1_3|wh3_dlc29_skill_node_skv_skreech_verminking_magic_2|SUBSET_REQUIRED
prerequisite,warhammer_3,9.0,25507028,Skaven,skaven,wh2_main_sc_skv_skaven,Skreech Verminking,Skreech_Verminking,hero,wh3_dlc29_skv_skreech_verminking,champion,champion,wh3_dlc29_skv_clan_scruten,false,true,true,false,false,true,wh3_dlc29_lore_skreech_verminking,,wh3_dlc29_skill_node_set_skv_skreech_verminking,,1,champion,false,false,,,,wh3_dlc29_skill_node_skv_skreech_verminking_magic_2,wh_main_skill_all_magic_all_06_evasion,Evasion,,,,,,,,,,,,,,,,,,,,,,,,,,,,wh3_dlc29_skill_node_skv_skreech_verminking_magic_1_4,wh2_main_skill_all_magic_plague_05_vermintide_lord,Vermintide,wh3_dlc29_skill_node_skv_skreech_verminking_magic_2,wh_main_skill_all_magic_all_06_evasion,Evasion,SUBSET_REQUIRED,0,1,1,0,0,,,,,,,,,,,character_skill_node_links_tables,wh3_dlc29_skill_node_skv_skreech_verminking_magic_1_4|wh3_dlc29_skill_node_skv_skreech_verminking_magic_2|SUBSET_REQUIRED
prerequisite,warhammer_3,9.0,25507028,Skaven,skaven,wh2_main_sc_skv_skaven,Skreech Verminking,Skreech_Verminking,hero,wh3_dlc29_skv_skreech_verminking,champion,champion,wh3_dlc29_skv_clan_scruten,false,true,true,false,false,true,wh3_dlc29_lore_skreech_verminking,,wh3_dlc29_skill_node_set_skv_skreech_verminking,,1,champion,false,false,,,,wh3_dlc29_skill_node_skv_skreech_verminking_magic_3_1,wh2_main_skill_all_magic_plague_09_plague_lord,Plague,,,,,,,,,,,,,,,,,,,,,,,,,,,,wh3_dlc29_skill_node_skv_skreech_verminking_magic_2,wh_main_skill_all_magic_all_06_evasion,Evasion,wh3_dlc29_skill_node_skv_skreech_verminking_magic_3_1,wh2_main_skill_all_magic_plague_09_plague_lord,Plague,REQUIRED,0,1,1,0,0,,,,,,,,,,,character_skill_node_links_tables,wh3_dlc29_skill_node_skv_skreech_verminking_magic_2|wh3_dlc29_skill_node_skv_skreech_verminking_magic_3_1|REQUIRED
prerequisite,warhammer_3,9.0,25507028,Skaven,skaven,wh2_main_sc_skv_skaven,Skreech Verminking,Skreech_Verminking,hero,wh3_dlc29_skv_skreech_verminking,champion,champion,wh3_dlc29_skv_clan_scruten,false,true,true,false,false,true,wh3_dlc29_lore_skreech_verminking,,wh3_dlc29_skill_node_set_skv_skreech_verminking,,1,champion,false,false,,,,wh3_dlc29_skill_node_skv_skreech_verminking_magic_3_2,wh2_main_skill_all_magic_ruin_09_cracks_call_lord,Cracks Call,,,,,,,,,,,,,,,,,,,,,,,,,,,,wh3_dlc29_skill_node_skv_skreech_verminking_magic_2,wh_main_skill_all_magic_all_06_evasion,Evasion,wh3_dlc29_skill_node_skv_skreech_verminking_magic_3_2,wh2_main_skill_all_magic_ruin_09_cracks_call_lord,Cracks Call,REQUIRED,0,1,1,0,0,,,,,,,,,,,character_skill_node_links_tables,wh3_dlc29_skill_node_skv_skreech_verminking_magic_2|wh3_dlc29_skill_node_skv_skreech_verminking_magic_3_2|REQUIRED
prerequisite,warhammer_3,9.0,25507028,Skaven,skaven,wh2_main_sc_skv_skaven,Skreech Verminking,Skreech_Verminking,hero,wh3_dlc29_skv_skreech_verminking,champion,champion,wh3_dlc29_skv_clan_scruten,false,true,true,false,false,true,wh3_dlc29_lore_skreech_verminking,,wh3_dlc29_skill_node_set_skv_skreech_verminking,,1,champion,false,false,,,,wh3_dlc29_skill_node_skv_skreech_verminking_magic_3_3,wh_main_skill_all_magic_all_07_earthing,Earthing,,,,,,,,,,,,,,,,,,,,,,,,,,,,wh3_dlc29_skill_node_skv_skreech_verminking_magic_2,wh_main_skill_all_magic_all_06_evasion,Evasion,wh3_dlc29_skill_node_skv_skreech_verminking_magic_3_3,wh_main_skill_all_magic_all_07_earthing,Earthing,REQUIRED,0,1,1,0,0,,,,,,,,,,,character_skill_node_links_tables,wh3_dlc29_skill_node_skv_skreech_verminking_magic_2|wh3_dlc29_skill_node_skv_skreech_verminking_magic_3_3|REQUIRED
prerequisite,warhammer_3,9.0,25507028,Skaven,skaven,wh2_main_sc_skv_skaven,Skreech Verminking,Skreech_Verminking,hero,wh3_dlc29_skv_skreech_verminking,champion,champion,wh3_dlc29_skv_clan_scruten,false,true,true,false,false,true,wh3_dlc29_lore_skreech_verminking,,wh3_dlc29_skill_node_set_skv_skreech_verminking,,1,champion,false,false,,,,wh3_dlc29_skill_node_skv_skreech_verminking_magic_3_4,wh_main_skill_all_magic_all_08_power_drain,Magical Reserves,,,,,,,,,,,,,,,,,,,,,,,,,,,,wh3_dlc29_skill_node_skv_skreech_verminking_magic_2,wh_main_skill_all_magic_all_06_evasion,Evasion,wh3_dlc29_skill_node_skv_skreech_verminking_magic_3_4,wh_main_skill_all_magic_all_08_power_drain,Magical Reserves,REQUIRED,0,1,1,0,0,,,,,,,,,,,character_skill_node_links_tables,wh3_dlc29_skill_node_skv_skreech_verminking_magic_2|wh3_dlc29_skill_node_skv_skreech_verminking_magic_3_4|REQUIRED
prerequisite,warhammer_3,9.0,25507028,Skaven,skaven,wh2_main_sc_skv_skaven,Skreech Verminking,Skreech_Verminking,hero,wh3_dlc29_skv_skreech_verminking,champion,champion,wh3_dlc29_skv_clan_scruten,false,true,true,false,false,true,wh3_dlc29_lore_skreech_verminking,,wh3_dlc29_skill_node_set_skv_skreech_verminking,,1,champion,false,false,,,,wh3_dlc29_skill_node_skv_skreech_verminking_magic_4,wh_main_skill_all_magic_all_11_arcane_conduit,Arcane Conduit,,,,,,,,,,,,,,,,,,,,,,,,,,,,wh3_dlc29_skill_node_skv_skreech_verminking_magic_3_1,wh2_main_skill_all_magic_plague_09_plague_lord,Plague,wh3_dlc29_skill_node_skv_skreech_verminking_magic_4,wh_main_skill_all_magic_all_11_arcane_conduit,Arcane Conduit,SUBSET_REQUIRED,0,1,1,0,0,,,,,,,,,,,character_skill_node_links_tables,wh3_dlc29_skill_node_skv_skreech_verminking_magic_3_1|wh3_dlc29_skill_node_skv_skreech_verminking_magic_4|SUBSET_REQUIRED
prerequisite,warhammer_3,9.0,25507028,Skaven,skaven,wh2_main_sc_skv_skaven,Skreech Verminking,Skreech_Verminking,hero,wh3_dlc29_skv_skreech_verminking,champion,champion,wh3_dlc29_skv_clan_scruten,false,true,true,false,false,true,wh3_dlc29_lore_skreech_verminking,,wh3_dlc29_skill_node_set_skv_skreech_verminking,,1,champion,false,false,,,,wh3_dlc29_skill_node_skv_skreech_verminking_magic_4,wh_main_skill_all_magic_all_11_arcane_conduit,Arcane Conduit,,,,,,,,,,,,,,,,,,,,,,,,,,,,wh3_dlc29_skill_node_skv_skreech_verminking_magic_3_2,wh2_main_skill_all_magic_ruin_09_cracks_call_lord,Cracks Call,wh3_dlc29_skill_node_skv_skreech_verminking_magic_4,wh_main_skill_all_magic_all_11_arcane_conduit,Arcane Conduit,SUBSET_REQUIRED,0,1,1,0,0,,,,,,,,,,,character_skill_node_links_tables,wh3_dlc29_skill_node_skv_skreech_verminking_magic_3_2|wh3_dlc29_skill_node_skv_skreech_verminking_magic_4|SUBSET_REQUIRED
prerequisite,warhammer_3,9.0,25507028,Skaven,skaven,wh2_main_sc_skv_skaven,Skreech Verminking,Skreech_Verminking,hero,wh3_dlc29_skv_skreech_verminking,champion,champion,wh3_dlc29_skv_clan_scruten,false,true,true,false,false,true,wh3_dlc29_lore_skreech_verminking,,wh3_dlc29_skill_node_set_skv_skreech_verminking,,1,champion,false,false,,,,wh3_dlc29_skill_node_skv_skreech_verminking_magic_4,wh_main_skill_all_magic_all_11_arcane_conduit,Arcane Conduit,,,,,,,,,,,,,,,,,,,,,,,,,,,,wh3_dlc29_skill_node_skv_skreech_verminking_magic_3_3,wh_main_skill_all_magic_all_07_earthing,Earthing,wh3_dlc29_skill_node_skv_skreech_verminking_magic_4,wh_main_skill_all_magic_all_11_arcane_conduit,Arcane Conduit,SUBSET_REQUIRED,0,1,1,0,0,,,,,,,,,,,character_skill_node_links_tables,wh3_dlc29_skill_node_skv_skreech_verminking_magic_3_3|wh3_dlc29_skill_node_skv_skreech_verminking_magic_4|SUBSET_REQUIRED
prerequisite,warhammer_3,9.0,25507028,Skaven,skaven,wh2_main_sc_skv_skaven,Skreech Verminking,Skreech_Verminking,hero,wh3_dlc29_skv_skreech_verminking,champion,champion,wh3_dlc29_skv_clan_scruten,false,true,true,false,false,true,wh3_dlc29_lore_skreech_verminking,,wh3_dlc29_skill_node_set_skv_skreech_verminking,,1,champion,false,false,,,,wh3_dlc29_skill_node_skv_skreech_verminking_magic_4,wh_main_skill_all_magic_all_11_arcane_conduit,Arcane Conduit,,,,,,,,,,,,,,,,,,,,,,,,,,,,wh3_dlc29_skill_node_skv_skreech_verminking_magic_3_4,wh_main_skill_all_magic_all_08_power_drain,Magical Reserves,wh3_dlc29_skill_node_skv_skreech_verminking_magic_4,wh_main_skill_all_magic_all_11_arcane_conduit,Arcane Conduit,SUBSET_REQUIRED,0,1,1,0,0,,,,,,,,,,,character_skill_node_links_tables,wh3_dlc29_skill_node_skv_skreech_verminking_magic_3_4|wh3_dlc29_skill_node_skv_skreech_verminking_magic_4|SUBSET_REQUIRED
prerequisite,warhammer_3,9.0,25507028,Skaven,skaven,wh2_main_sc_skv_skaven,Skreech Verminking,Skreech_Verminking,hero,wh3_dlc29_skv_skreech_verminking,champion,champion,wh3_dlc29_skv_clan_scruten,false,true,true,false,false,true,wh3_dlc29_lore_skreech_verminking,,wh3_dlc29_skill_node_set_skv_skreech_verminking,,1,champion,false,false,,,,wh3_dlc29_skill_node_skv_skreech_verminking_unique_1,wh3_dlc29_skill_skv_skreech_verminking_unique_1,The Horned Rat's Watchers,,,,,,,,,,,,,,,,,,,,,,,,,,,,wh3_dlc29_skill_node_skv_skreech_verminking_unique_0,wh3_dlc29_skill_skv_skreech_verminking_unique_0,Master of Ruin,wh3_dlc29_skill_node_skv_skreech_verminking_unique_1,wh3_dlc29_skill_skv_skreech_verminking_unique_1,The Horned Rat's Watchers,REQUIRED,0,1,1,0,0,,,,,,,,,,,character_skill_node_links_tables,wh3_dlc29_skill_node_skv_skreech_verminking_unique_0|wh3_dlc29_skill_node_skv_skreech_verminking_unique_1|REQUIRED
prerequisite,warhammer_3,9.0,25507028,Skaven,skaven,wh2_main_sc_skv_skaven,Skreech Verminking,Skreech_Verminking,hero,wh3_dlc29_skv_skreech_verminking,champion,champion,wh3_dlc29_skv_clan_scruten,false,true,true,false,false,true,wh3_dlc29_lore_skreech_verminking,,wh3_dlc29_skill_node_set_skv_skreech_verminking,,1,champion,false,false,,,,wh3_dlc29_skill_node_skv_skreech_verminking_unique_2,wh3_dlc29_skill_skv_skreech_verminking_unique_2,Ruinous Arsenal,,,,,,,,,,,,,,,,,,,,,,,,,,,,wh3_dlc29_skill_node_skv_skreech_verminking_unique_0,wh3_dlc29_skill_skv_skreech_verminking_unique_0,Master of Ruin,wh3_dlc29_skill_node_skv_skreech_verminking_unique_2,wh3_dlc29_skill_skv_skreech_verminking_unique_2,Ruinous Arsenal,REQUIRED,0,1,1,0,0,,,,,,,,,,,character_skill_node_links_tables,wh3_dlc29_skill_node_skv_skreech_verminking_unique_0|wh3_dlc29_skill_node_skv_skreech_verminking_unique_2|REQUIRED
prerequisite,warhammer_3,9.0,25507028,Skaven,skaven,wh2_main_sc_skv_skaven,Skreech Verminking,Skreech_Verminking,hero,wh3_dlc29_skv_skreech_verminking,champion,champion,wh3_dlc29_skv_clan_scruten,false,true,true,false,false,true,wh3_dlc29_lore_skreech_verminking,,wh3_dlc29_skill_node_set_skv_skreech_verminking,,1,champion,false,false,,,,wh3_dlc29_skill_node_skv_skreech_verminking_unique_3,wh3_dlc29_skill_skv_skreech_verminking_unique_3,Conquest Below,,,,,,,,,,,,,,,,,,,,,,,,,,,,wh3_dlc29_skill_node_skv_skreech_verminking_unique_0,wh3_dlc29_skill_skv_skreech_verminking_unique_0,Master of Ruin,wh3_dlc29_skill_node_skv_skreech_verminking_unique_3,wh3_dlc29_skill_skv_skreech_verminking_unique_3,Conquest Below,REQUIRED,0,1,1,0,0,,,,,,,,,,,character_skill_node_links_tables,wh3_dlc29_skill_node_skv_skreech_verminking_unique_0|wh3_dlc29_skill_node_skv_skreech_verminking_unique_3|REQUIRED
prerequisite,warhammer_3,9.0,25507028,Skaven,skaven,wh2_main_sc_skv_skaven,Skreech Verminking,Skreech_Verminking,hero,wh3_dlc29_skv_skreech_verminking,champion,champion,wh3_dlc29_skv_clan_scruten,false,true,true,false,false,true,wh3_dlc29_lore_skreech_verminking,,wh3_dlc29_skill_node_set_skv_skreech_verminking,,1,champion,false,false,,,,wh3_dlc29_skill_node_skv_skreech_verminking_unique_4,wh3_dlc29_skill_skv_skreech_verminking_unique_4,Patron of Great Skaven,,,,,,,,,,,,,,,,,,,,,,,,,,,,wh3_dlc29_skill_node_skv_skreech_verminking_unique_0,wh3_dlc29_skill_skv_skreech_verminking_unique_0,Master of Ruin,wh3_dlc29_skill_node_skv_skreech_verminking_unique_4,wh3_dlc29_skill_skv_skreech_verminking_unique_4,Patron of Great Skaven,REQUIRED,0,1,1,0,0,,,,,,,,,,,character_skill_node_links_tables,wh3_dlc29_skill_node_skv_skreech_verminking_unique_0|wh3_dlc29_skill_node_skv_skreech_verminking_unique_4|REQUIRED
prerequisite,warhammer_3,9.0,25507028,Skaven,skaven,wh2_main_sc_skv_skaven,Skreech Verminking,Skreech_Verminking,hero,wh3_dlc29_skv_skreech_verminking,champion,champion,wh3_dlc29_skv_clan_scruten,false,true,true,false,false,true,wh3_dlc29_lore_skreech_verminking,,wh3_dlc29_skill_node_set_skv_skreech_verminking,,1,champion,false,false,,,,wh3_dlc29_skill_node_skv_skreech_verminking_unique_5,wh3_dlc29_skill_skv_skreech_verminking_unique_5,Will of the Verminking,,,,,,,,,,,,,,,,,,,,,,,,,,,,wh3_dlc29_skill_node_skv_skreech_verminking_unique_1,wh3_dlc29_skill_skv_skreech_verminking_unique_1,The Horned Rat's Watchers,wh3_dlc29_skill_node_skv_skreech_verminking_unique_5,wh3_dlc29_skill_skv_skreech_verminking_unique_5,Will of the Verminking,SUBSET_REQUIRED,0,1,1,0,0,,,,,,,,,,,character_skill_node_links_tables,wh3_dlc29_skill_node_skv_skreech_verminking_unique_1|wh3_dlc29_skill_node_skv_skreech_verminking_unique_5|SUBSET_REQUIRED
prerequisite,warhammer_3,9.0,25507028,Skaven,skaven,wh2_main_sc_skv_skaven,Skreech Verminking,Skreech_Verminking,hero,wh3_dlc29_skv_skreech_verminking,champion,champion,wh3_dlc29_skv_clan_scruten,false,true,true,false,false,true,wh3_dlc29_lore_skreech_verminking,,wh3_dlc29_skill_node_set_skv_skreech_verminking,,1,champion,false,false,,,,wh3_dlc29_skill_node_skv_skreech_verminking_unique_5,wh3_dlc29_skill_skv_skreech_verminking_unique_5,Will of the Verminking,,,,,,,,,,,,,,,,,,,,,,,,,,,,wh3_dlc29_skill_node_skv_skreech_verminking_unique_2,wh3_dlc29_skill_skv_skreech_verminking_unique_2,Ruinous Arsenal,wh3_dlc29_skill_node_skv_skreech_verminking_unique_5,wh3_dlc29_skill_skv_skreech_verminking_unique_5,Will of the Verminking,SUBSET_REQUIRED,0,1,1,0,0,,,,,,,,,,,character_skill_node_links_tables,wh3_dlc29_skill_node_skv_skreech_verminking_unique_2|wh3_dlc29_skill_node_skv_skreech_verminking_unique_5|SUBSET_REQUIRED
prerequisite,warhammer_3,9.0,25507028,Skaven,skaven,wh2_main_sc_skv_skaven,Skreech Verminking,Skreech_Verminking,hero,wh3_dlc29_skv_skreech_verminking,champion,champion,wh3_dlc29_skv_clan_scruten,false,true,true,false,false,true,wh3_dlc29_lore_skreech_verminking,,wh3_dlc29_skill_node_set_skv_skreech_verminking,,1,champion,false,false,,,,wh3_dlc29_skill_node_skv_skreech_verminking_unique_5,wh3_dlc29_skill_skv_skreech_verminking_unique_5,Will of the Verminking,,,,,,,,,,,,,,,,,,,,,,,,,,,,wh3_dlc29_skill_node_skv_skreech_verminking_unique_3,wh3_dlc29_skill_skv_skreech_verminking_unique_3,Conquest Below,wh3_dlc29_skill_node_skv_skreech_verminking_unique_5,wh3_dlc29_skill_skv_skreech_verminking_unique_5,Will of the Verminking,SUBSET_REQUIRED,0,1,1,0,0,,,,,,,,,,,character_skill_node_links_tables,wh3_dlc29_skill_node_skv_skreech_verminking_unique_3|wh3_dlc29_skill_node_skv_skreech_verminking_unique_5|SUBSET_REQUIRED
prerequisite,warhammer_3,9.0,25507028,Skaven,skaven,wh2_main_sc_skv_skaven,Skreech Verminking,Skreech_Verminking,hero,wh3_dlc29_skv_skreech_verminking,champion,champion,wh3_dlc29_skv_clan_scruten,false,true,true,false,false,true,wh3_dlc29_lore_skreech_verminking,,wh3_dlc29_skill_node_set_skv_skreech_verminking,,1,champion,false,false,,,,wh3_dlc29_skill_node_skv_skreech_verminking_unique_5,wh3_dlc29_skill_skv_skreech_verminking_unique_5,Will of the Verminking,,,,,,,,,,,,,,,,,,,,,,,,,,,,wh3_dlc29_skill_node_skv_skreech_verminking_unique_4,wh3_dlc29_skill_skv_skreech_verminking_unique_4,Patron of Great Skaven,wh3_dlc29_skill_node_skv_skreech_verminking_unique_5,wh3_dlc29_skill_skv_skreech_verminking_unique_5,Will of the Verminking,SUBSET_REQUIRED,0,1,1,0,0,,,,,,,,,,,character_skill_node_links_tables,wh3_dlc29_skill_node_skv_skreech_verminking_unique_4|wh3_dlc29_skill_node_skv_skreech_verminking_unique_5|SUBSET_REQUIRED
