kind,key,source_path,source_line,source_patch
projectile,wh2_cst_handcannon_bullet,data/unit_stats/source_exports/db/projectiles_tables/data__.tsv,4,9.0.1
projectile,wh2_cst_necrofex_colossus_cannon_ball,data/unit_stats/source_exports/db/projectiles_tables/data__.tsv,5,9.0.1
projectile,wh2_cst_necrofex_colossus_flame,data/unit_stats/source_exports/db/projectiles_tables/data__.tsv,6,9.0.1
projectile,wh2_cst_rifle_bullet,data/unit_stats/source_exports/db/projectiles_tables/data__.tsv,7,9.0.1
projectile,wh2_cst_rifle_deck_gunner_bullet,data/unit_stats/source_exports/db/projectiles_tables/data__.tsv,8,9.0.1
projectile,wh2_cst_rifle_deck_gunner_bullet_ror,data/unit_stats/source_exports/db/projectiles_tables/data__.tsv,9,9.0.1
projectile,wh2_dlc09_casket_of_souls,data/unit_stats/source_exports/db/projectiles_tables/data__.tsv,10,9.0.1
projectile,wh2_dlc09_tmb_screaming_skull_homing,data/unit_stats/source_exports/db/projectiles_tables/data__.tsv,11,9.0.1
projectile,wh2_dlc09_tmb_skull_projectile,data/unit_stats/source_exports/db/projectiles_tables/data__.tsv,12,9.0.1
projectile,wh2_dlc09_tmb_stalker_gaze,data/unit_stats/source_exports/db/projectiles_tables/data__.tsv,13,9.0.1
projectile,wh2_dlc09_tmb_stalker_gaze_ror,data/unit_stats/source_exports/db/projectiles_tables/data__.tsv,14,9.0.1
projectile,wh2_dlc09_tmb_ushabti_bolt_ror,data/unit_stats/source_exports/db/projectiles_tables/data__.tsv,15,9.0.1
projectile,wh2_dlc09_unit_abilities_death_from_above,data/unit_stats/source_exports/db/projectiles_tables/data__.tsv,17,9.0.1
projectile,wh2_dlc10_hef_alith_anar_arrow,data/unit_stats/source_exports/db/projectiles_tables/data__.tsv,18,9.0.1
projectile,wh2_dlc10_hef_longbow_arrow_everqueen_court_guard,data/unit_stats/source_exports/db/projectiles_tables/data__.tsv,21,9.0.1
projectile,wh2_dlc10_hef_longbow_arrow_handmaiden,data/unit_stats/source_exports/db/projectiles_tables/data__.tsv,22,9.0.1
projectile,wh2_dlc10_hef_longbow_arrow_shadow,data/unit_stats/source_exports/db/projectiles_tables/data__.tsv,23,9.0.1
projectile,wh2_dlc10_hef_longbow_arrow_shadow_walker,data/unit_stats/source_exports/db/projectiles_tables/data__.tsv,24,9.0.1
projectile,wh2_dlc10_hef_longbow_arrow_sisters,data/unit_stats/source_exports/db/projectiles_tables/data__.tsv,25,9.0.1
projectile,wh2_dlc10_item_bound_assault_of_stone,data/unit_stats/source_exports/db/projectiles_tables/data__.tsv,26,9.0.1
projectile,wh2_dlc10_item_bound_blast,data/unit_stats/source_exports/db/projectiles_tables/data__.tsv,27,9.0.1
projectile,wh2_dlc10_spell_bound_lesser_doombolt,data/unit_stats/source_exports/db/projectiles_tables/data__.tsv,28,9.0.1
projectile,wh2_dlc10_tmb_bone_giant_arrow,data/unit_stats/source_exports/db/projectiles_tables/data__.tsv,29,9.0.1
projectile,wh2_dlc10_unit_abilities_frost_breath,data/unit_stats/source_exports/db/projectiles_tables/data__.tsv,30,9.0.1
projectile,wh2_dlc10_weapon_abilities_the_moonbow,data/unit_stats/source_exports/db/projectiles_tables/data__.tsv,31,9.0.1
projectile,wh2_dlc11_army_abilities_rod_of_the_storm,data/unit_stats/source_exports/db/projectiles_tables/data__.tsv,32,9.0.1
projectile,wh2_dlc11_army_abilities_wraith_storm,data/unit_stats/source_exports/db/projectiles_tables/data__.tsv,33,9.0.1
projectile,wh2_dlc11_character_abilities_bomb_throw,data/unit_stats/source_exports/db/projectiles_tables/data__.tsv,34,9.0.1
projectile,wh2_dlc11_character_abilities_cackle_fruit,data/unit_stats/source_exports/db/projectiles_tables/data__.tsv,35,9.0.1
projectile,wh2_dlc11_character_abilities_pyromanianc,data/unit_stats/source_exports/db/projectiles_tables/data__.tsv,36,9.0.1
projectile,wh2_dlc11_cst_bomb,data/unit_stats/source_exports/db/projectiles_tables/data__.tsv,37,9.0.1
projectile,wh2_dlc11_cst_bomb_deck_droppers,data/unit_stats/source_exports/db/projectiles_tables/data__.tsv,38,9.0.1
projectile,wh2_dlc11_cst_bomb_deck_droppers_ror,data/unit_stats/source_exports/db/projectiles_tables/data__.tsv,39,9.0.1
projectile,wh2_dlc11_cst_carronade_cannon_ball,data/unit_stats/source_exports/db/projectiles_tables/data__.tsv,40,9.0.1
projectile,wh2_dlc11_cst_luthor_harkon_pistol,data/unit_stats/source_exports/db/projectiles_tables/data__.tsv,42,9.0.1
projectile,wh2_dlc11_cst_luthor_harkon_pistol_explosive,data/unit_stats/source_exports/db/projectiles_tables/data__.tsv,43,9.0.1
projectile,wh2_dlc11_cst_mortar_shell,data/unit_stats/source_exports/db/projectiles_tables/data__.tsv,44,9.0.1
projectile,wh2_dlc11_cst_pistol_bullet,data/unit_stats/source_exports/db/projectiles_tables/data__.tsv,45,9.0.1
projectile,wh2_dlc11_cst_pistol_deck_dropper_bullet,data/unit_stats/source_exports/db/projectiles_tables/data__.tsv,46,9.0.1
projectile,wh2_dlc11_cst_queen_bess,data/unit_stats/source_exports/db/projectiles_tables/data__.tsv,47,9.0.1
projectile,wh2_dlc11_cst_rifle_deck_dropper_bullet,data/unit_stats/source_exports/db/projectiles_tables/data__.tsv,48,9.0.1
projectile,wh2_dlc11_cst_vampire_fleet_admiral_female_pistol,data/unit_stats/source_exports/db/projectiles_tables/data__.tsv,49,9.0.1
projectile,wh2_dlc11_cst_vampire_fleet_captain_pistol_blunderbuss,data/unit_stats/source_exports/db/projectiles_tables/data__.tsv,51,9.0.1
projectile,wh2_dlc11_gunnery_wight_rifle_bullet,data/unit_stats/source_exports/db/projectiles_tables/data__.tsv,52,9.0.1
projectile,wh2_dlc11_gunnery_wight_rifle_bullet_blunderbuss,data/unit_stats/source_exports/db/projectiles_tables/data__.tsv,53,9.0.1
projectile,wh2_dlc12_army_abilities_warpstorm_doomrocket,data/unit_stats/source_exports/db/projectiles_tables/data__.tsv,54,9.0.1
projectile,wh2_dlc12_army_abilities_warpstorm_doomrocket_upgrade,data/unit_stats/source_exports/db/projectiles_tables/data__.tsv,55,9.0.1
projectile,wh2_dlc12_lord_abilities_drop_sphere_of_tepok,data/unit_stats/source_exports/db/projectiles_tables/data__.tsv,56,9.0.1
projectile,wh2_dlc12_lord_warpstone_detonation,data/unit_stats/source_exports/db/projectiles_tables/data__.tsv,58,9.0.1
projectile,wh2_dlc12_lzd_salamander_flame,data/unit_stats/source_exports/db/projectiles_tables/data__.tsv,59,9.0.1
projectile,wh2_dlc12_lzd_salamander_flame_blessed,data/unit_stats/source_exports/db/projectiles_tables/data__.tsv,60,9.0.1
projectile,wh2_dlc12_lzd_salamander_flame_blessed_shrapnel,data/unit_stats/source_exports/db/projectiles_tables/data__.tsv,61,9.0.1
projectile,wh2_dlc12_lzd_salamander_flame_large,data/unit_stats/source_exports/db/projectiles_tables/data__.tsv,62,9.0.1
projectile,wh2_dlc12_lzd_salamander_flame_large_blessed,data/unit_stats/source_exports/db/projectiles_tables/data__.tsv,63,9.0.1
projectile,wh2_dlc12_lzd_salamander_ror_flame,data/unit_stats/source_exports/db/projectiles_tables/data__.tsv,64,9.0.1
projectile,wh2_dlc12_skv_doomwheel_warp_lightning_alt,data/unit_stats/source_exports/db/projectiles_tables/data__.tsv,65,9.0.1
projectile,wh2_dlc12_skv_doomwheel_warp_lightning_ikit_alt,data/unit_stats/source_exports/db/projectiles_tables/data__.tsv,67,9.0.1
projectile,wh2_dlc12_skv_ikit_warpfire,data/unit_stats/source_exports/db/projectiles_tables/data__.tsv,69,9.0.1
projectile,wh2_dlc12_skv_ikit_warpfire_alt,data/unit_stats/source_exports/db/projectiles_tables/data__.tsv,70,9.0.1
projectile,wh2_dlc12_skv_ratling_gun_bullet,data/unit_stats/source_exports/db/projectiles_tables/data__.tsv,71,9.0.1
projectile,wh2_dlc12_skv_ratling_gun_bullet_lab_ror,data/unit_stats/source_exports/db/projectiles_tables/data__.tsv,72,9.0.1
projectile,wh2_dlc12_skv_ratling_gun_bullet_ror,data/unit_stats/source_exports/db/projectiles_tables/data__.tsv,73,9.0.1
projectile,wh2_dlc12_skv_warp_jezzails_bullet,data/unit_stats/source_exports/db/projectiles_tables/data__.tsv,74,9.0.1
projectile,wh2_dlc12_skv_warp_jezzails_bullet_lab_ror,data/unit_stats/source_exports/db/projectiles_tables/data__.tsv,75,9.0.1
projectile,wh2_dlc12_skv_warp_jezzails_bullet_ror,data/unit_stats/source_exports/db/projectiles_tables/data__.tsv,76,9.0.1
projectile,wh2_dlc12_skv_warp_lightning_ror,data/unit_stats/source_exports/db/projectiles_tables/data__.tsv,77,9.0.1
projectile,wh2_dlc12_skv_warpfire_alt,data/unit_stats/source_exports/db/projectiles_tables/data__.tsv,78,9.0.1
projectile,wh2_dlc12_unit_abilities_drop_rocks_character,data/unit_stats/source_exports/db/projectiles_tables/data__.tsv,79,9.0.1
projectile,wh2_dlc12_unit_abilities_drop_rocks_of_chotec,data/unit_stats/source_exports/db/projectiles_tables/data__.tsv,80,9.0.1
projectile,wh2_dlc12_unit_abilities_drop_rocks_of_sundering,data/unit_stats/source_exports/db/projectiles_tables/data__.tsv,81,9.0.1
projectile,wh2_dlc12_unit_thunderous_one,data/unit_stats/source_exports/db/projectiles_tables/data__.tsv,82,9.0.1
projectile,wh2_dlc12_weapon_abilities_storm_daemon,data/unit_stats/source_exports/db/projectiles_tables/data__.tsv,83,9.0.1
projectile,wh2_dlc13_character_abilities_big_boom,data/unit_stats/source_exports/db/projectiles_tables/data__.tsv,84,9.0.1
projectile,wh2_dlc13_character_ability_ishas_rain,data/unit_stats/source_exports/db/projectiles_tables/data__.tsv,85,9.0.1
projectile,wh2_dlc13_emp_bow_arrow,data/unit_stats/source_exports/db/projectiles_tables/data__.tsv,86,9.0.1
projectile,wh2_dlc13_emp_bow_arrow_anti_large,data/unit_stats/source_exports/db/projectiles_tables/data__.tsv,87,9.0.1
projectile,wh2_dlc13_emp_bow_arrow_deathjacks,data/unit_stats/source_exports/db/projectiles_tables/data__.tsv,88,9.0.1
projectile,wh2_dlc13_emp_bow_arrow_double_shot,data/unit_stats/source_exports/db/projectiles_tables/data__.tsv,89,9.0.1
projectile,wh2_dlc13_emp_bow_arrow_heavy_headed,data/unit_stats/source_exports/db/projectiles_tables/data__.tsv,90,9.0.1
projectile,wh2_dlc13_emp_bow_arrow_huntsman,data/unit_stats/source_exports/db/projectiles_tables/data__.tsv,91,9.0.1
projectile,wh2_dlc13_emp_bow_arrow_huntsman_anti_large,data/unit_stats/source_exports/db/projectiles_tables/data__.tsv,92,9.0.1
projectile,wh2_dlc13_emp_bow_arrow_huntsman_white_wolves,data/unit_stats/source_exports/db/projectiles_tables/data__.tsv,93,9.0.1
projectile,wh2_dlc13_emp_crossbow_bolt_stir_river_patrol,data/unit_stats/source_exports/db/projectiles_tables/data__.tsv,95,9.0.1
projectile,wh2_dlc13_emp_grenade_bordermen,data/unit_stats/source_exports/db/projectiles_tables/data__.tsv,96,9.0.1
projectile,wh2_dlc13_emp_helblaster_volley_gun_bullet_war_wagon,data/unit_stats/source_exports/db/projectiles_tables/data__.tsv,97,9.0.1
projectile,wh2_dlc13_emp_helblaster_volley_gun_bullet_war_wagon_upgraded,data/unit_stats/source_exports/db/projectiles_tables/data__.tsv,98,9.0.1
projectile,wh2_dlc13_emp_huntsmarshal_arrow,data/unit_stats/source_exports/db/projectiles_tables/data__.tsv,99,9.0.1
projectile,wh2_dlc13_emp_markus_wulfhart_arrow,data/unit_stats/source_exports/db/projectiles_tables/data__.tsv,100,9.0.1
projectile,wh2_dlc13_emp_mortar_shell_sootson,data/unit_stats/source_exports/db/projectiles_tables/data__.tsv,101,9.0.1
projectile,wh2_dlc13_emp_mortar_shell_war_wagon,data/unit_stats/source_exports/db/projectiles_tables/data__.tsv,102,9.0.1
projectile,wh2_dlc13_emp_pistol_bullet_noble_sons,data/unit_stats/source_exports/db/projectiles_tables/data__.tsv,103,9.0.1
projectile,wh2_dlc13_emp_rifle_bullet_surefires,data/unit_stats/source_exports/db/projectiles_tables/data__.tsv,104,9.0.1
projectile,wh2_dlc13_emp_rifle_bullet_surefires_exploding,data/unit_stats/source_exports/db/projectiles_tables/data__.tsv,105,9.0.1
projectile,wh2_dlc13_emp_rifle_war_wagons_bullet,data/unit_stats/source_exports/db/projectiles_tables/data__.tsv,106,9.0.1
projectile,wh2_dlc13_emp_steam_tank_cannon_ball_emperors_wrath,data/unit_stats/source_exports/db/projectiles_tables/data__.tsv,107,9.0.1
projectile,wh2_dlc13_huntsmarshall_obsinite_gyrocopter_steam_shot,data/unit_stats/source_exports/db/projectiles_tables/data__.tsv,109,9.0.1
projectile,wh2_dlc13_lord_abilities_arrows_of_aqshy,data/unit_stats/source_exports/db/projectiles_tables/data__.tsv,110,9.0.1
projectile,wh2_dlc13_lord_abilities_executioner,data/unit_stats/source_exports/db/projectiles_tables/data__.tsv,111,9.0.1
projectile,wh2_dlc13_lord_abilities_fire_arrow,data/unit_stats/source_exports/db/projectiles_tables/data__.tsv,112,9.0.1
projectile,wh2_dlc13_lord_abilities_kill_shot,data/unit_stats/source_exports/db/projectiles_tables/data__.tsv,113,9.0.1
projectile,wh2_dlc13_lord_abilities_oil_flask,data/unit_stats/source_exports/db/projectiles_tables/data__.tsv,114,9.0.1
projectile,wh2_dlc13_lzd_razordon_spike,data/unit_stats/source_exports/db/projectiles_tables/data__.tsv,115,9.0.1
projectile,wh2_dlc13_lzd_razordon_spike_ror,data/unit_stats/source_exports/db/projectiles_tables/data__.tsv,116,9.0.1
projectile,wh2_dlc13_weapon_abilities_amber_bow,data/unit_stats/source_exports/db/projectiles_tables/data__.tsv,117,9.0.1
projectile,wh2_dlc14_character_abilities_cracklebomb,data/unit_stats/source_exports/db/projectiles_tables/data__.tsv,118,9.0.1
projectile,wh2_dlc14_def_harpoon_scourgerunner_chariot,data/unit_stats/source_exports/db/projectiles_tables/data__.tsv,119,9.0.1
projectile,wh2_dlc14_def_harpoon_scourgerunner_chariot_mount,data/unit_stats/source_exports/db/projectiles_tables/data__.tsv,120,9.0.1
projectile,wh2_dlc14_def_harpoon_scourgerunner_chariot_ror,data/unit_stats/source_exports/db/projectiles_tables/data__.tsv,121,9.0.1
projectile,wh2_dlc14_def_medusa_gaze,data/unit_stats/source_exports/db/projectiles_tables/data__.tsv,122,9.0.1
projectile,wh2_dlc14_skv_death_globe_alt,data/unit_stats/source_exports/db/projectiles_tables/data__.tsv,124,9.0.1
projectile,wh2_dlc14_skv_poison_wind_globe_alt,data/unit_stats/source_exports/db/projectiles_tables/data__.tsv,125,9.0.1
projectile,wh2_dlc14_skv_poison_wind_mortar_globe,data/unit_stats/source_exports/db/projectiles_tables/data__.tsv,126,9.0.1
projectile,wh2_dlc14_skv_poison_wind_mortar_globe_alt,data/unit_stats/source_exports/db/projectiles_tables/data__.tsv,127,9.0.1
projectile,wh2_dlc14_skv_poison_wind_mortar_globe_ror,data/unit_stats/source_exports/db/projectiles_tables/data__.tsv,128,9.0.1
projectile,wh2_dlc14_skv_poison_wind_mortar_globe_ror_alt,data/unit_stats/source_exports/db/projectiles_tables/data__.tsv,129,9.0.1
projectile,wh2_dlc14_skv_poison_wind_mortar_globe_ror_shrapnel,data/unit_stats/source_exports/db/projectiles_tables/data__.tsv,130,9.0.1
projectile,wh2_dlc14_skv_poison_wind_mortar_globe_ror_shrapnel_alt,data/unit_stats/source_exports/db/projectiles_tables/data__.tsv,131,9.0.1
projectile,wh2_dlc14_skv_throwing_star_master_assassin,data/unit_stats/source_exports/db/projectiles_tables/data__.tsv,132,9.0.1
projectile,wh2_dlc14_spell_bound_warpfireball,data/unit_stats/source_exports/db/projectiles_tables/data__.tsv,133,9.0.1
projectile,wh2_dlc14_spell_stealth_warp_stars,data/unit_stats/source_exports/db/projectiles_tables/data__.tsv,134,9.0.1
projectile,wh2_dlc14_spell_stealth_warp_stars_upgraded,data/unit_stats/source_exports/db/projectiles_tables/data__.tsv,135,9.0.1
projectile,wh2_dlc15_abilities_grn_swamp_breath,data/unit_stats/source_exports/db/projectiles_tables/data__.tsv,136,9.0.1
projectile,wh2_dlc15_army_abilities_doom_diver_strike,data/unit_stats/source_exports/db/projectiles_tables/data__.tsv,137,9.0.1
projectile,wh2_dlc15_army_abilities_doom_diver_strike_enhanced,data/unit_stats/source_exports/db/projectiles_tables/data__.tsv,138,9.0.1
projectile,wh2_dlc15_character_abilities_goggly_glare,data/unit_stats/source_exports/db/projectiles_tables/data__.tsv,139,9.0.1
projectile,wh2_dlc15_grn_goblin_arrow_fire_lava_spider_mounted,data/unit_stats/source_exports/db/projectiles_tables/data__.tsv,140,9.0.1
projectile,wh2_dlc15_grn_goblin_bow_anti_large_arrow,data/unit_stats/source_exports/db/projectiles_tables/data__.tsv,141,9.0.1
projectile,wh2_dlc15_grn_goblin_bow_ap_arrow,data/unit_stats/source_exports/db/projectiles_tables/data__.tsv,142,9.0.1
projectile,wh2_dlc15_grn_goblin_bow_explosive_arrow,data/unit_stats/source_exports/db/projectiles_tables/data__.tsv,143,9.0.1
projectile,wh2_dlc15_grn_goblin_bow_fire_arrow,data/unit_stats/source_exports/db/projectiles_tables/data__.tsv,144,9.0.1
projectile,wh2_dlc15_grn_goblin_bow_multi_shot,data/unit_stats/source_exports/db/projectiles_tables/data__.tsv,145,9.0.1
projectile,wh2_dlc15_grn_goblin_bow_poison_anti_large_arrow,data/unit_stats/source_exports/db/projectiles_tables/data__.tsv,146,9.0.1
projectile,wh2_dlc15_grn_goblin_bow_poison_ap_arrow,data/unit_stats/source_exports/db/projectiles_tables/data__.tsv,147,9.0.1
projectile,wh2_dlc15_grn_goblin_bow_poison_explosive_arrow,data/unit_stats/source_exports/db/projectiles_tables/data__.tsv,148,9.0.1
projectile,wh2_dlc15_grn_goblin_bow_poison_fire_arrow,data/unit_stats/source_exports/db/projectiles_tables/data__.tsv,149,9.0.1
projectile,wh2_dlc15_grn_goblin_bow_poison_multi_shot,data/unit_stats/source_exports/db/projectiles_tables/data__.tsv,150,9.0.1
projectile,wh2_dlc15_grn_goblin_bow_poison_spider_rider_anti_large_arrow,data/unit_stats/source_exports/db/projectiles_tables/data__.tsv,151,9.0.1
projectile,wh2_dlc15_grn_goblin_bow_poison_spider_rider_ap_arrow,data/unit_stats/source_exports/db/projectiles_tables/data__.tsv,152,9.0.1
projectile,wh2_dlc15_grn_goblin_bow_poison_spider_rider_explosive_arrow,data/unit_stats/source_exports/db/projectiles_tables/data__.tsv,153,9.0.1
projectile,wh2_dlc15_grn_goblin_bow_poison_spider_rider_fire_arrow,data/unit_stats/source_exports/db/projectiles_tables/data__.tsv,154,9.0.1
projectile,wh2_dlc15_grn_goblin_bow_poison_spider_rider_multi_shot,data/unit_stats/source_exports/db/projectiles_tables/data__.tsv,155,9.0.1
projectile,wh2_dlc15_grn_goblin_bow_wolf_riders_anti_large_arrow,data/unit_stats/source_exports/db/projectiles_tables/data__.tsv,156,9.0.1
projectile,wh2_dlc15_grn_goblin_bow_wolf_riders_ap_arrow,data/unit_stats/source_exports/db/projectiles_tables/data__.tsv,157,9.0.1
projectile,wh2_dlc15_grn_goblin_bow_wolf_riders_explosive_arrow,data/unit_stats/source_exports/db/projectiles_tables/data__.tsv,158,9.0.1
projectile,wh2_dlc15_grn_goblin_bow_wolf_riders_fire_arrow,data/unit_stats/source_exports/db/projectiles_tables/data__.tsv,159,9.0.1
projectile,wh2_dlc15_grn_goblin_bow_wolf_riders_multi_shot,data/unit_stats/source_exports/db/projectiles_tables/data__.tsv,160,9.0.1
projectile,wh2_dlc15_hef_black_dragon_breath_imrik,data/unit_stats/source_exports/db/projectiles_tables/data__.tsv,163,9.0.1
projectile,wh2_dlc15_hef_longbow_arrow_flaming,data/unit_stats/source_exports/db/projectiles_tables/data__.tsv,164,9.0.1
projectile,wh2_dlc15_hef_longbow_arrow_sentinel,data/unit_stats/source_exports/db/projectiles_tables/data__.tsv,165,9.0.1
projectile,wh2_dlc15_hef_longbow_arrow_skyhawks,data/unit_stats/source_exports/db/projectiles_tables/data__.tsv,166,9.0.1
projectile,wh2_dlc15_hef_longbow_arrow_spireguard,data/unit_stats/source_exports/db/projectiles_tables/data__.tsv,167,9.0.1
projectile,wh2_dlc15_hef_sun_dragon_breath_imrik,data/unit_stats/source_exports/db/projectiles_tables/data__.tsv,168,9.0.1
projectile,wh2_dlc15_mistwalkers_barrage_trail,data/unit_stats/source_exports/db/projectiles_tables/data__.tsv,169,9.0.1
projectile,wh2_dlc15_unit_abilities_arachneruption,data/unit_stats/source_exports/db/projectiles_tables/data__.tsv,170,9.0.1
projectile,wh2_dlc15_unit_passive_giant_explodin_spores,data/unit_stats/source_exports/db/projectiles_tables/data__.tsv,171,9.0.1
projectile,wh2_dlc15_unit_passive_rubble_and_ruin_bombardment,data/unit_stats/source_exports/db/projectiles_tables/data__.tsv,172,9.0.1
projectile,wh2_dlc16_item_abilities_dart_of_doom,data/unit_stats/source_exports/db/projectiles_tables/data__.tsv,173,9.0.1
projectile,wh2_dlc16_item_abilities_eagle_quiver,data/unit_stats/source_exports/db/projectiles_tables/data__.tsv,174,9.0.1
projectile,wh2_dlc16_unit_abilities_volley_of_kurnous,data/unit_stats/source_exports/db/projectiles_tables/data__.tsv,175,9.0.1
projectile,wh2_dlc16_wef_talon_of_dawn_arrow,data/unit_stats/source_exports/db/projectiles_tables/data__.tsv,176,9.0.1
projectile,wh2_dlc16_wef_talon_of_dusk_arrow,data/unit_stats/source_exports/db/projectiles_tables/data__.tsv,177,9.0.1
projectile,wh2_dlc17_army_abilities_ancestral_rune_of_grimnir,data/unit_stats/source_exports/db/projectiles_tables/data__.tsv,178,9.0.1
projectile,wh2_dlc17_army_abilities_xapatis_sanctum,data/unit_stats/source_exports/db/projectiles_tables/data__.tsv,179,9.0.1
projectile,wh2_dlc17_bst_centigor_throwing_axe_ror,data/unit_stats/source_exports/db/projectiles_tables/data__.tsv,180,9.0.1
projectile,wh2_dlc17_dwf_master_engineer_rifle_bullet_shotgun,data/unit_stats/source_exports/db/projectiles_tables/data__.tsv,181,9.0.1
projectile,wh2_dlc17_dwf_master_engineer_rifle_bullet_shotgun_magical,data/unit_stats/source_exports/db/projectiles_tables/data__.tsv,182,9.0.1
projectile,wh2_dlc17_dwf_master_engineer_rifle_bullet_sniper,data/unit_stats/source_exports/db/projectiles_tables/data__.tsv,183,9.0.1
projectile,wh2_dlc17_dwf_master_engineer_rifle_bullet_sniper_magical,data/unit_stats/source_exports/db/projectiles_tables/data__.tsv,184,9.0.1
projectile,wh2_dlc17_emp_free_company_pistol_bullet_blessed,data/unit_stats/source_exports/db/projectiles_tables/data__.tsv,185,9.0.1
projectile,wh2_dlc17_hero_abilities_cinderblast_shell,data/unit_stats/source_exports/db/projectiles_tables/data__.tsv,186,9.0.1
projectile,wh2_dlc17_lzd_blowpipe_chamelon_stalkers,data/unit_stats/source_exports/db/projectiles_tables/data__.tsv,187,9.0.1
projectile,wh2_dlc17_lzd_blowpipe_chamelon_stalkers_blessed,data/unit_stats/source_exports/db/projectiles_tables/data__.tsv,188,9.0.1
projectile,wh2_dlc17_lzd_blowpipe_chamelon_stalkers_daemonbane,data/unit_stats/source_exports/db/projectiles_tables/data__.tsv,189,9.0.1
projectile,wh2_dlc17_lzd_blowpipe_chamelon_stalkers_daemonbane_blessed,data/unit_stats/source_exports/db/projectiles_tables/data__.tsv,190,9.0.1
projectile,wh2_dlc17_lzd_blowpipe_chamelon_stalkers_fireblood,data/unit_stats/source_exports/db/projectiles_tables/data__.tsv,191,9.0.1
projectile,wh2_dlc17_lzd_blowpipe_chamelon_stalkers_fireblood_blessed,data/unit_stats/source_exports/db/projectiles_tables/data__.tsv,192,9.0.1
projectile,wh2_dlc17_lzd_blowpipe_chamelon_stalkers_slow_death,data/unit_stats/source_exports/db/projectiles_tables/data__.tsv,193,9.0.1
projectile,wh2_dlc17_lzd_blowpipe_chamelon_stalkers_slow_death_blessed,data/unit_stats/source_exports/db/projectiles_tables/data__.tsv,194,9.0.1
projectile,wh2_dlc17_lzd_blowpipe_chamelon_stalkers_toadskin,data/unit_stats/source_exports/db/projectiles_tables/data__.tsv,195,9.0.1
projectile,wh2_dlc17_lzd_blowpipe_chamelon_stalkers_toadskin_blessed,data/unit_stats/source_exports/db/projectiles_tables/data__.tsv,196,9.0.1
projectile,wh2_dlc17_lzd_blowpipe_oxyotl,data/unit_stats/source_exports/db/projectiles_tables/data__.tsv,197,9.0.1
projectile,wh2_dlc17_lzd_blowpipe_oxyotl_daemonbane,data/unit_stats/source_exports/db/projectiles_tables/data__.tsv,198,9.0.1
projectile,wh2_dlc17_lzd_blowpipe_oxyotl_fireblood,data/unit_stats/source_exports/db/projectiles_tables/data__.tsv,199,9.0.1
projectile,wh2_dlc17_lzd_blowpipe_oxyotl_slow_death,data/unit_stats/source_exports/db/projectiles_tables/data__.tsv,200,9.0.1
projectile,wh2_dlc17_lzd_blowpipe_oxyotl_toadskin,data/unit_stats/source_exports/db/projectiles_tables/data__.tsv,201,9.0.1
projectile,wh2_dlc17_lzd_troglodon_spit,data/unit_stats/source_exports/db/projectiles_tables/data__.tsv,202,9.0.1
projectile,wh2_dlc17_nor_javelin_anti_large,data/unit_stats/source_exports/db/projectiles_tables/data__.tsv,203,9.0.1
projectile,wh2_dlc17_nor_javelin_heavy_anti_large,data/unit_stats/source_exports/db/projectiles_tables/data__.tsv,204,9.0.1
projectile,wh2_dlc17_rune_abilities_master_rune_of_flight,data/unit_stats/source_exports/db/projectiles_tables/data__.tsv,205,9.0.1
projectile,wh2_dlc17_rune_abilities_master_rune_of_immolation,data/unit_stats/source_exports/db/projectiles_tables/data__.tsv,206,9.0.1
projectile,wh2_dlc17_weapon_abilities_the_golden_blowpipe_of_ptoohee,data/unit_stats/source_exports/db/projectiles_tables/data__.tsv,207,9.0.1
projectile,wh2_main_army_abilities_bloodwrack_cauldron,data/unit_stats/source_exports/db/projectiles_tables/data__.tsv,208,9.0.1
projectile,wh2_main_army_abilities_bolt_of_spite,data/unit_stats/source_exports/db/projectiles_tables/data__.tsv,209,9.0.1
projectile,wh2_main_army_abilities_brazen_cauldron,data/unit_stats/source_exports/db/projectiles_tables/data__.tsv,210,9.0.1
projectile,wh2_main_army_abilities_khaines_flail,data/unit_stats/source_exports/db/projectiles_tables/data__.tsv,211,9.0.1
projectile,wh2_main_army_abilities_khaines_lash,data/unit_stats/source_exports/db/projectiles_tables/data__.tsv,212,9.0.1
projectile,wh2_main_army_abilities_khaines_scourge,data/unit_stats/source_exports/db/projectiles_tables/data__.tsv,213,9.0.1
projectile,wh2_main_army_abilities_shatterstone,data/unit_stats/source_exports/db/projectiles_tables/data__.tsv,214,9.0.1
projectile,wh2_main_army_abilities_skaven_bomb,data/unit_stats/source_exports/db/projectiles_tables/data__.tsv,215,9.0.1
projectile,wh2_main_army_abilities_sky_cauldron,data/unit_stats/source_exports/db/projectiles_tables/data__.tsv,216,9.0.1
projectile,wh2_main_army_abilities_soul_rain,data/unit_stats/source_exports/db/projectiles_tables/data__.tsv,217,9.0.1
projectile,wh2_main_army_abilities_soul_storm,data/unit_stats/source_exports/db/projectiles_tables/data__.tsv,218,9.0.1
projectile,wh2_main_army_abilities_soul_torrent,data/unit_stats/source_exports/db/projectiles_tables/data__.tsv,219,9.0.1
projectile,wh2_main_army_abilities_vauls_hammer,data/unit_stats/source_exports/db/projectiles_tables/data__.tsv,220,9.0.1
projectile,wh2_main_army_abilities_vortic_blast_shrapnel,data/unit_stats/source_exports/db/projectiles_tables/data__.tsv,221,9.0.1
projectile,wh2_main_army_abilities_vortic_enrichment,data/unit_stats/source_exports/db/projectiles_tables/data__.tsv,222,9.0.1
projectile,wh2_main_army_abilities_vortic_enrichment_shrapnel,data/unit_stats/source_exports/db/projectiles_tables/data__.tsv,223,9.0.1
projectile,wh2_main_army_abilities_warpbomb,data/unit_stats/source_exports/db/projectiles_tables/data__.tsv,224,9.0.1
projectile,wh2_main_bound_doombolt,data/unit_stats/source_exports/db/projectiles_tables/data__.tsv,225,9.0.1
projectile,wh2_main_bound_shems_burning_gaze,data/unit_stats/source_exports/db/projectiles_tables/data__.tsv,226,9.0.1
projectile,wh2_main_bound_urannons_thunderbolt,data/unit_stats/source_exports/db/projectiles_tables/data__.tsv,227,9.0.1
projectile,wh2_main_character_abilities_volley_of_dark_arrows,data/unit_stats/source_exports/db/projectiles_tables/data__.tsv,228,9.0.1
projectile,wh2_main_character_abilities_volley_of_high_arrows,data/unit_stats/source_exports/db/projectiles_tables/data__.tsv,229,9.0.1
projectile,wh2_main_chs_chaos_dragon_breath,data/unit_stats/source_exports/db/projectiles_tables/data__.tsv,230,9.0.1
projectile,wh2_main_def_black_dragon_breath,data/unit_stats/source_exports/db/projectiles_tables/data__.tsv,231,9.0.1
projectile,wh2_main_def_crossbow_bolt,data/unit_stats/source_exports/db/projectiles_tables/data__.tsv,232,9.0.1
projectile,wh2_main_def_crossbow_bolt_chariot,data/unit_stats/source_exports/db/projectiles_tables/data__.tsv,233,9.0.1
projectile,wh2_main_def_crossbow_bolt_dreadlord,data/unit_stats/source_exports/db/projectiles_tables/data__.tsv,234,9.0.1
projectile,wh2_main_def_crossbow_bolt_horse,data/unit_stats/source_exports/db/projectiles_tables/data__.tsv,235,9.0.1
projectile,wh2_main_def_crossbow_bolt_pegasus_ror_0,data/unit_stats/source_exports/db/projectiles_tables/data__.tsv,236,9.0.1
projectile,wh2_main_def_crossbow_bolt_ror_0,data/unit_stats/source_exports/db/projectiles_tables/data__.tsv,237,9.0.1
projectile,wh2_main_def_crossbow_bolt_shades,data/unit_stats/source_exports/db/projectiles_tables/data__.tsv,238,9.0.1
projectile,wh2_main_def_handbow_bolt,data/unit_stats/source_exports/db/projectiles_tables/data__.tsv,239,9.0.1
projectile,wh2_main_def_handbow_bolt_khainite_assassin,data/unit_stats/source_exports/db/projectiles_tables/data__.tsv,240,9.0.1
projectile,wh2_main_def_reaper_bolt_thrower_bolt,data/unit_stats/source_exports/db/projectiles_tables/data__.tsv,241,9.0.1
projectile,wh2_main_def_reaper_bolt_thrower_bolt_spread,data/unit_stats/source_exports/db/projectiles_tables/data__.tsv,242,9.0.1
projectile,wh2_main_def_war_hydra_breath,data/unit_stats/source_exports/db/projectiles_tables/data__.tsv,243,9.0.1
projectile,wh2_main_hef_bow_arrow_mounted,data/unit_stats/source_exports/db/projectiles_tables/data__.tsv,245,9.0.1
projectile,wh2_main_hef_eagle_claw_bolt,data/unit_stats/source_exports/db/projectiles_tables/data__.tsv,246,9.0.1
projectile,wh2_main_hef_eagle_claw_bolt_spread,data/unit_stats/source_exports/db/projectiles_tables/data__.tsv,247,9.0.1
projectile,wh2_main_hef_longbow_arrow,data/unit_stats/source_exports/db/projectiles_tables/data__.tsv,248,9.0.1
projectile,wh2_main_hef_longbow_arrow_princess,data/unit_stats/source_exports/db/projectiles_tables/data__.tsv,249,9.0.1
projectile,wh2_main_hef_moon_dragon_breath,data/unit_stats/source_exports/db/projectiles_tables/data__.tsv,250,9.0.1
projectile,wh2_main_hef_reaver_bow_arrow_tiranoc_chariot,data/unit_stats/source_exports/db/projectiles_tables/data__.tsv,251,9.0.1
projectile,wh2_main_hef_sea_guard_arrow,data/unit_stats/source_exports/db/projectiles_tables/data__.tsv,252,9.0.1
projectile,wh2_main_hef_star_dragon_breath,data/unit_stats/source_exports/db/projectiles_tables/data__.tsv,253,9.0.1
projectile,wh2_main_hef_sun_dragon_breath,data/unit_stats/source_exports/db/projectiles_tables/data__.tsv,254,9.0.1
projectile,wh2_main_hero_abilities_doomrocket,data/unit_stats/source_exports/db/projectiles_tables/data__.tsv,255,9.0.1
projectile,wh2_main_hero_abilities_doomrocket_shrapnel,data/unit_stats/source_exports/db/projectiles_tables/data__.tsv,256,9.0.1
projectile,wh2_main_lzd_bastiladon_solar_engine,data/unit_stats/source_exports/db/projectiles_tables/data__.tsv,257,9.0.1
projectile,wh2_main_lzd_bastiladon_solar_engine_blessed,data/unit_stats/source_exports/db/projectiles_tables/data__.tsv,258,9.0.1
projectile,wh2_main_lzd_blowpipe,data/unit_stats/source_exports/db/projectiles_tables/data__.tsv,259,9.0.1
projectile,wh2_main_lzd_blowpipe_chamelon_skinks,data/unit_stats/source_exports/db/projectiles_tables/data__.tsv,260,9.0.1
projectile,wh2_main_lzd_blowpipe_chamelon_skinks_blessed,data/unit_stats/source_exports/db/projectiles_tables/data__.tsv,261,9.0.1
projectile,wh2_main_lzd_blowpipe_chamelon_skinks_daemonbane,data/unit_stats/source_exports/db/projectiles_tables/data__.tsv,262,9.0.1
projectile,wh2_main_lzd_blowpipe_chamelon_skinks_daemonbane_blessed,data/unit_stats/source_exports/db/projectiles_tables/data__.tsv,263,9.0.1
projectile,wh2_main_lzd_blowpipe_chamelon_skinks_fireblood,data/unit_stats/source_exports/db/projectiles_tables/data__.tsv,264,9.0.1
projectile,wh2_main_lzd_blowpipe_chamelon_skinks_fireblood_blessed,data/unit_stats/source_exports/db/projectiles_tables/data__.tsv,265,9.0.1
projectile,wh2_main_lzd_blowpipe_chamelon_skinks_slow_death,data/unit_stats/source_exports/db/projectiles_tables/data__.tsv,266,9.0.1
projectile,wh2_main_lzd_blowpipe_chamelon_skinks_slow_death_blessed,data/unit_stats/source_exports/db/projectiles_tables/data__.tsv,267,9.0.1
projectile,wh2_main_lzd_blowpipe_chamelon_skinks_toadskin,data/unit_stats/source_exports/db/projectiles_tables/data__.tsv,268,9.0.1
projectile,wh2_main_lzd_blowpipe_chamelon_skinks_toadskin_blessed,data/unit_stats/source_exports/db/projectiles_tables/data__.tsv,269,9.0.1
projectile,wh2_main_lzd_blowpipe_daemonbane,data/unit_stats/source_exports/db/projectiles_tables/data__.tsv,270,9.0.1
projectile,wh2_main_lzd_blowpipe_fireblood,data/unit_stats/source_exports/db/projectiles_tables/data__.tsv,271,9.0.1
projectile,wh2_main_lzd_blowpipe_skink_chief,data/unit_stats/source_exports/db/projectiles_tables/data__.tsv,272,9.0.1
projectile,wh2_main_lzd_blowpipe_skink_chief_daemonbane,data/unit_stats/source_exports/db/projectiles_tables/data__.tsv,273,9.0.1
projectile,wh2_main_lzd_blowpipe_skink_chief_fireblood,data/unit_stats/source_exports/db/projectiles_tables/data__.tsv,274,9.0.1
projectile,wh2_main_lzd_blowpipe_skink_chief_slow_death,data/unit_stats/source_exports/db/projectiles_tables/data__.tsv,275,9.0.1
projectile,wh2_main_lzd_blowpipe_skink_chief_toadskin,data/unit_stats/source_exports/db/projectiles_tables/data__.tsv,276,9.0.1
projectile,wh2_main_lzd_blowpipe_slow_death,data/unit_stats/source_exports/db/projectiles_tables/data__.tsv,277,9.0.1
projectile,wh2_main_lzd_blowpipe_toadskin,data/unit_stats/source_exports/db/projectiles_tables/data__.tsv,278,9.0.1
projectile,wh2_main_lzd_fireleech_bolas_terradon,data/unit_stats/source_exports/db/projectiles_tables/data__.tsv,279,9.0.1
projectile,wh2_main_lzd_javelin,data/unit_stats/source_exports/db/projectiles_tables/data__.tsv,280,9.0.1
projectile,wh2_main_lzd_javelin_blessed,data/unit_stats/source_exports/db/projectiles_tables/data__.tsv,281,9.0.1
projectile,wh2_main_lzd_javelin_daemonbane,data/unit_stats/source_exports/db/projectiles_tables/data__.tsv,282,9.0.1
projectile,wh2_main_lzd_javelin_daemonbane_blessed,data/unit_stats/source_exports/db/projectiles_tables/data__.tsv,283,9.0.1
projectile,wh2_main_lzd_javelin_fireblood,data/unit_stats/source_exports/db/projectiles_tables/data__.tsv,284,9.0.1
projectile,wh2_main_lzd_javelin_fireblood_blessed,data/unit_stats/source_exports/db/projectiles_tables/data__.tsv,285,9.0.1
projectile,wh2_main_lzd_javelin_slow_death,data/unit_stats/source_exports/db/projectiles_tables/data__.tsv,288,9.0.1
projectile,wh2_main_lzd_javelin_slow_death_blessed,data/unit_stats/source_exports/db/projectiles_tables/data__.tsv,289,9.0.1
projectile,wh2_main_lzd_javelin_terradon,data/unit_stats/source_exports/db/projectiles_tables/data__.tsv,290,9.0.1
projectile,wh2_main_lzd_javelin_terradon_daemonbane,data/unit_stats/source_exports/db/projectiles_tables/data__.tsv,291,9.0.1
projectile,wh2_main_lzd_javelin_terradon_fireblood,data/unit_stats/source_exports/db/projectiles_tables/data__.tsv,292,9.0.1
projectile,wh2_main_lzd_javelin_terradon_slow_death,data/unit_stats/source_exports/db/projectiles_tables/data__.tsv,293,9.0.1
projectile,wh2_main_lzd_javelin_terradon_toadskin,data/unit_stats/source_exports/db/projectiles_tables/data__.tsv,294,9.0.1
projectile,wh2_main_lzd_javelin_toadskin,data/unit_stats/source_exports/db/projectiles_tables/data__.tsv,295,9.0.1
projectile,wh2_main_lzd_javelin_toadskin_blessed,data/unit_stats/source_exports/db/projectiles_tables/data__.tsv,296,9.0.1
projectile,wh2_main_lzd_mon_stegadon_crossbow,data/unit_stats/source_exports/db/projectiles_tables/data__.tsv,297,9.0.1
projectile,wh2_main_lzd_mon_stegadon_crossbow_blessed,data/unit_stats/source_exports/db/projectiles_tables/data__.tsv,298,9.0.1
projectile,wh2_main_lzd_mon_stegadon_crossbow_skink_chief,data/unit_stats/source_exports/db/projectiles_tables/data__.tsv,299,9.0.1
projectile,wh2_main_lzd_mon_stegadon_crossbow_skink_priest,data/unit_stats/source_exports/db/projectiles_tables/data__.tsv,300,9.0.1
projectile,wh2_main_lzd_mon_stegadon_giant_blowpipe,data/unit_stats/source_exports/db/projectiles_tables/data__.tsv,301,9.0.1
projectile,wh2_main_lzd_mon_stegadon_giant_blowpipe_blessed,data/unit_stats/source_exports/db/projectiles_tables/data__.tsv,302,9.0.1
projectile,wh2_main_lzd_mon_stegadon_giant_blowpipe_skink_chief,data/unit_stats/source_exports/db/projectiles_tables/data__.tsv,303,9.0.1
projectile,wh2_main_lzd_mon_stegadon_giant_blowpipe_skink_priest,data/unit_stats/source_exports/db/projectiles_tables/data__.tsv,304,9.0.1
projectile,wh2_main_skv_death_globe,data/unit_stats/source_exports/db/projectiles_tables/data__.tsv,305,9.0.1
projectile,wh2_main_skv_plagueclaw,data/unit_stats/source_exports/db/projectiles_tables/data__.tsv,307,9.0.1
projectile,wh2_main_skv_poison_wind_globe,data/unit_stats/source_exports/db/projectiles_tables/data__.tsv,308,9.0.1
projectile,wh2_main_skv_sling,data/unit_stats/source_exports/db/projectiles_tables/data__.tsv,309,9.0.1
projectile,wh2_main_skv_sling_gutter_runners,data/unit_stats/source_exports/db/projectiles_tables/data__.tsv,310,9.0.1
projectile,wh2_main_skv_sling_gutter_runners_alt,data/unit_stats/source_exports/db/projectiles_tables/data__.tsv,311,9.0.1
projectile,wh2_main_skv_sling_gutter_runners_poison,data/unit_stats/source_exports/db/projectiles_tables/data__.tsv,312,9.0.1
projectile,wh2_main_skv_sling_gutter_runners_poison_alt,data/unit_stats/source_exports/db/projectiles_tables/data__.tsv,313,9.0.1
projectile,wh2_main_skv_sling_night_runners,data/unit_stats/source_exports/db/projectiles_tables/data__.tsv,314,9.0.1
projectile,wh2_main_skv_sling_night_runners_alt,data/unit_stats/source_exports/db/projectiles_tables/data__.tsv,315,9.0.1
projectile,wh2_main_skv_throwing_star,data/unit_stats/source_exports/db/projectiles_tables/data__.tsv,316,9.0.1
projectile,wh2_main_skv_throwing_star_gutter_runners,data/unit_stats/source_exports/db/projectiles_tables/data__.tsv,317,9.0.1
projectile,wh2_main_skv_throwing_star_gutter_runners_alt,data/unit_stats/source_exports/db/projectiles_tables/data__.tsv,318,9.0.1
projectile,wh2_main_skv_throwing_star_gutter_runners_poison,data/unit_stats/source_exports/db/projectiles_tables/data__.tsv,319,9.0.1
projectile,wh2_main_skv_throwing_star_gutter_runners_poison_alt,data/unit_stats/source_exports/db/projectiles_tables/data__.tsv,320,9.0.1
projectile,wh2_main_skv_throwing_stars_alt,data/unit_stats/source_exports/db/projectiles_tables/data__.tsv,321,9.0.1
projectile,wh2_main_skv_warp_lightning,data/unit_stats/source_exports/db/projectiles_tables/data__.tsv,323,9.0.1
projectile,wh2_main_skv_warpfire,data/unit_stats/source_exports/db/projectiles_tables/data__.tsv,324,9.0.1
projectile,wh2_main_spell_dark_magic_doombolt,data/unit_stats/source_exports/db/projectiles_tables/data__.tsv,325,9.0.1
projectile,wh2_main_spell_dark_magic_doombolt_upgraded,data/unit_stats/source_exports/db/projectiles_tables/data__.tsv,326,9.0.1
projectile,wh2_main_spell_high_magic_soul_quench,data/unit_stats/source_exports/db/projectiles_tables/data__.tsv,327,9.0.1
projectile,wh2_main_spell_high_magic_soul_quench_upgraded,data/unit_stats/source_exports/db/projectiles_tables/data__.tsv,328,9.0.1
projectile,wh2_main_spell_plague_the_dreaded_thirteenth_spell,data/unit_stats/source_exports/db/projectiles_tables/data__.tsv,329,9.0.1
projectile,wh2_main_spell_plague_the_dreaded_thirteenth_spell_shrapnel,data/unit_stats/source_exports/db/projectiles_tables/data__.tsv,330,9.0.1
projectile,wh2_main_spell_plague_vermintide,data/unit_stats/source_exports/db/projectiles_tables/data__.tsv,331,9.0.1
projectile,wh2_main_spell_ruin_warp_lightning,data/unit_stats/source_exports/db/projectiles_tables/data__.tsv,332,9.0.1
projectile,wh2_main_unit_abilities_drop_rocks,data/unit_stats/source_exports/db/projectiles_tables/data__.tsv,333,9.0.1
projectile,wh2_main_unit_abilities_wake_of_fire,data/unit_stats/source_exports/db/projectiles_tables/data__.tsv,334,9.0.1
projectile,wh2_main_vmp_terrorgheist_dragon_breath,data/unit_stats/source_exports/db/projectiles_tables/data__.tsv,335,9.0.1
projectile,wh2_main_vmp_zombie_dragon_breath,data/unit_stats/source_exports/db/projectiles_tables/data__.tsv,336,9.0.1
projectile,wh2_main_weapon_abilities_bow_of_the_seafarer,data/unit_stats/source_exports/db/projectiles_tables/data__.tsv,337,9.0.1
projectile,wh2_main_weapon_bound_reaver_bow,data/unit_stats/source_exports/db/projectiles_tables/data__.tsv,338,9.0.1
projectile,wh2_main_wef_forest_dragon_breath,data/unit_stats/source_exports/db/projectiles_tables/data__.tsv,339,9.0.1
projectile,wh2_nor_throwing_axe,data/unit_stats/source_exports/db/projectiles_tables/data__.tsv,340,9.0.1
projectile,wh2_tmb_skeleton_arrow,data/unit_stats/source_exports/db/projectiles_tables/data__.tsv,341,9.0.1
projectile,wh2_tmb_skeleton_arrow_chariot,data/unit_stats/source_exports/db/projectiles_tables/data__.tsv,342,9.0.1
projectile,wh2_tmb_skeleton_arrow_mounted,data/unit_stats/source_exports/db/projectiles_tables/data__.tsv,343,9.0.1
projectile,wh2_tmb_skeleton_arrow_ror,data/unit_stats/source_exports/db/projectiles_tables/data__.tsv,344,9.0.1
projectile,wh2_tmb_ushabti_bolt,data/unit_stats/source_exports/db/projectiles_tables/data__.tsv,345,9.0.1
projectile,wh2_tmb_ushabti_shrapnel,data/unit_stats/source_exports/db/projectiles_tables/data__.tsv,346,9.0.1
projectile,wh2_twa02_wef_glade_captain_arrow,data/unit_stats/source_exports/db/projectiles_tables/data__.tsv,347,9.0.1
projectile,wh2_twa03_def_harpoon_scourgerunner_chariot_mount_suppressing,data/unit_stats/source_exports/db/projectiles_tables/data__.tsv,348,9.0.1
projectile,wh2_twa03_def_harpoon_scourgerunner_chariot_suppressing,data/unit_stats/source_exports/db/projectiles_tables/data__.tsv,349,9.0.1
projectile,wh2_twa03_def_reaper_bolt_thrower_bolt_suppressing,data/unit_stats/source_exports/db/projectiles_tables/data__.tsv,351,9.0.1
projectile,wh3_chd_blunderbuss_bullet,data/unit_stats/source_exports/db/projectiles_tables/data__.tsv,352,9.0.1
projectile,wh3_chd_blunderbuss_bullet_anti_large,data/unit_stats/source_exports/db/projectiles_tables/data__.tsv,353,9.0.1
projectile,wh3_chd_blunderbuss_bullet_double_shot,data/unit_stats/source_exports/db/projectiles_tables/data__.tsv,354,9.0.1
projectile,wh3_cp1_cth_grand_cannon_shrapnel_shot_shrapnel,data/unit_stats/source_exports/db/projectiles_tables/data__.tsv,356,9.0.1
projectile,wh3_cp1_cth_grand_cannon_shrapnel_shot_shrapnel_projectiles,data/unit_stats/source_exports/db/projectiles_tables/data__.tsv,357,9.0.1
projectile,wh3_cp1_cth_sky_lantern_crane_gun_bullet,data/unit_stats/source_exports/db/projectiles_tables/data__.tsv,358,9.0.1
projectile,wh3_cp1_cth_throwing_disc_stalkers,data/unit_stats/source_exports/db/projectiles_tables/data__.tsv,359,9.0.1
projectile,wh3_cth_crane_gun_bullet,data/unit_stats/source_exports/db/projectiles_tables/data__.tsv,360,9.0.1
projectile,wh3_cth_crossbow_bolt,data/unit_stats/source_exports/db/projectiles_tables/data__.tsv,361,9.0.1
projectile,wh3_cth_iron_hail_gun_bullet,data/unit_stats/source_exports/db/projectiles_tables/data__.tsv,362,9.0.1
projectile,wh3_cth_peasant_bow_arrow,data/unit_stats/source_exports/db/projectiles_tables/data__.tsv,363,9.0.1
projectile,wh3_cth_sky_junk_crane_gun_bullet,data/unit_stats/source_exports/db/projectiles_tables/data__.tsv,364,9.0.1
projectile,wh3_dlc20_chs_marauder_horsemen_mkho_throwing_axe,data/unit_stats/source_exports/db/projectiles_tables/data__.tsv,365,9.0.1
projectile,wh3_dlc20_chs_marauder_horsemen_mnur_throwing_axe,data/unit_stats/source_exports/db/projectiles_tables/data__.tsv,366,9.0.1
projectile,wh3_dlc20_chs_marauder_horsemen_msla_javelin,data/unit_stats/source_exports/db/projectiles_tables/data__.tsv,367,9.0.1
projectile,wh3_dlc20_chs_marauder_horsemen_mtze_javelin,data/unit_stats/source_exports/db/projectiles_tables/data__.tsv,368,9.0.1
projectile,wh3_dlc23_army_abilities_doom_of_hashut,data/unit_stats/source_exports/db/projectiles_tables/data__.tsv,369,9.0.1
projectile,wh3_dlc23_chd_blunderbuss_bullet_ror,data/unit_stats/source_exports/db/projectiles_tables/data__.tsv,371,9.0.1
projectile,wh3_dlc23_chd_bull_centaur_throwing_axe_ror,data/unit_stats/source_exports/db/projectiles_tables/data__.tsv,372,9.0.1
projectile,wh3_dlc23_chd_cav_hobgoblin_wolf_raiders_arrow,data/unit_stats/source_exports/db/projectiles_tables/data__.tsv,373,9.0.1
projectile,wh3_dlc23_chd_cav_hobgoblin_wolf_raiders_arrow_ror,data/unit_stats/source_exports/db/projectiles_tables/data__.tsv,374,9.0.1
projectile,wh3_dlc23_chd_cha_pistol_flare,data/unit_stats/source_exports/db/projectiles_tables/data__.tsv,375,9.0.1
projectile,wh3_dlc23_chd_deathshrieker_rocket_demolition,data/unit_stats/source_exports/db/projectiles_tables/data__.tsv,376,9.0.1
projectile,wh3_dlc23_chd_deathshrieker_rocket_stage_1,data/unit_stats/source_exports/db/projectiles_tables/data__.tsv,377,9.0.1
projectile,wh3_dlc23_chd_deathshrieker_rocket_stage_2_shrapnel,data/unit_stats/source_exports/db/projectiles_tables/data__.tsv,378,9.0.1
projectile,wh3_dlc23_chd_dreadquake_mortar_shell,data/unit_stats/source_exports/db/projectiles_tables/data__.tsv,379,9.0.1
projectile,wh3_dlc23_chd_dreadquake_mortar_shell_anti_large,data/unit_stats/source_exports/db/projectiles_tables/data__.tsv,380,9.0.1
projectile,wh3_dlc23_chd_dreadquake_mortar_shell_bombardment,data/unit_stats/source_exports/db/projectiles_tables/data__.tsv,381,9.0.1
projectile,wh3_dlc23_chd_hobgoblin_arrow,data/unit_stats/source_exports/db/projectiles_tables/data__.tsv,383,9.0.1
projectile,wh3_dlc23_chd_hobgoblin_throwing_knife,data/unit_stats/source_exports/db/projectiles_tables/data__.tsv,384,9.0.1
projectile,wh3_dlc23_chd_infernal_castellan_fireglaive_bullet,data/unit_stats/source_exports/db/projectiles_tables/data__.tsv,385,9.0.1
projectile,wh3_dlc23_chd_infernal_castellan_fireglaive_bullet_explosive,data/unit_stats/source_exports/db/projectiles_tables/data__.tsv,387,9.0.1
projectile,wh3_dlc23_chd_infernal_guard_fireglaive_bullet,data/unit_stats/source_exports/db/projectiles_tables/data__.tsv,388,9.0.1
projectile,wh3_dlc23_chd_infernal_guard_fireglaive_bullet_anti_large,data/unit_stats/source_exports/db/projectiles_tables/data__.tsv,389,9.0.1
projectile,wh3_dlc23_chd_iron_daemon_cannonade,data/unit_stats/source_exports/db/projectiles_tables/data__.tsv,390,9.0.1
projectile,wh3_dlc23_chd_iron_daemon_flame_cannon,data/unit_stats/source_exports/db/projectiles_tables/data__.tsv,391,9.0.1
projectile,wh3_dlc23_chd_magma_cannon_ball,data/unit_stats/source_exports/db/projectiles_tables/data__.tsv,392,9.0.1
projectile,wh3_dlc23_chd_naptha_bombs_unit,data/unit_stats/source_exports/db/projectiles_tables/data__.tsv,394,9.0.1
projectile,wh3_dlc23_lord_abilities_flame_and_shadow,data/unit_stats/source_exports/db/projectiles_tables/data__.tsv,407,9.0.1
projectile,wh3_dlc23_neu_cha_ulrika_arrow,data/unit_stats/source_exports/db/projectiles_tables/data__.tsv,408,9.0.1
projectile,wh3_dlc23_neu_cha_ulrika_arrow_anti_large,data/unit_stats/source_exports/db/projectiles_tables/data__.tsv,409,9.0.1
projectile,wh3_dlc23_spell_hashut_burning_wrath,data/unit_stats/source_exports/db/projectiles_tables/data__.tsv,410,9.0.1
projectile,wh3_dlc23_spell_hashut_burning_wrath_upgraded,data/unit_stats/source_exports/db/projectiles_tables/data__.tsv,411,9.0.1
projectile,wh3_dlc23_spell_hashut_flames_of_azgorh,data/unit_stats/source_exports/db/projectiles_tables/data__.tsv,412,9.0.1
projectile,wh3_dlc23_spell_hashut_hell_hammer_dummy_explosion,data/unit_stats/source_exports/db/projectiles_tables/data__.tsv,413,9.0.1
projectile,wh3_dlc23_unit_abilities_flaming_breath,data/unit_stats/source_exports/db/projectiles_tables/data__.tsv,414,9.0.1
projectile,wh3_dlc24_blue_scribe_projectile,data/unit_stats/source_exports/db/projectiles_tables/data__.tsv,415,9.0.1
projectile,wh3_dlc24_blue_scribe_projectile_blue_flame,data/unit_stats/source_exports/db/projectiles_tables/data__.tsv,416,9.0.1
projectile,wh3_dlc24_cth_dragon_crossbow_ror_bolt,data/unit_stats/source_exports/db/projectiles_tables/data__.tsv,417,9.0.1
projectile,wh3_dlc24_cth_gate_master_crossbow_bolt,data/unit_stats/source_exports/db/projectiles_tables/data__.tsv,418,9.0.1
projectile,wh3_dlc24_cth_saytang_kill_shot,data/unit_stats/source_exports/db/projectiles_tables/data__.tsv,419,9.0.1
projectile,wh3_dlc24_cth_saytang_projectile,data/unit_stats/source_exports/db/projectiles_tables/data__.tsv,420,9.0.1
projectile,wh3_dlc24_cth_sky_lantern_crane_gun_bullet_debuff,data/unit_stats/source_exports/db/projectiles_tables/data__.tsv,421,9.0.1
projectile,wh3_dlc24_item_passive_sentient_stormcloud,data/unit_stats/source_exports/db/projectiles_tables/data__.tsv,422,9.0.1
projectile,wh3_dlc24_ksl_akshina_ambushers_bolt,data/unit_stats/source_exports/db/projectiles_tables/data__.tsv,423,9.0.1
projectile,wh3_dlc24_ksl_akshina_ambushers_ror_bolt,data/unit_stats/source_exports/db/projectiles_tables/data__.tsv,424,9.0.1
projectile,wh3_dlc24_ksl_bow_katarin_sled,data/unit_stats/source_exports/db/projectiles_tables/data__.tsv,425,9.0.1
projectile,wh3_dlc24_ksl_druzhina_arrow,data/unit_stats/source_exports/db/projectiles_tables/data__.tsv,426,9.0.1
projectile,wh3_dlc24_ksl_hag_witch_beasts_bolt,data/unit_stats/source_exports/db/projectiles_tables/data__.tsv,427,9.0.1
projectile,wh3_dlc24_ksl_hag_witch_death_bolt,data/unit_stats/source_exports/db/projectiles_tables/data__.tsv,428,9.0.1
projectile,wh3_dlc24_ksl_hag_witch_hags_bolt,data/unit_stats/source_exports/db/projectiles_tables/data__.tsv,429,9.0.1
projectile,wh3_dlc24_ksl_hag_witch_shadows_bolt,data/unit_stats/source_exports/db/projectiles_tables/data__.tsv,430,9.0.1
projectile,wh3_dlc24_ksl_mother_ostankya_cauldron,data/unit_stats/source_exports/db/projectiles_tables/data__.tsv,431,9.0.1
projectile,wh3_dlc24_ksl_mounted_anti_infantry_arrow,data/unit_stats/source_exports/db/projectiles_tables/data__.tsv,432,9.0.1
projectile,wh3_dlc24_ksl_streltsi_blunderbuss_ror,data/unit_stats/source_exports/db/projectiles_tables/data__.tsv,433,9.0.1
projectile,wh3_dlc24_lord_abilities_spirit_bear,data/unit_stats/source_exports/db/projectiles_tables/data__.tsv,434,9.0.1
projectile,wh3_dlc24_lord_abilities_spirit_bear_upgrade,data/unit_stats/source_exports/db/projectiles_tables/data__.tsv,435,9.0.1
projectile,wh3_dlc24_lord_abilities_taals_judgement,data/unit_stats/source_exports/db/projectiles_tables/data__.tsv,436,9.0.1
projectile,wh3_dlc24_lord_abilities_windblade,data/unit_stats/source_exports/db/projectiles_tables/data__.tsv,437,9.0.1
projectile,wh3_dlc24_spell_hags_cursed_cauldron,data/unit_stats/source_exports/db/projectiles_tables/data__.tsv,438,9.0.1
projectile,wh3_dlc24_spell_hags_cursed_cauldron_upgraded,data/unit_stats/source_exports/db/projectiles_tables/data__.tsv,439,9.0.1
projectile,wh3_dlc24_unit_abilities_ice_breath,data/unit_stats/source_exports/db/projectiles_tables/data__.tsv,440,9.0.1
projectile,wh3_dlc24_unit_abilities_nan_gau_grenade,data/unit_stats/source_exports/db/projectiles_tables/data__.tsv,441,9.0.1
projectile,wh3_dlc25_active_ability_nemesis_crown,data/unit_stats/source_exports/db/projectiles_tables/data__.tsv,442,9.0.1
projectile,wh3_dlc25_bjuna_bombard_mortar_shell,data/unit_stats/source_exports/db/projectiles_tables/data__.tsv,443,9.0.1
projectile,wh3_dlc25_character_abilities_mercurial_shot,data/unit_stats/source_exports/db/projectiles_tables/data__.tsv,444,9.0.1
projectile,wh3_dlc25_character_abilities_pigeon_bombs_stage_1,data/unit_stats/source_exports/db/projectiles_tables/data__.tsv,445,9.0.1
projectile,wh3_dlc25_character_abilities_pigeon_bombs_stage_2,data/unit_stats/source_exports/db/projectiles_tables/data__.tsv,446,9.0.1
projectile,wh3_dlc25_dwf_blunderbuss,data/unit_stats/source_exports/db/projectiles_tables/data__.tsv,447,9.0.1
projectile,wh3_dlc25_dwf_cannon_ball_explosive,data/unit_stats/source_exports/db/projectiles_tables/data__.tsv,448,9.0.1
projectile,wh3_dlc25_dwf_cannon_ball_grapeshot,data/unit_stats/source_exports/db/projectiles_tables/data__.tsv,449,9.0.1
projectile,wh3_dlc25_dwf_crossbow_shieldbreaker_anti_infantry,data/unit_stats/source_exports/db/projectiles_tables/data__.tsv,450,9.0.1
projectile,wh3_dlc25_dwf_drakegun_grudge,data/unit_stats/source_exports/db/projectiles_tables/data__.tsv,451,9.0.1
projectile,wh3_dlc25_dwf_goblin_hewer_axe,data/unit_stats/source_exports/db/projectiles_tables/data__.tsv,453,9.0.1
projectile,wh3_dlc25_dwf_goblin_hewer_axe_flaming,data/unit_stats/source_exports/db/projectiles_tables/data__.tsv,454,9.0.1
projectile,wh3_dlc25_dwf_goblin_hewer_axe_penetrating,data/unit_stats/source_exports/db/projectiles_tables/data__.tsv,455,9.0.1
projectile,wh3_dlc25_dwf_goblin_hewer_axe_seeking,data/unit_stats/source_exports/db/projectiles_tables/data__.tsv,456,9.0.1
projectile,wh3_dlc25_dwf_grudge_raker_bullet,data/unit_stats/source_exports/db/projectiles_tables/data__.tsv,457,9.0.1
projectile,wh3_dlc25_dwf_grudge_stone_shrapnel_stage_1,data/unit_stats/source_exports/db/projectiles_tables/data__.tsv,458,9.0.1
projectile,wh3_dlc25_dwf_grudge_stone_shrapnel_stage_2,data/unit_stats/source_exports/db/projectiles_tables/data__.tsv,459,9.0.1
projectile,wh3_dlc25_dwf_gyrobombing_run_bombardment,data/unit_stats/source_exports/db/projectiles_tables/data__.tsv,460,9.0.1
projectile,wh3_dlc25_dwf_gyrocopter_brimstone_shot,data/unit_stats/source_exports/db/projectiles_tables/data__.tsv,461,9.0.1
projectile,wh3_dlc25_dwf_gyrocopter_brimstone_trollhammer_shot,data/unit_stats/source_exports/db/projectiles_tables/data__.tsv,462,9.0.1
projectile,wh3_dlc25_dwf_malakai_rifle_bullet,data/unit_stats/source_exports/db/projectiles_tables/data__.tsv,463,9.0.1
projectile,wh3_dlc25_dwf_slayer_pirate_pistol_bullet,data/unit_stats/source_exports/db/projectiles_tables/data__.tsv,464,9.0.1
projectile,wh3_dlc25_dwf_thunderbarge_bomb,data/unit_stats/source_exports/db/projectiles_tables/data__.tsv,465,9.0.1
projectile,wh3_dlc25_dwf_thunderbarge_cannon_flaming,data/unit_stats/source_exports/db/projectiles_tables/data__.tsv,467,9.0.1
projectile,wh3_dlc25_emp_carmine_dragon_breath,data/unit_stats/source_exports/db/projectiles_tables/data__.tsv,471,9.0.1
projectile,wh3_dlc25_emp_deathstorm_morr_rocket,data/unit_stats/source_exports/db/projectiles_tables/data__.tsv,472,9.0.1
projectile,wh3_dlc25_emp_deathstorm_morr_rocket_upgraded,data/unit_stats/source_exports/db/projectiles_tables/data__.tsv,473,9.0.1
projectile,wh3_dlc25_emp_great_cannon_hammer_witches_grape_shot,data/unit_stats/source_exports/db/projectiles_tables/data__.tsv,474,9.0.1
projectile,wh3_dlc25_emp_grenade_master_engineer,data/unit_stats/source_exports/db/projectiles_tables/data__.tsv,475,9.0.1
projectile,wh3_dlc25_emp_grenade_master_engineer_cluster,data/unit_stats/source_exports/db/projectiles_tables/data__.tsv,476,9.0.1
projectile,wh3_dlc25_emp_grenade_morr,data/unit_stats/source_exports/db/projectiles_tables/data__.tsv,477,9.0.1
projectile,wh3_dlc25_emp_grenade_morr_upgraded,data/unit_stats/source_exports/db/projectiles_tables/data__.tsv,478,9.0.1
projectile,wh3_dlc25_emp_inf_landship_crew_rifle_bullet_hochland_exploding,data/unit_stats/source_exports/db/projectiles_tables/data__.tsv,480,9.0.1
projectile,wh3_dlc25_emp_inf_rifle_bullet_hochland,data/unit_stats/source_exports/db/projectiles_tables/data__.tsv,481,9.0.1
projectile,wh3_dlc25_emp_inf_rifle_bullet_hochland_exploding,data/unit_stats/source_exports/db/projectiles_tables/data__.tsv,482,9.0.1
projectile,wh3_dlc25_emp_inf_rifle_bullet_hochland_ror,data/unit_stats/source_exports/db/projectiles_tables/data__.tsv,483,9.0.1
projectile,wh3_dlc25_emp_inf_rifle_bullet_hochland_ror_exploding,data/unit_stats/source_exports/db/projectiles_tables/data__.tsv,484,9.0.1
projectile,wh3_dlc25_emp_land_ship_cannon_culverin,data/unit_stats/source_exports/db/projectiles_tables/data__.tsv,485,9.0.1
projectile,wh3_dlc25_emp_land_ship_cannon_culverin_amethyst,data/unit_stats/source_exports/db/projectiles_tables/data__.tsv,486,9.0.1
projectile,wh3_dlc25_emp_land_ship_cannon_culverin_morr,data/unit_stats/source_exports/db/projectiles_tables/data__.tsv,487,9.0.1
projectile,wh3_dlc25_emp_rifle_bullet_ironsides,data/unit_stats/source_exports/db/projectiles_tables/data__.tsv,490,9.0.1
projectile,wh3_dlc25_emp_rifle_bullet_ironsides_exploding,data/unit_stats/source_exports/db/projectiles_tables/data__.tsv,491,9.0.1
projectile,wh3_dlc25_emp_rifle_bullet_ironsides_morr,data/unit_stats/source_exports/db/projectiles_tables/data__.tsv,492,9.0.1
projectile,wh3_dlc25_emp_rifle_bullet_ironsides_morr_exploding,data/unit_stats/source_exports/db/projectiles_tables/data__.tsv,493,9.0.1
projectile,wh3_dlc25_emp_rifle_land_ship_crew_repeater_bullet_exploding,data/unit_stats/source_exports/db/projectiles_tables/data__.tsv,495,9.0.1
projectile,wh3_dlc25_emp_rifle_land_ship_crew_repeater_bullet_morr_exploding,data/unit_stats/source_exports/db/projectiles_tables/data__.tsv,497,9.0.1
projectile,wh3_dlc25_emp_rifle_outrider_repeater_bullet,data/unit_stats/source_exports/db/projectiles_tables/data__.tsv,498,9.0.1
projectile,wh3_dlc25_emp_rifle_repeater_bullet_engineer,data/unit_stats/source_exports/db/projectiles_tables/data__.tsv,499,9.0.1
projectile,wh3_dlc25_emp_rifle_repeater_bullet_upgraded_engineer,data/unit_stats/source_exports/db/projectiles_tables/data__.tsv,500,9.0.1
projectile,wh3_dlc25_emp_rifle_repeater_bullet_upgraded_engineer_exploding,data/unit_stats/source_exports/db/projectiles_tables/data__.tsv,501,9.0.1
projectile,wh3_dlc25_emp_steam_tank_cannon_volley_gun,data/unit_stats/source_exports/db/projectiles_tables/data__.tsv,502,9.0.1
projectile,wh3_dlc25_emp_steam_tank_cannon_volley_gun_upgraded,data/unit_stats/source_exports/db/projectiles_tables/data__.tsv,503,9.0.1
projectile,wh3_dlc25_flame_cannon_flame_shrapnel_stage_1,data/unit_stats/source_exports/db/projectiles_tables/data__.tsv,505,9.0.1
projectile,wh3_dlc25_flame_cannon_flame_shrapnel_stage_2,data/unit_stats/source_exports/db/projectiles_tables/data__.tsv,506,9.0.1
projectile,wh3_dlc25_great_cannon_grape_shot,data/unit_stats/source_exports/db/projectiles_tables/data__.tsv,507,9.0.1
projectile,wh3_dlc25_lord_abilities_cinderblast_cluster_bomb,data/unit_stats/source_exports/db/projectiles_tables/data__.tsv,509,9.0.1
projectile,wh3_dlc25_lord_abilities_cinderblast_cluster_bomb_shrapnel,data/unit_stats/source_exports/db/projectiles_tables/data__.tsv,510,9.0.1
projectile,wh3_dlc25_nur_esar_doombolt_bullet,data/unit_stats/source_exports/db/projectiles_tables/data__.tsv,511,9.0.1
projectile,wh3_dlc25_nur_esar_doombolt_bullet_shrapnel,data/unit_stats/source_exports/db/projectiles_tables/data__.tsv,512,9.0.1
projectile,wh3_dlc25_nur_esar_doombolt_fireglaive_bullet_explosive,data/unit_stats/source_exports/db/projectiles_tables/data__.tsv,513,9.0.1
projectile,wh3_dlc25_nur_soul_grinder_bombard_ror,data/unit_stats/source_exports/db/projectiles_tables/data__.tsv,514,9.0.1
projectile,wh3_dlc25_pandemicium_nurglings,data/unit_stats/source_exports/db/projectiles_tables/data__.tsv,515,9.0.1
projectile,wh3_dlc25_purple_eclipse_rocket,data/unit_stats/source_exports/db/projectiles_tables/data__.tsv,516,9.0.1
projectile,wh3_dlc25_spirit_barrage_rocket,data/unit_stats/source_exports/db/projectiles_tables/data__.tsv,517,9.0.1
projectile,wh3_dlc25_unit_abilities_gyrobomber_fire_bomb,data/unit_stats/source_exports/db/projectiles_tables/data__.tsv,518,9.0.1
projectile,wh3_dlc25_unit_abilities_gyrocopter_grenade,data/unit_stats/source_exports/db/projectiles_tables/data__.tsv,519,9.0.1
projectile,wh3_dlc25_unit_abilities_gyrocopter_grenade_anti_large,data/unit_stats/source_exports/db/projectiles_tables/data__.tsv,520,9.0.1
projectile,wh3_dlc25_unit_abilities_hurricane_of_death,data/unit_stats/source_exports/db/projectiles_tables/data__.tsv,521,9.0.1
projectile,wh3_dlc25_unit_abilities_marienburg_land_mines,data/unit_stats/source_exports/db/projectiles_tables/data__.tsv,522,9.0.1
projectile,wh3_dlc25_unit_abilities_spear_of_grungni,data/unit_stats/source_exports/db/projectiles_tables/data__.tsv,523,9.0.1
projectile,wh3_dlc25_unit_abilities_thunderbarge_fire_bomb,data/unit_stats/source_exports/db/projectiles_tables/data__.tsv,524,9.0.1
projectile,wh3_dlc25_unit_abilities_thunderbarge_fire_bomb_shrapnel,data/unit_stats/source_exports/db/projectiles_tables/data__.tsv,525,9.0.1
projectile,wh3_dlc25_unit_abilities_unspeakable_foulness,data/unit_stats/source_exports/db/projectiles_tables/data__.tsv,526,9.0.1
projectile,wh3_dlc25_weapon_abilities_experimental_explosive,data/unit_stats/source_exports/db/projectiles_tables/data__.tsv,527,9.0.1
projectile,wh3_dlc26_arachnarok_flinger_rock,data/unit_stats/source_exports/db/projectiles_tables/data__.tsv,528,9.0.1
projectile,wh3_dlc26_army_abilities_khornes_wrath,data/unit_stats/source_exports/db/projectiles_tables/data__.tsv,529,9.0.1
projectile,wh3_dlc26_grn_bolt_throwa,data/unit_stats/source_exports/db/projectiles_tables/data__.tsv,530,9.0.1
projectile,wh3_dlc26_grn_bolt_throwa_ror,data/unit_stats/source_exports/db/projectiles_tables/data__.tsv,531,9.0.1
projectile,wh3_dlc26_grn_stinkee_arrers,data/unit_stats/source_exports/db/projectiles_tables/data__.tsv,532,9.0.1
projectile,wh3_dlc26_hero_abilities_sting_of_snagla,data/unit_stats/source_exports/db/projectiles_tables/data__.tsv,533,9.0.1
projectile,wh3_dlc26_ice_shard_thundertusk,data/unit_stats/source_exports/db/projectiles_tables/data__.tsv,534,9.0.1
projectile,wh3_dlc26_kho_skullcannon_skull_ror,data/unit_stats/source_exports/db/projectiles_tables/data__.tsv,535,9.0.1
projectile,wh3_dlc26_lord_abilities_dead_eye,data/unit_stats/source_exports/db/projectiles_tables/data__.tsv,536,9.0.1
projectile,wh3_dlc26_ogr_veh_gnoblar_scraplauncher_shot_increased_projectile,data/unit_stats/source_exports/db/projectiles_tables/data__.tsv,539,9.0.1
projectile,wh3_dlc27_chs_marauder_horsemen_msla_javelin_anti_large,data/unit_stats/source_exports/db/projectiles_tables/data__.tsv,542,9.0.1
projectile,wh3_dlc27_chs_marauder_horsemen_msla_javelin_anti_large_ror,data/unit_stats/source_exports/db/projectiles_tables/data__.tsv,543,9.0.1
projectile,wh3_dlc27_chs_marauder_horsemen_msla_javelin_ror,data/unit_stats/source_exports/db/projectiles_tables/data__.tsv,544,9.0.1
projectile,wh3_dlc27_hef_dragonship_bolt,data/unit_stats/source_exports/db/projectiles_tables/data__.tsv,545,9.0.1
projectile,wh3_dlc27_hef_longbow_arrow_anti_infantry,data/unit_stats/source_exports/db/projectiles_tables/data__.tsv,546,9.0.1
projectile,wh3_dlc27_hef_longbow_arrow_flaming_anti_infantry,data/unit_stats/source_exports/db/projectiles_tables/data__.tsv,547,9.0.1
projectile,wh3_dlc27_hef_longbow_arrow_princess_explosive,data/unit_stats/source_exports/db/projectiles_tables/data__.tsv,548,9.0.1
projectile,wh3_dlc27_hef_longbow_arrow_sentinel_anti_infantry,data/unit_stats/source_exports/db/projectiles_tables/data__.tsv,549,9.0.1
projectile,wh3_dlc27_hef_longbow_arrow_shadow_anti_infantry,data/unit_stats/source_exports/db/projectiles_tables/data__.tsv,550,9.0.1
projectile,wh3_dlc27_hef_longbow_arrow_shadow_walker_anti_infantry,data/unit_stats/source_exports/db/projectiles_tables/data__.tsv,551,9.0.1
projectile,wh3_dlc27_hef_longbow_arrow_sisters_anti_infantry,data/unit_stats/source_exports/db/projectiles_tables/data__.tsv,552,9.0.1
projectile,wh3_dlc27_hef_longbow_arrow_spireguard_anti_infantry,data/unit_stats/source_exports/db/projectiles_tables/data__.tsv,553,9.0.1
projectile,wh3_dlc27_hef_sea_guard_arrow_anti_infantry,data/unit_stats/source_exports/db/projectiles_tables/data__.tsv,554,9.0.1
projectile,wh3_dlc27_hef_skycutter_bolt,data/unit_stats/source_exports/db/projectiles_tables/data__.tsv,555,9.0.1
projectile,wh3_dlc27_hef_skycutter_bolt_spread,data/unit_stats/source_exports/db/projectiles_tables/data__.tsv,556,9.0.1
projectile,wh3_dlc27_hef_skycutter_bow_arrow,data/unit_stats/source_exports/db/projectiles_tables/data__.tsv,557,9.0.1
projectile,wh3_dlc27_item_abilities_schalkains_teeth,data/unit_stats/source_exports/db/projectiles_tables/data__.tsv,558,9.0.1
projectile,wh3_dlc27_nor_mon_dread_maw_spit,data/unit_stats/source_exports/db/projectiles_tables/data__.tsv,559,9.0.1
projectile,wh3_dlc27_sla_crossbow_bolt_devotees,data/unit_stats/source_exports/db/projectiles_tables/data__.tsv,560,9.0.1
projectile,wh3_dlc27_spell_heavens_chain_lightning,data/unit_stats/source_exports/db/projectiles_tables/data__.tsv,561,9.0.1
projectile,wh3_dlc27_spell_heavens_urannons_thunderbolt_upgraded_v2,data/unit_stats/source_exports/db/projectiles_tables/data__.tsv,562,9.0.1
projectile,wh3_dlc27_spell_heavens_urannons_thunderbolt_v2,data/unit_stats/source_exports/db/projectiles_tables/data__.tsv,563,9.0.1
projectile,wh3_dlc27_unit_abilities_flaming_breath,data/unit_stats/source_exports/db/projectiles_tables/data__.tsv,564,9.0.1
projectile,wh3_dlc29_chs_bilespurter_v2_shrapnel,data/unit_stats/source_exports/db/projectiles_tables/data__.tsv,566,9.0.1
projectile,wh3_dlc29_chs_ghurk_pestilent_torrent,data/unit_stats/source_exports/db/projectiles_tables/data__.tsv,567,9.0.1
projectile,wh3_dlc29_chs_pestilential_bombardment,data/unit_stats/source_exports/db/projectiles_tables/data__.tsv,568,9.0.1
projectile,wh3_dlc29_hero_active_bilespurter,data/unit_stats/source_exports/db/projectiles_tables/data__.tsv,569,9.0.1
projectile,wh3_dlc29_nag_carronade_grapeshot,data/unit_stats/source_exports/db/projectiles_tables/data__.tsv,570,9.0.1
projectile,wh3_dlc29_neferata_abilities_shadowblood,data/unit_stats/source_exports/db/projectiles_tables/data__.tsv,571,9.0.1
projectile,wh3_dlc29_passive_spell_heavens_lightning_strike,data/unit_stats/source_exports/db/projectiles_tables/data__.tsv,574,9.0.1
projectile,wh3_dlc29_passive_spell_light_shems_burning_gaze,data/unit_stats/source_exports/db/projectiles_tables/data__.tsv,575,9.0.1
projectile,wh3_dlc29_passive_spell_vampires_gaze_of_nagash,data/unit_stats/source_exports/db/projectiles_tables/data__.tsv,576,9.0.1
projectile,wh3_dlc29_skv_boneripper_warpfire,data/unit_stats/source_exports/db/projectiles_tables/data__.tsv,578,9.0.1
projectile,wh3_dlc29_skv_doomstar_verminlord_deceiver,data/unit_stats/source_exports/db/projectiles_tables/data__.tsv,579,9.0.1
projectile,wh3_dlc29_skv_plagueclaw_ror,data/unit_stats/source_exports/db/projectiles_tables/data__.tsv,580,9.0.1
projectile,wh3_dlc29_skv_poison_wind,data/unit_stats/source_exports/db/projectiles_tables/data__.tsv,581,9.0.1
projectile,wh3_dlc29_skv_ratling_cannon_bullet,data/unit_stats/source_exports/db/projectiles_tables/data__.tsv,582,9.0.1
projectile,wh3_dlc29_skv_ratling_cannon_bullet_ror,data/unit_stats/source_exports/db/projectiles_tables/data__.tsv,583,9.0.1
projectile,wh3_dlc29_skv_warp_doom_magma,data/unit_stats/source_exports/db/projectiles_tables/data__.tsv,584,9.0.1
projectile,wh3_dlc29_skv_warpfire,data/unit_stats/source_exports/db/projectiles_tables/data__.tsv,585,9.0.1
projectile,wh3_dlc29_spell_plague_bound_the_dreaded_thirteenth_1,data/unit_stats/source_exports/db/projectiles_tables/data__.tsv,586,9.0.1
projectile,wh3_dlc29_unit_abilities_the_gaze_of_dust,data/unit_stats/source_exports/db/projectiles_tables/data__.tsv,587,9.0.1
projectile,wh3_dlc29_unit_abilities_undeath_from_above,data/unit_stats/source_exports/db/projectiles_tables/data__.tsv,588,9.0.1
projectile,wh3_dlc29_wef_lamentation_of_despair_upgraded,data/unit_stats/source_exports/db/projectiles_tables/data__.tsv,589,9.0.1
projectile,wh3_dlc_26_grn_crossbow_bolt,data/unit_stats/source_exports/db/projectiles_tables/data__.tsv,590,9.0.1
projectile,wh3_emp_steam_tank_cannon_ball_exploding,data/unit_stats/source_exports/db/projectiles_tables/data__.tsv,591,9.0.1
projectile,wh3_ksl_sled_rifle_bullet,data/unit_stats/source_exports/db/projectiles_tables/data__.tsv,592,9.0.1
projectile,wh3_ksl_streltsi_rifle_bullet,data/unit_stats/source_exports/db/projectiles_tables/data__.tsv,593,9.0.1
projectile,wh3_main_abilities_bellow_of_endless_fury,data/unit_stats/source_exports/db/projectiles_tables/data__.tsv,594,9.0.1
projectile,wh3_main_abilities_bellow_of_fury,data/unit_stats/source_exports/db/projectiles_tables/data__.tsv,595,9.0.1
projectile,wh3_main_army_abilities_bolt_of_change,data/unit_stats/source_exports/db/projectiles_tables/data__.tsv,596,9.0.1
projectile,wh3_main_army_abilities_celestial_intervention,data/unit_stats/source_exports/db/projectiles_tables/data__.tsv,597,9.0.1
projectile,wh3_main_army_abilities_stoneshaker,data/unit_stats/source_exports/db/projectiles_tables/data__.tsv,598,9.0.1
projectile,wh3_main_army_abilities_storm_of_fire,data/unit_stats/source_exports/db/projectiles_tables/data__.tsv,599,9.0.1
projectile,wh3_main_cataclysm_fire_magma_storm,data/unit_stats/source_exports/db/projectiles_tables/data__.tsv,624,9.0.1
projectile,wh3_main_cataclysm_heavens_thorsens_thunderstorm,data/unit_stats/source_exports/db/projectiles_tables/data__.tsv,625,9.0.1
projectile,wh3_main_character_abilities_crippling_throw,data/unit_stats/source_exports/db/projectiles_tables/data__.tsv,626,9.0.1
projectile,wh3_main_character_abilities_fire_breath,data/unit_stats/source_exports/db/projectiles_tables/data__.tsv,627,9.0.1
projectile,wh3_main_character_abilities_ice_shard,data/unit_stats/source_exports/db/projectiles_tables/data__.tsv,628,9.0.1
projectile,wh3_main_chd_art_hobgob_bolt_thrower,data/unit_stats/source_exports/db/projectiles_tables/data__.tsv,629,9.0.1
projectile,wh3_main_cth_dragon_crossbow_bolt,data/unit_stats/source_exports/db/projectiles_tables/data__.tsv,642,9.0.1
projectile,wh3_main_cth_grand_cannon_ball,data/unit_stats/source_exports/db/projectiles_tables/data__.tsv,643,9.0.1
projectile,wh3_main_cth_grenade,data/unit_stats/source_exports/db/projectiles_tables/data__.tsv,644,9.0.1
projectile,wh3_main_cth_rocket,data/unit_stats/source_exports/db/projectiles_tables/data__.tsv,649,9.0.1
projectile,wh3_main_cth_rocket_sky_junk,data/unit_stats/source_exports/db/projectiles_tables/data__.tsv,650,9.0.1
projectile,wh3_main_kho_skullcannon_skull,data/unit_stats/source_exports/db/projectiles_tables/data__.tsv,728,9.0.1
projectile,wh3_main_kho_soul_grinder_cannon,data/unit_stats/source_exports/db/projectiles_tables/data__.tsv,729,9.0.1
projectile,wh3_main_ksl_armoured_kossar_pistol_bullet,data/unit_stats/source_exports/db/projectiles_tables/data__.tsv,734,9.0.1
projectile,wh3_main_ksl_ataman_pistol,data/unit_stats/source_exports/db/projectiles_tables/data__.tsv,735,9.0.1
projectile,wh3_main_ksl_bow_arrow_mounted,data/unit_stats/source_exports/db/projectiles_tables/data__.tsv,736,9.0.1
projectile,wh3_main_ksl_bow_ice_guard,data/unit_stats/source_exports/db/projectiles_tables/data__.tsv,737,9.0.1
projectile,wh3_main_ksl_bow_kossars,data/unit_stats/source_exports/db/projectiles_tables/data__.tsv,738,9.0.1
projectile,wh3_main_ksl_little_grom_cannon_ball,data/unit_stats/source_exports/db/projectiles_tables/data__.tsv,739,9.0.1
projectile,wh3_main_ksl_little_grom_cannon_ball_explosive,data/unit_stats/source_exports/db/projectiles_tables/data__.tsv,740,9.0.1
projectile,wh3_main_nur_kugath_infested_nurgling,data/unit_stats/source_exports/db/projectiles_tables/data__.tsv,777,9.0.1
projectile,wh3_main_nur_kugath_necrotic_nurglings,data/unit_stats/source_exports/db/projectiles_tables/data__.tsv,778,9.0.1
projectile,wh3_main_nur_soul_grinder_bombard,data/unit_stats/source_exports/db/projectiles_tables/data__.tsv,787,9.0.1
projectile,wh3_main_ogr_gnoblar_slings,data/unit_stats/source_exports/db/projectiles_tables/data__.tsv,792,9.0.1
projectile,wh3_main_ogr_harpoon_launcher_bolt,data/unit_stats/source_exports/db/projectiles_tables/data__.tsv,793,9.0.1
projectile,wh3_main_ogr_hunter_throwing_spear,data/unit_stats/source_exports/db/projectiles_tables/data__.tsv,794,9.0.1
projectile,wh3_main_ogr_leadbelcher_shot,data/unit_stats/source_exports/db/projectiles_tables/data__.tsv,795,9.0.1
projectile,wh3_main_ogr_veh_gnoblar_scraplauncher_shot,data/unit_stats/source_exports/db/projectiles_tables/data__.tsv,808,9.0.1
projectile,wh3_main_ogr_veh_ironblaster_shot,data/unit_stats/source_exports/db/projectiles_tables/data__.tsv,809,9.0.1
projectile,wh3_main_spell_slaanesh_slicing_shards,data/unit_stats/source_exports/db/projectiles_tables/data__.tsv,834,9.0.1
projectile,wh3_main_spell_slaanesh_slicing_shards_upgraded,data/unit_stats/source_exports/db/projectiles_tables/data__.tsv,835,9.0.1
projectile,wh3_main_spell_tempest_hailstorm,data/unit_stats/source_exports/db/projectiles_tables/data__.tsv,836,9.0.1
projectile,wh3_main_spell_tzeentch_blue_fire_of_tzeentch,data/unit_stats/source_exports/db/projectiles_tables/data__.tsv,837,9.0.1
projectile,wh3_main_spell_tzeentch_blue_fire_of_tzeentch_upgraded,data/unit_stats/source_exports/db/projectiles_tables/data__.tsv,838,9.0.1
projectile,wh3_main_tmb_bow_chariot_horse_khalida,data/unit_stats/source_exports/db/projectiles_tables/data__.tsv,839,9.0.1
projectile,wh3_main_tmb_bow_horse_khalida,data/unit_stats/source_exports/db/projectiles_tables/data__.tsv,840,9.0.1
projectile,wh3_main_tmb_bow_skeleton_khalida,data/unit_stats/source_exports/db/projectiles_tables/data__.tsv,841,9.0.1
projectile,wh3_main_tmb_bow_skeleton_ror_khalida,data/unit_stats/source_exports/db/projectiles_tables/data__.tsv,842,9.0.1
projectile,wh3_main_tze_blue_horror_fire_bolt,data/unit_stats/source_exports/db/projectiles_tables/data__.tsv,855,9.0.1
projectile,wh3_main_tze_burning_chariot_exalted_flamer_warpflame,data/unit_stats/source_exports/db/projectiles_tables/data__.tsv,856,9.0.1
projectile,wh3_main_tze_exalted_flamer_warpflame,data/unit_stats/source_exports/db/projectiles_tables/data__.tsv,857,9.0.1
projectile,wh3_main_tze_flamer_flame,data/unit_stats/source_exports/db/projectiles_tables/data__.tsv,858,9.0.1
projectile,wh3_main_tze_herald_fire_bolt,data/unit_stats/source_exports/db/projectiles_tables/data__.tsv,859,9.0.1
projectile,wh3_main_tze_herald_fire_bolt_improved,data/unit_stats/source_exports/db/projectiles_tables/data__.tsv,860,9.0.1
projectile,wh3_main_tze_iridescent_horror_fire_bolt,data/unit_stats/source_exports/db/projectiles_tables/data__.tsv,861,9.0.1
projectile,wh3_main_tze_pink_exalted_horror_fire_bolt,data/unit_stats/source_exports/db/projectiles_tables/data__.tsv,862,9.0.1
projectile,wh3_main_tze_pink_horror_fire_bolt,data/unit_stats/source_exports/db/projectiles_tables/data__.tsv,863,9.0.1
projectile,wh3_main_tze_soul_grinder_bolt,data/unit_stats/source_exports/db/projectiles_tables/data__.tsv,872,9.0.1
projectile,wh3_main_unit_abilities_elemental_breath,data/unit_stats/source_exports/db/projectiles_tables/data__.tsv,877,9.0.1
projectile,wh3_main_unit_abilities_sky_junk_bomb,data/unit_stats/source_exports/db/projectiles_tables/data__.tsv,878,9.0.1
projectile,wh3_main_weapon_abilities_bolt_storm,data/unit_stats/source_exports/db/projectiles_tables/data__.tsv,891,9.0.1
projectile,wh3_main_weapon_abilities_godkiller_pistol,data/unit_stats/source_exports/db/projectiles_tables/data__.tsv,892,9.0.1
projectile,wh3_main_weapon_abilities_siegebreaker,data/unit_stats/source_exports/db/projectiles_tables/data__.tsv,893,9.0.1
projectile,wh3_main_weapon_abilities_thundermace,data/unit_stats/source_exports/db/projectiles_tables/data__.tsv,894,9.0.1
projectile,wh3_nur_plague_drones_deaths_head,data/unit_stats/source_exports/db/projectiles_tables/data__.tsv,907,9.0.1
projectile,wh3_nur_plague_drones_deaths_head_ror,data/unit_stats/source_exports/db/projectiles_tables/data__.tsv,908,9.0.1
projectile,wh3_nur_plague_drones_deaths_head_ror_cluster,data/unit_stats/source_exports/db/projectiles_tables/data__.tsv,909,9.0.1
projectile,wh3_nur_plaguebearers_deaths_head,data/unit_stats/source_exports/db/projectiles_tables/data__.tsv,910,9.0.1
projectile,wh3_ogr_gnoblar_throwing_dagger,data/unit_stats/source_exports/db/projectiles_tables/data__.tsv,911,9.0.1
projectile,wh3_ogr_gnoblar_throwing_dagger_ror,data/unit_stats/source_exports/db/projectiles_tables/data__.tsv,912,9.0.1
projectile,wh3_ogr_pistol_bullet,data/unit_stats/source_exports/db/projectiles_tables/data__.tsv,913,9.0.1
projectile,wh3_pro10_army_abilities_oblivion_bolt,data/unit_stats/source_exports/db/projectiles_tables/data__.tsv,914,9.0.1
projectile,wh3_twa06_ogr_pistol_bullet_ror,data/unit_stats/source_exports/db/projectiles_tables/data__.tsv,915,9.0.1
projectile,wh3_twa06_tze_pink_exalted_horror_fire_bolt_ror,data/unit_stats/source_exports/db/projectiles_tables/data__.tsv,916,9.0.1
projectile,wh3_twa07_spell_bound_call_of_tor,data/unit_stats/source_exports/db/projectiles_tables/data__.tsv,917,9.0.1
projectile,wh3_twa07_unit_abilities_searing_torrent,data/unit_stats/source_exports/db/projectiles_tables/data__.tsv,918,9.0.1
projectile,wh3_twa10_cth_peasant_bow_arrow,data/unit_stats/source_exports/db/projectiles_tables/data__.tsv,919,9.0.1
projectile,wh_brt_arrow_horse,data/unit_stats/source_exports/db/projectiles_tables/data__.tsv,920,9.0.1
projectile,wh_brt_arrow_horse_pox,data/unit_stats/source_exports/db/projectiles_tables/data__.tsv,921,9.0.1
projectile,wh_brt_longbow_arrow,data/unit_stats/source_exports/db/projectiles_tables/data__.tsv,922,9.0.1
projectile,wh_brt_longbow_arrow_fire,data/unit_stats/source_exports/db/projectiles_tables/data__.tsv,923,9.0.1
projectile,wh_brt_longbow_arrow_pox,data/unit_stats/source_exports/db/projectiles_tables/data__.tsv,924,9.0.1
projectile,wh_brt_trebuchet_stone,data/unit_stats/source_exports/db/projectiles_tables/data__.tsv,925,9.0.1
projectile,wh_chs_hellcannon_blast,data/unit_stats/source_exports/db/projectiles_tables/data__.tsv,926,9.0.1
projectile,wh_chs_javelin,data/unit_stats/source_exports/db/projectiles_tables/data__.tsv,927,9.0.1
projectile,wh_chs_javelin_heavy,data/unit_stats/source_exports/db/projectiles_tables/data__.tsv,928,9.0.1
projectile,wh_chs_throwing_axe,data/unit_stats/source_exports/db/projectiles_tables/data__.tsv,929,9.0.1
projectile,wh_dlc03_bst_centigor_throwing_axe,data/unit_stats/source_exports/db/projectiles_tables/data__.tsv,930,9.0.1
projectile,wh_dlc03_bst_cygor_boulder,data/unit_stats/source_exports/db/projectiles_tables/data__.tsv,931,9.0.1
projectile,wh_dlc03_bst_hunting_spear,data/unit_stats/source_exports/db/projectiles_tables/data__.tsv,935,9.0.1
projectile,wh_dlc03_bst_ungor_arrow,data/unit_stats/source_exports/db/projectiles_tables/data__.tsv,936,9.0.1
projectile,wh_dlc03_spell_beasts_the_amber_spear,data/unit_stats/source_exports/db/projectiles_tables/data__.tsv,937,9.0.1
projectile,wh_dlc03_spell_beasts_the_amber_spear_upgraded,data/unit_stats/source_exports/db/projectiles_tables/data__.tsv,938,9.0.1
projectile,wh_dlc04_emp_free_company_pistol_bullet,data/unit_stats/source_exports/db/projectiles_tables/data__.tsv,939,9.0.1
projectile,wh_dlc04_emp_free_company_pistol_bullet_exploding,data/unit_stats/source_exports/db/projectiles_tables/data__.tsv,940,9.0.1
projectile,wh_dlc04_emp_great_cannon_ball_hammer_witches,data/unit_stats/source_exports/db/projectiles_tables/data__.tsv,941,9.0.1
projectile,wh_dlc04_emp_rifle_bullet_silver_bullets,data/unit_stats/source_exports/db/projectiles_tables/data__.tsv,942,9.0.1
projectile,wh_dlc04_emp_rifle_bullet_silver_bullets_exploding,data/unit_stats/source_exports/db/projectiles_tables/data__.tsv,943,9.0.1
projectile,wh_dlc04_emp_stirlands_pistol_bullet,data/unit_stats/source_exports/db/projectiles_tables/data__.tsv,944,9.0.1
projectile,wh_dlc04_emp_stirlands_pistol_bullet_blessed,data/unit_stats/source_exports/db/projectiles_tables/data__.tsv,945,9.0.1
projectile,wh_dlc04_emp_stirlands_pistol_bullet_exploding,data/unit_stats/source_exports/db/projectiles_tables/data__.tsv,946,9.0.1
projectile,wh_dlc04_emp_sunmaker_rocket,data/unit_stats/source_exports/db/projectiles_tables/data__.tsv,947,9.0.1
projectile,wh_dlc04_emp_sunmaker_rocket_fuse,data/unit_stats/source_exports/db/projectiles_tables/data__.tsv,948,9.0.1
projectile,wh_dlc04_emp_sunmaker_rocket_shrapnel,data/unit_stats/source_exports/db/projectiles_tables/data__.tsv,949,9.0.1
projectile,wh_dlc05_spell_life_the_dwellers_below,data/unit_stats/source_exports/db/projectiles_tables/data__.tsv,950,9.0.1
projectile,wh_dlc05_spell_life_the_dwellers_below_upgraded,data/unit_stats/source_exports/db/projectiles_tables/data__.tsv,951,9.0.1
projectile,wh_dlc05_wef_arrow_of_kurnous,data/unit_stats/source_exports/db/projectiles_tables/data__.tsv,952,9.0.1
projectile,wh_dlc05_wef_bow_of_loren,data/unit_stats/source_exports/db/projectiles_tables/data__.tsv,953,9.0.1
projectile,wh_dlc05_wef_cha_trueflight_arrow,data/unit_stats/source_exports/db/projectiles_tables/data__.tsv,954,9.0.1
projectile,wh_dlc05_wef_hagbane_arrow,data/unit_stats/source_exports/db/projectiles_tables/data__.tsv,955,9.0.1
projectile,wh_dlc05_wef_hagbane_arrow_mounted,data/unit_stats/source_exports/db/projectiles_tables/data__.tsv,956,9.0.1
projectile,wh_dlc05_wef_hail_of_doom_arrow,data/unit_stats/source_exports/db/projectiles_tables/data__.tsv,957,9.0.1
projectile,wh_dlc05_wef_hawk_rider_arrow,data/unit_stats/source_exports/db/projectiles_tables/data__.tsv,958,9.0.1
projectile,wh_dlc05_wef_hawks_talon,data/unit_stats/source_exports/db/projectiles_tables/data__.tsv,959,9.0.1
projectile,wh_dlc05_wef_javelin,data/unit_stats/source_exports/db/projectiles_tables/data__.tsv,960,9.0.1
projectile,wh_dlc05_wef_lamentation_of_despair,data/unit_stats/source_exports/db/projectiles_tables/data__.tsv,961,9.0.1
projectile,wh_dlc05_wef_orion_spear,data/unit_stats/source_exports/db/projectiles_tables/data__.tsv,963,9.0.1
projectile,wh_dlc05_wef_scout_arrow,data/unit_stats/source_exports/db/projectiles_tables/data__.tsv,964,9.0.1
projectile,wh_dlc05_wef_spear_of_kurnous,data/unit_stats/source_exports/db/projectiles_tables/data__.tsv,965,9.0.1
projectile,wh_dlc05_wef_standard_arrow,data/unit_stats/source_exports/db/projectiles_tables/data__.tsv,966,9.0.1
projectile,wh_dlc05_wef_standard_arrow_mounted,data/unit_stats/source_exports/db/projectiles_tables/data__.tsv,967,9.0.1
projectile,wh_dlc05_wef_starfire_arrow,data/unit_stats/source_exports/db/projectiles_tables/data__.tsv,968,9.0.1
projectile,wh_dlc05_wef_swiftshiver_arrow,data/unit_stats/source_exports/db/projectiles_tables/data__.tsv,970,9.0.1
projectile,wh_dlc05_wef_waywatchers_arrow,data/unit_stats/source_exports/db/projectiles_tables/data__.tsv,972,9.0.1
projectile,wh_dlc06_dwf_crossow_bolt_bugmans_rangers,data/unit_stats/source_exports/db/projectiles_tables/data__.tsv,974,9.0.1
projectile,wh_dlc06_dwf_rangers_throwing_axe,data/unit_stats/source_exports/db/projectiles_tables/data__.tsv,976,9.0.1
projectile,wh_dlc06_grn_goblin_arrow_mogrubb,data/unit_stats/source_exports/db/projectiles_tables/data__.tsv,977,9.0.1
projectile,wh_dlc06_grn_goblin_rock_lobber_rock_blinded,data/unit_stats/source_exports/db/projectiles_tables/data__.tsv,978,9.0.1
projectile,wh_dlc06_quest_passive_squigs_go_boom,data/unit_stats/source_exports/db/projectiles_tables/data__.tsv,980,9.0.1
projectile,wh_dlc06_unit_abilities_skyhammer_bomb,data/unit_stats/source_exports/db/projectiles_tables/data__.tsv,981,9.0.1
projectile,wh_dlc06_unit_abilities_skyhammer_fire_bomb,data/unit_stats/source_exports/db/projectiles_tables/data__.tsv,982,9.0.1
projectile,wh_dlc06_weapon_abilities_skarsniks_prodder,data/unit_stats/source_exports/db/projectiles_tables/data__.tsv,983,9.0.1
projectile,wh_dlc06_weapon_abilities_skarsniks_prodder_mini,data/unit_stats/source_exports/db/projectiles_tables/data__.tsv,984,9.0.1
projectile,wh_dlc07_brt_trebuchet_blessed_stone,data/unit_stats/source_exports/db/projectiles_tables/data__.tsv,985,9.0.1
projectile,wh_dlc07_item_abilities_chalice_of_potions,data/unit_stats/source_exports/db/projectiles_tables/data__.tsv,986,9.0.1
projectile,wh_dlc08_abilities_lightening_down,data/unit_stats/source_exports/db/projectiles_tables/data__.tsv,987,9.0.1
projectile,wh_dlc08_abilities_nor_copious_vomit,data/unit_stats/source_exports/db/projectiles_tables/data__.tsv,988,9.0.1
projectile,wh_dlc08_nor_cav_marauder_warwolves_chariot_throwing_axe,data/unit_stats/source_exports/db/projectiles_tables/data__.tsv,989,9.0.1
projectile,wh_dlc08_nor_hellcannon_blast_ice,data/unit_stats/source_exports/db/projectiles_tables/data__.tsv,990,9.0.1
projectile,wh_dlc08_wef_waywatchers_arrow_RoR,data/unit_stats/source_exports/db/projectiles_tables/data__.tsv,991,9.0.1
projectile,wh_dlc09_weapon_abilities_venom_staff,data/unit_stats/source_exports/db/projectiles_tables/data__.tsv,992,9.0.1
projectile,wh_dlc09_weapon_abilities_venom_staff_mini,data/unit_stats/source_exports/db/projectiles_tables/data__.tsv,993,9.0.1
projectile,wh_dlc14_dwf_master_engineer_rifle_bullet_magical,data/unit_stats/source_exports/db/projectiles_tables/data__.tsv,994,9.0.1
projectile,wh_dlc15_grn_rogue_idol_ror_boulder,data/unit_stats/source_exports/db/projectiles_tables/data__.tsv,995,9.0.1
projectile,wh_dlc16_wef_orion_spear_anti_large,data/unit_stats/source_exports/db/projectiles_tables/data__.tsv,996,9.0.1
projectile,wh_dwf_bolt_thrower_bolt,data/unit_stats/source_exports/db/projectiles_tables/data__.tsv,997,9.0.1
projectile,wh_dwf_bolt_thrower_bolt_flaming,data/unit_stats/source_exports/db/projectiles_tables/data__.tsv,998,9.0.1
projectile,wh_dwf_bolt_thrower_bolt_penetrating,data/unit_stats/source_exports/db/projectiles_tables/data__.tsv,999,9.0.1
projectile,wh_dwf_bolt_thrower_bolt_seeking,data/unit_stats/source_exports/db/projectiles_tables/data__.tsv,1000,9.0.1
projectile,wh_dwf_cannon_ball,data/unit_stats/source_exports/db/projectiles_tables/data__.tsv,1001,9.0.1
projectile,wh_dwf_cannon_ball_flaming,data/unit_stats/source_exports/db/projectiles_tables/data__.tsv,1002,9.0.1
projectile,wh_dwf_cannon_ball_penetrating,data/unit_stats/source_exports/db/projectiles_tables/data__.tsv,1003,9.0.1
projectile,wh_dwf_cannon_ball_seeking,data/unit_stats/source_exports/db/projectiles_tables/data__.tsv,1004,9.0.1
projectile,wh_dwf_crossow_bolt,data/unit_stats/source_exports/db/projectiles_tables/data__.tsv,1005,9.0.1
projectile,wh_dwf_drakegun_flame,data/unit_stats/source_exports/db/projectiles_tables/data__.tsv,1006,9.0.1
projectile,wh_dwf_drakegun_skolder,data/unit_stats/source_exports/db/projectiles_tables/data__.tsv,1007,9.0.1
projectile,wh_dwf_drakegun_trollhammer,data/unit_stats/source_exports/db/projectiles_tables/data__.tsv,1008,9.0.1
projectile,wh_dwf_flame_cannon_flame,data/unit_stats/source_exports/db/projectiles_tables/data__.tsv,1009,9.0.1
projectile,wh_dwf_flame_cannon_flame_penetrating,data/unit_stats/source_exports/db/projectiles_tables/data__.tsv,1010,9.0.1
projectile,wh_dwf_flame_cannon_flame_seeking,data/unit_stats/source_exports/db/projectiles_tables/data__.tsv,1011,9.0.1
projectile,wh_dwf_flame_cannon_flaming,data/unit_stats/source_exports/db/projectiles_tables/data__.tsv,1012,9.0.1
projectile,wh_dwf_grudge_stone,data/unit_stats/source_exports/db/projectiles_tables/data__.tsv,1013,9.0.1
projectile,wh_dwf_grudge_stone_flaming,data/unit_stats/source_exports/db/projectiles_tables/data__.tsv,1014,9.0.1
projectile,wh_dwf_grudge_stone_goblin,data/unit_stats/source_exports/db/projectiles_tables/data__.tsv,1015,9.0.1
projectile,wh_dwf_grudge_stone_goblin_flaming,data/unit_stats/source_exports/db/projectiles_tables/data__.tsv,1016,9.0.1
projectile,wh_dwf_grudge_stone_goblin_penetrating,data/unit_stats/source_exports/db/projectiles_tables/data__.tsv,1017,9.0.1
projectile,wh_dwf_grudge_stone_goblin_seeking,data/unit_stats/source_exports/db/projectiles_tables/data__.tsv,1018,9.0.1
projectile,wh_dwf_grudge_stone_penetrating,data/unit_stats/source_exports/db/projectiles_tables/data__.tsv,1019,9.0.1
projectile,wh_dwf_grudge_stone_seeking,data/unit_stats/source_exports/db/projectiles_tables/data__.tsv,1020,9.0.1
projectile,wh_dwf_gyrobomber_clattergun_bullet,data/unit_stats/source_exports/db/projectiles_tables/data__.tsv,1021,9.0.1
projectile,wh_dwf_gyrocopter_steam_shot,data/unit_stats/source_exports/db/projectiles_tables/data__.tsv,1022,9.0.1
projectile,wh_dwf_ironbreakers_cinderblast_bomb,data/unit_stats/source_exports/db/projectiles_tables/data__.tsv,1023,9.0.1
projectile,wh_dwf_master_engineer_rifle_bullet,data/unit_stats/source_exports/db/projectiles_tables/data__.tsv,1024,9.0.1
projectile,wh_dwf_miners_blasting_charge,data/unit_stats/source_exports/db/projectiles_tables/data__.tsv,1026,9.0.1
projectile,wh_dwf_organ_gun,data/unit_stats/source_exports/db/projectiles_tables/data__.tsv,1027,9.0.1
projectile,wh_dwf_organ_gun_flaming,data/unit_stats/source_exports/db/projectiles_tables/data__.tsv,1028,9.0.1
projectile,wh_dwf_organ_gun_penetrating,data/unit_stats/source_exports/db/projectiles_tables/data__.tsv,1029,9.0.1
projectile,wh_dwf_organ_gun_seeking,data/unit_stats/source_exports/db/projectiles_tables/data__.tsv,1030,9.0.1
projectile,wh_dwf_rifle_bullet,data/unit_stats/source_exports/db/projectiles_tables/data__.tsv,1031,9.0.1
projectile,wh_emp_crossbow_bolt,data/unit_stats/source_exports/db/projectiles_tables/data__.tsv,1032,9.0.1
projectile,wh_emp_great_cannon_ball,data/unit_stats/source_exports/db/projectiles_tables/data__.tsv,1034,9.0.1
projectile,wh_emp_grenade,data/unit_stats/source_exports/db/projectiles_tables/data__.tsv,1035,9.0.1
projectile,wh_emp_helblaster_volley_gun_bullet,data/unit_stats/source_exports/db/projectiles_tables/data__.tsv,1036,9.0.1
projectile,wh_emp_helblaster_volley_gun_bullet_upgraded,data/unit_stats/source_exports/db/projectiles_tables/data__.tsv,1037,9.0.1
projectile,wh_emp_mortar_shell,data/unit_stats/source_exports/db/projectiles_tables/data__.tsv,1038,9.0.1
projectile,wh_emp_pistol_bullet,data/unit_stats/source_exports/db/projectiles_tables/data__.tsv,1039,9.0.1
projectile,wh_emp_rifle_bullet,data/unit_stats/source_exports/db/projectiles_tables/data__.tsv,1040,9.0.1
projectile,wh_emp_rifle_bullet_exploding,data/unit_stats/source_exports/db/projectiles_tables/data__.tsv,1041,9.0.1
projectile,wh_emp_rocket,data/unit_stats/source_exports/db/projectiles_tables/data__.tsv,1042,9.0.1
projectile,wh_emp_steam_tank_cannon_ball,data/unit_stats/source_exports/db/projectiles_tables/data__.tsv,1043,9.0.1
projectile,wh_emp_witchhunter_pistol,data/unit_stats/source_exports/db/projectiles_tables/data__.tsv,1046,9.0.1
projectile,wh_grn_doomdiver_goblin,data/unit_stats/source_exports/db/projectiles_tables/data__.tsv,1053,9.0.1
projectile,wh_grn_goblin_arrow,data/unit_stats/source_exports/db/projectiles_tables/data__.tsv,1055,9.0.1
projectile,wh_grn_goblin_arrow_poison_night_goblin,data/unit_stats/source_exports/db/projectiles_tables/data__.tsv,1056,9.0.1
projectile,wh_grn_goblin_arrow_poison_spider_mounted,data/unit_stats/source_exports/db/projectiles_tables/data__.tsv,1057,9.0.1
projectile,wh_grn_goblin_arrow_sundered_night_goblin,data/unit_stats/source_exports/db/projectiles_tables/data__.tsv,1058,9.0.1
projectile,wh_grn_goblin_arrow_wolf_mounted,data/unit_stats/source_exports/db/projectiles_tables/data__.tsv,1059,9.0.1
projectile,wh_grn_orc_arrow,data/unit_stats/source_exports/db/projectiles_tables/data__.tsv,1060,9.0.1
projectile,wh_grn_wolf_chariot_arrow,data/unit_stats/source_exports/db/projectiles_tables/data__.tsv,1061,9.0.1
projectile,wh_main_bound_spell_solheims_bolt_of_illumination,data/unit_stats/source_exports/db/projectiles_tables/data__.tsv,1062,9.0.1
projectile,wh_main_emp_rocket_battery_fuse,data/unit_stats/source_exports/db/projectiles_tables/data__.tsv,1063,9.0.1
projectile,wh_main_emp_rocket_battery_shrapnel,data/unit_stats/source_exports/db/projectiles_tables/data__.tsv,1064,9.0.1
projectile,wh_main_grn_goblin_rock_lobber_rock,data/unit_stats/source_exports/db/projectiles_tables/data__.tsv,1065,9.0.1
projectile,wh_main_lord_abilities_lord_of_the_storm,data/unit_stats/source_exports/db/projectiles_tables/data__.tsv,1067,9.0.1
projectile,wh_main_spell_big_waaagh_gaze_of_mork,data/unit_stats/source_exports/db/projectiles_tables/data__.tsv,1068,9.0.1
projectile,wh_main_spell_big_waaagh_gaze_of_mork_upgraded,data/unit_stats/source_exports/db/projectiles_tables/data__.tsv,1069,9.0.1
projectile,wh_main_spell_bound_fireball,data/unit_stats/source_exports/db/projectiles_tables/data__.tsv,1070,9.0.1
projectile,wh_main_spell_bound_soulfire,data/unit_stats/source_exports/db/projectiles_tables/data__.tsv,1071,9.0.1
projectile,wh_main_spell_fire_fireball,data/unit_stats/source_exports/db/projectiles_tables/data__.tsv,1072,9.0.1
projectile,wh_main_spell_fire_fireball_upgraded,data/unit_stats/source_exports/db/projectiles_tables/data__.tsv,1073,9.0.1
projectile,wh_main_spell_fire_piercing_bolts_of_burning,data/unit_stats/source_exports/db/projectiles_tables/data__.tsv,1074,9.0.1
projectile,wh_main_spell_fire_piercing_bolts_of_burning_upgraded,data/unit_stats/source_exports/db/projectiles_tables/data__.tsv,1075,9.0.1
projectile,wh_main_spell_heavens_comet_of_casandora,data/unit_stats/source_exports/db/projectiles_tables/data__.tsv,1076,9.0.1
projectile,wh_main_spell_heavens_comet_of_casandora_bound,data/unit_stats/source_exports/db/projectiles_tables/data__.tsv,1077,9.0.1
projectile,wh_main_spell_heavens_comet_of_casandora_upgraded,data/unit_stats/source_exports/db/projectiles_tables/data__.tsv,1078,9.0.1
projectile,wh_main_spell_heavens_urannons_thunderbolt,data/unit_stats/source_exports/db/projectiles_tables/data__.tsv,1079,9.0.1
projectile,wh_main_spell_heavens_urannons_thunderbolt_upgraded,data/unit_stats/source_exports/db/projectiles_tables/data__.tsv,1080,9.0.1
projectile,wh_main_spell_light_shems_burning_gaze,data/unit_stats/source_exports/db/projectiles_tables/data__.tsv,1081,9.0.1
projectile,wh_main_spell_light_shems_burning_gaze_upgraded,data/unit_stats/source_exports/db/projectiles_tables/data__.tsv,1082,9.0.1
projectile,wh_main_spell_lil_waaagh_vindictive_glare,data/unit_stats/source_exports/db/projectiles_tables/data__.tsv,1083,9.0.1
projectile,wh_main_spell_lil_waaagh_vindictive_glare_upgraded,data/unit_stats/source_exports/db/projectiles_tables/data__.tsv,1084,9.0.1
projectile,wh_main_spell_metal_searing_doom,data/unit_stats/source_exports/db/projectiles_tables/data__.tsv,1085,9.0.1
projectile,wh_main_spell_metal_searing_doom_upgraded,data/unit_stats/source_exports/db/projectiles_tables/data__.tsv,1086,9.0.1
projectile,wh_main_spell_vampires_gaze_of_nagash,data/unit_stats/source_exports/db/projectiles_tables/data__.tsv,1087,9.0.1
projectile,wh_main_spell_vampires_gaze_of_nagash_upgraded,data/unit_stats/source_exports/db/projectiles_tables/data__.tsv,1088,9.0.1
projectile,wh_main_unit_abilities_gyrobomber_bomb,data/unit_stats/source_exports/db/projectiles_tables/data__.tsv,1089,9.0.1
projectile,wh_main_unit_abilities_gyrocopter_grenade,data/unit_stats/source_exports/db/projectiles_tables/data__.tsv,1090,9.0.1
projectile,wh_nor_javelin_heavy,data/unit_stats/source_exports/db/projectiles_tables/data__.tsv,1091,9.0.1
projectile,wh_pro04_bst_cygor_boulder_ror,data/unit_stats/source_exports/db/projectiles_tables/data__.tsv,1093,9.0.1
projectile,wh_pro04_chs_hellcannon_blast_ror,data/unit_stats/source_exports/db/projectiles_tables/data__.tsv,1094,9.0.1
explosion,wh2_cst_necrofex_colossus_flame_explosion,data/unit_stats/source_exports/db/projectiles_explosions_tables/data__.tsv,8,9.0.1
explosion,wh2_dlc09_casket_of_souls,data/unit_stats/source_exports/db/projectiles_explosions_tables/data__.tsv,9,9.0.1
explosion,wh2_dlc09_screaming_skull_explosion,data/unit_stats/source_exports/db/projectiles_explosions_tables/data__.tsv,10,9.0.1
explosion,wh2_dlc09_tmb_ushabti_bolt_ror,data/unit_stats/source_exports/db/projectiles_explosions_tables/data__.tsv,12,9.0.1
explosion,wh2_dlc09_unit_abilities_death_from_above,data/unit_stats/source_exports/db/projectiles_explosions_tables/data__.tsv,14,9.0.1
explosion,wh2_dlc10_abilities_frost_breath_explosion,data/unit_stats/source_exports/db/projectiles_explosions_tables/data__.tsv,15,9.0.1
explosion,wh2_dlc10_bone_giant_explosion,data/unit_stats/source_exports/db/projectiles_explosions_tables/data__.tsv,16,9.0.1
explosion,wh2_dlc10_item_bound_assault_of_stone,data/unit_stats/source_exports/db/projectiles_explosions_tables/data__.tsv,17,9.0.1
explosion,wh2_dlc10_quest_abilities_regenerating_head,data/unit_stats/source_exports/db/projectiles_explosions_tables/data__.tsv,19,9.0.1
explosion,wh2_dlc10_quest_abilities_unidentified_hydra_head,data/unit_stats/source_exports/db/projectiles_explosions_tables/data__.tsv,20,9.0.1
explosion,wh2_dlc10_spell_bound_lesser_doombolt,data/unit_stats/source_exports/db/projectiles_explosions_tables/data__.tsv,21,9.0.1
explosion,wh2_dlc10_weapon_abilities_the_moonbow,data/unit_stats/source_exports/db/projectiles_explosions_tables/data__.tsv,22,9.0.1
explosion,wh2_dlc11_army_abilities_rod_of_the_storm,data/unit_stats/source_exports/db/projectiles_explosions_tables/data__.tsv,23,9.0.1
explosion,wh2_dlc11_army_abilities_wraith_storm,data/unit_stats/source_exports/db/projectiles_explosions_tables/data__.tsv,24,9.0.1
explosion,wh2_dlc11_character_abilities_bomb_throw,data/unit_stats/source_exports/db/projectiles_explosions_tables/data__.tsv,25,9.0.1
explosion,wh2_dlc11_character_abilities_cackle_fruit,data/unit_stats/source_exports/db/projectiles_explosions_tables/data__.tsv,26,9.0.1
explosion,wh2_dlc11_character_abilities_pyromanianc,data/unit_stats/source_exports/db/projectiles_explosions_tables/data__.tsv,27,9.0.1
explosion,wh2_dlc11_cst_bomb_deckdroppers_explosion,data/unit_stats/source_exports/db/projectiles_explosions_tables/data__.tsv,28,9.0.1
explosion,wh2_dlc11_cst_bomb_deckdroppers_ror_explosion,data/unit_stats/source_exports/db/projectiles_explosions_tables/data__.tsv,29,9.0.1
explosion,wh2_dlc11_cst_bomb_explosion,data/unit_stats/source_exports/db/projectiles_explosions_tables/data__.tsv,30,9.0.1
explosion,wh2_dlc11_cst_luthor_harkon_pistol_explosive,data/unit_stats/source_exports/db/projectiles_explosions_tables/data__.tsv,31,9.0.1
explosion,wh2_dlc11_cst_queen_bess,data/unit_stats/source_exports/db/projectiles_explosions_tables/data__.tsv,32,9.0.1
explosion,wh2_dlc12_ability_thunderous_one,data/unit_stats/source_exports/db/projectiles_explosions_tables/data__.tsv,33,9.0.1
explosion,wh2_dlc12_army_abilities_warpstorm_doomrocket,data/unit_stats/source_exports/db/projectiles_explosions_tables/data__.tsv,34,9.0.1
explosion,wh2_dlc12_army_abilities_warpstorm_doomrocket_upgrade,data/unit_stats/source_exports/db/projectiles_explosions_tables/data__.tsv,35,9.0.1
explosion,wh2_dlc12_lord_abilities_drop_sphere_of_tepok,data/unit_stats/source_exports/db/projectiles_explosions_tables/data__.tsv,36,9.0.1
explosion,wh2_dlc12_lzd_salamander_flame,data/unit_stats/source_exports/db/projectiles_explosions_tables/data__.tsv,38,9.0.1
explosion,wh2_dlc12_lzd_salamander_flame_blessed,data/unit_stats/source_exports/db/projectiles_explosions_tables/data__.tsv,39,9.0.1
explosion,wh2_dlc12_lzd_salamander_flame_large,data/unit_stats/source_exports/db/projectiles_explosions_tables/data__.tsv,40,9.0.1
explosion,wh2_dlc12_lzd_salamander_flame_large_blessed,data/unit_stats/source_exports/db/projectiles_explosions_tables/data__.tsv,41,9.0.1
explosion,wh2_dlc12_lzd_salamander_flame_ror,data/unit_stats/source_exports/db/projectiles_explosions_tables/data__.tsv,42,9.0.1
explosion,wh2_dlc12_skv_doomwheel_warp_lightning_ror,data/unit_stats/source_exports/db/projectiles_explosions_tables/data__.tsv,43,9.0.1
explosion,wh2_dlc12_unit_abilities_drop_rocks_character,data/unit_stats/source_exports/db/projectiles_explosions_tables/data__.tsv,44,9.0.1
explosion,wh2_dlc12_unit_abilities_drop_rocks_of_chotec,data/unit_stats/source_exports/db/projectiles_explosions_tables/data__.tsv,45,9.0.1
explosion,wh2_dlc12_unit_abilities_drop_rocks_of_sundering,data/unit_stats/source_exports/db/projectiles_explosions_tables/data__.tsv,46,9.0.1
explosion,wh2_dlc13_character_abilities_big_boom_explosion,data/unit_stats/source_exports/db/projectiles_explosions_tables/data__.tsv,47,9.0.1
explosion,wh2_dlc13_emp_art_mortar_ror_0,data/unit_stats/source_exports/db/projectiles_explosions_tables/data__.tsv,48,9.0.1
explosion,wh2_dlc13_emp_grenade_explosion,data/unit_stats/source_exports/db/projectiles_explosions_tables/data__.tsv,49,9.0.1
explosion,wh2_dlc13_lord_abilities_fire_arrow,data/unit_stats/source_exports/db/projectiles_explosions_tables/data__.tsv,50,9.0.1
explosion,wh2_dlc13_lord_abilities_kill_shot,data/unit_stats/source_exports/db/projectiles_explosions_tables/data__.tsv,51,9.0.1
explosion,wh2_dlc13_lord_abilities_oil_flask,data/unit_stats/source_exports/db/projectiles_explosions_tables/data__.tsv,52,9.0.1
explosion,wh2_dlc13_weapon_abilities_amber_bow,data/unit_stats/source_exports/db/projectiles_explosions_tables/data__.tsv,53,9.0.1
explosion,wh2_dlc14_character_abilities_cracklebomb,data/unit_stats/source_exports/db/projectiles_explosions_tables/data__.tsv,54,9.0.1
explosion,wh2_dlc14_def_medusa_gaze,data/unit_stats/source_exports/db/projectiles_explosions_tables/data__.tsv,55,9.0.1
explosion,wh2_dlc14_emp_rocket_explosion_sunmaker,data/unit_stats/source_exports/db/projectiles_explosions_tables/data__.tsv,56,9.0.1
explosion,wh2_dlc14_skv_poison_wind_mortar,data/unit_stats/source_exports/db/projectiles_explosions_tables/data__.tsv,60,9.0.1
explosion,wh2_dlc14_skv_poison_wind_mortar_alt,data/unit_stats/source_exports/db/projectiles_explosions_tables/data__.tsv,61,9.0.1
explosion,wh2_dlc14_skv_poison_wind_mortar_ror,data/unit_stats/source_exports/db/projectiles_explosions_tables/data__.tsv,62,9.0.1
explosion,wh2_dlc14_skv_poison_wind_mortar_ror_alt,data/unit_stats/source_exports/db/projectiles_explosions_tables/data__.tsv,63,9.0.1
explosion,wh2_dlc14_skv_poison_wind_mortar_ror_shrapnel,data/unit_stats/source_exports/db/projectiles_explosions_tables/data__.tsv,64,9.0.1
explosion,wh2_dlc14_skv_poison_wind_mortar_ror_shrapnel_alt,data/unit_stats/source_exports/db/projectiles_explosions_tables/data__.tsv,65,9.0.1
explosion,wh2_dlc14_spell_bound_warpfireball,data/unit_stats/source_exports/db/projectiles_explosions_tables/data__.tsv,66,9.0.1
explosion,wh2_dlc14_spell_stealth_warp_stars,data/unit_stats/source_exports/db/projectiles_explosions_tables/data__.tsv,67,9.0.1
explosion,wh2_dlc14_stealth_miscast,data/unit_stats/source_exports/db/projectiles_explosions_tables/data__.tsv,69,9.0.1
explosion,wh2_dlc14_unit_abilities_doppelgang_miscast,data/unit_stats/source_exports/db/projectiles_explosions_tables/data__.tsv,70,9.0.1
explosion,wh2_dlc15_abilities_grn_swamp_breath,data/unit_stats/source_exports/db/projectiles_explosions_tables/data__.tsv,71,9.0.1
explosion,wh2_dlc15_army_abilities_doom_diver_strike_explosion,data/unit_stats/source_exports/db/projectiles_explosions_tables/data__.tsv,72,9.0.1
explosion,wh2_dlc15_grn_arrow_explosion,data/unit_stats/source_exports/db/projectiles_explosions_tables/data__.tsv,73,9.0.1
explosion,wh2_dlc15_grn_rogue_idol_boulder_explosion_ror,data/unit_stats/source_exports/db/projectiles_explosions_tables/data__.tsv,75,9.0.1
explosion,wh2_dlc15_hef_black_dragon_explosion_imrik,data/unit_stats/source_exports/db/projectiles_explosions_tables/data__.tsv,76,9.0.1
explosion,wh2_dlc15_hef_sun_dragon_explosion_imrik,data/unit_stats/source_exports/db/projectiles_explosions_tables/data__.tsv,77,9.0.1
explosion,wh2_dlc15_lord_passive_mistwalkers_barrage,data/unit_stats/source_exports/db/projectiles_explosions_tables/data__.tsv,78,9.0.1
explosion,wh2_dlc15_unit_abilities_arachneruption,data/unit_stats/source_exports/db/projectiles_explosions_tables/data__.tsv,79,9.0.1
explosion,wh2_dlc15_unit_passive_giant_explodin_spores,data/unit_stats/source_exports/db/projectiles_explosions_tables/data__.tsv,80,9.0.1
explosion,wh2_dlc15_unit_passive_rubble_and_ruin_bombardment,data/unit_stats/source_exports/db/projectiles_explosions_tables/data__.tsv,81,9.0.1
explosion,wh2_dlc16_item_abilities_dart_of_doom,data/unit_stats/source_exports/db/projectiles_explosions_tables/data__.tsv,82,9.0.1
explosion,wh2_dlc16_unit_abilities_volley_of_kurnous,data/unit_stats/source_exports/db/projectiles_explosions_tables/data__.tsv,83,9.0.1
explosion,wh2_dlc17_army_abilities_ancestral_rune_of_grimnir,data/unit_stats/source_exports/db/projectiles_explosions_tables/data__.tsv,84,9.0.1
explosion,wh2_dlc17_army_abilities_shatterstone,data/unit_stats/source_exports/db/projectiles_explosions_tables/data__.tsv,85,9.0.1
explosion,wh2_dlc17_dwf_rune_of_burning_flame_cannon,data/unit_stats/source_exports/db/projectiles_explosions_tables/data__.tsv,86,9.0.1
explosion,wh2_dlc17_dwf_rune_of_burning_generic,data/unit_stats/source_exports/db/projectiles_explosions_tables/data__.tsv,87,9.0.1
explosion,wh2_dlc17_dwf_rune_of_burning_grudge_thrower,data/unit_stats/source_exports/db/projectiles_explosions_tables/data__.tsv,88,9.0.1
explosion,wh2_dlc17_dwf_rune_of_burning_organ_gun,data/unit_stats/source_exports/db/projectiles_explosions_tables/data__.tsv,89,9.0.1
explosion,wh2_dlc17_lzd_blowpipe_chameleon_stalkers_explosion,data/unit_stats/source_exports/db/projectiles_explosions_tables/data__.tsv,90,9.0.1
explosion,wh2_dlc17_lzd_blowpipe_chameleon_stalkers_explosion_blessed,data/unit_stats/source_exports/db/projectiles_explosions_tables/data__.tsv,91,9.0.1
explosion,wh2_dlc17_lzd_fireblood_explosion,data/unit_stats/source_exports/db/projectiles_explosions_tables/data__.tsv,92,9.0.1
explosion,wh2_dlc17_lzd_troglodon_spit,data/unit_stats/source_exports/db/projectiles_explosions_tables/data__.tsv,93,9.0.1
explosion,wh2_dlc17_rune_abilities_master_rune_of_immolation,data/unit_stats/source_exports/db/projectiles_explosions_tables/data__.tsv,94,9.0.1
explosion,wh2_dlc17_rune_miscast,data/unit_stats/source_exports/db/projectiles_explosions_tables/data__.tsv,95,9.0.1
explosion,wh2_main_army_abilities_bloodwrack_cauldron,data/unit_stats/source_exports/db/projectiles_explosions_tables/data__.tsv,96,9.0.1
explosion,wh2_main_army_abilities_bolt_of_spite,data/unit_stats/source_exports/db/projectiles_explosions_tables/data__.tsv,97,9.0.1
explosion,wh2_main_army_abilities_brazen_cauldron,data/unit_stats/source_exports/db/projectiles_explosions_tables/data__.tsv,98,9.0.1
explosion,wh2_main_army_abilities_khaines_flail,data/unit_stats/source_exports/db/projectiles_explosions_tables/data__.tsv,99,9.0.1
explosion,wh2_main_army_abilities_khaines_lash,data/unit_stats/source_exports/db/projectiles_explosions_tables/data__.tsv,100,9.0.1
explosion,wh2_main_army_abilities_khaines_scourge,data/unit_stats/source_exports/db/projectiles_explosions_tables/data__.tsv,101,9.0.1
explosion,wh2_main_army_abilities_sky_cauldron,data/unit_stats/source_exports/db/projectiles_explosions_tables/data__.tsv,102,9.0.1
explosion,wh2_main_army_abilities_soul_rain,data/unit_stats/source_exports/db/projectiles_explosions_tables/data__.tsv,103,9.0.1
explosion,wh2_main_army_abilities_soul_storm,data/unit_stats/source_exports/db/projectiles_explosions_tables/data__.tsv,104,9.0.1
explosion,wh2_main_army_abilities_soul_torrent,data/unit_stats/source_exports/db/projectiles_explosions_tables/data__.tsv,105,9.0.1
explosion,wh2_main_army_abilities_vauls_hammer,data/unit_stats/source_exports/db/projectiles_explosions_tables/data__.tsv,106,9.0.1
explosion,wh2_main_army_abilities_vortic_blast,data/unit_stats/source_exports/db/projectiles_explosions_tables/data__.tsv,107,9.0.1
explosion,wh2_main_army_abilities_vortic_blast_shrapnel,data/unit_stats/source_exports/db/projectiles_explosions_tables/data__.tsv,108,9.0.1
explosion,wh2_main_army_abilities_vortic_enrichment,data/unit_stats/source_exports/db/projectiles_explosions_tables/data__.tsv,109,9.0.1
explosion,wh2_main_army_abilities_vortic_enrichment_shrapnel,data/unit_stats/source_exports/db/projectiles_explosions_tables/data__.tsv,110,9.0.1
explosion,wh2_main_army_abilities_warpbomb,data/unit_stats/source_exports/db/projectiles_explosions_tables/data__.tsv,111,9.0.1
explosion,wh2_main_bound_shems_burning_gaze,data/unit_stats/source_exports/db/projectiles_explosions_tables/data__.tsv,113,9.0.1
explosion,wh2_main_bound_urannons_thunderbolt,data/unit_stats/source_exports/db/projectiles_explosions_tables/data__.tsv,114,9.0.1
explosion,wh2_main_character_abilities_volley_of_dark_arrows,data/unit_stats/source_exports/db/projectiles_explosions_tables/data__.tsv,115,9.0.1
explosion,wh2_main_character_abilities_volley_of_high_arrows,data/unit_stats/source_exports/db/projectiles_explosions_tables/data__.tsv,116,9.0.1
explosion,wh2_main_character_passive_fallen_mages,data/unit_stats/source_exports/db/projectiles_explosions_tables/data__.tsv,117,9.0.1
explosion,wh2_main_chs_chaos_dragon_explosion,data/unit_stats/source_exports/db/projectiles_explosions_tables/data__.tsv,118,9.0.1
explosion,wh2_main_def_black_dragon_explosion,data/unit_stats/source_exports/db/projectiles_explosions_tables/data__.tsv,119,9.0.1
explosion,wh2_main_def_war_hydra_explosion,data/unit_stats/source_exports/db/projectiles_explosions_tables/data__.tsv,120,9.0.1
explosion,wh2_main_hef_moon_dragon_explosion,data/unit_stats/source_exports/db/projectiles_explosions_tables/data__.tsv,121,9.0.1
explosion,wh2_main_hef_star_dragon_explosion,data/unit_stats/source_exports/db/projectiles_explosions_tables/data__.tsv,122,9.0.1
explosion,wh2_main_hef_sun_dragon_explosion,data/unit_stats/source_exports/db/projectiles_explosions_tables/data__.tsv,123,9.0.1
explosion,wh2_main_hero_abilities_doomrocket,data/unit_stats/source_exports/db/projectiles_explosions_tables/data__.tsv,124,9.0.1
explosion,wh2_main_hero_abilities_doomrocket_shrapnel,data/unit_stats/source_exports/db/projectiles_explosions_tables/data__.tsv,125,9.0.1
explosion,wh2_main_lzd_bastiladon_solar_engine,data/unit_stats/source_exports/db/projectiles_explosions_tables/data__.tsv,126,9.0.1
explosion,wh2_main_rebirth_miscast,data/unit_stats/source_exports/db/projectiles_explosions_tables/data__.tsv,127,9.0.1
explosion,wh2_main_skaven_miscast,data/unit_stats/source_exports/db/projectiles_explosions_tables/data__.tsv,128,9.0.1
explosion,wh2_main_skv_death_globe,data/unit_stats/source_exports/db/projectiles_explosions_tables/data__.tsv,129,9.0.1
explosion,wh2_main_skv_doomwheel_warp_lightning,data/unit_stats/source_exports/db/projectiles_explosions_tables/data__.tsv,130,9.0.1
explosion,wh2_main_skv_plagueclaw,data/unit_stats/source_exports/db/projectiles_explosions_tables/data__.tsv,131,9.0.1
explosion,wh2_main_skv_poison_wind_globe,data/unit_stats/source_exports/db/projectiles_explosions_tables/data__.tsv,132,9.0.1
explosion,wh2_main_skv_warp_lightning,data/unit_stats/source_exports/db/projectiles_explosions_tables/data__.tsv,135,9.0.1
explosion,wh2_main_skv_warpfire,data/unit_stats/source_exports/db/projectiles_explosions_tables/data__.tsv,136,9.0.1
explosion,wh2_main_skv_warpfire_ikit,data/unit_stats/source_exports/db/projectiles_explosions_tables/data__.tsv,137,9.0.1
explosion,wh2_main_spell_dark_magic_doombolt,data/unit_stats/source_exports/db/projectiles_explosions_tables/data__.tsv,138,9.0.1
explosion,wh2_main_spell_high_magic_soul_quench,data/unit_stats/source_exports/db/projectiles_explosions_tables/data__.tsv,139,9.0.1
explosion,wh2_main_spell_high_magic_soul_quench_upgraded,data/unit_stats/source_exports/db/projectiles_explosions_tables/data__.tsv,140,9.0.1
explosion,wh2_main_spell_plague_the_dreaded_thirteenth_spell,data/unit_stats/source_exports/db/projectiles_explosions_tables/data__.tsv,141,9.0.1
explosion,wh2_main_spell_plague_the_dreaded_thirteenth_spell_shrapnel,data/unit_stats/source_exports/db/projectiles_explosions_tables/data__.tsv,142,9.0.1
explosion,wh2_main_spell_plague_vermintide,data/unit_stats/source_exports/db/projectiles_explosions_tables/data__.tsv,143,9.0.1
explosion,wh2_main_spell_ruin_warp_lightning,data/unit_stats/source_exports/db/projectiles_explosions_tables/data__.tsv,144,9.0.1
explosion,wh2_main_unit_abilities_drop_rocks,data/unit_stats/source_exports/db/projectiles_explosions_tables/data__.tsv,145,9.0.1
explosion,wh2_main_unit_abilities_wake_of_fire,data/unit_stats/source_exports/db/projectiles_explosions_tables/data__.tsv,146,9.0.1
explosion,wh2_main_unit_lzd_terradon_fireleech_bola_explosion,data/unit_stats/source_exports/db/projectiles_explosions_tables/data__.tsv,147,9.0.1
explosion,wh2_main_vmp_terrorgheist_breath_explosion,data/unit_stats/source_exports/db/projectiles_explosions_tables/data__.tsv,148,9.0.1
explosion,wh2_main_vmp_zombie_dragon_explosion,data/unit_stats/source_exports/db/projectiles_explosions_tables/data__.tsv,149,9.0.1
explosion,wh2_main_weapon_abilities_bow_of_the_seafarer,data/unit_stats/source_exports/db/projectiles_explosions_tables/data__.tsv,150,9.0.1
explosion,wh2_main_weapon_bound_reaver_bow,data/unit_stats/source_exports/db/projectiles_explosions_tables/data__.tsv,151,9.0.1
explosion,wh2_main_wef_forest_dragon_explosion,data/unit_stats/source_exports/db/projectiles_explosions_tables/data__.tsv,152,9.0.1
explosion,wh3_cp1_cth_grand_cannon_shrapnel_shot_shrapnel,data/unit_stats/source_exports/db/projectiles_explosions_tables/data__.tsv,157,9.0.1
explosion,wh3_cp1_cth_grand_cannon_shrapnel_shot_shrapnel_projectile,data/unit_stats/source_exports/db/projectiles_explosions_tables/data__.tsv,158,9.0.1
explosion,wh3_cp1_cth_sky_lantern_rifle_explosive,data/unit_stats/source_exports/db/projectiles_explosions_tables/data__.tsv,159,9.0.1
explosion,wh3_dlc23_army_abilities_doom_of_hashut,data/unit_stats/source_exports/db/projectiles_explosions_tables/data__.tsv,164,9.0.1
explosion,wh3_dlc23_chd_bale_taurus_fire_breath,data/unit_stats/source_exports/db/projectiles_explosions_tables/data__.tsv,166,9.0.1
explosion,wh3_dlc23_chd_cha_pistol_flare,data/unit_stats/source_exports/db/projectiles_explosions_tables/data__.tsv,167,9.0.1
explosion,wh3_dlc23_chd_deathshrieker_rocket_demolition,data/unit_stats/source_exports/db/projectiles_explosions_tables/data__.tsv,168,9.0.1
explosion,wh3_dlc23_chd_deathshrieker_rocket_stage_1,data/unit_stats/source_exports/db/projectiles_explosions_tables/data__.tsv,169,9.0.1
explosion,wh3_dlc23_chd_deathshrieker_rocket_stage_2,data/unit_stats/source_exports/db/projectiles_explosions_tables/data__.tsv,170,9.0.1
explosion,wh3_dlc23_chd_dreadquake_mortar_explosion,data/unit_stats/source_exports/db/projectiles_explosions_tables/data__.tsv,171,9.0.1
explosion,wh3_dlc23_chd_infernal_castellan_rifle_explosive,data/unit_stats/source_exports/db/projectiles_explosions_tables/data__.tsv,172,9.0.1
explosion,wh3_dlc23_chd_iron_daemon_flame_cannon_explosion,data/unit_stats/source_exports/db/projectiles_explosions_tables/data__.tsv,173,9.0.1
explosion,wh3_dlc23_chd_magma_cannon_explosion,data/unit_stats/source_exports/db/projectiles_explosions_tables/data__.tsv,174,9.0.1
explosion,wh3_dlc23_chd_naptha_bomb_explosion_unit,data/unit_stats/source_exports/db/projectiles_explosions_tables/data__.tsv,176,9.0.1
explosion,wh3_dlc23_lord_abilities_flame_and_shadow,data/unit_stats/source_exports/db/projectiles_explosions_tables/data__.tsv,179,9.0.1
explosion,wh3_dlc23_spell_hashut_burning_wrath,data/unit_stats/source_exports/db/projectiles_explosions_tables/data__.tsv,180,9.0.1
explosion,wh3_dlc23_spell_hashut_burning_wrath_upgraded,data/unit_stats/source_exports/db/projectiles_explosions_tables/data__.tsv,181,9.0.1
explosion,wh3_dlc23_spell_hashut_flames_of_azgorh,data/unit_stats/source_exports/db/projectiles_explosions_tables/data__.tsv,182,9.0.1
explosion,wh3_dlc23_spell_hashut_hell_hammer_dummy_explosion,data/unit_stats/source_exports/db/projectiles_explosions_tables/data__.tsv,183,9.0.1
explosion,wh3_dlc24_item_passive_sentient_stormcloud,data/unit_stats/source_exports/db/projectiles_explosions_tables/data__.tsv,185,9.0.1
explosion,wh3_dlc24_ksl_bow_katarin_sled_ice_shard,data/unit_stats/source_exports/db/projectiles_explosions_tables/data__.tsv,186,9.0.1
explosion,wh3_dlc24_lord_abilities_spirit_bear,data/unit_stats/source_exports/db/projectiles_explosions_tables/data__.tsv,187,9.0.1
explosion,wh3_dlc24_lord_abilities_spirit_bear_upgrade,data/unit_stats/source_exports/db/projectiles_explosions_tables/data__.tsv,188,9.0.1
explosion,wh3_dlc24_lord_abilities_windblade,data/unit_stats/source_exports/db/projectiles_explosions_tables/data__.tsv,189,9.0.1
explosion,wh3_dlc24_ostankya_attack_explosion,data/unit_stats/source_exports/db/projectiles_explosions_tables/data__.tsv,190,9.0.1
explosion,wh3_dlc24_saytang_killshot_explosion,data/unit_stats/source_exports/db/projectiles_explosions_tables/data__.tsv,191,9.0.1
explosion,wh3_dlc24_saytang_projectile_explosion,data/unit_stats/source_exports/db/projectiles_explosions_tables/data__.tsv,192,9.0.1
explosion,wh3_dlc24_scribes_blue_flame_bombardment,data/unit_stats/source_exports/db/projectiles_explosions_tables/data__.tsv,193,9.0.1
explosion,wh3_dlc24_spell_hags_cursed_cauldron_explosion,data/unit_stats/source_exports/db/projectiles_explosions_tables/data__.tsv,194,9.0.1
explosion,wh3_dlc24_spell_hags_cursed_cauldron_explosion_upgraded,data/unit_stats/source_exports/db/projectiles_explosions_tables/data__.tsv,195,9.0.1
explosion,wh3_dlc24_unit_abilities_ice_breath_explosion,data/unit_stats/source_exports/db/projectiles_explosions_tables/data__.tsv,196,9.0.1
explosion,wh3_dlc24_unit_abilities_nan_gau_grenade,data/unit_stats/source_exports/db/projectiles_explosions_tables/data__.tsv,197,9.0.1
explosion,wh3_dlc25_active_ability_nemesis_crown,data/unit_stats/source_exports/db/projectiles_explosions_tables/data__.tsv,198,9.0.1
explosion,wh3_dlc25_character_abilities_mercurial_shot,data/unit_stats/source_exports/db/projectiles_explosions_tables/data__.tsv,199,9.0.1
explosion,wh3_dlc25_character_abilities_pigeon_bombs_stage_1,data/unit_stats/source_exports/db/projectiles_explosions_tables/data__.tsv,200,9.0.1
explosion,wh3_dlc25_character_abilities_pigeon_bombs_stage_2,data/unit_stats/source_exports/db/projectiles_explosions_tables/data__.tsv,201,9.0.1
explosion,wh3_dlc25_dwf_explosive_cannon_ball,data/unit_stats/source_exports/db/projectiles_explosions_tables/data__.tsv,202,9.0.1
explosion,wh3_dlc25_dwf_flamecannon_explosion_shrapnel,data/unit_stats/source_exports/db/projectiles_explosions_tables/data__.tsv,203,9.0.1
explosion,wh3_dlc25_dwf_flamecannon_explosion_shrapnel_stage_2,data/unit_stats/source_exports/db/projectiles_explosions_tables/data__.tsv,204,9.0.1
explosion,wh3_dlc25_dwf_grudge_thrower_explosion_shrapnel_stage_1,data/unit_stats/source_exports/db/projectiles_explosions_tables/data__.tsv,205,9.0.1
explosion,wh3_dlc25_dwf_grudge_thrower_explosion_shrapnel_stage_2,data/unit_stats/source_exports/db/projectiles_explosions_tables/data__.tsv,206,9.0.1
explosion,wh3_dlc25_dwf_gyrocopter_brimstone_shot_explosion,data/unit_stats/source_exports/db/projectiles_explosions_tables/data__.tsv,207,9.0.1
explosion,wh3_dlc25_dwf_gyrocopter_brimstone_trollhammer,data/unit_stats/source_exports/db/projectiles_explosions_tables/data__.tsv,208,9.0.1
explosion,wh3_dlc25_emp_carmine_dragon_explosion,data/unit_stats/source_exports/db/projectiles_explosions_tables/data__.tsv,210,9.0.1
explosion,wh3_dlc25_emp_deathstorm_rocket_explosion,data/unit_stats/source_exports/db/projectiles_explosions_tables/data__.tsv,211,9.0.1
explosion,wh3_dlc25_emp_deathstorm_rocket_spirit_leech,data/unit_stats/source_exports/db/projectiles_explosions_tables/data__.tsv,212,9.0.1
explosion,wh3_dlc25_emp_exploding_bullets,data/unit_stats/source_exports/db/projectiles_explosions_tables/data__.tsv,213,9.0.1
explosion,wh3_dlc25_emp_exploding_bullets_character,data/unit_stats/source_exports/db/projectiles_explosions_tables/data__.tsv,214,9.0.1
explosion,wh3_dlc25_emp_exploding_bullets_morr,data/unit_stats/source_exports/db/projectiles_explosions_tables/data__.tsv,215,9.0.1
explosion,wh3_dlc25_emp_grenade_explosion_master_engineer,data/unit_stats/source_exports/db/projectiles_explosions_tables/data__.tsv,216,9.0.1
explosion,wh3_dlc25_emp_grenade_explosion_master_engineer_upgraded,data/unit_stats/source_exports/db/projectiles_explosions_tables/data__.tsv,217,9.0.1
explosion,wh3_dlc25_emp_grenade_explosion_morr,data/unit_stats/source_exports/db/projectiles_explosions_tables/data__.tsv,218,9.0.1
explosion,wh3_dlc25_emp_grenade_explosion_morr_upgraded,data/unit_stats/source_exports/db/projectiles_explosions_tables/data__.tsv,219,9.0.1
explosion,wh3_dlc25_emp_mortar_explosion_bjuna,data/unit_stats/source_exports/db/projectiles_explosions_tables/data__.tsv,220,9.0.1
explosion,wh3_dlc25_emp_steam_tank_exploding,data/unit_stats/source_exports/db/projectiles_explosions_tables/data__.tsv,221,9.0.1
explosion,wh3_dlc25_emp_steam_tank_volley_exploding,data/unit_stats/source_exports/db/projectiles_explosions_tables/data__.tsv,222,9.0.1
explosion,wh3_dlc25_lord_abilities_cinderblast_cluster_bomb,data/unit_stats/source_exports/db/projectiles_explosions_tables/data__.tsv,224,9.0.1
explosion,wh3_dlc25_lord_abilities_cinderblast_cluster_bomb_shrapnel,data/unit_stats/source_exports/db/projectiles_explosions_tables/data__.tsv,225,9.0.1
explosion,wh3_dlc25_nur_esar_doombolt_bullet,data/unit_stats/source_exports/db/projectiles_explosions_tables/data__.tsv,227,9.0.1
explosion,wh3_dlc25_nur_esar_doombolt_bullet_shrapnel,data/unit_stats/source_exports/db/projectiles_explosions_tables/data__.tsv,228,9.0.1
explosion,wh3_dlc25_nur_pandemicium_explosion,data/unit_stats/source_exports/db/projectiles_explosions_tables/data__.tsv,229,9.0.1
explosion,wh3_dlc25_nur_plague_drones_deaths_head_cluster_explosion_ror,data/unit_stats/source_exports/db/projectiles_explosions_tables/data__.tsv,230,9.0.1
explosion,wh3_dlc25_nur_plague_drones_deaths_head_explosion_ror,data/unit_stats/source_exports/db/projectiles_explosions_tables/data__.tsv,231,9.0.1
explosion,wh3_dlc25_nur_soulgrinder_bombard_explosion_ror,data/unit_stats/source_exports/db/projectiles_explosions_tables/data__.tsv,232,9.0.1
explosion,wh3_dlc25_unit_abilities_gyrobomber_firebombs,data/unit_stats/source_exports/db/projectiles_explosions_tables/data__.tsv,233,9.0.1
explosion,wh3_dlc25_unit_abilities_gyrocopter_grenade_anti_large,data/unit_stats/source_exports/db/projectiles_explosions_tables/data__.tsv,234,9.0.1
explosion,wh3_dlc25_unit_abilities_spear_of_grungni,data/unit_stats/source_exports/db/projectiles_explosions_tables/data__.tsv,235,9.0.1
explosion,wh3_dlc25_unit_abilities_thunderbarge_bomb,data/unit_stats/source_exports/db/projectiles_explosions_tables/data__.tsv,236,9.0.1
explosion,wh3_dlc25_unit_abilities_thunderbarge_fire_bomb_stage_1,data/unit_stats/source_exports/db/projectiles_explosions_tables/data__.tsv,237,9.0.1
explosion,wh3_dlc25_unit_abilities_thunderbarge_fire_bomb_stage_2,data/unit_stats/source_exports/db/projectiles_explosions_tables/data__.tsv,238,9.0.1
explosion,wh3_dlc25_unit_abilities_unspeakable_foulness_explosion,data/unit_stats/source_exports/db/projectiles_explosions_tables/data__.tsv,239,9.0.1
explosion,wh3_dlc25_weapon_abilities_experimental_explosive,data/unit_stats/source_exports/db/projectiles_explosions_tables/data__.tsv,240,9.0.1
explosion,wh3_dlc26_army_abilities_khornes_wrath,data/unit_stats/source_exports/db/projectiles_explosions_tables/data__.tsv,241,9.0.1
explosion,wh3_dlc26_grn_arachnarok_flinger_explosion,data/unit_stats/source_exports/db/projectiles_explosions_tables/data__.tsv,242,9.0.1
explosion,wh3_dlc26_grn_stinkee_arrer,data/unit_stats/source_exports/db/projectiles_explosions_tables/data__.tsv,243,9.0.1
explosion,wh3_dlc26_hero_abilities_sting_of_snagla,data/unit_stats/source_exports/db/projectiles_explosions_tables/data__.tsv,244,9.0.1
explosion,wh3_dlc26_lord_abilities_dead_eye,data/unit_stats/source_exports/db/projectiles_explosions_tables/data__.tsv,245,9.0.1
explosion,wh3_dlc26_ogr_thundertusk_ice_shard,data/unit_stats/source_exports/db/projectiles_explosions_tables/data__.tsv,246,9.0.1
explosion,wh3_dlc27_hef_dragonship_bolt,data/unit_stats/source_exports/db/projectiles_explosions_tables/data__.tsv,247,9.0.1
explosion,wh3_dlc27_hef_longbow_arrow_explosion_princess,data/unit_stats/source_exports/db/projectiles_explosions_tables/data__.tsv,248,9.0.1
explosion,wh3_dlc27_spell_heavens_chain_lightning,data/unit_stats/source_exports/db/projectiles_explosions_tables/data__.tsv,249,9.0.1
explosion,wh3_dlc27_unit_abilities_flaming_breath,data/unit_stats/source_exports/db/projectiles_explosions_tables/data__.tsv,250,9.0.1
explosion,wh3_dlc27_unit_dreadmaw_explosion,data/unit_stats/source_exports/db/projectiles_explosions_tables/data__.tsv,251,9.0.1
explosion,wh3_dlc29_chs_bilespurter_scatter,data/unit_stats/source_exports/db/projectiles_explosions_tables/data__.tsv,253,9.0.1
explosion,wh3_dlc29_chs_bilespurter_shrapnel,data/unit_stats/source_exports/db/projectiles_explosions_tables/data__.tsv,254,9.0.1
explosion,wh3_dlc29_chs_ghurk_pestilent_torrent_explosion,data/unit_stats/source_exports/db/projectiles_explosions_tables/data__.tsv,255,9.0.1
explosion,wh3_dlc29_chs_pestilential_carronade,data/unit_stats/source_exports/db/projectiles_explosions_tables/data__.tsv,256,9.0.1
explosion,wh3_dlc29_lord_abilities_shadowblood,data/unit_stats/source_exports/db/projectiles_explosions_tables/data__.tsv,257,9.0.1
explosion,wh3_dlc29_passive_spell_heavens_lightning_strike,data/unit_stats/source_exports/db/projectiles_explosions_tables/data__.tsv,258,9.0.1
explosion,wh3_dlc29_skv_plagueclaw_ror,data/unit_stats/source_exports/db/projectiles_explosions_tables/data__.tsv,260,9.0.1
explosion,wh3_dlc29_skv_poison_wind_launcher,data/unit_stats/source_exports/db/projectiles_explosions_tables/data__.tsv,261,9.0.1
explosion,wh3_dlc29_skv_warp_doom_magma_cannon,data/unit_stats/source_exports/db/projectiles_explosions_tables/data__.tsv,262,9.0.1
explosion,wh3_dlc29_skv_warp_doom_magma_cannon_miscast,data/unit_stats/source_exports/db/projectiles_explosions_tables/data__.tsv,263,9.0.1
explosion,wh3_dlc29_skv_warpfire,data/unit_stats/source_exports/db/projectiles_explosions_tables/data__.tsv,264,9.0.1
explosion,wh3_dlc29_skv_warpfire_boneripper,data/unit_stats/source_exports/db/projectiles_explosions_tables/data__.tsv,265,9.0.1
explosion,wh3_dlc29_spell_plague_bound_the_dreaded_thirteenth_1,data/unit_stats/source_exports/db/projectiles_explosions_tables/data__.tsv,266,9.0.1
explosion,wh3_dlc29_unit_abilities_the_gaze_of_dust,data/unit_stats/source_exports/db/projectiles_explosions_tables/data__.tsv,267,9.0.1
explosion,wh3_dlc29_weapon_abilities_lamentation_of_despair_upgraded,data/unit_stats/source_exports/db/projectiles_explosions_tables/data__.tsv,268,9.0.1
explosion,wh3_main_abilities_bellow_of_endless_fury_explosion,data/unit_stats/source_exports/db/projectiles_explosions_tables/data__.tsv,269,9.0.1
explosion,wh3_main_abilities_bellow_of_fury_explosion,data/unit_stats/source_exports/db/projectiles_explosions_tables/data__.tsv,270,9.0.1
explosion,wh3_main_army_abilities_bolt_of_change,data/unit_stats/source_exports/db/projectiles_explosions_tables/data__.tsv,271,9.0.1
explosion,wh3_main_army_abilities_celestial_intervention,data/unit_stats/source_exports/db/projectiles_explosions_tables/data__.tsv,272,9.0.1
explosion,wh3_main_army_abilities_stoneshaker_explosion,data/unit_stats/source_exports/db/projectiles_explosions_tables/data__.tsv,273,9.0.1
explosion,wh3_main_army_abilities_storm_of_fire,data/unit_stats/source_exports/db/projectiles_explosions_tables/data__.tsv,274,9.0.1
explosion,wh3_main_cataclysm_fire_magma_storm,data/unit_stats/source_exports/db/projectiles_explosions_tables/data__.tsv,279,9.0.1
explosion,wh3_main_catacomb_cannonballl_explosion,data/unit_stats/source_exports/db/projectiles_explosions_tables/data__.tsv,280,9.0.1
explosion,wh3_main_character_abilities_fire_breath_explosion,data/unit_stats/source_exports/db/projectiles_explosions_tables/data__.tsv,281,9.0.1
explosion,wh3_main_character_abilities_ice_shard,data/unit_stats/source_exports/db/projectiles_explosions_tables/data__.tsv,282,9.0.1
explosion,wh3_main_cth_rocket_explosion,data/unit_stats/source_exports/db/projectiles_explosions_tables/data__.tsv,285,9.0.1
explosion,wh3_main_kho_skullcannon_skull_explosion,data/unit_stats/source_exports/db/projectiles_explosions_tables/data__.tsv,299,9.0.1
explosion,wh3_main_ksl_little_grom_cannon_ball_explosive,data/unit_stats/source_exports/db/projectiles_explosions_tables/data__.tsv,302,9.0.1
explosion,wh3_main_nur_kugath_infested_nurgling_explosion,data/unit_stats/source_exports/db/projectiles_explosions_tables/data__.tsv,309,9.0.1
explosion,wh3_main_nur_soulgrinder_bombard_explosion,data/unit_stats/source_exports/db/projectiles_explosions_tables/data__.tsv,311,9.0.1
explosion,wh3_main_ogr_gnoblar_scraplauncher_explosion,data/unit_stats/source_exports/db/projectiles_explosions_tables/data__.tsv,315,9.0.1
explosion,wh3_main_spell_slaanesh_slicing_shards,data/unit_stats/source_exports/db/projectiles_explosions_tables/data__.tsv,324,9.0.1
explosion,wh3_main_spell_slaanesh_slicing_shards_upgraded,data/unit_stats/source_exports/db/projectiles_explosions_tables/data__.tsv,325,9.0.1
explosion,wh3_main_spell_tempest_hailstorm,data/unit_stats/source_exports/db/projectiles_explosions_tables/data__.tsv,326,9.0.1
explosion,wh3_main_spell_tzeentch_blue_fire_of_tzeentch,data/unit_stats/source_exports/db/projectiles_explosions_tables/data__.tsv,327,9.0.1
explosion,wh3_main_spell_tzeentch_blue_fire_of_tzeentch_upgraded,data/unit_stats/source_exports/db/projectiles_explosions_tables/data__.tsv,328,9.0.1
explosion,wh3_main_tze_exalted_flamer_flame_explosion,data/unit_stats/source_exports/db/projectiles_explosions_tables/data__.tsv,331,9.0.1
explosion,wh3_main_tze_flamer_flame_explosion,data/unit_stats/source_exports/db/projectiles_explosions_tables/data__.tsv,332,9.0.1
explosion,wh3_main_unit_abilities_elemental_breath_explosion,data/unit_stats/source_exports/db/projectiles_explosions_tables/data__.tsv,335,9.0.1
explosion,wh3_main_unit_abilities_sky_junk_bomb,data/unit_stats/source_exports/db/projectiles_explosions_tables/data__.tsv,336,9.0.1
explosion,wh3_main_weapon_abilities_siegebreaker_explosion,data/unit_stats/source_exports/db/projectiles_explosions_tables/data__.tsv,339,9.0.1
explosion,wh3_main_weapon_abilities_thundermace,data/unit_stats/source_exports/db/projectiles_explosions_tables/data__.tsv,340,9.0.1
explosion,wh3_pro10_army_abilities_oblivion_bolt,data/unit_stats/source_exports/db/projectiles_explosions_tables/data__.tsv,343,9.0.1
explosion,wh3_twa07_spell_bound_call_of_tor,data/unit_stats/source_exports/db/projectiles_explosions_tables/data__.tsv,344,9.0.1
explosion,wh3_twa07_unit_abilities_searing_torrent,data/unit_stats/source_exports/db/projectiles_explosions_tables/data__.tsv,345,9.0.1
explosion,wh_dlc03_bst_cygor_boulder_explosion,data/unit_stats/source_exports/db/projectiles_explosions_tables/data__.tsv,346,9.0.1
explosion,wh_dlc03_grn_squig_explosion,data/unit_stats/source_exports/db/projectiles_explosions_tables/data__.tsv,350,9.0.1
explosion,wh_dlc03_spell_beast_the_amber_spear,data/unit_stats/source_exports/db/projectiles_explosions_tables/data__.tsv,351,9.0.1
explosion,wh_dlc03_spell_beast_the_amber_spear_upgraded,data/unit_stats/source_exports/db/projectiles_explosions_tables/data__.tsv,352,9.0.1
explosion,wh_dlc03_spell_beasts_miscast,data/unit_stats/source_exports/db/projectiles_explosions_tables/data__.tsv,353,9.0.1
explosion,wh_dlc03_spell_wild_miscast,data/unit_stats/source_exports/db/projectiles_explosions_tables/data__.tsv,354,9.0.1
explosion,wh_dlc04_emp_sunmaker_rocket_fuse,data/unit_stats/source_exports/db/projectiles_explosions_tables/data__.tsv,355,9.0.1
explosion,wh_dlc05_item_abilities_hail_of_doom_arrow,data/unit_stats/source_exports/db/projectiles_explosions_tables/data__.tsv,356,9.0.1
explosion,wh_dlc05_spell_life_miscast,data/unit_stats/source_exports/db/projectiles_explosions_tables/data__.tsv,357,9.0.1
explosion,wh_dlc05_weapon_abilities_lamentation_of_despair,data/unit_stats/source_exports/db/projectiles_explosions_tables/data__.tsv,362,9.0.1
explosion,wh_dlc05_wef_arrow_of_kurnous,data/unit_stats/source_exports/db/projectiles_explosions_tables/data__.tsv,363,9.0.1
explosion,wh_dlc06_dwf_inf_drakegun_skolder_explosion,data/unit_stats/source_exports/db/projectiles_explosions_tables/data__.tsv,364,9.0.1
explosion,wh_dlc06_weapon_abilities_skarsniks_prodder,data/unit_stats/source_exports/db/projectiles_explosions_tables/data__.tsv,365,9.0.1
explosion,wh_dlc06_weapon_abilities_skarsniks_prodder_mini,data/unit_stats/source_exports/db/projectiles_explosions_tables/data__.tsv,366,9.0.1
explosion,wh_dlc07_brt_blessed_stone_explosion,data/unit_stats/source_exports/db/projectiles_explosions_tables/data__.tsv,367,9.0.1
explosion,wh_dlc07_item_abilities_chalice_of_potions,data/unit_stats/source_exports/db/projectiles_explosions_tables/data__.tsv,368,9.0.1
explosion,wh_dlc08_abilities_lightening_down,data/unit_stats/source_exports/db/projectiles_explosions_tables/data__.tsv,369,9.0.1
explosion,wh_dlc08_abilities_nor_copious_vomit,data/unit_stats/source_exports/db/projectiles_explosions_tables/data__.tsv,370,9.0.1
explosion,wh_dlc08_grn_giant_terror,data/unit_stats/source_exports/db/projectiles_explosions_tables/data__.tsv,371,9.0.1
explosion,wh_dlc08_nor_hellcannon_ice,data/unit_stats/source_exports/db/projectiles_explosions_tables/data__.tsv,372,9.0.1
explosion,wh_dlc08_weapon_passive_stinky_giant_club,data/unit_stats/source_exports/db/projectiles_explosions_tables/data__.tsv,373,9.0.1
explosion,wh_dlc09_weapon_abilities_venom_staff_explosion,data/unit_stats/source_exports/db/projectiles_explosions_tables/data__.tsv,374,9.0.1
explosion,wh_dlc09_weapon_abilities_venom_staff_explosion_mini,data/unit_stats/source_exports/db/projectiles_explosions_tables/data__.tsv,375,9.0.1
explosion,wh_main_big_waaagh_miscast,data/unit_stats/source_exports/db/projectiles_explosions_tables/data__.tsv,376,9.0.1
explosion,wh_main_bound_spell_solheims_bolt_of_illumination,data/unit_stats/source_exports/db/projectiles_explosions_tables/data__.tsv,377,9.0.1
explosion,wh_main_brt_trebuchet_stone_explosion,data/unit_stats/source_exports/db/projectiles_explosions_tables/data__.tsv,378,9.0.1
explosion,wh_main_chs_hellcannon,data/unit_stats/source_exports/db/projectiles_explosions_tables/data__.tsv,379,9.0.1
explosion,wh_main_death_miscast,data/unit_stats/source_exports/db/projectiles_explosions_tables/data__.tsv,380,9.0.1
explosion,wh_main_dwf_blasting_charge_explosion,data/unit_stats/source_exports/db/projectiles_explosions_tables/data__.tsv,381,9.0.1
explosion,wh_main_dwf_cinderblast_explosion,data/unit_stats/source_exports/db/projectiles_explosions_tables/data__.tsv,382,9.0.1
explosion,wh_main_dwf_clattergun,data/unit_stats/source_exports/db/projectiles_explosions_tables/data__.tsv,383,9.0.1
explosion,wh_main_dwf_drakegun_explosion,data/unit_stats/source_exports/db/projectiles_explosions_tables/data__.tsv,384,9.0.1
explosion,wh_main_dwf_flamecannon_explosion,data/unit_stats/source_exports/db/projectiles_explosions_tables/data__.tsv,385,9.0.1
explosion,wh_main_dwf_grudge_thrower_explosion,data/unit_stats/source_exports/db/projectiles_explosions_tables/data__.tsv,386,9.0.1
explosion,wh_main_dwf_gyrocopter_steamgun_explosion,data/unit_stats/source_exports/db/projectiles_explosions_tables/data__.tsv,387,9.0.1
explosion,wh_main_dwf_trollhammer,data/unit_stats/source_exports/db/projectiles_explosions_tables/data__.tsv,388,9.0.1
explosion,wh_main_emp_grenade_explosion,data/unit_stats/source_exports/db/projectiles_explosions_tables/data__.tsv,389,9.0.1
explosion,wh_main_emp_mortar_explosion,data/unit_stats/source_exports/db/projectiles_explosions_tables/data__.tsv,390,9.0.1
explosion,wh_main_emp_rocket_battery_fuse,data/unit_stats/source_exports/db/projectiles_explosions_tables/data__.tsv,391,9.0.1
explosion,wh_main_emp_rocket_explosion,data/unit_stats/source_exports/db/projectiles_explosions_tables/data__.tsv,392,9.0.1
explosion,wh_main_fire_miscast,data/unit_stats/source_exports/db/projectiles_explosions_tables/data__.tsv,394,9.0.1
explosion,wh_main_generic_miscast,data/unit_stats/source_exports/db/projectiles_explosions_tables/data__.tsv,398,9.0.1
explosion,wh_main_grn_doomdiver_goblin_explosion,data/unit_stats/source_exports/db/projectiles_explosions_tables/data__.tsv,399,9.0.1
explosion,wh_main_grn_rock_lobber_explosion,data/unit_stats/source_exports/db/projectiles_explosions_tables/data__.tsv,400,9.0.1
explosion,wh_main_heavens_miscast,data/unit_stats/source_exports/db/projectiles_explosions_tables/data__.tsv,401,9.0.1
explosion,wh_main_light_miscast,data/unit_stats/source_exports/db/projectiles_explosions_tables/data__.tsv,402,9.0.1
explosion,wh_main_lil_waaagh_miscast,data/unit_stats/source_exports/db/projectiles_explosions_tables/data__.tsv,403,9.0.1
explosion,wh_main_lord_abilities_lord_of_the_storm,data/unit_stats/source_exports/db/projectiles_explosions_tables/data__.tsv,404,9.0.1
explosion,wh_main_metal_miscast,data/unit_stats/source_exports/db/projectiles_explosions_tables/data__.tsv,405,9.0.1
explosion,wh_main_spell_big_waaagh_gaze_of_mork,data/unit_stats/source_exports/db/projectiles_explosions_tables/data__.tsv,406,9.0.1
explosion,wh_main_spell_big_waaagh_gaze_of_mork_upgraded,data/unit_stats/source_exports/db/projectiles_explosions_tables/data__.tsv,407,9.0.1
explosion,wh_main_spell_bound_soulfire,data/unit_stats/source_exports/db/projectiles_explosions_tables/data__.tsv,408,9.0.1
explosion,wh_main_spell_fire_fireball,data/unit_stats/source_exports/db/projectiles_explosions_tables/data__.tsv,409,9.0.1
explosion,wh_main_spell_fire_fireball_upgraded,data/unit_stats/source_exports/db/projectiles_explosions_tables/data__.tsv,410,9.0.1
explosion,wh_main_spell_fire_piercing_bolts_of_burning,data/unit_stats/source_exports/db/projectiles_explosions_tables/data__.tsv,411,9.0.1
explosion,wh_main_spell_fire_piercing_bolts_of_burning_upgraded,data/unit_stats/source_exports/db/projectiles_explosions_tables/data__.tsv,412,9.0.1
explosion,wh_main_spell_heavens_comet_of_casandora,data/unit_stats/source_exports/db/projectiles_explosions_tables/data__.tsv,413,9.0.1
explosion,wh_main_spell_heavens_comet_of_casandora_bound,data/unit_stats/source_exports/db/projectiles_explosions_tables/data__.tsv,414,9.0.1
explosion,wh_main_spell_heavens_comet_of_casandora_upgraded,data/unit_stats/source_exports/db/projectiles_explosions_tables/data__.tsv,415,9.0.1
explosion,wh_main_spell_heavens_urannons_thunderbolt,data/unit_stats/source_exports/db/projectiles_explosions_tables/data__.tsv,416,9.0.1
explosion,wh_main_spell_heavens_urannons_thunderbolt_upgraded,data/unit_stats/source_exports/db/projectiles_explosions_tables/data__.tsv,417,9.0.1
explosion,wh_main_spell_light_shems_burning_gaze,data/unit_stats/source_exports/db/projectiles_explosions_tables/data__.tsv,418,9.0.1
explosion,wh_main_spell_light_shems_burning_gaze_upgraded,data/unit_stats/source_exports/db/projectiles_explosions_tables/data__.tsv,419,9.0.1
explosion,wh_main_spell_lil_waaagh_vindictive_glare,data/unit_stats/source_exports/db/projectiles_explosions_tables/data__.tsv,420,9.0.1
explosion,wh_main_spell_lil_waaagh_vindictive_glare_upgraded,data/unit_stats/source_exports/db/projectiles_explosions_tables/data__.tsv,421,9.0.1
explosion,wh_main_spell_metal_searing_doom,data/unit_stats/source_exports/db/projectiles_explosions_tables/data__.tsv,422,9.0.1
explosion,wh_main_spell_metal_searing_doom_upgraded,data/unit_stats/source_exports/db/projectiles_explosions_tables/data__.tsv,423,9.0.1
explosion,wh_main_spell_vampires_gaze_of_nagash,data/unit_stats/source_exports/db/projectiles_explosions_tables/data__.tsv,424,9.0.1
explosion,wh_main_spell_vampires_gaze_of_nagash_upgraded,data/unit_stats/source_exports/db/projectiles_explosions_tables/data__.tsv,425,9.0.1
explosion,wh_main_unit_abilities_gyrobomber_bomb,data/unit_stats/source_exports/db/projectiles_explosions_tables/data__.tsv,426,9.0.1
explosion,wh_main_unit_abilities_gyrocopter_grenade,data/unit_stats/source_exports/db/projectiles_explosions_tables/data__.tsv,427,9.0.1
explosion,wh_main_vampires_miscast,data/unit_stats/source_exports/db/projectiles_explosions_tables/data__.tsv,428,9.0.1
explosion,wh_pro04_bst_cygor_boulder_explosion_ror,data/unit_stats/source_exports/db/projectiles_explosions_tables/data__.tsv,430,9.0.1
explosion,wh_pro04_chs_hellcannon_ror,data/unit_stats/source_exports/db/projectiles_explosions_tables/data__.tsv,431,9.0.1
