agent_subtype_key,node_set_key,node_key,skill_key,skill_level,effect_key,skill_source_path,skill_source_line,ability_key,binding_table,binding_source_path,binding_source_line,bonus_value_id,target_kind,target_key
wh3_main_ogr_skrag_the_slaughterer,wh3_main_skill_node_set_ogr_skrag_the_slaughterer,wh3_main_skill_node_ogr_skrag_the_slaughterer_magic_0,wh3_main_skill_ogr_magic_great_maw_01_bullgorger_lord,1,wh3_main_effect_ability_cooldown_bullgorger,data/skill_trees/characters/ogre_kingdoms/Skrag_the_Slaughterer.csv,15,wh3_main_spell_great_maw_bullgorger,ability_bindings,data/effect_semantics/source_exports/db/effect_bonus_value_unit_ability_junctions_tables/data__.tsv,4043,recharge_mod,ability,wh3_main_spell_great_maw_bullgorger
wh3_main_ogr_skrag_the_slaughterer,wh3_main_skill_node_set_ogr_skrag_the_slaughterer,wh3_main_skill_node_ogr_skrag_the_slaughterer_magic_0,wh3_main_skill_ogr_magic_great_maw_01_bullgorger_lord,1,wh3_main_effect_ability_overcast_bullgorger,data/skill_trees/characters/ogre_kingdoms/Skrag_the_Slaughterer.csv,16,wh3_main_spell_great_maw_bullgorger,ability_bindings,data/effect_semantics/source_exports/db/effect_bonus_value_unit_ability_junctions_tables/data__.tsv,4659,enable_overchage,ability,wh3_main_spell_great_maw_bullgorger
wh3_main_ogr_skrag_the_slaughterer,wh3_main_skill_node_set_ogr_skrag_the_slaughterer,wh3_main_skill_node_ogr_skrag_the_slaughterer_magic_0,wh3_main_skill_ogr_magic_great_maw_01_bullgorger_lord,1,wh3_main_effect_ability_overcast_bullgorger,data/skill_trees/characters/ogre_kingdoms/Skrag_the_Slaughterer.csv,16,wh3_main_spell_great_maw_bullgorger,ability_bindings,data/effect_semantics/source_exports/db/effect_bonus_value_unit_ability_junctions_tables/data__.tsv,4660,enable,ability,wh3_main_spell_great_maw_bullgorger
wh3_main_ogr_skrag_the_slaughterer,wh3_main_skill_node_set_ogr_skrag_the_slaughterer,wh3_main_skill_node_ogr_skrag_the_slaughterer_magic_0,wh3_main_skill_ogr_magic_great_maw_01_bullgorger_lord,2,wh3_main_effect_ability_cooldown_bullgorger,data/skill_trees/characters/ogre_kingdoms/Skrag_the_Slaughterer.csv,17,wh3_main_spell_great_maw_bullgorger,ability_bindings,data/effect_semantics/source_exports/db/effect_bonus_value_unit_ability_junctions_tables/data__.tsv,4043,recharge_mod,ability,wh3_main_spell_great_maw_bullgorger
wh3_main_ogr_skrag_the_slaughterer,wh3_main_skill_node_set_ogr_skrag_the_slaughterer,wh3_main_skill_node_ogr_skrag_the_slaughterer_magic_0,wh3_main_skill_ogr_magic_great_maw_01_bullgorger_lord,2,wh3_main_effect_ability_miscast_bullgorger_upgraded,data/skill_trees/characters/ogre_kingdoms/Skrag_the_Slaughterer.csv,18,wh3_main_spell_great_maw_bullgorger_upgraded,ability_bindings,data/effect_semantics/source_exports/db/effect_bonus_value_unit_ability_junctions_tables/data__.tsv,4595,miscast_percentage_mod,ability,wh3_main_spell_great_maw_bullgorger_upgraded
wh3_main_ogr_skrag_the_slaughterer,wh3_main_skill_node_set_ogr_skrag_the_slaughterer,wh3_main_skill_node_ogr_skrag_the_slaughterer_magic_0,wh3_main_skill_ogr_magic_great_maw_01_bullgorger_lord,2,wh3_main_effect_ability_overcast_bullgorger,data/skill_trees/characters/ogre_kingdoms/Skrag_the_Slaughterer.csv,19,wh3_main_spell_great_maw_bullgorger,ability_bindings,data/effect_semantics/source_exports/db/effect_bonus_value_unit_ability_junctions_tables/data__.tsv,4659,enable_overchage,ability,wh3_main_spell_great_maw_bullgorger
wh3_main_ogr_skrag_the_slaughterer,wh3_main_skill_node_set_ogr_skrag_the_slaughterer,wh3_main_skill_node_ogr_skrag_the_slaughterer_magic_0,wh3_main_skill_ogr_magic_great_maw_01_bullgorger_lord,2,wh3_main_effect_ability_overcast_bullgorger,data/skill_trees/characters/ogre_kingdoms/Skrag_the_Slaughterer.csv,19,wh3_main_spell_great_maw_bullgorger,ability_bindings,data/effect_semantics/source_exports/db/effect_bonus_value_unit_ability_junctions_tables/data__.tsv,4660,enable,ability,wh3_main_spell_great_maw_bullgorger
wh3_main_ogr_skrag_the_slaughterer,wh3_main_skill_node_set_ogr_skrag_the_slaughterer,wh3_main_skill_node_ogr_skrag_the_slaughterer_magic_0,wh3_main_skill_ogr_magic_great_maw_01_bullgorger_lord,2,wh3_main_effect_ability_wom_cost_bullgorger,data/skill_trees/characters/ogre_kingdoms/Skrag_the_Slaughterer.csv,20,wh3_main_spell_great_maw_bullgorger,ability_bindings,data/effect_semantics/source_exports/db/effect_bonus_value_unit_ability_junctions_tables/data__.tsv,4777,cost_mod,ability,wh3_main_spell_great_maw_bullgorger
wh3_main_ogr_skrag_the_slaughterer,wh3_main_skill_node_set_ogr_skrag_the_slaughterer,wh3_main_skill_node_ogr_skrag_the_slaughterer_magic_0,wh3_main_skill_ogr_magic_great_maw_01_bullgorger_lord,2,wh3_main_effect_ability_wom_cost_bullgorger_upgraded,data/skill_trees/characters/ogre_kingdoms/Skrag_the_Slaughterer.csv,21,wh3_main_spell_great_maw_bullgorger_upgraded,ability_bindings,data/effect_semantics/source_exports/db/effect_bonus_value_unit_ability_junctions_tables/data__.tsv,4776,cost_mod,ability,wh3_main_spell_great_maw_bullgorger_upgraded
wh3_main_ogr_skrag_the_slaughterer,wh3_main_skill_node_set_ogr_skrag_the_slaughterer,wh3_main_skill_node_ogr_skrag_the_slaughterer_innate,wh3_main_skill_innate_ogr_skrag,1,wh3_main_effect_ability_enable_gorger_onslaught,data/skill_trees/characters/ogre_kingdoms/Skrag_the_Slaughterer.csv,30,wh3_main_lord_abilities_gorger_onslaught,ability_bindings,data/effect_semantics/source_exports/db/effect_bonus_value_unit_ability_junctions_tables/data__.tsv,4408,enable,ability,wh3_main_lord_abilities_gorger_onslaught
wh3_main_ogr_skrag_the_slaughterer,wh3_main_skill_node_set_ogr_skrag_the_slaughterer,wh3_main_skill_node_ogr_skrag_the_slaughterer_unique_1,wh3_main_skill_ogr_skrag_unique_whirling_stumpblades,1,wh2_dlc10_effect_character_stat_enable_sundering_attacks,data/skill_trees/characters/ogre_kingdoms/Skrag_the_Slaughterer.csv,137,,phase_bindings,data/effect_semantics/source_exports/db/effect_bonus_value_special_ability_phase_record_junctions_tables/data__.tsv,4,active,phase,wh_dlc06_unit_contact_sundered_armour
wh3_main_ogr_skrag_the_slaughterer,wh3_main_skill_node_set_ogr_skrag_the_slaughterer,wh3_main_skill_node_ogr_skrag_the_slaughterer_generic_3,wh3_main_skill_ogr_unique_slaughtermaster_feastmaster,1,wh2_main_effect_ability_enable_regeneration,data/skill_trees/characters/ogre_kingdoms/Skrag_the_Slaughterer.csv,141,wh_main_unit_passive_regeneration,ability_bindings,data/effect_semantics/source_exports/db/effect_bonus_value_unit_ability_junctions_tables/data__.tsv,1131,enable,ability,wh_main_unit_passive_regeneration
wh3_main_ogr_skrag_the_slaughterer,wh3_main_skill_node_set_ogr_skrag_the_slaughterer,wh3_main_skill_node_ogr_skrag_the_slaughterer_magic_1_4,wh3_main_skill_ogr_magic_great_maw_05_bloodgruel,1,wh3_main_effect_ability_enable_bloodgruel,data/skill_trees/characters/ogre_kingdoms/Skrag_the_Slaughterer.csv,143,wh3_main_lore_passive_bloodgruel,ability_bindings,data/effect_semantics/source_exports/db/effect_bonus_value_unit_ability_junctions_tables/data__.tsv,4288,enable,ability,wh3_main_lore_passive_bloodgruel
wh3_main_ogr_skrag_the_slaughterer,wh3_main_skill_node_set_ogr_skrag_the_slaughterer,wh3_main_skill_node_ogr_skrag_the_slaughterer_unique_2,wh3_main_skill_ogr_skrag_unique_prophet_of_the_great_maw,1,wh2_main_effect_ability_cooldown_spells,data/skill_trees/characters/ogre_kingdoms/Skrag_the_Slaughterer.csv,158,wh2_dlc09_spell_nehekhara_djafs_incantation_of_cursed_blades,ability_bindings,data/effect_semantics/source_exports/db/effect_bonus_value_unit_ability_junctions_tables/data__.tsv,844,recharge_mod,ability,wh2_dlc09_spell_nehekhara_djafs_incantation_of_cursed_blades
wh3_main_ogr_skrag_the_slaughterer,wh3_main_skill_node_set_ogr_skrag_the_slaughterer,wh3_main_skill_node_ogr_skrag_the_slaughterer_unique_2,wh3_main_skill_ogr_skrag_unique_prophet_of_the_great_maw,1,wh2_main_effect_ability_cooldown_spells,data/skill_trees/characters/ogre_kingdoms/Skrag_the_Slaughterer.csv,158,wh2_dlc09_spell_nehekhara_nerus_incantation_of_protection,ability_bindings,data/effect_semantics/source_exports/db/effect_bonus_value_unit_ability_junctions_tables/data__.tsv,845,recharge_mod,ability,wh2_dlc09_spell_nehekhara_nerus_incantation_of_protection
wh3_main_ogr_skrag_the_slaughterer,wh3_main_skill_node_set_ogr_skrag_the_slaughterer,wh3_main_skill_node_ogr_skrag_the_slaughterer_unique_2,wh3_main_skill_ogr_skrag_unique_prophet_of_the_great_maw,1,wh2_main_effect_ability_cooldown_spells,data/skill_trees/characters/ogre_kingdoms/Skrag_the_Slaughterer.csv,158,wh2_dlc09_spell_nehekhara_ptras_incantation_of_righteous_smiting,ability_bindings,data/effect_semantics/source_exports/db/effect_bonus_value_unit_ability_junctions_tables/data__.tsv,846,recharge_mod,ability,wh2_dlc09_spell_nehekhara_ptras_incantation_of_righteous_smiting
wh3_main_ogr_skrag_the_slaughterer,wh3_main_skill_node_set_ogr_skrag_the_slaughterer,wh3_main_skill_node_ogr_skrag_the_slaughterer_unique_2,wh3_main_skill_ogr_skrag_unique_prophet_of_the_great_maw,1,wh2_main_effect_ability_cooldown_spells,data/skill_trees/characters/ogre_kingdoms/Skrag_the_Slaughterer.csv,158,wh2_dlc09_spell_nehekhara_sakhmets_incantation_of_the_skullstorm,ability_bindings,data/effect_semantics/source_exports/db/effect_bonus_value_unit_ability_junctions_tables/data__.tsv,847,recharge_mod,ability,wh2_dlc09_spell_nehekhara_sakhmets_incantation_of_the_skullstorm
wh3_main_ogr_skrag_the_slaughterer,wh3_main_skill_node_set_ogr_skrag_the_slaughterer,wh3_main_skill_node_ogr_skrag_the_slaughterer_unique_2,wh3_main_skill_ogr_skrag_unique_prophet_of_the_great_maw,1,wh2_main_effect_ability_cooldown_spells,data/skill_trees/characters/ogre_kingdoms/Skrag_the_Slaughterer.csv,158,wh2_dlc09_spell_nehekhara_usekhps_incantation_of_desiccation,ability_bindings,data/effect_semantics/source_exports/db/effect_bonus_value_unit_ability_junctions_tables/data__.tsv,848,recharge_mod,ability,wh2_dlc09_spell_nehekhara_usekhps_incantation_of_desiccation
wh3_main_ogr_skrag_the_slaughterer,wh3_main_skill_node_set_ogr_skrag_the_slaughterer,wh3_main_skill_node_ogr_skrag_the_slaughterer_unique_2,wh3_main_skill_ogr_skrag_unique_prophet_of_the_great_maw,1,wh2_main_effect_ability_cooldown_spells,data/skill_trees/characters/ogre_kingdoms/Skrag_the_Slaughterer.csv,158,wh2_dlc09_spell_nehekhara_usirians_incantation_of_vengeance,ability_bindings,data/effect_semantics/source_exports/db/effect_bonus_value_unit_ability_junctions_tables/data__.tsv,849,recharge_mod,ability,wh2_dlc09_spell_nehekhara_usirians_incantation_of_vengeance
wh3_main_ogr_skrag_the_slaughterer,wh3_main_skill_node_set_ogr_skrag_the_slaughterer,wh3_main_skill_node_ogr_skrag_the_slaughterer_unique_2,wh3_main_skill_ogr_skrag_unique_prophet_of_the_great_maw,1,wh2_main_effect_ability_cooldown_spells,data/skill_trees/characters/ogre_kingdoms/Skrag_the_Slaughterer.csv,158,wh2_dlc11_spell_beasts_transformation_of_kadon,ability_bindings,data/effect_semantics/source_exports/db/effect_bonus_value_unit_ability_junctions_tables/data__.tsv,850,recharge_mod,ability,wh2_dlc11_spell_beasts_transformation_of_kadon
wh3_main_ogr_skrag_the_slaughterer,wh3_main_skill_node_set_ogr_skrag_the_slaughterer,wh3_main_skill_node_ogr_skrag_the_slaughterer_unique_2,wh3_main_skill_ogr_skrag_unique_prophet_of_the_great_maw,1,wh2_main_effect_ability_cooldown_spells,data/skill_trees/characters/ogre_kingdoms/Skrag_the_Slaughterer.csv,158,wh2_dlc11_spell_deep_denizens_of_the_deep,ability_bindings,data/effect_semantics/source_exports/db/effect_bonus_value_unit_ability_junctions_tables/data__.tsv,851,recharge_mod,ability,wh2_dlc11_spell_deep_denizens_of_the_deep
wh3_main_ogr_skrag_the_slaughterer,wh3_main_skill_node_set_ogr_skrag_the_slaughterer,wh3_main_skill_node_ogr_skrag_the_slaughterer_unique_2,wh3_main_skill_ogr_skrag_unique_prophet_of_the_great_maw,1,wh2_main_effect_ability_cooldown_spells,data/skill_trees/characters/ogre_kingdoms/Skrag_the_Slaughterer.csv,158,wh2_dlc11_spell_deep_fog_of_the_damned,ability_bindings,data/effect_semantics/source_exports/db/effect_bonus_value_unit_ability_junctions_tables/data__.tsv,852,recharge_mod,ability,wh2_dlc11_spell_deep_fog_of_the_damned
wh3_main_ogr_skrag_the_slaughterer,wh3_main_skill_node_set_ogr_skrag_the_slaughterer,wh3_main_skill_node_ogr_skrag_the_slaughterer_unique_2,wh3_main_skill_ogr_skrag_unique_prophet_of_the_great_maw,1,wh2_main_effect_ability_cooldown_spells,data/skill_trees/characters/ogre_kingdoms/Skrag_the_Slaughterer.csv,158,wh2_dlc11_spell_deep_ghost_ship,ability_bindings,data/effect_semantics/source_exports/db/effect_bonus_value_unit_ability_junctions_tables/data__.tsv,853,recharge_mod,ability,wh2_dlc11_spell_deep_ghost_ship
wh3_main_ogr_skrag_the_slaughterer,wh3_main_skill_node_set_ogr_skrag_the_slaughterer,wh3_main_skill_node_ogr_skrag_the_slaughterer_unique_2,wh3_main_skill_ogr_skrag_unique_prophet_of_the_great_maw,1,wh2_main_effect_ability_cooldown_spells,data/skill_trees/characters/ogre_kingdoms/Skrag_the_Slaughterer.csv,158,wh2_dlc11_spell_deep_krakens_pull,ability_bindings,data/effect_semantics/source_exports/db/effect_bonus_value_unit_ability_junctions_tables/data__.tsv,854,recharge_mod,ability,wh2_dlc11_spell_deep_krakens_pull
wh3_main_ogr_skrag_the_slaughterer,wh3_main_skill_node_set_ogr_skrag_the_slaughterer,wh3_main_skill_node_ogr_skrag_the_slaughterer_unique_2,wh3_main_skill_ogr_skrag_unique_prophet_of_the_great_maw,1,wh2_main_effect_ability_cooldown_spells,data/skill_trees/characters/ogre_kingdoms/Skrag_the_Slaughterer.csv,158,wh2_dlc11_spell_deep_spiteful_shot,ability_bindings,data/effect_semantics/source_exports/db/effect_bonus_value_unit_ability_junctions_tables/data__.tsv,855,recharge_mod,ability,wh2_dlc11_spell_deep_spiteful_shot
wh3_main_ogr_skrag_the_slaughterer,wh3_main_skill_node_set_ogr_skrag_the_slaughterer,wh3_main_skill_node_ogr_skrag_the_slaughterer_unique_2,wh3_main_skill_ogr_skrag_unique_prophet_of_the_great_maw,1,wh2_main_effect_ability_cooldown_spells,data/skill_trees/characters/ogre_kingdoms/Skrag_the_Slaughterer.csv,158,wh2_dlc11_spell_deep_tidecall,ability_bindings,data/effect_semantics/source_exports/db/effect_bonus_value_unit_ability_junctions_tables/data__.tsv,856,recharge_mod,ability,wh2_dlc11_spell_deep_tidecall
wh3_main_ogr_skrag_the_slaughterer,wh3_main_skill_node_set_ogr_skrag_the_slaughterer,wh3_main_skill_node_ogr_skrag_the_slaughterer_unique_2,wh3_main_skill_ogr_skrag_unique_prophet_of_the_great_maw,1,wh2_main_effect_ability_cooldown_spells,data/skill_trees/characters/ogre_kingdoms/Skrag_the_Slaughterer.csv,158,wh2_dlc11_spell_vampires_drowned_dead,ability_bindings,data/effect_semantics/source_exports/db/effect_bonus_value_unit_ability_junctions_tables/data__.tsv,857,recharge_mod,ability,wh2_dlc11_spell_vampires_drowned_dead
wh3_main_ogr_skrag_the_slaughterer,wh3_main_skill_node_set_ogr_skrag_the_slaughterer,wh3_main_skill_node_ogr_skrag_the_slaughterer_unique_2,wh3_main_skill_ogr_skrag_unique_prophet_of_the_great_maw,1,wh2_main_effect_ability_cooldown_spells,data/skill_trees/characters/ogre_kingdoms/Skrag_the_Slaughterer.csv,158,wh2_dlc12_spell_kroak_deliverance_of_itza_1,ability_bindings,data/effect_semantics/source_exports/db/effect_bonus_value_unit_ability_junctions_tables/data__.tsv,858,recharge_mod,ability,wh2_dlc12_spell_kroak_deliverance_of_itza_1
wh3_main_ogr_skrag_the_slaughterer,wh3_main_skill_node_set_ogr_skrag_the_slaughterer,wh3_main_skill_node_ogr_skrag_the_slaughterer_unique_2,wh3_main_skill_ogr_skrag_unique_prophet_of_the_great_maw,1,wh2_main_effect_ability_cooldown_spells,data/skill_trees/characters/ogre_kingdoms/Skrag_the_Slaughterer.csv,158,wh2_dlc12_spell_kroak_deliverance_of_itza_2,ability_bindings,data/effect_semantics/source_exports/db/effect_bonus_value_unit_ability_junctions_tables/data__.tsv,859,recharge_mod,ability,wh2_dlc12_spell_kroak_deliverance_of_itza_2
wh3_main_ogr_skrag_the_slaughterer,wh3_main_skill_node_set_ogr_skrag_the_slaughterer,wh3_main_skill_node_ogr_skrag_the_slaughterer_unique_2,wh3_main_skill_ogr_skrag_unique_prophet_of_the_great_maw,1,wh2_main_effect_ability_cooldown_spells,data/skill_trees/characters/ogre_kingdoms/Skrag_the_Slaughterer.csv,158,wh2_dlc12_spell_kroak_deliverance_of_itza_3,ability_bindings,data/effect_semantics/source_exports/db/effect_bonus_value_unit_ability_junctions_tables/data__.tsv,860,recharge_mod,ability,wh2_dlc12_spell_kroak_deliverance_of_itza_3
wh3_main_ogr_skrag_the_slaughterer,wh3_main_skill_node_set_ogr_skrag_the_slaughterer,wh3_main_skill_node_ogr_skrag_the_slaughterer_unique_2,wh3_main_skill_ogr_skrag_unique_prophet_of_the_great_maw,1,wh2_main_effect_ability_cooldown_spells,data/skill_trees/characters/ogre_kingdoms/Skrag_the_Slaughterer.csv,158,wh2_main_spell_dark_magic_bladewind,ability_bindings,data/effect_semantics/source_exports/db/effect_bonus_value_unit_ability_junctions_tables/data__.tsv,861,recharge_mod,ability,wh2_main_spell_dark_magic_bladewind
wh3_main_ogr_skrag_the_slaughterer,wh3_main_skill_node_set_ogr_skrag_the_slaughterer,wh3_main_skill_node_ogr_skrag_the_slaughterer_unique_2,wh3_main_skill_ogr_skrag_unique_prophet_of_the_great_maw,1,wh2_main_effect_ability_cooldown_spells,data/skill_trees/characters/ogre_kingdoms/Skrag_the_Slaughterer.csv,158,wh2_main_spell_dark_magic_chillwind,ability_bindings,data/effect_semantics/source_exports/db/effect_bonus_value_unit_ability_junctions_tables/data__.tsv,862,recharge_mod,ability,wh2_main_spell_dark_magic_chillwind
wh3_main_ogr_skrag_the_slaughterer,wh3_main_skill_node_set_ogr_skrag_the_slaughterer,wh3_main_skill_node_ogr_skrag_the_slaughterer_unique_2,wh3_main_skill_ogr_skrag_unique_prophet_of_the_great_maw,1,wh2_main_effect_ability_cooldown_spells,data/skill_trees/characters/ogre_kingdoms/Skrag_the_Slaughterer.csv,158,wh2_main_spell_dark_magic_doombolt,ability_bindings,data/effect_semantics/source_exports/db/effect_bonus_value_unit_ability_junctions_tables/data__.tsv,863,recharge_mod,ability,wh2_main_spell_dark_magic_doombolt
wh3_main_ogr_skrag_the_slaughterer,wh3_main_skill_node_set_ogr_skrag_the_slaughterer,wh3_main_skill_node_ogr_skrag_the_slaughterer_unique_2,wh3_main_skill_ogr_skrag_unique_prophet_of_the_great_maw,1,wh2_main_effect_ability_cooldown_spells,data/skill_trees/characters/ogre_kingdoms/Skrag_the_Slaughterer.csv,158,wh2_main_spell_dark_magic_power_of_darkness,ability_bindings,data/effect_semantics/source_exports/db/effect_bonus_value_unit_ability_junctions_tables/data__.tsv,864,recharge_mod,ability,wh2_main_spell_dark_magic_power_of_darkness
wh3_main_ogr_skrag_the_slaughterer,wh3_main_skill_node_set_ogr_skrag_the_slaughterer,wh3_main_skill_node_ogr_skrag_the_slaughterer_unique_2,wh3_main_skill_ogr_skrag_unique_prophet_of_the_great_maw,1,wh2_main_effect_ability_cooldown_spells,data/skill_trees/characters/ogre_kingdoms/Skrag_the_Slaughterer.csv,158,wh2_main_spell_dark_magic_soul_stealer,ability_bindings,data/effect_semantics/source_exports/db/effect_bonus_value_unit_ability_junctions_tables/data__.tsv,865,recharge_mod,ability,wh2_main_spell_dark_magic_soul_stealer
wh3_main_ogr_skrag_the_slaughterer,wh3_main_skill_node_set_ogr_skrag_the_slaughterer,wh3_main_skill_node_ogr_skrag_the_slaughterer_unique_2,wh3_main_skill_ogr_skrag_unique_prophet_of_the_great_maw,1,wh2_main_effect_ability_cooldown_spells,data/skill_trees/characters/ogre_kingdoms/Skrag_the_Slaughterer.csv,158,wh2_main_spell_dark_magic_word_of_pain,ability_bindings,data/effect_semantics/source_exports/db/effect_bonus_value_unit_ability_junctions_tables/data__.tsv,866,recharge_mod,ability,wh2_main_spell_dark_magic_word_of_pain
wh3_main_ogr_skrag_the_slaughterer,wh3_main_skill_node_set_ogr_skrag_the_slaughterer,wh3_main_skill_node_ogr_skrag_the_slaughterer_unique_2,wh3_main_skill_ogr_skrag_unique_prophet_of_the_great_maw,1,wh2_main_effect_ability_cooldown_spells,data/skill_trees/characters/ogre_kingdoms/Skrag_the_Slaughterer.csv,158,wh2_main_spell_grey_seer_the_dreaded_thirteenth_spell,ability_bindings,data/effect_semantics/source_exports/db/effect_bonus_value_unit_ability_junctions_tables/data__.tsv,867,recharge_mod,ability,wh2_main_spell_grey_seer_the_dreaded_thirteenth_spell
wh3_main_ogr_skrag_the_slaughterer,wh3_main_skill_node_set_ogr_skrag_the_slaughterer,wh3_main_skill_node_ogr_skrag_the_slaughterer_unique_2,wh3_main_skill_ogr_skrag_unique_prophet_of_the_great_maw,1,wh2_main_effect_ability_cooldown_spells,data/skill_trees/characters/ogre_kingdoms/Skrag_the_Slaughterer.csv,158,wh2_main_spell_high_magic_apotheosis,ability_bindings,data/effect_semantics/source_exports/db/effect_bonus_value_unit_ability_junctions_tables/data__.tsv,868,recharge_mod,ability,wh2_main_spell_high_magic_apotheosis
wh3_main_ogr_skrag_the_slaughterer,wh3_main_skill_node_set_ogr_skrag_the_slaughterer,wh3_main_skill_node_ogr_skrag_the_slaughterer_unique_2,wh3_main_skill_ogr_skrag_unique_prophet_of_the_great_maw,1,wh2_main_effect_ability_cooldown_spells,data/skill_trees/characters/ogre_kingdoms/Skrag_the_Slaughterer.csv,158,wh2_main_spell_high_magic_arcane_unforging,ability_bindings,data/effect_semantics/source_exports/db/effect_bonus_value_unit_ability_junctions_tables/data__.tsv,869,recharge_mod,ability,wh2_main_spell_high_magic_arcane_unforging
wh3_main_ogr_skrag_the_slaughterer,wh3_main_skill_node_set_ogr_skrag_the_slaughterer,wh3_main_skill_node_ogr_skrag_the_slaughterer_unique_2,wh3_main_skill_ogr_skrag_unique_prophet_of_the_great_maw,1,wh2_main_effect_ability_cooldown_spells,data/skill_trees/characters/ogre_kingdoms/Skrag_the_Slaughterer.csv,158,wh2_main_spell_high_magic_fiery_convocation,ability_bindings,data/effect_semantics/source_exports/db/effect_bonus_value_unit_ability_junctions_tables/data__.tsv,870,recharge_mod,ability,wh2_main_spell_high_magic_fiery_convocation
wh3_main_ogr_skrag_the_slaughterer,wh3_main_skill_node_set_ogr_skrag_the_slaughterer,wh3_main_skill_node_ogr_skrag_the_slaughterer_unique_2,wh3_main_skill_ogr_skrag_unique_prophet_of_the_great_maw,1,wh2_main_effect_ability_cooldown_spells,data/skill_trees/characters/ogre_kingdoms/Skrag_the_Slaughterer.csv,158,wh2_main_spell_high_magic_hand_of_glory,ability_bindings,data/effect_semantics/source_exports/db/effect_bonus_value_unit_ability_junctions_tables/data__.tsv,871,recharge_mod,ability,wh2_main_spell_high_magic_hand_of_glory
wh3_main_ogr_skrag_the_slaughterer,wh3_main_skill_node_set_ogr_skrag_the_slaughterer,wh3_main_skill_node_ogr_skrag_the_slaughterer_unique_2,wh3_main_skill_ogr_skrag_unique_prophet_of_the_great_maw,1,wh2_main_effect_ability_cooldown_spells,data/skill_trees/characters/ogre_kingdoms/Skrag_the_Slaughterer.csv,158,wh2_main_spell_high_magic_soul_quench,ability_bindings,data/effect_semantics/source_exports/db/effect_bonus_value_unit_ability_junctions_tables/data__.tsv,872,recharge_mod,ability,wh2_main_spell_high_magic_soul_quench
wh3_main_ogr_skrag_the_slaughterer,wh3_main_skill_node_set_ogr_skrag_the_slaughterer,wh3_main_skill_node_ogr_skrag_the_slaughterer_unique_2,wh3_main_skill_ogr_skrag_unique_prophet_of_the_great_maw,1,wh2_main_effect_ability_cooldown_spells,data/skill_trees/characters/ogre_kingdoms/Skrag_the_Slaughterer.csv,158,wh2_main_spell_high_magic_tempest,ability_bindings,data/effect_semantics/source_exports/db/effect_bonus_value_unit_ability_junctions_tables/data__.tsv,873,recharge_mod,ability,wh2_main_spell_high_magic_tempest
wh3_main_ogr_skrag_the_slaughterer,wh3_main_skill_node_set_ogr_skrag_the_slaughterer,wh3_main_skill_node_ogr_skrag_the_slaughterer_unique_2,wh3_main_skill_ogr_skrag_unique_prophet_of_the_great_maw,1,wh2_main_effect_ability_cooldown_spells,data/skill_trees/characters/ogre_kingdoms/Skrag_the_Slaughterer.csv,158,wh2_main_spell_plague_bless_with_filth,ability_bindings,data/effect_semantics/source_exports/db/effect_bonus_value_unit_ability_junctions_tables/data__.tsv,874,recharge_mod,ability,wh2_main_spell_plague_bless_with_filth
wh3_main_ogr_skrag_the_slaughterer,wh3_main_skill_node_set_ogr_skrag_the_slaughterer,wh3_main_skill_node_ogr_skrag_the_slaughterer_unique_2,wh3_main_skill_ogr_skrag_unique_prophet_of_the_great_maw,1,wh2_main_effect_ability_cooldown_spells,data/skill_trees/characters/ogre_kingdoms/Skrag_the_Slaughterer.csv,158,wh2_main_spell_plague_pestilent_birth,ability_bindings,data/effect_semantics/source_exports/db/effect_bonus_value_unit_ability_junctions_tables/data__.tsv,875,recharge_mod,ability,wh2_main_spell_plague_pestilent_birth
wh3_main_ogr_skrag_the_slaughterer,wh3_main_skill_node_set_ogr_skrag_the_slaughterer,wh3_main_skill_node_ogr_skrag_the_slaughterer_unique_2,wh3_main_skill_ogr_skrag_unique_prophet_of_the_great_maw,1,wh2_main_effect_ability_cooldown_spells,data/skill_trees/characters/ogre_kingdoms/Skrag_the_Slaughterer.csv,158,wh2_main_spell_plague_pestilent_breath,ability_bindings,data/effect_semantics/source_exports/db/effect_bonus_value_unit_ability_junctions_tables/data__.tsv,876,recharge_mod,ability,wh2_main_spell_plague_pestilent_breath
wh3_main_ogr_skrag_the_slaughterer,wh3_main_skill_node_set_ogr_skrag_the_slaughterer,wh3_main_skill_node_ogr_skrag_the_slaughterer_unique_2,wh3_main_skill_ogr_skrag_unique_prophet_of_the_great_maw,1,wh2_main_effect_ability_cooldown_spells,data/skill_trees/characters/ogre_kingdoms/Skrag_the_Slaughterer.csv,158,wh2_main_spell_plague_plague,ability_bindings,data/effect_semantics/source_exports/db/effect_bonus_value_unit_ability_junctions_tables/data__.tsv,877,recharge_mod,ability,wh2_main_spell_plague_plague
wh3_main_ogr_skrag_the_slaughterer,wh3_main_skill_node_set_ogr_skrag_the_slaughterer,wh3_main_skill_node_ogr_skrag_the_slaughterer_unique_2,wh3_main_skill_ogr_skrag_unique_prophet_of_the_great_maw,1,wh2_main_effect_ability_cooldown_spells,data/skill_trees/characters/ogre_kingdoms/Skrag_the_Slaughterer.csv,158,wh2_main_spell_plague_vermintide,ability_bindings,data/effect_semantics/source_exports/db/effect_bonus_value_unit_ability_junctions_tables/data__.tsv,878,recharge_mod,ability,wh2_main_spell_plague_vermintide
wh3_main_ogr_skrag_the_slaughterer,wh3_main_skill_node_set_ogr_skrag_the_slaughterer,wh3_main_skill_node_ogr_skrag_the_slaughterer_unique_2,wh3_main_skill_ogr_skrag_unique_prophet_of_the_great_maw,1,wh2_main_effect_ability_cooldown_spells,data/skill_trees/characters/ogre_kingdoms/Skrag_the_Slaughterer.csv,158,wh2_main_spell_plague_wither,ability_bindings,data/effect_semantics/source_exports/db/effect_bonus_value_unit_ability_junctions_tables/data__.tsv,879,recharge_mod,ability,wh2_main_spell_plague_wither
wh3_main_ogr_skrag_the_slaughterer,wh3_main_skill_node_set_ogr_skrag_the_slaughterer,wh3_main_skill_node_ogr_skrag_the_slaughterer_unique_2,wh3_main_skill_ogr_skrag_unique_prophet_of_the_great_maw,1,wh2_main_effect_ability_cooldown_spells,data/skill_trees/characters/ogre_kingdoms/Skrag_the_Slaughterer.csv,158,wh2_main_spell_ruin_cracks_call,ability_bindings,data/effect_semantics/source_exports/db/effect_bonus_value_unit_ability_junctions_tables/data__.tsv,880,recharge_mod,ability,wh2_main_spell_ruin_cracks_call
wh3_main_ogr_skrag_the_slaughterer,wh3_main_skill_node_set_ogr_skrag_the_slaughterer,wh3_main_skill_node_ogr_skrag_the_slaughterer_unique_2,wh3_main_skill_ogr_skrag_unique_prophet_of_the_great_maw,1,wh2_main_effect_ability_cooldown_spells,data/skill_trees/characters/ogre_kingdoms/Skrag_the_Slaughterer.csv,158,wh2_main_spell_ruin_death_frenzy,ability_bindings,data/effect_semantics/source_exports/db/effect_bonus_value_unit_ability_junctions_tables/data__.tsv,881,recharge_mod,ability,wh2_main_spell_ruin_death_frenzy
wh3_main_ogr_skrag_the_slaughterer,wh3_main_skill_node_set_ogr_skrag_the_slaughterer,wh3_main_skill_node_ogr_skrag_the_slaughterer_unique_2,wh3_main_skill_ogr_skrag_unique_prophet_of_the_great_maw,1,wh2_main_effect_ability_cooldown_spells,data/skill_trees/characters/ogre_kingdoms/Skrag_the_Slaughterer.csv,158,wh2_main_spell_ruin_howling_warpgale,ability_bindings,data/effect_semantics/source_exports/db/effect_bonus_value_unit_ability_junctions_tables/data__.tsv,882,recharge_mod,ability,wh2_main_spell_ruin_howling_warpgale
wh3_main_ogr_skrag_the_slaughterer,wh3_main_skill_node_set_ogr_skrag_the_slaughterer,wh3_main_skill_node_ogr_skrag_the_slaughterer_unique_2,wh3_main_skill_ogr_skrag_unique_prophet_of_the_great_maw,1,wh2_main_effect_ability_cooldown_spells,data/skill_trees/characters/ogre_kingdoms/Skrag_the_Slaughterer.csv,158,wh2_main_spell_ruin_scorch,ability_bindings,data/effect_semantics/source_exports/db/effect_bonus_value_unit_ability_junctions_tables/data__.tsv,883,recharge_mod,ability,wh2_main_spell_ruin_scorch
wh3_main_ogr_skrag_the_slaughterer,wh3_main_skill_node_set_ogr_skrag_the_slaughterer,wh3_main_skill_node_ogr_skrag_the_slaughterer_unique_2,wh3_main_skill_ogr_skrag_unique_prophet_of_the_great_maw,1,wh2_main_effect_ability_cooldown_spells,data/skill_trees/characters/ogre_kingdoms/Skrag_the_Slaughterer.csv,158,wh2_main_spell_ruin_skitterleap,ability_bindings,data/effect_semantics/source_exports/db/effect_bonus_value_unit_ability_junctions_tables/data__.tsv,884,recharge_mod,ability,wh2_main_spell_ruin_skitterleap
wh3_main_ogr_skrag_the_slaughterer,wh3_main_skill_node_set_ogr_skrag_the_slaughterer,wh3_main_skill_node_ogr_skrag_the_slaughterer_unique_2,wh3_main_skill_ogr_skrag_unique_prophet_of_the_great_maw,1,wh2_main_effect_ability_cooldown_spells,data/skill_trees/characters/ogre_kingdoms/Skrag_the_Slaughterer.csv,158,wh2_main_spell_ruin_warp_lightning,ability_bindings,data/effect_semantics/source_exports/db/effect_bonus_value_unit_ability_junctions_tables/data__.tsv,885,recharge_mod,ability,wh2_main_spell_ruin_warp_lightning
wh3_main_ogr_skrag_the_slaughterer,wh3_main_skill_node_set_ogr_skrag_the_slaughterer,wh3_main_skill_node_ogr_skrag_the_slaughterer_unique_2,wh3_main_skill_ogr_skrag_unique_prophet_of_the_great_maw,1,wh2_main_effect_ability_cooldown_spells,data/skill_trees/characters/ogre_kingdoms/Skrag_the_Slaughterer.csv,158,wh3_dlc29_spell_undeath_akararan_the_dark_riders,ability_bindings,data/effect_semantics/source_exports/db/effect_bonus_value_unit_ability_junctions_tables/data__.tsv,886,recharge_mod,ability,wh3_dlc29_spell_undeath_akararan_the_dark_riders
wh3_main_ogr_skrag_the_slaughterer,wh3_main_skill_node_set_ogr_skrag_the_slaughterer,wh3_main_skill_node_ogr_skrag_the_slaughterer_unique_2,wh3_main_skill_ogr_skrag_unique_prophet_of_the_great_maw,1,wh2_main_effect_ability_cooldown_spells,data/skill_trees/characters/ogre_kingdoms/Skrag_the_Slaughterer.csv,158,wh3_dlc29_spell_undeath_akararan_the_dark_riders_upgraded,ability_bindings,data/effect_semantics/source_exports/db/effect_bonus_value_unit_ability_junctions_tables/data__.tsv,887,recharge_mod,ability,wh3_dlc29_spell_undeath_akararan_the_dark_riders_upgraded
wh3_main_ogr_skrag_the_slaughterer,wh3_main_skill_node_set_ogr_skrag_the_slaughterer,wh3_main_skill_node_ogr_skrag_the_slaughterer_unique_2,wh3_main_skill_ogr_skrag_unique_prophet_of_the_great_maw,1,wh2_main_effect_ability_cooldown_spells,data/skill_trees/characters/ogre_kingdoms/Skrag_the_Slaughterer.csv,158,wh3_dlc29_spell_undeath_kandorak_the_harbinger,ability_bindings,data/effect_semantics/source_exports/db/effect_bonus_value_unit_ability_junctions_tables/data__.tsv,888,recharge_mod,ability,wh3_dlc29_spell_undeath_kandorak_the_harbinger
wh3_main_ogr_skrag_the_slaughterer,wh3_main_skill_node_set_ogr_skrag_the_slaughterer,wh3_main_skill_node_ogr_skrag_the_slaughterer_unique_2,wh3_main_skill_ogr_skrag_unique_prophet_of_the_great_maw,1,wh2_main_effect_ability_cooldown_spells,data/skill_trees/characters/ogre_kingdoms/Skrag_the_Slaughterer.csv,158,wh3_dlc29_spell_undeath_khizaar_the_soulstealer,ability_bindings,data/effect_semantics/source_exports/db/effect_bonus_value_unit_ability_junctions_tables/data__.tsv,889,recharge_mod,ability,wh3_dlc29_spell_undeath_khizaar_the_soulstealer
wh3_main_ogr_skrag_the_slaughterer,wh3_main_skill_node_set_ogr_skrag_the_slaughterer,wh3_main_skill_node_ogr_skrag_the_slaughterer_unique_2,wh3_main_skill_ogr_skrag_unique_prophet_of_the_great_maw,1,wh2_main_effect_ability_cooldown_spells,data/skill_trees/characters/ogre_kingdoms/Skrag_the_Slaughterer.csv,158,wh3_dlc29_spell_undeath_khizaar_the_soulstealer_upgraded,ability_bindings,data/effect_semantics/source_exports/db/effect_bonus_value_unit_ability_junctions_tables/data__.tsv,890,recharge_mod,ability,wh3_dlc29_spell_undeath_khizaar_the_soulstealer_upgraded
wh3_main_ogr_skrag_the_slaughterer,wh3_main_skill_node_set_ogr_skrag_the_slaughterer,wh3_main_skill_node_ogr_skrag_the_slaughterer_unique_2,wh3_main_skill_ogr_skrag_unique_prophet_of_the_great_maw,1,wh2_main_effect_ability_cooldown_spells,data/skill_trees/characters/ogre_kingdoms/Skrag_the_Slaughterer.csv,158,wh3_dlc29_spell_undeath_morkharn_breath_of_darkness,ability_bindings,data/effect_semantics/source_exports/db/effect_bonus_value_unit_ability_junctions_tables/data__.tsv,891,recharge_mod,ability,wh3_dlc29_spell_undeath_morkharn_breath_of_darkness
wh3_main_ogr_skrag_the_slaughterer,wh3_main_skill_node_set_ogr_skrag_the_slaughterer,wh3_main_skill_node_ogr_skrag_the_slaughterer_unique_2,wh3_main_skill_ogr_skrag_unique_prophet_of_the_great_maw,1,wh2_main_effect_ability_cooldown_spells,data/skill_trees/characters/ogre_kingdoms/Skrag_the_Slaughterer.csv,158,wh3_dlc29_spell_undeath_morkharn_breath_of_darkness_upgraded,ability_bindings,data/effect_semantics/source_exports/db/effect_bonus_value_unit_ability_junctions_tables/data__.tsv,892,recharge_mod,ability,wh3_dlc29_spell_undeath_morkharn_breath_of_darkness_upgraded
wh3_main_ogr_skrag_the_slaughterer,wh3_main_skill_node_set_ogr_skrag_the_slaughterer,wh3_main_skill_node_ogr_skrag_the_slaughterer_unique_2,wh3_main_skill_ogr_skrag_unique_prophet_of_the_great_maw,1,wh2_main_effect_ability_cooldown_spells,data/skill_trees/characters/ogre_kingdoms/Skrag_the_Slaughterer.csv,158,wh3_dlc29_spell_undeath_razkhar_the_abyssal_swarm,ability_bindings,data/effect_semantics/source_exports/db/effect_bonus_value_unit_ability_junctions_tables/data__.tsv,893,recharge_mod,ability,wh3_dlc29_spell_undeath_razkhar_the_abyssal_swarm
wh3_main_ogr_skrag_the_slaughterer,wh3_main_skill_node_set_ogr_skrag_the_slaughterer,wh3_main_skill_node_ogr_skrag_the_slaughterer_unique_2,wh3_main_skill_ogr_skrag_unique_prophet_of_the_great_maw,1,wh2_main_effect_ability_cooldown_spells,data/skill_trees/characters/ogre_kingdoms/Skrag_the_Slaughterer.csv,158,wh3_dlc29_spell_undeath_razkhar_the_abyssal_swarm_upgraded,ability_bindings,data/effect_semantics/source_exports/db/effect_bonus_value_unit_ability_junctions_tables/data__.tsv,894,recharge_mod,ability,wh3_dlc29_spell_undeath_razkhar_the_abyssal_swarm_upgraded
wh3_main_ogr_skrag_the_slaughterer,wh3_main_skill_node_set_ogr_skrag_the_slaughterer,wh3_main_skill_node_ogr_skrag_the_slaughterer_unique_2,wh3_main_skill_ogr_skrag_unique_prophet_of_the_great_maw,1,wh2_main_effect_ability_cooldown_spells,data/skill_trees/characters/ogre_kingdoms/Skrag_the_Slaughterer.csv,158,wh3_dlc29_spell_undeath_sulekhim_hand_of_dust,ability_bindings,data/effect_semantics/source_exports/db/effect_bonus_value_unit_ability_junctions_tables/data__.tsv,895,recharge_mod,ability,wh3_dlc29_spell_undeath_sulekhim_hand_of_dust
wh3_main_ogr_skrag_the_slaughterer,wh3_main_skill_node_set_ogr_skrag_the_slaughterer,wh3_main_skill_node_ogr_skrag_the_slaughterer_unique_2,wh3_main_skill_ogr_skrag_unique_prophet_of_the_great_maw,1,wh2_main_effect_ability_cooldown_spells,data/skill_trees/characters/ogre_kingdoms/Skrag_the_Slaughterer.csv,158,wh3_dlc29_spell_undeath_sulekhim_hand_of_dust_upgraded,ability_bindings,data/effect_semantics/source_exports/db/effect_bonus_value_unit_ability_junctions_tables/data__.tsv,896,recharge_mod,ability,wh3_dlc29_spell_undeath_sulekhim_hand_of_dust_upgraded
wh3_main_ogr_skrag_the_slaughterer,wh3_main_skill_node_set_ogr_skrag_the_slaughterer,wh3_main_skill_node_ogr_skrag_the_slaughterer_unique_2,wh3_main_skill_ogr_skrag_unique_prophet_of_the_great_maw,1,wh2_main_effect_ability_cooldown_spells,data/skill_trees/characters/ogre_kingdoms/Skrag_the_Slaughterer.csv,158,wh3_main_spell_great_maw_bonecrusher,ability_bindings,data/effect_semantics/source_exports/db/effect_bonus_value_unit_ability_junctions_tables/data__.tsv,897,recharge_mod,ability,wh3_main_spell_great_maw_bonecrusher
wh3_main_ogr_skrag_the_slaughterer,wh3_main_skill_node_set_ogr_skrag_the_slaughterer,wh3_main_skill_node_ogr_skrag_the_slaughterer_unique_2,wh3_main_skill_ogr_skrag_unique_prophet_of_the_great_maw,1,wh2_main_effect_ability_cooldown_spells,data/skill_trees/characters/ogre_kingdoms/Skrag_the_Slaughterer.csv,158,wh3_main_spell_great_maw_braingobbler,ability_bindings,data/effect_semantics/source_exports/db/effect_bonus_value_unit_ability_junctions_tables/data__.tsv,898,recharge_mod,ability,wh3_main_spell_great_maw_braingobbler
wh3_main_ogr_skrag_the_slaughterer,wh3_main_skill_node_set_ogr_skrag_the_slaughterer,wh3_main_skill_node_ogr_skrag_the_slaughterer_unique_2,wh3_main_skill_ogr_skrag_unique_prophet_of_the_great_maw,1,wh2_main_effect_ability_cooldown_spells,data/skill_trees/characters/ogre_kingdoms/Skrag_the_Slaughterer.csv,158,wh3_main_spell_great_maw_bullgorger,ability_bindings,data/effect_semantics/source_exports/db/effect_bonus_value_unit_ability_junctions_tables/data__.tsv,899,recharge_mod,ability,wh3_main_spell_great_maw_bullgorger
wh3_main_ogr_skrag_the_slaughterer,wh3_main_skill_node_set_ogr_skrag_the_slaughterer,wh3_main_skill_node_ogr_skrag_the_slaughterer_unique_2,wh3_main_skill_ogr_skrag_unique_prophet_of_the_great_maw,1,wh2_main_effect_ability_cooldown_spells,data/skill_trees/characters/ogre_kingdoms/Skrag_the_Slaughterer.csv,158,wh3_main_spell_great_maw_the_maw,ability_bindings,data/effect_semantics/source_exports/db/effect_bonus_value_unit_ability_junctions_tables/data__.tsv,900,recharge_mod,ability,wh3_main_spell_great_maw_the_maw
wh3_main_ogr_skrag_the_slaughterer,wh3_main_skill_node_set_ogr_skrag_the_slaughterer,wh3_main_skill_node_ogr_skrag_the_slaughterer_unique_2,wh3_main_skill_ogr_skrag_unique_prophet_of_the_great_maw,1,wh2_main_effect_ability_cooldown_spells,data/skill_trees/characters/ogre_kingdoms/Skrag_the_Slaughterer.csv,158,wh3_main_spell_great_maw_toothcracker,ability_bindings,data/effect_semantics/source_exports/db/effect_bonus_value_unit_ability_junctions_tables/data__.tsv,901,recharge_mod,ability,wh3_main_spell_great_maw_toothcracker
wh3_main_ogr_skrag_the_slaughterer,wh3_main_skill_node_set_ogr_skrag_the_slaughterer,wh3_main_skill_node_ogr_skrag_the_slaughterer_unique_2,wh3_main_skill_ogr_skrag_unique_prophet_of_the_great_maw,1,wh2_main_effect_ability_cooldown_spells,data/skill_trees/characters/ogre_kingdoms/Skrag_the_Slaughterer.csv,158,wh3_main_spell_great_maw_trollguts,ability_bindings,data/effect_semantics/source_exports/db/effect_bonus_value_unit_ability_junctions_tables/data__.tsv,902,recharge_mod,ability,wh3_main_spell_great_maw_trollguts
wh3_main_ogr_skrag_the_slaughterer,wh3_main_skill_node_set_ogr_skrag_the_slaughterer,wh3_main_skill_node_ogr_skrag_the_slaughterer_unique_2,wh3_main_skill_ogr_skrag_unique_prophet_of_the_great_maw,1,wh2_main_effect_ability_cooldown_spells,data/skill_trees/characters/ogre_kingdoms/Skrag_the_Slaughterer.csv,158,wh3_main_spell_ice_crystal_sanctuary,ability_bindings,data/effect_semantics/source_exports/db/effect_bonus_value_unit_ability_junctions_tables/data__.tsv,903,recharge_mod,ability,wh3_main_spell_ice_crystal_sanctuary
wh3_main_ogr_skrag_the_slaughterer,wh3_main_skill_node_set_ogr_skrag_the_slaughterer,wh3_main_skill_node_ogr_skrag_the_slaughterer_unique_2,wh3_main_skill_ogr_skrag_unique_prophet_of_the_great_maw,1,wh2_main_effect_ability_cooldown_spells,data/skill_trees/characters/ogre_kingdoms/Skrag_the_Slaughterer.csv,158,wh3_main_spell_ice_death_frost,ability_bindings,data/effect_semantics/source_exports/db/effect_bonus_value_unit_ability_junctions_tables/data__.tsv,904,recharge_mod,ability,wh3_main_spell_ice_death_frost
wh3_main_ogr_skrag_the_slaughterer,wh3_main_skill_node_set_ogr_skrag_the_slaughterer,wh3_main_skill_node_ogr_skrag_the_slaughterer_unique_2,wh3_main_skill_ogr_skrag_unique_prophet_of_the_great_maw,1,wh2_main_effect_ability_cooldown_spells,data/skill_trees/characters/ogre_kingdoms/Skrag_the_Slaughterer.csv,158,wh3_main_spell_ice_frost_blades,ability_bindings,data/effect_semantics/source_exports/db/effect_bonus_value_unit_ability_junctions_tables/data__.tsv,905,recharge_mod,ability,wh3_main_spell_ice_frost_blades
wh3_main_ogr_skrag_the_slaughterer,wh3_main_skill_node_set_ogr_skrag_the_slaughterer,wh3_main_skill_node_ogr_skrag_the_slaughterer_unique_2,wh3_main_skill_ogr_skrag_unique_prophet_of_the_great_maw,1,wh2_main_effect_ability_cooldown_spells,data/skill_trees/characters/ogre_kingdoms/Skrag_the_Slaughterer.csv,158,wh3_main_spell_ice_heart_of_winter,ability_bindings,data/effect_semantics/source_exports/db/effect_bonus_value_unit_ability_junctions_tables/data__.tsv,906,recharge_mod,ability,wh3_main_spell_ice_heart_of_winter
wh3_main_ogr_skrag_the_slaughterer,wh3_main_skill_node_set_ogr_skrag_the_slaughterer,wh3_main_skill_node_ogr_skrag_the_slaughterer_unique_2,wh3_main_skill_ogr_skrag_unique_prophet_of_the_great_maw,1,wh2_main_effect_ability_cooldown_spells,data/skill_trees/characters/ogre_kingdoms/Skrag_the_Slaughterer.csv,158,wh3_main_spell_ice_ice_maidens_kiss,ability_bindings,data/effect_semantics/source_exports/db/effect_bonus_value_unit_ability_junctions_tables/data__.tsv,907,recharge_mod,ability,wh3_main_spell_ice_ice_maidens_kiss
wh3_main_ogr_skrag_the_slaughterer,wh3_main_skill_node_set_ogr_skrag_the_slaughterer,wh3_main_skill_node_ogr_skrag_the_slaughterer_unique_2,wh3_main_skill_ogr_skrag_unique_prophet_of_the_great_maw,1,wh2_main_effect_ability_cooldown_spells,data/skill_trees/characters/ogre_kingdoms/Skrag_the_Slaughterer.csv,158,wh3_main_spell_ice_ice_sheet,ability_bindings,data/effect_semantics/source_exports/db/effect_bonus_value_unit_ability_junctions_tables/data__.tsv,908,recharge_mod,ability,wh3_main_spell_ice_ice_sheet
wh3_main_ogr_skrag_the_slaughterer,wh3_main_skill_node_set_ogr_skrag_the_slaughterer,wh3_main_skill_node_ogr_skrag_the_slaughterer_unique_2,wh3_main_skill_ogr_skrag_unique_prophet_of_the_great_maw,1,wh2_main_effect_ability_cooldown_spells,data/skill_trees/characters/ogre_kingdoms/Skrag_the_Slaughterer.csv,158,wh3_main_spell_nurgle_curse_of_the_leper,ability_bindings,data/effect_semantics/source_exports/db/effect_bonus_value_unit_ability_junctions_tables/data__.tsv,909,recharge_mod,ability,wh3_main_spell_nurgle_curse_of_the_leper
wh3_main_ogr_skrag_the_slaughterer,wh3_main_skill_node_set_ogr_skrag_the_slaughterer,wh3_main_skill_node_ogr_skrag_the_slaughterer_unique_2,wh3_main_skill_ogr_skrag_unique_prophet_of_the_great_maw,1,wh2_main_effect_ability_cooldown_spells,data/skill_trees/characters/ogre_kingdoms/Skrag_the_Slaughterer.csv,158,wh3_main_spell_nurgle_fleshy_abundance,ability_bindings,data/effect_semantics/source_exports/db/effect_bonus_value_unit_ability_junctions_tables/data__.tsv,910,recharge_mod,ability,wh3_main_spell_nurgle_fleshy_abundance
wh3_main_ogr_skrag_the_slaughterer,wh3_main_skill_node_set_ogr_skrag_the_slaughterer,wh3_main_skill_node_ogr_skrag_the_slaughterer_unique_2,wh3_main_skill_ogr_skrag_unique_prophet_of_the_great_maw,1,wh2_main_effect_ability_cooldown_spells,data/skill_trees/characters/ogre_kingdoms/Skrag_the_Slaughterer.csv,158,wh3_main_spell_nurgle_miasma_of_pestilence,ability_bindings,data/effect_semantics/source_exports/db/effect_bonus_value_unit_ability_junctions_tables/data__.tsv,911,recharge_mod,ability,wh3_main_spell_nurgle_miasma_of_pestilence
wh3_main_ogr_skrag_the_slaughterer,wh3_main_skill_node_set_ogr_skrag_the_slaughterer,wh3_main_skill_node_ogr_skrag_the_slaughterer_unique_2,wh3_main_skill_ogr_skrag_unique_prophet_of_the_great_maw,1,wh2_main_effect_ability_cooldown_spells,data/skill_trees/characters/ogre_kingdoms/Skrag_the_Slaughterer.csv,158,wh3_main_spell_nurgle_pestilent_pustule,ability_bindings,data/effect_semantics/source_exports/db/effect_bonus_value_unit_ability_junctions_tables/data__.tsv,912,recharge_mod,ability,wh3_main_spell_nurgle_pestilent_pustule
wh3_main_ogr_skrag_the_slaughterer,wh3_main_skill_node_set_ogr_skrag_the_slaughterer,wh3_main_skill_node_ogr_skrag_the_slaughterer_unique_2,wh3_main_skill_ogr_skrag_unique_prophet_of_the_great_maw,1,wh2_main_effect_ability_cooldown_spells,data/skill_trees/characters/ogre_kingdoms/Skrag_the_Slaughterer.csv,158,wh3_main_spell_nurgle_rancid_visitations,ability_bindings,data/effect_semantics/source_exports/db/effect_bonus_value_unit_ability_junctions_tables/data__.tsv,913,recharge_mod,ability,wh3_main_spell_nurgle_rancid_visitations
wh3_main_ogr_skrag_the_slaughterer,wh3_main_skill_node_set_ogr_skrag_the_slaughterer,wh3_main_skill_node_ogr_skrag_the_slaughterer_unique_2,wh3_main_skill_ogr_skrag_unique_prophet_of_the_great_maw,1,wh2_main_effect_ability_cooldown_spells,data/skill_trees/characters/ogre_kingdoms/Skrag_the_Slaughterer.csv,158,wh3_main_spell_nurgle_stream_of_corruption,ability_bindings,data/effect_semantics/source_exports/db/effect_bonus_value_unit_ability_junctions_tables/data__.tsv,914,recharge_mod,ability,wh3_main_spell_nurgle_stream_of_corruption
wh3_main_ogr_skrag_the_slaughterer,wh3_main_skill_node_set_ogr_skrag_the_slaughterer,wh3_main_skill_node_ogr_skrag_the_slaughterer_unique_2,wh3_main_skill_ogr_skrag_unique_prophet_of_the_great_maw,1,wh2_main_effect_ability_cooldown_spells,data/skill_trees/characters/ogre_kingdoms/Skrag_the_Slaughterer.csv,158,wh3_main_spell_slaanesh_acquiescence,ability_bindings,data/effect_semantics/source_exports/db/effect_bonus_value_unit_ability_junctions_tables/data__.tsv,915,recharge_mod,ability,wh3_main_spell_slaanesh_acquiescence
wh3_main_ogr_skrag_the_slaughterer,wh3_main_skill_node_set_ogr_skrag_the_slaughterer,wh3_main_skill_node_ogr_skrag_the_slaughterer_unique_2,wh3_main_skill_ogr_skrag_unique_prophet_of_the_great_maw,1,wh2_main_effect_ability_cooldown_spells,data/skill_trees/characters/ogre_kingdoms/Skrag_the_Slaughterer.csv,158,wh3_main_spell_slaanesh_hysterical_frenzy,ability_bindings,data/effect_semantics/source_exports/db/effect_bonus_value_unit_ability_junctions_tables/data__.tsv,916,recharge_mod,ability,wh3_main_spell_slaanesh_hysterical_frenzy
wh3_main_ogr_skrag_the_slaughterer,wh3_main_skill_node_set_ogr_skrag_the_slaughterer,wh3_main_skill_node_ogr_skrag_the_slaughterer_unique_2,wh3_main_skill_ogr_skrag_unique_prophet_of_the_great_maw,1,wh2_main_effect_ability_cooldown_spells,data/skill_trees/characters/ogre_kingdoms/Skrag_the_Slaughterer.csv,158,wh3_main_spell_slaanesh_lash_of_slaanesh,ability_bindings,data/effect_semantics/source_exports/db/effect_bonus_value_unit_ability_junctions_tables/data__.tsv,917,recharge_mod,ability,wh3_main_spell_slaanesh_lash_of_slaanesh
wh3_main_ogr_skrag_the_slaughterer,wh3_main_skill_node_set_ogr_skrag_the_slaughterer,wh3_main_skill_node_ogr_skrag_the_slaughterer_unique_2,wh3_main_skill_ogr_skrag_unique_prophet_of_the_great_maw,1,wh2_main_effect_ability_cooldown_spells,data/skill_trees/characters/ogre_kingdoms/Skrag_the_Slaughterer.csv,158,wh3_main_spell_slaanesh_pavane_of_slaanesh,ability_bindings,data/effect_semantics/source_exports/db/effect_bonus_value_unit_ability_junctions_tables/data__.tsv,918,recharge_mod,ability,wh3_main_spell_slaanesh_pavane_of_slaanesh
wh3_main_ogr_skrag_the_slaughterer,wh3_main_skill_node_set_ogr_skrag_the_slaughterer,wh3_main_skill_node_ogr_skrag_the_slaughterer_unique_2,wh3_main_skill_ogr_skrag_unique_prophet_of_the_great_maw,1,wh2_main_effect_ability_cooldown_spells,data/skill_trees/characters/ogre_kingdoms/Skrag_the_Slaughterer.csv,158,wh3_main_spell_slaanesh_phantasmagoria,ability_bindings,data/effect_semantics/source_exports/db/effect_bonus_value_unit_ability_junctions_tables/data__.tsv,919,recharge_mod,ability,wh3_main_spell_slaanesh_phantasmagoria
wh3_main_ogr_skrag_the_slaughterer,wh3_main_skill_node_set_ogr_skrag_the_slaughterer,wh3_main_skill_node_ogr_skrag_the_slaughterer_unique_2,wh3_main_skill_ogr_skrag_unique_prophet_of_the_great_maw,1,wh2_main_effect_ability_cooldown_spells,data/skill_trees/characters/ogre_kingdoms/Skrag_the_Slaughterer.csv,158,wh3_main_spell_slaanesh_slicing_shards,ability_bindings,data/effect_semantics/source_exports/db/effect_bonus_value_unit_ability_junctions_tables/data__.tsv,920,recharge_mod,ability,wh3_main_spell_slaanesh_slicing_shards
wh3_main_ogr_skrag_the_slaughterer,wh3_main_skill_node_set_ogr_skrag_the_slaughterer,wh3_main_skill_node_ogr_skrag_the_slaughterer_unique_2,wh3_main_skill_ogr_skrag_unique_prophet_of_the_great_maw,1,wh2_main_effect_ability_cooldown_spells,data/skill_trees/characters/ogre_kingdoms/Skrag_the_Slaughterer.csv,158,wh3_main_spell_tempest_biting_wind,ability_bindings,data/effect_semantics/source_exports/db/effect_bonus_value_unit_ability_junctions_tables/data__.tsv,921,recharge_mod,ability,wh3_main_spell_tempest_biting_wind
wh3_main_ogr_skrag_the_slaughterer,wh3_main_skill_node_set_ogr_skrag_the_slaughterer,wh3_main_skill_node_ogr_skrag_the_slaughterer_unique_2,wh3_main_skill_ogr_skrag_unique_prophet_of_the_great_maw,1,wh2_main_effect_ability_cooldown_spells,data/skill_trees/characters/ogre_kingdoms/Skrag_the_Slaughterer.csv,158,wh3_main_spell_tempest_blizzard,ability_bindings,data/effect_semantics/source_exports/db/effect_bonus_value_unit_ability_junctions_tables/data__.tsv,922,recharge_mod,ability,wh3_main_spell_tempest_blizzard
wh3_main_ogr_skrag_the_slaughterer,wh3_main_skill_node_set_ogr_skrag_the_slaughterer,wh3_main_skill_node_ogr_skrag_the_slaughterer_unique_2,wh3_main_skill_ogr_skrag_unique_prophet_of_the_great_maw,1,wh2_main_effect_ability_cooldown_spells,data/skill_trees/characters/ogre_kingdoms/Skrag_the_Slaughterer.csv,158,wh3_main_spell_tempest_gust_of_true_flight,ability_bindings,data/effect_semantics/source_exports/db/effect_bonus_value_unit_ability_junctions_tables/data__.tsv,923,recharge_mod,ability,wh3_main_spell_tempest_gust_of_true_flight
wh3_main_ogr_skrag_the_slaughterer,wh3_main_skill_node_set_ogr_skrag_the_slaughterer,wh3_main_skill_node_ogr_skrag_the_slaughterer_unique_2,wh3_main_skill_ogr_skrag_unique_prophet_of_the_great_maw,1,wh2_main_effect_ability_cooldown_spells,data/skill_trees/characters/ogre_kingdoms/Skrag_the_Slaughterer.csv,158,wh3_main_spell_tempest_hailstorm,ability_bindings,data/effect_semantics/source_exports/db/effect_bonus_value_unit_ability_junctions_tables/data__.tsv,924,recharge_mod,ability,wh3_main_spell_tempest_hailstorm
wh3_main_ogr_skrag_the_slaughterer,wh3_main_skill_node_set_ogr_skrag_the_slaughterer,wh3_main_skill_node_ogr_skrag_the_slaughterer_unique_2,wh3_main_skill_ogr_skrag_unique_prophet_of_the_great_maw,1,wh2_main_effect_ability_cooldown_spells,data/skill_trees/characters/ogre_kingdoms/Skrag_the_Slaughterer.csv,158,wh3_main_spell_tempest_hawks_of_miska,ability_bindings,data/effect_semantics/source_exports/db/effect_bonus_value_unit_ability_junctions_tables/data__.tsv,925,recharge_mod,ability,wh3_main_spell_tempest_hawks_of_miska
wh3_main_ogr_skrag_the_slaughterer,wh3_main_skill_node_set_ogr_skrag_the_slaughterer,wh3_main_skill_node_ogr_skrag_the_slaughterer_unique_2,wh3_main_skill_ogr_skrag_unique_prophet_of_the_great_maw,1,wh2_main_effect_ability_cooldown_spells,data/skill_trees/characters/ogre_kingdoms/Skrag_the_Slaughterer.csv,158,wh3_main_spell_tempest_swiftwing,ability_bindings,data/effect_semantics/source_exports/db/effect_bonus_value_unit_ability_junctions_tables/data__.tsv,926,recharge_mod,ability,wh3_main_spell_tempest_swiftwing
wh3_main_ogr_skrag_the_slaughterer,wh3_main_skill_node_set_ogr_skrag_the_slaughterer,wh3_main_skill_node_ogr_skrag_the_slaughterer_unique_2,wh3_main_skill_ogr_skrag_unique_prophet_of_the_great_maw,1,wh2_main_effect_ability_cooldown_spells,data/skill_trees/characters/ogre_kingdoms/Skrag_the_Slaughterer.csv,158,wh3_main_spell_tzeentch_blue_fire_of_tzeentch,ability_bindings,data/effect_semantics/source_exports/db/effect_bonus_value_unit_ability_junctions_tables/data__.tsv,927,recharge_mod,ability,wh3_main_spell_tzeentch_blue_fire_of_tzeentch
wh3_main_ogr_skrag_the_slaughterer,wh3_main_skill_node_set_ogr_skrag_the_slaughterer,wh3_main_skill_node_ogr_skrag_the_slaughterer_unique_2,wh3_main_skill_ogr_skrag_unique_prophet_of_the_great_maw,1,wh2_main_effect_ability_cooldown_spells,data/skill_trees/characters/ogre_kingdoms/Skrag_the_Slaughterer.csv,158,wh3_main_spell_tzeentch_glean_magic,ability_bindings,data/effect_semantics/source_exports/db/effect_bonus_value_unit_ability_junctions_tables/data__.tsv,928,recharge_mod,ability,wh3_main_spell_tzeentch_glean_magic
wh3_main_ogr_skrag_the_slaughterer,wh3_main_skill_node_set_ogr_skrag_the_slaughterer,wh3_main_skill_node_ogr_skrag_the_slaughterer_unique_2,wh3_main_skill_ogr_skrag_unique_prophet_of_the_great_maw,1,wh2_main_effect_ability_cooldown_spells,data/skill_trees/characters/ogre_kingdoms/Skrag_the_Slaughterer.csv,158,wh3_main_spell_tzeentch_infernal_gateway,ability_bindings,data/effect_semantics/source_exports/db/effect_bonus_value_unit_ability_junctions_tables/data__.tsv,929,recharge_mod,ability,wh3_main_spell_tzeentch_infernal_gateway
wh3_main_ogr_skrag_the_slaughterer,wh3_main_skill_node_set_ogr_skrag_the_slaughterer,wh3_main_skill_node_ogr_skrag_the_slaughterer_unique_2,wh3_main_skill_ogr_skrag_unique_prophet_of_the_great_maw,1,wh2_main_effect_ability_cooldown_spells,data/skill_trees/characters/ogre_kingdoms/Skrag_the_Slaughterer.csv,158,wh3_main_spell_tzeentch_pink_fire_of_tzeentch,ability_bindings,data/effect_semantics/source_exports/db/effect_bonus_value_unit_ability_junctions_tables/data__.tsv,930,recharge_mod,ability,wh3_main_spell_tzeentch_pink_fire_of_tzeentch
wh3_main_ogr_skrag_the_slaughterer,wh3_main_skill_node_set_ogr_skrag_the_slaughterer,wh3_main_skill_node_ogr_skrag_the_slaughterer_unique_2,wh3_main_skill_ogr_skrag_unique_prophet_of_the_great_maw,1,wh2_main_effect_ability_cooldown_spells,data/skill_trees/characters/ogre_kingdoms/Skrag_the_Slaughterer.csv,158,wh3_main_spell_tzeentch_treason_of_tzeentch,ability_bindings,data/effect_semantics/source_exports/db/effect_bonus_value_unit_ability_junctions_tables/data__.tsv,931,recharge_mod,ability,wh3_main_spell_tzeentch_treason_of_tzeentch
wh3_main_ogr_skrag_the_slaughterer,wh3_main_skill_node_set_ogr_skrag_the_slaughterer,wh3_main_skill_node_ogr_skrag_the_slaughterer_unique_2,wh3_main_skill_ogr_skrag_unique_prophet_of_the_great_maw,1,wh2_main_effect_ability_cooldown_spells,data/skill_trees/characters/ogre_kingdoms/Skrag_the_Slaughterer.csv,158,wh3_main_spell_tzeentch_tzeentchs_firestorm,ability_bindings,data/effect_semantics/source_exports/db/effect_bonus_value_unit_ability_junctions_tables/data__.tsv,932,recharge_mod,ability,wh3_main_spell_tzeentch_tzeentchs_firestorm
wh3_main_ogr_skrag_the_slaughterer,wh3_main_skill_node_set_ogr_skrag_the_slaughterer,wh3_main_skill_node_ogr_skrag_the_slaughterer_unique_2,wh3_main_skill_ogr_skrag_unique_prophet_of_the_great_maw,1,wh2_main_effect_ability_cooldown_spells,data/skill_trees/characters/ogre_kingdoms/Skrag_the_Slaughterer.csv,158,wh3_main_spell_yang_constellation_of_the_dragon,ability_bindings,data/effect_semantics/source_exports/db/effect_bonus_value_unit_ability_junctions_tables/data__.tsv,933,recharge_mod,ability,wh3_main_spell_yang_constellation_of_the_dragon
wh3_main_ogr_skrag_the_slaughterer,wh3_main_skill_node_set_ogr_skrag_the_slaughterer,wh3_main_skill_node_ogr_skrag_the_slaughterer_unique_2,wh3_main_skill_ogr_skrag_unique_prophet_of_the_great_maw,1,wh2_main_effect_ability_cooldown_spells,data/skill_trees/characters/ogre_kingdoms/Skrag_the_Slaughterer.csv,158,wh3_main_spell_yang_dragons_breath,ability_bindings,data/effect_semantics/source_exports/db/effect_bonus_value_unit_ability_junctions_tables/data__.tsv,934,recharge_mod,ability,wh3_main_spell_yang_dragons_breath
wh3_main_ogr_skrag_the_slaughterer,wh3_main_skill_node_set_ogr_skrag_the_slaughterer,wh3_main_skill_node_ogr_skrag_the_slaughterer_unique_2,wh3_main_skill_ogr_skrag_unique_prophet_of_the_great_maw,1,wh2_main_effect_ability_cooldown_spells,data/skill_trees/characters/ogre_kingdoms/Skrag_the_Slaughterer.csv,158,wh3_main_spell_yang_jade_shield,ability_bindings,data/effect_semantics/source_exports/db/effect_bonus_value_unit_ability_junctions_tables/data__.tsv,935,recharge_mod,ability,wh3_main_spell_yang_jade_shield
wh3_main_ogr_skrag_the_slaughterer,wh3_main_skill_node_set_ogr_skrag_the_slaughterer,wh3_main_skill_node_ogr_skrag_the_slaughterer_unique_2,wh3_main_skill_ogr_skrag_unique_prophet_of_the_great_maw,1,wh2_main_effect_ability_cooldown_spells,data/skill_trees/characters/ogre_kingdoms/Skrag_the_Slaughterer.csv,158,wh3_main_spell_yang_might_of_heaven_and_earth,ability_bindings,data/effect_semantics/source_exports/db/effect_bonus_value_unit_ability_junctions_tables/data__.tsv,936,recharge_mod,ability,wh3_main_spell_yang_might_of_heaven_and_earth
wh3_main_ogr_skrag_the_slaughterer,wh3_main_skill_node_set_ogr_skrag_the_slaughterer,wh3_main_skill_node_ogr_skrag_the_slaughterer_unique_2,wh3_main_skill_ogr_skrag_unique_prophet_of_the_great_maw,1,wh2_main_effect_ability_cooldown_spells,data/skill_trees/characters/ogre_kingdoms/Skrag_the_Slaughterer.csv,158,wh3_main_spell_yang_stone_ground_stance,ability_bindings,data/effect_semantics/source_exports/db/effect_bonus_value_unit_ability_junctions_tables/data__.tsv,937,recharge_mod,ability,wh3_main_spell_yang_stone_ground_stance
wh3_main_ogr_skrag_the_slaughterer,wh3_main_skill_node_set_ogr_skrag_the_slaughterer,wh3_main_skill_node_ogr_skrag_the_slaughterer_unique_2,wh3_main_skill_ogr_skrag_unique_prophet_of_the_great_maw,1,wh2_main_effect_ability_cooldown_spells,data/skill_trees/characters/ogre_kingdoms/Skrag_the_Slaughterer.csv,158,wh3_main_spell_yang_wall_of_wind_and_fire,ability_bindings,data/effect_semantics/source_exports/db/effect_bonus_value_unit_ability_junctions_tables/data__.tsv,938,recharge_mod,ability,wh3_main_spell_yang_wall_of_wind_and_fire
wh3_main_ogr_skrag_the_slaughterer,wh3_main_skill_node_set_ogr_skrag_the_slaughterer,wh3_main_skill_node_ogr_skrag_the_slaughterer_unique_2,wh3_main_skill_ogr_skrag_unique_prophet_of_the_great_maw,1,wh2_main_effect_ability_cooldown_spells,data/skill_trees/characters/ogre_kingdoms/Skrag_the_Slaughterer.csv,158,wh3_main_spell_yin_ancestral_warriors,ability_bindings,data/effect_semantics/source_exports/db/effect_bonus_value_unit_ability_junctions_tables/data__.tsv,939,recharge_mod,ability,wh3_main_spell_yin_ancestral_warriors
wh3_main_ogr_skrag_the_slaughterer,wh3_main_skill_node_set_ogr_skrag_the_slaughterer,wh3_main_skill_node_ogr_skrag_the_slaughterer_unique_2,wh3_main_skill_ogr_skrag_unique_prophet_of_the_great_maw,1,wh2_main_effect_ability_cooldown_spells,data/skill_trees/characters/ogre_kingdoms/Skrag_the_Slaughterer.csv,158,wh3_main_spell_yin_blossom_wind,ability_bindings,data/effect_semantics/source_exports/db/effect_bonus_value_unit_ability_junctions_tables/data__.tsv,940,recharge_mod,ability,wh3_main_spell_yin_blossom_wind
wh3_main_ogr_skrag_the_slaughterer,wh3_main_skill_node_set_ogr_skrag_the_slaughterer,wh3_main_skill_node_ogr_skrag_the_slaughterer_unique_2,wh3_main_skill_ogr_skrag_unique_prophet_of_the_great_maw,1,wh2_main_effect_ability_cooldown_spells,data/skill_trees/characters/ogre_kingdoms/Skrag_the_Slaughterer.csv,158,wh3_main_spell_yin_cloak_of_jet,ability_bindings,data/effect_semantics/source_exports/db/effect_bonus_value_unit_ability_junctions_tables/data__.tsv,941,recharge_mod,ability,wh3_main_spell_yin_cloak_of_jet
wh3_main_ogr_skrag_the_slaughterer,wh3_main_skill_node_set_ogr_skrag_the_slaughterer,wh3_main_skill_node_ogr_skrag_the_slaughterer_unique_2,wh3_main_skill_ogr_skrag_unique_prophet_of_the_great_maw,1,wh2_main_effect_ability_cooldown_spells,data/skill_trees/characters/ogre_kingdoms/Skrag_the_Slaughterer.csv,158,wh3_main_spell_yin_missile_mirror,ability_bindings,data/effect_semantics/source_exports/db/effect_bonus_value_unit_ability_junctions_tables/data__.tsv,942,recharge_mod,ability,wh3_main_spell_yin_missile_mirror
wh3_main_ogr_skrag_the_slaughterer,wh3_main_skill_node_set_ogr_skrag_the_slaughterer,wh3_main_skill_node_ogr_skrag_the_slaughterer_unique_2,wh3_main_skill_ogr_skrag_unique_prophet_of_the_great_maw,1,wh2_main_effect_ability_cooldown_spells,data/skill_trees/characters/ogre_kingdoms/Skrag_the_Slaughterer.csv,158,wh3_main_spell_yin_storm_of_shadows,ability_bindings,data/effect_semantics/source_exports/db/effect_bonus_value_unit_ability_junctions_tables/data__.tsv,943,recharge_mod,ability,wh3_main_spell_yin_storm_of_shadows
wh3_main_ogr_skrag_the_slaughterer,wh3_main_skill_node_set_ogr_skrag_the_slaughterer,wh3_main_skill_node_ogr_skrag_the_slaughterer_unique_2,wh3_main_skill_ogr_skrag_unique_prophet_of_the_great_maw,1,wh2_main_effect_ability_cooldown_spells,data/skill_trees/characters/ogre_kingdoms/Skrag_the_Slaughterer.csv,158,wh3_main_spell_yin_talons_of_night,ability_bindings,data/effect_semantics/source_exports/db/effect_bonus_value_unit_ability_junctions_tables/data__.tsv,944,recharge_mod,ability,wh3_main_spell_yin_talons_of_night
wh3_main_ogr_skrag_the_slaughterer,wh3_main_skill_node_set_ogr_skrag_the_slaughterer,wh3_main_skill_node_ogr_skrag_the_slaughterer_unique_2,wh3_main_skill_ogr_skrag_unique_prophet_of_the_great_maw,1,wh2_main_effect_ability_cooldown_spells,data/skill_trees/characters/ogre_kingdoms/Skrag_the_Slaughterer.csv,158,wh_dlc03_spell_beasts_flock_of_doom,ability_bindings,data/effect_semantics/source_exports/db/effect_bonus_value_unit_ability_junctions_tables/data__.tsv,945,recharge_mod,ability,wh_dlc03_spell_beasts_flock_of_doom
wh3_main_ogr_skrag_the_slaughterer,wh3_main_skill_node_set_ogr_skrag_the_slaughterer,wh3_main_skill_node_ogr_skrag_the_slaughterer_unique_2,wh3_main_skill_ogr_skrag_unique_prophet_of_the_great_maw,1,wh2_main_effect_ability_cooldown_spells,data/skill_trees/characters/ogre_kingdoms/Skrag_the_Slaughterer.csv,158,wh_dlc03_spell_beasts_panns_impenetrable_pelt,ability_bindings,data/effect_semantics/source_exports/db/effect_bonus_value_unit_ability_junctions_tables/data__.tsv,946,recharge_mod,ability,wh_dlc03_spell_beasts_panns_impenetrable_pelt
wh3_main_ogr_skrag_the_slaughterer,wh3_main_skill_node_set_ogr_skrag_the_slaughterer,wh3_main_skill_node_ogr_skrag_the_slaughterer_unique_2,wh3_main_skill_ogr_skrag_unique_prophet_of_the_great_maw,1,wh2_main_effect_ability_cooldown_spells,data/skill_trees/characters/ogre_kingdoms/Skrag_the_Slaughterer.csv,158,wh_dlc03_spell_beasts_the_amber_spear,ability_bindings,data/effect_semantics/source_exports/db/effect_bonus_value_unit_ability_junctions_tables/data__.tsv,947,recharge_mod,ability,wh_dlc03_spell_beasts_the_amber_spear
wh3_main_ogr_skrag_the_slaughterer,wh3_main_skill_node_set_ogr_skrag_the_slaughterer,wh3_main_skill_node_ogr_skrag_the_slaughterer_unique_2,wh3_main_skill_ogr_skrag_unique_prophet_of_the_great_maw,1,wh2_main_effect_ability_cooldown_spells,data/skill_trees/characters/ogre_kingdoms/Skrag_the_Slaughterer.csv,158,wh_dlc03_spell_beasts_the_curse_of_anraheir,ability_bindings,data/effect_semantics/source_exports/db/effect_bonus_value_unit_ability_junctions_tables/data__.tsv,948,recharge_mod,ability,wh_dlc03_spell_beasts_the_curse_of_anraheir
wh3_main_ogr_skrag_the_slaughterer,wh3_main_skill_node_set_ogr_skrag_the_slaughterer,wh3_main_skill_node_ogr_skrag_the_slaughterer_unique_2,wh3_main_skill_ogr_skrag_unique_prophet_of_the_great_maw,1,wh2_main_effect_ability_cooldown_spells,data/skill_trees/characters/ogre_kingdoms/Skrag_the_Slaughterer.csv,158,wh_dlc03_spell_beasts_transformation_of_kadon,ability_bindings,data/effect_semantics/source_exports/db/effect_bonus_value_unit_ability_junctions_tables/data__.tsv,949,recharge_mod,ability,wh_dlc03_spell_beasts_transformation_of_kadon
wh3_main_ogr_skrag_the_slaughterer,wh3_main_skill_node_set_ogr_skrag_the_slaughterer,wh3_main_skill_node_ogr_skrag_the_slaughterer_unique_2,wh3_main_skill_ogr_skrag_unique_prophet_of_the_great_maw,1,wh2_main_effect_ability_cooldown_spells,data/skill_trees/characters/ogre_kingdoms/Skrag_the_Slaughterer.csv,158,wh_dlc03_spell_beasts_wyssans_wildform,ability_bindings,data/effect_semantics/source_exports/db/effect_bonus_value_unit_ability_junctions_tables/data__.tsv,950,recharge_mod,ability,wh_dlc03_spell_beasts_wyssans_wildform
wh3_main_ogr_skrag_the_slaughterer,wh3_main_skill_node_set_ogr_skrag_the_slaughterer,wh3_main_skill_node_ogr_skrag_the_slaughterer_unique_2,wh3_main_skill_ogr_skrag_unique_prophet_of_the_great_maw,1,wh2_main_effect_ability_cooldown_spells,data/skill_trees/characters/ogre_kingdoms/Skrag_the_Slaughterer.csv,158,wh_dlc03_spell_wild_bray_scream,ability_bindings,data/effect_semantics/source_exports/db/effect_bonus_value_unit_ability_junctions_tables/data__.tsv,951,recharge_mod,ability,wh_dlc03_spell_wild_bray_scream
wh3_main_ogr_skrag_the_slaughterer,wh3_main_skill_node_set_ogr_skrag_the_slaughterer,wh3_main_skill_node_ogr_skrag_the_slaughterer_unique_2,wh3_main_skill_ogr_skrag_unique_prophet_of_the_great_maw,1,wh2_main_effect_ability_cooldown_spells,data/skill_trees/characters/ogre_kingdoms/Skrag_the_Slaughterer.csv,158,wh_dlc03_spell_wild_devolve,ability_bindings,data/effect_semantics/source_exports/db/effect_bonus_value_unit_ability_junctions_tables/data__.tsv,952,recharge_mod,ability,wh_dlc03_spell_wild_devolve
wh3_main_ogr_skrag_the_slaughterer,wh3_main_skill_node_set_ogr_skrag_the_slaughterer,wh3_main_skill_node_ogr_skrag_the_slaughterer_unique_2,wh3_main_skill_ogr_skrag_unique_prophet_of_the_great_maw,1,wh2_main_effect_ability_cooldown_spells,data/skill_trees/characters/ogre_kingdoms/Skrag_the_Slaughterer.csv,158,wh_dlc03_spell_wild_mantle_of_ghorok,ability_bindings,data/effect_semantics/source_exports/db/effect_bonus_value_unit_ability_junctions_tables/data__.tsv,953,recharge_mod,ability,wh_dlc03_spell_wild_mantle_of_ghorok
wh3_main_ogr_skrag_the_slaughterer,wh3_main_skill_node_set_ogr_skrag_the_slaughterer,wh3_main_skill_node_ogr_skrag_the_slaughterer_unique_2,wh3_main_skill_ogr_skrag_unique_prophet_of_the_great_maw,1,wh2_main_effect_ability_cooldown_spells,data/skill_trees/characters/ogre_kingdoms/Skrag_the_Slaughterer.csv,158,wh_dlc03_spell_wild_savage_dominion,ability_bindings,data/effect_semantics/source_exports/db/effect_bonus_value_unit_ability_junctions_tables/data__.tsv,954,recharge_mod,ability,wh_dlc03_spell_wild_savage_dominion
wh3_main_ogr_skrag_the_slaughterer,wh3_main_skill_node_set_ogr_skrag_the_slaughterer,wh3_main_skill_node_ogr_skrag_the_slaughterer_unique_2,wh3_main_skill_ogr_skrag_unique_prophet_of_the_great_maw,1,wh2_main_effect_ability_cooldown_spells,data/skill_trees/characters/ogre_kingdoms/Skrag_the_Slaughterer.csv,158,wh_dlc03_spell_wild_traitor_kin,ability_bindings,data/effect_semantics/source_exports/db/effect_bonus_value_unit_ability_junctions_tables/data__.tsv,955,recharge_mod,ability,wh_dlc03_spell_wild_traitor_kin
wh3_main_ogr_skrag_the_slaughterer,wh3_main_skill_node_set_ogr_skrag_the_slaughterer,wh3_main_skill_node_ogr_skrag_the_slaughterer_unique_2,wh3_main_skill_ogr_skrag_unique_prophet_of_the_great_maw,1,wh2_main_effect_ability_cooldown_spells,data/skill_trees/characters/ogre_kingdoms/Skrag_the_Slaughterer.csv,158,wh_dlc03_spell_wild_viletide,ability_bindings,data/effect_semantics/source_exports/db/effect_bonus_value_unit_ability_junctions_tables/data__.tsv,956,recharge_mod,ability,wh_dlc03_spell_wild_viletide
wh3_main_ogr_skrag_the_slaughterer,wh3_main_skill_node_set_ogr_skrag_the_slaughterer,wh3_main_skill_node_ogr_skrag_the_slaughterer_unique_2,wh3_main_skill_ogr_skrag_unique_prophet_of_the_great_maw,1,wh2_main_effect_ability_cooldown_spells,data/skill_trees/characters/ogre_kingdoms/Skrag_the_Slaughterer.csv,158,wh_dlc04_spell_vampires_curse_of_years_helman,ability_bindings,data/effect_semantics/source_exports/db/effect_bonus_value_unit_ability_junctions_tables/data__.tsv,957,recharge_mod,ability,wh_dlc04_spell_vampires_curse_of_years_helman
wh3_main_ogr_skrag_the_slaughterer,wh3_main_skill_node_set_ogr_skrag_the_slaughterer,wh3_main_skill_node_ogr_skrag_the_slaughterer_unique_2,wh3_main_skill_ogr_skrag_unique_prophet_of_the_great_maw,1,wh2_main_effect_ability_cooldown_spells,data/skill_trees/characters/ogre_kingdoms/Skrag_the_Slaughterer.csv,158,wh_dlc04_spell_vampires_gaze_of_nagash_helman,ability_bindings,data/effect_semantics/source_exports/db/effect_bonus_value_unit_ability_junctions_tables/data__.tsv,958,recharge_mod,ability,wh_dlc04_spell_vampires_gaze_of_nagash_helman
wh3_main_ogr_skrag_the_slaughterer,wh3_main_skill_node_set_ogr_skrag_the_slaughterer,wh3_main_skill_node_ogr_skrag_the_slaughterer_unique_2,wh3_main_skill_ogr_skrag_unique_prophet_of_the_great_maw,1,wh2_main_effect_ability_cooldown_spells,data/skill_trees/characters/ogre_kingdoms/Skrag_the_Slaughterer.csv,158,wh_dlc04_spell_vampires_invocation_of_nehek_helman,ability_bindings,data/effect_semantics/source_exports/db/effect_bonus_value_unit_ability_junctions_tables/data__.tsv,959,recharge_mod,ability,wh_dlc04_spell_vampires_invocation_of_nehek_helman
wh3_main_ogr_skrag_the_slaughterer,wh3_main_skill_node_set_ogr_skrag_the_slaughterer,wh3_main_skill_node_ogr_skrag_the_slaughterer_unique_2,wh3_main_skill_ogr_skrag_unique_prophet_of_the_great_maw,1,wh2_main_effect_ability_cooldown_spells,data/skill_trees/characters/ogre_kingdoms/Skrag_the_Slaughterer.csv,158,wh_dlc04_spell_vampires_raise_dead_helman,ability_bindings,data/effect_semantics/source_exports/db/effect_bonus_value_unit_ability_junctions_tables/data__.tsv,960,recharge_mod,ability,wh_dlc04_spell_vampires_raise_dead_helman
wh3_main_ogr_skrag_the_slaughterer,wh3_main_skill_node_set_ogr_skrag_the_slaughterer,wh3_main_skill_node_ogr_skrag_the_slaughterer_unique_2,wh3_main_skill_ogr_skrag_unique_prophet_of_the_great_maw,1,wh2_main_effect_ability_cooldown_spells,data/skill_trees/characters/ogre_kingdoms/Skrag_the_Slaughterer.csv,158,wh_dlc04_spell_vampires_raise_dead_strigoi,ability_bindings,data/effect_semantics/source_exports/db/effect_bonus_value_unit_ability_junctions_tables/data__.tsv,961,recharge_mod,ability,wh_dlc04_spell_vampires_raise_dead_strigoi
wh3_main_ogr_skrag_the_slaughterer,wh3_main_skill_node_set_ogr_skrag_the_slaughterer,wh3_main_skill_node_ogr_skrag_the_slaughterer_unique_2,wh3_main_skill_ogr_skrag_unique_prophet_of_the_great_maw,1,wh2_main_effect_ability_cooldown_spells,data/skill_trees/characters/ogre_kingdoms/Skrag_the_Slaughterer.csv,158,wh_dlc04_spell_vampires_vanhels_danse_macabre_helman,ability_bindings,data/effect_semantics/source_exports/db/effect_bonus_value_unit_ability_junctions_tables/data__.tsv,962,recharge_mod,ability,wh_dlc04_spell_vampires_vanhels_danse_macabre_helman
wh3_main_ogr_skrag_the_slaughterer,wh3_main_skill_node_set_ogr_skrag_the_slaughterer,wh3_main_skill_node_ogr_skrag_the_slaughterer_unique_2,wh3_main_skill_ogr_skrag_unique_prophet_of_the_great_maw,1,wh2_main_effect_ability_cooldown_spells,data/skill_trees/characters/ogre_kingdoms/Skrag_the_Slaughterer.csv,158,wh_dlc04_spell_vampires_wind_of_death_helman,ability_bindings,data/effect_semantics/source_exports/db/effect_bonus_value_unit_ability_junctions_tables/data__.tsv,963,recharge_mod,ability,wh_dlc04_spell_vampires_wind_of_death_helman
wh3_main_ogr_skrag_the_slaughterer,wh3_main_skill_node_set_ogr_skrag_the_slaughterer,wh3_main_skill_node_ogr_skrag_the_slaughterer_unique_2,wh3_main_skill_ogr_skrag_unique_prophet_of_the_great_maw,1,wh2_main_effect_ability_cooldown_spells,data/skill_trees/characters/ogre_kingdoms/Skrag_the_Slaughterer.csv,158,wh_dlc05_spell_life_awakening_of_the_wood,ability_bindings,data/effect_semantics/source_exports/db/effect_bonus_value_unit_ability_junctions_tables/data__.tsv,964,recharge_mod,ability,wh_dlc05_spell_life_awakening_of_the_wood
wh3_main_ogr_skrag_the_slaughterer,wh3_main_skill_node_set_ogr_skrag_the_slaughterer,wh3_main_skill_node_ogr_skrag_the_slaughterer_unique_2,wh3_main_skill_ogr_skrag_unique_prophet_of_the_great_maw,1,wh2_main_effect_ability_cooldown_spells,data/skill_trees/characters/ogre_kingdoms/Skrag_the_Slaughterer.csv,158,wh_dlc05_spell_life_awakening_the_wood_branchwraith,ability_bindings,data/effect_semantics/source_exports/db/effect_bonus_value_unit_ability_junctions_tables/data__.tsv,965,recharge_mod,ability,wh_dlc05_spell_life_awakening_the_wood_branchwraith
wh3_main_ogr_skrag_the_slaughterer,wh3_main_skill_node_set_ogr_skrag_the_slaughterer,wh3_main_skill_node_ogr_skrag_the_slaughterer_unique_2,wh3_main_skill_ogr_skrag_unique_prophet_of_the_great_maw,1,wh2_main_effect_ability_cooldown_spells,data/skill_trees/characters/ogre_kingdoms/Skrag_the_Slaughterer.csv,158,wh_dlc05_spell_life_earth_blood,ability_bindings,data/effect_semantics/source_exports/db/effect_bonus_value_unit_ability_junctions_tables/data__.tsv,966,recharge_mod,ability,wh_dlc05_spell_life_earth_blood
wh3_main_ogr_skrag_the_slaughterer,wh3_main_skill_node_set_ogr_skrag_the_slaughterer,wh3_main_skill_node_ogr_skrag_the_slaughterer_unique_2,wh3_main_skill_ogr_skrag_unique_prophet_of_the_great_maw,1,wh2_main_effect_ability_cooldown_spells,data/skill_trees/characters/ogre_kingdoms/Skrag_the_Slaughterer.csv,158,wh_dlc05_spell_life_earth_blood_branchwraith,ability_bindings,data/effect_semantics/source_exports/db/effect_bonus_value_unit_ability_junctions_tables/data__.tsv,967,recharge_mod,ability,wh_dlc05_spell_life_earth_blood_branchwraith
wh3_main_ogr_skrag_the_slaughterer,wh3_main_skill_node_set_ogr_skrag_the_slaughterer,wh3_main_skill_node_ogr_skrag_the_slaughterer_unique_2,wh3_main_skill_ogr_skrag_unique_prophet_of_the_great_maw,1,wh2_main_effect_ability_cooldown_spells,data/skill_trees/characters/ogre_kingdoms/Skrag_the_Slaughterer.csv,158,wh_dlc05_spell_life_flesh_to_stone,ability_bindings,data/effect_semantics/source_exports/db/effect_bonus_value_unit_ability_junctions_tables/data__.tsv,968,recharge_mod,ability,wh_dlc05_spell_life_flesh_to_stone
wh3_main_ogr_skrag_the_slaughterer,wh3_main_skill_node_set_ogr_skrag_the_slaughterer,wh3_main_skill_node_ogr_skrag_the_slaughterer_unique_2,wh3_main_skill_ogr_skrag_unique_prophet_of_the_great_maw,1,wh2_main_effect_ability_cooldown_spells,data/skill_trees/characters/ogre_kingdoms/Skrag_the_Slaughterer.csv,158,wh_dlc05_spell_life_regrowth,ability_bindings,data/effect_semantics/source_exports/db/effect_bonus_value_unit_ability_junctions_tables/data__.tsv,969,recharge_mod,ability,wh_dlc05_spell_life_regrowth
wh3_main_ogr_skrag_the_slaughterer,wh3_main_skill_node_set_ogr_skrag_the_slaughterer,wh3_main_skill_node_ogr_skrag_the_slaughterer_unique_2,wh3_main_skill_ogr_skrag_unique_prophet_of_the_great_maw,1,wh2_main_effect_ability_cooldown_spells,data/skill_trees/characters/ogre_kingdoms/Skrag_the_Slaughterer.csv,158,wh_dlc05_spell_life_shield_of_thorns,ability_bindings,data/effect_semantics/source_exports/db/effect_bonus_value_unit_ability_junctions_tables/data__.tsv,970,recharge_mod,ability,wh_dlc05_spell_life_shield_of_thorns
wh3_main_ogr_skrag_the_slaughterer,wh3_main_skill_node_set_ogr_skrag_the_slaughterer,wh3_main_skill_node_ogr_skrag_the_slaughterer_unique_2,wh3_main_skill_ogr_skrag_unique_prophet_of_the_great_maw,1,wh2_main_effect_ability_cooldown_spells,data/skill_trees/characters/ogre_kingdoms/Skrag_the_Slaughterer.csv,158,wh_dlc05_spell_life_shield_of_thorns_branchwraith,ability_bindings,data/effect_semantics/source_exports/db/effect_bonus_value_unit_ability_junctions_tables/data__.tsv,971,recharge_mod,ability,wh_dlc05_spell_life_shield_of_thorns_branchwraith
wh3_main_ogr_skrag_the_slaughterer,wh3_main_skill_node_set_ogr_skrag_the_slaughterer,wh3_main_skill_node_ogr_skrag_the_slaughterer_unique_2,wh3_main_skill_ogr_skrag_unique_prophet_of_the_great_maw,1,wh2_main_effect_ability_cooldown_spells,data/skill_trees/characters/ogre_kingdoms/Skrag_the_Slaughterer.csv,158,wh_dlc05_spell_life_the_dwellers_below,ability_bindings,data/effect_semantics/source_exports/db/effect_bonus_value_unit_ability_junctions_tables/data__.tsv,972,recharge_mod,ability,wh_dlc05_spell_life_the_dwellers_below
wh3_main_ogr_skrag_the_slaughterer,wh3_main_skill_node_set_ogr_skrag_the_slaughterer,wh3_main_skill_node_ogr_skrag_the_slaughterer_unique_2,wh3_main_skill_ogr_skrag_unique_prophet_of_the_great_maw,1,wh2_main_effect_ability_cooldown_spells,data/skill_trees/characters/ogre_kingdoms/Skrag_the_Slaughterer.csv,158,wh_dlc05_spell_shadow_melkoths_mystifying_miasma,ability_bindings,data/effect_semantics/source_exports/db/effect_bonus_value_unit_ability_junctions_tables/data__.tsv,973,recharge_mod,ability,wh_dlc05_spell_shadow_melkoths_mystifying_miasma
wh3_main_ogr_skrag_the_slaughterer,wh3_main_skill_node_set_ogr_skrag_the_slaughterer,wh3_main_skill_node_ogr_skrag_the_slaughterer_unique_2,wh3_main_skill_ogr_skrag_unique_prophet_of_the_great_maw,1,wh2_main_effect_ability_cooldown_spells,data/skill_trees/characters/ogre_kingdoms/Skrag_the_Slaughterer.csv,158,wh_dlc05_spell_shadow_melkoths_mystifying_miasma_branchwraith,ability_bindings,data/effect_semantics/source_exports/db/effect_bonus_value_unit_ability_junctions_tables/data__.tsv,974,recharge_mod,ability,wh_dlc05_spell_shadow_melkoths_mystifying_miasma_branchwraith
wh3_main_ogr_skrag_the_slaughterer,wh3_main_skill_node_set_ogr_skrag_the_slaughterer,wh3_main_skill_node_ogr_skrag_the_slaughterer_unique_2,wh3_main_skill_ogr_skrag_unique_prophet_of_the_great_maw,1,wh2_main_effect_ability_cooldown_spells,data/skill_trees/characters/ogre_kingdoms/Skrag_the_Slaughterer.csv,158,wh_dlc05_spell_shadow_okkams_mindrazor,ability_bindings,data/effect_semantics/source_exports/db/effect_bonus_value_unit_ability_junctions_tables/data__.tsv,975,recharge_mod,ability,wh_dlc05_spell_shadow_okkams_mindrazor
wh3_main_ogr_skrag_the_slaughterer,wh3_main_skill_node_set_ogr_skrag_the_slaughterer,wh3_main_skill_node_ogr_skrag_the_slaughterer_unique_2,wh3_main_skill_ogr_skrag_unique_prophet_of_the_great_maw,1,wh2_main_effect_ability_cooldown_spells,data/skill_trees/characters/ogre_kingdoms/Skrag_the_Slaughterer.csv,158,wh_dlc05_spell_shadow_pit_of_shades,ability_bindings,data/effect_semantics/source_exports/db/effect_bonus_value_unit_ability_junctions_tables/data__.tsv,976,recharge_mod,ability,wh_dlc05_spell_shadow_pit_of_shades
wh3_main_ogr_skrag_the_slaughterer,wh3_main_skill_node_set_ogr_skrag_the_slaughterer,wh3_main_skill_node_ogr_skrag_the_slaughterer_unique_2,wh3_main_skill_ogr_skrag_unique_prophet_of_the_great_maw,1,wh2_main_effect_ability_cooldown_spells,data/skill_trees/characters/ogre_kingdoms/Skrag_the_Slaughterer.csv,158,wh_dlc05_spell_shadow_the_enfeebling_foe,ability_bindings,data/effect_semantics/source_exports/db/effect_bonus_value_unit_ability_junctions_tables/data__.tsv,977,recharge_mod,ability,wh_dlc05_spell_shadow_the_enfeebling_foe
wh3_main_ogr_skrag_the_slaughterer,wh3_main_skill_node_set_ogr_skrag_the_slaughterer,wh3_main_skill_node_ogr_skrag_the_slaughterer_unique_2,wh3_main_skill_ogr_skrag_unique_prophet_of_the_great_maw,1,wh2_main_effect_ability_cooldown_spells,data/skill_trees/characters/ogre_kingdoms/Skrag_the_Slaughterer.csv,158,wh_dlc05_spell_shadow_the_penumbral_pendulum,ability_bindings,data/effect_semantics/source_exports/db/effect_bonus_value_unit_ability_junctions_tables/data__.tsv,978,recharge_mod,ability,wh_dlc05_spell_shadow_the_penumbral_pendulum
wh3_main_ogr_skrag_the_slaughterer,wh3_main_skill_node_set_ogr_skrag_the_slaughterer,wh3_main_skill_node_ogr_skrag_the_slaughterer_unique_2,wh3_main_skill_ogr_skrag_unique_prophet_of_the_great_maw,1,wh2_main_effect_ability_cooldown_spells,data/skill_trees/characters/ogre_kingdoms/Skrag_the_Slaughterer.csv,158,wh_dlc05_spell_shadow_the_penumbral_pendulum_branchwraith,ability_bindings,data/effect_semantics/source_exports/db/effect_bonus_value_unit_ability_junctions_tables/data__.tsv,979,recharge_mod,ability,wh_dlc05_spell_shadow_the_penumbral_pendulum_branchwraith
wh3_main_ogr_skrag_the_slaughterer,wh3_main_skill_node_set_ogr_skrag_the_slaughterer,wh3_main_skill_node_ogr_skrag_the_slaughterer_unique_2,wh3_main_skill_ogr_skrag_unique_prophet_of_the_great_maw,1,wh2_main_effect_ability_cooldown_spells,data/skill_trees/characters/ogre_kingdoms/Skrag_the_Slaughterer.csv,158,wh_dlc05_spell_shadow_the_withering,ability_bindings,data/effect_semantics/source_exports/db/effect_bonus_value_unit_ability_junctions_tables/data__.tsv,980,recharge_mod,ability,wh_dlc05_spell_shadow_the_withering
wh3_main_ogr_skrag_the_slaughterer,wh3_main_skill_node_set_ogr_skrag_the_slaughterer,wh3_main_skill_node_ogr_skrag_the_slaughterer_unique_2,wh3_main_skill_ogr_skrag_unique_prophet_of_the_great_maw,1,wh2_main_effect_ability_cooldown_spells,data/skill_trees/characters/ogre_kingdoms/Skrag_the_Slaughterer.csv,158,wh_dlc05_spell_shadow_the_withering_branchwraith,ability_bindings,data/effect_semantics/source_exports/db/effect_bonus_value_unit_ability_junctions_tables/data__.tsv,981,recharge_mod,ability,wh_dlc05_spell_shadow_the_withering_branchwraith
wh3_main_ogr_skrag_the_slaughterer,wh3_main_skill_node_set_ogr_skrag_the_slaughterer,wh3_main_skill_node_ogr_skrag_the_slaughterer_unique_2,wh3_main_skill_ogr_skrag_unique_prophet_of_the_great_maw,1,wh2_main_effect_ability_cooldown_spells,data/skill_trees/characters/ogre_kingdoms/Skrag_the_Slaughterer.csv,158,wh_dlc08_spell_death_aspect_of_the_dreadknight_arzik,ability_bindings,data/effect_semantics/source_exports/db/effect_bonus_value_unit_ability_junctions_tables/data__.tsv,982,recharge_mod,ability,wh_dlc08_spell_death_aspect_of_the_dreadknight_arzik
wh3_main_ogr_skrag_the_slaughterer,wh3_main_skill_node_set_ogr_skrag_the_slaughterer,wh3_main_skill_node_ogr_skrag_the_slaughterer_unique_2,wh3_main_skill_ogr_skrag_unique_prophet_of_the_great_maw,1,wh2_main_effect_ability_cooldown_spells,data/skill_trees/characters/ogre_kingdoms/Skrag_the_Slaughterer.csv,158,wh_dlc08_spell_death_soulblight_arzik,ability_bindings,data/effect_semantics/source_exports/db/effect_bonus_value_unit_ability_junctions_tables/data__.tsv,983,recharge_mod,ability,wh_dlc08_spell_death_soulblight_arzik
wh3_main_ogr_skrag_the_slaughterer,wh3_main_skill_node_set_ogr_skrag_the_slaughterer,wh3_main_skill_node_ogr_skrag_the_slaughterer_unique_2,wh3_main_skill_ogr_skrag_unique_prophet_of_the_great_maw,1,wh2_main_effect_ability_cooldown_spells,data/skill_trees/characters/ogre_kingdoms/Skrag_the_Slaughterer.csv,158,wh_dlc08_spell_death_the_fate_of_bjuna_arzik,ability_bindings,data/effect_semantics/source_exports/db/effect_bonus_value_unit_ability_junctions_tables/data__.tsv,984,recharge_mod,ability,wh_dlc08_spell_death_the_fate_of_bjuna_arzik
wh3_main_ogr_skrag_the_slaughterer,wh3_main_skill_node_set_ogr_skrag_the_slaughterer,wh3_main_skill_node_ogr_skrag_the_slaughterer_unique_2,wh3_main_skill_ogr_skrag_unique_prophet_of_the_great_maw,1,wh2_main_effect_ability_cooldown_spells,data/skill_trees/characters/ogre_kingdoms/Skrag_the_Slaughterer.csv,158,wh_dlc08_spell_fire_fireball_kihar,ability_bindings,data/effect_semantics/source_exports/db/effect_bonus_value_unit_ability_junctions_tables/data__.tsv,985,recharge_mod,ability,wh_dlc08_spell_fire_fireball_kihar
wh3_main_ogr_skrag_the_slaughterer,wh3_main_skill_node_set_ogr_skrag_the_slaughterer,wh3_main_skill_node_ogr_skrag_the_slaughterer_unique_2,wh3_main_skill_ogr_skrag_unique_prophet_of_the_great_maw,1,wh2_main_effect_ability_cooldown_spells,data/skill_trees/characters/ogre_kingdoms/Skrag_the_Slaughterer.csv,158,wh_dlc08_spell_fire_flaming_sword_of_rhuin_kihar,ability_bindings,data/effect_semantics/source_exports/db/effect_bonus_value_unit_ability_junctions_tables/data__.tsv,986,recharge_mod,ability,wh_dlc08_spell_fire_flaming_sword_of_rhuin_kihar
wh3_main_ogr_skrag_the_slaughterer,wh3_main_skill_node_set_ogr_skrag_the_slaughterer,wh3_main_skill_node_ogr_skrag_the_slaughterer_unique_2,wh3_main_skill_ogr_skrag_unique_prophet_of_the_great_maw,1,wh2_main_effect_ability_cooldown_spells,data/skill_trees/characters/ogre_kingdoms/Skrag_the_Slaughterer.csv,158,wh_dlc08_spell_metal_final_transmutation_arzik,ability_bindings,data/effect_semantics/source_exports/db/effect_bonus_value_unit_ability_junctions_tables/data__.tsv,987,recharge_mod,ability,wh_dlc08_spell_metal_final_transmutation_arzik
wh3_main_ogr_skrag_the_slaughterer,wh3_main_skill_node_set_ogr_skrag_the_slaughterer,wh3_main_skill_node_ogr_skrag_the_slaughterer_unique_2,wh3_main_skill_ogr_skrag_unique_prophet_of_the_great_maw,1,wh2_main_effect_ability_cooldown_spells,data/skill_trees/characters/ogre_kingdoms/Skrag_the_Slaughterer.csv,158,wh_dlc08_spell_metal_gehennas_golden_hounds_arzik,ability_bindings,data/effect_semantics/source_exports/db/effect_bonus_value_unit_ability_junctions_tables/data__.tsv,988,recharge_mod,ability,wh_dlc08_spell_metal_gehennas_golden_hounds_arzik
wh3_main_ogr_skrag_the_slaughterer,wh3_main_skill_node_set_ogr_skrag_the_slaughterer,wh3_main_skill_node_ogr_skrag_the_slaughterer_unique_2,wh3_main_skill_ogr_skrag_unique_prophet_of_the_great_maw,1,wh2_main_effect_ability_cooldown_spells,data/skill_trees/characters/ogre_kingdoms/Skrag_the_Slaughterer.csv,158,wh_dlc08_spell_metal_plague_of_rust_kihar,ability_bindings,data/effect_semantics/source_exports/db/effect_bonus_value_unit_ability_junctions_tables/data__.tsv,989,recharge_mod,ability,wh_dlc08_spell_metal_plague_of_rust_kihar
wh3_main_ogr_skrag_the_slaughterer,wh3_main_skill_node_set_ogr_skrag_the_slaughterer,wh3_main_skill_node_ogr_skrag_the_slaughterer_unique_2,wh3_main_skill_ogr_skrag_unique_prophet_of_the_great_maw,1,wh2_main_effect_ability_cooldown_spells,data/skill_trees/characters/ogre_kingdoms/Skrag_the_Slaughterer.csv,158,wh_dlc08_spell_metal_searing_doom_arzik,ability_bindings,data/effect_semantics/source_exports/db/effect_bonus_value_unit_ability_junctions_tables/data__.tsv,990,recharge_mod,ability,wh_dlc08_spell_metal_searing_doom_arzik
wh3_main_ogr_skrag_the_slaughterer,wh3_main_skill_node_set_ogr_skrag_the_slaughterer,wh3_main_skill_node_ogr_skrag_the_slaughterer_unique_2,wh3_main_skill_ogr_skrag_unique_prophet_of_the_great_maw,1,wh2_main_effect_ability_cooldown_spells,data/skill_trees/characters/ogre_kingdoms/Skrag_the_Slaughterer.csv,158,wh_dlc08_spell_metal_transmutation_of_lead_kihar,ability_bindings,data/effect_semantics/source_exports/db/effect_bonus_value_unit_ability_junctions_tables/data__.tsv,991,recharge_mod,ability,wh_dlc08_spell_metal_transmutation_of_lead_kihar
wh3_main_ogr_skrag_the_slaughterer,wh3_main_skill_node_set_ogr_skrag_the_slaughterer,wh3_main_skill_node_ogr_skrag_the_slaughterer_unique_2,wh3_main_skill_ogr_skrag_unique_prophet_of_the_great_maw,1,wh2_main_effect_ability_cooldown_spells,data/skill_trees/characters/ogre_kingdoms/Skrag_the_Slaughterer.csv,158,wh_dlc08_spell_shadow_pit_of_shades_kihar,ability_bindings,data/effect_semantics/source_exports/db/effect_bonus_value_unit_ability_junctions_tables/data__.tsv,992,recharge_mod,ability,wh_dlc08_spell_shadow_pit_of_shades_kihar
wh3_main_ogr_skrag_the_slaughterer,wh3_main_skill_node_set_ogr_skrag_the_slaughterer,wh3_main_skill_node_ogr_skrag_the_slaughterer_unique_2,wh3_main_skill_ogr_skrag_unique_prophet_of_the_great_maw,1,wh2_main_effect_ability_cooldown_spells,data/skill_trees/characters/ogre_kingdoms/Skrag_the_Slaughterer.csv,158,wh_dlc08_spell_shadow_the_penumbral_pendulum_kihar,ability_bindings,data/effect_semantics/source_exports/db/effect_bonus_value_unit_ability_junctions_tables/data__.tsv,993,recharge_mod,ability,wh_dlc08_spell_shadow_the_penumbral_pendulum_kihar
wh3_main_ogr_skrag_the_slaughterer,wh3_main_skill_node_set_ogr_skrag_the_slaughterer,wh3_main_skill_node_ogr_skrag_the_slaughterer_unique_2,wh3_main_skill_ogr_skrag_unique_prophet_of_the_great_maw,1,wh2_main_effect_ability_cooldown_spells,data/skill_trees/characters/ogre_kingdoms/Skrag_the_Slaughterer.csv,158,wh_main_spell_big_waaagh_brain_bursta,ability_bindings,data/effect_semantics/source_exports/db/effect_bonus_value_unit_ability_junctions_tables/data__.tsv,994,recharge_mod,ability,wh_main_spell_big_waaagh_brain_bursta
wh3_main_ogr_skrag_the_slaughterer,wh3_main_skill_node_set_ogr_skrag_the_slaughterer,wh3_main_skill_node_ogr_skrag_the_slaughterer_unique_2,wh3_main_skill_ogr_skrag_unique_prophet_of_the_great_maw,1,wh2_main_effect_ability_cooldown_spells,data/skill_trees/characters/ogre_kingdoms/Skrag_the_Slaughterer.csv,158,wh_main_spell_big_waaagh_eadbutt,ability_bindings,data/effect_semantics/source_exports/db/effect_bonus_value_unit_ability_junctions_tables/data__.tsv,995,recharge_mod,ability,wh_main_spell_big_waaagh_eadbutt
wh3_main_ogr_skrag_the_slaughterer,wh3_main_skill_node_set_ogr_skrag_the_slaughterer,wh3_main_skill_node_ogr_skrag_the_slaughterer_unique_2,wh3_main_skill_ogr_skrag_unique_prophet_of_the_great_maw,1,wh2_main_effect_ability_cooldown_spells,data/skill_trees/characters/ogre_kingdoms/Skrag_the_Slaughterer.csv,158,wh_main_spell_big_waaagh_ere_we_go,ability_bindings,data/effect_semantics/source_exports/db/effect_bonus_value_unit_ability_junctions_tables/data__.tsv,996,recharge_mod,ability,wh_main_spell_big_waaagh_ere_we_go
wh3_main_ogr_skrag_the_slaughterer,wh3_main_skill_node_set_ogr_skrag_the_slaughterer,wh3_main_skill_node_ogr_skrag_the_slaughterer_unique_2,wh3_main_skill_ogr_skrag_unique_prophet_of_the_great_maw,1,wh2_main_effect_ability_cooldown_spells,data/skill_trees/characters/ogre_kingdoms/Skrag_the_Slaughterer.csv,158,wh_main_spell_big_waaagh_fists_of_gork,ability_bindings,data/effect_semantics/source_exports/db/effect_bonus_value_unit_ability_junctions_tables/data__.tsv,997,recharge_mod,ability,wh_main_spell_big_waaagh_fists_of_gork
wh3_main_ogr_skrag_the_slaughterer,wh3_main_skill_node_set_ogr_skrag_the_slaughterer,wh3_main_skill_node_ogr_skrag_the_slaughterer_unique_2,wh3_main_skill_ogr_skrag_unique_prophet_of_the_great_maw,1,wh2_main_effect_ability_cooldown_spells,data/skill_trees/characters/ogre_kingdoms/Skrag_the_Slaughterer.csv,158,wh_main_spell_big_waaagh_foot_of_gork,ability_bindings,data/effect_semantics/source_exports/db/effect_bonus_value_unit_ability_junctions_tables/data__.tsv,998,recharge_mod,ability,wh_main_spell_big_waaagh_foot_of_gork
wh3_main_ogr_skrag_the_slaughterer,wh3_main_skill_node_set_ogr_skrag_the_slaughterer,wh3_main_skill_node_ogr_skrag_the_slaughterer_unique_2,wh3_main_skill_ogr_skrag_unique_prophet_of_the_great_maw,1,wh2_main_effect_ability_cooldown_spells,data/skill_trees/characters/ogre_kingdoms/Skrag_the_Slaughterer.csv,158,wh_main_spell_big_waaagh_gaze_of_mork,ability_bindings,data/effect_semantics/source_exports/db/effect_bonus_value_unit_ability_junctions_tables/data__.tsv,999,recharge_mod,ability,wh_main_spell_big_waaagh_gaze_of_mork
wh3_main_ogr_skrag_the_slaughterer,wh3_main_skill_node_set_ogr_skrag_the_slaughterer,wh3_main_skill_node_ogr_skrag_the_slaughterer_unique_2,wh3_main_skill_ogr_skrag_unique_prophet_of_the_great_maw,1,wh2_main_effect_ability_cooldown_spells,data/skill_trees/characters/ogre_kingdoms/Skrag_the_Slaughterer.csv,158,wh_main_spell_death_aspect_of_the_dreadknight,ability_bindings,data/effect_semantics/source_exports/db/effect_bonus_value_unit_ability_junctions_tables/data__.tsv,1000,recharge_mod,ability,wh_main_spell_death_aspect_of_the_dreadknight
wh3_main_ogr_skrag_the_slaughterer,wh3_main_skill_node_set_ogr_skrag_the_slaughterer,wh3_main_skill_node_ogr_skrag_the_slaughterer_unique_2,wh3_main_skill_ogr_skrag_unique_prophet_of_the_great_maw,1,wh2_main_effect_ability_cooldown_spells,data/skill_trees/characters/ogre_kingdoms/Skrag_the_Slaughterer.csv,158,wh_main_spell_death_doom_and_darkness,ability_bindings,data/effect_semantics/source_exports/db/effect_bonus_value_unit_ability_junctions_tables/data__.tsv,1001,recharge_mod,ability,wh_main_spell_death_doom_and_darkness
wh3_main_ogr_skrag_the_slaughterer,wh3_main_skill_node_set_ogr_skrag_the_slaughterer,wh3_main_skill_node_ogr_skrag_the_slaughterer_unique_2,wh3_main_skill_ogr_skrag_unique_prophet_of_the_great_maw,1,wh2_main_effect_ability_cooldown_spells,data/skill_trees/characters/ogre_kingdoms/Skrag_the_Slaughterer.csv,158,wh_main_spell_death_soulblight,ability_bindings,data/effect_semantics/source_exports/db/effect_bonus_value_unit_ability_junctions_tables/data__.tsv,1002,recharge_mod,ability,wh_main_spell_death_soulblight
wh3_main_ogr_skrag_the_slaughterer,wh3_main_skill_node_set_ogr_skrag_the_slaughterer,wh3_main_skill_node_ogr_skrag_the_slaughterer_unique_2,wh3_main_skill_ogr_skrag_unique_prophet_of_the_great_maw,1,wh2_main_effect_ability_cooldown_spells,data/skill_trees/characters/ogre_kingdoms/Skrag_the_Slaughterer.csv,158,wh_main_spell_death_spirit_leech,ability_bindings,data/effect_semantics/source_exports/db/effect_bonus_value_unit_ability_junctions_tables/data__.tsv,1003,recharge_mod,ability,wh_main_spell_death_spirit_leech
wh3_main_ogr_skrag_the_slaughterer,wh3_main_skill_node_set_ogr_skrag_the_slaughterer,wh3_main_skill_node_ogr_skrag_the_slaughterer_unique_2,wh3_main_skill_ogr_skrag_unique_prophet_of_the_great_maw,1,wh2_main_effect_ability_cooldown_spells,data/skill_trees/characters/ogre_kingdoms/Skrag_the_Slaughterer.csv,158,wh_main_spell_death_the_fate_of_bjuna,ability_bindings,data/effect_semantics/source_exports/db/effect_bonus_value_unit_ability_junctions_tables/data__.tsv,1004,recharge_mod,ability,wh_main_spell_death_the_fate_of_bjuna
wh3_main_ogr_skrag_the_slaughterer,wh3_main_skill_node_set_ogr_skrag_the_slaughterer,wh3_main_skill_node_ogr_skrag_the_slaughterer_unique_2,wh3_main_skill_ogr_skrag_unique_prophet_of_the_great_maw,1,wh2_main_effect_ability_cooldown_spells,data/skill_trees/characters/ogre_kingdoms/Skrag_the_Slaughterer.csv,158,wh_main_spell_death_the_purple_sun_of_xereus,ability_bindings,data/effect_semantics/source_exports/db/effect_bonus_value_unit_ability_junctions_tables/data__.tsv,1005,recharge_mod,ability,wh_main_spell_death_the_purple_sun_of_xereus
wh3_main_ogr_skrag_the_slaughterer,wh3_main_skill_node_set_ogr_skrag_the_slaughterer,wh3_main_skill_node_ogr_skrag_the_slaughterer_unique_2,wh3_main_skill_ogr_skrag_unique_prophet_of_the_great_maw,1,wh2_main_effect_ability_cooldown_spells,data/skill_trees/characters/ogre_kingdoms/Skrag_the_Slaughterer.csv,158,wh_main_spell_fire_cascading_fire_cloak,ability_bindings,data/effect_semantics/source_exports/db/effect_bonus_value_unit_ability_junctions_tables/data__.tsv,1006,recharge_mod,ability,wh_main_spell_fire_cascading_fire_cloak
wh3_main_ogr_skrag_the_slaughterer,wh3_main_skill_node_set_ogr_skrag_the_slaughterer,wh3_main_skill_node_ogr_skrag_the_slaughterer_unique_2,wh3_main_skill_ogr_skrag_unique_prophet_of_the_great_maw,1,wh2_main_effect_ability_cooldown_spells,data/skill_trees/characters/ogre_kingdoms/Skrag_the_Slaughterer.csv,158,wh_main_spell_fire_fireball,ability_bindings,data/effect_semantics/source_exports/db/effect_bonus_value_unit_ability_junctions_tables/data__.tsv,1007,recharge_mod,ability,wh_main_spell_fire_fireball
wh3_main_ogr_skrag_the_slaughterer,wh3_main_skill_node_set_ogr_skrag_the_slaughterer,wh3_main_skill_node_ogr_skrag_the_slaughterer_unique_2,wh3_main_skill_ogr_skrag_unique_prophet_of_the_great_maw,1,wh2_main_effect_ability_cooldown_spells,data/skill_trees/characters/ogre_kingdoms/Skrag_the_Slaughterer.csv,158,wh_main_spell_fire_flame_storm,ability_bindings,data/effect_semantics/source_exports/db/effect_bonus_value_unit_ability_junctions_tables/data__.tsv,1008,recharge_mod,ability,wh_main_spell_fire_flame_storm
wh3_main_ogr_skrag_the_slaughterer,wh3_main_skill_node_set_ogr_skrag_the_slaughterer,wh3_main_skill_node_ogr_skrag_the_slaughterer_unique_2,wh3_main_skill_ogr_skrag_unique_prophet_of_the_great_maw,1,wh2_main_effect_ability_cooldown_spells,data/skill_trees/characters/ogre_kingdoms/Skrag_the_Slaughterer.csv,158,wh_main_spell_fire_flaming_sword_of_rhuin,ability_bindings,data/effect_semantics/source_exports/db/effect_bonus_value_unit_ability_junctions_tables/data__.tsv,1009,recharge_mod,ability,wh_main_spell_fire_flaming_sword_of_rhuin
wh3_main_ogr_skrag_the_slaughterer,wh3_main_skill_node_set_ogr_skrag_the_slaughterer,wh3_main_skill_node_ogr_skrag_the_slaughterer_unique_2,wh3_main_skill_ogr_skrag_unique_prophet_of_the_great_maw,1,wh2_main_effect_ability_cooldown_spells,data/skill_trees/characters/ogre_kingdoms/Skrag_the_Slaughterer.csv,158,wh_main_spell_fire_piercing_bolts_of_burning,ability_bindings,data/effect_semantics/source_exports/db/effect_bonus_value_unit_ability_junctions_tables/data__.tsv,1010,recharge_mod,ability,wh_main_spell_fire_piercing_bolts_of_burning
wh3_main_ogr_skrag_the_slaughterer,wh3_main_skill_node_set_ogr_skrag_the_slaughterer,wh3_main_skill_node_ogr_skrag_the_slaughterer_unique_2,wh3_main_skill_ogr_skrag_unique_prophet_of_the_great_maw,1,wh2_main_effect_ability_cooldown_spells,data/skill_trees/characters/ogre_kingdoms/Skrag_the_Slaughterer.csv,158,wh_main_spell_fire_the_burning_head,ability_bindings,data/effect_semantics/source_exports/db/effect_bonus_value_unit_ability_junctions_tables/data__.tsv,1011,recharge_mod,ability,wh_main_spell_fire_the_burning_head
wh3_main_ogr_skrag_the_slaughterer,wh3_main_skill_node_set_ogr_skrag_the_slaughterer,wh3_main_skill_node_ogr_skrag_the_slaughterer_unique_2,wh3_main_skill_ogr_skrag_unique_prophet_of_the_great_maw,1,wh2_main_effect_ability_cooldown_spells,data/skill_trees/characters/ogre_kingdoms/Skrag_the_Slaughterer.csv,158,wh_main_spell_heavens_chain_lightning,ability_bindings,data/effect_semantics/source_exports/db/effect_bonus_value_unit_ability_junctions_tables/data__.tsv,1012,recharge_mod,ability,wh_main_spell_heavens_chain_lightning
wh3_main_ogr_skrag_the_slaughterer,wh3_main_skill_node_set_ogr_skrag_the_slaughterer,wh3_main_skill_node_ogr_skrag_the_slaughterer_unique_2,wh3_main_skill_ogr_skrag_unique_prophet_of_the_great_maw,1,wh2_main_effect_ability_cooldown_spells,data/skill_trees/characters/ogre_kingdoms/Skrag_the_Slaughterer.csv,158,wh_main_spell_heavens_comet_of_casandora,ability_bindings,data/effect_semantics/source_exports/db/effect_bonus_value_unit_ability_junctions_tables/data__.tsv,1013,recharge_mod,ability,wh_main_spell_heavens_comet_of_casandora
wh3_main_ogr_skrag_the_slaughterer,wh3_main_skill_node_set_ogr_skrag_the_slaughterer,wh3_main_skill_node_ogr_skrag_the_slaughterer_unique_2,wh3_main_skill_ogr_skrag_unique_prophet_of_the_great_maw,1,wh2_main_effect_ability_cooldown_spells,data/skill_trees/characters/ogre_kingdoms/Skrag_the_Slaughterer.csv,158,wh_main_spell_heavens_curse_of_the_midnight_wind,ability_bindings,data/effect_semantics/source_exports/db/effect_bonus_value_unit_ability_junctions_tables/data__.tsv,1014,recharge_mod,ability,wh_main_spell_heavens_curse_of_the_midnight_wind
wh3_main_ogr_skrag_the_slaughterer,wh3_main_skill_node_set_ogr_skrag_the_slaughterer,wh3_main_skill_node_ogr_skrag_the_slaughterer_unique_2,wh3_main_skill_ogr_skrag_unique_prophet_of_the_great_maw,1,wh2_main_effect_ability_cooldown_spells,data/skill_trees/characters/ogre_kingdoms/Skrag_the_Slaughterer.csv,158,wh_main_spell_heavens_harmonic_convergence,ability_bindings,data/effect_semantics/source_exports/db/effect_bonus_value_unit_ability_junctions_tables/data__.tsv,1015,recharge_mod,ability,wh_main_spell_heavens_harmonic_convergence
wh3_main_ogr_skrag_the_slaughterer,wh3_main_skill_node_set_ogr_skrag_the_slaughterer,wh3_main_skill_node_ogr_skrag_the_slaughterer_unique_2,wh3_main_skill_ogr_skrag_unique_prophet_of_the_great_maw,1,wh2_main_effect_ability_cooldown_spells,data/skill_trees/characters/ogre_kingdoms/Skrag_the_Slaughterer.csv,158,wh_main_spell_heavens_urannons_thunderbolt,ability_bindings,data/effect_semantics/source_exports/db/effect_bonus_value_unit_ability_junctions_tables/data__.tsv,1016,recharge_mod,ability,wh_main_spell_heavens_urannons_thunderbolt
wh3_main_ogr_skrag_the_slaughterer,wh3_main_skill_node_set_ogr_skrag_the_slaughterer,wh3_main_skill_node_ogr_skrag_the_slaughterer_unique_2,wh3_main_skill_ogr_skrag_unique_prophet_of_the_great_maw,1,wh2_main_effect_ability_cooldown_spells,data/skill_trees/characters/ogre_kingdoms/Skrag_the_Slaughterer.csv,158,wh_main_spell_heavens_wind_blast,ability_bindings,data/effect_semantics/source_exports/db/effect_bonus_value_unit_ability_junctions_tables/data__.tsv,1017,recharge_mod,ability,wh_main_spell_heavens_wind_blast
wh3_main_ogr_skrag_the_slaughterer,wh3_main_skill_node_set_ogr_skrag_the_slaughterer,wh3_main_skill_node_ogr_skrag_the_slaughterer_unique_2,wh3_main_skill_ogr_skrag_unique_prophet_of_the_great_maw,1,wh2_main_effect_ability_cooldown_spells,data/skill_trees/characters/ogre_kingdoms/Skrag_the_Slaughterer.csv,158,wh_main_spell_light_banishment,ability_bindings,data/effect_semantics/source_exports/db/effect_bonus_value_unit_ability_junctions_tables/data__.tsv,1018,recharge_mod,ability,wh_main_spell_light_banishment
wh3_main_ogr_skrag_the_slaughterer,wh3_main_skill_node_set_ogr_skrag_the_slaughterer,wh3_main_skill_node_ogr_skrag_the_slaughterer_unique_2,wh3_main_skill_ogr_skrag_unique_prophet_of_the_great_maw,1,wh2_main_effect_ability_cooldown_spells,data/skill_trees/characters/ogre_kingdoms/Skrag_the_Slaughterer.csv,158,wh_main_spell_light_bironas_timewarp,ability_bindings,data/effect_semantics/source_exports/db/effect_bonus_value_unit_ability_junctions_tables/data__.tsv,1019,recharge_mod,ability,wh_main_spell_light_bironas_timewarp
wh3_main_ogr_skrag_the_slaughterer,wh3_main_skill_node_set_ogr_skrag_the_slaughterer,wh3_main_skill_node_ogr_skrag_the_slaughterer_unique_2,wh3_main_skill_ogr_skrag_unique_prophet_of_the_great_maw,1,wh2_main_effect_ability_cooldown_spells,data/skill_trees/characters/ogre_kingdoms/Skrag_the_Slaughterer.csv,158,wh_main_spell_light_light_of_battle,ability_bindings,data/effect_semantics/source_exports/db/effect_bonus_value_unit_ability_junctions_tables/data__.tsv,1020,recharge_mod,ability,wh_main_spell_light_light_of_battle
wh3_main_ogr_skrag_the_slaughterer,wh3_main_skill_node_set_ogr_skrag_the_slaughterer,wh3_main_skill_node_ogr_skrag_the_slaughterer_unique_2,wh3_main_skill_ogr_skrag_unique_prophet_of_the_great_maw,1,wh2_main_effect_ability_cooldown_spells,data/skill_trees/characters/ogre_kingdoms/Skrag_the_Slaughterer.csv,158,wh_main_spell_light_net_of_amyntok,ability_bindings,data/effect_semantics/source_exports/db/effect_bonus_value_unit_ability_junctions_tables/data__.tsv,1021,recharge_mod,ability,wh_main_spell_light_net_of_amyntok
wh3_main_ogr_skrag_the_slaughterer,wh3_main_skill_node_set_ogr_skrag_the_slaughterer,wh3_main_skill_node_ogr_skrag_the_slaughterer_unique_2,wh3_main_skill_ogr_skrag_unique_prophet_of_the_great_maw,1,wh2_main_effect_ability_cooldown_spells,data/skill_trees/characters/ogre_kingdoms/Skrag_the_Slaughterer.csv,158,wh_main_spell_light_phas_protection,ability_bindings,data/effect_semantics/source_exports/db/effect_bonus_value_unit_ability_junctions_tables/data__.tsv,1022,recharge_mod,ability,wh_main_spell_light_phas_protection
wh3_main_ogr_skrag_the_slaughterer,wh3_main_skill_node_set_ogr_skrag_the_slaughterer,wh3_main_skill_node_ogr_skrag_the_slaughterer_unique_2,wh3_main_skill_ogr_skrag_unique_prophet_of_the_great_maw,1,wh2_main_effect_ability_cooldown_spells,data/skill_trees/characters/ogre_kingdoms/Skrag_the_Slaughterer.csv,158,wh_main_spell_light_shems_burning_gaze,ability_bindings,data/effect_semantics/source_exports/db/effect_bonus_value_unit_ability_junctions_tables/data__.tsv,1023,recharge_mod,ability,wh_main_spell_light_shems_burning_gaze
wh3_main_ogr_skrag_the_slaughterer,wh3_main_skill_node_set_ogr_skrag_the_slaughterer,wh3_main_skill_node_ogr_skrag_the_slaughterer_unique_2,wh3_main_skill_ogr_skrag_unique_prophet_of_the_great_maw,1,wh2_main_effect_ability_cooldown_spells,data/skill_trees/characters/ogre_kingdoms/Skrag_the_Slaughterer.csv,158,wh_main_spell_lil_waaagh_curse_of_da_bad_moon,ability_bindings,data/effect_semantics/source_exports/db/effect_bonus_value_unit_ability_junctions_tables/data__.tsv,1024,recharge_mod,ability,wh_main_spell_lil_waaagh_curse_of_da_bad_moon
wh3_main_ogr_skrag_the_slaughterer,wh3_main_skill_node_set_ogr_skrag_the_slaughterer,wh3_main_skill_node_ogr_skrag_the_slaughterer_unique_2,wh3_main_skill_ogr_skrag_unique_prophet_of_the_great_maw,1,wh2_main_effect_ability_cooldown_spells,data/skill_trees/characters/ogre_kingdoms/Skrag_the_Slaughterer.csv,158,wh_main_spell_lil_waaagh_gorkll_fix_it,ability_bindings,data/effect_semantics/source_exports/db/effect_bonus_value_unit_ability_junctions_tables/data__.tsv,1025,recharge_mod,ability,wh_main_spell_lil_waaagh_gorkll_fix_it
wh3_main_ogr_skrag_the_slaughterer,wh3_main_skill_node_set_ogr_skrag_the_slaughterer,wh3_main_skill_node_ogr_skrag_the_slaughterer_unique_2,wh3_main_skill_ogr_skrag_unique_prophet_of_the_great_maw,1,wh2_main_effect_ability_cooldown_spells,data/skill_trees/characters/ogre_kingdoms/Skrag_the_Slaughterer.csv,158,wh_main_spell_lil_waaagh_itchy_nuisance,ability_bindings,data/effect_semantics/source_exports/db/effect_bonus_value_unit_ability_junctions_tables/data__.tsv,1026,recharge_mod,ability,wh_main_spell_lil_waaagh_itchy_nuisance
wh3_main_ogr_skrag_the_slaughterer,wh3_main_skill_node_set_ogr_skrag_the_slaughterer,wh3_main_skill_node_ogr_skrag_the_slaughterer_unique_2,wh3_main_skill_ogr_skrag_unique_prophet_of_the_great_maw,1,wh2_main_effect_ability_cooldown_spells,data/skill_trees/characters/ogre_kingdoms/Skrag_the_Slaughterer.csv,158,wh_main_spell_lil_waaagh_night_shroud,ability_bindings,data/effect_semantics/source_exports/db/effect_bonus_value_unit_ability_junctions_tables/data__.tsv,1027,recharge_mod,ability,wh_main_spell_lil_waaagh_night_shroud
wh3_main_ogr_skrag_the_slaughterer,wh3_main_skill_node_set_ogr_skrag_the_slaughterer,wh3_main_skill_node_ogr_skrag_the_slaughterer_unique_2,wh3_main_skill_ogr_skrag_unique_prophet_of_the_great_maw,1,wh2_main_effect_ability_cooldown_spells,data/skill_trees/characters/ogre_kingdoms/Skrag_the_Slaughterer.csv,158,wh_main_spell_lil_waaagh_sneaky_stabbin,ability_bindings,data/effect_semantics/source_exports/db/effect_bonus_value_unit_ability_junctions_tables/data__.tsv,1028,recharge_mod,ability,wh_main_spell_lil_waaagh_sneaky_stabbin
wh3_main_ogr_skrag_the_slaughterer,wh3_main_skill_node_set_ogr_skrag_the_slaughterer,wh3_main_skill_node_ogr_skrag_the_slaughterer_unique_2,wh3_main_skill_ogr_skrag_unique_prophet_of_the_great_maw,1,wh2_main_effect_ability_cooldown_spells,data/skill_trees/characters/ogre_kingdoms/Skrag_the_Slaughterer.csv,158,wh_main_spell_lil_waaagh_vindictive_glare,ability_bindings,data/effect_semantics/source_exports/db/effect_bonus_value_unit_ability_junctions_tables/data__.tsv,1029,recharge_mod,ability,wh_main_spell_lil_waaagh_vindictive_glare
wh3_main_ogr_skrag_the_slaughterer,wh3_main_skill_node_set_ogr_skrag_the_slaughterer,wh3_main_skill_node_ogr_skrag_the_slaughterer_unique_2,wh3_main_skill_ogr_skrag_unique_prophet_of_the_great_maw,1,wh2_main_effect_ability_cooldown_spells,data/skill_trees/characters/ogre_kingdoms/Skrag_the_Slaughterer.csv,158,wh_main_spell_metal_final_transmutation,ability_bindings,data/effect_semantics/source_exports/db/effect_bonus_value_unit_ability_junctions_tables/data__.tsv,1030,recharge_mod,ability,wh_main_spell_metal_final_transmutation
wh3_main_ogr_skrag_the_slaughterer,wh3_main_skill_node_set_ogr_skrag_the_slaughterer,wh3_main_skill_node_ogr_skrag_the_slaughterer_unique_2,wh3_main_skill_ogr_skrag_unique_prophet_of_the_great_maw,1,wh2_main_effect_ability_cooldown_spells,data/skill_trees/characters/ogre_kingdoms/Skrag_the_Slaughterer.csv,158,wh_main_spell_metal_gehennas_golden_hounds,ability_bindings,data/effect_semantics/source_exports/db/effect_bonus_value_unit_ability_junctions_tables/data__.tsv,1031,recharge_mod,ability,wh_main_spell_metal_gehennas_golden_hounds
wh3_main_ogr_skrag_the_slaughterer,wh3_main_skill_node_set_ogr_skrag_the_slaughterer,wh3_main_skill_node_ogr_skrag_the_slaughterer_unique_2,wh3_main_skill_ogr_skrag_unique_prophet_of_the_great_maw,1,wh2_main_effect_ability_cooldown_spells,data/skill_trees/characters/ogre_kingdoms/Skrag_the_Slaughterer.csv,158,wh_main_spell_metal_glittering_robe,ability_bindings,data/effect_semantics/source_exports/db/effect_bonus_value_unit_ability_junctions_tables/data__.tsv,1032,recharge_mod,ability,wh_main_spell_metal_glittering_robe
wh3_main_ogr_skrag_the_slaughterer,wh3_main_skill_node_set_ogr_skrag_the_slaughterer,wh3_main_skill_node_ogr_skrag_the_slaughterer_unique_2,wh3_main_skill_ogr_skrag_unique_prophet_of_the_great_maw,1,wh2_main_effect_ability_cooldown_spells,data/skill_trees/characters/ogre_kingdoms/Skrag_the_Slaughterer.csv,158,wh_main_spell_metal_plague_of_rust,ability_bindings,data/effect_semantics/source_exports/db/effect_bonus_value_unit_ability_junctions_tables/data__.tsv,1033,recharge_mod,ability,wh_main_spell_metal_plague_of_rust
wh3_main_ogr_skrag_the_slaughterer,wh3_main_skill_node_set_ogr_skrag_the_slaughterer,wh3_main_skill_node_ogr_skrag_the_slaughterer_unique_2,wh3_main_skill_ogr_skrag_unique_prophet_of_the_great_maw,1,wh2_main_effect_ability_cooldown_spells,data/skill_trees/characters/ogre_kingdoms/Skrag_the_Slaughterer.csv,158,wh_main_spell_metal_searing_doom,ability_bindings,data/effect_semantics/source_exports/db/effect_bonus_value_unit_ability_junctions_tables/data__.tsv,1034,recharge_mod,ability,wh_main_spell_metal_searing_doom
wh3_main_ogr_skrag_the_slaughterer,wh3_main_skill_node_set_ogr_skrag_the_slaughterer,wh3_main_skill_node_ogr_skrag_the_slaughterer_unique_2,wh3_main_skill_ogr_skrag_unique_prophet_of_the_great_maw,1,wh2_main_effect_ability_cooldown_spells,data/skill_trees/characters/ogre_kingdoms/Skrag_the_Slaughterer.csv,158,wh_main_spell_metal_transmutation_of_lead,ability_bindings,data/effect_semantics/source_exports/db/effect_bonus_value_unit_ability_junctions_tables/data__.tsv,1035,recharge_mod,ability,wh_main_spell_metal_transmutation_of_lead
wh3_main_ogr_skrag_the_slaughterer,wh3_main_skill_node_set_ogr_skrag_the_slaughterer,wh3_main_skill_node_ogr_skrag_the_slaughterer_unique_2,wh3_main_skill_ogr_skrag_unique_prophet_of_the_great_maw,1,wh2_main_effect_ability_cooldown_spells,data/skill_trees/characters/ogre_kingdoms/Skrag_the_Slaughterer.csv,158,wh_main_spell_vampires_curse_of_years,ability_bindings,data/effect_semantics/source_exports/db/effect_bonus_value_unit_ability_junctions_tables/data__.tsv,1036,recharge_mod,ability,wh_main_spell_vampires_curse_of_years
wh3_main_ogr_skrag_the_slaughterer,wh3_main_skill_node_set_ogr_skrag_the_slaughterer,wh3_main_skill_node_ogr_skrag_the_slaughterer_unique_2,wh3_main_skill_ogr_skrag_unique_prophet_of_the_great_maw,1,wh2_main_effect_ability_cooldown_spells,data/skill_trees/characters/ogre_kingdoms/Skrag_the_Slaughterer.csv,158,wh_main_spell_vampires_gaze_of_nagash,ability_bindings,data/effect_semantics/source_exports/db/effect_bonus_value_unit_ability_junctions_tables/data__.tsv,1037,recharge_mod,ability,wh_main_spell_vampires_gaze_of_nagash
wh3_main_ogr_skrag_the_slaughterer,wh3_main_skill_node_set_ogr_skrag_the_slaughterer,wh3_main_skill_node_ogr_skrag_the_slaughterer_unique_2,wh3_main_skill_ogr_skrag_unique_prophet_of_the_great_maw,1,wh2_main_effect_ability_cooldown_spells,data/skill_trees/characters/ogre_kingdoms/Skrag_the_Slaughterer.csv,158,wh_main_spell_vampires_invocation_of_nehek,ability_bindings,data/effect_semantics/source_exports/db/effect_bonus_value_unit_ability_junctions_tables/data__.tsv,1038,recharge_mod,ability,wh_main_spell_vampires_invocation_of_nehek
wh3_main_ogr_skrag_the_slaughterer,wh3_main_skill_node_set_ogr_skrag_the_slaughterer,wh3_main_skill_node_ogr_skrag_the_slaughterer_unique_2,wh3_main_skill_ogr_skrag_unique_prophet_of_the_great_maw,1,wh2_main_effect_ability_cooldown_spells,data/skill_trees/characters/ogre_kingdoms/Skrag_the_Slaughterer.csv,158,wh_main_spell_vampires_raise_dead,ability_bindings,data/effect_semantics/source_exports/db/effect_bonus_value_unit_ability_junctions_tables/data__.tsv,1039,recharge_mod,ability,wh_main_spell_vampires_raise_dead
wh3_main_ogr_skrag_the_slaughterer,wh3_main_skill_node_set_ogr_skrag_the_slaughterer,wh3_main_skill_node_ogr_skrag_the_slaughterer_unique_2,wh3_main_skill_ogr_skrag_unique_prophet_of_the_great_maw,1,wh2_main_effect_ability_cooldown_spells,data/skill_trees/characters/ogre_kingdoms/Skrag_the_Slaughterer.csv,158,wh_main_spell_vampires_vanhels_danse_macabre,ability_bindings,data/effect_semantics/source_exports/db/effect_bonus_value_unit_ability_junctions_tables/data__.tsv,1040,recharge_mod,ability,wh_main_spell_vampires_vanhels_danse_macabre
wh3_main_ogr_skrag_the_slaughterer,wh3_main_skill_node_set_ogr_skrag_the_slaughterer,wh3_main_skill_node_ogr_skrag_the_slaughterer_unique_2,wh3_main_skill_ogr_skrag_unique_prophet_of_the_great_maw,1,wh2_main_effect_ability_cooldown_spells,data/skill_trees/characters/ogre_kingdoms/Skrag_the_Slaughterer.csv,158,wh_main_spell_vampires_wind_of_death,ability_bindings,data/effect_semantics/source_exports/db/effect_bonus_value_unit_ability_junctions_tables/data__.tsv,1041,recharge_mod,ability,wh_main_spell_vampires_wind_of_death
wh3_main_ogr_skrag_the_slaughterer,wh3_main_skill_node_set_ogr_skrag_the_slaughterer,wh3_main_skill_node_ogr_skrag_the_slaughterer_magic_1_1,wh3_main_skill_ogr_magic_great_maw_02_braingobbler_lord,1,wh3_main_effect_ability_cooldown_braingobbler,data/skill_trees/characters/ogre_kingdoms/Skrag_the_Slaughterer.csv,166,wh3_main_spell_great_maw_braingobbler,ability_bindings,data/effect_semantics/source_exports/db/effect_bonus_value_unit_ability_junctions_tables/data__.tsv,4042,recharge_mod,ability,wh3_main_spell_great_maw_braingobbler
wh3_main_ogr_skrag_the_slaughterer,wh3_main_skill_node_set_ogr_skrag_the_slaughterer,wh3_main_skill_node_ogr_skrag_the_slaughterer_magic_1_1,wh3_main_skill_ogr_magic_great_maw_02_braingobbler_lord,1,wh3_main_effect_ability_overcast_braingobbler,data/skill_trees/characters/ogre_kingdoms/Skrag_the_Slaughterer.csv,167,wh3_main_spell_great_maw_braingobbler,ability_bindings,data/effect_semantics/source_exports/db/effect_bonus_value_unit_ability_junctions_tables/data__.tsv,4657,enable_overchage,ability,wh3_main_spell_great_maw_braingobbler
wh3_main_ogr_skrag_the_slaughterer,wh3_main_skill_node_set_ogr_skrag_the_slaughterer,wh3_main_skill_node_ogr_skrag_the_slaughterer_magic_1_1,wh3_main_skill_ogr_magic_great_maw_02_braingobbler_lord,1,wh3_main_effect_ability_overcast_braingobbler,data/skill_trees/characters/ogre_kingdoms/Skrag_the_Slaughterer.csv,167,wh3_main_spell_great_maw_braingobbler,ability_bindings,data/effect_semantics/source_exports/db/effect_bonus_value_unit_ability_junctions_tables/data__.tsv,4658,enable,ability,wh3_main_spell_great_maw_braingobbler
wh3_main_ogr_skrag_the_slaughterer,wh3_main_skill_node_set_ogr_skrag_the_slaughterer,wh3_main_skill_node_ogr_skrag_the_slaughterer_magic_1_1,wh3_main_skill_ogr_magic_great_maw_02_braingobbler_lord,2,wh3_main_effect_ability_cooldown_braingobbler,data/skill_trees/characters/ogre_kingdoms/Skrag_the_Slaughterer.csv,168,wh3_main_spell_great_maw_braingobbler,ability_bindings,data/effect_semantics/source_exports/db/effect_bonus_value_unit_ability_junctions_tables/data__.tsv,4042,recharge_mod,ability,wh3_main_spell_great_maw_braingobbler
wh3_main_ogr_skrag_the_slaughterer,wh3_main_skill_node_set_ogr_skrag_the_slaughterer,wh3_main_skill_node_ogr_skrag_the_slaughterer_magic_1_1,wh3_main_skill_ogr_magic_great_maw_02_braingobbler_lord,2,wh3_main_effect_ability_miscast_braingobbler_upgraded,data/skill_trees/characters/ogre_kingdoms/Skrag_the_Slaughterer.csv,169,wh3_main_spell_great_maw_braingobbler_upgraded,ability_bindings,data/effect_semantics/source_exports/db/effect_bonus_value_unit_ability_junctions_tables/data__.tsv,4594,miscast_percentage_mod,ability,wh3_main_spell_great_maw_braingobbler_upgraded
wh3_main_ogr_skrag_the_slaughterer,wh3_main_skill_node_set_ogr_skrag_the_slaughterer,wh3_main_skill_node_ogr_skrag_the_slaughterer_magic_1_1,wh3_main_skill_ogr_magic_great_maw_02_braingobbler_lord,2,wh3_main_effect_ability_overcast_braingobbler,data/skill_trees/characters/ogre_kingdoms/Skrag_the_Slaughterer.csv,170,wh3_main_spell_great_maw_braingobbler,ability_bindings,data/effect_semantics/source_exports/db/effect_bonus_value_unit_ability_junctions_tables/data__.tsv,4657,enable_overchage,ability,wh3_main_spell_great_maw_braingobbler
wh3_main_ogr_skrag_the_slaughterer,wh3_main_skill_node_set_ogr_skrag_the_slaughterer,wh3_main_skill_node_ogr_skrag_the_slaughterer_magic_1_1,wh3_main_skill_ogr_magic_great_maw_02_braingobbler_lord,2,wh3_main_effect_ability_overcast_braingobbler,data/skill_trees/characters/ogre_kingdoms/Skrag_the_Slaughterer.csv,170,wh3_main_spell_great_maw_braingobbler,ability_bindings,data/effect_semantics/source_exports/db/effect_bonus_value_unit_ability_junctions_tables/data__.tsv,4658,enable,ability,wh3_main_spell_great_maw_braingobbler
wh3_main_ogr_skrag_the_slaughterer,wh3_main_skill_node_set_ogr_skrag_the_slaughterer,wh3_main_skill_node_ogr_skrag_the_slaughterer_magic_1_1,wh3_main_skill_ogr_magic_great_maw_02_braingobbler_lord,2,wh3_main_effect_ability_wom_cost_braingobbler,data/skill_trees/characters/ogre_kingdoms/Skrag_the_Slaughterer.csv,171,wh3_main_spell_great_maw_braingobbler,ability_bindings,data/effect_semantics/source_exports/db/effect_bonus_value_unit_ability_junctions_tables/data__.tsv,4775,cost_mod,ability,wh3_main_spell_great_maw_braingobbler
wh3_main_ogr_skrag_the_slaughterer,wh3_main_skill_node_set_ogr_skrag_the_slaughterer,wh3_main_skill_node_ogr_skrag_the_slaughterer_magic_1_1,wh3_main_skill_ogr_magic_great_maw_02_braingobbler_lord,2,wh3_main_effect_ability_wom_cost_braingobbler_upgraded,data/skill_trees/characters/ogre_kingdoms/Skrag_the_Slaughterer.csv,172,wh3_main_spell_great_maw_braingobbler_upgraded,ability_bindings,data/effect_semantics/source_exports/db/effect_bonus_value_unit_ability_junctions_tables/data__.tsv,4774,cost_mod,ability,wh3_main_spell_great_maw_braingobbler_upgraded
wh3_main_ogr_skrag_the_slaughterer,wh3_main_skill_node_set_ogr_skrag_the_slaughterer,wh3_main_skill_node_ogr_skrag_the_slaughterer_magic_1_2,wh3_main_skill_ogr_magic_great_maw_03_toothcracker_lord,1,wh3_main_effect_ability_cooldown_toothcracker,data/skill_trees/characters/ogre_kingdoms/Skrag_the_Slaughterer.csv,190,wh3_main_spell_great_maw_toothcracker,ability_bindings,data/effect_semantics/source_exports/db/effect_bonus_value_unit_ability_junctions_tables/data__.tsv,4202,recharge_mod,ability,wh3_main_spell_great_maw_toothcracker
wh3_main_ogr_skrag_the_slaughterer,wh3_main_skill_node_set_ogr_skrag_the_slaughterer,wh3_main_skill_node_ogr_skrag_the_slaughterer_magic_1_2,wh3_main_skill_ogr_magic_great_maw_03_toothcracker_lord,1,wh3_main_effect_ability_enable_toothcracker,data/skill_trees/characters/ogre_kingdoms/Skrag_the_Slaughterer.csv,191,wh3_main_spell_great_maw_toothcracker,ability_bindings,data/effect_semantics/source_exports/db/effect_bonus_value_unit_ability_junctions_tables/data__.tsv,4556,enable,ability,wh3_main_spell_great_maw_toothcracker
wh3_main_ogr_skrag_the_slaughterer,wh3_main_skill_node_set_ogr_skrag_the_slaughterer,wh3_main_skill_node_ogr_skrag_the_slaughterer_magic_1_2,wh3_main_skill_ogr_magic_great_maw_03_toothcracker_lord,1,wh3_main_effect_ability_overcast_toothcracker,data/skill_trees/characters/ogre_kingdoms/Skrag_the_Slaughterer.csv,192,wh3_main_spell_great_maw_toothcracker,ability_bindings,data/effect_semantics/source_exports/db/effect_bonus_value_unit_ability_junctions_tables/data__.tsv,4734,enable_overchage,ability,wh3_main_spell_great_maw_toothcracker
wh3_main_ogr_skrag_the_slaughterer,wh3_main_skill_node_set_ogr_skrag_the_slaughterer,wh3_main_skill_node_ogr_skrag_the_slaughterer_magic_1_2,wh3_main_skill_ogr_magic_great_maw_03_toothcracker_lord,1,wh3_main_effect_ability_overcast_toothcracker,data/skill_trees/characters/ogre_kingdoms/Skrag_the_Slaughterer.csv,192,wh3_main_spell_great_maw_toothcracker,ability_bindings,data/effect_semantics/source_exports/db/effect_bonus_value_unit_ability_junctions_tables/data__.tsv,4735,enable,ability,wh3_main_spell_great_maw_toothcracker
wh3_main_ogr_skrag_the_slaughterer,wh3_main_skill_node_set_ogr_skrag_the_slaughterer,wh3_main_skill_node_ogr_skrag_the_slaughterer_magic_1_2,wh3_main_skill_ogr_magic_great_maw_03_toothcracker_lord,2,wh3_main_effect_ability_cooldown_toothcracker,data/skill_trees/characters/ogre_kingdoms/Skrag_the_Slaughterer.csv,193,wh3_main_spell_great_maw_toothcracker,ability_bindings,data/effect_semantics/source_exports/db/effect_bonus_value_unit_ability_junctions_tables/data__.tsv,4202,recharge_mod,ability,wh3_main_spell_great_maw_toothcracker
wh3_main_ogr_skrag_the_slaughterer,wh3_main_skill_node_set_ogr_skrag_the_slaughterer,wh3_main_skill_node_ogr_skrag_the_slaughterer_magic_1_2,wh3_main_skill_ogr_magic_great_maw_03_toothcracker_lord,2,wh3_main_effect_ability_miscast_toothcracker_upgraded,data/skill_trees/characters/ogre_kingdoms/Skrag_the_Slaughterer.csv,194,wh3_main_spell_great_maw_toothcracker_upgraded,ability_bindings,data/effect_semantics/source_exports/db/effect_bonus_value_unit_ability_junctions_tables/data__.tsv,4628,miscast_percentage_mod,ability,wh3_main_spell_great_maw_toothcracker_upgraded
wh3_main_ogr_skrag_the_slaughterer,wh3_main_skill_node_set_ogr_skrag_the_slaughterer,wh3_main_skill_node_ogr_skrag_the_slaughterer_magic_1_2,wh3_main_skill_ogr_magic_great_maw_03_toothcracker_lord,2,wh3_main_effect_ability_overcast_toothcracker,data/skill_trees/characters/ogre_kingdoms/Skrag_the_Slaughterer.csv,195,wh3_main_spell_great_maw_toothcracker,ability_bindings,data/effect_semantics/source_exports/db/effect_bonus_value_unit_ability_junctions_tables/data__.tsv,4734,enable_overchage,ability,wh3_main_spell_great_maw_toothcracker
wh3_main_ogr_skrag_the_slaughterer,wh3_main_skill_node_set_ogr_skrag_the_slaughterer,wh3_main_skill_node_ogr_skrag_the_slaughterer_magic_1_2,wh3_main_skill_ogr_magic_great_maw_03_toothcracker_lord,2,wh3_main_effect_ability_overcast_toothcracker,data/skill_trees/characters/ogre_kingdoms/Skrag_the_Slaughterer.csv,195,wh3_main_spell_great_maw_toothcracker,ability_bindings,data/effect_semantics/source_exports/db/effect_bonus_value_unit_ability_junctions_tables/data__.tsv,4735,enable,ability,wh3_main_spell_great_maw_toothcracker
wh3_main_ogr_skrag_the_slaughterer,wh3_main_skill_node_set_ogr_skrag_the_slaughterer,wh3_main_skill_node_ogr_skrag_the_slaughterer_magic_1_2,wh3_main_skill_ogr_magic_great_maw_03_toothcracker_lord,2,wh3_main_effect_ability_wom_cost_toothcracker,data/skill_trees/characters/ogre_kingdoms/Skrag_the_Slaughterer.csv,196,wh3_main_spell_great_maw_toothcracker,ability_bindings,data/effect_semantics/source_exports/db/effect_bonus_value_unit_ability_junctions_tables/data__.tsv,4844,cost_mod,ability,wh3_main_spell_great_maw_toothcracker
wh3_main_ogr_skrag_the_slaughterer,wh3_main_skill_node_set_ogr_skrag_the_slaughterer,wh3_main_skill_node_ogr_skrag_the_slaughterer_magic_1_2,wh3_main_skill_ogr_magic_great_maw_03_toothcracker_lord,2,wh3_main_effect_ability_wom_cost_toothcracker_upgraded,data/skill_trees/characters/ogre_kingdoms/Skrag_the_Slaughterer.csv,197,wh3_main_spell_great_maw_toothcracker_upgraded,ability_bindings,data/effect_semantics/source_exports/db/effect_bonus_value_unit_ability_junctions_tables/data__.tsv,4843,cost_mod,ability,wh3_main_spell_great_maw_toothcracker_upgraded
wh3_main_ogr_skrag_the_slaughterer,wh3_main_skill_node_set_ogr_skrag_the_slaughterer,wh3_main_skill_node_ogr_skrag_the_slaughterer_magic_1_3,wh3_main_skill_ogr_magic_great_maw_04_bonecrusher_lord,1,wh3_main_effect_ability_cooldown_bonecrusher,data/skill_trees/characters/ogre_kingdoms/Skrag_the_Slaughterer.csv,213,wh3_main_spell_great_maw_bonecrusher,ability_bindings,data/effect_semantics/source_exports/db/effect_bonus_value_unit_ability_junctions_tables/data__.tsv,4039,recharge_mod,ability,wh3_main_spell_great_maw_bonecrusher
wh3_main_ogr_skrag_the_slaughterer,wh3_main_skill_node_set_ogr_skrag_the_slaughterer,wh3_main_skill_node_ogr_skrag_the_slaughterer_magic_1_3,wh3_main_skill_ogr_magic_great_maw_04_bonecrusher_lord,1,wh3_main_effect_ability_enable_bonecrusher,data/skill_trees/characters/ogre_kingdoms/Skrag_the_Slaughterer.csv,214,wh3_main_spell_great_maw_bonecrusher,ability_bindings,data/effect_semantics/source_exports/db/effect_bonus_value_unit_ability_junctions_tables/data__.tsv,4295,enable,ability,wh3_main_spell_great_maw_bonecrusher
wh3_main_ogr_skrag_the_slaughterer,wh3_main_skill_node_set_ogr_skrag_the_slaughterer,wh3_main_skill_node_ogr_skrag_the_slaughterer_magic_1_3,wh3_main_skill_ogr_magic_great_maw_04_bonecrusher_lord,1,wh3_main_effect_ability_overcast_bonecrusher,data/skill_trees/characters/ogre_kingdoms/Skrag_the_Slaughterer.csv,215,wh3_main_spell_great_maw_bonecrusher,ability_bindings,data/effect_semantics/source_exports/db/effect_bonus_value_unit_ability_junctions_tables/data__.tsv,4655,enable_overchage,ability,wh3_main_spell_great_maw_bonecrusher
wh3_main_ogr_skrag_the_slaughterer,wh3_main_skill_node_set_ogr_skrag_the_slaughterer,wh3_main_skill_node_ogr_skrag_the_slaughterer_magic_1_3,wh3_main_skill_ogr_magic_great_maw_04_bonecrusher_lord,1,wh3_main_effect_ability_overcast_bonecrusher,data/skill_trees/characters/ogre_kingdoms/Skrag_the_Slaughterer.csv,215,wh3_main_spell_great_maw_bonecrusher,ability_bindings,data/effect_semantics/source_exports/db/effect_bonus_value_unit_ability_junctions_tables/data__.tsv,4656,enable,ability,wh3_main_spell_great_maw_bonecrusher
wh3_main_ogr_skrag_the_slaughterer,wh3_main_skill_node_set_ogr_skrag_the_slaughterer,wh3_main_skill_node_ogr_skrag_the_slaughterer_magic_1_3,wh3_main_skill_ogr_magic_great_maw_04_bonecrusher_lord,2,wh3_main_effect_ability_cooldown_bonecrusher,data/skill_trees/characters/ogre_kingdoms/Skrag_the_Slaughterer.csv,216,wh3_main_spell_great_maw_bonecrusher,ability_bindings,data/effect_semantics/source_exports/db/effect_bonus_value_unit_ability_junctions_tables/data__.tsv,4039,recharge_mod,ability,wh3_main_spell_great_maw_bonecrusher
wh3_main_ogr_skrag_the_slaughterer,wh3_main_skill_node_set_ogr_skrag_the_slaughterer,wh3_main_skill_node_ogr_skrag_the_slaughterer_magic_1_3,wh3_main_skill_ogr_magic_great_maw_04_bonecrusher_lord,2,wh3_main_effect_ability_miscast_bonecrusher_upgraded,data/skill_trees/characters/ogre_kingdoms/Skrag_the_Slaughterer.csv,217,wh3_main_spell_great_maw_bonecrusher_upgraded,ability_bindings,data/effect_semantics/source_exports/db/effect_bonus_value_unit_ability_junctions_tables/data__.tsv,4593,miscast_percentage_mod,ability,wh3_main_spell_great_maw_bonecrusher_upgraded
wh3_main_ogr_skrag_the_slaughterer,wh3_main_skill_node_set_ogr_skrag_the_slaughterer,wh3_main_skill_node_ogr_skrag_the_slaughterer_magic_1_3,wh3_main_skill_ogr_magic_great_maw_04_bonecrusher_lord,2,wh3_main_effect_ability_overcast_bonecrusher,data/skill_trees/characters/ogre_kingdoms/Skrag_the_Slaughterer.csv,218,wh3_main_spell_great_maw_bonecrusher,ability_bindings,data/effect_semantics/source_exports/db/effect_bonus_value_unit_ability_junctions_tables/data__.tsv,4655,enable_overchage,ability,wh3_main_spell_great_maw_bonecrusher
wh3_main_ogr_skrag_the_slaughterer,wh3_main_skill_node_set_ogr_skrag_the_slaughterer,wh3_main_skill_node_ogr_skrag_the_slaughterer_magic_1_3,wh3_main_skill_ogr_magic_great_maw_04_bonecrusher_lord,2,wh3_main_effect_ability_overcast_bonecrusher,data/skill_trees/characters/ogre_kingdoms/Skrag_the_Slaughterer.csv,218,wh3_main_spell_great_maw_bonecrusher,ability_bindings,data/effect_semantics/source_exports/db/effect_bonus_value_unit_ability_junctions_tables/data__.tsv,4656,enable,ability,wh3_main_spell_great_maw_bonecrusher
wh3_main_ogr_skrag_the_slaughterer,wh3_main_skill_node_set_ogr_skrag_the_slaughterer,wh3_main_skill_node_ogr_skrag_the_slaughterer_magic_1_3,wh3_main_skill_ogr_magic_great_maw_04_bonecrusher_lord,2,wh3_main_effect_ability_wom_cost_bonecrusher,data/skill_trees/characters/ogre_kingdoms/Skrag_the_Slaughterer.csv,219,wh3_main_spell_great_maw_bonecrusher,ability_bindings,data/effect_semantics/source_exports/db/effect_bonus_value_unit_ability_junctions_tables/data__.tsv,4773,cost_mod,ability,wh3_main_spell_great_maw_bonecrusher
wh3_main_ogr_skrag_the_slaughterer,wh3_main_skill_node_set_ogr_skrag_the_slaughterer,wh3_main_skill_node_ogr_skrag_the_slaughterer_magic_1_3,wh3_main_skill_ogr_magic_great_maw_04_bonecrusher_lord,2,wh3_main_effect_ability_wom_cost_bonecrusher_upgraded,data/skill_trees/characters/ogre_kingdoms/Skrag_the_Slaughterer.csv,220,wh3_main_spell_great_maw_bonecrusher_upgraded,ability_bindings,data/effect_semantics/source_exports/db/effect_bonus_value_unit_ability_junctions_tables/data__.tsv,4772,cost_mod,ability,wh3_main_spell_great_maw_bonecrusher_upgraded
wh3_main_ogr_skrag_the_slaughterer,wh3_main_skill_node_set_ogr_skrag_the_slaughterer,wh3_dlc26_skill_node_ogr_skrag_the_slaughterer_unique_5,wh3_main_skill_ogr_skrag_unique_the_maw_devours,1,wh3_main_effect_ability_wom_cost_the_maw,data/skill_trees/characters/ogre_kingdoms/Skrag_the_Slaughterer.csv,232,wh3_main_spell_great_maw_the_maw,ability_bindings,data/effect_semantics/source_exports/db/effect_bonus_value_unit_ability_junctions_tables/data__.tsv,4842,cost_mod,ability,wh3_main_spell_great_maw_the_maw
wh3_main_ogr_skrag_the_slaughterer,wh3_main_skill_node_set_ogr_skrag_the_slaughterer,wh3_dlc26_skill_node_ogr_skrag_the_slaughterer_unique_5,wh3_main_skill_ogr_skrag_unique_the_maw_devours,1,wh3_main_effect_ability_wom_cost_the_maw_upgraded,data/skill_trees/characters/ogre_kingdoms/Skrag_the_Slaughterer.csv,233,wh3_main_spell_great_maw_the_maw_upgraded,ability_bindings,data/effect_semantics/source_exports/db/effect_bonus_value_unit_ability_junctions_tables/data__.tsv,4841,cost_mod,ability,wh3_main_spell_great_maw_the_maw_upgraded
wh3_main_ogr_skrag_the_slaughterer,wh3_main_skill_node_set_ogr_skrag_the_slaughterer,wh3_main_skill_node_ogr_skrag_the_slaughterer_magic_3_1,wh3_main_skill_ogr_magic_great_maw_07_trollguts_lord,1,wh3_main_effect_ability_cooldown_trollguts,data/skill_trees/characters/ogre_kingdoms/Skrag_the_Slaughterer.csv,246,wh3_main_spell_great_maw_trollguts,ability_bindings,data/effect_semantics/source_exports/db/effect_bonus_value_unit_ability_junctions_tables/data__.tsv,4205,recharge_mod,ability,wh3_main_spell_great_maw_trollguts
wh3_main_ogr_skrag_the_slaughterer,wh3_main_skill_node_set_ogr_skrag_the_slaughterer,wh3_main_skill_node_ogr_skrag_the_slaughterer_magic_3_1,wh3_main_skill_ogr_magic_great_maw_07_trollguts_lord,1,wh3_main_effect_ability_enable_trollguts,data/skill_trees/characters/ogre_kingdoms/Skrag_the_Slaughterer.csv,247,wh3_main_spell_great_maw_trollguts,ability_bindings,data/effect_semantics/source_exports/db/effect_bonus_value_unit_ability_junctions_tables/data__.tsv,4558,enable,ability,wh3_main_spell_great_maw_trollguts
wh3_main_ogr_skrag_the_slaughterer,wh3_main_skill_node_set_ogr_skrag_the_slaughterer,wh3_main_skill_node_ogr_skrag_the_slaughterer_magic_3_1,wh3_main_skill_ogr_magic_great_maw_07_trollguts_lord,1,wh3_main_effect_ability_overcast_trollguts,data/skill_trees/characters/ogre_kingdoms/Skrag_the_Slaughterer.csv,248,wh3_main_spell_great_maw_trollguts,ability_bindings,data/effect_semantics/source_exports/db/effect_bonus_value_unit_ability_junctions_tables/data__.tsv,4738,enable_overchage,ability,wh3_main_spell_great_maw_trollguts
wh3_main_ogr_skrag_the_slaughterer,wh3_main_skill_node_set_ogr_skrag_the_slaughterer,wh3_main_skill_node_ogr_skrag_the_slaughterer_magic_3_1,wh3_main_skill_ogr_magic_great_maw_07_trollguts_lord,1,wh3_main_effect_ability_overcast_trollguts,data/skill_trees/characters/ogre_kingdoms/Skrag_the_Slaughterer.csv,248,wh3_main_spell_great_maw_trollguts,ability_bindings,data/effect_semantics/source_exports/db/effect_bonus_value_unit_ability_junctions_tables/data__.tsv,4739,enable,ability,wh3_main_spell_great_maw_trollguts
wh3_main_ogr_skrag_the_slaughterer,wh3_main_skill_node_set_ogr_skrag_the_slaughterer,wh3_main_skill_node_ogr_skrag_the_slaughterer_magic_3_1,wh3_main_skill_ogr_magic_great_maw_07_trollguts_lord,2,wh3_main_effect_ability_cooldown_trollguts,data/skill_trees/characters/ogre_kingdoms/Skrag_the_Slaughterer.csv,249,wh3_main_spell_great_maw_trollguts,ability_bindings,data/effect_semantics/source_exports/db/effect_bonus_value_unit_ability_junctions_tables/data__.tsv,4205,recharge_mod,ability,wh3_main_spell_great_maw_trollguts
wh3_main_ogr_skrag_the_slaughterer,wh3_main_skill_node_set_ogr_skrag_the_slaughterer,wh3_main_skill_node_ogr_skrag_the_slaughterer_magic_3_1,wh3_main_skill_ogr_magic_great_maw_07_trollguts_lord,2,wh3_main_effect_ability_miscast_trollguts_upgraded,data/skill_trees/characters/ogre_kingdoms/Skrag_the_Slaughterer.csv,250,wh3_main_spell_great_maw_trollguts_upgraded,ability_bindings,data/effect_semantics/source_exports/db/effect_bonus_value_unit_ability_junctions_tables/data__.tsv,4630,miscast_percentage_mod,ability,wh3_main_spell_great_maw_trollguts_upgraded
wh3_main_ogr_skrag_the_slaughterer,wh3_main_skill_node_set_ogr_skrag_the_slaughterer,wh3_main_skill_node_ogr_skrag_the_slaughterer_magic_3_1,wh3_main_skill_ogr_magic_great_maw_07_trollguts_lord,2,wh3_main_effect_ability_overcast_trollguts,data/skill_trees/characters/ogre_kingdoms/Skrag_the_Slaughterer.csv,251,wh3_main_spell_great_maw_trollguts,ability_bindings,data/effect_semantics/source_exports/db/effect_bonus_value_unit_ability_junctions_tables/data__.tsv,4738,enable_overchage,ability,wh3_main_spell_great_maw_trollguts
wh3_main_ogr_skrag_the_slaughterer,wh3_main_skill_node_set_ogr_skrag_the_slaughterer,wh3_main_skill_node_ogr_skrag_the_slaughterer_magic_3_1,wh3_main_skill_ogr_magic_great_maw_07_trollguts_lord,2,wh3_main_effect_ability_overcast_trollguts,data/skill_trees/characters/ogre_kingdoms/Skrag_the_Slaughterer.csv,251,wh3_main_spell_great_maw_trollguts,ability_bindings,data/effect_semantics/source_exports/db/effect_bonus_value_unit_ability_junctions_tables/data__.tsv,4739,enable,ability,wh3_main_spell_great_maw_trollguts
wh3_main_ogr_skrag_the_slaughterer,wh3_main_skill_node_set_ogr_skrag_the_slaughterer,wh3_main_skill_node_ogr_skrag_the_slaughterer_magic_3_1,wh3_main_skill_ogr_magic_great_maw_07_trollguts_lord,2,wh3_main_effect_ability_wom_cost_trollguts,data/skill_trees/characters/ogre_kingdoms/Skrag_the_Slaughterer.csv,252,wh3_main_spell_great_maw_trollguts,ability_bindings,data/effect_semantics/source_exports/db/effect_bonus_value_unit_ability_junctions_tables/data__.tsv,4848,cost_mod,ability,wh3_main_spell_great_maw_trollguts
wh3_main_ogr_skrag_the_slaughterer,wh3_main_skill_node_set_ogr_skrag_the_slaughterer,wh3_main_skill_node_ogr_skrag_the_slaughterer_magic_3_1,wh3_main_skill_ogr_magic_great_maw_07_trollguts_lord,2,wh3_main_effect_ability_wom_cost_trollguts_upgraded,data/skill_trees/characters/ogre_kingdoms/Skrag_the_Slaughterer.csv,253,wh3_main_spell_great_maw_trollguts_upgraded,ability_bindings,data/effect_semantics/source_exports/db/effect_bonus_value_unit_ability_junctions_tables/data__.tsv,4847,cost_mod,ability,wh3_main_spell_great_maw_trollguts_upgraded
wh3_main_ogr_skrag_the_slaughterer,wh3_main_skill_node_set_ogr_skrag_the_slaughterer,wh3_main_skill_node_ogr_skrag_the_slaughterer_magic_3_2,wh3_main_skill_ogr_magic_great_maw_08_the_maw_lord,1,wh3_main_effect_ability_cooldown_the_maw,data/skill_trees/characters/ogre_kingdoms/Skrag_the_Slaughterer.csv,272,wh3_main_spell_great_maw_the_maw,ability_bindings,data/effect_semantics/source_exports/db/effect_bonus_value_unit_ability_junctions_tables/data__.tsv,4201,recharge_mod,ability,wh3_main_spell_great_maw_the_maw
wh3_main_ogr_skrag_the_slaughterer,wh3_main_skill_node_set_ogr_skrag_the_slaughterer,wh3_main_skill_node_ogr_skrag_the_slaughterer_magic_3_2,wh3_main_skill_ogr_magic_great_maw_08_the_maw_lord,1,wh3_main_effect_ability_enable_the_maw,data/skill_trees/characters/ogre_kingdoms/Skrag_the_Slaughterer.csv,273,wh3_main_spell_great_maw_the_maw,ability_bindings,data/effect_semantics/source_exports/db/effect_bonus_value_unit_ability_junctions_tables/data__.tsv,4553,enable,ability,wh3_main_spell_great_maw_the_maw
wh3_main_ogr_skrag_the_slaughterer,wh3_main_skill_node_set_ogr_skrag_the_slaughterer,wh3_main_skill_node_ogr_skrag_the_slaughterer_magic_3_2,wh3_main_skill_ogr_magic_great_maw_08_the_maw_lord,1,wh3_main_effect_ability_overcast_the_maw,data/skill_trees/characters/ogre_kingdoms/Skrag_the_Slaughterer.csv,274,wh3_main_spell_great_maw_the_maw,ability_bindings,data/effect_semantics/source_exports/db/effect_bonus_value_unit_ability_junctions_tables/data__.tsv,4732,enable_overchage,ability,wh3_main_spell_great_maw_the_maw
wh3_main_ogr_skrag_the_slaughterer,wh3_main_skill_node_set_ogr_skrag_the_slaughterer,wh3_main_skill_node_ogr_skrag_the_slaughterer_magic_3_2,wh3_main_skill_ogr_magic_great_maw_08_the_maw_lord,1,wh3_main_effect_ability_overcast_the_maw,data/skill_trees/characters/ogre_kingdoms/Skrag_the_Slaughterer.csv,274,wh3_main_spell_great_maw_the_maw,ability_bindings,data/effect_semantics/source_exports/db/effect_bonus_value_unit_ability_junctions_tables/data__.tsv,4733,enable,ability,wh3_main_spell_great_maw_the_maw
wh3_main_ogr_skrag_the_slaughterer,wh3_main_skill_node_set_ogr_skrag_the_slaughterer,wh3_main_skill_node_ogr_skrag_the_slaughterer_magic_3_2,wh3_main_skill_ogr_magic_great_maw_08_the_maw_lord,2,wh3_main_effect_ability_cooldown_the_maw,data/skill_trees/characters/ogre_kingdoms/Skrag_the_Slaughterer.csv,275,wh3_main_spell_great_maw_the_maw,ability_bindings,data/effect_semantics/source_exports/db/effect_bonus_value_unit_ability_junctions_tables/data__.tsv,4201,recharge_mod,ability,wh3_main_spell_great_maw_the_maw
wh3_main_ogr_skrag_the_slaughterer,wh3_main_skill_node_set_ogr_skrag_the_slaughterer,wh3_main_skill_node_ogr_skrag_the_slaughterer_magic_3_2,wh3_main_skill_ogr_magic_great_maw_08_the_maw_lord,2,wh3_main_effect_ability_miscast_the_maw_upgraded,data/skill_trees/characters/ogre_kingdoms/Skrag_the_Slaughterer.csv,276,wh3_main_spell_great_maw_the_maw_upgraded,ability_bindings,data/effect_semantics/source_exports/db/effect_bonus_value_unit_ability_junctions_tables/data__.tsv,4627,miscast_percentage_mod,ability,wh3_main_spell_great_maw_the_maw_upgraded
wh3_main_ogr_skrag_the_slaughterer,wh3_main_skill_node_set_ogr_skrag_the_slaughterer,wh3_main_skill_node_ogr_skrag_the_slaughterer_magic_3_2,wh3_main_skill_ogr_magic_great_maw_08_the_maw_lord,2,wh3_main_effect_ability_overcast_the_maw,data/skill_trees/characters/ogre_kingdoms/Skrag_the_Slaughterer.csv,277,wh3_main_spell_great_maw_the_maw,ability_bindings,data/effect_semantics/source_exports/db/effect_bonus_value_unit_ability_junctions_tables/data__.tsv,4732,enable_overchage,ability,wh3_main_spell_great_maw_the_maw
wh3_main_ogr_skrag_the_slaughterer,wh3_main_skill_node_set_ogr_skrag_the_slaughterer,wh3_main_skill_node_ogr_skrag_the_slaughterer_magic_3_2,wh3_main_skill_ogr_magic_great_maw_08_the_maw_lord,2,wh3_main_effect_ability_overcast_the_maw,data/skill_trees/characters/ogre_kingdoms/Skrag_the_Slaughterer.csv,277,wh3_main_spell_great_maw_the_maw,ability_bindings,data/effect_semantics/source_exports/db/effect_bonus_value_unit_ability_junctions_tables/data__.tsv,4733,enable,ability,wh3_main_spell_great_maw_the_maw
wh3_main_ogr_skrag_the_slaughterer,wh3_main_skill_node_set_ogr_skrag_the_slaughterer,wh3_main_skill_node_ogr_skrag_the_slaughterer_magic_3_2,wh3_main_skill_ogr_magic_great_maw_08_the_maw_lord,2,wh3_main_effect_ability_wom_cost_the_maw,data/skill_trees/characters/ogre_kingdoms/Skrag_the_Slaughterer.csv,278,wh3_main_spell_great_maw_the_maw,ability_bindings,data/effect_semantics/source_exports/db/effect_bonus_value_unit_ability_junctions_tables/data__.tsv,4842,cost_mod,ability,wh3_main_spell_great_maw_the_maw
wh3_main_ogr_skrag_the_slaughterer,wh3_main_skill_node_set_ogr_skrag_the_slaughterer,wh3_main_skill_node_ogr_skrag_the_slaughterer_magic_3_2,wh3_main_skill_ogr_magic_great_maw_08_the_maw_lord,2,wh3_main_effect_ability_wom_cost_the_maw_upgraded,data/skill_trees/characters/ogre_kingdoms/Skrag_the_Slaughterer.csv,279,wh3_main_spell_great_maw_the_maw_upgraded,ability_bindings,data/effect_semantics/source_exports/db/effect_bonus_value_unit_ability_junctions_tables/data__.tsv,4841,cost_mod,ability,wh3_main_spell_great_maw_the_maw_upgraded
wh3_main_ogr_skrag_the_slaughterer,wh3_main_skill_node_set_ogr_skrag_the_slaughterer,wh3_main_skill_node_ogr_skrag_the_slaughterer_army_2,wh_main_skill_all_lord_battle_rally,1,wh_main_effect_ability_enable_rally,data/skill_trees/characters/ogre_kingdoms/Skrag_the_Slaughterer.csv,281,wh_main_character_abilities_rally,ability_bindings,data/effect_semantics/source_exports/db/effect_bonus_value_unit_ability_junctions_tables/data__.tsv,5528,enable,ability,wh_main_character_abilities_rally
wh3_main_ogr_skrag_the_slaughterer,wh3_main_skill_node_set_ogr_skrag_the_slaughterer,wh3_main_skill_node_ogr_skrag_the_slaughterer_magic_4,wh3_main_skill_ogr_magic_all_11_extra_ingredients,1,wh3_main_effect_ability_enable_extra_ingredients,data/skill_trees/characters/ogre_kingdoms/Skrag_the_Slaughterer.csv,307,wh3_main_character_abilities_extra_ingredients,ability_bindings,data/effect_semantics/source_exports/db/effect_bonus_value_unit_ability_junctions_tables/data__.tsv,4377,enable,ability,wh3_main_character_abilities_extra_ingredients
wh3_main_ogr_skrag_the_slaughterer,wh3_main_skill_node_set_ogr_skrag_the_slaughterer,wh3_main_skill_node_ogr_skrag_the_slaughterer_magic_dummy,wh3_main_skill_ogr_magic_great_maw_dummy_bullgorger_braingobbler,1,wh3_main_effect_ability_enable_braingobbler,data/skill_trees/characters/ogre_kingdoms/Skrag_the_Slaughterer.csv,319,wh3_main_spell_great_maw_braingobbler,ability_bindings,data/effect_semantics/source_exports/db/effect_bonus_value_unit_ability_junctions_tables/data__.tsv,4335,enable,ability,wh3_main_spell_great_maw_braingobbler
wh3_main_ogr_skrag_the_slaughterer,wh3_main_skill_node_set_ogr_skrag_the_slaughterer,wh3_main_skill_node_ogr_skrag_the_slaughterer_magic_dummy,wh3_main_skill_ogr_magic_great_maw_dummy_bullgorger_braingobbler,1,wh3_main_effect_ability_enable_bullgorger,data/skill_trees/characters/ogre_kingdoms/Skrag_the_Slaughterer.csv,320,wh3_main_spell_great_maw_bullgorger,ability_bindings,data/effect_semantics/source_exports/db/effect_bonus_value_unit_ability_junctions_tables/data__.tsv,4337,enable,ability,wh3_main_spell_great_maw_bullgorger
wh3_main_ogr_skrag_the_slaughterer,wh3_main_skill_node_set_ogr_skrag_the_slaughterer,wh3_main_skill_node_ogr_skrag_the_slaughterer_army_4,wh_dlc08_skill_nor_lords_battle_fight_or_die,1,wh_dlc08_effect_ability_enable_fight_or_die,data/skill_trees/characters/ogre_kingdoms/Skrag_the_Slaughterer.csv,326,wh_dlc08_lord_abilities_fight_or_die,ability_bindings,data/effect_semantics/source_exports/db/effect_bonus_value_unit_ability_junctions_tables/data__.tsv,5235,enable,ability,wh_dlc08_lord_abilities_fight_or_die
wh3_main_ogr_skrag_the_slaughterer,wh3_main_skill_node_set_ogr_skrag_the_slaughterer,wh3_main_skill_node_ogr_skrag_the_slaughterer_army_4,wh_dlc08_skill_nor_lords_battle_fight_or_die,1,wh_main_effect_ability_disable_rally,data/skill_trees/characters/ogre_kingdoms/Skrag_the_Slaughterer.csv,327,wh_main_character_abilities_rally,ability_bindings,data/effect_semantics/source_exports/db/effect_bonus_value_unit_ability_junctions_tables/data__.tsv,5405,disable,ability,wh_main_character_abilities_rally
